變數名稱,說明,單位,00:10:00,00:20:00,00:30:00,00:40:00,00:50:00,01:00:00,01:10:00,01:20:00,01:30:00,01:40:00,01:50:00,02:00:00,02:10:00,02:20:00,02:30:00,02:40:00,02:50:00,03:00:00,03:10:00,03:20:00,03:30:00,03:40:00,03:50:00,04:00:00,04:10:00,04:20:00,04:30:00,04:40:00,04:50:00,05:00:00,05:10:00,05:20:00,05:30:00,05:40:00,05:50:00,06:00:00,06:10:00,06:20:00,06:30:00,06:40:00,06:50:00,07:00:00,07:10:00,07:20:00,07:30:00,07:40:00,07:50:00,08:00:00,08:10:00,08:20:00,08:30:00,08:40:00,08:50:00,09:00:00,09:10:00,09:20:00,09:30:00,09:40:00,09:50:00,10:00:00,10:10:00,10:20:00,10:30:00,10:40:00,10:50:00,11:00:00,11:10:00,11:20:00,11:30:00,11:40:00,11:50:00,12:00:00,12:10:00,12:20:00,12:30:00,12:40:00,12:50:00,13:00:00,13:10:00,13:20:00,13:30:00,13:40:00,13:50:00,14:00:00,14:10:00,14:20:00,14:30:00,14:40:00,14:50:00,15:00:00,15:10:00,15:20:00,15:30:00,15:40:00,15:50:00,16:00:00,16:10:00,16:20:00,16:30:00,16:40:00,16:50:00,17:00:00,17:10:00,17:20:00,17:30:00,17:40:00,17:50:00,18:00:00,18:10:00,18:20:00,18:30:00,18:40:00,18:50:00,19:00:00,19:10:00,19:20:00,19:30:00,19:40:00,19:50:00,20:00:00,20:10:00,20:20:00,20:30:00,20:40:00,20:50:00,21:00:00,21:10:00,21:20:00,21:30:00,21:40:00,21:50:00,22:00:00,22:10:00,22:20:00,22:30:00,22:40:00,22:50:00,23:00:00,23:10:00,23:20:00,23:30:00,23:40:00,23:50:00,00:00:00
7F-CH-1.ST,(CH1出水溫度     ),DEG C,9.5,10.2,10.9,11.5,12.1,12.6,13.0,13.5,13.9,14.2,9.0,7.3,10.5,11.4,12.1,12.7,13.3,13.7,14.1,14.4,14.7,15.0,15.3,15.6,15.7,15.9,16.1,16.3,16.5,16.6,16.8,17.1,17.3,17.5,17.7,17.9,16.7,16.9,17.2,17.5,17.3,17.5,17.8,18.0,18.3,18.2,16.7,15.4,14.3,13.3,12.6,11.9,11.4,11.2,11.0,11.4,11.6,12.3,8.6,7.6,7.0,7.4,7.3,7.6,8.0,7.9,8.1,8.4,8.6,8.8,8.8,8.7,8.7,8.8,8.7,8.7,8.9,8.8,8.7,8.7,8.7,8.7,8.7,8.6,8.6,8.8,8.7,8.6,8.5,8.6,8.4,8.3,8.4,8.4,8.3,8.2,8.2,8.3,8.2,8.1,8.0,8.0,7.9,7.9,8.0,7.8,7.9,7.9,7.8,7.8,7.6,7.7,7.6,7.7,7.6,7.7,7.6,7.6,7.6,7.5,7.4,,,,,,,,,,,,,,,,,,,,,,,
7F-CH-2.ST,(CH2出水溫度     ),DEG C,9.5,10.3,10.9,11.6,12.2,12.7,13.1,13.5,14.0,14.3,14.4,12.2,10.7,11.6,12.4,13.0,13.5,13.9,14.3,14.6,15.0,15.3,15.6,15.8,16.0,16.2,16.3,16.5,16.7,16.9,17.0,17.3,17.5,17.8,18.0,18.2,17.1,17.2,17.5,17.8,17.4,17.7,18.0,18.3,18.5,18.3,16.8,15.6,14.5,13.5,12.8,12.1,11.6,11.4,11.3,11.6,11.8,12.5,13.3,12.4,11.7,11.9,12.0,12.5,12.8,12.8,13.0,13.3,13.5,13.7,13.7,13.6,13.6,13.7,13.6,13.6,13.7,13.6,13.6,13.6,13.6,13.5,13.6,13.5,13.5,13.6,13.7,13.5,13.5,13.5,13.3,13.2,13.2,13.3,13.2,13.1,13.0,13.1,13.1,12.9,12.9,12.8,12.8,12.7,12.8,12.7,12.7,12.7,12.7,12.6,12.5,12.6,12.5,12.6,12.5,12.6,12.4,12.4,12.4,12.3,12.2,,,,,,,,,,,,,,,,,,,,,,,
7F-CH-3.ST,(CH3出水溫度     ),DEG C,9.5,10.2,10.9,11.5,12.1,12.6,13.0,13.5,13.9,14.2,14.4,12.3,10.6,11.5,12.3,12.9,13.4,13.8,14.2,14.5,14.9,15.2,15.5,15.7,15.9,16.1,16.3,16.4,16.6,16.8,16.9,17.2,17.4,17.7,17.9,18.1,17.0,17.1,17.4,17.7,17.4,17.7,17.9,18.2,18.4,18.2,16.8,15.5,14.4,13.5,12.7,12.1,11.6,11.3,11.2,11.5,11.7,12.4,13.2,12.3,11.6,11.8,12.0,12.4,12.7,12.7,12.9,13.2,13.4,13.6,13.6,13.5,13.5,13.6,13.5,13.6,13.6,13.5,13.5,13.5,13.5,13.5,13.5,13.4,13.4,13.5,13.6,13.4,13.4,13.4,13.2,13.1,13.2,13.2,13.1,13.0,13.0,13.1,13.0,12.8,12.8,12.8,12.7,12.7,12.7,12.6,12.6,12.6,12.6,12.6,12.4,12.5,12.4,12.5,12.4,12.5,12.4,12.3,12.3,12.3,12.2,,,,,,,,,,,,,,,,,,,,,,,
7F-CH-4.ST,(CH4出水溫度     ),DEG C,9.3,10.0,10.7,11.3,11.9,12.4,12.8,13.3,13.7,14.1,13.9,11.8,10.4,11.3,12.1,12.7,13.2,13.6,14.0,14.3,14.7,15.0,15.3,15.5,15.7,15.9,16.0,16.2,16.4,16.6,16.7,17.0,17.2,17.5,17.7,17.9,16.9,17.0,17.2,17.5,17.1,17.4,17.7,18.0,18.3,14.2,12.7,11.5,10.5,9.3,8.8,8.2,7.8,7.5,7.7,7.8,7.9,8.5,9.2,8.3,7.6,8.0,8.0,8.5,8.8,8.7,9.0,9.2,9.3,9.6,9.6,9.5,9.4,9.6,9.5,9.5,9.6,9.5,9.5,9.4,9.5,9.4,9.5,9.3,9.4,9.5,9.5,9.4,9.3,9.4,9.2,9.1,9.1,9.2,9.1,9.0,8.9,9.0,8.9,8.8,8.8,8.7,8.7,8.6,8.7,8.6,8.6,8.6,8.5,8.5,8.4,8.5,8.4,8.5,8.4,8.5,8.3,8.3,8.3,8.2,8.2,,,,,,,,,,,,,,,,,,,,,,,
7F-CH-5.ST,(CH5出水溫度     ),DEG C,9.3,10.0,10.7,11.3,11.9,12.4,12.9,13.3,13.7,14.1,14.3,12.1,10.5,11.4,12.1,12.8,13.3,13.7,14.1,14.4,14.8,15.1,15.4,15.6,15.8,16.0,16.1,16.3,16.5,16.7,16.8,17.1,17.3,17.6,17.8,18.0,16.9,17.0,17.3,17.6,17.2,17.5,17.8,18.1,18.3,18.2,16.6,15.4,14.3,13.4,12.6,12.0,11.5,11.2,11.1,11.5,11.7,12.5,9.9,7.9,7.6,7.6,7.6,8.0,8.3,8.2,8.5,8.6,8.7,9.0,9.0,8.9,8.8,9.0,9.0,8.9,9.0,8.9,8.9,8.8,8.9,8.9,9.0,8.8,8.8,9.0,8.9,8.8,8.7,8.7,8.6,8.5,8.5,8.6,8.5,8.4,8.3,8.4,8.4,8.2,8.1,8.1,8.1,8.0,8.1,7.9,8.1,8.0,7.9,7.9,7.8,7.9,7.8,7.8,7.8,7.9,7.8,7.7,7.8,7.6,7.6,,,,,,,,,,,,,,,,,,,,,,,
7F-CH.ST,(冰水總出水溫度  ),DEG C,9.4,10.1,10.8,11.4,12.0,12.5,12.9,13.4,13.8,14.1,11.2,10.0,10.4,11.4,12.1,12.7,13.2,13.6,14.0,14.4,14.7,15.0,15.3,15.6,15.7,15.9,16.1,16.3,16.4,16.6,16.8,17.0,17.3,17.5,17.7,17.9,16.7,16.9,17.2,17.5,17.3,17.5,17.8,18.1,18.3,16.7,15.1,13.9,12.8,11.8,11.1,10.5,10.0,9.8,9.8,10.1,10.4,11.2,10.2,8.9,8.3,8.7,8.6,8.9,9.3,9.3,9.5,9.8,9.9,10.2,10.1,10.0,10.0,10.2,10.0,10.1,10.1,10.1,10.0,10.0,10.0,10.0,10.0,9.9,9.9,10.1,10.1,9.9,9.8,10.0,9.7,9.6,9.6,9.8,9.6,9.5,9.5,9.6,9.5,9.4,9.3,9.3,9.2,9.2,9.2,9.1,9.1,9.2,9.1,9.1,8.9,9.0,8.9,9.0,8.9,9.0,8.8,8.9,8.9,8.7,8.7,,,,,,,,,,,,,,,,,,,,,,,
7F-CH-1.RT,(CH1回水溫度     ),,9.5,10.3,11.0,11.6,12.2,12.6,13.1,13.5,13.9,14.3,13.9,11.7,10.6,11.5,12.2,12.9,13.4,13.8,14.2,14.5,14.8,15.1,15.4,15.7,15.9,16.0,16.2,16.4,16.6,16.7,16.9,17.2,17.4,17.6,17.8,18.0,17.1,17.1,17.4,17.7,17.3,17.6,17.9,18.2,18.4,18.1,16.7,15.5,14.3,13.4,12.6,12.0,11.5,11.2,11.1,11.5,11.7,12.4,13.2,12.2,11.5,11.8,11.9,12.4,12.7,12.6,12.9,13.2,13.4,13.6,13.6,13.5,13.5,13.5,13.5,13.5,13.6,13.5,13.5,13.4,13.5,13.4,13.5,13.4,13.4,13.5,13.5,13.4,13.3,13.3,13.2,13.1,13.1,13.2,13.1,13.0,12.9,13.0,12.9,12.8,12.8,12.7,12.7,12.6,12.7,12.6,12.6,12.6,12.5,12.5,12.4,12.4,12.4,12.4,12.4,12.5,12.3,12.3,12.3,12.2,12.1,,,,,,,,,,,,,,,,,,,,,,,
7F-CH-2.RT,(CH2回水溫度     ),,9.6,10.4,11.1,11.7,12.3,12.7,13.2,13.6,14.0,14.4,14.1,11.7,10.8,11.7,12.4,13.0,13.5,14.0,14.3,14.7,15.0,15.3,15.6,15.9,16.0,16.2,16.4,16.6,16.7,16.9,17.1,17.4,17.6,17.8,18.0,18.2,17.4,17.3,17.6,17.8,17.3,17.7,18.0,18.3,18.6,18.1,16.8,15.6,14.5,13.5,12.7,12.1,11.6,11.3,11.3,11.6,11.8,12.6,13.3,12.3,11.6,12.0,12.0,12.6,12.8,12.7,13.1,13.3,13.5,13.7,13.7,13.6,13.6,13.7,13.6,13.7,13.7,13.6,13.6,13.6,13.6,13.5,13.6,13.5,13.5,13.6,13.7,13.5,13.5,13.5,13.3,13.2,13.2,13.3,13.2,13.1,13.0,13.1,13.1,12.9,12.9,12.8,12.8,12.6,12.8,12.7,12.8,12.7,12.7,12.7,12.5,12.6,12.5,12.6,12.5,12.6,12.4,12.4,12.4,12.3,12.3,,,,,,,,,,,,,,,,,,,,,,,
7F-CH-3.RT,(CH3回水溫度     ),,9.5,10.3,11.0,11.6,12.2,12.7,13.1,13.5,13.9,14.3,14.1,11.8,10.7,11.6,12.3,13.0,13.5,13.9,14.2,14.6,14.9,15.2,15.5,15.8,15.9,16.1,16.3,16.5,16.7,16.8,17.0,17.3,17.5,17.7,17.9,18.1,17.2,17.3,17.5,17.7,17.3,17.6,18.0,18.2,18.5,18.1,16.7,15.5,14.4,13.4,12.7,12.0,11.6,11.3,11.2,11.5,11.8,12.5,13.2,12.3,11.6,11.9,12.0,12.5,12.8,12.7,13.0,13.2,13.4,13.7,13.6,13.5,13.5,13.6,13.6,13.6,13.7,13.5,13.5,13.5,13.5,13.5,13.6,13.4,13.4,13.6,13.6,13.4,13.4,13.4,13.2,13.1,13.2,13.2,13.1,13.0,13.0,13.1,13.0,12.8,12.9,12.8,12.7,12.6,12.7,12.6,12.7,12.6,12.6,12.6,12.4,12.5,12.4,12.5,12.4,12.6,12.4,12.4,12.4,12.3,12.2,,,,,,,,,,,,,,,,,,,,,,,
7F-CH-4.RT,(CH4回水溫度     ),,9.6,10.4,11.0,11.6,12.2,12.7,13.2,13.6,14.0,14.3,14.0,11.6,10.8,11.6,12.4,13.0,13.5,13.9,14.3,14.6,14.9,15.2,15.5,15.8,16.0,16.1,16.3,16.5,16.7,16.8,17.0,17.3,17.5,17.7,17.9,18.1,17.3,17.3,17.5,17.8,17.3,17.6,18.0,18.3,18.5,18.1,16.7,15.5,14.4,13.4,12.7,12.1,11.6,11.3,11.2,11.6,11.8,12.6,13.3,12.3,11.6,11.9,12.0,12.6,12.8,12.7,13.0,13.3,13.4,13.7,13.6,13.6,13.5,13.6,13.6,13.6,13.7,13.5,13.6,13.5,13.5,13.5,13.6,13.4,13.4,13.6,13.6,13.4,13.4,13.4,13.2,13.1,13.2,13.2,13.1,13.0,13.0,13.1,13.0,12.9,12.9,12.8,12.7,12.6,12.8,12.6,12.7,12.6,12.6,12.6,12.5,12.5,12.4,12.5,12.4,12.6,12.4,12.4,12.4,12.3,12.2,,,,,,,,,,,,,,,,,,,,,,,
7F-CH-5.RT,(CH5回水溫度     ),,9.4,10.2,10.8,11.5,12.0,12.5,13.0,13.4,13.8,14.2,13.9,11.5,10.6,11.5,12.2,12.8,13.3,13.7,14.1,14.5,14.8,15.1,15.4,15.6,15.8,16.0,16.2,16.3,16.5,16.7,16.8,17.2,17.3,17.6,17.8,18.0,17.1,17.1,17.3,17.6,17.1,17.5,17.8,18.1,18.3,17.9,16.6,15.3,14.2,13.3,12.5,11.9,11.5,11.1,11.1,11.5,11.8,12.5,13.2,12.2,11.6,11.9,11.9,12.5,12.7,12.6,12.9,13.1,13.2,13.5,13.5,13.4,13.3,13.4,13.4,13.4,13.5,13.3,13.4,13.3,13.3,13.3,13.4,13.2,13.2,13.4,13.5,13.3,13.2,13.2,13.1,12.9,12.9,13.0,13.0,12.8,12.8,12.9,12.9,12.7,12.6,12.6,12.6,12.4,12.5,12.4,12.6,12.5,12.4,12.4,12.3,12.4,12.2,12.3,12.3,12.4,12.2,12.2,12.2,12.1,12.0,,,,,,,,,,,,,,,,,,,,,,,
7F-CH.RT,(冰水總回水溫度  ),DEG C,9.4,10.1,10.8,11.4,12.0,12.5,12.9,13.4,13.8,14.1,13.6,11.0,10.6,11.4,12.1,12.8,13.3,13.7,14.0,14.4,14.7,15.0,15.3,15.6,15.7,15.9,16.1,16.3,16.4,16.6,16.8,17.1,17.3,17.5,17.7,17.9,17.2,17.1,17.3,17.5,16.3,17.3,17.7,17.9,18.2,17.6,16.4,15.2,14.1,13.1,12.3,11.5,11.0,10.7,10.6,10.7,10.9,11.5,12.4,11.3,10.4,11.1,11.3,11.5,12.0,12.0,12.6,13.2,13.6,13.6,13.3,13.5,13.6,13.6,13.3,13.6,13.7,13.2,13.3,13.4,13.6,13.3,13.3,13.3,13.5,13.5,13.4,13.4,13.5,13.3,13.0,13.0,13.3,13.1,12.9,12.9,13.1,13.1,12.7,12.8,13.1,12.8,12.5,12.5,13.0,12.7,12.4,12.4,12.8,12.7,12.2,12.3,12.7,12.6,12.2,12.3,12.4,12.4,12.1,12.1,12.1,,,,,,,,,,,,,,,,,,,,,,,
7F-CH-1.CHDT,(冰水溫差        ),DEG C,0.1,0.1,0.1,0.1,0.1,0.1,0.1,0.1,0.1,0.1,4.9,4.4,0.0,0.0,0.0,0.0,0.0,0.0,0.0,0.0,0.0,0.0,0.0,0.0,0.0,0.0,0.0,0.0,0.0,0.0,0.0,0.0,0.0,0.0,0.0,0.0,0.0,0.0,0.0,0.0,0.0,0.0,0.0,0.0,0.0,0.0,0.0,0.0,0.0,0.0,0.0,0.0,0.0,0.0,0.0,0.0,0.1,0.1,4.6,4.6,4.5,4.5,4.6,4.8,4.7,4.7,4.8,4.8,4.8,4.8,4.8,4.8,4.8,4.7,4.8,4.8,4.8,4.7,4.8,4.8,4.8,4.7,4.8,4.7,4.8,4.7,4.8,4.8,4.8,4.7,4.8,4.7,4.8,4.7,4.8,4.7,4.7,4.8,4.7,4.7,4.8,4.8,4.8,4.7,4.7,4.7,4.8,4.7,4.7,4.8,4.8,4.7,4.8,4.7,4.7,4.8,4.8,4.8,4.7,4.8,4.7,,,,,,,,,,,,,,,,,,,,,,,
7F-CH-2.CHDT,(冰水溫差        ),DEG C,0.0,0.0,0.0,0.0,0.0,0.0,0.0,0.0,0.0,0.0,0.0,0.0,0.0,0.0,0.0,0.0,0.0,0.0,0.0,0.0,0.0,0.0,0.0,0.0,0.0,0.0,0.0,0.0,0.0,0.0,0.0,0.0,0.0,0.0,0.0,0.0,0.0,0.0,0.0,0.0,0.0,0.0,0.0,0.0,0.0,0.0,0.0,0.0,0.0,0.0,0.0,0.0,0.0,0.0,0.0,0.0,0.0,0.0,0.0,0.0,0.0,0.0,0.0,0.0,0.0,0.0,0.0,0.0,0.0,0.0,0.0,0.0,0.0,0.0,0.0,0.0,0.0,0.0,0.0,0.0,0.0,0.0,0.0,0.0,0.0,0.0,0.0,0.0,0.0,0.0,0.0,0.0,0.0,0.0,0.0,0.0,0.0,0.0,0.0,0.0,0.0,0.0,0.0,0.0,0.0,0.0,0.0,0.0,0.0,0.0,0.0,0.0,0.0,0.0,0.0,0.0,0.0,0.0,0.0,0.0,0.0,,,,,,,,,,,,,,,,,,,,,,,
7F-CH-3.CHDT,(冰水溫差        ),DEG C,0.0,0.0,0.0,0.0,0.0,0.0,0.0,0.0,0.0,0.0,0.0,0.0,0.0,0.0,0.0,0.0,0.0,0.0,0.0,0.0,0.0,0.0,0.0,0.0,0.0,0.0,0.0,0.0,0.0,0.0,0.0,0.0,0.0,0.0,0.0,0.0,0.0,0.0,0.0,0.0,0.0,0.0,0.0,0.0,0.0,0.0,0.0,0.0,0.0,0.0,0.0,0.0,0.0,0.0,0.0,0.0,0.0,0.0,0.0,0.0,0.0,0.0,0.0,0.0,0.0,0.0,0.0,0.0,0.0,0.0,0.0,0.0,0.0,0.0,0.0,0.0,0.0,0.0,0.0,0.0,0.0,0.0,0.0,0.0,0.0,0.0,0.0,0.0,0.0,0.0,0.0,0.0,0.0,0.0,0.0,0.0,0.0,0.0,0.0,0.0,0.0,0.0,0.0,0.0,0.0,0.0,0.0,0.0,0.0,0.0,0.0,0.0,0.0,0.0,0.0,0.0,0.0,0.0,0.0,0.0,0.0,,,,,,,,,,,,,,,,,,,,,,,
7F-CH-4.CHDT,(冰水溫差        ),DEG C,0.0,0.0,0.0,0.0,0.0,0.0,0.0,0.0,0.0,0.0,0.0,0.0,0.0,0.0,0.0,0.0,0.0,0.0,0.0,0.0,0.0,0.0,0.0,0.0,0.0,0.0,0.0,0.0,0.0,0.0,0.0,0.0,0.0,0.0,0.0,0.0,0.0,0.0,0.0,0.0,0.0,0.0,0.0,0.2,0.3,3.8,4.0,4.0,4.0,4.1,3.9,3.9,3.8,3.7,3.5,3.8,3.9,4.0,4.0,4.0,4.0,3.9,4.0,4.1,4.0,4.0,4.1,4.0,4.1,4.1,4.1,4.1,4.1,4.0,4.1,4.1,4.1,4.0,4.1,4.1,4.1,4.0,4.1,4.1,4.1,4.0,4.1,4.0,4.1,4.0,4.1,4.0,4.1,4.0,4.1,4.0,4.1,4.1,4.1,4.1,4.1,4.0,4.1,4.0,4.1,4.1,4.1,4.0,4.1,4.1,4.1,4.1,4.1,4.0,4.1,4.1,4.1,4.0,4.0,4.1,4.0,,,,,,,,,,,,,,,,,,,,,,,
7F-CH-5.CHDT,(冰水溫差        ),DEG C,0.0,0.0,0.0,0.0,0.0,0.0,0.0,0.0,0.0,0.0,0.0,0.0,0.0,0.0,0.0,0.0,0.0,0.0,0.0,0.0,0.0,0.0,0.0,0.0,0.0,0.0,0.0,0.0,0.0,0.0,0.0,0.0,0.0,0.0,0.0,0.0,0.0,0.0,0.0,0.0,0.0,0.0,0.0,0.0,0.0,0.0,0.0,0.0,0.0,0.0,0.0,0.0,0.0,0.0,0.0,0.0,0.0, -0.0,3.3,4.4,3.9,4.2,4.3,4.5,4.5,4.4,4.4,4.5,4.5,4.5,4.5,4.5,4.5,4.4,4.5,4.5,4.5,4.4,4.5,4.5,4.5,4.4,4.5,4.4,4.4,4.4,4.5,4.4,4.5,4.5,4.5,4.4,4.5,4.4,4.5,4.4,4.4,4.4,4.4,4.4,4.5,4.4,4.5,4.4,4.5,4.5,4.5,4.4,4.5,4.5,4.5,4.5,4.5,4.5,4.5,4.5,4.4,4.4,4.4,4.5,4.4,,,,,,,,,,,,,,,,,,,,,,,
7F-CHSYS.CHDT,(冰水系統溫差    ),DEG C,0.0,0.0,0.0,0.0,0.0,0.0,0.0, -0.0, -0.0, -0.0,2.4,1.0,0.1,0.1,0.1,0.1,0.0,0.0,0.0,0.0,0.0,0.0,0.0, -0.0,0.0,0.0,0.0,0.0,0.0,0.0, -0.0,0.1,0.0,0.0, -0.0,0.0,0.5,0.2,0.1,0.0, -0.9, -0.2, -0.1, -0.1, -0.1,0.9,1.3,1.3,1.2,1.3,1.2,1.0,1.0,0.9,0.8,0.7,0.6,0.3,2.2,2.4,2.2,2.4,2.7,2.6,2.6,2.7,3.1,3.5,3.7,3.4,3.2,3.5,3.6,3.5,3.3,3.5,3.6,3.1,3.3,3.5,3.6,3.3,3.2,3.5,3.6,3.4,3.3,3.4,3.7,3.4,3.3,3.4,3.6,3.3,3.3,3.4,3.7,3.5,3.2,3.4,3.7,3.4,3.3,3.2,3.7,3.6,3.3,3.2,3.7,3.6,3.3,3.3,3.8,3.6,3.3,3.3,3.5,3.5,3.2,3.3,3.4,,,,,,,,,,,,,,,,,,,,,,,
7F-CH-1.FM,(CH1水流量       ),,5676,5691,5668,5662,5679,5728,5737,5680,5770,5735,5646,5820,1918,1898,1893,1894,1901,1877,1883,1875,1873,1899,1915,1933,1382,1339,1340,1322,1307,1311,1329,1331,1306,1321,1326,1637,2094,2072,2087,2084,2674,2658,2664,2036,2034,3015,3004,3039,3028,3028,2964,3123,3146,3189,3373,3241,6239,6114,6112,6045,5990,6214,6018,6021,6084,6062,6034,6083,6028,6182,6063,6061,6029,6160,6085,6030,6005,6132,6035,6025,6016,6094,6077,6027,6076,6121,6099,6043,6030,6143,6028,6111,6051,6116,5998,6081,5996,6039,6029,6086,6038,6053,6073,6149,6031,5996,6040,6087,5997,6018,5978,5982,6053,6052,6003,6037,6016,6050,6034,6011,6018,,,,,,,,,,,,,,,,,,,,,,,
7F-CH-2.FM,(CH2水流量       ),,823,837,843,843,864,864,876,884,876,879,893,2039,1849,1814,1839,1865,1854,1884,1884,1884,1889,1878,1909,1893,1143,1176,1165,1201,1199,1168,1153,1157,1170,1143,1165,1448,2137,2153,2143,2153,2978,2974,2973,2048,2040,3445,3392,3417,3385,3353,3334,3515,3499,3571,3768,3599,3196,2837,2912,2924,2642,3353,2884,2757,2945,3057,2856,2992,2878,3226,2903,2851,2893,3124,2853,2832,2882,3104,2842,2837,2893,3107,2896,2803,2873,3218,2843,3035,2878,3160,2826,2999,2887,3164,2837,2970,2845,2848,2790,3012,2823,3118,2806,3037,2870,2801,2817,3042,2876,2793,2785,2757,2810,2826,2748,2789,2789,2843,2789,2717,2990,,,,,,,,,,,,,,,,,,,,,,,
7F-CH-3.FM,(CH3水流量       ),, -1, -1,1, -1, -1, -1, -1, -1,1, -1,1,887,681,745,740,704,731,778,698,757,749,717,749,767, -1, -1, -1, -1, -1, -1, -1, -1, -1, -1, -3,699,1020,979,998,1001,1648,1640,1639,1060,985,2120,2074,1965,2004,1912,1948,2131,2040,2048,2326,2298,1926,1476,1579,1598,1274,1942,1728,1612,1587,1704,1437,1646,1549,1809,1573,1492,1598,1764,1540,1435,1498,1676,1479,1598,1449,1765,1487,1546,1478,1773,1601,1704,1553,1829,1509,1654,1435,1706,1584,1704,1570,1571,1581,1735,1412,1659,1514,1645,1467,1470,1609,1704,1510,1485,1506,1390,1496,1478,1524,1420,1524,1517,1632,1449,1689,,,,,,,,,,,,,,,,,,,,,,,
7F-CH-4.FM,(CH4水流量       ),,1760,1732,1770,1781,1828,1782,1759,1854,1882,1817,1856,2718,2484,2506,2392,2445,2562,2529,2434,2560,2540,2539,2567,2557,1829,1965,1882,1865,1926,1895,1868,1904,1904,1918,1951,2087,2817,2784,2773,2695,3506,3431,3492,7298,7332,7596,7654,7660,7546,7570,7495,7406,7473,7353,7532,7699,7479,7242,7251,7235,7114,7379,7189,7162,7271,7382,7274,7243,7320,7401,7471,7251,7321,7376,7226,7337,7187,7309,7174,7303,7346,7512,7304,7257,7293,7551,7274,7221,7418,7346,7326,7295,7309,7282,7328,7301,7195,7239,7224,7426,7285,7357,7165,7371,7232,7299,7409,7256,7378,7349,7371,7185,7224,7090,7271,7224,7282,7046,7248,7229,7299,,,,,,,,,,,,,,,,,,,,,,,
7F-CH-5.FM,(CH5水流量       ),,832,848,968,896,1021,940,881,1012,990,1037,1048,2043,1671,1724,1898,1765,1853,1829,1889,1821,1849,1970,1909,1770,1024,1201,924,1223,1214,971,1224,984,1340,896,1195,1456,2178,2129,2307,1898,2898,2948,3124,1971,2270,3460,3142,3378,3270,3146,3284,3349,3279,3285,3462,3289,2992,6653,6168,5899,5673,6151,5896,5773,6112,5849,5621,5779,6123,6185,6084,5762,5771,6206,6145,5892,6117,5846,5673,5778,5828,5723,6110,5760,5762,6178,5884,5707,6009,6098,5754,5760,5659,6146,5806,5899,6120,5481,5951,5953,5564,5809,5639,5887,5621,6020,5648,5715,5974,5998,5796,5903,5582,5982,5745,6034,5614,5584,5646,5737,5895,,,,,,,,,,,,,,,,,,,,,,,
7F-CH.FM,(冰水總流量      ),,9748,10130,9920,9724,9824,10113,9896,10003,9937,10058,10147,13488,9707,9710,9614,9690,9772,9765,9686,9484,9786,9783,9941,9941,6043,6094,6056,6087,6135,6077,6118,6180,5998,6156,5974,7215,9404,8542,8717,8600,14657,14138,14069,14650,14801,21687,21790,21415,21518,21632,21346,22192,21783,21889,23543,22460,24364,26905,26544,26929,25220,28170,26434,25681,26221,26540,26179,26692,25946,26778,26654,25117,26255,26575,26152,25464,25963,26585,26365,25227,25901,26616,25987,25365,26028,26822,26300,26389,25660,26681,26138,26513,25777,26396,26145,26678,25767,25764,26320,26678,25812,26399,25887,26437,25492,25568,25877,26540,25770,25743,25588,25798,25251,25877,25684,25949,25159,25832,25904,25812,26066,,,,,,,,,,,,,,,,,,,,,,,
7F-CW-1.ST,(CW1出水溫度     ),DEG C,25.1,23.6,23.3,23.2,23.1,23.1,23.1,23.1,23.2,23.1,31.2,33.4,27.1,26.6,26.6,26.6,26.6,26.6,26.6,26.6,26.6,26.7,26.7,26.7,26.7,26.7,26.7,26.7,26.6,26.6,26.6,26.6,26.6,26.6,26.6,26.6,26.6,26.6,26.6,26.5,26.5,26.5,26.5,26.5,26.5,26.5,26.5,26.5,26.4,26.4,26.4,26.4,26.4,26.4,26.4,26.4,25.8,23.7,31.9,33.6,33.2,33.3,33.5,33.3,33.7,33.7,33.7,33.7,33.9,34.0,34.0,33.8,33.6,33.7,33.5,33.5,33.8,33.4,33.7,33.7,33.7,33.7,33.5,33.8,33.8,34.0,33.9,33.7,33.7,33.6,33.4,33.5,33.6,33.6,33.7,33.5,33.5,33.7,33.8,33.7,33.4,33.3,33.2,33.2,33.2,33.3,33.6,33.5,33.5,33.5,33.4,33.5,33.5,33.5,33.5,33.4,33.3,33.2,33.1,33.3,33.1,,,,,,,,,,,,,,,,,,,,,,,
7F-CW-2.ST,(CW2出水溫度     ),DEG C,26.3,26.2,26.2,26.2,26.3,26.2,26.2,26.2,26.2,26.2,26.2,26.1,26.3,26.2,26.3,26.2,26.2,26.2,26.2,26.2,26.3,26.1,26.1,26.1,26.2,26.1,26.2,26.1,26.2,26.1,26.2,26.2,26.1,26.2,26.2,26.1,26.1,26.0,26.1,26.1,26.2,26.1,26.0,26.1,26.1,26.2,26.1,26.2,26.1,26.1,26.1,26.2,26.2,26.1,26.2,26.2,26.2,26.2,26.3,26.3,26.3,26.3,26.3,26.4,26.4,26.4,26.4,26.5,26.5,26.5,26.6,26.6,26.6,26.7,26.7,26.7,26.7,26.8,26.8,26.8,26.9,26.9,26.9,27.0,27.0,27.0,27.0,27.1,27.1,27.1,27.1,27.2,27.2,27.2,27.3,27.3,27.3,27.3,27.4,27.4,27.4,27.4,27.5,27.5,27.5,27.5,27.6,27.6,27.6,27.6,27.7,27.7,27.7,27.7,27.7,27.7,27.7,27.7,27.7,27.8,27.7,,,,,,,,,,,,,,,,,,,,,,,
7F-CW-3.ST,(CW3出水溫度     ),DEG C,27.9,27.9,27.9,27.9,27.8,27.8,27.8,27.8,27.8,27.8,27.8,27.8,27.8,27.8,27.8,27.8,27.8,27.7,27.7,27.7,27.7,27.7,27.7,27.7,27.7,27.7,27.7,27.7,27.7,27.7,27.7,27.6,27.6,27.6,27.6,27.6,27.6,27.6,27.6,27.6,27.6,27.6,27.6,27.6,27.5,27.5,27.5,27.5,27.5,27.5,27.5,27.5,27.5,27.5,27.4,27.4,27.4,27.4,27.4,27.4,27.4,27.4,27.4,27.4,27.4,27.4,27.4,27.4,27.4,27.4,27.4,27.4,27.5,27.5,27.5,27.5,27.5,27.5,27.5,27.5,27.6,27.6,27.6,27.6,27.6,27.6,27.6,27.7,27.7,27.7,27.7,27.7,27.7,27.7,27.8,27.8,27.8,27.8,27.8,27.8,27.9,27.9,27.9,27.9,27.9,27.9,27.9,27.9,28.0,28.0,28.0,28.0,28.0,28.0,28.0,28.0,28.0,28.0,28.1,28.1,28.1,,,,,,,,,,,,,,,,,,,,,,,
7F-CW-4.ST,(CW4出水溫度     ),DEG C,27.1,27.1,27.1,27.1,27.1,27.1,27.1,27.1,27.1,27.1,27.1,27.2,27.2,27.1,27.1,27.1,27.2,27.1,27.1,27.1,27.1,27.1,27.1,27.1,27.1,27.1,27.1,27.1,27.1,27.0,27.1,27.1,27.1,27.1,27.0,27.1,27.0,27.0,27.0,27.0,27.0,27.0,27.0,24.2,23.1,32.1,32.7,32.6,32.8,31.0,32.7,32.8,32.9,32.7,32.4,32.4,32.5,32.6,32.8,33.0,32.7,33.1,33.1,32.9,33.0,33.1,33.2,33.1,33.2,33.4,33.3,33.1,32.9,32.9,32.9,32.8,33.3,32.8,33.2,33.1,33.2,33.1,32.9,33.4,33.2,33.4,33.3,33.2,33.2,33.1,33.1,33.1,33.2,33.2,33.1,33.1,33.1,33.1,33.1,33.0,32.9,32.7,32.8,32.8,32.7,32.9,32.9,32.8,32.8,32.9,32.8,32.8,32.8,32.8,32.7,32.8,32.9,32.9,32.7,32.5,32.5,,,,,,,,,,,,,,,,,,,,,,,
7F-CW-5.ST,(CW5出水溫度     ),DEG C,27.7,27.7,27.7,27.7,27.7,27.7,27.7,27.7,27.7,27.7,27.7,27.7,27.7,27.7,27.7,27.7,27.6,27.6,27.6,27.6,27.6,27.6,27.6,27.6,27.6,27.6,27.6,27.5,27.5,27.5,27.5,27.5,27.5,27.5,27.5,27.5,27.4,27.4,27.4,27.4,27.4,27.4,27.4,27.4,27.4,27.4,27.4,27.5,27.6,27.6,27.7,27.7,27.7,27.8,27.8,27.8,27.8,23.9,25.1,31.8,31.5,31.7,32.2,32.2,32.2,32.3,32.6,32.6,32.5,32.5,32.5,32.4,32.3,32.3,32.5,32.2,32.4,32.4,32.3,32.2,32.4,32.3,32.5,32.4,32.4,32.7,32.5,32.3,32.1,32.0,32.0,32.0,32.0,32.0,32.1,31.9,32.0,32.0,31.9,31.9,31.9,31.8,31.8,31.8,31.8,31.8,31.8,31.8,31.8,31.8,31.8,31.8,31.7,31.8,31.8,31.9,31.8,31.8,31.7,31.5,31.5,,,,,,,,,,,,,,,,,,,,,,,
7F-CW.ST,(冷卻水總出水溫度),,25.1,23.6,23.3,23.2,23.1,23.1,23.1,23.1,23.2,23.1,31.2,33.4,0.0,0.0,0.0,0.0,0.0,0.0,0.0,0.0,0.0,0.0,0.0,0.0,0.0,0.0,0.0,0.0,0.0,0.0,0.0,0.0,0.0,0.0,0.0,0.0,0.0,0.0,0.0,0.0,0.0,0.0,0.0,24.2,23.1,32.1,32.7,32.6,32.8,31.0,32.7,32.8,32.9,32.7,32.4,32.4,29.2,26.7,29.9,32.8,32.4,32.7,32.9,32.8,33.0,33.0,33.2,33.1,33.2,33.3,33.3,33.1,32.9,33.0,33.0,32.8,33.2,32.9,33.1,33.0,33.1,33.0,33.0,33.2,33.2,33.4,33.2,33.1,33.0,32.9,32.8,32.9,33.0,32.9,33.0,32.8,32.9,32.9,33.0,32.9,32.7,32.6,32.6,32.6,32.6,32.7,32.8,32.7,32.7,32.7,32.7,32.7,32.7,32.7,32.7,32.7,32.7,32.6,32.5,32.5,32.4,,,,,,,,,,,,,,,,,,,,,,,
7F-CW-1.RT,(CW1回水溫度     ),,24.4,23.4,23.1,23.0,23.0,23.0,23.0,23.0,23.0,23.0,28.0,29.0,26.1,26.2,26.3,26.3,26.4,26.4,26.4,26.5,26.5,26.5,26.5,26.5,26.5,26.6,26.6,26.6,26.6,26.6,26.6,26.6,26.6,26.6,26.6,26.6,26.6,26.6,26.6,26.7,26.7,26.7,26.7,26.7,26.7,26.7,26.7,26.7,26.7,26.7,26.7,26.6,26.6,26.6,26.6,26.6,25.1,23.5,28.1,29.1,28.8,29.0,29.1,28.8,29.1,29.1,29.1,29.1,29.2,29.4,29.3,29.2,28.9,29.0,28.8,28.8,29.3,28.7,29.2,29.1,29.1,29.0,28.8,29.3,29.1,29.4,29.3,29.0,29.0,28.9,28.8,28.8,28.9,28.9,29.0,28.8,28.9,29.0,29.3,29.0,28.7,28.5,28.5,28.6,28.5,28.7,29.0,28.8,28.8,28.8,28.8,28.9,28.8,28.9,28.9,28.7,28.5,28.5,28.5,28.6,28.4,,,,,,,,,,,,,,,,,,,,,,,
7F-CW-2.RT,(CW2回水溫度     ),,30.1,30.0,30.0,30.0,30.0,30.0,30.0,29.9,29.9,29.9,29.9,29.9,29.8,29.8,29.8,29.8,29.8,29.8,29.7,29.7,29.7,29.7,29.6,29.6,29.6,29.6,29.5,29.5,29.5,29.5,29.4,29.4,29.4,29.4,29.3,29.3,29.3,29.3,29.3,29.2,29.2,29.2,29.2,29.1,29.1,29.1,29.1,29.0,29.0,29.0,29.0,28.9,28.9,28.9,28.9,28.9,28.8,28.8,28.8,28.8,28.8,28.7,28.7,28.7,28.7,28.7,28.7,28.7,28.7,28.7,28.7,28.7,28.7,28.7,28.7,28.7,28.7,28.7,28.7,28.8,28.8,28.8,28.8,28.8,28.8,28.8,28.9,28.9,28.9,28.9,28.9,28.9,28.9,28.9,28.9,29.0,29.0,29.0,29.0,29.0,29.0,29.1,29.1,29.1,29.1,29.1,29.1,29.1,29.2,29.2,29.2,29.2,29.2,29.2,29.2,29.3,29.3,29.3,29.3,29.3,29.3,,,,,,,,,,,,,,,,,,,,,,,
7F-CW-3.RT,(CW3回水溫度     ),,28.2,28.1,28.1,28.1,28.1,28.1,28.1,28.1,28.1,28.1,28.1,28.1,28.1,28.1,28.1,28.1,28.1,28.1,28.1,28.1,28.1,28.1,28.1,28.1,28.1,28.1,28.1,28.1,28.1,28.1,28.1,28.0,28.0,28.0,28.0,28.0,28.0,28.0,28.0,28.0,28.0,28.0,28.0,28.0,28.0,28.0,27.9,27.9,27.9,27.9,27.9,27.9,27.9,27.9,27.9,27.9,27.9,27.8,27.8,27.8,27.8,27.8,27.8,27.8,27.8,27.9,27.9,27.9,27.9,27.9,27.9,27.9,27.9,27.9,27.9,28.0,28.0,28.0,28.0,28.0,28.0,28.0,28.1,28.1,28.1,28.1,28.1,28.1,28.2,28.2,28.2,28.2,28.2,28.2,28.3,28.3,28.3,28.3,28.3,28.4,28.4,28.4,28.4,28.4,28.4,28.5,28.5,28.5,28.5,28.5,28.5,28.6,28.6,28.6,28.6,28.6,28.6,28.7,28.7,28.7,28.7,,,,,,,,,,,,,,,,,,,,,,,
7F-CW-4.RT,(CW4回水溫度     ),,27.4,27.5,27.5,27.5,27.5,27.5,27.5,27.5,27.5,27.5,27.5,27.5,27.5,27.5,27.5,27.5,27.5,27.5,27.5,27.5,27.5,27.4,27.4,27.4,27.4,27.4,27.4,27.4,27.4,27.4,27.3,27.3,27.3,27.3,27.3,27.3,27.3,27.3,27.3,27.3,27.3,27.3,27.3,24.3,23.1,28.2,28.6,28.5,28.7,27.5,28.7,28.8,28.9,28.8,28.6,28.5,28.5,28.6,28.7,29.0,28.7,29.1,29.1,28.8,28.9,29.0,29.2,29.0,29.1,29.3,29.3,29.1,28.8,28.8,28.8,28.8,29.2,28.7,29.1,29.0,29.1,29.0,28.8,29.3,29.1,29.3,29.2,29.1,29.2,29.0,29.0,29.0,29.2,29.1,29.1,29.0,29.0,29.0,29.0,29.0,28.8,28.6,28.7,28.7,28.7,28.8,28.8,28.7,28.8,28.8,28.8,28.7,28.7,28.7,28.7,28.8,28.8,28.9,28.7,28.5,28.4,,,,,,,,,,,,,,,,,,,,,,,
7F-CW-5.RT,(CW5回水溫度     ),,27.6,27.6,27.6,27.6,27.6,27.6,27.7,27.7,27.7,27.7,27.7,27.7,27.7,27.7,27.7,27.7,27.7,27.7,27.7,27.7,27.7,27.7,27.7,27.6,27.6,27.6,27.6,27.6,27.6,27.6,27.6,27.6,27.6,27.6,27.6,27.6,27.6,27.5,27.5,27.5,27.5,27.5,27.5,27.5,27.5,27.5,27.6,27.6,27.7,27.7,27.8,27.8,27.8,27.9,27.9,27.9,27.9,23.6,23.8,28.3,28.2,28.2,28.6,28.5,28.5,28.6,28.9,28.8,28.8,28.8,28.7,28.6,28.6,28.6,28.8,28.4,28.7,28.6,28.5,28.4,28.6,28.5,28.8,28.7,28.7,29.0,28.7,28.6,28.3,28.2,28.2,28.3,28.3,28.3,28.4,28.2,28.3,28.2,28.2,28.1,28.1,28.0,28.0,28.0,28.0,28.1,28.0,28.0,28.0,28.1,28.0,28.0,28.0,28.0,28.1,28.1,28.1,28.1,28.0,27.8,27.8,,,,,,,,,,,,,,,,,,,,,,,
7F-CW.RT,(冷卻水總回水溫度),,24.4,23.4,23.1,23.0,23.0,23.0,23.0,23.0,23.0,23.0,28.0,29.0,0.0,0.0,0.0,0.0,0.0,0.0,0.0,0.0,0.0,0.0,0.0,0.0,0.0,0.0,0.0,0.0,0.0,0.0,0.0,0.0,0.0,0.0,0.0,0.0,0.0,0.0,0.0,0.0,0.0,0.0,0.0,24.3,23.1,28.2,28.6,28.5,28.7,27.5,28.7,28.8,28.9,28.8,28.6,28.5,26.8,25.3,26.9,28.8,28.6,28.8,28.9,28.7,28.9,28.9,29.1,29.0,29.1,29.2,29.1,28.9,28.8,28.8,28.8,28.6,29.0,28.7,28.9,28.9,28.9,28.9,28.8,29.1,29.0,29.2,29.1,28.9,28.8,28.7,28.7,28.7,28.8,28.8,28.8,28.6,28.7,28.7,28.8,28.7,28.6,28.4,28.4,28.4,28.4,28.5,28.6,28.5,28.5,28.6,28.5,28.5,28.5,28.5,28.5,28.5,28.5,28.5,28.4,28.3,28.2,,,,,,,,,,,,,,,,,,,,,,,
7F-CH-1.CWDT,(冷卻水溫差      ),DEG C,0.7,0.2,0.2,0.1,0.1,0.1,0.1,0.1,0.1,0.1,3.2,4.5,0.0,0.0,0.0,0.0,0.0,0.0,0.0,0.0,0.0,0.0,0.0,0.0,0.0,0.0,0.0,0.0,0.0,0.0,0.0,0.0,0.0,0.0,0.0,0.0,0.0,0.0,0.0,0.0,0.0,0.0,0.0,0.0,0.0,0.0,0.0,0.0,0.0,0.0,0.0,0.0,0.0,0.0,0.0,0.0,0.7,0.2,3.8,4.5,4.4,4.3,4.4,4.5,4.5,4.6,4.6,4.6,4.7,4.6,4.7,4.6,4.7,4.7,4.7,4.7,4.6,4.7,4.6,4.6,4.6,4.7,4.7,4.5,4.7,4.7,4.7,4.7,4.7,4.7,4.6,4.6,4.6,4.7,4.7,4.7,4.6,4.7,4.5,4.7,4.7,4.8,4.7,4.7,4.7,4.6,4.6,4.6,4.7,4.7,4.6,4.6,4.7,4.6,4.7,4.7,4.7,4.7,4.7,4.7,4.7,,,,,,,,,,,,,,,,,,,,,,,
7F-CH-2.CWDT,(冷卻水溫差      ),DEG C,0.0,0.0,0.0,0.0,0.0,0.0,0.0,0.0,0.0,0.0,0.0,0.0,0.0,0.0,0.0,0.0,0.0,0.0,0.0,0.0,0.0,0.0,0.0,0.0,0.0,0.0,0.0,0.0,0.0,0.0,0.0,0.0,0.0,0.0,0.0,0.0,0.0,0.0,0.0,0.0,0.0,0.0,0.0,0.0,0.0,0.0,0.0,0.0,0.0,0.0,0.0,0.0,0.0,0.0,0.0,0.0,0.0,0.0,0.0,0.0,0.0,0.0,0.0,0.0,0.0,0.0,0.0,0.0,0.0,0.0,0.0,0.0,0.0,0.0,0.0,0.0,0.0,0.0,0.0,0.0,0.0,0.0,0.0,0.0,0.0,0.0,0.0,0.0,0.0,0.0,0.0,0.0,0.0,0.0,0.0,0.0,0.0,0.0,0.0,0.0,0.0,0.0,0.0,0.0,0.0,0.0,0.0,0.0,0.0,0.0,0.0,0.0,0.0,0.0,0.0,0.0,0.0,0.0,0.0,0.0,0.0,,,,,,,,,,,,,,,,,,,,,,,
7F-CH-3.CWDT,(冷卻水溫差      ),DEG C,0.0,0.0,0.0,0.0,0.0,0.0,0.0,0.0,0.0,0.0,0.0,0.0,0.0,0.0,0.0,0.0,0.0,0.0,0.0,0.0,0.0,0.0,0.0,0.0,0.0,0.0,0.0,0.0,0.0,0.0,0.0,0.0,0.0,0.0,0.0,0.0,0.0,0.0,0.0,0.0,0.0,0.0,0.0,0.0,0.0,0.0,0.0,0.0,0.0,0.0,0.0,0.0,0.0,0.0,0.0,0.0,0.0,0.0,0.0,0.0,0.0,0.0,0.0,0.0,0.0,0.0,0.0,0.0,0.0,0.0,0.0,0.0,0.0,0.0,0.0,0.0,0.0,0.0,0.0,0.0,0.0,0.0,0.0,0.0,0.0,0.0,0.0,0.0,0.0,0.0,0.0,0.0,0.0,0.0,0.0,0.0,0.0,0.0,0.0,0.0,0.0,0.0,0.0,0.0,0.0,0.0,0.0,0.0,0.0,0.0,0.0,0.0,0.0,0.0,0.0,0.0,0.0,0.0,0.0,0.0,0.0,,,,,,,,,,,,,,,,,,,,,,,
7F-CH-4.CWDT,(冷卻水溫差      ),DEG C,0.0,0.0,0.0,0.0,0.0,0.0,0.0,0.0,0.0,0.0,0.0,0.0,0.0,0.0,0.0,0.0,0.0,0.0,0.0,0.0,0.0,0.0,0.0,0.0,0.0,0.0,0.0,0.0,0.0,0.0,0.0,0.0,0.0,0.0,0.0,0.0,0.0,0.0,0.0,0.0,0.0,0.0,0.0, -0.1, -0.0,3.9,4.1,4.1,4.1,3.5,4.0,4.0,4.0,3.9,3.7,3.9,4.0,4.0,4.0,4.0,3.9,4.0,4.0,4.0,4.0,4.0,4.0,4.1,4.1,4.1,4.1,4.1,4.1,4.1,4.1,4.1,4.1,4.1,4.1,4.1,4.1,4.1,4.1,4.1,4.1,4.1,4.1,4.1,4.1,4.1,4.1,4.1,4.1,4.1,4.1,4.1,4.1,4.1,4.1,4.1,4.1,4.1,4.1,4.1,4.1,4.0,4.1,4.1,4.1,4.1,4.1,4.1,4.1,4.1,4.1,4.1,4.1,4.0,4.1,4.1,4.1,,,,,,,,,,,,,,,,,,,,,,,
7F-CH-5.CWDT,(冷卻水溫差      ),DEG C,0.0,0.0,0.0,0.0,0.0,0.0,0.0,0.0,0.0,0.0,0.0,0.0,0.0,0.0,0.0,0.0,0.0,0.0,0.0,0.0,0.0,0.0,0.0,0.0,0.0,0.0,0.0,0.0,0.0,0.0,0.0,0.0,0.0,0.0,0.0,0.0,0.0,0.0,0.0,0.0,0.0,0.0,0.0,0.0,0.0,0.0,0.0,0.0,0.0,0.0,0.0,0.0,0.0,0.0,0.0,0.0,0.0,0.2,1.3,3.5,3.3,3.5,3.6,3.7,3.7,3.7,3.7,3.8,3.8,3.8,3.8,3.7,3.7,3.7,3.7,3.8,3.7,3.7,3.8,3.7,3.7,3.8,3.7,3.7,3.7,3.7,3.8,3.8,3.8,3.8,3.8,3.7,3.7,3.7,3.7,3.7,3.7,3.8,3.7,3.7,3.8,3.8,3.8,3.8,3.8,3.7,3.8,3.8,3.8,3.7,3.8,3.8,3.7,3.7,3.7,3.7,3.7,3.7,3.8,3.8,3.7,,,,,,,,,,,,,,,,,,,,,,,
7F-CHSYS.CWDT,(冷卻水系統溫差  ),DEG C,0.7,0.2,0.2,0.1,0.1,0.1,0.1,0.1,0.1,0.1,3.2,4.5,0.0,0.0,0.0,0.0,0.0,0.0,0.0,0.0,0.0,0.0,0.0,0.0,0.0,0.0,0.0,0.0,0.0,0.0,0.0,0.0,0.0,0.0,0.0,0.0,0.0,0.0,0.0,0.0,0.0,0.0,0.0, -0.1, -0.0,3.9,4.1,4.1,4.1,3.5,4.0,4.0,4.0,3.9,3.7,3.9,2.3,1.5,3.0,4.0,3.9,3.9,4.0,4.1,4.1,4.1,4.1,4.1,4.2,4.2,4.2,4.1,4.2,4.2,4.2,4.2,4.1,4.2,4.1,4.1,4.1,4.2,4.2,4.1,4.2,4.2,4.2,4.2,4.2,4.2,4.2,4.1,4.1,4.2,4.2,4.2,4.1,4.2,4.1,4.2,4.2,4.2,4.2,4.2,4.2,4.1,4.2,4.1,4.2,4.2,4.2,4.1,4.2,4.1,4.2,4.2,4.2,4.2,4.2,4.2,4.2,,,,,,,,,,,,,,,,,,,,,,,
7F-CW-1.FM,(CW1水流量       ),,8343,7965,7976,8303,8189,8295,8123,8082,8170,8321,7973,8237,18,15,15,15,15,15,15,15,15,15,15,15,15,15,15,15,15,15,15,15,15,15,15,15,15,15,15,15,15,12,15,15,15,15,15,14,14,14,17,14,14,14,14,14,8476,8234,8049,8390,8506,8468,8732,8618,8562,8820,8559,8815,8568,8712,8545,8706,8737,8742,8782,8629,8459,9024,8698,8795,8682,8612,8303,8862,8664,8531,8784,9068,8715,8826,8464,8735,8935,8712,8935,8389,8543,8720,8693,8862,8571,8778,8439,8829,8640,8642,8674,8359,8671,8554,8606,8671,8631,8592,8606,8731,8731,8810,8603,8529,8790,,,,,,,,,,,,,,,,,,,,,,,
7F-CW-2.FM,(CW2水流量       ),,14,15,14,14,14,14,14,14,14,14,14,14,14,14,14,14,14,14,14,14,14,14,14,14,14,14,14,14,15,12,12,12,12,12,12,12,12,12,12,14,14,12,12,12,12,12,15,12,12,12,12,12,12,12,12,12,12,15,15,12,15,15,15,15,14,14,14,14,14,14,14,14,14,14,14,14,14,14,17,14,14,14,14,14,14,14,17,17,14,14,14,14,14,14,14,17,14,14,17,17,14,14,14,15,15,15,15,15,15,15,15,15,15,15,15,15,15,15,15,15,15,,,,,,,,,,,,,,,,,,,,,,,
7F-CW-3.FM,(CW3水流量       ),,18,21,18,21,18,18,18,18,18,18,18,18,17,17,17,18,18,18,18,18,18,18,18,18,18,18,18,18,18,18,18,18,18,18,18,18,15,17,17,17,17,17,18,17,18,18,18,18,18,17,17,15,15,17,17,17,17,17,17,15,18,18,18,18,18,18,17,18,18,18,18,18,18,18,21,18,18,18,21,21,21,21,21,21,21,21,21,18,18,21,18,18,21,21,21,21,21,21,21,21,21,21,21,21,18,21,21,21,21,21,18,18,17,21,21,18,21,18,21,21,21,,,,,,,,,,,,,,,,,,,,,,,
7F-CW-4.FM,(CW4水流量       ),,15,15,15,14,14,14,14,14,14,14,14,14,14,14,14,14,14,14,14,14,14,14,14,14,14,14,14,14,14,14,14,14,14,14,14,14,14,14,14,14,14,14,14,7376,7470,7679,7770,7643,7681,7643,7740,7724,7649,7671,7629,7812,7610,7685,7720,7724,7721,7604,7709,7703,7673,7718,7596,7617,7720,7618,7670,7656,7739,7681,7707,7604,7610,7764,7629,7703,7645,7759,7559,7604,7737,7642,7662,7729,7681,7665,7706,7662,7634,7668,7603,7804,7634,7735,7610,7721,7673,7698,7739,7757,7720,7703,7692,7623,7635,7699,7573,7696,7701,7665,7595,7760,7690,7714,7643,7701,7642,,,,,,,,,,,,,,,,,,,,,,,
7F-CW-5.FM,(CW5水流量       ),,15,15,15,15,15,15,15,15,15,15,15,15,15,12,14,14,14,14,14,14,14,14,14,14,14,14,14,14,14,14,14,14,14,14,14,14,12,12,12,12,12,12,12,12,12,12,12,14,14,14,14,14,14,14,15,14,14,8181,8162,8168,8214,8270,8243,8442,8199,8207,8356,8178,8242,8179,8081,8153,8331,8223,8162,8335,8242,8234,8089,8273,8149,8157,8176,8187,8123,8143,8157,8245,8173,8334,8389,8189,8292,8282,8198,8417,8217,8229,8232,8243,8393,8189,8287,8253,8260,8182,8295,8164,8218,8120,8245,8214,8296,8103,8274,8217,8298,8165,8234,8270,8393,,,,,,,,,,,,,,,,,,,,,,,
7F-CW.FM,(冷卻水總流量    ),,8356,8187,8006,8329,8243,8376,8173,8145,8240,8345,8134,8299,79,73,74,76,76,76,76,76,76,76,76,76,76,76,76,76,78,74,74,74,74,74,74,74,73,71,71,73,73,71,73,7457,7524,7701,7828,7699,7751,7707,7848,7801,7631,7714,7689,7839,16096,24134,24184,24279,24387,24317,24749,24857,24468,24782,24699,24673,24668,24543,24381,24420,24809,24632,24620,24640,24345,25056,24464,24835,24459,24565,24004,24695,24553,24393,24668,25001,24478,24834,24612,24631,24771,24710,24806,24679,24431,24565,24595,24953,24674,24701,24501,24895,24656,24467,24645,24181,24551,24412,24549,24617,24662,24385,24593,24743,24834,24735,24490,24517,24910,,,,,,,,,,,,,,,,,,,,,,,
CH1F7:KW,(                ),kW,0.0,0.0,0.0,0.0,0.0,0.0,0.0,0.0,0.0,0.0,325.0,295.0,0.0,0.0,0.0,0.0,0.0,0.0,0.0,0.0,0.0,0.0,0.0,0.0,0.0,0.0,0.0,0.0,0.0,0.0,0.0,0.0,0.0,0.0,0.0,0.0,0.0,0.0,0.0,0.0,0.0,0.0,0.0,0.0,0.0,0.0,0.0,0.0,0.0,0.0,0.0,0.0,0.0,0.0,0.0,0.0,0.0,0.0,317.0,318.0,308.0,308.0,313.0,316.0,314.0,312.0,316.0,322.0,318.0,311.0,314.0,300.0,315.0,315.0,313.0,314.0,314.0,314.0,316.0,315.0,315.0,313.0,315.0,316.0,312.0,314.0,313.0,310.0,318.0,314.0,314.0,313.0,314.0,315.0,314.0,315.0,314.0,314.0,316.0,317.0,313.0,316.0,317.0,312.0,315.0,316.0,317.0,316.0,313.0,315.0,315.0,313.0,316.0,316.0,320.0,316.0,315.0,316.0,316.0,319.0,315.0,,,,,,,,,,,,,,,,,,,,,,,
CH2F7:KW,(                ),kW,0.0,0.8,0.0,0.0,0.8,0.0,0.8,0.0,0.8,0.8,0.0,0.8,0.0,0.8,0.8,0.0,0.7,0.0,0.7,0.7,0.0,0.7,0.8,0.0,0.0,0.7,0.7,0.0,0.0,0.7,0.7,0.0,0.7,0.7,0.0,0.0,0.7,0.7,0.0,0.0,0.7,0.7,0.0,0.0,0.7,0.7,0.0,0.8,0.7,0.0,0.8,0.0,0.8,0.7,0.0,0.7,0.0,0.7,0.7,0.0,0.7,0.0,0.7,0.7,0.0,0.7,0.0,0.7,0.7,0.0,0.7,0.0,0.7,0.7,0.0,0.7,0.0,0.7,0.0,0.7,0.7,0.0,0.7,0.0,0.7,0.7,0.0,0.7,0.0,0.7,0.7,0.0,0.7,0.0,0.7,0.7,0.0,0.7,0.0,0.7,0.7,0.0,0.7,0.0,0.7,0.7,0.0,0.7,0.0,0.7,0.0,0.7,0.7,0.0,0.7,0.0,0.7,0.7,0.0,0.7,0.7,,,,,,,,,,,,,,,,,,,,,,,
CH3F7:KW,(                ),kW,0.0,0.7,0.7,0.0,0.0,0.7,0.7,0.7,0.0,0.7,0.7,0.7,0.0,0.0,0.7,0.7,0.0,0.0,0.7,0.7,0.0,0.0,0.7,0.7,0.7,0.0,0.0,0.7,0.7,0.0,0.0,0.7,0.7,0.7,0.0,0.7,0.7,0.7,0.0,0.0,0.7,0.7,0.0,0.0,0.7,0.7,0.0,0.0,0.7,0.7,0.7,0.0,0.0,0.7,0.7,0.0,0.0,0.7,0.7,0.0,0.0,0.7,0.7,0.7,0.0,0.0,0.7,0.7,0.0,0.0,0.0,0.7,0.7,0.0,0.0,0.7,0.7,0.0,0.0,0.7,0.7,0.7,0.0,0.7,0.7,0.7,0.0,0.0,0.7,0.7,0.0,0.0,0.7,0.7,0.7,0.0,0.7,0.7,0.7,0.0,0.0,0.7,0.7,0.0,0.0,0.7,0.7,0.7,0.0,0.0,0.7,0.7,0.0,0.0,0.7,0.7,0.0,0.0,0.7,0.7,0.7,,,,,,,,,,,,,,,,,,,,,,,
CH4F7:KW,(                ),kW,0.0,0.0,0.0,0.0,0.0,0.0,0.0,0.0,0.0,0.0,0.0,0.0,0.0,0.0,0.0,0.0,0.0,0.0,0.0,0.0,0.0,0.0,0.0,0.0,0.0,0.0,0.0,0.0,0.0,0.0,0.0,0.0,0.0,0.0,0.0,0.0,0.0,0.0,0.0,0.0,0.0,0.0,0.0,0.0,0.0,311.0,302.0,299.0,298.0,0.0,304.0,299.0,298.0,284.0,266.0,285.0,297.0,294.0,295.0,297.0,292.0,297.0,297.0,299.0,293.0,295.0,297.0,296.0,297.0,297.0,296.0,295.0,294.0,300.0,297.0,298.0,295.0,295.0,296.0,296.0,296.0,298.0,297.0,295.0,296.0,296.0,293.0,296.0,295.0,295.0,295.0,295.0,294.0,296.0,298.0,296.0,296.0,295.0,297.0,296.0,296.0,295.0,295.0,297.0,299.0,299.0,303.0,299.0,297.0,295.0,297.0,298.0,299.0,297.0,297.0,289.0,300.0,294.0,296.0,294.0,296.0,,,,,,,,,,,,,,,,,,,,,,,
CH5F7:KW,(                ),kW,0.0,0.0,0.0,0.0,0.0,0.0,0.0,0.0,0.0,0.0,0.0,0.0,0.0,0.0,0.0,0.0,0.0,0.0,0.0,0.0,0.0,0.0,0.0,0.0,0.0,0.0,0.0,0.0,0.0,0.0,0.0,0.0,0.0,0.0,0.0,0.0,0.0,0.0,0.0,0.0,0.0,0.0,0.0,0.0,0.0,0.0,0.0,0.0,0.0,0.0,0.0,0.0,0.0,0.0,0.0,0.0,0.0,0.0,142.0,302.0,266.0,294.0,295.0,297.0,298.0,301.0,295.0,302.0,298.0,298.0,292.0,290.0,290.0,293.0,291.0,282.0,292.0,292.0,290.0,289.0,291.0,294.0,294.0,291.0,292.0,294.0,293.0,296.0,290.0,290.0,293.0,291.0,293.0,292.0,295.0,292.0,292.0,291.0,291.0,297.0,294.0,295.0,294.0,296.0,295.0,297.0,290.0,298.0,298.0,299.0,300.0,295.0,298.0,291.0,299.0,294.0,289.0,293.0,299.0,302.0,288.0,,,,,,,,,,,,,,,,,,,,,,,
CHF7-ALL.KW,(冰機系統功率    ),,0.0,1.4,0.7,0.0,0.8,0.7,1.4,0.7,0.8,1.5,325.7,296.5,0.0,0.8,1.5,0.7,0.7,0.0,1.4,1.4,0.0,0.7,1.4,0.7,0.7,0.7,0.7,0.7,0.7,0.7,0.7,0.7,1.4,1.4,0.0,0.7,1.4,1.4,0.0,0.0,1.4,1.4,0.0,0.0,1.4,312.4,302.0,299.0,299.5,0.7,305.5,299.0,298.8,285.5,266.7,285.7,297.0,295.4,755.4,917.0,866.7,899.7,906.4,913.4,905.0,908.7,908.7,921.4,913.7,906.0,902.7,885.7,900.4,908.7,901.0,895.4,901.7,901.7,902.0,901.4,903.4,905.7,906.7,902.7,901.4,905.4,899.0,902.7,903.7,900.4,902.7,899.0,902.4,903.7,908.4,903.7,902.7,901.4,904.7,910.7,903.7,906.7,907.4,905.0,909.7,913.4,910.7,914.4,908.0,909.7,912.7,907.4,913.7,904.0,917.4,899.7,904.7,903.7,911.7,916.4,900.4,,,,,,,,,,,,,,,,,,,,,,,
7F-CH-1.TON,(冷凍頓          ),,0,0,0,0,0,0,0,0,0,0,551,505,0,0,0,0,0,0,0,0,0,0,0,0,0,0,0,0,0,0,0,0,0,0,0,0,0,0,0,0,0,0,0,0,0,0,0,0,0,0,0,0,0,0,0,0,0,0,552,550,537,550,548,573,565,561,572,575,575,586,579,578,573,579,579,573,566,573,572,570,570,574,580,567,576,574,581,573,573,577,569,572,570,575,568,573,564,571,566,572,574,571,574,569,567,562,566,569,565,569,564,561,572,570,567,572,570,570,564,571,563,,,,,,,,,,,,,,,,,,,,,,,
7F-CH-2.TON,(冷凍頓          ),,0,0,0,0,0,0,0,0,0,0,0,0,0,0,0,0,0,0,0,0,0,0,0,0,0,0,0,0,0,0,0,0,0,0,0,0,0,0,0,0,0,0,0,0,0,0,0,0,0,0,0,0,0,0,0,0,0,0,0,0,0,0,0,0,0,0,0,0,0,0,0,0,0,0,0,0,0,0,0,0,0,0,0,0,0,0,0,0,0,0,0,0,0,0,0,0,0,0,0,0,0,0,0,0,0,0,0,0,0,0,0,0,0,0,0,0,0,0,0,0,0,,,,,,,,,,,,,,,,,,,,,,,
7F-CH-3.TON,(冷凍頓          ),,0,0,0,0,0,0,0,0,0,0,0,0,0,0,0,0,0,0,0,0,0,0,0,0,0,0,0,0,0,0,0,0,0,0,0,0,0,0,0,0,0,0,0,0,0,0,0,0,0,0,0,0,0,0,0,0,0,0,0,0,0,0,0,0,0,0,0,0,0,0,0,0,0,0,0,0,0,0,0,0,0,0,0,0,0,0,0,0,0,0,0,0,0,0,0,0,0,0,0,0,0,0,0,0,0,0,0,0,0,0,0,0,0,0,0,0,0,0,0,0,0,,,,,,,,,,,,,,,,,,,,,,,
7F-CH-4.TON,(冷凍頓          ),,0,0,0,0,0,0,0,0,0,0,0,0,0,0,0,0,0,0,0,0,0,0,0,0,0,0,0,0,0,0,0,0,0,0,0,0,0,0,0,0,0,0,0,0,0,576,607,604,592,619,578,567,566,546,530,578,585,582,580,567,561,576,572,586,579,586,584,580,591,595,604,588,593,592,586,596,582,582,583,590,593,599,593,585,590,607,591,579,601,587,590,585,589,585,595,586,580,584,580,597,587,590,577,585,582,587,601,578,592,591,596,579,582,571,586,583,582,564,583,585,584,,,,,,,,,,,,,,,,,,,,,,,
7F-CH-5.TON,(冷凍頓          ),,0,0,0,0,0,0,0,0,0,0,0,0,0,0,0,0,0,0,0,0,0,0,0,0,0,0,0,0,0,0,0,0,0,0,0,0,0,0,0,0,0,0,0,0,0,0,0,0,0,0,0,0,0,0,0,0,0,0,405,511,446,518,506,511,535,510,500,511,548,553,544,515,511,542,541,524,543,510,511,515,517,503,540,508,507,536,527,501,537,537,511,506,499,541,510,519,539,485,528,525,495,511,503,515,499,533,505,501,530,532,514,525,495,523,505,535,495,491,493,515,514,,,,,,,,,,,,,,,,,,,,,,,
7F-CHSYS.TON,(冷凍頓          ),,0,0,0,0,0,0,0,0,0,0,266,108,0,0,0,0,0,0,0,0,0,0,0,0,0,0,0,0,0,0,0,0,0,0,0,0,0,0,0,0,0,0,0,0,0,142,195,189,185,193,176,145,149,127,116,102,83,44,850,895,819,945,1031,952,1008,1012,1161,1306,1432,1351,1243,1338,1368,1345,1276,1331,1377,1196,1228,1303,1361,1240,1247,1305,1367,1334,1257,1296,1412,1310,1257,1293,1365,1289,1250,1303,1410,1311,1226,1306,1399,1302,1221,1246,1385,1403,1239,1221,1420,1385,1262,1249,1435,1359,1239,1261,1320,1319,1206,1259,1296,,,,,,,,,,,,,,,,,,,,,,,
7F-CH-1.KW/RT,(冰機效率        ),,0.00,0.00,0.00,0.00,0.00,0.00,0.00,0.00,0.00,0.00,0.00,0.00,0.00,0.00,0.00,0.00,0.00,0.00,0.00,0.00,0.00,0.00,0.00,0.00,0.00,0.00,0.00,0.00,0.00,0.00,0.00,0.00,0.00,0.00,0.00,0.00,0.00,0.00,0.00,0.00,0.00,0.00,0.00,0.00,0.00,0.00,0.00,0.00,0.00,0.00,0.00,0.00,0.00,0.00,0.00,0.00,0.00,0.00,0.00,0.00,0.00,0.00,0.00,0.00,0.00,0.00,0.00,0.00,0.00,0.00,0.00,0.00,0.00,0.00,0.00,0.00,0.00,0.00,0.00,0.00,0.00,0.00,0.00,0.00,0.00,0.00,0.00,0.00,0.00,0.00,0.00,0.00,0.00,0.00,0.00,0.00,0.00,0.00,0.00,0.00,0.00,0.00,0.00,0.00,0.00,0.00,0.00,0.00,0.00,0.00,0.00,0.00,0.00,0.00,0.00,0.00,0.00,0.00,0.00,0.00,0.00,,,,,,,,,,,,,,,,,,,,,,,
7F-CH-2.KW/RT,(冰機效率        ),,0.00,0.00,0.00,0.00,0.00,0.00,0.00,0.00,0.00,0.00,0.00,0.00,0.00,0.00,0.00,0.00,0.00,0.00,0.00,0.00,0.00,0.00,0.00,0.00,0.00,0.00,0.00,0.00,0.00,0.00,0.00,0.00,0.00,0.00,0.00,0.00,0.00,0.00,0.00,0.00,0.00,0.00,0.00,0.00,0.00,0.00,0.00,0.00,0.00,0.00,0.00,0.00,0.00,0.00,0.00,0.00,0.00,0.00,0.00,0.00,0.00,0.00,0.00,0.00,0.00,0.00,0.00,0.00,0.00,0.00,0.00,0.00,0.00,0.00,0.00,0.00,0.00,0.00,0.00,0.00,0.00,0.00,0.00,0.00,0.00,0.00,0.00,0.00,0.00,0.00,0.00,0.00,0.00,0.00,0.00,0.00,0.00,0.00,0.00,0.00,0.00,0.00,0.00,0.00,0.00,0.00,0.00,0.00,0.00,0.00,0.00,0.00,0.00,0.00,0.00,0.00,0.00,0.00,0.00,0.00,0.00,,,,,,,,,,,,,,,,,,,,,,,
7F-CH-3.KW/RT,(冰機效率        ),,0.00,0.00,0.00,0.00,0.00,0.00,0.00,0.00,0.00,0.00,0.00,0.00,0.00,0.00,0.00,0.00,0.00,0.00,0.00,0.00,0.00,0.00,0.00,0.00,0.00,0.00,0.00,0.00,0.00,0.00,0.00,0.00,0.00,0.00,0.00,0.00,0.00,0.00,0.00,0.00,0.00,0.00,0.00,0.00,0.00,0.00,0.00,0.00,0.00,0.00,0.00,0.00,0.00,0.00,0.00,0.00,0.00,0.00,0.00,0.00,0.00,0.00,0.00,0.00,0.00,0.00,0.00,0.00,0.00,0.00,0.00,0.00,0.00,0.00,0.00,0.00,0.00,0.00,0.00,0.00,0.00,0.00,0.00,0.00,0.00,0.00,0.00,0.00,0.00,0.00,0.00,0.00,0.00,0.00,0.00,0.00,0.00,0.00,0.00,0.00,0.00,0.00,0.00,0.00,0.00,0.00,0.00,0.00,0.00,0.00,0.00,0.00,0.00,0.00,0.00,0.00,0.00,0.00,0.00,0.00,0.00,,,,,,,,,,,,,,,,,,,,,,,
7F-CH-4.KW/RT,(冰機效率        ),,0.00,0.00,0.00,0.00,0.00,0.00,0.00,0.00,0.00,0.00,0.00,0.00,0.00,0.00,0.00,0.00,0.00,0.00,0.00,0.00,0.00,0.00,0.00,0.00,0.00,0.00,0.00,0.00,0.00,0.00,0.00,0.00,0.00,0.00,0.00,0.00,0.00,0.00,0.00,0.00,0.00,0.00,0.00,0.00,0.00,0.00,0.00,0.00,0.00,0.00,0.00,0.00,0.00,0.00,0.00,0.00,0.00,0.00,0.00,0.00,0.00,0.00,0.00,0.00,0.00,0.00,0.00,0.00,0.00,0.00,0.00,0.00,0.00,0.00,0.00,0.00,0.00,0.00,0.00,0.00,0.00,0.00,0.00,0.00,0.00,0.00,0.00,0.00,0.00,0.00,0.00,0.00,0.00,0.00,0.00,0.00,0.00,0.00,0.00,0.00,0.00,0.00,0.00,0.00,0.00,0.00,0.00,0.00,0.00,0.00,0.00,0.00,0.00,0.00,0.00,0.00,0.00,0.00,0.00,0.00,0.00,,,,,,,,,,,,,,,,,,,,,,,
7F-CH-5.KW/RT,(冰機效率        ),,0.00,0.00,0.00,0.00,0.00,0.00,0.00,0.00,0.00,0.00,0.00,0.00,0.00,0.00,0.00,0.00,0.00,0.00,0.00,0.00,0.00,0.00,0.00,0.00,0.00,0.00,0.00,0.00,0.00,0.00,0.00,0.00,0.00,0.00,0.00,0.00,0.00,0.00,0.00,0.00,0.00,0.00,0.00,0.00,0.00,0.00,0.00,0.00,0.00,0.00,0.00,0.00,0.00,0.00,0.00,0.00,0.00,0.00,0.71,0.57,0.65,0.56,0.57,0.56,0.54,0.57,0.58,0.56,0.53,0.52,0.53,0.56,0.56,0.53,0.53,0.55,0.53,0.57,0.57,0.56,0.56,0.57,0.53,0.57,0.57,0.54,0.55,0.58,0.54,0.54,0.57,0.57,0.58,0.53,0.57,0.56,0.54,0.59,0.55,0.55,0.58,0.57,0.57,0.56,0.58,0.54,0.57,0.58,0.54,0.54,0.56,0.55,0.58,0.55,0.56,0.54,0.58,0.59,0.59,0.56,0.56,,,,,,,,,,,,,,,,,,,,,,,
7F-CHSYS.KW/RT,(冰水系統效率    ),,0.00,0.00,0.00,0.00,0.00,0.00,0.00,0.00,0.00,0.00,4.17,10.27,0.00,0.00,0.00,0.00,0.00,0.00,0.00,0.00,0.00,0.00,0.00,0.00,0.00,0.00,0.00,0.00,0.00,0.00,0.00,0.00,0.00,0.00,0.00,0.00,0.00,0.00,0.00,0.00,0.00,0.00,0.00,0.00,0.00,7.79,5.69,5.88,5.99,5.75,6.33,7.66,7.47,8.75,9.53,10.86,13.29,25.03,1.31,1.24,1.36,1.18,1.08,1.17,1.10,1.10,0.97,0.85,0.78,0.82,0.90,0.83,0.81,0.83,0.87,0.84,0.81,0.93,0.91,0.85,0.82,0.90,0.89,0.85,0.81,0.83,0.89,0.86,0.79,0.85,0.89,0.86,0.82,0.86,0.89,0.85,0.79,0.85,0.91,0.85,0.80,0.85,0.91,0.89,0.80,0.79,0.90,0.91,0.78,0.80,0.88,0.89,0.78,0.82,0.90,0.88,0.84,0.84,0.92,0.88,0.86,,,,,,,,,,,,,,,,,,,,,,,
7F-CW-1.TON,(冷卻水冷凍頓    ),,0,0,0,0,0,0,0,0,0,0,510,730,0,0,0,0,0,0,0,0,0,0,0,0,0,0,0,0,0,0,0,0,0,0,0,0,0,0,0,0,0,0,0,0,0,0,0,0,0,0,0,0,0,0,0,0,0,0,595,755,743,717,764,775,769,818,797,799,802,799,796,794,810,811,818,803,769,836,792,804,794,799,780,787,806,791,813,848,809,824,781,801,822,811,833,783,784,810,782,826,805,836,785,816,802,792,797,762,805,794,792,796,800,789,801,808,819,817,793,792,816,,,,,,,,,,,,,,,,,,,,,,,
7F-CW-2.TON,(冷卻水冷凍頓    ),,0,0,0,0,0,0,0,0,0,0,0,0,0,0,0,0,0,0,0,0,0,0,0,0,0,0,0,0,0,0,0,0,0,0,0,0,0,0,0,0,0,0,0,0,0,0,0,0,0,0,0,0,0,0,0,0,0,0,0,0,0,0,0,0,0,0,0,0,0,0,0,0,0,0,0,0,0,0,0,0,0,0,0,0,0,0,0,0,0,0,0,0,0,0,0,0,0,0,0,0,0,0,0,0,0,0,0,0,0,0,0,0,0,0,0,0,0,0,0,0,0,,,,,,,,,,,,,,,,,,,,,,,
7F-CW-3.TON,(冷卻水冷凍頓    ),,0,0,0,0,0,0,0,0,0,0,0,0,0,0,0,0,0,0,0,0,0,0,0,0,0,0,0,0,0,0,0,0,0,0,0,0,0,0,0,0,0,0,0,0,0,0,0,0,0,0,0,0,0,0,0,0,0,0,0,0,0,0,0,0,0,0,0,0,0,0,0,0,0,0,0,0,0,0,0,0,0,0,0,0,0,0,0,0,0,0,0,0,0,0,0,0,0,0,0,0,0,0,0,0,0,0,0,0,0,0,0,0,0,0,0,0,0,0,0,0,0,,,,,,,,,,,,,,,,,,,,,,,
7F-CW-4.TON,(冷卻水冷凍頓    ),,0,0,0,0,0,0,0,0,0,0,0,0,0,0,0,0,0,0,0,0,0,0,0,0,0,0,0,0,0,0,0,0,0,0,0,0,0,0,0,0,0,0,0,0,0,588,628,615,619,524,612,615,602,594,562,599,603,611,615,610,599,605,615,618,616,617,610,615,621,619,619,614,626,622,624,616,618,628,617,624,619,628,614,611,627,620,622,624,615,622,623,621,615,621,614,629,615,626,614,623,622,624,624,626,623,616,623,619,612,619,609,620,620,616,613,622,618,621,617,620,620,,,,,,,,,,,,,,,,,,,,,,,
7F-CW-5.TON,(冷卻水冷凍頓    ),,0,0,0,0,0,0,0,0,0,0,0,0,0,0,0,0,0,0,0,0,0,0,0,0,0,0,0,0,0,0,0,0,0,0,0,0,0,0,0,0,0,0,0,0,0,0,0,0,0,0,0,0,0,0,0,0,0,0,210,572,541,575,592,620,603,609,607,612,616,610,604,601,614,602,598,628,610,608,605,616,602,608,607,604,595,599,612,616,611,628,625,606,617,616,604,625,604,610,614,618,626,610,623,618,616,603,616,607,610,603,614,611,615,601,614,609,612,606,612,615,622,,,,,,,,,,,,,,,,,,,,,,,
7F-CWSYS.TON,(冷凍頓          ),,119,35,26,22,24,18,24,16,21,22,523,731,0,0,0,0,0,0,0,0,0,0,0,0,0,0,0,0,0,0,0,0,0,0,0,0,0,0,0,0,0,0,0,0,0,590,636,623,623,531,621,622,600,601,565,606,747,686,1463,1931,1882,1896,1968,2019,1994,2034,2005,2033,2031,2033,2017,2020,2044,2036,2029,2049,2007,2062,2006,2040,2008,2047,1992,2005,2021,2011,2056,2075,2040,2070,2028,2017,2038,2037,2050,2035,2019,2029,2006,2069,2049,2069,2053,2056,2034,1996,2033,2009,2028,2012,2022,2028,2032,2007,2028,2041,2053,2046,2025,2030,2053,,,,,,,,,,,,,,,,,,,,,,,
7F-CH-1.HB,(                ),,0.00,0.00,0.00,0.00,0.00,0.00,0.00,0.00,0.00,0.00,8.18, -30.87,0.00,0.00,0.00,0.00,0.00,0.00,0.00,0.00,0.00,0.00,0.00,0.00,0.00,0.00,0.00,0.00,0.00,0.00,0.00,0.00,0.00,0.00,0.00,0.00,0.00,0.00,0.00,0.00,0.00,0.00,0.00,0.00,0.00,0.00,0.00,0.00,0.00,0.00,0.00,0.00,0.00,0.00,0.00,0.00,0.00,0.00, -7.66, -27.09, -27.72, -23.24, -28.32, -26.00, -26.50, -31.35, -28.19, -28.08, -28.20, -26.65, -27.22, -27.17, -29.22, -28.57, -29.21, -28.61, -26.35, -31.39, -27.78, -29.03, -28.20, -28.19, -25.59, -27.96, -28.48, -27.47, -28.47, -32.43, -29.09, -29.94, -27.22, -28.58, -30.61, -29.05, -31.87, -26.85, -28.01, -29.52, -27.61, -30.80, -28.60, -31.65, -26.88, -30.24, -29.29, -29.01, -28.95, -25.37, -29.78, -28.33, -28.82, -29.51, -28.50, -27.64, -29.25, -29.20, -30.39, -30.18, -28.84, -27.97, -31.03,,,,,,,,,,,,,,,,,,,,,,,
7F-CH-2.HB,(                ),,0.00,0.00,0.00,0.00,0.00,0.00,0.00,0.00,0.00,0.00,0.00,0.00,0.00,0.00,0.00,0.00,0.00,0.00,0.00,0.00,0.00,0.00,0.00,0.00,0.00,0.00,0.00,0.00,0.00,0.00,0.00,0.00,0.00,0.00,0.00,0.00,0.00,0.00,0.00,0.00,0.00,0.00,0.00,0.00,0.00,0.00,0.00,0.00,0.00,0.00,0.00,0.00,0.00,0.00,0.00,0.00,0.00,0.00,0.00,0.00,0.00,0.00,0.00,0.00,0.00,0.00,0.00,0.00,0.00,0.00,0.00,0.00,0.00,0.00,0.00,0.00,0.00,0.00,0.00,0.00,0.00,0.00,0.00,0.00,0.00,0.00,0.00,0.00,0.00,0.00,0.00,0.00,0.00,0.00,0.00,0.00,0.00,0.00,0.00,0.00,0.00,0.00,0.00,0.00,0.00,0.00,0.00,0.00,0.00,0.00,0.00,0.00,0.00,0.00,0.00,0.00,0.00,0.00,0.00,0.00,0.00,,,,,,,,,,,,,,,,,,,,,,,
7F-CH-3.HB,(                ),,0.00,0.00,0.00,0.00,0.00,0.00,0.00,0.00,0.00,0.00,0.00,0.00,0.00,0.00,0.00,0.00,0.00,0.00,0.00,0.00,0.00,0.00,0.00,0.00,0.00,0.00,0.00,0.00,0.00,0.00,0.00,0.00,0.00,0.00,0.00,0.00,0.00,0.00,0.00,0.00,0.00,0.00,0.00,0.00,0.00,0.00,0.00,0.00,0.00,0.00,0.00,0.00,0.00,0.00,0.00,0.00,0.00,0.00,0.00,0.00,0.00,0.00,0.00,0.00,0.00,0.00,0.00,0.00,0.00,0.00,0.00,0.00,0.00,0.00,0.00,0.00,0.00,0.00,0.00,0.00,0.00,0.00,0.00,0.00,0.00,0.00,0.00,0.00,0.00,0.00,0.00,0.00,0.00,0.00,0.00,0.00,0.00,0.00,0.00,0.00,0.00,0.00,0.00,0.00,0.00,0.00,0.00,0.00,0.00,0.00,0.00,0.00,0.00,0.00,0.00,0.00,0.00,0.00,0.00,0.00,0.00,,,,,,,,,,,,,,,,,,,,,,,
7F-CH-4.HB,(                ),,0.00,0.00,0.00,0.00,0.00,0.00,0.00,0.00,0.00,0.00,0.00,0.00,0.00,0.00,0.00,0.00,0.00,0.00,0.00,0.00,0.00,0.00,0.00,0.00,0.00,0.00,0.00,0.00,0.00,0.00,0.00,0.00,0.00,0.00,0.00,0.00,0.00,0.00,0.00,0.00,0.00,0.00,0.00,0.00,0.00, -1.95, -3.91, -1.66, -4.23,18.06, -5.57, -7.85, -6.02, -8.17, -5.61, -3.59, -3.08, -4.70, -5.63, -6.99, -6.37, -4.80, -7.01, -5.31, -6.03, -5.05, -4.11, -5.82, -4.91, -3.96, -2.52, -4.26, -5.36, -4.93, -6.08, -3.23, -5.92, -7.30, -5.44, -5.42, -4.15, -4.59, -3.46, -4.18, -5.85, -2.15, -4.92, -7.08, -2.28, -5.66, -5.15, -5.78, -4.08, -5.90, -3.14, -6.79, -5.72, -6.66, -5.56, -4.19, -5.53, -5.52, -7.55, -6.61, -6.60, -4.74, -3.62, -6.66, -3.30, -4.62, -2.08, -6.64, -6.19, -7.40, -4.52, -6.37, -5.90, -9.23, -5.60, -5.68, -4.95,,,,,,,,,,,,,,,,,,,,,,,
7F-CH-5.HB,(                ),,0.00,0.00,0.00,0.00,0.00,0.00,0.00,0.00,0.00,0.00,0.00,0.00,0.00,0.00,0.00,0.00,0.00,0.00,0.00,0.00,0.00,0.00,0.00,0.00,0.00,0.00,0.00,0.00,0.00,0.00,0.00,0.00,0.00,0.00,0.00,0.00,0.00,0.00,0.00,0.00,0.00,0.00,0.00,0.00,0.00,0.00,0.00,0.00,0.00,0.00,0.00,0.00,0.00,0.00,0.00,0.00,0.00,0.00,132.02,3.67, -2.40,4.21, -0.61, -4.28,2.30, -2.73, -4.67, -3.07,1.57,4.16,3.72, -0.61, -3.39,3.65,4.29, -3.49,2.61, -2.68, -2.08, -3.06, -0.42, -3.73,2.48, -2.24, -0.90,3.19, -0.42, -5.36,1.26, -1.32, -5.13, -2.94, -5.71,1.11, -1.96, -3.81,2.83, -7.04, -0.68, -1.82, -7.74, -2.81, -5.98, -2.84, -5.54,2.06, -4.66, -4.01,0.42,1.84, -2.87, -0.57, -6.27,0.66, -2.91,1.39, -5.68, -5.42, -6.08, -2.90, -3.26,,,,,,,,,,,,,,,,,,,,,,,
7F-CHSYS.HB,(                ),,166.01,791.28,1081.52,1293.78,1218.87,1653.45,1219.65,1833.07,1376.15,1320.06,11.50, -41.92,0.00,0.00,0.00,0.00,0.00,0.00,0.00,0.00,0.00,0.00,0.00,0.00,0.00,0.00,0.00,0.00,0.00,0.00,0.00,0.00,0.00,0.00,0.00,0.00,0.00,0.00,0.00,0.00,0.00,0.00,0.00,0.00,0.00, -22.14, -19.02, -18.81, -19.41, -4.00, -20.71, -25.80, -22.48, -26.19, -23.37, -30.84, -46.41, -47.37, -20.22, -37.24, -39.65, -33.46, -31.52, -37.15, -33.55, -34.68, -26.68, -20.15, -14.39, -17.94, -22.66, -18.09, -17.57, -18.41, -21.51, -19.56, -15.59, -26.63, -22.98, -20.57, -16.47, -23.96, -21.48, -19.12, -16.72, -17.90, -23.46, -22.28, -15.26, -21.39, -22.38, -20.19, -17.48, -21.15, -23.56, -20.42, -14.44, -19.79, -23.13, -21.54, -16.24, -21.75, -25.10, -24.07, -16.30, -13.82, -23.45, -23.42, -14.37, -15.39, -21.93, -22.77, -13.77, -16.54, -23.13, -22.73, -20.26, -20.07, -24.79, -22.41, -21.70,,,,,,,,,,,,,,,,,,,,,,,
CHP1F7:KW,(                ),kW,32.1,32.2,32.1,32.1,32.2,32.1,32.4,32.1,32.2,32.1,32.1,32.1,0.0,0.0,0.0,0.0,0.0,0.0,0.0,0.0,0.0,0.0,0.0,0.0,0.0,0.0,0.0,0.0,0.0,0.0,0.0,0.0,0.0,0.0,0.0,0.0,0.0,0.0,0.0,0.0,0.0,0.0,0.0,0.0,0.0,0.0,0.0,0.0,0.0,0.0,0.0,0.0,0.0,0.0,0.0,0.0,31.7,31.7,31.7,31.7,31.9,31.4,31.6,31.7,31.9,31.4,31.6,31.3,31.6,31.4,31.7,31.8,31.5,31.5,31.7,31.6,31.7,31.5,31.5,31.7,31.7,31.7,31.7,31.6,31.6,31.4,31.8,31.5,31.7,31.4,31.7,31.6,31.6,31.6,31.6,31.7,31.6,31.7,31.7,31.6,31.5,31.6,31.7,31.6,31.4,31.5,31.8,31.5,31.8,31.7,31.7,31.4,31.6,31.6,31.5,31.7,31.8,31.9,31.6,31.8,31.6,,,,,,,,,,,,,,,,,,,,,,,
CHP2F7:KW,(                ),kW,0.0,0.0,0.0,0.0,0.0,0.0,0.0,0.0,0.0,0.0,0.0,0.0,0.0,0.0,0.0,0.0,0.0,0.0,0.0,0.0,0.0,0.0,0.0,0.0,0.0,0.0,0.0,0.0,0.0,0.0,0.0,0.0,0.0,0.0,0.0,0.0,0.0,0.0,0.0,0.0,0.0,0.0,0.0,0.0,0.0,0.0,0.0,0.0,0.0,0.0,0.0,0.0,0.0,0.0,0.0,0.0,0.0,0.0,0.0,0.0,0.0,0.0,0.0,0.0,0.0,0.0,0.0,0.0,0.0,0.0,0.0,0.0,0.0,0.0,0.0,0.0,0.0,0.0,0.0,0.0,0.0,0.0,0.0,0.0,0.0,0.0,0.0,0.0,0.0,0.0,0.0,0.0,0.0,0.0,0.0,0.0,0.0,0.0,0.0,0.0,0.0,0.0,0.0,0.0,0.0,0.0,0.0,0.0,0.0,0.0,0.0,0.0,0.0,0.0,0.0,0.0,0.0,0.0,0.0,0.0,0.0,,,,,,,,,,,,,,,,,,,,,,,
CHP3F7:KW,(                ),kW,0.0,0.0,0.0,0.0,0.0,0.0,0.0,0.0,0.0,0.0,0.0,0.0,0.0,0.0,0.0,0.0,0.0,0.0,0.0,0.0,0.0,0.0,0.0,0.0,0.0,0.0,0.0,0.0,0.0,0.0,0.0,0.0,0.0,0.0,0.0,0.0,0.0,0.0,0.0,0.0,0.0,0.0,0.0,0.0,0.0,0.0,0.0,0.0,0.0,0.0,0.0,0.0,0.0,0.0,0.0,0.0,0.0,0.0,0.0,0.0,0.0,0.0,0.0,0.0,0.0,0.0,0.0,0.0,0.0,0.0,0.0,0.0,0.0,0.0,0.0,0.0,0.0,0.0,0.0,0.0,0.0,0.0,0.0,0.0,0.0,0.0,0.0,0.0,0.0,0.0,0.0,0.0,0.0,0.0,0.0,0.0,0.0,0.0,0.0,0.0,0.0,0.0,0.0,0.0,0.0,0.0,0.0,0.0,0.0,0.0,0.0,0.0,0.0,0.0,0.0,0.0,0.0,0.0,0.0,0.0,0.0,,,,,,,,,,,,,,,,,,,,,,,
CHP4F7:KW,(                ),kW,0.0,0.0,0.0,0.0,0.0,0.0,0.0,0.0,0.0,0.0,0.0,0.0,0.0,0.0,0.0,0.0,0.0,0.0,0.0,0.0,0.0,0.0,0.0,0.0,0.0,0.0,0.0,0.0,0.0,0.0,0.0,0.0,0.0,0.0,0.0,0.0,0.0,0.0,0.0,0.0,0.0,0.0,0.0,31.4,31.5,30.6,30.8,30.9,30.6,31.0,31.1,30.4,30.3,30.5,30.7,30.8,30.8,30.8,30.8,31.0,30.7,30.4,30.4,30.8,30.8,30.6,30.7,30.9,30.6,30.7,30.7,30.8,30.7,30.5,30.7,30.7,30.8,30.9,30.6,30.6,30.6,30.4,31.0,30.6,30.7,30.6,30.9,30.9,30.6,30.7,30.8,30.7,31.0,30.5,30.9,30.9,31.0,30.6,31.0,30.8,30.8,30.6,31.0,30.7,30.7,30.7,30.8,30.5,30.6,30.7,31.0,30.7,30.6,30.5,30.7,31.0,30.8,30.8,30.7,30.7,30.7,,,,,,,,,,,,,,,,,,,,,,,
CHP5F7:KW,(                ),kW,0.0,0.0,0.0,0.0,0.0,0.0,0.0,0.0,0.0,0.0,0.0,0.0,0.0,0.0,0.0,0.0,0.0,0.0,0.0,0.0,0.0,0.0,0.0,0.0,0.0,0.0,0.0,0.0,0.0,0.0,0.0,0.0,0.0,0.0,0.0,0.0,0.0,0.0,0.0,0.0,0.0,0.0,0.0,0.0,0.0,0.0,0.0,0.0,0.0,0.0,0.0,0.0,0.0,0.0,0.0,0.0,0.0,30.7,30.5,30.4,30.5,30.4,30.3,30.6,30.3,30.3,30.3,30.4,30.2,30.1,30.3,30.4,30.4,30.4,30.5,30.6,30.5,30.4,30.5,30.3,30.2,30.2,30.4,30.2,30.3,30.2,30.5,30.4,30.3,30.2,30.3,30.3,30.4,30.4,30.3,30.3,30.5,30.4,30.3,30.5,30.5,30.3,30.5,30.4,30.3,30.4,30.5,30.4,30.3,30.5,30.3,30.5,30.5,30.5,30.3,30.3,30.5,30.2,30.2,30.6,30.4,,,,,,,,,,,,,,,,,,,,,,,
CHPF7-ALL.KW,(冰水泵系統功率  ),,32.1,32.2,32.1,32.1,32.2,32.1,32.4,32.1,32.2,32.1,32.1,32.1,0.0,0.0,0.0,0.0,0.0,0.0,0.0,0.0,0.0,0.0,0.0,0.0,0.0,0.0,0.0,0.0,0.0,0.0,0.0,0.0,0.0,0.0,0.0,0.0,0.0,0.0,0.0,0.0,0.0,0.0,0.0,31.4,31.5,30.6,30.8,30.9,30.6,31.0,31.1,30.4,30.3,30.5,30.7,30.8,62.5,93.2,93.0,93.1,93.1,92.1,92.2,93.1,92.9,92.3,92.6,92.6,92.3,92.3,92.6,93.0,92.6,92.3,92.9,92.9,93.0,92.8,92.6,92.6,92.5,92.3,93.1,92.4,92.6,92.3,93.2,92.8,92.7,92.3,92.8,92.5,93.0,92.5,92.9,92.9,93.1,92.7,93.0,92.9,92.8,92.5,93.1,92.7,92.4,92.6,93.1,92.4,92.7,92.9,92.9,92.7,92.7,92.5,92.5,93.0,93.1,92.9,92.5,93.1,92.5,,,,,,,,,,,,,,,,,,,,,,,
CWP1F7:KW,(                ),kW,30.6,30.6,30.8,30.7,30.7,30.7,30.8,30.6,30.7,30.7,30.7,30.6,30.7,0.0,0.0,0.0,0.0,0.0,0.0,0.0,0.0,0.0,0.0,0.0,0.0,0.0,0.0,0.0,0.0,0.0,0.0,0.0,0.0,0.0,0.0,0.0,0.0,0.0,0.0,0.0,0.0,0.0,0.0,0.0,0.0,0.0,0.0,0.0,0.0,0.0,0.0,0.0,0.0,0.0,0.0,0.0,30.4,30.5,30.4,30.2,30.4,30.2,30.3,30.2,30.2,30.3,30.2,30.2,30.2,30.1,30.1,30.3,30.4,30.4,30.4,30.3,30.4,30.4,30.3,30.1,30.1,30.2,30.1,30.1,30.3,30.2,30.3,30.2,30.2,30.3,30.2,30.2,30.2,30.3,30.2,30.3,30.3,30.2,30.2,30.2,30.2,30.4,30.3,30.2,30.4,30.3,30.3,30.2,30.4,30.2,30.2,30.2,30.2,30.5,30.2,30.2,30.4,30.3,30.3,30.3,30.3,,,,,,,,,,,,,,,,,,,,,,,
CWP2F7:KW,(                ),kW,0.0,0.0,0.0,0.0,0.0,0.0,0.0,0.0,0.0,0.0,0.0,0.0,0.0,0.0,0.0,0.0,0.0,0.0,0.0,0.0,0.0,0.0,0.0,0.0,0.0,0.0,0.0,0.0,0.0,0.0,0.0,0.0,0.0,0.0,0.0,0.0,0.0,0.0,0.0,0.0,0.0,0.0,0.0,0.0,0.0,0.0,0.0,0.0,0.0,0.0,0.0,0.0,0.0,0.0,0.0,0.0,0.0,0.0,0.0,0.0,0.0,0.0,0.0,0.0,0.0,0.0,0.0,0.0,0.0,0.0,0.0,0.0,0.0,0.0,0.0,0.0,0.0,0.0,0.0,0.0,0.0,0.0,0.0,0.0,0.0,0.0,0.0,0.0,0.0,0.0,0.0,0.0,0.0,0.0,0.0,0.0,0.0,0.0,0.0,0.0,0.0,0.0,0.0,0.0,0.0,0.0,0.0,0.0,0.0,0.0,0.0,0.0,0.0,0.0,0.0,0.0,0.0,0.0,0.0,0.0,0.0,,,,,,,,,,,,,,,,,,,,,,,
CWP3F7:KW,(                ),kW,0.0,0.0,0.0,0.0,0.0,0.0,0.0,0.0,0.0,0.0,0.0,0.0,0.0,0.0,0.0,0.0,0.0,0.0,0.0,0.0,0.0,0.0,0.0,0.0,0.0,0.0,0.0,0.0,0.0,0.0,0.0,0.0,0.0,0.0,0.0,0.0,0.0,0.0,0.0,0.0,0.0,0.0,0.0,0.0,0.0,0.0,0.0,0.0,0.0,0.0,0.0,0.0,0.0,0.0,0.0,0.0,0.0,0.0,0.0,0.0,0.0,0.0,0.0,0.0,0.0,0.0,0.0,0.0,0.0,0.0,0.0,0.0,0.0,0.0,0.0,0.0,0.0,0.0,0.0,0.0,0.0,0.0,0.0,0.0,0.0,0.0,0.0,0.0,0.0,0.0,0.0,0.0,0.0,0.0,0.0,0.0,0.0,0.0,0.0,0.0,0.0,0.0,0.0,0.0,0.0,0.0,0.0,0.0,0.0,0.0,0.0,0.0,0.0,0.0,0.0,0.0,0.0,0.0,0.0,0.0,0.0,,,,,,,,,,,,,,,,,,,,,,,
CWP4F7:KW,(                ),kW,0.0,0.0,0.0,0.0,0.0,0.0,0.0,0.0,0.0,0.0,0.0,0.0,0.0,0.0,0.0,0.0,0.0,0.0,0.0,0.0,0.0,0.0,0.0,0.0,0.0,0.0,0.0,0.0,0.0,0.0,0.0,0.0,0.0,0.0,0.0,0.0,0.0,0.0,0.0,0.0,0.0,0.0,0.0,29.7,29.7,29.4,29.5,29.6,29.5,29.6,29.7,29.6,29.4,29.4,29.6,29.5,29.5,29.5,29.5,29.4,29.4,29.4,29.4,29.5,29.5,29.2,29.3,29.4,29.3,29.2,29.3,29.3,29.6,29.5,29.5,29.4,29.6,29.5,29.5,29.4,29.4,29.3,29.5,29.3,29.4,29.3,29.4,29.5,29.4,29.3,29.4,29.4,29.3,29.4,29.5,29.4,29.4,29.3,29.3,29.4,29.4,29.5,29.4,29.4,29.5,29.4,29.4,29.5,29.3,29.4,29.4,29.4,29.4,29.4,29.4,29.5,29.3,29.5,29.3,29.5,29.3,,,,,,,,,,,,,,,,,,,,,,,
CWP5F7:KW,(                ),kW,0.0,0.0,0.0,0.0,0.0,0.0,0.0,0.0,0.0,0.0,0.0,0.0,0.0,0.0,0.0,0.0,0.0,0.0,0.0,0.0,0.0,0.0,0.0,0.0,0.0,0.0,0.0,0.0,0.0,0.0,0.0,0.0,0.0,0.0,0.0,0.0,0.0,0.0,0.0,0.0,0.0,0.0,0.0,0.0,0.0,0.0,0.0,0.0,0.0,0.0,0.0,0.0,0.0,0.0,0.0,0.0,0.0,35.4,35.4,35.0,35.3,35.4,35.1,35.2,35.2,35.2,35.0,35.2,35.0,35.0,35.0,35.1,35.1,35.2,35.2,35.2,35.3,35.2,35.2,34.9,35.1,34.9,35.1,35.2,35.1,35.3,35.2,35.1,35.0,35.3,35.2,35.1,35.1,35.3,35.1,35.4,35.4,35.1,35.2,35.0,35.2,35.2,35.3,35.3,35.2,35.1,35.1,35.2,35.3,35.3,35.2,35.2,35.4,35.1,35.1,35.1,35.0,35.3,35.1,35.2,35.0,,,,,,,,,,,,,,,,,,,,,,,
CWPF7-ALL.KW,(冷卻水泵系統功率),,30.6,30.6,30.8,30.7,30.7,30.7,30.8,30.6,30.7,30.7,30.7,30.6,30.7,0.0,0.0,0.0,0.0,0.0,0.0,0.0,0.0,0.0,0.0,0.0,0.0,0.0,0.0,0.0,0.0,0.0,0.0,0.0,0.0,0.0,0.0,0.0,0.0,0.0,0.0,0.0,0.0,0.0,0.0,29.7,29.7,29.4,29.5,29.6,29.5,29.6,29.6,29.6,29.4,29.4,29.6,29.5,59.9,95.3,95.3,94.6,95.0,94.9,94.8,94.9,94.8,94.7,94.6,94.9,94.4,94.4,94.5,94.7,95.0,95.1,95.0,94.9,95.2,95.1,94.9,94.4,94.6,94.4,94.7,94.6,94.8,94.8,94.9,94.7,94.6,94.9,94.8,94.8,94.7,95.0,94.8,95.0,95.1,94.6,94.7,94.6,94.7,95.0,94.9,94.9,95.1,94.8,94.8,94.9,95.0,94.9,94.8,94.8,94.8,95.0,94.7,94.7,94.7,95.1,94.8,94.9,94.6,,,,,,,,,,,,,,,,,,,,,,,
CH-B1-1.CST,(冰水送水溫度    ),DEG C,8.37,8.28,8.15,8.22,8.17,8.25,8.32,8.41,8.46,8.47,8.47,8.52,8.55,8.63,8.67,8.70,8.77,8.76,8.89,9.03,9.12,9.26,9.44,9.50,9.62,9.73,9.87,10.01,10.13,10.19,10.33,10.38,10.53,10.65,10.76,10.94,11.03,11.17,11.33,11.44,11.59,11.73,11.90,12.02,12.16,16.85,13.04,9.44,6.86,6.68,6.69,7.96,7.58,7.13,7.08,7.49,7.43,7.75,8.20,8.30,8.47,8.76,8.63,8.80,8.81,8.72,8.62,8.46,8.47,8.40,8.43,8.35,8.44,8.48,8.52,8.50,8.48,8.48,8.49,8.46,8.47,8.50,8.48,8.45,8.46,8.45,8.51,8.63,8.73,8.71,8.67,8.75,8.72,8.72,8.67,8.63,8.60,8.55,8.47,8.34,8.24,8.22,8.13,7.90,7.80,7.92,7.95,7.99,7.85,7.80,7.82,7.90,7.92,7.94,7.95,7.96,7.96,7.97,7.96,7.94,7.90,,,,,,,,,,,,,,,,,,,,,,,
CH-B1-2.CST,(冰水送水溫度    ),DEG C,8.15,8.16,8.18,8.17,8.27,8.34,8.40,8.45,8.51,8.53,8.59,8.63,8.67,8.72,8.77,8.81,8.88,8.90,8.97,8.97,9.06,9.11,9.19,9.24,9.32,9.40,9.50,9.61,9.75,9.85,9.97,10.08,10.21,10.32,10.41,10.51,10.61,10.72,10.84,10.97,11.11,11.26,11.41,11.56,11.71,12.45,16.07,12.73,9.77,7.83,7.65,7.35,8.06,8.00,10.12,9.68,9.63,11.31,11.60,11.72,11.77,11.62,11.50,12.27,12.20,11.53,11.35,11.25,11.20,11.14,11.11,11.19,11.43,11.51,11.55,11.46,11.40,11.41,11.50,11.54,11.58,11.60,11.59,11.52,11.49,11.45,11.91,12.03,12.11,12.10,12.05,12.10,12.10,12.06,12.04,11.98,11.97,11.97,11.99,11.97,11.93,11.90,11.84,11.81,11.71,11.80,11.89,11.92,11.87,11.86,11.89,11.96,11.99,12.00,12.03,12.03,12.04,12.04,12.02,11.98,11.96,,,,,,,,,,,,,,,,,,,,,,,
CHW.ST,(冰水總出水溫度  ),DEG C,8.3,8.4,8.5,8.6,8.7,8.7,8.8,8.8,8.9,8.9,8.9,9.0,9.0,9.1,9.2,9.4,9.6,9.8,9.9,10.1,10.2,10.3,10.3,10.4,10.5,10.6,10.7,10.8,10.9,11.1,11.3,11.4,11.6,11.7,11.9,12.1,12.1,12.3,12.4,12.5,12.7,12.8,13.0,13.1,13.3,16.7,14.0,10.3,7.5,7.0,6.9,7.5,7.7,7.4,8.0,8.3,8.3,9.1,9.5,9.6,9.7,9.9,9.7,10.2,10.1,9.8,9.7,9.5,9.5,9.4,9.5,9.4,9.6,9.6,9.7,9.6,9.6,9.6,9.6,9.6,9.7,9.7,9.7,9.6,9.6,9.6,9.8,9.9,10.0,10.0,10.0,10.1,10.0,10.0,10.0,9.9,9.9,9.8,9.8,9.7,9.6,9.6,9.4,9.2,9.1,9.2,9.3,9.3,9.2,9.2,9.2,9.3,9.3,9.3,9.3,9.3,9.4,9.4,9.4,9.3,9.3,,,,,,,,,,,,,,,,,,,,,,,
CH-B1-1.CRT,(冰水進水溫度    ),DEG C,8.61,8.76,8.91,9.04,9.15,9.24,9.33,9.41,9.49,9.58,9.65,9.72,9.79,9.86,9.93,9.99,10.04,10.09,10.14,10.18,10.21,10.25,10.29,10.33,10.36,10.41,10.44,10.49,10.54,10.59,10.66,10.71,10.79,10.87,10.95,11.02,11.11,11.17,11.26,11.35,11.43,11.53,11.61,11.69,11.78,18.19,16.59,13.69,10.61,8.70,8.07,7.91,8.56,8.66,10.57,11.09,10.97,11.29,11.69,11.82,12.05,12.34,12.23,12.33,12.41,12.33,12.24,12.08,12.08,12.01,12.06,11.96,12.05,12.07,12.10,12.08,12.04,12.04,12.05,12.01,12.03,12.05,12.04,12.01,12.01,11.99,12.04,12.16,12.26,12.24,12.21,12.28,12.25,12.26,12.22,12.19,12.16,12.12,12.07,11.99,11.92,11.89,11.85,11.60,11.53,11.66,11.65,11.69,11.59,11.53,11.54,11.61,11.63,11.66,11.67,11.68,11.68,11.69,11.69,11.66,11.61,,,,,,,,,,,,,,,,,,,,,,,
CH-B1-2.CRT,(冰水進水溫度    ),DEG C,8.06,8.14,8.23,8.35,8.51,8.59,8.71,8.81,8.92,8.99,9.11,9.17,9.29,9.36,9.45,9.55,9.65,9.76,9.87,9.96,10.04,10.15,10.24,10.36,10.45,10.54,10.62,10.74,10.83,10.93,11.04,11.09,11.15,11.28,11.35,11.41,11.49,11.55,11.61,11.69,11.79,11.83,11.93,11.98,12.06,15.29,15.98,12.50,9.55,7.70,7.61,7.30,8.09,7.99,10.00,9.66,9.71,11.32,11.60,11.72,11.77,11.61,11.49,12.27,12.17,11.51,11.34,11.23,11.18,11.14,11.11,11.18,11.43,11.50,11.53,11.45,11.40,11.40,11.49,11.53,11.57,11.59,11.59,11.51,11.49,11.45,11.90,12.03,12.10,12.09,12.05,12.09,12.09,12.06,12.03,11.98,11.96,11.97,11.98,11.95,11.92,11.89,11.84,11.80,11.70,11.80,11.89,11.92,11.87,11.85,11.89,11.96,11.98,12.00,12.02,12.03,12.03,12.03,12.02,11.97,11.95,,,,,,,,,,,,,,,,,,,,,,,
CHW.RT,(冰水總回水溫度  ),DEG C,8.5,9.5,9.7,9.9,10.5,10.9,11.4,11.8,12.3,12.6,12.9,13.3,13.6,13.0,11.7,11.5,12.1,12.6,13.3,13.8,14.2,14.5,14.6,14.8,15.0,15.3,15.5,15.5,15.8,15.9,16.2,16.4,16.6,16.7,17.1,17.4,17.6,17.7,17.9,17.3,17.3,17.5,17.8,18.0,17.9,18.5,16.7,14.1,10.9,8.8,8.0,7.8,8.3,8.4,10.4,10.7,10.8,11.3,11.7,11.8,12.3,12.3,12.3,12.3,12.4,12.4,12.2,12.2,12.1,12.0,12.0,12.0,12.0,12.1,12.2,12.2,12.1,12.2,12.2,12.1,12.2,12.2,12.2,12.1,12.1,12.1,12.1,12.3,12.4,12.4,12.3,12.4,12.3,12.4,12.3,12.3,12.2,12.2,12.1,12.1,12.0,12.0,11.9,11.8,11.7,11.7,11.6,11.6,11.6,11.5,11.5,11.5,11.6,11.6,11.6,11.6,11.6,11.6,11.6,11.6,11.6,,,,,,,,,,,,,,,,,,,,,,,
CH-B1-1.CHDT,(冰水溫差        ),DEG C,0.2,0.5,0.8,0.8,1.0,1.0,1.0,1.0,1.0,1.1,1.2,1.2,1.2,1.2,1.3,1.3,1.3,1.3,1.3,1.2,1.1,1.0,0.9,0.8,0.7,0.7,0.6,0.5,0.4,0.4,0.3,0.3,0.3,0.2,0.2,0.1,0.1, -0.0, -0.1, -0.1, -0.2, -0.2, -0.3, -0.3, -0.4,1.3,3.5,4.3,3.7,2.0,1.4, -0.0,1.0,1.5,3.5,3.6,3.5,3.5,3.5,3.5,3.6,3.6,3.6,3.5,3.6,3.6,3.6,3.6,3.6,3.6,3.6,3.6,3.6,3.6,3.6,3.6,3.6,3.6,3.6,3.6,3.6,3.5,3.6,3.6,3.6,3.5,3.5,3.5,3.5,3.5,3.5,3.5,3.5,3.5,3.5,3.6,3.6,3.6,3.6,3.7,3.7,3.7,3.7,3.7,3.7,3.7,3.7,3.7,3.7,3.7,3.7,3.7,3.7,3.7,3.7,3.7,3.7,3.7,3.7,3.7,3.7,,,,,,,,,,,,,,,,,,,,,,,
CH-B1-2.CHDT,(冰水溫差        ),DEG C, -0.1, -0.0,0.1,0.2,0.2,0.2,0.3,0.4,0.4,0.5,0.5,0.5,0.6,0.6,0.7,0.7,0.8,0.9,0.9,1.0,1.0,1.0,1.0,1.1,1.1,1.1,1.1,1.1,1.1,1.1,1.1,1.0,0.9,1.0,0.9,0.9,0.9,0.8,0.8,0.7,0.7,0.6,0.5,0.4,0.4,2.3, -0.1, -0.2, -0.2, -0.1, -0.0, -0.1,0.0, -0.0, -0.1, -0.0,0.1,0.0, -0.0, -0.0, -0.0, -0.0, -0.0,0.0, -0.0, -0.0, -0.0, -0.0, -0.0, -0.0, -0.0, -0.0, -0.0, -0.0, -0.0, -0.0, -0.0, -0.0, -0.0, -0.0, -0.0, -0.0, -0.0, -0.0, -0.0, -0.0, -0.0, -0.0, -0.0, -0.0, -0.0, -0.0, -0.0, -0.0, -0.0, -0.0, -0.0, -0.0, -0.0, -0.0, -0.0, -0.0, -0.0, -0.0, -0.0, -0.0, -0.0, -0.0, -0.0, -0.0, -0.0, -0.0, -0.0, -0.0, -0.0, -0.0, -0.0, -0.0, -0.0, -0.0, -0.0,,,,,,,,,,,,,,,,,,,,,,,
CH-B1.CHDT,(冰水系統溫差    ),DEG C,0.2,1.1,1.2,1.3,1.8,2.2,2.7,3.0,3.4,3.7,3.9,4.3,4.5,3.9,2.5,2.0,2.4,2.9,3.4,3.7,4.0,4.2,4.3,4.4,4.5,4.7,4.8,4.7,4.9,4.8,4.9,4.9,5.0,5.0,5.2,5.3,5.5,5.4,5.5,4.8,4.7,4.7,4.8,4.9,4.6,1.7,2.8,3.9,3.4,1.8,1.0,0.3,0.6,1.1,2.3,2.5,2.6,2.3,2.2,2.2,2.6,2.5,2.6,2.2,2.3,2.6,2.6,2.6,2.6,2.6,2.6,2.5,2.4,2.5,2.5,2.5,2.5,2.6,2.5,2.5,2.5,2.5,2.5,2.5,2.5,2.5,2.3,2.3,2.3,2.4,2.4,2.3,2.3,2.3,2.3,2.3,2.3,2.3,2.3,2.4,2.5,2.4,2.5,2.6,2.6,2.4,2.3,2.3,2.4,2.4,2.3,2.2,2.2,2.2,2.2,2.3,2.2,2.2,2.2,2.2,2.3,,,,,,,,,,,,,,,,,,,,,,,
CH-B1-1.CFM,(流量回受值      ),,7,7,7,7,7,7,7,7,7,7,7,7,7,7,7,7,7,8,5,7,5,6,6,6,6,6,6,7,7,5,6,6,6,6,6,6,6,6,6,6,6,6,7,7,7,4214,5044,4810,4722,4707,4633,4663,4657,4651,4988,5061,4755,4799,4917,4929,4848,4911,4907,4961,4812,4910,4874,4916,4818,4928,4847,4891,4864,4853,4878,4916,4899,4937,4887,4896,4896,4890,4874,4911,4888,4887,4908,4923,4988,4964,4946,4951,4960,4942,4937,4881,4859,4861,4860,4922,5015,5122,5179,5321,5274,5304,5194,5221,5264,5306,5301,5339,5271,5278,5300,5322,5255,5277,5309,5267,5241,,,,,,,,,,,,,,,,,,,,,,,
CH-B1-2.CFM,(流量回受值      ),,5,4,4,6,6,6,4,4,4,6,6,6,6,6,6,6,6,6,6,4,4,4,6,6,5,5,5,5,5,5,5,5,5,5,5,5,5,5,5,5,5,5,5,5,5,5,1327,1053,844,841,821,806,814,884,1523,2167,2345,2444,2588,2624,2500,2564,2457,2718,2504,2488,2430,2414,2366,2360,2433,2367,2447,2500,2538,2549,2600,2590,2642,2596,2617,2641,2603,2601,2609,2606,2624,2697,2712,2707,2679,2719,2721,2663,2628,2628,2609,2554,2473,2336,2257,2197,2151,2069,1985,2032,2094,2041,2038,1980,2028,2076,2069,2082,2074,2079,2072,2082,2077,2082,2089,,,,,,,,,,,,,,,,,,,,,,,
CH-B1.CFM,(冰水系統總流量  ),,0,0,0,0,0,0,0,0,0,0,0,0,0,0,0,0,0,0,0,0,0,0,0,0,0,0,0,0,0,0,0,0,0,0,0,0,0,0,0,0,0,0,0,0,0,4214,5044,4821,4714,4707,4643,4645,4657,4651,4988,5061,4755,4799,4917,4929,4855,4911,4888,4961,4813,4911,4874,4916,4839,4928,4811,4891,4855,4853,4878,4909,4916,4930,4887,4915,4896,4890,4865,4909,4888,4887,4908,4923,4967,4963,4946,4954,4960,4942,4937,4865,4859,4861,4860,4922,5032,5122,5179,5301,5275,5304,5197,5221,5252,5299,5301,5340,5271,5277,5300,5322,5255,5275,5309,5258,5241,,,,,,,,,,,,,,,,,,,,,,,
CH-B1-1.CWST,(冷卻水進水溫度  ),DEG C,28.24,28.25,28.26,28.27,28.27,27.14,27.20,27.22,27.23,27.25,27.26,27.27,27.28,27.30,27.30,27.31,27.32,27.32,27.33,27.33,27.33,27.33,27.34,27.34,27.34,27.34,27.34,27.34,27.34,27.34,27.34,27.33,27.34,27.33,27.33,27.33,27.33,27.33,27.32,27.32,27.32,27.31,27.31,27.31,27.30,26.03,28.01,30.05,30.47,30.04,28.31,27.33,27.77,28.34,30.35,30.48,30.61,30.54,30.73,30.48,30.53,30.95,30.81,30.55,30.79,30.83,31.20,31.08,31.06,30.90,30.95,30.67,30.46,30.43,30.33,30.29,30.46,30.59,30.41,30.38,30.38,30.57,30.41,30.37,30.52,30.72,30.59,30.77,30.51,30.67,30.57,30.59,30.62,30.73,30.54,30.55,30.66,30.57,30.60,30.51,30.57,30.72,30.44,30.49,30.38,30.36,30.28,30.34,30.28,30.25,30.27,30.26,30.34,30.33,30.24,30.19,30.02,30.03,30.07,29.99,29.98,,,,,,,,,,,,,,,,,,,,,,,
CH-B1-2.CWST,(冷卻水進水溫度  ),DEG C,28.19,28.21,28.21,28.22,28.22,28.19,28.19,28.20,28.20,28.18,28.18,28.17,28.17,28.17,28.16,28.16,28.16,28.15,28.15,28.14,28.13,28.12,28.12,28.11,28.10,28.09,28.09,28.08,28.07,28.06,28.05,28.04,28.03,28.02,28.01,28.01,28.00,27.99,27.97,27.96,27.95,27.94,27.93,27.93,27.91,27.90,27.89,27.88,27.87,27.86,27.86,27.84,27.84,27.83,27.82,27.81,27.80,27.80,27.79,27.79,27.79,27.79,27.79,27.79,27.80,27.80,27.80,27.80,27.81,27.82,27.82,27.83,27.83,27.84,27.85,27.85,27.86,27.87,27.88,27.89,27.90,27.91,27.92,27.93,27.94,27.95,27.97,27.98,28.00,28.02,28.03,28.04,28.06,28.07,28.09,28.10,28.12,28.13,28.15,28.16,28.18,28.19,28.21,28.22,28.23,28.25,28.26,28.27,28.28,28.29,28.30,28.32,28.33,28.34,28.35,28.36,28.37,28.38,28.40,28.41,28.41,,,,,,,,,,,,,,,,,,,,,,,
CW.ST,(冷卻水總出水溫度),DEG C,28.14,28.16,28.18,28.20,28.20,27.09,27.11,27.45,27.42,27.40,27.38,27.37,27.37,27.36,27.35,27.34,27.32,27.31,27.29,27.27,27.25,27.23,27.22,27.20,27.18,27.16,27.14,27.12,27.10,27.07,27.05,27.03,27.02,26.99,26.97,26.95,26.93,26.91,26.90,26.88,26.86,26.84,26.82,26.81,26.79,26.46,30.60,33.58,33.66,31.76,29.47,27.79,28.40,29.50,33.31,33.92,34.03,34.04,34.17,34.00,34.05,34.48,34.32,34.13,34.33,34.35,34.71,34.58,34.57,34.42,34.48,34.19,33.98,33.95,33.88,33.81,33.98,34.09,33.96,33.88,33.90,34.09,33.90,33.89,34.02,34.24,34.10,34.30,34.04,34.21,34.10,34.12,34.18,34.26,34.08,34.09,34.16,34.12,34.13,34.01,34.08,34.20,33.95,33.96,33.85,33.81,33.78,33.84,33.75,33.73,33.73,33.73,33.83,33.81,33.71,33.66,33.51,33.51,33.56,33.47,33.46,,,,,,,,,,,,,,,,,,,,,,,
CH-B1-1.CWRT,(冷卻水出水溫度  ),,28.26,28.28,28.29,28.31,28.32,27.13,27.63,27.74,27.79,27.77,27.77,27.76,27.75,27.75,27.74,27.74,27.74,27.74,27.73,27.72,27.72,27.71,27.71,27.70,27.69,27.69,27.68,27.67,27.66,27.65,27.64,27.63,27.63,27.61,27.60,27.59,27.58,27.57,27.56,27.54,27.53,27.52,27.50,27.49,27.48,26.64,30.78,33.65,33.69,31.78,29.49,27.61,28.48,29.56,33.39,33.94,34.06,34.05,34.21,34.02,34.07,34.51,34.36,34.15,34.36,34.38,34.74,34.61,34.59,34.44,34.50,34.22,34.00,33.98,33.90,33.84,34.01,34.12,33.97,33.92,33.92,34.12,33.94,33.92,34.06,34.26,34.13,34.33,34.07,34.24,34.13,34.15,34.20,34.29,34.11,34.12,34.20,34.15,34.16,34.05,34.10,34.23,33.97,33.99,33.88,33.85,33.80,33.86,33.78,33.75,33.76,33.76,33.86,33.84,33.74,33.69,33.53,33.54,33.59,33.50,33.49,,,,,,,,,,,,,,,,,,,,,,,
CH-B1-2.CWRT,(冷卻水出水溫度  ),,28.32,28.32,28.32,28.32,28.31,28.24,28.24,28.26,28.26,28.25,28.24,28.23,28.23,28.22,28.21,28.20,28.18,28.17,28.16,28.15,28.13,28.11,28.10,28.09,28.07,28.06,28.04,28.02,28.01,27.99,27.98,27.96,27.94,27.92,27.91,27.89,27.87,27.85,27.84,27.82,27.80,27.78,27.77,27.75,27.73,27.71,27.69,27.67,28.96,29.22,29.48,29.43,29.37,29.33,29.25,29.18,30.22,30.29,30.85,31.09,31.27,31.41,31.80,31.86,31.91,32.08,32.17,32.30,32.44,32.50,32.59,32.65,32.71,32.72,32.70,32.72,32.73,32.72,32.75,32.80,32.77,32.79,32.81,32.82,32.81,32.82,32.85,32.87,32.90,32.94,32.94,32.98,32.94,32.98,33.00,33.01,33.02,33.03,33.00,33.04,33.03,33.03,33.05,33.06,33.03,33.01,32.99,32.97,32.94,32.92,32.91,32.92,32.87,32.85,32.86,32.86,32.85,32.85,32.81,32.77,32.74,,,,,,,,,,,,,,,,,,,,,,,
CW.RT,(冷卻水總回水溫度),DEG C,28.25,28.27,28.28,28.27,28.26,26.96,27.36,27.47,27.48,27.47,27.44,27.42,27.39,27.35,27.32,27.29,27.24,27.21,27.17,27.12,27.08,27.04,27.01,26.97,26.93,26.90,26.87,26.84,26.81,26.78,26.75,26.72,26.70,26.67,26.65,26.63,26.61,26.59,26.56,26.54,26.53,26.50,26.48,26.47,26.45,25.84,28.04,30.08,30.47,30.02,28.30,27.31,27.77,28.35,30.36,30.47,30.59,30.51,30.74,30.47,30.53,30.95,30.80,30.54,30.79,30.83,31.19,31.09,31.05,30.89,30.95,30.65,30.47,30.44,30.31,30.29,30.45,30.60,30.40,30.39,30.38,30.57,30.41,30.36,30.51,30.72,30.59,30.75,30.51,30.66,30.56,30.58,30.61,30.72,30.55,30.54,30.66,30.55,30.60,30.51,30.56,30.71,30.43,30.48,30.39,30.35,30.27,30.33,30.27,30.25,30.28,30.25,30.34,30.32,30.24,30.19,30.01,30.02,30.06,29.99,29.97,,,,,,,,,,,,,,,,,,,,,,,
CH-B1-1.CWDT,(冷卻水溫差      ),DEG C,0.0,0.0,0.0,0.0,0.0, -0.0,0.4,0.5,0.6,0.5,0.5,0.5,0.5,0.5,0.4,0.4,0.4,0.4,0.4,0.4,0.4,0.4,0.4,0.4,0.4,0.3,0.3,0.3,0.3,0.3,0.3,0.3,0.3,0.3,0.3,0.3,0.3,0.2,0.2,0.2,0.2,0.2,0.2,0.2,0.2,0.5,2.7,3.6,3.2,1.7,1.2,0.4,0.7,1.2,3.0,3.5,3.4,3.5,3.5,3.5,3.5,3.6,3.5,3.6,3.6,3.6,3.5,3.5,3.5,3.5,3.5,3.5,3.5,3.5,3.6,3.5,3.6,3.5,3.6,3.5,3.5,3.5,3.5,3.6,3.5,3.5,3.5,3.6,3.6,3.6,3.6,3.6,3.6,3.6,3.6,3.6,3.5,3.6,3.6,3.5,3.5,3.5,3.5,3.5,3.5,3.5,3.5,3.5,3.5,3.5,3.5,3.5,3.5,3.5,3.5,3.5,3.5,3.5,3.5,3.5,3.5,,,,,,,,,,,,,,,,,,,,,,,
CH-B1-2.CWDT,(冷卻水溫差      ),DEG C,0.1,0.1,0.1,0.1,0.1,0.0,0.1,0.1,0.1,0.1,0.1,0.1,0.1,0.1,0.0,0.0,0.0,0.0,0.0,0.0, -0.0, -0.0, -0.0, -0.0, -0.0, -0.0, -0.0, -0.1, -0.1, -0.1, -0.1, -0.1, -0.1, -0.1, -0.1, -0.1, -0.1, -0.1, -0.1, -0.1, -0.2, -0.2, -0.2, -0.2, -0.2, -0.2, -0.2, -0.2,1.1,1.3,1.6,1.6,1.5,1.5,1.4,1.4,2.4,2.5,3.1,3.3,3.5,3.6,4.0,4.1,4.1,4.3,4.4,4.5,4.6,4.7,4.8,4.8,4.9,4.9,4.9,4.9,4.9,4.9,4.9,4.9,4.9,4.9,4.9,4.9,4.9,4.9,4.9,4.9,4.9,4.9,4.9,4.9,4.9,4.9,4.9,4.9,4.9,4.9,4.9,4.9,4.9,4.8,4.8,4.8,4.8,4.8,4.7,4.7,4.7,4.6,4.6,4.6,4.5,4.5,4.5,4.5,4.5,4.5,4.4,4.4,4.3,,,,,,,,,,,,,,,,,,,,,,,
CH-B1.CWDT,(冷卻水系統溫差  ),DEG C, -0.1, -0.1, -0.1, -0.1, -0.1,0.1, -0.3, -0.0, -0.1, -0.1, -0.1, -0.1, -0.0,0.0,0.0,0.1,0.1,0.1,0.1,0.2,0.2,0.2,0.2,0.2,0.2,0.3,0.3,0.3,0.3,0.3,0.3,0.3,0.3,0.3,0.3,0.3,0.3,0.3,0.3,0.3,0.3,0.3,0.3,0.3,0.3,0.5,2.5,3.5,3.2,1.7,1.2,0.6,0.6,1.1,2.9,3.4,3.4,3.5,3.4,3.5,3.5,3.5,3.5,3.6,3.5,3.5,3.5,3.5,3.5,3.5,3.5,3.5,3.5,3.5,3.6,3.5,3.5,3.5,3.6,3.5,3.5,3.5,3.5,3.5,3.5,3.5,3.5,3.5,3.5,3.5,3.5,3.5,3.6,3.5,3.5,3.5,3.5,3.6,3.5,3.5,3.5,3.5,3.5,3.5,3.5,3.5,3.5,3.5,3.5,3.5,3.5,3.5,3.5,3.5,3.5,3.5,3.5,3.5,3.5,3.5,3.5,,,,,,,,,,,,,,,,,,,,,,,
CH-B1-1.CWFM,(流量回受值      ),,5,5,5,5,5,7,5,5,5,5,5,5,7,5,5,5,5,5,5,5,5,5,5,6,6,6,6,4,6,4,6,6,6,6,6,6,6,6,4,6,6,6,6,6,4,4095,5838,5911,5894,5867,5860,5834,5790,5839,5886,5925,5953,5938,5964,5991,5989,5906,5951,5975,5952,5922,5937,5916,5953,5925,5961,6007,5976,5959,5971,6002,5997,6010,5988,5967,5984,5989,5981,5947,6001,5980,5951,5915,5959,5943,5948,5967,5924,5922,5945,5954,5913,5960,5945,5971,5979,5930,5975,5963,5937,5961,5950,5964,5930,5964,5915,5966,5939,5952,5963,5958,5937,5971,5971,5978,5946,,,,,,,,,,,,,,,,,,,,,,,
CH-B1-2.CWFM,(流量回受值      ),, -2,0,0,0,0, -2,0,0,0,0,0,0,0,0,0,0,0,0,0, -2,0,0,0,0,0,0,0,0,0,0,0,0,0,0,0,0,0,0,0,0,0,0,0,0,0,0, -2,0,0,0,0, -2,0,0, -3,0,0,0,0,0,0,0,0,0,0,0,0,0, -2,0,0,0,0,0, -2,0,0,0,0,0,0,0,0,0,0,0,0,0,0,0,0,0,0,0,0,0,0,0,0,0,0, -2, -2,0,0,0,0, -2,0,0,0,0,0,0,0,0, -2,0,0,0,0,,,,,,,,,,,,,,,,,,,,,,,
CH-B1.CWFM,(冷卻水系統總流量),,0,0,0,0,0,0,0,0,0,0,0,0,0,0,0,0,0,0,0,0,0,0,0,0,0,0,0,0,0,0,0,0,0,0,0,0,0,0,0,0,0,0,0,0,0,4095,5844,5911,5909,5867,5864,5812,5790,5839,5886,5925,5953,5938,5964,5991,5992,5906,5954,5975,5952,5919,5935,5916,5950,5925,5963,6007,5970,5959,5971,5999,5985,6005,5988,5969,5979,5989,5976,5958,6001,5980,5951,5915,5973,5938,5948,5963,5924,5922,5941,5969,5913,5960,5932,5972,5979,5928,5975,5972,5939,5961,5947,5964,5937,5971,5915,5966,5944,5938,5963,5958,5935,5973,5971,5978,5946,,,,,,,,,,,,,,,,,,,,,,,
CH1B1:KW,(                ),kW,0.5,0.5,0.5,0.5,0.5,0.5,0.5,0.5,0.5,0.5,0.5,0.5,0.5,0.5,0.5,0.5,0.5,0.5,0.5,0.5,0.5,0.5,0.5,0.5,0.5,0.5,0.5,0.5,0.5,0.5,0.5,0.5,0.5,0.5,0.5,0.5,0.5,0.5,0.5,0.5,0.5,0.5,0.5,0.5,0.5,0.5,0.5,0.5,0.5,0.5,0.5,0.5,0.5,0.5,0.5,0.5,0.5,0.5,0.5,0.5,0.5,0.5,0.5,0.5,0.5,0.5,0.5,0.5,0.5,0.5,0.5,0.5,0.5,0.5,0.5,0.5,0.5,0.5,0.5,0.5,0.5,0.5,0.5,0.5,0.5,0.5,0.5,0.5,0.5,0.5,0.5,0.5,0.5,0.5,0.5,0.5,0.5,0.5,0.5,0.5,0.5,0.5,0.5,0.5,0.5,0.5,0.5,0.5,0.5,0.5,0.5,0.5,0.5,0.5,0.5,0.5,0.5,0.5,0.5,0.5,0.5,,,,,,,,,,,,,,,,,,,,,,,
CH2B1:KW,(                ),kW,0.5,0.5,0.5,0.5,0.5,0.5,0.5,0.5,0.5,0.5,0.5,0.5,0.5,0.5,0.5,0.5,0.5,0.5,0.5,0.5,0.5,0.5,0.5,0.5,0.5,0.5,0.5,0.5,0.5,0.5,0.5,0.5,0.5,0.5,0.5,0.5,0.5,0.5,0.5,0.5,0.5,0.5,0.5,0.5,0.5,0.5,0.5,0.5,0.5,0.5,0.5,0.5,0.5,0.5,0.5,0.5,0.5,0.5,0.5,0.5,0.5,0.5,0.5,0.5,0.5,0.5,0.5,0.5,0.5,0.5,0.5,0.5,0.5,0.5,0.5,0.5,0.5,0.5,0.5,0.5,0.5,0.5,0.5,0.5,0.5,0.5,0.5,0.5,0.5,0.5,0.5,0.5,0.5,0.5,0.5,0.5,0.5,0.5,0.5,0.5,0.5,0.5,0.5,0.5,0.5,0.5,0.5,0.5,0.5,0.5,0.5,0.5,0.5,0.5,0.5,0.5,0.5,0.5,0.5,0.5,0.5,,,,,,,,,,,,,,,,,,,,,,,
CHB1-ALL.KW,(冰機系統功率    ),,1.1,1.1,1.1,1.1,1.1,1.1,1.1,1.1,1.1,1.1,1.1,1.1,1.1,1.1,1.1,1.1,1.1,1.1,1.1,1.1,1.1,1.1,1.1,1.1,1.1,1.1,1.1,1.1,1.1,1.1,1.1,1.1,1.1,1.1,1.1,1.1,1.1,1.1,1.1,1.1,1.1,1.1,1.1,1.1,1.1,1.1,1.1,1.1,1.1,1.1,1.1,1.1,1.1,1.1,1.1,1.1,1.1,1.1,1.1,1.1,1.1,1.1,1.1,1.1,1.1,1.1,1.1,1.1,1.1,1.1,1.1,1.1,1.1,1.1,1.1,1.1,1.1,1.1,1.1,1.1,1.1,1.1,1.1,1.1,1.1,1.1,1.1,1.1,1.1,1.1,1.1,1.1,1.1,1.1,1.1,1.1,1.1,1.1,1.1,1.1,1.1,1.1,1.1,1.1,1.1,1.1,1.1,1.1,1.1,1.1,1.1,1.1,1.1,1.1,1.1,1.1,1.1,1.1,1.1,1.1,1.1,,,,,,,,,,,,,,,,,,,,,,,
CH-B1-1.TON,(冷凍頓          ),,0,0,0,0,0,0,0,0,0,0,0,0,0,0,0,0,0,0,0,0,0,0,0,0,0,0,0,0,0,0,0,0,0,0,0,0,0,0,0,0,0,0,0,0,0,107,354,407,350,189,127,0,90,140,345,362,334,336,340,343,344,349,351,346,344,352,350,352,346,352,348,350,347,345,346,348,347,347,344,346,345,344,343,346,344,343,344,344,349,347,347,346,347,347,347,345,342,345,345,356,365,373,381,389,389,392,381,383,389,392,391,393,388,389,390,392,388,389,392,388,386,,,,,,,,,,,,,,,,,,,,,,,
CH-B1-2.TON,(冷凍頓          ),,0,0,0,0,0,0,0,0,0,0,0,0,0,0,0,0,0,0,0,0,0,0,0,0,0,0,0,0,0,0,0,0,0,0,0,0,0,0,0,0,0,0,0,0,0,0,0,0,0,0,0,0,0,0,0,0,0,0,0,0,0,0,0,0,0,0,0,0,0,0,0,0,0,0,0,0,0,0,0,0,0,0,0,0,0,0,0,0,0,0,0,0,0,0,0,0,0,0,0,0,0,0,0,0,0,0,0,0,0,0,0,0,0,0,0,0,0,0,0,0,0,,,,,,,,,,,,,,,,,,,,,,,
CH-B1.TON,(冰水系統冷凍頓  ),,0,0,0,0,0,0,0,0,0,0,0,0,0,0,0,0,0,0,0,0,0,0,0,0,0,0,0,0,0,0,0,0,0,0,0,0,0,0,0,0,0,0,0,0,0,143,275,371,317,167,94,30,51,97,231,246,241,215,216,214,246,239,251,212,216,251,249,256,247,251,244,247,235,239,240,247,247,251,244,242,243,242,239,242,243,246,224,226,229,231,231,230,227,228,226,225,224,225,226,237,245,245,255,270,267,255,233,237,245,250,239,235,233,233,235,238,234,234,236,232,235,,,,,,,,,,,,,,,,,,,,,,,
CH-B1-1.KW/RT,(冰機效率        ),,0.00,0.00,0.00,0.00,0.00,0.00,0.00,0.00,0.00,0.00,0.00,0.00,0.00,0.00,0.00,0.00,0.00,0.00,0.00,0.00,0.00,0.00,0.00,0.00,0.00,0.00,0.00,0.00,0.00,0.00,0.00,0.00,0.00,0.00,0.00,0.00,0.00,0.00,0.00,0.00,0.00,0.00,0.00,0.00,0.00,0.00,0.00,0.00,0.00,0.00,0.00,0.00,0.00,0.00,0.00,0.00,0.00,0.00,0.00,0.00,0.00,0.00,0.00,0.00,0.00,0.00,0.00,0.00,0.00,0.00,0.00,0.00,0.00,0.00,0.00,0.00,0.00,0.00,0.00,0.00,0.00,0.00,0.00,0.00,0.00,0.00,0.00,0.00,0.00,0.00,0.00,0.00,0.00,0.00,0.00,0.00,0.00,0.00,0.00,0.00,0.00,0.00,0.00,0.00,0.00,0.00,0.00,0.00,0.00,0.00,0.00,0.00,0.00,0.00,0.00,0.00,0.00,0.00,0.00,0.00,0.00,,,,,,,,,,,,,,,,,,,,,,,
CH-B1-2.KW/RT,(冰機效率        ),,0.00,0.00,0.00,0.00,0.00,0.00,0.00,0.00,0.00,0.00,0.00,0.00,0.00,0.00,0.00,0.00,0.00,0.00,0.00,0.00,0.00,0.00,0.00,0.00,0.00,0.00,0.00,0.00,0.00,0.00,0.00,0.00,0.00,0.00,0.00,0.00,0.00,0.00,0.00,0.00,0.00,0.00,0.00,0.00,0.00,0.00,0.00,0.00,0.00,0.00,0.00,0.00,0.00,0.00,0.00,0.00,0.00,0.00,0.00,0.00,0.00,0.00,0.00,0.00,0.00,0.00,0.00,0.00,0.00,0.00,0.00,0.00,0.00,0.00,0.00,0.00,0.00,0.00,0.00,0.00,0.00,0.00,0.00,0.00,0.00,0.00,0.00,0.00,0.00,0.00,0.00,0.00,0.00,0.00,0.00,0.00,0.00,0.00,0.00,0.00,0.00,0.00,0.00,0.00,0.00,0.00,0.00,0.00,0.00,0.00,0.00,0.00,0.00,0.00,0.00,0.00,0.00,0.00,0.00,0.00,0.00,,,,,,,,,,,,,,,,,,,,,,,
CH-B1.KW/RT,(冰水系統效率    ),,0.00,0.00,0.00,0.00,0.00,0.00,0.00,0.00,0.00,0.00,0.00,0.00,0.00,0.00,0.00,0.00,0.00,0.00,0.00,0.00,0.00,0.00,0.00,0.00,0.00,0.00,0.00,0.00,0.00,0.00,0.00,0.00,0.00,0.00,0.00,0.00,0.00,0.00,0.00,0.00,0.00,0.00,0.00,0.00,0.00,0.00,0.00,0.00,0.00,0.00,0.00,0.00,0.00,0.00,0.00,0.00,0.00,0.00,0.00,0.00,0.00,0.00,0.00,0.00,0.00,0.00,0.00,0.00,0.00,0.00,0.00,0.00,0.00,0.00,0.00,0.00,0.00,0.00,0.00,0.00,0.00,0.00,0.00,0.00,0.00,0.00,0.00,0.00,0.00,0.00,0.00,0.00,0.00,0.00,0.00,0.00,0.00,0.00,0.00,0.00,0.00,0.00,0.00,0.00,0.00,0.00,0.00,0.00,0.00,0.00,0.00,0.00,0.00,0.00,0.00,0.00,0.00,0.00,0.00,0.00,0.00,,,,,,,,,,,,,,,,,,,,,,,
CW-B1-1.TON,(冷凍頓          ),,0,0,0,0,0,0,0,0,0,0,0,0,0,0,0,0,0,0,0,0,0,0,0,0,0,0,0,0,0,0,0,0,0,0,0,0,0,0,0,0,0,0,0,0,0,43,316,422,378,202,137,40,80,140,354,406,406,413,411,420,421,416,418,426,421,417,416,415,417,415,419,422,419,418,423,422,421,421,424,419,420,421,418,419,421,420,418,417,422,421,419,421,420,419,419,422,415,422,418,418,419,413,418,414,412,412,415,417,411,414,409,415,413,414,413,413,413,416,416,416,414,,,,,,,,,,,,,,,,,,,,,,,
CW-B1-2.TON,(冷凍頓          ),,0,0,0,0,0,0,0,0,0,0,0,0,0,0,0,0,0,0,0,0,0,0,0,0,0,0,0,0,0,0,0,0,0,0,0,0,0,0,0,0,0,0,0,0,0,0,0,0,0,0,0,0,0,0,0,0,0,0,0,0,0,0,0,0,0,0,0,0,0,0,0,0,0,0,0,0,0,0,0,0,0,0,0,0,0,0,0,0,0,0,0,0,0,0,0,0,0,0,0,0,0,0,0,0,0,0,0,0,0,0,0,0,0,0,0,0,0,0,0,0,0,,,,,,,,,,,,,,,,,,,,,,,
CW-B1.TON,(冷卻水系統冷凍頓),,0,0,0,0,0,0,0,0,0,0,0,0,0,0,0,0,0,0,0,0,0,0,0,0,0,0,0,0,0,0,0,0,0,0,0,0,0,0,0,0,0,0,0,0,0,31,294,410,375,202,136,66,71,132,344,405,405,414,405,418,418,413,415,425,417,414,414,410,414,413,417,422,415,415,423,418,418,416,423,414,417,418,413,417,417,417,414,416,419,418,416,418,419,415,416,420,410,421,416,415,418,410,417,411,408,408,414,416,408,412,405,412,411,411,408,409,410,413,413,412,411,,,,,,,,,,,,,,,,,,,,,,,
CH-B1-1.HB,(                ),,0.00,0.00,0.00,0.00,0.00,0.00,0.00,0.00,0.00,0.00,0.00,0.00,0.00,0.00,0.00,0.00,0.00,0.00,0.00,0.00,0.00,0.00,0.00,0.00,0.00,0.00,0.00,0.00,0.00,0.00,0.00,0.00,0.00,0.00,0.00,0.00,0.00,0.00,0.00,0.00,0.00,0.00,0.00,0.00,0.00,183.51,11.93, -3.53, -7.34, -6.13, -6.58, -99.62,12.30,0.17, -2.73, -10.89, -17.82, -18.79, -17.39, -18.31, -18.17, -16.19, -16.04, -18.68, -18.30, -15.45, -15.84, -15.03, -17.16, -15.97, -17.48, -16.99, -17.16, -17.44, -18.22, -17.35, -17.54, -17.38, -18.74, -17.28, -17.92, -18.34, -17.93, -17.28, -17.70, -18.24, -17.59, -17.46, -17.52, -17.48, -17.08, -17.79, -17.49, -17.10, -17.21, -18.59, -17.47, -18.21, -17.09, -14.73, -12.86, -9.79, -8.82, -5.90, -5.46, -4.75, -8.04, -7.89, -5.32, -5.46, -4.49, -5.26, -6.16, -6.02, -5.47, -5.20, -6.04, -6.31, -5.59, -6.60, -7.01,,,,,,,,,,,,,,,,,,,,,,,
CH-B1-2.HB,(                ),,0.00,0.00,0.00,0.00,0.00,0.00,0.00,0.00,0.00,0.00,0.00,0.00,0.00,0.00,0.00,0.00,0.00,0.00,0.00,0.00,0.00,0.00,0.00,0.00,0.00,0.00,0.00,0.00,0.00,0.00,0.00,0.00,0.00,0.00,0.00,0.00,0.00,0.00,0.00,0.00,0.00,0.00,0.00,0.00,0.00,0.00,0.00,0.00,0.00,0.00,0.00,0.00,0.00,0.00,0.00,0.00,0.00,0.00,0.00,0.00,0.00,0.00,0.00,0.00,0.00,0.00,0.00,0.00,0.00,0.00,0.00,0.00,0.00,0.00,0.00,0.00,0.00,0.00,0.00,0.00,0.00,0.00,0.00,0.00,0.00,0.00,0.00,0.00,0.00,0.00,0.00,0.00,0.00,0.00,0.00,0.00,0.00,0.00,0.00,0.00,0.00,0.00,0.00,0.00,0.00,0.00,0.00,0.00,0.00,0.00,0.00,0.00,0.00,0.00,0.00,0.00,0.00,0.00,0.00,0.00,0.00,,,,,,,,,,,,,,,,,,,,,,,
CH-B1.HB,(                ),,0.00,0.00,0.00,0.00,0.00,0.00,0.00,0.00,0.00,0.00,0.00,0.00,0.00,0.00,0.00,0.00,0.00,0.00,0.00,0.00,0.00,0.00,0.00,0.00,0.00,0.00,0.00,0.00,0.00,0.00,0.00,0.00,0.00,0.00,0.00,0.00,0.00,0.00,0.00,0.00,0.00,0.00,0.00,0.00,0.00,321.57, -6.27, -9.55, -15.47, -17.11, -30.51, -53.48, -27.16, -26.64, -33.13, -39.34, -40.49, -48.02, -46.71, -48.56, -41.03, -41.98, -39.46, -49.84, -48.04, -39.65, -39.64, -37.41, -40.38, -39.11, -41.44, -41.57, -43.25, -42.20, -43.20, -40.80, -40.79, -39.71, -42.21, -41.33, -41.69, -42.07, -41.90, -41.68, -41.26, -40.58, -45.72, -45.56, -45.16, -44.58, -44.32, -44.84, -45.92, -45.09, -45.64, -46.27, -45.29, -46.56, -45.73, -42.69, -41.15, -39.49, -38.69, -34.17, -34.49, -37.48, -43.50, -42.99, -39.84, -39.22, -40.76, -42.80, -43.09, -43.08, -42.49, -41.77, -42.86, -43.21, -42.41, -43.56, -42.88,,,,,,,,,,,,,,,,,,,,,,,
CWP1B1:KW,(                ),kW,39.2,39.2,39.2,39.2,39.2,39.2,39.2,39.2,39.2,39.2,39.2,39.2,39.2,39.2,39.2,39.2,39.2,39.2,39.2,39.2,39.2,39.2,39.2,39.2,39.2,39.2,39.2,39.2,39.2,39.2,39.2,39.2,39.2,39.2,39.2,39.2,39.2,39.2,39.2,39.2,39.2,39.2,39.2,39.2,39.2,39.2,39.2,39.2,39.2,39.2,39.2,39.2,39.2,39.2,39.2,39.2,39.2,39.2,39.2,39.2,39.2,39.2,39.2,39.2,39.2,39.2,39.2,39.2,39.2,39.2,39.2,39.2,39.2,39.2,39.2,39.2,39.2,39.2,39.2,39.2,39.2,39.2,39.2,39.2,39.2,39.2,39.2,39.2,39.2,39.2,39.2,39.2,39.2,39.2,39.2,39.2,39.2,39.2,39.2,39.2,39.2,39.2,39.2,39.2,39.2,39.2,39.2,39.2,39.2,39.2,39.2,39.2,39.2,39.2,39.2,39.2,39.2,39.2,39.2,39.2,39.2,,,,,,,,,,,,,,,,,,,,,,,
CWP2B1:KW,(                ),kW,0.0,0.0,0.0,0.0,0.0,0.0,0.0,0.0,0.0,0.0,0.0,0.0,0.0,0.0,0.0,0.0,0.0,0.0,0.0,0.0,0.0,0.0,0.0,0.0,0.0,0.0,0.0,0.0,0.0,0.0,0.0,0.0,0.0,0.0,0.0,0.0,0.0,0.0,0.0,0.0,0.0,0.0,0.0,0.0,0.0,0.0,0.0,0.0,0.0,0.0,0.0,0.0,0.0,0.0,0.0,0.0,0.0,0.0,0.0,0.0,0.0,0.0,0.0,0.0,0.0,0.0,0.0,0.0,0.0,0.0,0.0,0.0,0.0,0.0,0.0,0.0,0.0,0.0,0.0,0.0,0.0,0.0,0.0,0.0,0.0,0.0,0.0,0.0,0.0,0.0,0.0,0.0,0.0,0.0,0.0,0.0,0.0,0.0,0.0,0.0,0.0,0.0,0.0,0.0,0.0,0.0,0.0,0.0,0.0,0.0,0.0,0.0,0.0,0.0,0.0,0.0,0.0,0.0,0.0,0.0,0.0,,,,,,,,,,,,,,,,,,,,,,,
CWP3B1:KW,(                ),kW,0.0,0.0,0.0,0.0,0.0,0.0,0.0,0.0,0.0,0.0,0.0,0.0,0.0,0.0,0.0,0.0,0.0,0.0,0.0,0.0,0.0,0.0,0.0,0.0,0.0,0.0,0.0,0.0,0.0,0.0,0.0,0.0,0.0,0.0,0.0,0.0,0.0,0.0,0.0,0.0,0.0,0.0,0.0,0.0,0.0,0.0,0.0,0.0,0.0,0.0,0.0,0.0,0.0,0.0,0.0,0.0,0.0,0.0,0.0,0.0,0.0,0.0,0.0,0.0,0.0,0.0,0.0,0.0,0.0,0.0,0.0,0.0,0.0,0.0,0.0,0.0,0.0,0.0,0.0,0.0,0.0,0.0,0.0,0.0,0.0,0.0,0.0,0.0,0.0,0.0,0.0,0.0,0.0,0.0,0.0,0.0,0.0,0.0,0.0,0.0,0.0,0.0,0.0,0.0,0.0,0.0,0.0,0.0,0.0,0.0,0.0,0.0,0.0,0.0,0.0,0.0,0.0,0.0,0.0,0.0,0.0,,,,,,,,,,,,,,,,,,,,,,,
CWPB1-ALL.KW,(冷卻水泵系統功率),,39.2,39.2,39.2,39.2,39.2,39.2,39.2,39.2,39.2,39.2,39.2,39.2,39.2,39.2,39.2,39.2,39.2,39.2,39.2,39.2,39.2,39.2,39.2,39.2,39.2,39.2,39.2,39.2,39.2,39.2,39.2,39.2,39.2,39.2,39.2,39.2,39.2,39.2,39.2,39.2,39.2,39.2,39.2,39.2,39.2,39.2,39.2,39.2,39.2,39.2,39.2,39.2,39.2,39.2,39.2,39.2,39.2,39.2,39.2,39.2,39.2,39.2,39.2,39.2,39.2,39.2,39.2,39.2,39.2,39.2,39.2,39.2,39.2,39.2,39.2,39.2,39.2,39.2,39.2,39.2,39.2,39.2,39.2,39.2,39.2,39.2,39.2,39.2,39.2,39.2,39.2,39.2,39.2,39.2,39.2,39.2,39.2,39.2,39.2,39.2,39.2,39.2,39.2,39.2,39.2,39.2,39.2,39.2,39.2,39.2,39.2,39.2,39.2,39.2,39.2,39.2,39.2,39.2,39.2,39.2,39.2,,,,,,,,,,,,,,,,,,,,,,,
CHP1B1:KW,(                ),kW,14.6,14.6,14.6,14.6,14.6,14.6,14.6,14.6,14.6,14.6,14.6,14.6,14.6,14.6,14.6,14.6,14.6,14.6,14.6,14.6,14.6,14.6,14.6,14.6,14.6,14.6,14.6,14.6,14.6,14.6,14.6,14.6,14.6,14.6,14.6,14.6,14.6,14.6,14.6,14.6,14.6,14.6,14.6,14.6,14.6,14.6,14.6,14.6,14.6,14.6,14.6,14.6,14.6,14.6,14.6,14.6,14.6,14.6,14.6,14.6,14.6,14.6,14.6,14.6,14.6,14.6,14.6,14.6,14.6,14.6,14.6,14.6,14.6,14.6,14.6,14.6,14.6,14.6,14.6,14.6,14.6,14.6,14.6,14.6,14.6,14.6,14.6,14.6,14.6,14.6,14.6,14.6,14.6,14.6,14.6,14.6,14.6,14.6,14.6,14.6,14.6,14.6,14.6,14.6,14.6,14.6,14.6,14.6,14.6,14.6,14.6,14.6,14.6,14.6,14.6,14.6,14.6,14.6,14.6,14.6,14.6,,,,,,,,,,,,,,,,,,,,,,,
CHP2B1:KW,(                ),kW,0.0,0.0,0.0,0.0,0.0,0.0,0.0,0.0,0.0,0.0,0.0,0.0,0.0,0.0,0.0,0.0,0.0,0.0,0.0,0.0,0.0,0.0,0.0,0.0,0.0,0.0,0.0,0.0,0.0,0.0,0.0,0.0,0.0,0.0,0.0,0.0,0.0,0.0,0.0,0.0,0.0,0.0,0.0,0.0,0.0,0.0,0.0,0.0,0.0,0.0,0.0,0.0,0.0,0.0,0.0,0.0,0.0,0.0,0.0,0.0,0.0,0.0,0.0,0.0,0.0,0.0,0.0,0.0,0.0,0.0,0.0,0.0,0.0,0.0,0.0,0.0,0.0,0.0,0.0,0.0,0.0,0.0,0.0,0.0,0.0,0.0,0.0,0.0,0.0,0.0,0.0,0.0,0.0,0.0,0.0,0.0,0.0,0.0,0.0,0.0,0.0,0.0,0.0,0.0,0.0,0.0,0.0,0.0,0.0,0.0,0.0,0.0,0.0,0.0,0.0,0.0,0.0,0.0,0.0,0.0,0.0,,,,,,,,,,,,,,,,,,,,,,,
CHP3B1:KW,(                ),kW,0.0,0.0,0.0,0.0,0.0,0.0,0.0,0.0,0.0,0.0,0.0,0.0,0.0,0.0,0.0,0.0,0.0,0.0,0.0,0.0,0.0,0.0,0.0,0.0,0.0,0.0,0.0,0.0,0.0,0.0,0.0,0.0,0.0,0.0,0.0,0.0,0.0,0.0,0.0,0.0,0.0,0.0,0.0,0.0,0.0,0.0,0.0,0.0,0.0,0.0,0.0,0.0,0.0,0.0,0.0,0.0,0.0,0.0,0.0,0.0,0.0,0.0,0.0,0.0,0.0,0.0,0.0,0.0,0.0,0.0,0.0,0.0,0.0,0.0,0.0,0.0,0.0,0.0,0.0,0.0,0.0,0.0,0.0,0.0,0.0,0.0,0.0,0.0,0.0,0.0,0.0,0.0,0.0,0.0,0.0,0.0,0.0,0.0,0.0,0.0,0.0,0.0,0.0,0.0,0.0,0.0,0.0,0.0,0.0,0.0,0.0,0.0,0.0,0.0,0.0,0.0,0.0,0.0,0.0,0.0,0.0,,,,,,,,,,,,,,,,,,,,,,,
CHPB1-ALL.KW,(冰水泵系統功率  ),,14.6,14.6,14.6,14.6,14.6,14.6,14.6,14.6,14.6,14.6,14.6,14.6,14.6,14.6,14.6,14.6,14.6,14.6,14.6,14.6,14.6,14.6,14.6,14.6,14.6,14.6,14.6,14.6,14.6,14.6,14.6,14.6,14.6,14.6,14.6,14.6,14.6,14.6,14.6,14.6,14.6,14.6,14.6,14.6,14.6,14.6,14.6,14.6,14.6,14.6,14.6,14.6,14.6,14.6,14.6,14.6,14.6,14.6,14.6,14.6,14.6,14.6,14.6,14.6,14.6,14.6,14.6,14.6,14.6,14.6,14.6,14.6,14.6,14.6,14.6,14.6,14.6,14.6,14.6,14.6,14.6,14.6,14.6,14.6,14.6,14.6,14.6,14.6,14.6,14.6,14.6,14.6,14.6,14.6,14.6,14.6,14.6,14.6,14.6,14.6,14.6,14.6,14.6,14.6,14.6,14.6,14.6,14.6,14.6,14.6,14.6,14.6,14.6,14.6,14.6,14.6,14.6,14.6,14.6,14.6,14.6,,,,,,,,,,,,,,,,,,,,,,,
MGCBAB2.KWH,(度數            ),kW h,263998848,263998896,263998976,263999040,263999104,263999200,263999264,263999360,263999440,263999504,263999584,263999696,263999792,263999840,263999888,263999920,263999968,264000000,264000048,264000096,264000144,264000208,264000256,264000320,264000368,264000416,264000464,264000496,264000544,264000576,264000640,264000688,264000736,264000784,264000816,264000880,264000944,264001008,264001056,264001120,264001184,264001248,264001296,264001360,264001424,264001536,264001680,264001840,264002000,264002144,264002336,264002496,264002656,264002816,264002960,264003088,264003232,264003408,264003616,264003936,264004208,264004512,264004848,264005200,264005504,264005792,264006160,264006480,264006768,264007120,264007280,264007744,264008064,264008400,264008704,264009056,264009376,264009728,264010048,264010384,264010720,264010992,264011360,264011648,264012000,264012304,264012592,264012976,264013312,264013616,264013936,264014288,264014608,264014912,264015232,264015568,264015920,264016192,264016512,264016832,264017136,264017456,264017760,264018128,264018480,264018768,264019120,264019376,264019776,264020128,264020496,264020816,264021168,264021488,264021840,264022176,264022480,264022800,264023072,264023456,264023616,,,,,,,,,,,,,,,,,,,,,,,
MGCBAB2:HZ,(                ),Hz,60,59,59,59,59,60,60,60,60,59,59,59,60,60,60,60,60,60,59,60,60,59,60,59,59,60,60,60,60,59,60,60,60,60,60,59,59,59,60,59,60,60,59,60,60,59,60,59,59,59,60,59,60,60,60,59,60,60,60,60,59,60,59,60,59,60,59,59,59,59,59,60,60,60,60,60,60,60,59,59,59,60,60,60,60,60,60,60,60,59,59,60,59,60,60,60,60,59,59,59,59,59,60,59,59,59,60,59,59,59,59,59,59,59,59,60,60,60,60,60,59,,,,,,,,,,,,,,,,,,,,,,,
MGCBAB2:IR,(                ),A,11,10,9,10,12,14,14,12,10,9,18,18,7,6,6,6,6,6,6,7,9,9,9,8,7,7,6,6,6,8,8,8,8,6,6,9,9,9,10,9,10,9,8,10,10,23,22,24,27,19,25,25,24,23,22,22,25,27,41,49,47,48,52,53,52,50,52,49,49,54,53,49,48,51,53,52,52,52,51,51,50,53,50,49,53,55,54,52,50,50,51,53,51,50,49,52,50,49,48,50,50,53,52,50,49,52,51,52,56,56,55,54,51,52,51,50,49,49,55,53,54,,,,,,,,,,,,,,,,,,,,,,,
MGCBAB2:IS,(                ),A,10,9,8,9,11,13,13,11,9,8,18,18,6,6,6,6,6,6,6,6,9,9,9,7,6,6,6,5,5,7,7,7,7,6,5,9,9,8,9,8,9,8,8,9,9,22,22,24,26,18,25,24,23,22,21,21,24,27,41,49,47,48,52,53,51,50,51,48,48,53,52,49,48,50,52,51,52,52,50,51,49,53,49,49,53,54,53,51,49,50,51,52,51,49,48,52,50,49,47,50,50,52,51,49,49,51,50,51,55,55,54,53,50,51,51,50,48,48,53,52,54,,,,,,,,,,,,,,,,,,,,,,,
MGCBAB2:IT,(                ),A,11,10,10,10,13,15,14,12,10,9,19,19,7,7,7,7,7,7,7,7,10,10,10,8,7,7,7,6,6,8,8,8,9,7,6,10,10,9,10,9,10,9,9,10,10,23,22,24,27,19,25,25,24,23,22,22,25,27,41,48,47,48,52,53,51,49,51,48,48,53,52,49,48,50,52,51,51,52,50,50,49,53,49,49,53,54,53,51,49,49,51,52,51,49,48,52,50,49,47,50,49,52,51,49,49,51,50,51,55,55,54,53,50,51,51,50,48,48,54,52,54,,,,,,,,,,,,,,,,,,,,,,,
MGCBAB2:KW,(                ),kW,427.0,384.0,371.0,399.0,497.0,576.0,547.0,477.0,398.0,359.0,727.0,722.0,268.0,258.0,256.0,253.0,257.0,258.0,260.0,263.0,376.0,367.0,369.0,308.0,275.0,263.0,258.0,226.0,227.0,312.0,320.0,319.0,321.0,246.0,237.0,364.0,367.0,343.0,388.0,335.0,385.0,352.0,320.0,388.0,366.0,885.0,865.0,971.0,1054.0,757.0,993.0,975.0,940.0,888.0,845.0,841.0,950.0,1031.0,1585.0,1870.0,1800.0,1847.0,1991.0,2048.0,1973.0,1893.0,1964.0,1843.0,1853.0,2043.0,2006.0,1889.0,1843.0,1952.0,2029.0,2009.0,2009.0,2036.0,1918.0,1938.0,1898.0,2013.0,1883.0,1874.0,2027.0,2077.0,2042.0,1977.0,1904.0,1901.0,1969.0,1999.0,1943.0,1858.0,1847.0,2003.0,1929.0,1900.0,1831.0,1930.0,1916.0,2015.0,2010.0,1918.0,1890.0,1998.0,1943.0,1981.0,2136.0,2146.0,2117.0,2070.0,1957.0,1984.0,1953.0,1938.0,1865.0,1854.0,2086.0,2032.0,2079.0,,,,,,,,,,,,,,,,,,,,,,,
MGCBAB2:PF,(                ),, -33.74, -33.77, -33.77, -33.76, -33.76, -33.76, -33.76, -33.76, -33.76, -33.77, -0.96, -0.96, -33.77, -33.77, -33.77, -33.77, -33.77, -33.77, -33.77, -33.77, -33.76, -33.76, -33.76, -33.76, -33.76, -33.76, -33.76, -33.77, -33.76, -1.00, -0.99, -1.00, -0.99, -33.77, -33.77, -33.76, -33.77, -33.76, -33.76, -33.76, -33.76, -33.76, -33.77, -0.98, -0.99, -0.96, -0.96, -0.97, -0.97, -0.97, -0.96, -0.96, -0.96, -0.95, -0.95, -0.95, -0.94, -0.94, -0.93, -0.95, -0.95, -0.94, -0.95, -0.95, -0.95, -0.94, -0.94, -0.94, -0.94, -0.95, -0.95, -0.94, -0.94, -0.95, -0.95, -0.95, -0.95, -0.95, -0.94, -0.94, -0.94, -0.95, -0.95, -0.94, -0.95, -0.95, -0.95, -0.95, -0.95, -0.94, -0.95, -0.95, -0.94, -0.93, -0.94, -0.94, -0.95, -0.95, -0.94, -0.95, -0.95, -0.95, -0.95, -0.94, -0.95, -0.95, -0.95, -0.94, -0.95, -0.95, -0.95, -0.95, -0.95, -0.95, -0.95, -0.95, -0.94, -0.94, -0.95, -0.95, -0.95,,,,,,,,,,,,,,,,,,,,,,,
MGCBAB2:VRS,(                ),kV,23.6,23.6,23.7,23.6,23.7,23.6,23.7,23.7,23.7,23.7,23.8,23.7,23.8,23.8,23.8,23.5,23.5,23.5,23.4,23.5,23.4,23.5,23.5,23.5,23.4,23.4,23.4,23.5,23.5,23.4,23.4,23.4,23.4,23.4,23.4,23.4,23.4,23.4,23.3,23.3,23.3,23.3,23.3,23.3,23.4,23.4,23.4,23.6,23.4,23.6,23.7,23.6,23.5,23.5,23.5,23.5,23.4,23.4,23.4,23.3,23.3,23.3,23.2,23.3,23.2,23.2,23.1,23.2,23.2,23.2,23.2,23.2,23.3,23.4,23.4,23.4,23.4,23.4,23.3,23.2,23.2,23.2,23.2,23.2,23.2,23.2,23.2,23.2,23.2,23.3,23.3,23.2,23.2,23.2,23.3,23.3,23.3,23.3,23.3,23.3,23.4,23.4,23.4,23.5,23.4,23.4,23.4,23.4,23.4,23.4,23.4,23.4,23.4,23.2,23.2,23.3,23.3,23.3,23.3,23.3,23.3,,,,,,,,,,,,,,,,,,,,,,,
MGCBAB2:VST,(                ),kV,23.7,23.7,23.7,23.7,23.7,23.7,23.7,23.7,23.8,23.8,23.8,23.8,23.8,23.8,23.9,23.6,23.5,23.5,23.5,23.5,23.5,23.5,23.5,23.5,23.4,23.4,23.5,23.5,23.5,23.4,23.5,23.4,23.5,23.5,23.5,23.4,23.4,23.4,23.4,23.3,23.3,23.3,23.4,23.3,23.4,23.5,23.5,23.6,23.5,23.6,23.7,23.6,23.6,23.5,23.5,23.5,23.4,23.4,23.4,23.4,23.3,23.3,23.2,23.3,23.3,23.2,23.3,23.2,23.1,23.2,23.2,23.3,23.4,23.5,23.4,23.5,23.5,23.5,23.3,23.2,23.2,23.2,23.2,23.2,23.2,23.2,23.2,23.3,23.2,23.3,23.3,23.3,23.2,23.3,23.2,23.3,23.3,23.4,23.3,23.4,23.4,23.4,23.5,23.5,23.5,23.4,23.4,23.4,23.4,23.4,23.4,23.4,23.4,23.2,23.3,23.3,23.3,23.4,23.3,23.4,23.3,,,,,,,,,,,,,,,,,,,,,,,
MGCBAB2:VTR,(                ),kV,23.7,23.7,23.7,23.7,23.7,23.7,23.7,23.7,23.8,23.8,23.8,23.7,23.8,23.8,23.8,23.5,23.5,23.5,23.4,23.5,23.5,23.5,23.5,23.4,23.4,23.5,23.4,23.4,23.4,23.4,23.4,23.4,23.4,23.5,23.4,23.4,23.4,23.4,23.3,23.4,23.3,23.3,23.4,23.3,23.4,23.4,23.5,23.6,23.5,23.7,23.7,23.6,23.6,23.6,23.5,23.5,23.4,23.5,23.4,23.4,23.4,23.4,23.3,23.3,23.3,23.3,23.2,23.2,23.2,23.2,23.2,23.3,23.4,23.5,23.5,23.6,23.5,23.5,23.3,23.2,23.3,23.2,23.3,23.3,23.2,23.2,23.2,23.3,23.3,23.3,23.3,23.3,23.3,23.3,23.4,23.4,23.4,23.4,23.4,23.4,23.4,23.4,23.5,23.5,23.5,23.5,23.4,23.3,23.4,23.3,23.4,23.4,23.5,23.3,23.3,23.3,23.3,23.4,23.4,23.4,23.4,,,,,,,,,,,,,,,,,,,,,,,
MLAB2-1.KWH,(度數            ),kW h,23605914,23605920,23605928,23605934,23605942,23605950,23605956,23605964,23605972,23605980,23605986,23605994,23606000,23606008,23606016,23606022,23606030,23606036,23606044,23606052,23606060,23606066,23606072,23606082,23606088,23606096,23606102,23606110,23606116,23606124,23606134,23606142,23606152,23606160,23606168,23606174,23606182,23606190,23606194,23606204,23606210,23606218,23606224,23606232,23606240,23606248,23606256,23606264,23606276,23606292,23606314,23606334,23606350,23606370,23606390,23606408,23606426,23606446,23606464,23606484,23606500,23606522,23606542,23606562,23606582,23606600,23606622,23606644,23606664,23606684,23606694,23606724,23606746,23606768,23606786,23606808,23606828,23606850,23606870,23606890,23606912,23606930,23606954,23606972,23606994,23607014,23607032,23607056,23607078,23607098,23607118,23607140,23607160,23607180,23607202,23607222,23607242,23607262,23607284,23607306,23607324,23607346,23607364,23607388,23607410,23607432,23607452,23607468,23607496,23607518,23607544,23607568,23607594,23607620,23607646,23607674,23607698,23607724,23607746,23607776,23607786,,,,,,,,,,,,,,,,,,,,,,,
MLAB2-1:HZ,(                ),Hz,60,59,59,59,59,60,60,59,60,60,60,59,60,60,60,60,60,60,59,60,60,59,60,60,59,60,60,60,60,59,60,60,60,60,60,59,59,59,60,59,60,60,59,60,60,59,60,59,59,59,60,59,60,60,60,60,60,60,60,60,59,60,59,60,59,60,59,60,59,59,59,60,60,60,60,60,60,60,59,59,59,60,60,59,60,60,60,60,59,59,59,59,59,59,60,59,60,60,60,59,59,59,60,59,59,59,59,59,59,59,59,59,59,60,59,60,60,60,60,59,59,,,,,,,,,,,,,,,,,,,,,,,
MLAB2-1:IR,(                ),A,78,79,81,80,78,79,80,78,80,78,79,78,78,81,79,78,78,78,76,76,76,77,79,77,76,77,77,78,77,98,97,96,96,93,74,73,76,79,78,78,78,79,82,88,89,87,86,89,198,198,198,198,200,199,199,199,200,199,200,201,211,215,214,230,229,231,231,233,232,232,234,233,233,232,238,232,232,233,230,231,231,232,230,232,235,232,234,233,236,234,235,234,234,236,234,234,234,232,234,234,231,230,232,229,250,232,233,230,260,264,271,280,277,280,281,282,280,280,279,281,278,,,,,,,,,,,,,,,,,,,,,,,
MLAB2-1:IS,(                ),A,68,69,71,69,70,71,70,71,70,71,69,69,73,72,71,72,70,70,70,70,67,70,71,69,70,70,69,70,69,79,81,78,77,79,68,69,69,70,68,68,70,69,71,74,73,79,72,77,180,182,181,181,181,185,181,182,183,182,184,187,183,189,188,198,196,199,197,198,197,200,201,199,201,201,199,200,199,198,197,200,198,198,197,194,200,197,200,198,201,198,200,198,198,200,197,197,197,198,200,200,199,198,199,197,209,203,198,202,235,233,246,254,254,257,256,256,254,254,255,257,254,,,,,,,,,,,,,,,,,,,,,,,
MLAB2-1:IT,(                ),A,57,60,61,58,58,61,61,64,61,62,59,58,62,62,59,61,58,62,60,61,57,61,61,57,58,58,58,61,60,85,88,85,86,86,58,55,55,55,55,54,57,54,56,64,59,66,60,64,163,167,159,161,162,161,159,158,160,159,160,160,163,165,164,166,166,168,167,167,168,170,167,167,166,167,166,166,167,167,165,169,169,167,166,166,173,168,169,169,176,167,169,169,168,168,168,167,168,168,169,164,166,164,166,165,195,171,166,169,197,197,214,225,224,224,227,221,220,220,220,224,221,,,,,,,,,,,,,,,,,,,,,,,
MLAB2-1:KW,(                ),kW,43.0,44.0,45.0,44.0,43.0,44.0,44.0,45.0,45.0,44.0,43.0,43.0,45.0,45.0,44.0,44.0,43.0,44.0,43.0,44.0,42.0,43.0,45.0,43.0,43.0,42.0,43.0,44.0,44.0,55.0,56.0,55.0,54.0,55.0,42.0,42.0,42.0,43.0,42.0,42.0,43.0,43.0,44.0,48.0,47.0,49.0,46.0,49.0,112.0,115.0,112.0,113.0,113.0,114.0,112.0,112.0,113.0,112.0,113.0,113.0,115.0,117.0,116.0,122.0,122.0,124.0,122.0,123.0,122.0,124.0,124.0,124.0,124.0,125.0,125.0,124.0,124.0,124.0,123.0,123.0,123.0,123.0,122.0,123.0,125.0,124.0,124.0,124.0,126.0,124.0,124.0,124.0,124.0,123.0,124.0,124.0,124.0,124.0,124.0,123.0,123.0,122.0,124.0,124.0,136.0,125.0,123.0,125.0,144.0,145.0,154.0,154.0,154.0,154.0,154.0,153.0,153.0,153.0,153.0,155.0,153.0,,,,,,,,,,,,,,,,,,,,,,,
MLAB2-1:PF,(                ),, -0.95, -0.96, -0.96, -0.95, -0.95, -0.96, -0.95, -0.95, -0.95, -0.95, -0.95, -0.95, -0.94, -0.95, -0.94, -0.95, -0.95, -0.96, -0.96, -0.96, -0.96, -0.96, -0.96, -0.95, -0.95, -0.95, -0.95, -0.96, -0.96, -0.95, -0.96, -0.96, -0.96, -0.96, -0.96, -0.96, -0.96, -0.97, -0.97, -0.97, -0.97, -0.97, -0.97, -0.97, -0.97, -0.97, -0.97, -0.97, -0.95, -0.95, -0.94, -0.95, -0.95, -0.95, -0.95, -0.95, -0.95, -0.95, -0.95, -0.95, -0.95, -0.95, -0.95, -0.95, -0.95, -0.95, -0.95, -0.95, -0.95, -0.95, -0.95, -0.95, -0.95, -0.95, -0.95, -0.95, -0.95, -0.95, -0.95, -0.95, -0.95, -0.95, -0.95, -0.95, -0.95, -0.95, -0.95, -0.95, -0.95, -0.95, -0.95, -0.95, -0.95, -0.95, -0.95, -0.95, -0.95, -0.95, -0.95, -0.95, -0.95, -0.95, -0.95, -0.95, -0.95, -0.95, -0.95, -0.95, -0.95, -0.95, -0.96, -0.93, -0.93, -0.94, -0.93, -0.93, -0.93, -0.93, -0.93, -0.93, -0.93,,,,,,,,,,,,,,,,,,,,,,,
MLAB2-1:VRS,(                ),V,383.0,383.0,383.0,383.0,383.0,383.0,384.0,384.0,384.0,385.0,385.0,385.0,385.0,386.0,385.0,381.0,380.0,381.0,380.0,380.0,380.0,380.0,380.0,380.0,380.0,380.0,380.0,380.0,380.0,380.0,379.0,380.0,380.0,380.0,380.0,379.0,379.0,378.0,379.0,378.0,378.0,378.0,378.0,377.0,378.0,380.0,380.0,382.0,380.0,382.0,384.0,382.0,381.0,381.0,380.0,380.0,378.0,379.0,378.0,378.0,377.0,377.0,376.0,376.0,376.0,376.0,375.0,375.0,375.0,375.0,375.0,376.0,378.0,379.0,379.0,380.0,379.0,379.0,377.0,375.0,375.0,375.0,375.0,376.0,375.0,375.0,376.0,376.0,376.0,376.0,377.0,376.0,376.0,376.0,377.0,377.0,377.0,377.0,377.0,377.0,378.0,379.0,380.0,380.0,379.0,379.0,379.0,378.0,378.0,378.0,378.0,378.0,379.0,376.0,376.0,376.0,377.0,377.0,377.0,377.0,377.0,,,,,,,,,,,,,,,,,,,,,,,
MLAB2-1:VST,(                ),V,383.0,383.0,384.0,384.0,383.0,383.0,384.0,384.0,385.0,385.0,384.0,385.0,385.0,386.0,385.0,381.0,381.0,381.0,380.0,380.0,380.0,380.0,380.0,380.0,380.0,380.0,380.0,380.0,380.0,380.0,380.0,380.0,380.0,380.0,380.0,379.0,379.0,378.0,379.0,378.0,378.0,377.0,378.0,378.0,379.0,379.0,379.0,382.0,379.0,381.0,383.0,381.0,380.0,380.0,379.0,379.0,378.0,379.0,378.0,377.0,377.0,376.0,375.0,376.0,376.0,375.0,374.0,374.0,374.0,374.0,375.0,376.0,377.0,379.0,378.0,379.0,379.0,379.0,376.0,375.0,375.0,375.0,375.0,375.0,375.0,375.0,375.0,376.0,375.0,376.0,376.0,375.0,376.0,376.0,376.0,377.0,377.0,377.0,376.0,376.0,377.0,378.0,379.0,379.0,379.0,378.0,378.0,378.0,377.0,377.0,378.0,378.0,378.0,375.0,375.0,375.0,376.0,377.0,376.0,377.0,376.0,,,,,,,,,,,,,,,,,,,,,,,
MLAB2-1:VTR,(                ),V,383.0,383.0,383.0,384.0,383.0,383.0,384.0,384.0,384.0,385.0,384.0,385.0,385.0,385.0,385.0,381.0,380.0,380.0,380.0,379.0,380.0,380.0,380.0,379.0,379.0,379.0,379.0,379.0,379.0,379.0,379.0,379.0,379.0,380.0,379.0,379.0,379.0,378.0,378.0,378.0,378.0,378.0,378.0,377.0,379.0,380.0,380.0,382.0,380.0,382.0,383.0,382.0,381.0,381.0,380.0,380.0,379.0,380.0,379.0,378.0,377.0,377.0,376.0,377.0,377.0,376.0,375.0,375.0,375.0,375.0,376.0,376.0,378.0,379.0,379.0,380.0,380.0,379.0,377.0,375.0,376.0,376.0,376.0,376.0,376.0,376.0,376.0,376.0,376.0,377.0,377.0,376.0,376.0,376.0,377.0,377.0,377.0,378.0,377.0,377.0,378.0,379.0,380.0,380.0,379.0,379.0,379.0,378.0,378.0,378.0,378.0,378.0,379.0,376.0,376.0,376.0,377.0,377.0,377.0,377.0,377.0,,,,,,,,,,,,,,,,,,,,,,,
MLAB2-2.KWH,(度數            ),kW h,0,0,0,0,0,0,0,0,0,0,0,0,0,0,0,0,0,0,0,0,0,0,0,0,0,0,0,0,0,0,0,0,0,0,0,0,0,0,0,0,0,0,0,0,0,0,0,0,0,0,0,0,0,0,0,0,0,0,0,0,0,0,0,0,0,0,0,0,0,0,0,0,0,0,0,0,0,0,0,0,0,0,0,0,0,0,0,0,0,0,0,0,0,0,0,0,0,0,0,0,0,0,0,0,0,0,0,0,0,0,0,0,0,0,0,0,0,0,0,0,0,,,,,,,,,,,,,,,,,,,,,,,
MLAB2-2:HZ,(                ),Hz,0,0,0,0,0,0,0,0,0,0,0,0,0,0,0,0,0,0,0,0,0,0,0,0,0,0,0,0,0,0,0,0,0,0,0,0,0,0,0,0,0,0,0,0,0,0,0,0,0,0,0,0,0,0,0,0,0,0,0,0,0,0,0,0,0,0,0,0,0,0,0,0,0,0,0,0,0,0,0,0,0,0,0,0,0,0,0,0,0,0,0,0,0,0,0,0,0,0,0,0,0,0,0,0,0,0,0,0,0,0,0,0,0,0,0,0,0,0,0,0,0,,,,,,,,,,,,,,,,,,,,,,,
MLAB2-2:IR,(                ),A,0,0,0,0,0,0,0,0,0,0,0,0,0,0,0,0,0,0,0,0,0,0,0,0,0,0,0,0,0,0,0,0,0,0,0,0,0,0,0,0,0,0,0,0,0,0,0,0,0,0,0,0,0,0,0,0,0,0,0,0,0,0,0,0,0,0,0,0,0,0,0,0,0,0,0,0,0,0,0,0,0,0,0,0,0,0,0,0,0,0,0,0,0,0,0,0,0,0,0,0,0,0,0,0,0,0,0,0,0,0,0,0,0,0,0,0,0,0,0,0,0,,,,,,,,,,,,,,,,,,,,,,,
MLAB2-2:IS,(                ),A,0,0,0,0,0,0,0,0,0,0,0,0,0,0,0,0,0,0,0,0,0,0,0,0,0,0,0,0,0,0,0,0,0,0,0,0,0,0,0,0,0,0,0,0,0,0,0,0,0,0,0,0,0,0,0,0,0,0,0,0,0,0,0,0,0,0,0,0,0,0,0,0,0,0,0,0,0,0,0,0,0,0,0,0,0,0,0,0,0,0,0,0,0,0,0,0,0,0,0,0,0,0,0,0,0,0,0,0,0,0,0,0,0,0,0,0,0,0,0,0,0,,,,,,,,,,,,,,,,,,,,,,,
MLAB2-2:IT,(                ),A,0,0,0,0,0,0,0,0,0,0,0,0,0,0,0,0,0,0,0,0,0,0,0,0,0,0,0,0,0,0,0,0,0,0,0,0,0,0,0,0,0,0,0,0,0,0,0,0,0,0,0,0,0,0,0,0,0,0,0,0,0,0,0,0,0,0,0,0,0,0,0,0,0,0,0,0,0,0,0,0,0,0,0,0,0,0,0,0,0,0,0,0,0,0,0,0,0,0,0,0,0,0,0,0,0,0,0,0,0,0,0,0,0,0,0,0,0,0,0,0,0,,,,,,,,,,,,,,,,,,,,,,,
MLAB2-2:KW,(                ),kW,0.0,0.0,0.0,0.0,0.0,0.0,0.0,0.0,0.0,0.0,0.0,0.0,0.0,0.0,0.0,0.0,0.0,0.0,0.0,0.0,0.0,0.0,0.0,0.0,0.0,0.0,0.0,0.0,0.0,0.0,0.0,0.0,0.0,0.0,0.0,0.0,0.0,0.0,0.0,0.0,0.0,0.0,0.0,0.0,0.0,0.0,0.0,0.0,0.0,0.0,0.0,0.0,0.0,0.0,0.0,0.0,0.0,0.0,0.0,0.0,0.0,0.0,0.0,0.0,0.0,0.0,0.0,0.0,0.0,0.0,0.0,0.0,0.0,0.0,0.0,0.0,0.0,0.0,0.0,0.0,0.0,0.0,0.0,0.0,0.0,0.0,0.0,0.0,0.0,0.0,0.0,0.0,0.0,0.0,0.0,0.0,0.0,0.0,0.0,0.0,0.0,0.0,0.0,0.0,0.0,0.0,0.0,0.0,0.0,0.0,0.0,0.0,0.0,0.0,0.0,0.0,0.0,0.0,0.0,0.0,0.0,,,,,,,,,,,,,,,,,,,,,,,
MLAB2-2:PF,(                ),, -32.77, -32.77, -32.77, -32.77, -32.77, -32.77, -32.77, -32.77, -32.77, -32.77, -32.77, -32.77, -32.77, -32.77, -32.77, -32.77, -32.77, -32.77, -32.77, -32.77, -32.77, -32.77, -32.77, -32.77, -32.77, -32.77, -32.77, -32.77, -32.77, -32.77, -32.77, -32.77, -32.77, -32.77, -32.77, -32.77, -32.77, -32.77, -32.77, -32.77, -32.77, -32.77, -32.77, -32.77, -32.77, -32.77, -32.77, -32.77, -32.77, -32.77, -32.77, -32.77, -32.77, -32.77, -32.77, -32.77, -32.77, -32.77, -32.77, -32.77, -32.77, -32.77, -32.77, -32.77, -32.77, -32.77, -32.77, -32.77, -32.77, -32.77, -32.77, -32.77, -32.77, -32.77, -32.77, -32.77, -32.77, -32.77, -32.77, -32.77, -32.77, -32.77, -32.77, -32.77, -32.77, -32.77, -32.77, -32.77, -32.77, -32.77, -32.77, -32.77, -32.77, -32.77, -32.77, -32.77, -32.77, -32.77, -32.77, -32.77, -32.77, -32.77, -32.77, -32.77, -32.77, -32.77, -32.77, -32.77, -32.77, -32.77, -32.77, -32.77, -32.77, -32.77, -32.77, -32.77, -32.77, -32.77, -32.77, -32.77, -32.77,,,,,,,,,,,,,,,,,,,,,,,
MLAB2-2:VRS,(                ),V,0.0,0.0,0.0,0.0,0.0,0.0,0.0,0.0,0.0,0.0,0.0,0.0,0.0,0.0,0.0,0.0,0.0,0.0,0.0,0.0,0.0,0.0,0.0,0.0,0.0,0.0,0.0,0.0,0.0,0.0,0.0,0.0,0.0,0.0,0.0,0.0,0.0,0.0,0.0,0.0,0.0,0.0,0.0,0.0,0.0,0.0,0.0,0.0,0.0,0.0,0.0,0.0,0.0,0.0,0.0,0.0,0.0,0.0,0.0,0.0,0.0,0.0,0.0,0.0,0.0,0.0,0.0,0.0,0.0,0.0,0.0,0.0,0.0,0.0,0.0,0.0,0.0,0.0,0.0,0.0,0.0,0.0,0.0,0.0,0.0,0.0,0.0,0.0,0.0,0.0,0.0,0.0,0.0,0.0,0.0,0.0,0.0,0.0,0.0,0.0,0.0,0.0,0.0,0.0,0.0,0.0,0.0,0.0,0.0,0.0,0.0,0.0,0.0,0.0,0.0,0.0,0.0,0.0,0.0,0.0,0.0,,,,,,,,,,,,,,,,,,,,,,,
MLAB2-2:VST,(                ),V,0.0,0.0,0.0,0.0,0.0,0.0,0.0,0.0,0.0,0.0,0.0,0.0,0.0,0.0,0.0,0.0,0.0,0.0,0.0,0.0,0.0,0.0,0.0,0.0,0.0,0.0,0.0,0.0,0.0,0.0,0.0,0.0,0.0,0.0,0.0,0.0,0.0,0.0,0.0,0.0,0.0,0.0,0.0,0.0,0.0,0.0,0.0,0.0,0.0,0.0,0.0,0.0,0.0,0.0,0.0,0.0,0.0,0.0,0.0,0.0,0.0,0.0,0.0,0.0,0.0,0.0,0.0,0.0,0.0,0.0,0.0,0.0,0.0,0.0,0.0,0.0,0.0,0.0,0.0,0.0,0.0,0.0,0.0,0.0,0.0,0.0,0.0,0.0,0.0,0.0,0.0,0.0,0.0,0.0,0.0,0.0,0.0,0.0,0.0,0.0,0.0,0.0,0.0,0.0,0.0,0.0,0.0,0.0,0.0,0.0,0.0,0.0,0.0,0.0,0.0,0.0,0.0,0.0,0.0,0.0,0.0,,,,,,,,,,,,,,,,,,,,,,,
MLAB2-2:VTR,(                ),V,0.0,0.0,0.0,0.0,0.0,0.0,0.0,0.0,0.0,0.0,0.0,0.0,0.0,0.0,0.0,0.0,0.0,0.0,0.0,0.0,0.0,0.0,0.0,0.0,0.0,0.0,0.0,0.0,0.0,0.0,0.0,0.0,0.0,0.0,0.0,0.0,0.0,0.0,0.0,0.0,0.0,0.0,0.0,0.0,0.0,0.0,0.0,0.0,0.0,0.0,0.0,0.0,0.0,0.0,0.0,0.0,0.0,0.0,0.0,0.0,0.0,0.0,0.0,0.0,0.0,0.0,0.0,0.0,0.0,0.0,0.0,0.0,0.0,0.0,0.0,0.0,0.0,0.0,0.0,0.0,0.0,0.0,0.0,0.0,0.0,0.0,0.0,0.0,0.0,0.0,0.0,0.0,0.0,0.0,0.0,0.0,0.0,0.0,0.0,0.0,0.0,0.0,0.0,0.0,0.0,0.0,0.0,0.0,0.0,0.0,0.0,0.0,0.0,0.0,0.0,0.0,0.0,0.0,0.0,0.0,0.0,,,,,,,,,,,,,,,,,,,,,,,
EMLAB2-1.KWH,(度數            ),kW h,23860668,23860674,23860682,23860690,23860698,23860704,23860710,23860718,23860724,23860730,23860736,23860742,23860746,23860752,23860756,23860762,23860766,23860772,23860780,23860786,23860794,23860798,23860802,23860808,23860812,23860816,23860822,23860828,23860832,23860840,23860856,23860872,23860890,23860898,23860904,23860908,23860914,23860920,23860924,23860930,23860934,23860940,23860946,23860950,23860956,23860962,23860966,23860972,23860978,23860982,23860988,23860994,23861000,23861006,23861012,23861016,23861022,23861028,23861034,23861040,23861046,23861052,23861064,23861078,23861094,23861108,23861124,23861136,23861142,23861148,23861150,23861160,23861166,23861172,23861180,23861188,23861198,23861212,23861230,23861248,23861268,23861284,23861292,23861300,23861306,23861312,23861316,23861324,23861330,23861336,23861344,23861358,23861374,23861392,23861410,23861428,23861442,23861446,23861454,23861458,23861464,23861470,23861474,23861480,23861486,23861490,23861496,23861506,23861526,23861546,23861564,23861584,23861592,23861600,23861606,23861612,23861618,23861624,23861628,23861634,23861640,,,,,,,,,,,,,,,,,,,,,,,
EMLAB2-1:HZ,(                ),Hz,59,59,59,59,59,60,60,59,60,60,60,59,59,60,60,60,59,60,59,60,60,59,60,60,60,60,60,60,60,59,59,60,60,60,60,59,59,59,60,59,60,60,60,60,60,59,60,60,59,60,60,59,59,60,60,60,60,60,60,59,59,60,59,60,59,60,59,59,59,59,59,60,60,60,60,59,60,60,59,59,59,60,59,59,60,60,60,59,59,59,60,59,59,59,59,60,60,60,60,59,59,59,60,59,59,59,60,59,60,59,59,59,59,59,59,60,60,60,60,60,59,,,,,,,,,,,,,,,,,,,,,,,
EMLAB2-1:IR,(                ),A,77,74,73,75,73,74,71,73,74,62,65,61,61,52,57,55,72,71,71,70,71,55,58,64,57,62,69,63,64,171,166,171,169,65,63,65,65,63,69,65,58,65,65,58,66,64,69,65,64,58,64,72,65,67,67,66,72,67,73,68,72,67,167,159,162,161,165,68,71,68,74,67,72,92,86,84,86,182,177,183,178,176,68,74,65,71,69,66,68,66,84,185,180,184,178,178,77,66,59,65,62,63,67,63,68,63,63,169,176,189,197,278,86,79,66,61,64,62,65,63,153,,,,,,,,,,,,,,,,,,,,,,,
EMLAB2-1:IS,(                ),A,57,52,55,61,49,56,61,56,54,40,45,33,39,32,32,36,54,54,52,51,51,32,34,26,32,33,43,39,38,154,158,156,157,37,45,38,37,37,37,40,39,39,39,37,38,32,44,39,39,39,32,43,39,38,40,39,43,32,46,32,44,40,148,148,153,145,152,41,43,41,45,37,45,70,63,68,64,166,158,172,164,162,45,47,43,49,43,48,43,43,65,176,168,174,160,170,53,36,30,37,43,27,42,42,39,34,41,156,158,177,183,277,62,56,38,34,43,41,44,42,147,,,,,,,,,,,,,,,,,,,,,,,
EMLAB2-1:IT,(                ),A,69,67,63,69,64,71,72,67,65,51,52,47,47,39,40,51,65,63,65,63,63,41,41,40,40,47,56,48,50,164,165,163,169,51,59,54,51,50,57,46,52,47,53,51,46,46,52,52,51,54,49,56,58,57,60,55,62,57,68,56,65,60,166,161,166,168,165,54,67,59,60,63,68,89,82,86,75,180,178,185,185,186,63,62,58,72,63,63,57,64,75,191,180,190,181,182,71,52,50,50,62,51,56,58,51,50,54,169,175,190,198,287,76,78,60,56,61,56,57,53,160,,,,,,,,,,,,,,,,,,,,,,,
EMLAB2-1:KW,(                ),kW,43.0,42.0,41.0,44.0,40.0,43.0,44.0,42.0,41.0,32.0,35.0,30.0,31.0,25.0,27.0,30.0,40.0,40.0,40.0,39.0,39.0,26.0,27.0,27.0,26.0,29.0,35.0,31.0,31.0,101.0,101.0,102.0,103.0,32.0,35.0,33.0,32.0,31.0,34.0,31.0,31.0,31.0,33.0,30.0,31.0,30.0,35.0,33.0,32.0,31.0,31.0,36.0,34.0,34.0,36.0,34.0,37.0,33.0,40.0,33.0,38.0,35.0,93.0,91.0,93.0,92.0,93.0,34.0,38.0,35.0,38.0,35.0,39.0,54.0,49.0,51.0,48.0,110.0,106.0,111.0,109.0,108.0,37.0,39.0,35.0,40.0,37.0,37.0,35.0,36.0,48.0,107.0,102.0,106.0,101.0,103.0,43.0,32.0,28.0,32.0,35.0,29.0,35.0,34.0,33.0,31.0,33.0,102.0,105.0,114.0,118.0,123.0,48.0,45.0,34.0,31.0,35.0,34.0,35.0,33.0,89.0,,,,,,,,,,,,,,,,,,,,,,,
EMLAB2-1:PF,(                ),, -1.00, -1.00, -1.00, -0.99, -1.00, -1.00, -0.99, -1.00, -1.00, -33.76, -33.77, -33.76, -33.76, -33.73, -33.76, -33.76, -33.77, -33.77, -33.77, -33.77, -33.77, -33.76, -33.74, -33.76, -33.76, -33.76, -33.77, -33.76, -33.76, -0.95, -0.95, -0.95, -0.94, -33.76, -33.77, -33.76, -33.76, -33.76, -33.77, -33.76, -33.76, -33.76, -33.76, -33.76, -33.76, -33.76, -33.77, -33.76, -33.75, -33.76, -33.76, -33.77, -33.76, -33.76, -33.76, -33.76, -33.77, -33.76, -33.77, -33.76, -33.77, -33.76, -0.89, -0.89, -0.89, -0.90, -0.89, -33.76, -33.77, -33.76, -33.77, -33.76, -33.77, -0.99, -1.00, -1.00, -1.00, -0.95, -0.95, -0.95, -0.96, -0.95, -33.76, -33.77, -33.76, -33.77, -33.76, -33.77, -33.76, -33.77, -1.00, -0.90, -0.89, -0.89, -0.89, -0.89, -33.77, -33.75, -33.74, -33.76, -33.76, -33.76, -33.76, -33.76, -33.76, -33.76, -33.76, -0.95, -0.95, -0.95, -0.95, -0.63, -1.00, -33.77, -33.76, -33.75, -33.76, -33.76, -33.76, -33.76, -0.89,,,,,,,,,,,,,,,,,,,,,,,
EMLAB2-1:VRS,(                ),V,383.0,383.0,384.0,384.0,383.0,383.0,384.0,384.0,384.0,385.0,385.0,385.0,385.0,385.0,386.0,381.0,381.0,381.0,380.0,380.0,381.0,380.0,380.0,380.0,380.0,380.0,380.0,380.0,381.0,380.0,379.0,379.0,379.0,380.0,379.0,379.0,379.0,378.0,378.0,378.0,378.0,378.0,378.0,378.0,379.0,380.0,380.0,382.0,381.0,382.0,384.0,383.0,382.0,382.0,381.0,380.0,380.0,380.0,379.0,379.0,378.0,378.0,376.0,377.0,376.0,376.0,375.0,376.0,376.0,376.0,376.0,377.0,379.0,380.0,380.0,381.0,381.0,380.0,377.0,375.0,376.0,376.0,376.0,376.0,376.0,377.0,377.0,377.0,377.0,377.0,378.0,376.0,376.0,376.0,377.0,377.0,378.0,378.0,379.0,378.0,379.0,380.0,380.0,381.0,381.0,380.0,380.0,378.0,378.0,378.0,378.0,376.0,380.0,377.0,377.0,377.0,378.0,379.0,378.0,379.0,377.0,,,,,,,,,,,,,,,,,,,,,,,
EMLAB2-1:VST,(                ),V,383.0,383.0,383.0,384.0,383.0,383.0,384.0,384.0,384.0,385.0,385.0,385.0,385.0,386.0,386.0,381.0,381.0,381.0,380.0,381.0,381.0,380.0,380.0,380.0,380.0,380.0,380.0,380.0,380.0,380.0,379.0,379.0,379.0,380.0,379.0,380.0,379.0,378.0,378.0,379.0,378.0,378.0,378.0,377.0,378.0,380.0,380.0,382.0,380.0,381.0,384.0,383.0,381.0,381.0,380.0,380.0,379.0,379.0,378.0,378.0,377.0,377.0,375.0,376.0,376.0,375.0,374.0,376.0,375.0,375.0,375.0,377.0,379.0,379.0,379.0,380.0,380.0,379.0,376.0,375.0,375.0,375.0,376.0,376.0,376.0,376.0,376.0,376.0,376.0,377.0,377.0,376.0,375.0,376.0,376.0,377.0,377.0,378.0,378.0,377.0,378.0,379.0,379.0,380.0,380.0,379.0,379.0,378.0,378.0,377.0,377.0,376.0,379.0,377.0,377.0,377.0,377.0,378.0,378.0,378.0,377.0,,,,,,,,,,,,,,,,,,,,,,,
EMLAB2-1:VTR,(                ),V,383.0,383.0,384.0,384.0,384.0,384.0,384.0,384.0,384.0,385.0,385.0,385.0,385.0,385.0,386.0,381.0,380.0,381.0,380.0,380.0,380.0,380.0,380.0,380.0,380.0,380.0,379.0,380.0,380.0,379.0,379.0,379.0,379.0,380.0,379.0,379.0,379.0,378.0,378.0,378.0,377.0,378.0,378.0,378.0,379.0,380.0,380.0,382.0,381.0,383.0,384.0,383.0,382.0,382.0,381.0,380.0,380.0,380.0,379.0,378.0,378.0,378.0,376.0,377.0,377.0,376.0,375.0,376.0,376.0,376.0,376.0,377.0,379.0,379.0,380.0,381.0,381.0,379.0,377.0,376.0,376.0,375.0,376.0,377.0,376.0,377.0,377.0,377.0,377.0,377.0,378.0,376.0,376.0,376.0,376.0,377.0,378.0,379.0,379.0,378.0,379.0,380.0,380.0,380.0,381.0,380.0,380.0,378.0,378.0,378.0,378.0,376.0,380.0,377.0,377.0,377.0,378.0,378.0,378.0,379.0,377.0,,,,,,,,,,,,,,,,,,,,,,,
MGCBARF.KWH,(度數            ),,38.6930,38.6930,38.6930,38.6931,38.6931,38.6931,38.6932,38.6932,38.6933,38.6933,38.6934,38.6934,38.6935,38.6935,38.6935,38.6935,38.6935,38.6936,38.6936,38.6936,38.6936,38.6937,38.6937,38.6937,38.6937,38.6938,38.6938,38.6938,38.6938,38.6938,38.6938,38.6939,38.6939,38.6939,38.6939,38.6939,38.6940,38.6940,38.6940,38.6941,38.6941,38.6941,38.6942,38.6942,38.6942,38.6943,38.6944,38.6945,38.6945,38.6946,38.6947,38.6948,38.6949,38.6950,38.6951,38.6952,38.6952,38.6953,38.6954,38.6956,38.6958,38.6960,38.6962,38.6964,38.6966,38.6967,38.6970,38.6972,38.6973,38.6975,38.6976,38.6979,38.6981,38.6983,38.6985,38.6987,38.6989,38.6991,38.6993,38.6995,38.6997,38.6999,38.7001,38.7003,38.7005,38.7007,38.7008,38.7011,38.7013,38.7015,38.7017,38.7019,38.7021,38.7022,38.7024,38.7026,38.7028,38.7030,38.7032,38.7034,38.7036,38.7038,38.7039,38.7042,38.7044,38.7046,38.7048,38.7050,38.7052,38.7054,38.7056,38.7058,38.7060,38.7062,38.7064,38.7066,38.7067,38.7069,38.7071,38.7073,38.7074,,,,,,,,,,,,,,,,,,,,,,,
MGCBARF:F,(                ),Hz,60,60,60,60,60,60,60,60,60,60,60,60,60,60,60,60,60,60,60,60,60,60,60,60,60,60,60,60,60,60,60,60,60,60,60,60,60,60,60,60,60,60,60,60,60,60,60,60,60,60,60,60,60,60,60,60,60,60,60,60,60,60,60,60,60,60,60,60,60,60,60,60,60,60,60,60,60,60,60,60,60,60,60,60,60,60,60,60,60,60,60,60,60,60,60,60,60,60,60,60,60,60,60,60,60,60,60,60,60,60,60,60,60,60,60,60,60,60,60,60,60,,,,,,,,,,,,,,,,,,,,,,,
MGCBARF:I1,(                ),A,5.4,4.7,4.5,4.9,6.4,7.8,7.3,6.1,5.3,4.5,10.5,11.0,3.0,2.9,2.8,2.7,2.6,2.7,2.7,2.7,5.0,4.6,4.4,3.7,3.1,2.9,2.7,2.3,2.3,2.4,2.5,2.4,2.8,2.4,2.4,4.4,4.6,4.2,4.8,4.1,5.0,4.5,3.6,5.2,4.7,13.2,13.5,15.0,15.1,9.3,14.2,13.8,13.0,12.4,11.8,11.7,13.8,15.1,24.5,29.6,28.4,29.0,30.4,31.5,30.4,29.2,29.9,29.6,29.4,32.6,31.9,29.6,28.9,30.2,31.9,31.7,31.4,31.0,29.0,29.3,29.1,30.9,30.7,30.1,32.2,33.3,32.3,31.2,30.9,30.2,31.1,30.8,30.1,28.5,28.6,30.5,30.4,30.1,29.1,30.9,30.0,32.2,31.9,30.7,29.9,31.2,30.6,30.9,32.8,32.7,31.9,31.1,30.3,30.8,30.6,30.2,29.7,29.0,32.6,31.8,31.8,,,,,,,,,,,,,,,,,,,,,,,
MGCBARF:I2,(                ),A,4.9,4.4,4.1,4.5,6.1,7.4,7.0,5.8,5.1,4.2,10.3,10.9,2.7,2.6,2.6,2.6,2.5,2.5,2.6,2.6,4.9,4.5,4.3,3.6,3.0,2.8,2.6,2.1,2.1,2.3,2.2,2.2,2.5,2.2,2.2,4.3,4.5,4.1,4.6,3.9,4.8,4.3,3.5,4.9,4.4,13.3,13.5,15.0,15.1,8.8,14.2,13.7,12.8,12.3,11.8,11.6,13.7,15.0,24.6,30.0,28.7,29.3,30.6,31.7,30.6,29.5,29.9,29.6,29.4,32.5,31.9,29.7,29.0,30.2,31.8,31.7,31.4,31.1,29.1,29.4,29.2,31.0,30.8,30.0,32.1,33.2,32.2,31.2,30.9,30.3,31.4,30.9,30.1,28.6,28.7,30.6,30.5,30.2,29.2,30.9,30.1,32.3,31.9,30.5,29.8,31.2,30.6,30.8,32.6,32.3,31.6,31.0,30.3,30.6,30.5,30.1,29.4,28.8,32.3,31.6,31.7,,,,,,,,,,,,,,,,,,,,,,,
MGCBARF:I3,(                ),A,5.7,5.2,4.9,5.3,6.9,8.2,7.7,6.5,5.7,4.8,11.0,11.5,3.4,3.3,3.2,3.2,3.1,3.1,3.2,3.1,5.5,5.1,4.8,4.1,3.6,3.3,3.1,2.7,2.7,2.8,2.8,2.8,3.1,2.8,2.8,4.8,5.1,4.6,5.2,4.5,5.3,4.9,4.1,5.5,5.1,13.3,13.6,15.1,15.4,9.4,14.3,13.9,13.1,12.5,12.0,11.8,13.8,14.9,24.4,29.4,28.4,28.9,30.2,31.4,30.2,29.0,29.6,29.3,29.2,32.3,31.7,29.4,28.6,29.9,31.6,31.4,31.2,30.7,28.7,29.1,28.9,30.7,30.5,29.9,31.9,32.8,32.0,30.9,30.7,30.0,30.9,30.6,29.8,28.1,28.3,30.2,30.0,29.8,28.8,30.5,29.7,31.9,31.6,30.3,29.6,31.0,30.3,30.4,32.4,32.4,31.5,30.8,30.2,30.5,30.5,30.1,29.5,28.8,32.3,31.6,31.7,,,,,,,,,,,,,,,,,,,,,,,
MGCBARF:KW,(                ),kW,213.3,193.4,180.9,198.3,264.2,318.7,297.5,249.4,216.2,180.6,423.3,440.3,118.9,117.3,114.3,111.6,107.5,108.0,111.0,109.2,202.5,189.1,180.2,150.4,129.6,119.8,111.4,93.6,93.8,95.7,99.0,98.3,111.1,98.8,98.1,181.5,188.4,170.1,192.3,165.4,196.8,177.7,147.1,195.1,181.5,521.9,525.8,597.8,597.6,363.7,564.9,543.5,505.8,480.5,456.9,448.3,518.4,567.5,932.6,1141.3,1093.0,1110.7,1170.1,1218.2,1172.4,1113.0,1137.0,1121.5,1117.2,1248.1,1224.1,1133.1,1108.0,1162.6,1232.9,1231.1,1219.3,1198.9,1102.5,1117.7,1106.1,1182.4,1168.4,1146.6,1233.6,1277.0,1239.8,1197.6,1186.6,1156.5,1205.8,1183.3,1146.5,1077.5,1085.1,1169.7,1167.3,1158.5,1109.2,1188.8,1151.3,1246.7,1236.3,1180.1,1143.5,1206.1,1179.5,1181.1,1266.5,1261.3,1229.1,1199.8,1166.9,1176.7,1169.7,1154.7,1128.1,1101.8,1255.0,1224.9,1227.1,,,,,,,,,,,,,,,,,,,,,,,
MGCBARF:PF,(                ),,0.97,1.00,1.02,1.02,1.01,1.01,1.01,1.01,1.01,1.02,0.97,0.96,1.03,1.03,1.03,1.04,1.04,1.04,1.04,1.04,1.02,1.02,1.02,1.02,1.02,1.02,1.02,1.03,1.03,1.03,1.02,1.03,1.03,1.03,1.03,1.01,1.02,1.03,1.02,1.03,1.03,1.04,1.05,0.94,0.94,0.96,0.96,0.97,0.97,0.96,0.96,0.96,0.95,0.95,0.94,0.94,0.93,0.93,0.94,0.95,0.95,0.94,0.95,0.95,0.95,0.94,0.95,0.95,0.94,0.96,0.95,0.95,0.95,0.95,0.95,0.95,0.95,0.95,0.94,0.95,0.94,0.95,0.95,0.95,0.95,0.95,0.95,0.95,0.95,0.95,0.95,0.95,0.94,0.94,0.94,0.95,0.95,0.95,0.94,0.95,0.95,0.95,0.95,0.95,0.95,0.95,0.95,0.95,0.95,0.96,0.96,0.95,0.95,0.95,0.95,0.94,0.94,0.94,0.96,0.95,0.95,,,,,,,,,,,,,,,,,,,,,,,
MGCBARF:V12,(                ),kV,23.7,23.7,23.8,23.7,23.8,23.7,23.8,23.8,23.8,23.8,23.8,23.8,23.9,23.9,23.9,23.6,23.6,23.6,23.5,23.6,23.5,23.5,23.5,23.5,23.5,23.5,23.5,23.5,23.6,23.5,23.5,23.5,23.5,23.5,23.5,23.5,23.5,23.4,23.4,23.4,23.4,23.4,23.4,23.4,23.4,23.5,23.5,23.6,23.5,23.6,23.8,23.7,23.6,23.6,23.5,23.5,23.5,23.5,23.4,23.4,23.4,23.3,23.3,23.3,23.3,23.2,23.2,23.2,23.2,23.2,23.2,23.3,23.4,23.5,23.5,23.5,23.5,23.5,23.3,23.2,23.3,23.2,23.2,23.3,23.3,23.3,23.3,23.3,23.3,23.3,23.3,23.3,23.3,23.3,23.3,23.4,23.4,23.4,23.4,23.4,23.4,23.5,23.5,23.5,23.5,23.5,23.5,23.4,23.4,23.4,23.5,23.5,23.5,23.3,23.3,23.4,23.4,23.4,23.4,23.4,23.4,,,,,,,,,,,,,,,,,,,,,,,
MGCBARF:V23,(                ),kV,23.7,23.8,23.8,23.8,23.8,23.8,23.8,23.8,23.8,23.8,23.9,23.8,23.9,23.9,23.9,23.6,23.6,23.6,23.5,23.6,23.5,23.5,23.5,23.5,23.5,23.5,23.5,23.5,23.6,23.5,23.5,23.5,23.5,23.5,23.5,23.5,23.5,23.4,23.4,23.4,23.4,23.4,23.4,23.4,23.5,23.5,23.5,23.7,23.6,23.7,23.8,23.7,23.6,23.6,23.5,23.5,23.5,23.5,23.5,23.4,23.4,23.3,23.3,23.4,23.4,23.3,23.2,23.3,23.2,23.2,23.3,23.3,23.5,23.5,23.5,23.5,23.5,23.5,23.3,23.3,23.3,23.3,23.3,23.3,23.3,23.3,23.3,23.3,23.3,23.3,23.4,23.3,23.3,23.3,23.4,23.4,23.4,23.4,23.4,23.4,23.4,23.5,23.5,23.5,23.5,23.5,23.5,23.4,23.4,23.4,23.5,23.5,23.5,23.3,23.3,23.4,23.4,23.4,23.4,23.4,23.4,,,,,,,,,,,,,,,,,,,,,,,
MGCBARF:V31,(                ),kV,23.7,23.7,23.8,23.8,23.8,23.8,23.8,23.8,23.8,23.8,23.9,23.8,23.9,23.9,23.9,23.6,23.5,23.6,23.5,23.6,23.5,23.5,23.5,23.5,23.5,23.5,23.5,23.5,23.6,23.5,23.5,23.5,23.5,23.5,23.5,23.5,23.5,23.4,23.4,23.4,23.4,23.4,23.4,23.4,23.5,23.5,23.5,23.7,23.6,23.7,23.8,23.8,23.7,23.7,23.6,23.6,23.5,23.6,23.5,23.5,23.4,23.4,23.4,23.4,23.4,23.3,23.3,23.3,23.3,23.3,23.3,23.4,23.5,23.5,23.6,23.6,23.6,23.6,23.4,23.3,23.3,23.3,23.3,23.4,23.3,23.3,23.3,23.4,23.4,23.4,23.4,23.4,23.4,23.4,23.4,23.4,23.5,23.4,23.5,23.4,23.5,23.5,23.6,23.6,23.6,23.5,23.5,23.5,23.5,23.5,23.5,23.5,23.5,23.4,23.4,23.4,23.4,23.4,23.4,23.4,23.4,,,,,,,,,,,,,,,,,,,,,,,
MPA1:HZ,(                ),Hz,59,59,59,60,59,59,60,60,60,60,59,59,60,60,60,60,60,60,59,59,60,59,60,60,59,60,60,60,60,59,60,60,59,60,60,59,59,59,59,59,60,60,59,60,60,59,60,59,59,59,60,59,59,60,60,60,60,60,60,60,59,60,59,60,59,60,59,60,59,59,59,59,60,59,60,60,60,60,59,59,59,60,60,60,60,59,60,59,59,60,59,59,59,60,60,59,60,59,60,59,59,59,60,59,60,59,59,59,59,59,59,59,59,59,60,60,60,60,60,60,59,,,,,,,,,,,,,,,,,,,,,,,
MPA1:IR,(                ),A,59,20,20,19,7,7,20,8,19,8,584,559,7,7,7,8,7,7,8,8,7,7,8,8,8,7,7,8,8,7,7,8,8,8,7,8,7,8,7,7,8,8,7,53,21,68,66,66,66,67,65,68,67,67,67,66,121,90,646,691,684,688,690,697,691,693,699,696,696,694,695,695,690,692,691,689,690,685,693,693,696,696,697,699,696,693,691,694,693,692,689,695,698,695,696,691,693,693,695,691,690,691,695,690,688,689,691,693,690,693,695,690,691,693,694,694,697,698,698,698,692,,,,,,,,,,,,,,,,,,,,,,,
MPA1:IS,(                ),A,60,23,22,21,10,10,23,11,22,11,581,559,10,10,11,11,10,9,11,11,9,10,11,11,11,10,10,11,11,10,10,11,11,11,9,11,11,12,9,10,11,11,9,53,23,69,68,68,70,67,70,67,68,67,69,68,123,96,636,684,676,676,686,685,679,684,689,687,684,684,681,681,682,683,679,679,680,679,683,683,686,686,686,686,685,686,681,681,683,682,683,684,689,691,687,685,683,688,685,683,681,681,682,677,678,683,683,685,685,683,684,685,683,687,689,685,684,682,687,691,687,,,,,,,,,,,,,,,,,,,,,,,
MPA1:IT,(                ),A,58,20,19,19,8,7,20,7,20,8,597,571,7,8,8,7,8,7,8,8,7,8,8,7,7,8,8,6,6,8,8,7,8,8,7,6,8,8,7,7,8,8,7,51,19,65,65,63,64,63,64,63,61,64,64,65,117,87,649,693,686,686,694,699,692,699,701,699,698,698,698,695,695,693,689,693,693,691,695,697,700,697,698,700,698,695,693,693,695,695,697,697,699,697,698,697,696,697,694,693,693,695,694,690,694,696,698,696,697,697,698,698,698,697,703,699,704,702,701,704,701,,,,,,,,,,,,,,,,,,,,,,,
MPA1:KW,(                ),kW,25.3,9.5,8.9,8.8,3.8,3.7,9.6,3.7,8.9,4.5,367.3,352.8,3.2,3.8,4.4,3.7,3.8,3.1,4.3,4.4,3.1,3.7,4.4,3.7,3.7,3.8,3.7,3.7,3.7,3.7,3.7,3.7,4.4,4.4,3.1,3.7,4.3,4.3,3.0,3.1,4.4,4.3,3.1,22.5,9.6,30.1,29.3,29.3,29.9,29.5,30.1,29.1,28.7,29.7,29.4,29.4,55.6,43.2,395.0,419.8,414.0,414.5,418.0,421.2,416.7,418.4,420.1,418.7,417.9,417.1,417.4,417.4,419.1,420.0,418.5,420.2,419.7,417.8,417.7,417.5,418.9,418.0,418.4,420.2,418.7,417.5,415.9,417.1,417.6,417.9,418.0,418.7,420.6,420.6,420.9,419.6,419.2,420.2,419.7,418.6,418.2,419.6,421.1,418.7,419.5,419.9,421.6,420.4,419.6,420.2,421.1,421.1,420.1,418.6,420.3,419.1,421.0,421.2,421.3,423.2,420.6,,,,,,,,,,,,,,,,,,,,,,,
MPA1:KWH,(                ),,12236680,12236682,12236684,12236685,12236686,12236687,12236688,12236689,12236691,12236692,12236715,12236779,12236811,12236811,12236812,12236813,12236813,12236814,12236815,12236815,12236816,12236817,12236817,12236819,12236820,12236820,12236821,12236821,12236822,12236822,12236822,12236823,12236824,12236824,12236825,12236826,12236826,12236827,12236828,12236828,12236829,12236829,12236830,12236832,12236833,12236836,12236841,12236846,12236851,12236855,12236862,12236866,12236870,12236876,12236881,12236885,12236891,12236900,12236938,12237009,12237071,12237146,12237212,12237285,12237350,12237412,12237491,12237564,12237631,12237703,12237736,12237843,12237908,12237980,12238053,12238117,12238187,12238259,12238331,12238398,12238469,12238531,12238611,12238676,12238748,12238821,12238875,12238961,12239026,12239099,12239166,12239236,12239305,12239379,12239444,12239516,12239588,12239650,12239723,12239796,12239868,12239934,12239995,12240075,12240149,12240221,12240287,12240360,12240428,12240493,12240566,12240639,12240704,12240773,12240846,12240919,12240985,12241057,12241119,12241199,12241230,,,,,,,,,,,,,,,,,,,,,,,
MPA1:PF,(                ),,0.64,0.68,0.65,0.66,0.69,0.67,0.69,0.67,0.66,0.74,0.94,0.93,0.61,0.69,0.73,0.67,0.69,0.61,0.73,0.73,0.61,0.69,0.73,0.67,0.67,0.68,0.68,0.67,0.67,0.68,0.69,0.68,0.73,0.73,0.61,0.67,0.73,0.73,0.61,0.62,0.73,0.73,0.62,0.65,0.68,0.67,0.67,0.67,0.68,0.67,0.68,0.66,0.66,0.67,0.67,0.67,0.70,0.72,0.93,0.93,0.92,0.93,0.93,0.92,0.92,0.92,0.92,0.92,0.92,0.92,0.92,0.92,0.92,0.92,0.92,0.92,0.92,0.92,0.92,0.92,0.92,0.92,0.92,0.92,0.92,0.92,0.92,0.92,0.92,0.92,0.92,0.92,0.92,0.92,0.92,0.92,0.92,0.92,0.92,0.92,0.92,0.92,0.92,0.92,0.92,0.92,0.92,0.92,0.92,0.92,0.92,0.92,0.92,0.92,0.92,0.92,0.92,0.92,0.92,0.92,0.92,,,,,,,,,,,,,,,,,,,,,,,
MPA1:VRS,(                ),V,385.4,385.8,385.9,385.8,386.0,386.0,386.0,386.5,387.0,387.3,385.8,387.1,387.6,388.0,388.4,383.5,382.7,383.3,382.3,382.6,382.4,382.4,382.6,382.5,382.2,382.0,382.3,382.5,382.9,382.2,382.2,382.1,382.2,382.2,382.1,381.9,381.3,380.2,380.9,380.2,380.2,380.1,380.3,379.8,380.9,381.8,382.2,384.5,382.4,384.9,386.7,385.4,384.1,384.4,382.8,382.8,382.1,382.5,381.0,380.3,378.8,378.6,377.9,379.1,378.9,377.5,377.0,377.4,376.6,377.0,377.2,377.7,379.8,380.8,381.2,381.5,381.9,381.7,378.8,377.1,377.3,377.4,377.0,377.8,377.4,377.3,377.8,378.5,378.8,378.6,379.3,378.5,378.4,379.2,379.1,379.3,380.5,379.6,380.0,379.8,380.8,380.6,381.7,382.0,382.0,380.6,380.6,380.5,379.6,380.6,380.7,381.7,381.4,379.0,377.6,379.0,379.1,380.0,379.6,380.0,379.3,,,,,,,,,,,,,,,,,,,,,,,
MPA1:VST,(                ),V,385.6,386.1,386.0,386.0,386.1,386.3,386.1,386.5,387.2,387.4,387.0,387.4,387.7,388.2,388.6,383.7,383.1,383.5,382.6,382.9,382.5,382.5,382.8,382.8,382.4,382.3,382.4,382.7,382.9,382.3,382.4,382.1,382.4,382.3,382.4,382.0,381.5,380.4,381.1,380.4,380.2,380.0,380.3,380.2,381.1,381.6,381.7,384.4,381.8,384.1,386.3,384.8,383.3,383.8,382.0,382.3,381.4,381.8,380.1,379.0,378.9,378.1,377.5,379.1,378.4,377.4,377.3,377.8,377.3,376.5,377.5,377.2,380.8,381.6,380.9,381.9,381.7,380.4,378.2,377.8,376.7,376.8,377.3,377.9,377.3,377.5,377.7,378.4,378.0,378.5,379.3,378.3,377.3,378.0,378.8,379.6,379.9,379.1,378.9,379.6,379.9,381.0,380.8,381.3,382.0,381.3,380.2,379.9,379.2,379.8,380.6,380.9,381.6,377.8,376.8,378.2,378.8,379.8,379.1,379.5,379.0,,,,,,,,,,,,,,,,,,,,,,,
MPA1:VTR,(                ),V,385.6,386.0,386.1,386.0,386.0,386.3,386.1,386.5,387.0,387.3,385.9,386.2,387.5,388.0,388.3,383.4,382.6,383.2,382.2,382.6,382.1,382.1,382.3,382.2,382.0,381.9,382.0,382.3,382.6,381.9,382.1,381.8,381.9,382.1,382.0,381.9,381.1,380.0,380.8,380.0,380.1,380.0,380.4,380.1,381.3,381.9,382.0,384.2,382.8,385.4,386.5,385.6,384.2,384.3,383.1,382.8,382.3,382.5,381.1,380.1,379.4,378.9,378.4,379.1,379.1,377.9,376.2,377.7,377.0,377.2,376.9,378.4,380.1,380.9,381.5,381.4,381.4,381.8,378.8,377.6,377.2,377.0,377.3,378.1,377.9,377.7,378.1,378.4,377.8,379.1,378.6,378.8,378.3,378.2,379.3,379.8,379.1,379.5,380.3,379.7,379.4,380.4,381.3,381.7,381.4,380.7,381.2,379.7,380.3,379.8,379.8,380.5,380.7,378.8,378.5,379.0,379.2,379.5,379.3,379.1,379.4,,,,,,,,,,,,,,,,,,,,,,,
MPA2:HZ,(                ),Hz,59,59,59,60,59,60,60,60,60,60,59,59,60,60,60,60,60,59,59,59,60,59,60,60,59,60,60,60,60,59,60,60,59,60,60,59,59,59,59,59,60,60,59,60,60,59,60,59,59,59,60,59,59,60,60,60,60,60,60,60,59,59,59,60,59,60,59,60,59,59,59,59,60,59,60,60,60,60,60,59,59,60,60,60,60,59,60,59,59,60,59,59,59,60,60,59,60,59,60,59,59,59,60,59,59,59,59,59,59,59,59,59,59,59,60,60,60,60,60,60,59,,,,,,,,,,,,,,,,,,,,,,,
MPA2:IR,(                ),A,219,197,199,197,197,197,197,198,198,198,196,247,114,113,113,114,114,115,114,114,114,115,115,114,84,84,85,84,84,84,84,84,84,84,83,90,140,139,139,138,178,177,176,274,276,832,803,795,802,335,796,808,803,802,767,776,907,1035,1310,1537,1471,1565,1533,1537,1543,1552,1544,1543,1545,1560,1536,1529,1524,1530,1526,1514,1523,1526,1528,1531,1536,1548,1536,1527,1534,1545,1530,1533,1531,1535,1523,1531,1530,1541,1526,1526,1528,1526,1525,1532,1533,1541,1528,1529,1522,1528,1528,1537,1524,1532,1527,1520,1525,1533,1529,1533,1532,1537,1536,1528,1526,,,,,,,,,,,,,,,,,,,,,,,
MPA2:IS,(                ),A,222,198,198,197,197,198,197,199,198,198,197,248,110,110,110,112,112,112,112,111,112,112,112,112,80,80,81,80,80,81,80,80,81,81,80,87,138,138,138,138,178,177,177,279,278,879,848,845,841,342,841,850,845,843,803,822,960,1099,1398,1654,1576,1681,1646,1647,1655,1667,1658,1656,1654,1671,1643,1639,1640,1643,1638,1625,1634,1641,1639,1645,1647,1662,1645,1638,1645,1661,1644,1643,1641,1649,1638,1645,1641,1659,1636,1639,1641,1639,1633,1647,1644,1656,1635,1642,1634,1643,1640,1653,1645,1645,1640,1638,1640,1650,1644,1647,1643,1646,1651,1642,1641,,,,,,,,,,,,,,,,,,,,,,,
MPA2:IT,(                ),A,218,193,194,192,193,193,193,193,194,193,191,241,111,111,110,112,113,112,112,112,112,112,112,113,80,81,80,80,80,80,80,81,81,81,80,86,139,137,137,136,177,176,176,274,274,869,831,828,835,332,825,838,827,828,789,804,940,1067,1362,1608,1538,1636,1603,1607,1613,1626,1617,1614,1613,1630,1606,1600,1600,1596,1594,1583,1596,1597,1599,1604,1607,1619,1604,1599,1605,1615,1600,1599,1601,1608,1599,1603,1598,1609,1595,1594,1600,1597,1592,1603,1600,1616,1593,1597,1593,1602,1599,1610,1604,1602,1601,1596,1600,1608,1605,1609,1605,1608,1609,1603,1606,,,,,,,,,,,,,,,,,,,,,,,
MPA2:KW,(                ),kW,123.0,122.8,123.2,123.0,122.5,123.3,122.9,123.2,123.3,123.1,122.9,151.8,62.0,62.0,62.0,62.0,61.9,62.0,61.7,61.8,61.8,62.0,62.0,61.9,46.2,46.3,46.6,46.2,46.2,46.4,46.2,46.4,46.5,46.4,46.1,49.5,75.3,75.0,74.9,74.3,95.1,94.7,94.5,154.3,154.4,524.3,505.0,504.7,504.7,189.0,507.2,510.5,504.9,504.4,476.8,487.6,566.3,641.2,819.5,970.4,923.6,982.0,961.0,965.4,968.9,972.8,966.3,965.8,965.4,974.1,960.2,958.6,962.4,965.4,963.7,958.8,964.4,965.3,959.7,959.1,962.1,968.0,960.0,957.6,960.3,967.7,959.1,960.5,960.1,963.3,959.1,961.3,958.5,967.9,959.2,960.1,962.3,960.5,959.0,964.2,965.6,973.2,964.5,966.9,963.2,966.5,964.7,970.2,963.8,965.6,963.8,963.1,964.4,964.5,960.9,964.7,961.5,966.7,966.6,963.4,962.1,,,,,,,,,,,,,,,,,,,,,,,
MPA2:KWH,(                ),,19514780,19514798,19514822,19514842,19514862,19514882,19514898,19514922,19514944,19514964,19514984,19515006,19515028,19515038,19515048,19515058,19515068,19515078,19515090,19515100,19515110,19515120,19515132,19515142,19515150,19515158,19515166,19515174,19515178,19515188,19515196,19515204,19515212,19515218,19515228,19515236,19515246,19515260,19515272,19515284,19515298,19515314,19515330,19515348,19515374,19515430,19515518,19515604,19515682,19515752,19515844,19515932,19516012,19516100,19516184,19516262,19516350,19516448,19516562,19516724,19516866,19517030,19517198,19517366,19517516,19517658,19517842,19518010,19518162,19518330,19518406,19518650,19518802,19518968,19519134,19519284,19519440,19519608,19519774,19519924,19520088,19520232,19520412,19520564,19520730,19520896,19521022,19521220,19521370,19521536,19521686,19521852,19522006,19522174,19522326,19522492,19522656,19522798,19522964,19523130,19523298,19523446,19523590,19523772,19523940,19524106,19524258,19524424,19524582,19524734,19524900,19525068,19525216,19525376,19525542,19525710,19525862,19526026,19526170,19526352,19526424,,,,,,,,,,,,,,,,,,,,,,,
MPA2:PF,(                ),,0.84,0.94,0.94,0.94,0.94,0.94,0.94,0.94,0.94,0.93,0.94,0.92,0.83,0.83,0.83,0.83,0.83,0.83,0.83,0.83,0.83,0.83,0.83,0.83,0.86,0.86,0.86,0.86,0.86,0.86,0.86,0.86,0.86,0.86,0.86,0.85,0.82,0.83,0.82,0.82,0.82,0.81,0.82,0.85,0.85,0.93,0.93,0.93,0.93,0.85,0.93,0.92,0.92,0.92,0.92,0.92,0.92,0.92,0.92,0.93,0.93,0.93,0.93,0.93,0.93,0.93,0.93,0.93,0.93,0.93,0.93,0.93,0.93,0.93,0.93,0.93,0.93,0.93,0.93,0.93,0.93,0.93,0.93,0.93,0.93,0.93,0.93,0.93,0.93,0.93,0.93,0.93,0.93,0.93,0.93,0.93,0.93,0.93,0.93,0.93,0.93,0.93,0.93,0.93,0.93,0.93,0.93,0.93,0.93,0.93,0.93,0.93,0.93,0.93,0.93,0.93,0.93,0.93,0.93,0.93,0.93,,,,,,,,,,,,,,,,,,,,,,,
MPA2:VRS,(                ),V,385.0,385.4,385.8,385.7,385.7,385.8,385.9,386.1,386.7,387.1,386.9,387.4,387.4,387.8,388.2,383.3,382.7,383.1,382.1,382.1,382.2,382.2,382.4,382.5,382.1,381.9,382.2,382.4,382.8,382.1,382.1,382.0,382.2,382.0,382.1,381.6,381.0,380.3,380.7,380.1,379.8,379.8,380.1,379.3,380.4,380.5,381.1,382.7,381.0,383.8,385.9,383.2,383.0,382.4,381.2,381.1,379.7,379.5,379.0,377.7,376.9,375.9,375.0,376.3,376.1,375.1,374.5,375.0,374.6,374.1,374.9,376.0,376.8,379.4,378.5,379.6,379.3,378.9,376.9,374.8,375.1,374.2,374.8,375.9,375.2,375.4,375.6,376.2,376.3,376.7,377.7,375.9,376.2,376.5,376.6,377.1,377.4,377.4,377.7,377.1,378.9,378.2,379.0,379.9,379.3,379.2,378.7,377.7,378.6,377.1,377.6,378.8,379.4,376.2,375.9,377.2,376.2,377.8,377.1,377.1,377.5,,,,,,,,,,,,,,,,,,,,,,,
MPA2:VST,(                ),V,385.2,385.7,385.8,386.0,385.9,386.0,386.0,386.2,386.8,387.2,386.8,387.6,387.5,388.0,388.5,383.6,383.1,383.3,382.5,382.6,382.3,382.3,382.6,382.5,382.3,382.2,382.2,382.5,382.8,382.3,382.3,382.0,382.4,382.2,382.3,381.6,381.2,380.3,380.9,380.2,379.8,379.8,380.0,379.5,380.4,379.6,380.2,383.0,380.3,383.2,384.3,382.9,382.1,382.5,379.4,381.0,379.4,378.4,377.9,376.0,375.8,375.4,375.1,376.1,375.5,374.7,374.0,374.5,374.1,374.0,374.2,375.2,377.5,378.1,378.1,379.2,378.8,378.9,375.5,374.5,374.9,374.2,373.9,374.7,374.2,374.7,374.8,375.0,375.0,374.2,375.9,374.9,374.8,376.1,376.2,376.9,376.3,376.6,376.7,375.8,377.4,377.3,378.6,378.6,378.6,378.1,377.7,377.2,376.8,377.5,377.2,378.3,377.8,376.1,375.6,376.1,374.4,376.9,376.5,376.9,376.4,,,,,,,,,,,,,,,,,,,,,,,
MPA2:VTR,(                ),V,385.0,385.5,385.8,385.8,385.6,386.0,385.9,386.0,386.8,386.8,386.7,387.2,387.2,387.6,388.1,383.0,382.4,382.8,381.8,382.0,381.7,381.7,382.0,382.0,381.7,381.7,381.8,381.9,382.3,381.7,381.8,381.6,381.9,381.8,381.8,381.5,380.7,379.9,380.5,379.8,379.5,379.7,380.1,379.4,380.3,380.2,380.4,382.8,380.9,384.2,385.4,383.9,382.0,381.9,381.1,381.2,379.8,379.7,378.0,377.1,376.8,376.2,374.8,376.0,376.3,374.6,374.1,374.5,374.5,373.2,374.8,375.2,377.4,378.0,378.2,379.4,379.0,378.6,375.6,374.7,375.0,374.2,374.4,375.2,374.6,374.6,375.1,375.7,375.2,375.3,375.3,375.9,375.0,376.0,376.8,376.5,377.0,376.5,376.9,376.8,376.6,378.0,378.6,378.6,379.0,377.8,377.9,377.6,376.7,377.0,377.9,378.8,378.0,375.4,375.6,375.6,375.9,376.3,376.6,376.9,376.0,,,,,,,,,,,,,,,,,,,,,,,
MLARF-1.PF,(                ),,0.97,0.96,0.96,0.97,0.99,0.99,0.99,0.98,0.97,0.97,0.96,0.96,0.95,0.95,0.93,0.93,0.90,0.91,0.90,0.90,0.99,0.99,0.99,0.98,0.97,0.98,0.96,0.89,0.89,0.90,0.92,0.91,0.92,0.92,0.92,0.99,0.99,0.98,0.98,0.97,0.98,0.97,0.95,0.96,0.95,0.99,0.99,0.99,0.99,0.99,0.99,0.98,0.98,0.98,0.97,0.94,0.93,0.94,0.94,0.99,0.99,0.99,0.99,0.99,0.99,0.98,0.98,0.98,0.99,1.00,1.00,0.98,0.98,0.99,1.00,1.00,1.00,0.99,0.98,0.98,0.98,0.99,0.99,0.99,0.99,0.99,1.00,0.99,0.99,0.99,0.99,0.99,0.98,0.96,0.96,0.99,0.99,0.98,0.98,0.99,0.99,0.99,0.99,0.98,0.98,0.99,0.99,0.99,0.99,0.99,0.99,0.99,0.99,0.99,0.99,0.98,0.98,0.98,0.99,0.99,0.99,,,,,,,,,,,,,,,,,,,,,,,
MLARF-1:HZ,(                ),Hz,59,59,59,60,59,59,60,60,60,60,59,59,60,60,60,60,60,60,59,59,59,59,60,60,59,60,60,60,60,59,60,60,59,60,60,59,59,59,59,59,60,60,59,60,60,59,60,59,59,59,60,59,59,60,60,60,60,60,60,60,59,59,59,60,59,60,59,60,59,59,59,59,60,59,60,60,60,60,59,59,59,60,60,60,60,59,60,59,59,59,59,59,59,60,60,59,60,59,60,59,59,59,60,59,59,59,60,59,59,59,59,59,59,59,60,60,60,60,60,59,59,,,,,,,,,,,,,,,,,,,,,,,
MLARF-1:IR,(                ),A,151,136,123,170,315,438,374,278,159,119,98,84,72,69,60,59,53,54,53,52,233,225,206,143,123,99,81,45,45,47,64,63,66,65,64,233,205,166,222,163,203,158,72,69,64,242,225,378,317,340,256,215,162,104,90,68,67,69,67,252,229,194,345,424,322,182,275,227,217,492,467,262,175,301,443,440,440,399,205,225,192,354,275,268,431,474,509,411,310,285,393,362,271,124,125,314,334,281,184,352,296,458,433,337,274,353,362,321,537,526,472,398,342,368,357,298,253,187,520,472,451,,,,,,,,,,,,,,,,,,,,,,,
MLARF-1:IS,(                ),A,88,72,58,106,256,380,332,237,115,78,57,42,36,33,29,31,21,22,25,24,205,208,185,124,101,77,58,21,21,27,29,28,29,29,25,210,178,144,199,139,180,133,44,41,37,214,199,356,290,315,248,186,132,81,67,43,39,46,43,244,204,169,316,403,292,155,218,177,171,440,415,216,127,255,395,392,391,352,159,180,144,306,235,199,360,412,441,360,261,235,343,311,217,72,77,258,283,232,136,300,243,407,381,268,203,289,294,255,440,432,384,319,250,275,260,204,157,93,424,374,356,,,,,,,,,,,,,,,,,,,,,,,
MLARF-1:IT,(                ),A,100,84,69,107,267,376,327,231,112,74,65,52,42,39,35,37,28,29,29,30,208,209,187,125,102,78,59,23,23,26,29,29,28,28,28,210,178,143,189,131,165,122,42,46,40,198,182,341,275,289,241,162,120,68,56,34,30,38,33,216,192,156,290,365,254,126,171,135,135,390,367,183,92,222,348,346,343,305,114,136,102,274,200,172,324,363,404,317,233,208,316,282,189,42,48,230,245,191,103,253,199,365,338,230,170,261,257,213,406,391,342,262,223,248,236,178,129,63,383,338,325,,,,,,,,,,,,,,,,,,,,,,,
MLARF-1:KW,(                ),kW,73.2,62.8,53.6,82.5,184.6,263.9,227.9,163.4,83.9,58.3,47.2,38.2,32.0,29.8,26.1,26.1,20.4,21.1,21.2,20.9,141.5,140.7,126.5,84.7,69.7,54.8,42.3,17.5,17.5,19.8,24.6,24.3,24.9,24.6,23.9,142.7,122.2,97.8,130.6,92.4,118.3,88.1,32.8,32.7,29.4,142.4,132.1,236.5,192.6,208.3,164.2,122.6,90.0,54.8,45.7,30.1,27.9,31.4,29.5,155.3,135.8,111.9,205.8,259.3,187.5,99.0,142.6,115.5,112.3,286.8,271.0,142.3,85.1,170.1,260.2,258.6,257.5,231.2,102.7,116.1,93.6,202.2,153.5,138.2,241.3,272.8,293.9,236.2,174.3,157.9,228.9,207.4,145.7,50.2,52.7,174.7,186.4,151.6,91.0,197.1,160.9,269.0,252.2,181.4,140.0,196.7,198.8,170.9,301.8,294.4,261.0,213.3,177.7,193.1,184.9,146.4,116.2,74.0,288.8,257.5,246.0,,,,,,,,,,,,,,,,,,,,,,,
MLARF-1:KWH,(                ),,6650159,6650169,6650180,6650193,6650211,6650241,6650272,6650312,6650328,6650341,6650349,6650356,6650362,6650367,6650372,6650376,6650380,6650383,6650387,6650391,6650402,6650426,6650450,6650467,6650478,6650490,6650498,6650503,6650506,6650510,6650513,6650517,6650521,6650525,6650530,6650550,6650572,6650590,6650614,6650638,6650652,6650670,6650681,6650685,6650690,6650711,6650735,6650765,6650799,6650826,6650861,6650886,6650903,6650916,6650925,6650931,6650936,6650940,6650946,6650965,6650987,6651008,6651034,6651070,6651104,6651125,6651147,6651169,6651185,6651221,6651244,6651302,6651321,6651343,6651385,6651425,6651468,6651511,6651537,6651559,6651577,6651592,6651626,6651649,6651673,6651716,6651742,6651796,6651829,6651857,6651886,6651923,6651952,6651970,6651979,6651995,6652033,6652057,6652075,6652100,6652131,6652161,6652200,6652242,6652270,6652303,6652338,6652370,6652398,6652446,6652492,6652533,6652570,6652602,6652635,6652664,6652685,6652698,6652720,6652772,6652790,,,,,,,,,,,,,,,,,,,,,,,
MLARF-1:PF,(                ),, -0.97, -0.96, -0.96, -0.97, -0.99, -0.99, -0.99, -0.98, -0.97, -0.97, -0.96, -0.96, -0.95, -0.95, -0.93, -0.93, -0.90, -0.91, -0.90, -0.90, -0.99, -0.99, -0.99, -0.98, -0.97, -0.98, -0.96, -0.89, -0.89, -0.90, -0.92, -0.91, -0.92, -0.92, -0.92, -0.99, -0.99, -0.98, -0.98, -0.97, -0.98, -0.97, -0.95, -0.96, -0.95, -0.99, -0.99, -0.99, -0.99, -0.99, -0.99, -0.98, -0.98, -0.98, -0.97,0.94, -0.93, -0.94, -0.94, -0.99, -0.99, -0.99, -0.99, -0.99, -0.99, -0.98, -0.98, -0.98, -0.99, -1.00, -1.00, -0.98, -0.98, -0.99, -1.00, -1.00, -1.00, -0.99, -0.98, -0.98, -0.98, -0.99, -0.99, -0.99, -0.99, -0.99, -1.00, -0.99, -0.99, -0.99, -0.99, -0.99, -0.98, -0.96,0.96, -0.99, -0.99, -0.98, -0.98, -0.99, -0.99, -0.99, -0.99, -0.98, -0.98, -0.99, -0.99, -0.99, -0.99, -0.99, -0.99, -0.99, -0.99, -0.99, -0.99, -0.98, -0.98, -0.98, -0.99, -0.99, -0.99,,,,,,,,,,,,,,,,,,,,,,,
MLARF-1:VRS,(                ),V,385.3,385.4,385.6,385.6,385.3,385.1,385.3,385.9,386.6,387.0,386.9,387.5,387.4,387.8,388.1,383.2,382.6,382.9,382.1,382.1,382.0,381.9,382.3,382.3,381.9,381.8,382.1,382.4,382.6,382.1,381.8,381.7,382.3,381.8,381.8,381.3,381.0,380.1,380.5,380.0,380.0,379.8,380.1,379.7,380.8,381.5,381.9,383.8,382.1,384.3,386.4,385.0,384.0,384.1,382.5,382.6,381.8,381.9,381.5,380.7,379.8,379.3,378.6,379.0,379.3,378.4,377.7,377.7,377.5,377.0,377.6,378.9,380.8,381.6,381.7,382.2,381.8,381.7,379.4,377.9,378.3,377.4,377.8,378.5,377.9,377.8,377.8,378.7,378.7,379.2,379.2,379.0,379.0,379.2,379.8,380.1,380.3,380.4,380.4,379.9,380.6,381.0,381.8,382.6,382.5,381.4,381.2,380.7,379.9,380.2,380.6,381.5,381.5,378.9,378.5,379.0,379.6,380.0,379.2,379.6,379.5,,,,,,,,,,,,,,,,,,,,,,,
MLARF-1:VST,(                ),V,385.6,385.7,385.7,385.6,385.5,385.6,385.5,386.0,386.7,387.1,386.8,387.5,387.4,387.9,388.2,383.2,382.8,383.0,382.2,382.2,382.0,382.0,382.3,382.4,382.0,381.8,382.0,382.4,382.5,382.0,381.8,381.7,382.5,381.8,381.9,381.3,381.0,380.0,380.4,379.9,379.7,379.6,379.9,379.6,380.8,381.2,381.3,383.7,381.5,383.5,385.7,384.2,383.0,383.1,381.3,381.8,380.9,380.9,380.5,379.6,378.7,378.5,377.6,378.1,378.4,377.5,376.9,376.9,376.4,376.2,376.7,378.0,380.1,380.7,380.8,381.4,381.0,381.1,378.3,377.2,377.3,376.7,376.6,377.6,377.3,377.3,377.3,377.7,377.9,378.6,378.7,378.4,378.0,378.3,378.8,379.4,379.5,379.6,379.3,379.0,379.7,380.1,380.9,381.7,381.7,380.8,380.6,380.1,380.0,379.8,380.3,381.0,381.1,378.8,378.3,378.7,379.0,379.5,379.0,379.4,379.4,,,,,,,,,,,,,,,,,,,,,,,
MLARF-1:VTR,(                ),V,385.7,385.9,386.0,386.1,385.7,385.9,385.7,386.2,386.8,387.2,386.9,387.7,387.3,387.9,388.2,383.1,382.5,382.9,382.0,382.1,381.7,381.7,382.0,381.8,381.6,381.6,381.8,382.1,382.3,381.7,381.8,381.7,382.2,381.8,381.8,381.4,380.9,379.6,380.5,379.7,379.9,379.6,380.2,379.6,381.1,381.7,382.0,383.7,382.7,385.0,386.3,385.3,383.9,384.1,382.6,382.7,382.2,381.9,381.6,380.7,379.8,379.3,378.8,379.5,379.7,378.6,378.3,378.2,378.1,377.7,378.3,379.4,381.3,381.9,382.2,382.8,382.5,382.3,379.8,378.5,378.8,377.9,378.1,379.2,378.6,378.6,378.5,379.2,379.1,379.7,379.8,379.5,379.2,379.4,380.0,380.4,380.6,380.7,380.7,380.3,380.9,381.4,382.3,382.9,383.0,382.0,381.9,381.3,380.8,380.9,381.4,382.2,382.3,379.7,379.4,379.8,380.4,380.8,380.2,380.6,380.6,,,,,,,,,,,,,,,,,,,,,,,
MPARF:HZ,(                ),Hz,59,59,59,60,59,60,60,60,60,60,59,59,60,60,60,60,60,60,59,60,60,59,60,60,59,60,60,60,60,59,60,60,59,60,60,59,59,59,59,59,60,60,59,60,60,59,60,59,59,59,60,59,59,60,60,60,60,60,60,60,59,59,59,60,59,60,59,60,59,59,59,59,60,59,60,60,60,60,59,59,59,60,60,60,60,59,60,59,59,59,59,59,59,60,60,59,60,59,60,59,59,59,60,59,59,59,60,59,59,59,59,59,59,59,60,60,60,60,60,59,59,,,,,,,,,,,,,,,,,,,,,,,
MPARF:IR,(                ),A,164,150,119,117,116,116,115,113,146,116,114,137,150,115,113,112,112,112,112,115,115,111,110,110,111,112,111,111,110,111,113,111,135,111,112,111,115,113,114,113,115,116,145,122,107,118,153,149,228,162,196,201,176,170,172,173,173,176,180,179,185,182,191,194,193,204,253,208,200,250,208,205,208,206,235,212,199,200,195,233,226,250,251,218,283,305,213,204,255,217,198,191,192,199,200,197,200,214,218,226,210,237,252,224,213,260,214,243,231,245,255,221,217,219,224,212,217,227,231,215,221,,,,,,,,,,,,,,,,,,,,,,,
MPARF:IS,(                ),A,115,100,75,74,75,75,75,74,101,77,75,96,107,77,76,75,75,75,78,79,79,76,76,77,76,78,77,76,76,77,78,78,99,78,78,78,76,75,75,75,76,75,100,75,72,72,101,98,162,99,134,133,107,102,110,108,108,104,112,109,111,115,121,131,123,130,186,137,132,179,144,140,142,138,168,134,127,132,125,168,153,188,179,152,216,244,153,135,180,158,144,134,136,148,143,142,143,148,165,166,165,174,193,163,139,188,145,173,174,192,191,158,147,154,148,147,138,160,172,151,155,,,,,,,,,,,,,,,,,,,,,,,
MPARF:IT,(                ),A,168,157,133,133,130,132,130,129,157,130,127,146,158,126,127,125,126,126,128,130,128,124,124,125,125,126,126,124,125,127,127,126,146,126,127,126,127,125,128,125,129,128,156,134,123,126,157,154,211,150,181,187,160,152,160,160,156,158,164,163,168,168,171,177,176,183,233,186,180,227,185,184,192,190,219,196,184,184,173,215,204,226,231,199,260,285,195,189,241,205,186,177,179,184,183,183,187,204,205,214,201,221,236,205,189,233,187,217,213,236,235,204,200,197,204,193,199,201,209,195,201,,,,,,,,,,,,,,,,,,,,,,,
MPARF:KW,(                ),kW,93.4,84.1,62.5,60.3,59.4,59.7,59.2,58.3,80.4,61.7,60.7,76.7,84.0,60.4,59.8,57.0,57.0,57.2,57.1,58.7,58.1,55.1,55.0,55.2,55.1,56.6,56.0,55.3,55.1,54.6,56.5,55.5,72.6,55.3,56.2,55.5,58.5,57.4,58.1,57.2,59.0,59.0,79.8,59.6,52.5,61.4,84.6,81.9,127.4,88.8,110.3,112.7,95.2,91.0,94.8,94.8,93.6,93.8,97.8,96.6,99.1,99.2,103.0,106.5,104.6,109.5,141.7,112.2,107.8,138.8,113.0,111.8,115.1,113.1,123.8,115.5,109.0,110.6,104.3,130.3,122.8,140.1,139.0,120.0,155.9,172.8,118.1,112.1,143.5,122.5,111.3,105.9,106.8,111.6,110.0,110.3,111.6,119.7,123.2,128.2,122.4,134.6,145.6,125.7,115.3,145.3,115.4,134.1,131.0,145.4,144.0,123.9,119.7,120.1,121.0,116.6,116.8,123.1,128.8,117.9,121.7,,,,,,,,,,,,,,,,,,,,,,,
MPARF:KWH,(                ),,5896916,5896927,5896940,5896951,5896961,5896971,5896979,5896992,5897001,5897013,5897023,5897034,5897044,5897055,5897064,5897074,5897084,5897092,5897103,5897112,5897123,5897132,5897142,5897151,5897160,5897170,5897179,5897188,5897197,5897207,5897217,5897226,5897235,5897244,5897255,5897264,5897273,5897283,5897294,5897303,5897312,5897322,5897333,5897342,5897352,5897363,5897375,5897387,5897399,5897418,5897436,5897454,5897470,5897488,5897505,5897522,5897539,5897555,5897572,5897590,5897604,5897622,5897640,5897658,5897675,5897691,5897713,5897734,5897752,5897773,5897784,5897814,5897833,5897854,5897874,5897895,5897915,5897935,5897956,5897974,5897995,5898012,5898035,5898054,5898082,5898110,5898129,5898153,5898172,5898193,5898212,5898231,5898250,5898269,5898288,5898309,5898330,5898347,5898369,5898389,5898410,5898429,5898447,5898470,5898491,5898513,5898532,5898554,5898574,5898594,5898616,5898637,5898656,5898675,5898696,5898717,5898736,5898758,5898777,5898801,5898810,,,,,,,,,,,,,,,,,,,,,,,
MPARF:PF,(                ),, -0.94, -0.93, -0.86, -0.84, -0.83, -0.84, -0.83, -0.83, -0.89, -0.86, -0.86, -0.90, -0.91, -0.85, -0.85, -0.82, -0.82, -0.83, -0.82, -0.82, -0.82, -0.80, -0.80, -0.80, -0.80, -0.81, -0.81, -0.81, -0.80, -0.79, -0.81, -0.80, -0.87, -0.80, -0.80, -0.80, -0.84, -0.84, -0.83, -0.83, -0.84, -0.84, -0.91, -0.84, -0.79, -0.89, -0.93, -0.92,0.97,0.97,0.97,0.98,0.97,0.97,0.97,0.98,0.98,0.97,0.98,0.98,0.98,0.98,0.98,0.97,0.97,0.97,0.97,0.97,0.97,0.97,0.97,0.97,0.97,0.97,0.97,0.97,0.97,0.97,0.97,0.97,0.97,0.97,0.97,0.97,0.95,0.95,0.97,0.97,0.98,0.97,0.97,0.97,0.97,0.96,0.96,0.97,0.96,0.97,0.97,0.97,0.97,0.97,0.97,0.97,0.97,0.97,0.96,0.97,0.97,0.97,0.97,0.97,0.97,0.97,0.96,0.97,0.96,0.96,0.96,0.96,0.96,,,,,,,,,,,,,,,,,,,,,,,
MPARF:VRS,(                ),V,384.4,384.5,384.9,385.1,385.1,385.1,385.1,385.6,386.0,386.6,386.3,386.8,386.5,387.1,387.5,382.7,382.2,382.4,381.6,381.6,381.8,381.6,381.9,381.7,381.6,381.4,381.7,381.9,382.2,381.9,381.5,381.3,381.8,381.5,381.5,381.1,380.7,379.6,379.9,379.4,379.4,379.3,379.5,378.9,380.2,381.0,381.3,383.4,380.3,383.1,384.6,383.3,382.4,382.6,380.9,381.1,380.3,380.6,379.8,379.3,378.3,377.9,377.3,377.8,377.7,376.6,375.8,376.1,375.9,376.0,376.4,377.2,379.1,380.1,380.4,380.9,380.6,380.4,377.8,376.2,376.6,375.8,376.1,376.9,375.8,375.9,376.6,377.4,377.0,377.7,377.9,377.7,377.4,377.7,378.0,378.8,378.3,378.6,378.7,378.5,379.1,379.6,380.3,380.9,380.8,379.7,379.6,378.9,378.8,379.1,379.2,380.0,380.2,377.5,377.0,377.5,378.0,378.2,378.0,378.4,378.3,,,,,,,,,,,,,,,,,,,,,,,
MPARF:VST,(                ),V,385.4,385.8,386.1,386.3,386.2,386.5,386.3,386.6,387.0,387.6,387.2,387.8,387.5,388.1,388.6,383.8,383.4,383.5,382.7,382.8,382.8,382.6,383.0,382.7,382.7,382.4,382.6,382.8,383.0,382.9,382.6,382.1,382.9,382.5,382.6,382.0,381.6,380.6,381.0,380.4,380.2,380.2,380.3,380.4,381.3,381.7,381.8,384.3,380.8,383.3,385.0,383.6,382.6,382.8,380.9,381.4,380.5,380.8,380.0,379.4,378.4,378.1,377.4,378.1,377.9,376.9,376.1,376.5,376.0,376.3,376.6,377.5,379.5,380.4,380.5,381.2,381.0,381.0,378.0,376.5,376.9,376.2,376.2,377.2,376.1,376.3,377.0,377.6,377.3,378.0,378.3,378.0,377.5,378.0,378.1,378.9,378.6,378.9,378.7,378.5,379.2,379.9,380.3,381.0,381.2,380.2,379.9,379.4,379.5,379.1,379.5,380.5,380.4,378.0,377.5,378.0,378.2,378.6,378.4,378.8,378.7,,,,,,,,,,,,,,,,,,,,,,,
MPARF:VTR,(                ),V,384.6,384.8,385.1,385.4,385.2,385.7,385.4,385.6,386.0,386.6,386.4,386.9,386.5,387.2,387.6,382.6,382.1,382.4,381.5,381.6,381.6,381.3,381.7,381.4,381.4,381.3,381.5,381.6,381.8,381.6,381.5,381.2,381.6,381.3,381.3,381.1,380.4,379.4,379.8,379.2,379.2,379.2,379.5,379.5,380.6,381.1,381.2,383.2,380.9,383.5,384.5,383.4,382.3,382.5,381.0,381.1,380.4,380.6,379.9,379.3,378.3,377.9,377.3,378.1,377.9,376.8,376.1,376.4,376.2,376.2,376.7,377.5,379.2,380.1,380.5,380.9,380.9,380.7,377.9,376.3,376.8,376.1,376.2,377.2,376.0,376.0,376.8,377.4,377.2,377.8,378.0,377.8,377.3,377.6,378.1,378.7,378.2,378.6,378.8,378.3,379.1,379.6,380.3,380.7,380.9,379.9,379.8,379.0,379.0,378.7,379.3,380.0,380.2,377.5,377.3,377.6,378.1,378.4,378.1,378.5,378.6,,,,,,,,,,,,,,,,,,,,,,,
MGCBB.KWH,(度數            ),,137.761,137.761,137.761,137.761,137.762,137.762,137.762,137.762,137.762,137.762,137.762,137.762,137.762,137.763,137.763,137.763,137.763,137.763,137.763,137.763,137.763,137.763,137.764,137.764,137.764,137.764,137.764,137.764,137.764,137.764,137.764,137.764,137.765,137.765,137.765,137.765,137.765,137.765,137.765,137.765,137.765,137.766,137.766,137.766,137.766,137.766,137.766,137.766,137.766,137.767,137.767,137.767,137.767,137.767,137.768,137.768,137.768,137.768,137.769,137.769,137.769,137.770,137.770,137.771,137.771,137.771,137.772,137.773,137.773,137.774,137.774,137.775,137.775,137.776,137.776,137.777,137.777,137.778,137.779,137.779,137.780,137.780,137.781,137.781,137.782,137.783,137.783,137.784,137.784,137.785,137.785,137.786,137.786,137.787,137.787,137.788,137.789,137.789,137.790,137.790,137.791,137.791,137.792,137.792,137.793,137.793,137.794,137.795,137.795,137.796,137.796,137.797,137.797,137.798,137.799,137.799,137.800,137.800,137.801,137.802,137.802,,,,,,,,,,,,,,,,,,,,,,,
MGCBB:F,(                ),Hz,60,60,60,60,60,60,60,60,60,60,60,60,60,60,60,60,60,60,60,60,60,60,60,60,60,60,60,60,60,60,60,60,60,60,60,60,60,60,60,60,60,60,60,60,60,60,60,60,60,60,60,60,60,60,60,60,60,60,60,60,60,60,60,60,60,60,60,60,60,60,60,60,60,60,60,60,60,60,60,60,60,60,60,60,60,60,60,60,60,60,60,60,60,60,60,60,60,60,60,60,60,60,60,60,60,60,60,60,60,60,60,60,60,60,60,60,60,60,60,60,60,,,,,,,,,,,,,,,,,,,,,,,
MGCBB:I1,(                ),A,16.8,18.7,21.8,17.7,18.1,18.1,19.3,17.7,16.1,15.0,14.1,15.3,14.2,13.8,15.4,18.6,17.5,16.7,18.2,16.7,17.7,13.6,13.9,15.7,15.1,15.9,14.7,15.4,14.0,15.6,15.7,15.0,13.1,14.0,13.6,12.7,14.0,18.2,18.7,18.8,15.5,15.0,16.2,16.7,18.5,16.8,19.0,20.5,26.6,26.0,25.0,29.4,31.2,30.7,37.2,38.2,39.5,48.7,48.4,48.5,56.1,62.3,65.1,67.7,71.3,76.5,81.2,82.1,79.2,84.1,84.0,83.7,84.5,83.4,87.0,88.8,87.6,83.4,91.8,88.8,83.8,87.9,87.3,85.3,87.5,86.1,85.4,86.4,84.0,80.0,80.5,80.1,84.1,83.5,81.1,78.3,78.4,79.8,84.1,84.1,83.2,83.5,85.2,84.8,83.4,83.5,87.0,89.9,88.2,92.0,89.1,89.7,88.0,90.7,91.4,88.8,89.7,91.9,92.5,86.3,86.6,,,,,,,,,,,,,,,,,,,,,,,
MGCBB:I2,(                ),A,17.1,18.7,22.4,17.9,18.4,18.4,19.2,17.4,16.5,14.5,14.4,15.4,14.8,14.3,14.9,19.1,18.6,17.2,19.4,17.6,18.6,14.6,14.3,16.2,15.8,16.3,15.1,15.8,13.8,15.7,15.7,14.8,13.1,13.9,13.9,13.0,13.7,18.2,18.8,19.4,15.3,14.9,17.0,16.8,19.4,17.5,19.8,21.0,27.4,26.4,25.6,29.6,31.0,31.2,37.5,38.5,40.0,48.6,49.6,48.8,56.1,61.2,64.2,67.4,72.0,75.8,80.2,81.2,78.7,83.7,83.3,83.0,85.8,83.2,86.7,88.6,86.7,82.9,91.0,88.8,82.3,87.4,87.2,85.3,86.4,86.7,86.5,86.2,83.0,79.0,79.1,79.1,82.6,82.8,78.4,76.6,76.5,78.3,81.8,83.0,80.9,82.1,84.9,84.8,83.5,83.0,85.8,89.5,88.0,90.9,88.2,90.7,87.1,90.1,90.5,88.5,89.0,91.4,92.4,86.6,86.7,,,,,,,,,,,,,,,,,,,,,,,
MGCBB:I3,(                ),A,18.3,19.3,22.3,19.0,19.2,18.6,20.3,19.0,17.7,15.6,15.5,16.7,15.4,15.3,15.7,19.4,18.6,17.7,20.1,18.5,19.1,15.1,15.0,16.4,16.4,17.6,15.9,16.3,15.0,16.4,16.8,16.0,13.8,14.8,14.7,14.0,15.0,19.2,18.8,19.7,15.9,16.0,17.5,17.4,19.4,17.7,20.1,21.1,27.7,26.6,26.4,30.2,31.9,32.1,38.7,39.9,41.4,49.8,49.9,49.0,57.8,61.5,64.2,68.4,72.5,78.0,82.4,82.8,80.6,85.3,86.0,84.1,86.4,83.8,87.4,89.1,88.6,84.6,92.3,89.3,84.5,89.2,88.3,86.1,89.0,87.5,86.3,87.6,84.4,81.4,81.9,81.0,84.1,83.9,80.8,79.1,79.0,80.3,83.8,84.1,83.6,84.9,87.0,86.6,85.3,85.2,88.3,91.3,89.3,93.1,90.2,90.6,88.3,91.0,92.3,91.0,90.5,93.1,93.8,87.6,87.8,,,,,,,,,,,,,,,,,,,,,,,
MGCBB:KW,(                ),kW,687.8,757.7,896.8,733.6,743.0,735.5,785.4,723.7,667.4,593.1,580.3,625.8,589.7,570.3,609.4,758.1,725.4,685.8,764.2,695.7,735.3,558.9,556.6,633.2,621.0,654.7,598.7,622.2,561.5,630.6,640.3,603.0,518.2,554.6,551.5,512.4,551.1,738.2,747.4,764.4,616.4,604.7,671.9,670.4,761.4,686.7,789.3,838.7,1086.4,1034.4,1030.0,1182.7,1235.4,1230.9,1493.1,1528.0,1573.2,1916.8,1919.8,1901.1,2212.2,2413.2,2513.5,2644.3,2817.6,2991.5,3147.0,3183.9,3075.0,3287.0,3276.6,3254.3,3327.7,3264.2,3429.3,3504.5,3458.7,3288.4,3580.0,3458.3,3239.5,3428.2,3408.9,3332.3,3412.8,3334.1,3347.7,3377.4,3263.3,3109.0,3116.5,3109.9,3251.4,3242.2,3104.4,3053.9,3042.2,3107.4,3257.0,3271.9,3242.2,3268.6,3363.1,3361.4,3295.3,3281.2,3417.5,3534.4,3460.9,3618.0,3500.7,3525.2,3444.8,3542.0,3567.5,3496.5,3503.9,3606.9,3641.4,3393.7,3402.8,,,,,,,,,,,,,,,,,,,,,,,
MGCBB:PF,(                ),,0.96,0.97,0.98,0.97,0.98,0.97,0.98,0.97,0.97,0.95,0.96,0.96,0.96,0.95,0.96,0.98,0.98,0.97,0.98,0.97,0.98,0.95,0.95,0.97,0.96,0.97,0.96,0.96,0.96,0.97,0.98,0.97,0.95,0.96,0.95,0.95,0.95,0.98,0.98,0.98,0.98,0.98,0.98,0.98,0.98,0.98,0.98,0.98,0.98,0.97,0.97,0.97,0.96,0.97,0.97,0.97,0.96,0.96,0.96,0.96,0.97,0.97,0.97,0.96,0.97,0.97,0.96,0.96,0.96,0.97,0.97,0.96,0.96,0.96,0.97,0.97,0.96,0.96,0.97,0.97,0.96,0.97,0.97,0.96,0.96,0.96,0.96,0.96,0.96,0.96,0.96,0.96,0.96,0.96,0.96,0.96,0.96,0.96,0.96,0.97,0.96,0.96,0.96,0.96,0.96,0.96,0.96,0.97,0.97,0.97,0.97,0.97,0.96,0.97,0.97,0.97,0.97,0.97,0.97,0.96,0.96,,,,,,,,,,,,,,,,,,,,,,,
MGCBB:V12,(                ),kV,23.7,23.7,23.7,23.8,23.7,23.8,23.7,23.8,23.8,23.8,23.8,23.8,23.8,23.9,23.9,23.6,23.5,23.6,23.5,23.5,23.5,23.5,23.5,23.5,23.5,23.5,23.5,23.5,23.5,23.5,23.5,23.5,23.5,23.5,23.5,23.5,23.4,23.4,23.4,23.4,23.3,23.4,23.4,23.3,23.4,23.5,23.5,23.6,23.5,23.7,23.8,23.7,23.6,23.6,23.5,23.5,23.5,23.5,23.4,23.4,23.4,23.3,23.3,23.3,23.3,23.3,23.2,23.2,23.2,23.2,23.2,23.3,23.4,23.5,23.5,23.5,23.5,23.5,23.3,23.2,23.3,23.2,23.2,23.3,23.3,23.3,23.3,23.3,23.3,23.3,23.3,23.3,23.3,23.3,23.3,23.4,23.4,23.4,23.4,23.4,23.4,23.4,23.5,23.5,23.5,23.5,23.4,23.4,23.4,23.4,23.4,23.5,23.5,23.3,23.3,23.4,23.3,23.4,23.3,23.4,23.4,,,,,,,,,,,,,,,,,,,,,,,
MGCBB:V23,(                ),kV,23.7,23.7,23.8,23.8,23.8,23.8,23.8,23.8,23.8,23.8,23.9,23.9,23.9,23.9,23.9,23.6,23.6,23.6,23.5,23.5,23.6,23.5,23.6,23.5,23.5,23.5,23.5,23.6,23.5,23.5,23.5,23.5,23.6,23.5,23.5,23.5,23.5,23.4,23.4,23.4,23.4,23.4,23.4,23.4,23.5,23.5,23.6,23.7,23.6,23.7,23.8,23.7,23.7,23.7,23.6,23.6,23.5,23.6,23.5,23.5,23.4,23.4,23.4,23.4,23.4,23.4,23.3,23.3,23.3,23.3,23.3,23.3,23.5,23.6,23.6,23.6,23.6,23.6,23.4,23.3,23.3,23.3,23.3,23.4,23.3,23.3,23.3,23.4,23.4,23.4,23.4,23.4,23.4,23.4,23.4,23.5,23.4,23.5,23.5,23.4,23.5,23.5,23.6,23.6,23.6,23.5,23.5,23.5,23.5,23.5,23.5,23.5,23.5,23.4,23.4,23.4,23.4,23.4,23.4,23.5,23.4,,,,,,,,,,,,,,,,,,,,,,,
MGCBB:V31,(                ),kV,23.7,23.7,23.7,23.8,23.8,23.8,23.7,23.8,23.8,23.8,23.8,23.8,23.9,23.9,23.9,23.6,23.6,23.6,23.5,23.5,23.6,23.6,23.6,23.5,23.6,23.5,23.5,23.6,23.6,23.5,23.5,23.5,23.6,23.5,23.5,23.5,23.5,23.4,23.4,23.4,23.4,23.4,23.4,23.4,23.4,23.5,23.5,23.6,23.5,23.7,23.8,23.7,23.6,23.6,23.5,23.5,23.5,23.5,23.5,23.4,23.4,23.3,23.3,23.3,23.3,23.3,23.2,23.2,23.2,23.2,23.2,23.3,23.4,23.5,23.5,23.5,23.5,23.5,23.3,23.2,23.3,23.2,23.3,23.3,23.3,23.3,23.3,23.3,23.3,23.4,23.4,23.3,23.3,23.4,23.4,23.4,23.4,23.4,23.4,23.4,23.4,23.5,23.5,23.6,23.5,23.5,23.5,23.4,23.4,23.4,23.5,23.5,23.5,23.3,23.3,23.4,23.4,23.4,23.4,23.4,23.4,,,,,,,,,,,,,,,,,,,,,,,
MLB1-1:HZ,(                ),Hz,59,59,59,59,59,60,60,60,60,60,59,59,60,60,60,60,60,60,59,60,60,59,60,60,59,60,60,60,60,59,60,60,60,60,60,59,59,59,60,59,60,60,59,60,60,59,60,59,59,59,60,59,60,60,60,60,60,60,60,60,59,59,59,60,59,60,59,60,59,59,59,59,60,59,60,60,60,60,59,59,59,60,60,59,60,59,60,59,59,60,59,59,59,60,60,59,60,59,60,59,59,59,60,59,59,59,60,59,59,59,59,59,59,59,60,60,60,60,60,59,59,,,,,,,,,,,,,,,,,,,,,,,
MLB1-1:IR,(                ),A,508,605,791,550,604,598,712,599,498,432,438,480,418,431,510,651,607,557,681,580,638,382,427,512,479,554,476,508,443,545,549,470,332,421,406,342,438,693,684,679,502,440,497,511,615,546,655,740,882,698,766,885,818,810,931,879,791,1061,1066,1010,1218,1262,1332,1339,1315,1349,1475,1431,1249,1426,1463,1454,1357,1341,1484,1445,1505,1404,1775,1651,1423,1645,1547,1429,1596,1539,1576,1687,1592,1528,1497,1416,1667,1468,1385,1388,1407,1550,1707,1594,1597,1492,1450,1534,1495,1531,1600,1802,1732,1828,1783,1663,1636,1714,1608,1739,1611,1809,1851,1542,1595,,,,,,,,,,,,,,,,,,,,,,,
MLB1-1:IS,(                ),A,438,632,831,486,562,615,627,535,432,386,353,400,379,387,470,669,635,540,667,582,647,368,392,529,487,550,454,494,392,511,499,391,280,369,349,294,382,664,631,660,496,395,461,497,614,541,658,715,838,713,752,833,792,759,879,857,736,1013,1051,961,1163,1255,1312,1322,1298,1278,1430,1425,1263,1380,1387,1418,1348,1324,1405,1441,1388,1355,1718,1680,1274,1559,1504,1392,1569,1492,1573,1647,1551,1497,1372,1370,1575,1541,1374,1305,1368,1448,1683,1610,1541,1486,1499,1550,1491,1481,1595,1795,1676,1719,1750,1650,1634,1682,1553,1685,1552,1674,1777,1549,1517,,,,,,,,,,,,,,,,,,,,,,,
MLB1-1:IT,(                ),A,488,559,766,496,531,562,634,572,466,372,372,453,398,400,454,643,630,549,657,575,643,378,387,521,478,567,466,475,400,509,504,407,295,370,365,326,358,640,636,664,455,395,479,490,633,541,666,719,846,663,763,843,798,791,916,874,793,1042,1049,979,1253,1204,1221,1339,1330,1310,1434,1420,1290,1394,1427,1411,1379,1279,1430,1398,1404,1330,1740,1617,1305,1575,1531,1380,1545,1489,1542,1688,1560,1497,1405,1347,1556,1476,1338,1268,1359,1509,1655,1612,1497,1430,1417,1560,1442,1412,1523,1764,1680,1742,1681,1646,1620,1627,1541,1720,1574,1707,1741,1556,1541,,,,,,,,,,,,,,,,,,,,,,,
MLB1-1:KW,(                ),kW,300.7,389.1,523.6,330.4,367.2,383.3,429.1,368.9,296.6,247.5,239.5,275.9,245.9,250.4,303.0,421.6,402.4,353.0,432.4,370.9,416.3,229.4,243.2,331.6,303.3,352.2,292.5,307.5,257.1,335.0,333.4,269.8,184.7,236.9,230.4,192.9,239.6,430.2,422.8,431.2,311.6,260.5,308.0,318.3,402.4,348.9,429.3,471.3,556.8,439.5,489.1,543.3,500.6,501.8,585.2,561.3,489.6,666.3,674.6,626.0,779.5,794.1,813.5,838.9,827.4,822.6,897.3,885.0,787.3,879.4,897.1,887.4,847.2,813.4,914.1,906.3,908.5,861.8,1098.4,1033.2,818.3,994.9,952.2,866.3,978.9,937.6,976.8,1050.2,982.9,940.2,884.6,852.1,999.5,931.8,841.2,825.9,869.3,952.7,1060.0,1008.1,971.0,921.3,915.4,976.5,925.1,920.9,992.0,1131.2,1080.0,1116.7,1100.5,1048.5,1030.4,1052.8,981.9,1079.8,985.2,1090.2,1134.3,963.1,974.1,,,,,,,,,,,,,,,,,,,,,,,
MLB1-1:KWH,(                ),,33381552,33381604,33381694,33381760,33381822,33381886,33381938,33382016,33382058,33382104,33382142,33382186,33382226,33382272,33382310,33382372,33382442,33382488,33382554,33382616,33382696,33382752,33382784,33382838,33382890,33382950,33383002,33383046,33383092,33383134,33383194,33383238,33383276,33383306,33383348,33383386,33383420,33383480,33383534,33383618,33383672,33383722,33383772,33383822,33383876,33383932,33384000,33384082,33384152,33384224,33384304,33384394,33384478,33384564,33384662,33384756,33384848,33384934,33385052,33385166,33385272,33385410,33385546,33385686,33385814,33385940,33386110,33386270,33386394,33386550,33386624,33386854,33386994,33387144,33387280,33387436,33387586,33387740,33387916,33388084,33388244,33388382,33388568,33388710,33388880,33389054,33389182,33389388,33389550,33389702,33389856,33390002,33390144,33390308,33390450,33390590,33390740,33390876,33391042,33391204,33391374,33391518,33391654,33391836,33392002,33392140,33392306,33392482,33392662,33392836,33393030,33393212,33393374,33393532,33393708,33393878,33394044,33394220,33394372,33394566,33394642,,,,,,,,,,,,,,,,,,,,,,,
MLB1-1:PF,(                ),,0.95,0.98,0.99,0.97,0.97,0.97,0.98,0.97,0.95,0.93,0.92,0.93,0.92,0.92,0.95,0.97,0.98,0.97,0.98,0.97,0.98,0.92,0.92,0.97,0.96,0.96,0.95,0.95,0.95,0.97,0.98,0.97,0.92,0.93,0.94,0.91,0.93,0.99,0.99,0.98,0.98,0.97,0.98,0.97,0.99,0.98,0.99,0.98,0.99,0.96,0.97,0.96,0.94,0.97,0.98,0.98,0.96,0.98,0.98,0.97,0.99,0.98,0.97,0.97,0.97,0.97,0.96,0.96,0.96,0.97,0.97,0.96,0.95,0.95,0.97,0.97,0.97,0.96,0.97,0.97,0.95,0.97,0.96,0.95,0.96,0.96,0.96,0.97,0.97,0.96,0.96,0.95,0.96,0.96,0.95,0.96,0.97,0.97,0.97,0.97,0.96,0.96,0.96,0.96,0.96,0.96,0.97,0.97,0.97,0.97,0.97,0.97,0.97,0.97,0.97,0.97,0.96,0.97,0.98,0.96,0.97,,,,,,,,,,,,,,,,,,,,,,,
MLB1-1:VRS,(                ),V,384.0,384.4,383.9,384.2,384.3,384.2,384.3,384.9,385.3,385.8,385.9,385.5,386.0,386.3,386.1,381.9,381.5,381.5,380.7,380.8,381.6,381.0,381.3,381.1,380.7,380.5,380.8,380.8,380.9,380.8,380.6,380.5,381.5,380.5,380.6,380.5,379.7,378.5,379.3,378.6,378.5,378.9,378.9,378.6,379.3,380.2,380.4,382.0,379.7,381.6,383.7,381.7,380.9,380.6,379.5,379.5,378.5,378.7,377.8,377.1,376.4,375.6,374.2,374.9,374.8,374.0,372.1,372.8,372.9,373.0,373.1,374.0,376.0,377.4,377.1,377.7,377.4,377.7,373.5,372.6,372.8,372.4,372.5,373.3,372.5,373.3,373.4,373.2,373.4,374.1,374.3,374.1,373.1,374.3,374.4,375.6,375.5,375.6,374.5,374.6,375.3,376.0,377.2,377.3,376.9,376.4,376.1,375.3,375.5,374.9,375.6,376.4,376.3,374.0,373.4,374.2,373.8,374.0,374.3,375.3,374.9,,,,,,,,,,,,,,,,,,,,,,,
MLB1-1:VST,(                ),V,384.1,384.1,383.6,384.2,384.3,384.0,384.5,385.1,385.3,385.6,386.0,385.7,385.7,386.1,385.7,381.4,380.8,381.1,380.3,380.4,381.0,380.3,380.7,380.4,380.1,380.0,380.4,380.3,380.5,380.5,380.4,380.4,380.9,380.0,380.2,380.2,379.3,378.3,379.2,378.2,378.3,378.7,379.0,378.7,379.3,380.3,380.6,382.0,380.7,382.4,384.0,382.5,381.5,381.6,380.7,380.3,379.7,379.6,378.5,377.9,377.6,376.5,375.0,375.9,375.8,375.0,373.3,373.6,373.9,374.0,374.3,374.8,376.6,377.9,378.2,378.5,378.6,378.5,374.6,373.3,374.3,373.5,373.7,374.3,373.5,374.0,373.8,374.2,374.4,374.7,375.5,374.9,374.1,374.5,375.0,376.2,376.2,376.5,375.5,375.2,376.2,376.6,377.7,378.0,377.6,377.1,376.7,375.9,376.1,376.0,376.3,377.0,377.1,374.6,374.4,375.1,374.8,375.4,375.1,375.9,375.9,,,,,,,,,,,,,,,,,,,,,,,
MLB1-1:VTR,(                ),V,384.2,384.5,384.1,384.6,384.8,384.3,384.7,385.4,385.6,386.2,386.4,385.8,386.2,386.4,386.4,381.9,381.3,381.6,380.8,380.8,381.7,381.0,381.4,381.1,380.9,380.5,381.0,381.2,381.1,381.2,381.0,381.0,381.5,380.7,380.6,380.4,380.1,379.0,379.6,378.7,379.2,379.2,379.5,378.5,379.4,380.7,381.0,382.5,380.7,382.7,384.3,382.7,382.0,381.8,380.8,380.5,379.6,379.8,378.7,378.3,377.4,377.0,375.8,375.9,375.7,375.1,373.4,373.9,373.9,374.2,374.3,375.1,376.7,378.4,378.5,379.0,378.8,378.9,374.7,373.6,374.4,373.7,373.9,374.5,373.8,374.2,374.2,374.4,374.7,374.9,375.7,375.2,374.7,375.1,375.6,376.9,376.6,376.7,375.8,375.6,376.7,377.2,378.5,378.3,378.2,377.7,377.2,376.1,376.3,376.3,376.8,377.2,377.3,375.0,374.7,375.0,374.9,375.4,375.6,376.1,375.8,,,,,,,,,,,,,,,,,,,,,,,
MLB2-1:HZ,(                ),Hz,59,59,59,59,59,60,60,60,60,60,59,59,60,60,60,60,60,60,59,60,60,59,60,60,59,60,60,60,60,59,60,60,60,60,60,59,59,59,60,59,60,60,59,60,60,59,60,59,59,59,60,59,60,60,60,60,60,60,60,60,59,59,59,60,59,60,59,60,59,59,59,59,60,59,60,60,60,60,59,59,59,60,60,59,60,59,60,59,59,60,59,59,59,60,60,59,60,59,60,59,59,59,60,59,59,59,60,59,59,59,59,59,59,59,60,60,60,60,60,59,59,,,,,,,,,,,,,,,,,,,,,,,
MLB2-1:IR,(                ),A,97,99,99,95,94,93,97,94,98,92,96,107,90,88,96,99,88,101,94,90,90,99,91,101,96,90,96,98,95,88,97,97,99,95,94,99,97,98,100,97,96,106,98,104,98,98,107,93,106,125,132,132,134,138,224,256,292,458,429,423,514,560,540,649,686,915,1060,1060,1042,1090,1145,1120,1235,1194,1209,1298,1271,1227,1263,1179,1120,1119,1175,1178,1137,1118,1073,1104,1071,1092,1081,1064,1058,1121,1122,1061,1104,1079,1139,1218,1157,1121,1146,1108,1137,1131,1151,1078,1022,1096,1089,1094,1171,1214,1265,1182,1186,1147,1227,1173,1170,,,,,,,,,,,,,,,,,,,,,,,
MLB2-1:IS,(                ),A,73,71,75,71,73,70,79,70,72,75,68,74,73,75,67,74,70,71,71,65,73,69,70,71,71,66,66,66,63,64,70,66,71,70,68,68,66,69,98,105,99,108,95,100,110,100,102,98,106,98,102,100,102,104,197,219,251,435,385,381,440,520,535,622,657,837,947,960,951,1069,1061,1045,1148,1156,1147,1243,1222,1139,1203,1091,1040,1029,1095,1110,1096,1099,1045,1028,979,975,981,966,970,1024,1007,976,983,985,989,1106,998,972,1003,954,1009,999,952,953,961,1012,998,1032,1037,1125,1170,1048,1135,1095,1123,1108,1087,,,,,,,,,,,,,,,,,,,,,,,
MLB2-1:IT,(                ),A,101,100,104,99,97,102,102,98,97,95,94,101,96,99,99,89,96,95,99,91,92,93,92,93,92,93,91,98,88,91,100,97,101,95,89,93,92,97,94,84,94,96,91,91,88,96,94,92,113,91,86,91,86,93,185,209,233,421,386,375,437,478,502,584,632,799,946,967,977,1033,1073,1059,1164,1143,1105,1228,1198,1109,1154,1081,1012,1019,1081,1086,1070,1049,1015,984,990,998,1000,957,973,1020,981,977,991,977,1000,1107,1065,1056,1093,1033,1085,1084,1048,1035,994,1067,1037,1065,1061,1112,1154,1063,1095,1130,1138,1090,1092,,,,,,,,,,,,,,,,,,,,,,,
MLB2-1:KW,(                ),kW,54.9,54.5,56.6,52.9,50.9,52.1,56.0,50.8,52.4,50.1,50.8,56.9,49.6,50.1,51.8,51.9,47.9,52.0,51.2,48.5,49.4,50.9,48.4,51.2,49.5,47.0,48.8,51.0,46.5,45.5,51.7,50.4,53.9,50.2,47.5,50.8,48.4,50.7,58.1,57.0,58.2,63.0,56.7,60.1,59.4,60.4,62.4,58.1,69.0,64.8,67.4,68.1,67.4,70.8,131.0,146.4,164.6,275.6,249.1,243.9,286.4,322.4,326.5,388.7,411.6,523.1,595.4,603.8,599.4,649.0,670.8,660.2,736.2,726.3,718.5,788.8,770.9,722.1,749.3,685.0,645.3,644.9,685.3,692.5,676.5,667.6,638.3,633.4,616.9,623.1,623.7,606.0,608.0,646.5,629.0,614.9,626.6,619.1,638.2,706.8,661.1,645.2,668.5,636.1,665.1,661.6,645.7,626.0,606.6,649.0,639.3,655.4,673.4,711.9,741.6,676.3,703.7,694.2,718.9,691.4,688.6,,,,,,,,,,,,,,,,,,,,,,,
MLB2-1:KWH,(                ),,16865906,16865914,16865924,16865932,16865942,16865952,16865958,16865968,16865978,16865986,16865994,16866004,16866012,16866022,16866030,16866038,16866046,16866054,16866064,16866072,16866080,16866090,16866096,16866106,16866114,16866122,16866130,16866138,16866146,16866154,16866164,16866172,16866180,16866188,16866196,16866204,16866212,16866220,16866228,16866238,16866248,16866258,16866268,16866278,16866286,16866298,16866308,16866318,16866328,16866336,16866348,16866360,16866372,16866384,16866400,16866424,16866452,16866484,16866532,16866574,16866614,16866668,16866724,16866788,16866850,16866920,16867026,16867132,16867226,16867334,16867386,16867558,16867666,16867794,16867922,16868042,16868172,16868298,16868422,16868530,16868644,16868742,16868874,16868980,16869100,16869216,16869300,16869436,16869536,16869636,16869742,16869848,16869952,16870062,16870164,16870270,16870376,16870468,16870574,16870690,16870808,16870910,16871006,16871134,16871250,16871356,16871470,16871580,16871682,16871782,16871890,16872004,16872110,16872224,16872346,16872470,16872578,16872698,16872802,16872928,16872978,,,,,,,,,,,,,,,,,,,,,,,
MLB2-1:PF,(                ),, -0.91, -0.90, -0.91, -0.90, -0.87, -0.88, -0.90, -0.87, -0.88, -0.86, -0.88, -0.91, -0.85, -0.86, -0.89, -0.90, -0.86, -0.88, -0.88, -0.87, -0.88, -0.88, -0.86, -0.88, -0.87, -0.86, -0.87, -0.88, -0.86, -0.85, -0.88, -0.88, -0.90, -0.88, -0.86, -0.89, -0.86, -0.87, -0.91, -0.91, -0.92, -0.93, -0.91, -0.93, -0.91, -0.93, -0.93, -0.93, -0.96, -0.93, -0.94, -0.95, -0.94, -0.96,0.98,0.97,0.97,0.95,0.95,0.95,0.94,0.95,0.95,0.96,0.96,0.94,0.93,0.94,0.93,0.94,0.95,0.94,0.95,0.95,0.95,0.96,0.96,0.95,0.96,0.95,0.94,0.94,0.95,0.95,0.95,0.94,0.94,0.94,0.94,0.94,0.94,0.94,0.94,0.94,0.94,0.94,0.94,0.94,0.94,0.95,0.94,0.94,0.94,0.94,0.94,0.94,0.94,0.94,0.94,0.94,0.94,0.94,0.94,0.95,0.95,0.95,0.95,0.95,0.95,0.95,0.95,,,,,,,,,,,,,,,,,,,,,,,
MLB2-1:VRS,(                ),V,385.7,385.9,385.6,385.8,386.1,385.9,386.2,386.7,386.9,387.4,387.5,387.3,387.6,388.0,387.9,383.8,383.1,383.0,382.4,382.4,383.3,382.4,382.9,382.5,382.4,382.4,382.3,382.5,382.6,382.7,382.3,381.9,382.6,381.8,382.2,381.7,381.2,380.3,380.8,380.4,379.9,379.9,380.4,380.2,380.7,381.6,381.9,384.1,381.8,383.9,386.0,384.6,383.7,383.0,381.7,381.3,380.2,380.1,379.2,378.6,377.5,377.1,376.3,377.0,376.7,375.0,372.9,373.5,373.1,373.3,373.4,374.7,376.3,377.8,377.2,377.7,377.7,377.8,374.6,373.3,373.9,373.4,373.3,373.9,373.6,374.2,374.2,374.2,374.3,374.7,375.2,374.9,374.3,374.9,375.1,375.9,375.6,376.0,375.2,375.1,375.9,376.5,377.5,378.0,377.7,377.1,376.5,376.5,376.7,376.1,376.7,377.3,377.0,374.9,374.2,375.1,374.8,375.5,375.2,375.9,375.7,,,,,,,,,,,,,,,,,,,,,,,
MLB2-1:VST,(                ),V,385.7,385.8,385.5,385.7,386.0,385.9,386.1,386.6,386.8,387.2,387.5,387.3,387.3,387.8,387.7,383.3,382.6,382.7,382.0,382.1,382.8,382.0,382.4,382.0,381.9,382.0,381.9,382.2,382.2,382.2,381.9,381.6,382.1,381.5,381.7,381.5,380.8,379.9,380.3,379.7,379.5,379.7,380.3,379.9,380.6,381.8,382.0,383.8,382.6,384.9,386.2,385.2,384.3,383.6,382.4,381.7,381.0,380.6,379.9,379.2,378.3,377.7,376.9,377.8,377.5,375.9,374.0,374.5,374.3,374.1,374.6,375.7,377.1,378.6,378.1,378.6,378.6,378.6,375.5,374.3,374.9,374.4,374.5,374.9,374.4,374.7,374.7,375.1,375.3,375.6,376.2,375.8,375.2,375.6,376.1,376.6,376.5,376.7,376.4,376.0,377.1,377.6,378.8,379.1,378.7,378.3,377.9,377.4,377.2,377.0,377.5,378.0,378.0,375.5,375.1,376.1,375.7,376.4,376.1,376.7,376.6,,,,,,,,,,,,,,,,,,,,,,,
MLB2-1:VTR,(                ),V,385.7,385.9,385.7,385.9,386.3,385.8,386.2,386.7,387.1,387.6,387.9,387.5,387.8,388.1,387.9,383.8,383.0,383.1,382.4,382.5,383.4,382.6,383.1,382.7,382.5,382.4,382.5,382.8,382.8,382.8,382.4,382.2,382.6,382.0,382.3,381.8,381.5,380.5,380.9,380.4,380.2,380.2,380.7,379.9,380.9,382.2,382.7,384.5,382.5,385.1,386.9,385.5,385.0,384.1,382.7,382.1,381.2,381.2,380.1,379.6,378.9,378.4,377.5,378.2,377.8,376.4,374.3,374.8,374.4,374.4,374.8,375.9,377.3,378.9,378.6,378.9,378.8,378.9,376.0,374.5,375.3,374.8,374.9,375.3,374.7,375.1,375.2,375.7,375.6,375.9,376.5,376.1,375.7,376.1,376.4,377.1,376.9,377.2,376.9,376.6,377.3,377.8,379.0,379.5,378.9,378.2,377.8,377.5,377.4,377.3,377.8,378.2,378.3,375.9,375.4,376.3,376.2,376.4,376.4,377.0,376.6,,,,,,,,,,,,,,,,,,,,,,,
MLB3-1:HZ,(                ),Hz,59,59,59,59,59,60,60,60,60,60,59,59,60,60,60,60,60,60,59,60,60,59,60,60,59,60,60,60,60,59,60,60,60,60,60,59,59,59,60,59,60,60,59,60,60,59,60,59,59,59,60,59,60,60,60,60,60,60,60,60,59,59,59,60,59,60,59,60,59,59,59,59,60,60,60,60,60,60,59,59,59,60,60,59,60,59,60,59,59,60,59,59,59,60,60,59,60,59,60,59,59,59,60,59,59,59,60,59,59,59,59,59,59,59,59,60,60,60,60,59,59,,,,,,,,,,,,,,,,,,,,,,,
MLB3-1:IR,(                ),A,285,252,261,291,283,252,250,241,226,238,195,214,212,206,221,222,210,227,218,236,216,212,225,205,215,225,215,178,229,203,203,254,253,234,241,248,243,213,226,228,231,268,261,247,248,240,257,248,262,316,304,266,425,414,556,617,714,778,807,850,1022,1132,1220,1203,1346,1416,1354,1381,1390,1391,1398,1349,1388,1385,1452,1483,1463,1379,1468,1433,1470,1495,1454,1478,1508,1419,1396,1414,1387,1369,1305,1381,1337,1401,1415,1328,1282,1250,1253,1263,1243,1371,1435,1415,1392,1407,1476,1499,1462,1547,1415,1526,1488,1510,1492,1484,1537,1528,1500,1435,1439,,,,,,,,,,,,,,,,,,,,,,,
MLB3-1:IS,(                ),A,273,244,280,287,275,249,264,235,236,254,232,215,253,212,223,217,218,240,219,219,206,224,213,210,238,206,214,201,209,215,208,250,280,246,239,225,233,234,278,243,214,246,275,249,275,249,260,275,276,319,273,271,409,435,511,549,694,756,786,821,902,1095,1241,1146,1322,1358,1304,1319,1338,1317,1317,1365,1383,1349,1430,1426,1405,1344,1438,1430,1432,1478,1438,1467,1389,1388,1408,1365,1376,1322,1257,1355,1341,1409,1330,1294,1261,1250,1266,1269,1231,1291,1424,1355,1361,1396,1427,1452,1452,1523,1343,1495,1413,1486,1486,1427,1449,1489,1497,1375,1474,,,,,,,,,,,,,,,,,,,,,,,
MLB3-1:IT,(                ),A,312,268,300,314,298,254,261,246,268,243,266,243,264,258,215,244,242,243,273,274,271,264,265,234,244,228,228,226,219,232,209,261,246,239,254,264,255,239,252,266,214,273,310,258,284,255,276,254,289,335,314,291,415,437,549,579,719,754,829,819,970,1079,1168,1196,1351,1388,1331,1330,1331,1358,1315,1284,1453,1353,1438,1397,1426,1366,1391,1436,1407,1483,1440,1477,1424,1487,1431,1390,1322,1331,1273,1381,1331,1340,1301,1337,1225,1185,1189,1172,1194,1275,1468,1365,1430,1411,1473,1431,1432,1493,1372,1479,1404,1461,1492,1468,1438,1481,1497,1343,1447,,,,,,,,,,,,,,,,,,,,,,,
MLB3-1:KW,(                ),kW,186.1,161.4,179.1,190.0,183.7,159.7,163.1,153.4,153.5,154.2,147.4,142.3,155.7,142.6,140.3,144.6,141.4,150.8,149.2,152.0,145.6,147.1,147.9,135.9,146.7,139.5,138.8,127.5,138.7,136.6,130.0,160.6,162.3,151.1,153.3,153.3,152.3,143.0,158.7,152.8,137.2,166.5,179.4,158.5,169.7,157.0,168.4,166.8,174.8,208.2,190.9,176.5,266.6,270.2,340.5,368.9,443.9,479.9,506.6,519.9,606.3,695.4,763.3,743.1,846.7,872.8,832.2,842.4,846.4,848.6,841.3,837.7,891.1,863.7,915.0,911.6,910.0,864.6,904.9,900.4,903.1,936.5,908.4,930.3,905.5,901.8,889.7,874.8,855.8,843.1,803.0,863.7,837.6,872.4,849.2,831.3,789.9,771.9,776.0,774.2,768.5,826.7,916.8,876.2,883.6,890.5,924.2,923.6,916.3,964.8,870.3,952.0,908.8,938.0,938.8,922.4,930.8,949.3,946.9,873.3,918.3,,,,,,,,,,,,,,,,,,,,,,,
MLB3-1:KWH,(                ),,28090170,28090196,28090230,28090256,28090288,28090320,28090338,28090370,28090392,28090420,28090442,28090466,28090492,28090516,28090538,28090564,28090586,28090608,28090636,28090660,28090684,28090708,28090726,28090754,28090776,28090800,28090826,28090846,28090868,28090890,28090918,28090938,28090964,28090988,28091016,28091044,28091066,28091094,28091112,28091142,28091168,28091192,28091222,28091248,28091274,28091304,28091334,28091362,28091388,28091416,28091454,28091486,28091522,28091568,28091620,28091678,28091740,28091810,28091894,28091982,28092066,28092182,28092304,28092436,28092554,28092680,28092840,28092988,28093118,28093264,28093334,28093550,28093686,28093842,28093998,28094136,28094282,28094438,28094594,28094740,28094894,28095028,28095200,28095348,28095500,28095656,28095774,28095952,28096084,28096216,28096360,28096504,28096644,28096792,28096926,28097074,28097214,28097332,28097472,28097612,28097752,28097878,28098008,28098180,28098334,28098470,28098626,28098782,28098934,28099080,28099242,28099398,28099544,28099696,28099864,28100024,28100170,28100326,28100470,28100646,28100710,,,,,,,,,,,,,,,,,,,,,,,
MLB3-1:PF,(                ),,0.96,0.95,0.96,0.96,0.96,0.95,0.95,0.95,0.94,0.94,0.95,0.95,0.96,0.94,0.95,0.96,0.96,0.96,0.96,0.95,0.95,0.96,0.95,0.95,0.96,0.96,0.96,0.96,0.96,0.95,0.95,0.95,0.95,0.95,0.95,0.95,0.95,0.95,0.96,0.95,0.95,0.97,0.97,0.96,0.96,0.96,0.96,0.97,0.96,0.97,0.96,0.96,0.97,0.95,0.96,0.96,0.95,0.96,0.96,0.96,0.96,0.97,0.97,0.97,0.97,0.97,0.97,0.97,0.97,0.97,0.97,0.97,0.97,0.97,0.97,0.97,0.97,0.97,0.97,0.97,0.97,0.97,0.97,0.97,0.97,0.97,0.97,0.97,0.97,0.97,0.96,0.97,0.97,0.97,0.97,0.97,0.96,0.96,0.96,0.96,0.96,0.97,0.97,0.97,0.97,0.97,0.97,0.97,0.97,0.97,0.97,0.97,0.97,0.97,0.97,0.97,0.97,0.97,0.97,0.97,0.97,,,,,,,,,,,,,,,,,,,,,,,
MLB3-1:VRS,(                ),V,384.9,385.0,384.8,384.8,385.1,385.1,385.5,385.5,386.0,386.4,387.0,386.7,387.0,387.3,387.4,382.8,382.3,382.3,381.7,381.8,382.5,381.6,382.0,381.9,381.6,381.6,381.7,381.9,381.8,382.0,381.7,381.1,381.6,381.3,381.3,381.4,380.4,379.5,380.3,379.6,379.0,379.1,379.7,379.1,379.9,380.9,381.2,383.4,381.0,383.1,385.0,383.8,382.5,381.8,380.4,379.9,378.7,379.0,378.1,377.3,376.1,375.7,374.5,375.5,375.1,373.9,372.9,373.5,372.9,373.1,373.2,374.7,376.6,377.9,377.2,377.7,377.7,377.9,374.6,373.3,373.5,373.2,373.3,373.8,373.2,374.1,374.1,374.2,374.2,374.8,375.3,374.6,374.2,374.9,374.8,375.9,375.8,376.2,375.6,375.6,376.3,376.7,377.6,378.0,377.7,377.3,376.5,376.4,376.4,375.8,376.6,377.1,376.9,374.7,374.1,375.1,374.6,375.3,375.3,375.9,375.7,,,,,,,,,,,,,,,,,,,,,,,
MLB3-1:VST,(                ),V,384.9,384.9,384.7,384.7,385.0,384.9,385.2,385.5,385.9,386.1,386.7,386.5,386.4,387.0,386.9,382.5,381.7,381.9,381.1,381.5,382.1,381.1,381.4,381.4,381.0,381.3,381.1,381.3,381.5,381.4,381.2,380.7,380.9,380.9,380.8,381.1,380.0,379.0,379.6,379.0,379.0,379.0,379.6,379.0,379.9,380.9,381.4,383.2,381.9,384.2,385.5,384.4,383.2,382.3,381.5,380.9,379.8,379.8,379.0,378.0,377.4,376.5,375.1,376.6,376.0,374.9,373.9,374.3,374.0,374.2,374.4,375.4,377.2,378.6,378.0,378.6,378.7,378.6,375.5,374.3,374.6,374.1,374.3,374.9,374.4,374.8,374.7,375.1,375.0,375.5,376.2,375.4,375.0,375.3,375.7,376.6,376.4,376.6,376.3,376.1,377.0,377.4,378.5,378.7,378.4,377.9,377.3,376.9,376.7,376.4,377.3,377.5,377.8,375.2,374.8,375.7,375.5,376.1,375.9,376.7,376.3,,,,,,,,,,,,,,,,,,,,,,,
MLB3-1:VTR,(                ),V,384.7,384.8,384.6,384.5,385.0,384.8,385.3,385.7,385.8,386.4,386.7,386.4,386.6,386.9,387.3,382.6,381.9,382.2,381.1,381.3,382.2,381.4,381.7,381.8,381.4,381.5,381.6,381.7,381.9,381.8,381.5,381.2,381.4,381.2,381.0,381.1,380.4,379.5,380.0,379.3,379.3,379.2,379.6,379.1,379.8,381.1,381.7,383.6,381.6,383.9,385.5,384.3,383.3,382.5,381.5,380.9,379.6,380.0,378.8,378.4,377.4,376.8,375.6,376.3,375.8,374.8,373.8,374.2,374.2,374.1,374.5,375.8,376.8,378.8,378.0,379.0,378.5,378.5,375.8,374.0,374.6,374.0,374.3,374.7,374.2,374.3,374.5,375.2,375.2,375.5,376.3,375.4,375.2,375.8,376.1,376.6,376.8,377.1,376.8,376.8,377.5,377.8,378.5,379.1,378.4,377.9,377.1,377.1,376.7,376.9,377.5,377.7,377.8,375.4,374.8,375.4,375.7,376.1,375.8,376.8,376.2,,,,,,,,,,,,,,,,,,,,,,,
MLB4-1:HZ,(                ),Hz,59,59,59,59,59,60,60,60,60,60,59,59,60,60,60,60,60,60,59,60,60,59,60,60,59,60,60,60,60,59,60,60,60,60,60,59,59,59,60,59,60,60,59,60,60,59,60,59,59,59,60,59,60,60,60,60,60,60,60,60,59,60,59,60,59,60,59,60,59,59,59,59,60,59,60,60,60,60,60,59,59,60,60,59,60,59,60,59,59,60,59,59,59,60,60,59,60,59,60,59,59,59,60,59,59,59,60,59,59,59,59,59,59,59,60,60,60,60,60,59,59,,,,,,,,,,,,,,,,,,,,,,,
MLB4-1:IR,(                ),A,178,182,164,174,164,151,151,177,175,171,167,169,168,143,144,157,150,137,152,146,137,149,160,130,141,141,137,157,137,119,156,142,142,139,134,133,129,122,127,136,130,138,149,148,144,131,144,148,361,439,372,542,548,523,570,598,606,652,632,662,705,777,765,896,956,1032,1130,1133,1124,1212,1187,1140,1130,1090,1105,1148,1137,1081,1093,1099,1102,1142,1128,1091,1132,1078,1129,1074,1066,1060,1051,1038,1128,1076,1031,1056,1060,1041,1040,1085,1134,1163,1139,1136,1125,1156,1148,1083,1136,1156,1152,1092,1087,1081,1167,1093,1188,1111,1065,1082,1057,,,,,,,,,,,,,,,,,,,,,,,
MLB4-1:IS,(                ),A,186,179,161,169,167,143,163,176,193,162,173,176,154,143,151,163,156,152,130,126,133,153,146,145,128,121,137,168,144,126,138,150,138,139,143,136,116,112,147,132,114,116,142,160,118,126,131,163,368,427,385,556,540,515,580,606,619,639,651,684,697,823,778,903,956,995,1031,1112,1090,1154,1102,1085,1113,1064,1104,1119,1071,1055,1068,1095,1097,1097,1127,1075,1065,1064,1084,1056,1056,1029,1030,991,1086,997,955,992,963,979,992,1021,1056,1081,1107,1133,1093,1132,1089,1082,1116,1141,1111,1138,1088,1065,1142,1053,1145,1105,1044,1063,1034,,,,,,,,,,,,,,,,,,,,,,,
MLB4-1:IT,(                ),A,190,198,172,191,187,171,175,173,230,198,177,172,171,157,160,179,175,158,168,171,150,183,177,137,147,149,154,180,135,124,144,133,143,150,168,142,138,137,127,151,120,138,167,170,160,162,155,182,384,466,416,574,571,570,632,661,695,711,718,739,756,834,810,933,1071,1087,1159,1157,1167,1255,1231,1224,1189,1177,1178,1199,1205,1171,1166,1198,1208,1212,1200,1165,1176,1121,1169,1123,1101,1094,1097,1088,1136,1101,1049,1067,1047,1053,1054,1105,1135,1195,1217,1208,1190,1215,1171,1178,1216,1209,1202,1187,1162,1159,1219,1144,1250,1206,1156,1183,1139,,,,,,,,,,,,,,,,,,,,,,,
MLB4-1:KW,(                ),kW,116.2,115.7,103.6,110.4,106.9,98.2,103.4,111.2,129.1,110.9,109.6,110.6,106.1,94.6,97.6,104.9,101.6,91.6,90.5,90.5,85.7,98.1,97.6,83.0,84.1,83.2,87.0,105.3,85.0,76.1,91.1,88.4,86.3,86.2,91.8,84.1,78.5,76.0,83.4,84.7,74.0,80.5,95.3,99.7,87.3,85.7,89.4,103.8,227.8,279.3,244.3,351.7,346.4,335.1,373.7,393.6,400.4,417.2,414.2,434.4,449.6,508.2,490.2,575.8,630.6,658.9,701.3,720.2,715.4,767.0,744.5,733.0,732.0,711.8,726.1,738.1,730.5,707.0,704.2,716.5,719.7,729.5,731.5,706.1,713.6,689.3,715.0,688.6,682.7,674.5,673.9,659.5,710.0,671.9,640.0,660.4,651.6,651.8,653.5,681.4,706.7,733.5,741.5,744.1,728.9,747.3,726.9,712.5,738.0,748.8,738.2,728.6,711.4,700.7,748.3,696.7,762.1,726.6,691.4,708.1,685.9,,,,,,,,,,,,,,,,,,,,,,,
MLB4-1:KWH,(                ),,22697016,22697032,22697052,22697070,22697090,22697108,22697120,22697142,22697160,22697180,22697196,22697214,22697232,22697250,22697266,22697284,22697302,22697316,22697332,22697346,22697362,22697378,22697390,22697408,22697420,22697436,22697450,22697464,22697480,22697494,22697506,22697522,22697536,22697548,22697566,22697582,22697594,22697608,22697618,22697636,22697648,22697662,22697678,22697692,22697710,22697726,22697740,22697756,22697778,22697814,22697864,22697912,22697966,22698028,22698086,22698150,22698216,22698282,22698348,22698420,22698484,22698572,22698658,22698752,22698846,22698940,22699072,22699196,22699312,22699442,22699502,22699686,22699798,22699924,22700048,22700160,22700284,22700408,22700532,22700642,22700764,22700870,22701012,22701124,22701246,22701372,22701466,22701612,22701718,22701826,22701944,22702058,22702166,22702284,22702388,22702502,22702614,22702712,22702824,22702944,22703064,22703172,22703280,22703424,22703550,22703666,22703790,22703916,22704030,22704146,22704278,22704404,22704516,22704632,22704758,22704882,22704996,22705120,22705226,22705360,22705412,,,,,,,,,,,,,,,,,,,,,,,
MLB4-1:PF,(                ),,0.94,0.93,0.94,0.93,0.93,0.95,0.95,0.95,0.97,0.94,0.95,0.96,0.96,0.96,0.96,0.95,0.96,0.93,0.91,0.93,0.93,0.92,0.92,0.92,0.92,0.92,0.92,0.95,0.93,0.93,0.95,0.95,0.93,0.92,0.94,0.93,0.93,0.93,0.94,0.92,0.93,0.94,0.95,0.95,0.94,0.93,0.94,0.95,0.93,0.95,0.94,0.95,0.95,0.95,0.95,0.95,0.95,0.95,0.95,0.95,0.96,0.96,0.96,0.97,0.97,0.98,0.98,0.98,0.98,0.98,0.98,0.98,0.98,0.98,0.98,0.98,0.98,0.98,0.97,0.98,0.98,0.98,0.98,0.98,0.98,0.97,0.98,0.98,0.98,0.98,0.97,0.97,0.98,0.97,0.97,0.97,0.97,0.97,0.97,0.98,0.98,0.98,0.98,0.98,0.98,0.98,0.98,0.98,0.98,0.98,0.98,0.98,0.98,0.98,0.98,0.97,0.98,0.98,0.97,0.98,0.98,,,,,,,,,,,,,,,,,,,,,,,
MLB4-1:VRS,(                ),V,384.8,384.7,384.5,384.5,384.9,384.7,385.2,385.5,385.8,386.2,386.5,386.4,386.5,387.0,387.0,382.5,381.9,382.0,381.1,381.5,382.2,381.3,381.4,381.5,381.4,381.3,381.3,381.5,381.6,381.8,381.2,381.0,381.4,380.8,381.0,381.2,380.4,379.3,379.9,379.4,378.9,378.8,379.5,378.7,379.6,380.7,380.9,383.2,380.3,382.3,384.4,382.7,381.8,381.0,380.0,379.6,379.0,379.2,378.4,377.6,377.0,376.5,375.3,376.2,375.9,374.9,373.7,374.2,374.0,373.8,373.8,375.4,377.2,378.7,378.1,378.6,378.5,378.8,375.4,374.3,374.5,374.0,374.4,374.9,374.2,375.1,374.7,375.2,375.2,375.8,376.1,375.6,375.0,375.7,375.8,376.7,376.7,376.8,376.4,376.2,376.7,377.4,378.5,378.8,378.6,377.8,377.4,377.6,377.3,376.7,377.4,378.2,378.1,375.9,375.2,375.9,375.5,376.4,376.2,376.9,376.7,,,,,,,,,,,,,,,,,,,,,,,
MLB4-1:VST,(                ),V,384.5,384.2,384.2,384.1,384.6,384.6,384.9,385.2,385.5,385.9,386.2,386.1,386.1,386.6,386.5,381.9,381.1,381.3,380.5,380.9,381.5,380.6,380.7,380.7,380.6,380.7,380.6,380.7,380.9,381.0,380.6,380.4,380.7,380.2,380.3,380.7,379.8,378.7,379.1,378.7,378.5,378.6,379.3,378.4,379.7,380.7,381.1,382.8,381.1,383.3,384.5,383.2,382.3,381.7,380.8,380.1,379.8,379.8,378.9,378.2,377.7,376.9,375.9,377.1,376.8,375.9,374.9,375.1,375.2,374.9,375.3,376.6,378.0,379.5,378.8,379.5,379.7,379.6,376.5,375.1,375.6,375.1,375.3,376.0,375.4,375.6,375.6,376.0,376.1,376.4,377.0,376.6,375.9,376.6,377.0,377.6,377.5,377.7,377.3,377.0,377.8,378.4,379.6,379.4,379.3,378.5,378.4,378.1,377.6,377.4,378.0,378.6,378.9,376.4,375.9,376.8,376.7,377.1,377.0,377.7,377.6,,,,,,,,,,,,,,,,,,,,,,,
MLB4-1:VTR,(                ),V,384.5,384.2,384.4,384.2,384.7,384.4,384.9,385.6,385.5,386.0,386.5,386.3,386.4,386.8,386.8,382.2,381.5,381.8,380.8,381.1,382.0,381.1,381.3,381.3,381.1,381.1,381.1,381.4,381.6,381.7,381.1,381.1,381.2,380.7,380.7,381.0,380.4,379.2,379.7,379.1,379.0,378.9,379.5,378.6,379.6,380.9,381.5,383.3,380.7,383.1,384.5,383.2,382.7,381.8,380.7,380.1,379.5,379.9,378.7,378.3,377.7,377.1,376.2,376.9,376.2,375.7,374.5,374.9,374.8,374.5,374.8,376.0,377.6,379.1,379.0,379.4,379.1,379.1,376.1,374.6,374.9,374.7,375.2,375.5,375.0,375.5,375.3,376.1,376.1,376.4,376.8,376.3,376.0,376.4,376.9,377.4,377.5,377.6,377.3,377.1,377.8,378.1,379.3,379.5,379.3,378.3,378.1,377.8,377.3,377.6,377.9,378.5,378.5,376.2,375.7,376.3,376.3,376.8,376.8,377.3,377.0,,,,,,,,,,,,,,,,,,,,,,,
ACMP-1:HZ,(                ),Hz,60,59,59,59,59,60,60,60,60,60,59,59,60,60,60,60,60,60,59,60,60,59,60,60,59,60,60,60,60,60,60,60,60,60,60,59,59,59,60,59,60,60,59,60,60,59,60,59,59,59,60,59,60,60,60,60,60,60,60,60,59,60,60,60,59,60,59,60,59,59,59,59,60,59,60,60,60,60,60,59,59,59,60,60,60,59,60,59,59,59,59,59,59,60,60,60,60,59,59,59,59,59,60,59,59,59,60,59,59,59,59,59,59,59,60,60,60,60,60,59,59,,,,,,,,,,,,,,,,,,,,,,,
ACMP-1:IR,(                ),A,58.9,19.7,19.7,18.9,7.0,7.4,19.9,7.6,18.9,7.7,584.8,556.3,7.1,6.9,7.6,7.6,6.7,7.0,7.7,7.7,7.0,6.8,7.6,7.6,7.7,6.9,7.1,7.9,7.7,7.1,7.0,7.7,7.5,7.7,6.8,7.8,7.7,7.9,6.9,7.0,7.8,7.8,7.0,63.2,20.5,68.8,67.1,65.5,67.1,67.1,67.0,63.8,66.8,66.9,68.6,66.6,120.9,90.5,652.2,693.9,680.5,683.6,699.3,700.5,693.6,697.1,701.5,698.4,698.1,696.2,696.9,696.0,691.4,691.2,690.9,693.8,692.9,685.8,694.9,693.9,695.6,698.7,697.1,700.4,702.2,695.4,693.1,693.7,695.3,696.4,695.5,692.0,701.1,696.1,696.4,694.4,694.1,694.4,699.8,695.9,691.0,695.0,698.2,691.2,690.2,695.5,696.4,691.2,689.1,695.1,696.8,691.3,693.0,694.2,698.9,698.3,697.1,695.7,693.8,698.2,697.2,,,,,,,,,,,,,,,,,,,,,,,
ACMP-1:IS,(                ),A,59,22,22,20,9,10,23,10,22,11,582,553,9,9,11,10,9,9,11,11,9,9,11,11,11,10,10,11,11,10,9,11,11,11,9,11,11,11,9,9,11,11,9,64,23,72,68,69,67,69,68,67,68,70,68,68,122,92,640,680,670,669,683,685,679,687,687,686,682,683,680,682,681,680,677,679,680,674,683,685,684,684,682,684,688,686,680,679,679,688,685,682,689,688,684,685,683,685,685,685,679,682,679,681,678,687,685,683,682,683,685,688,681,684,688,685,686,684,685,686,684,,,,,,,,,,,,,,,,,,,,,,,
ACMP-1:IT,(                ),A,57,19,18,18,8,7,20,7,20,8,595,568,6,8,8,7,8,6,8,8,6,8,8,7,6,8,8,6,6,8,8,6,8,8,6,6,8,8,6,6,8,8,6,62,19,66,63,65,63,62,63,62,62,63,62,62,118,86,653,692,684,681,696,700,694,701,702,698,699,696,698,694,693,690,688,691,695,690,695,697,697,698,696,698,701,696,690,691,693,699,697,695,700,695,695,695,695,696,696,695,691,695,693,692,690,696,697,694,694,694,696,697,697,696,701,702,700,703,697,701,702,,,,,,,,,,,,,,,,,,,,,,,
ACMP-1:KW,(                ),kW,25.4,9.5,8.9,8.2,3.8,3.7,9.7,3.7,9.1,4.5,373.6,356.3,3.1,3.8,4.5,3.7,3.8,3.1,4.4,4.4,3.1,3.7,4.4,3.7,3.7,3.7,3.8,3.7,3.7,3.8,3.8,3.7,4.4,4.4,3.0,3.7,4.4,4.4,3.1,3.1,4.4,4.3,3.1,28.1,9.5,31.2,29.3,30.1,30.0,29.9,30.3,28.5,29.6,30.6,29.6,29.6,56.5,43.2,403.9,426.1,417.9,418.2,426.1,428.6,424.3,426.9,426.9,426.0,424.7,423.7,423.7,424.9,426.0,426.7,424.1,427.2,427.8,423.5,424.7,423.7,424.3,425.0,424.3,426.7,427.1,425.1,422.0,422.8,423.5,426.8,425.3,423.4,428.1,426.1,425.8,426.2,425.9,426.5,426.8,426.2,424.7,426.9,427.2,426.7,425.8,429.0,428.5,425.3,424.9,426.4,426.9,428.1,426.6,424.2,427.7,427.9,427.6,427.5,425.5,429.7,428.2,,,,,,,,,,,,,,,,,,,,,,,
ACMP-1:KWH,(                ),,12407795,12407797,12407799,12407800,12407801,12407802,12407803,12407804,12407805,12407806,12407831,12407894,12407928,12407928,12407929,12407930,12407930,12407931,12407931,12407932,12407933,12407933,12407934,12407935,12407935,12407936,12407937,12407937,12407938,12407939,12407939,12407940,12407940,12407941,12407942,12407942,12407943,12407944,12407944,12407945,12407945,12407946,12407947,12407948,12407950,12407953,12407958,12407963,12407968,12407972,12407978,12407983,12407988,12407993,12407999,12408003,12408009,12408017,12408058,12408129,12408192,12408262,12408335,12408410,12408475,12408538,12408619,12408693,12408760,12408834,12408868,12408975,12409042,12409116,12409189,12409255,12409325,12409399,12409472,12409539,12409612,12409675,12409755,12409822,12409896,12409970,12410024,12410111,12410178,12410245,12410318,12410391,12410461,12410535,12410603,12410676,12410748,12410813,12410885,12410959,12411033,12411099,12411162,12411243,12411317,12411384,12411458,12411531,12411601,12411669,12411742,12411816,12411883,12411952,12412026,12412100,12412167,12412240,12412303,12412384,12412416,,,,,,,,,,,,,,,,,,,,,,,
ACMP-1:PF,(                ),,0.64,0.68,0.65,0.63,0.68,0.67,0.69,0.67,0.66,0.73,0.93,0.93,0.60,0.68,0.73,0.67,0.69,0.61,0.73,0.73,0.61,0.69,0.73,0.67,0.67,0.68,0.68,0.67,0.66,0.68,0.69,0.67,0.73,0.73,0.61,0.66,0.73,0.72,0.61,0.61,0.73,0.73,0.62,0.66,0.68,0.67,0.66,0.67,0.67,0.67,0.67,0.65,0.66,0.67,0.66,0.66,0.70,0.72,0.93,0.92,0.92,0.92,0.92,0.92,0.92,0.92,0.92,0.92,0.92,0.92,0.92,0.92,0.92,0.92,0.92,0.92,0.92,0.92,0.92,0.92,0.92,0.92,0.92,0.92,0.92,0.92,0.92,0.92,0.92,0.92,0.92,0.92,0.92,0.92,0.92,0.92,0.92,0.92,0.92,0.92,0.92,0.92,0.92,0.92,0.92,0.92,0.92,0.92,0.92,0.92,0.92,0.92,0.92,0.92,0.92,0.92,0.92,0.92,0.92,0.92,0.92,,,,,,,,,,,,,,,,,,,,,,,
ACMP-1:VRS,(                ),V,393.2,393.1,392.9,393.2,393.3,393.0,393.6,394.3,394.4,394.8,392.7,392.4,395.1,395.5,395.4,390.8,390.2,390.4,389.4,389.8,390.5,389.9,390.0,389.8,389.6,389.7,389.7,389.7,390.0,389.8,389.4,389.5,389.8,389.2,389.3,389.5,388.8,387.6,387.9,387.6,387.5,387.4,388.0,387.2,388.1,389.5,389.7,391.7,389.5,392.0,393.7,392.9,392.1,391.4,390.4,390.2,389.2,389.4,386.7,385.3,386.0,384.4,383.9,384.7,384.4,384.1,383.1,382.9,382.5,383.6,383.2,383.8,385.8,387.1,387.8,387.9,387.1,387.6,384.9,383.2,384.1,383.3,383.7,383.2,383.3,383.0,383.6,384.1,383.4,384.8,385.5,384.5,384.1,384.5,384.9,385.6,385.6,385.8,384.8,385.1,386.2,386.2,388.5,388.8,387.4,387.2,387.1,386.9,384.9,386.0,386.7,387.4,388.0,384.9,383.3,384.4,384.8,385.4,385.2,385.6,385.0,,,,,,,,,,,,,,,,,,,,,,,
ACMP-1:VST,(                ),V,392.7,393.6,392.8,393.6,393.6,393.5,393.7,394.2,394.7,394.9,393.6,395.0,395.3,395.9,395.5,391.3,390.3,390.6,389.6,390.1,391.0,390.3,390.4,390.2,389.6,389.9,389.5,389.6,390.1,389.6,389.2,389.8,390.1,389.4,389.4,389.5,388.8,387.5,388.1,388.1,387.3,387.4,387.6,387.8,388.1,389.2,389.4,391.4,389.2,391.8,393.8,391.5,390.8,390.3,389.3,389.6,388.4,388.5,386.5,385.9,384.3,386.8,383.3,385.1,386.7,385.3,382.5,382.7,383.9,382.8,383.4,386.6,388.5,388.8,386.3,387.4,389.3,388.3,384.3,382.6,382.6,383.5,383.4,384.3,381.9,386.0,384.1,386.2,386.1,385.3,383.3,384.6,384.5,384.1,384.9,386.0,385.5,385.8,386.2,383.7,387.1,387.5,386.6,388.0,389.1,388.0,387.4,385.6,388.5,385.1,384.8,386.8,387.8,383.0,384.8,386.3,385.5,385.4,384.3,386.0,386.5,,,,,,,,,,,,,,,,,,,,,,,
ACMP-1:VTR,(                ),V,393.2,393.4,393.3,393.0,393.4,393.4,393.5,394.4,394.3,394.8,392.9,393.6,395.1,395.6,395.3,390.8,390.0,390.2,389.2,389.9,390.3,389.6,389.6,389.5,389.3,389.5,389.4,389.5,389.7,389.4,389.2,389.3,389.6,389.1,389.1,389.5,388.4,387.4,387.7,387.5,387.3,387.3,388.0,387.3,388.4,389.3,389.8,391.3,390.0,392.6,393.9,392.7,391.7,391.1,390.5,390.0,388.9,389.6,387.1,387.2,384.3,384.7,384.4,385.0,385.1,383.5,382.4,384.5,383.1,382.6,383.2,384.6,386.3,388.7,386.8,389.4,388.6,388.0,384.2,383.4,382.4,383.3,383.3,385.3,383.7,382.6,384.0,384.0,383.6,382.7,384.3,383.2,384.6,384.7,384.0,385.3,384.1,385.7,386.2,385.8,386.7,384.2,385.6,386.0,388.4,385.9,385.4,384.6,385.4,386.5,385.6,385.6,385.6,384.1,385.6,385.6,386.0,385.1,385.5,387.5,386.0,,,,,,,,,,,,,,,,,,,,,,,
ACMP-2:HZ,(                ),Hz,59,59,59,59,59,60,60,60,60,60,59,59,60,60,60,60,60,60,59,60,60,59,60,60,59,60,60,60,60,59,60,60,60,60,60,59,59,59,60,59,60,60,59,60,60,59,60,59,59,59,60,59,59,60,60,60,60,60,60,60,59,59,59,60,59,60,59,60,59,59,59,59,60,60,60,60,60,60,59,59,59,60,60,60,60,59,60,59,60,60,59,59,59,60,60,59,60,59,60,59,59,59,60,59,59,59,59,59,59,59,59,59,59,59,60,60,60,60,60,59,59,,,,,,,,,,,,,,,,,,,,,,,
ACMP-2:IR,(                ),A,219,219,219,219,219,218,219,219,220,219,219,267,114,113,114,115,115,116,115,116,115,115,116,115,84,84,85,84,84,85,85,84,84,84,84,95,140,139,140,139,177,176,176,274,274,827,805,798,806,356,799,812,806,803,768,780,912,1033,1332,1539,1475,1564,1535,1540,1544,1553,1544,1544,1548,1555,1541,1526,1528,1528,1529,1520,1524,1525,1533,1530,1537,1547,1537,1532,1536,1544,1533,1537,1535,1546,1528,1531,1535,1543,1530,1529,1532,1526,1532,1534,1533,1545,1527,1529,1527,1527,1531,1540,1528,1536,1529,1523,1527,1541,1531,1533,1535,1536,1536,1528,1530,,,,,,,,,,,,,,,,,,,,,,,
ACMP-2:IS,(                ),A,222,222,222,222,223,221,222,222,222,223,221,271,111,111,110,112,112,112,112,112,112,112,112,112,80,80,80,80,80,81,80,80,80,80,80,92,139,138,137,137,178,177,176,279,280,875,848,844,842,367,843,852,844,839,804,822,963,1096,1421,1653,1577,1677,1646,1649,1653,1665,1655,1658,1655,1665,1647,1636,1640,1640,1634,1627,1635,1637,1642,1642,1646,1658,1642,1640,1644,1661,1645,1644,1643,1661,1638,1643,1645,1660,1638,1642,1643,1639,1639,1647,1643,1656,1632,1641,1638,1641,1646,1655,1647,1647,1642,1641,1639,1654,1644,1647,1646,1648,1648,1639,1642,,,,,,,,,,,,,,,,,,,,,,,
ACMP-2:IT,(                ),A,217,217,217,216,216,217,217,216,217,217,216,266,111,111,111,112,112,112,112,111,111,112,112,112,80,81,80,80,80,80,80,80,80,80,80,91,137,136,137,135,177,176,177,273,273,863,834,827,834,354,827,839,827,825,790,803,943,1067,1382,1606,1537,1633,1600,1608,1613,1623,1615,1615,1618,1625,1608,1594,1595,1596,1589,1584,1597,1597,1597,1601,1605,1615,1601,1600,1604,1614,1601,1599,1600,1615,1594,1600,1598,1610,1596,1596,1601,1595,1594,1600,1599,1612,1588,1594,1593,1598,1603,1609,1602,1600,1600,1596,1600,1611,1601,1607,1608,1607,1606,1601,1606,,,,,,,,,,,,,,,,,,,,,,,
ACMP-2:KW,(                ),kW,125.5,125.1,125.2,125.0,125.4,125.0,125.4,125.8,125.6,125.5,125.1,154.9,63.3,63.2,63.3,63.1,63.1,63.3,63.2,63.1,63.1,63.1,63.2,63.0,47.1,47.4,47.4,47.1,47.1,47.2,47.2,47.2,47.2,47.1,47.1,53.2,76.9,76.3,76.3,75.6,96.9,96.4,96.0,157.2,157.2,529.5,513.7,513.0,513.6,206.1,516.3,520.1,514.5,510.6,486.1,496.4,577.7,650.2,841.1,980.1,935.8,991.5,973.3,979.4,979.7,981.4,974.6,978.5,977.5,981.7,972.5,968.9,974.3,976.6,973.8,969.4,975.7,974.5,971.6,970.4,973.7,976.3,969.6,971.0,969.8,978.0,973.9,973.5,972.2,983.3,971.7,971.8,971.2,982.1,970.4,971.6,974.2,973.2,973.9,975.4,976.2,986.0,973.9,978.0,975.6,974.7,978.8,981.9,977.3,978.5,975.5,975.2,974.9,979.8,971.2,973.9,975.2,978.2,977.7,972.2,974.0,,,,,,,,,,,,,,,,,,,,,,,
ACMP-2:KWH,(                ),,19788340,19788358,19788382,19788402,19788422,19788444,19788460,19788486,19788506,19788528,19788548,19788570,19788592,19788602,19788612,19788624,19788634,19788644,19788656,19788666,19788676,19788688,19788696,19788708,19788716,19788724,19788734,19788740,19788748,19788756,19788764,19788772,19788780,19788786,19788796,19788804,19788816,19788828,19788838,19788854,19788868,19788884,19788900,19788918,19788944,19789004,19789092,19789182,19789260,19789330,19789424,19789514,19789596,19789684,19789770,19789848,19789940,19790036,19790156,19790320,19790462,19790628,19790800,19790968,19791120,19791266,19791450,19791620,19791774,19791944,19792022,19792268,19792422,19792590,19792744,19792910,19793068,19793238,19793406,19793558,19793724,19793868,19794052,19794206,19794374,19794544,19794670,19794868,19795022,19795174,19795342,19795508,19795668,19795836,19795988,19796156,19796322,19796466,19796636,19796804,19796972,19797124,19797268,19797454,19797622,19797776,19797946,19798112,19798272,19798426,19798596,19798764,19798916,19799076,19799244,19799414,19799568,19799734,19799880,19800064,19800136,,,,,,,,,,,,,,,,,,,,,,,
ACMP-2:PF,(                ),,0.84,0.84,0.84,0.84,0.84,0.84,0.84,0.84,0.84,0.84,0.84,0.85,0.83,0.83,0.83,0.83,0.83,0.83,0.83,0.83,0.83,0.83,0.83,0.83,0.86,0.86,0.86,0.86,0.86,0.86,0.86,0.86,0.86,0.86,0.86,0.85,0.82,0.82,0.82,0.82,0.81,0.81,0.81,0.85,0.85,0.93,0.93,0.92,0.93,0.85,0.93,0.92,0.92,0.92,0.92,0.92,0.92,0.91,0.92,0.93,0.93,0.93,0.93,0.93,0.93,0.93,0.93,0.93,0.93,0.93,0.93,0.93,0.93,0.93,0.93,0.93,0.93,0.93,0.93,0.93,0.93,0.93,0.93,0.93,0.93,0.93,0.93,0.93,0.93,0.93,0.93,0.93,0.93,0.93,0.93,0.93,0.93,0.93,0.93,0.93,0.93,0.93,0.93,0.93,0.93,0.93,0.93,0.93,0.93,0.93,0.93,0.93,0.93,0.93,0.93,0.93,0.93,0.93,0.93,0.93,0.93,,,,,,,,,,,,,,,,,,,,,,,
ACMP-2:VRS,(                ),V,393.2,392.9,393.3,393.0,393.1,392.7,393.5,393.9,393.8,394.3,394.9,394.5,394.8,395.3,395.4,390.8,389.8,390.4,389.3,389.6,390.1,389.6,389.9,389.7,389.9,389.6,389.6,389.6,390.0,389.4,389.5,389.4,389.7,389.4,389.2,389.3,388.5,387.4,387.7,387.3,387.1,387.1,387.8,386.3,387.1,386.4,384.9,388.4,386.7,390.8,391.6,388.8,388.2,388.4,386.6,386.8,385.1,384.6,382.3,381.4,381.4,381.7,379.1,380.0,380.7,379.7,376.4,377.8,378.6,379.0,378.7,380.0,381.7,382.8,383.3,384.1,383.4,384.0,380.9,378.5,378.7,378.9,379.1,379.1,379.0,379.5,379.6,379.2,379.7,379.4,380.2,379.4,380.0,379.8,381.3,381.8,379.7,381.0,380.6,381.4,381.5,381.9,383.1,383.1,382.6,382.3,380.9,382.1,381.6,381.7,382.1,383.0,383.5,380.1,379.7,380.0,380.6,380.0,379.4,381.2,381.2,,,,,,,,,,,,,,,,,,,,,,,
ACMP-2:VST,(                ),V,394.2,393.4,393.6,393.0,393.7,393.8,393.8,394.9,394.9,395.5,395.5,395.3,395.5,395.9,396.6,391.5,391.0,391.7,390.3,390.8,391.1,390.8,390.7,390.6,390.3,390.7,390.6,390.5,390.9,390.2,390.7,389.7,390.2,389.5,389.9,390.0,389.3,388.0,388.5,387.9,387.7,387.3,388.1,387.2,387.8,386.9,387.4,390.1,387.0,391.1,391.4,390.8,389.8,388.5,388.6,388.3,386.2,385.7,384.1,382.1,381.2,380.3,381.2,382.0,381.3,378.8,379.2,380.4,378.0,378.3,380.2,380.8,383.8,383.4,383.9,383.9,383.8,383.1,380.9,379.7,380.7,379.3,379.0,380.8,378.0,380.0,380.2,380.0,379.9,382.0,381.8,380.3,381.0,382.4,381.6,382.8,381.8,382.7,383.3,382.4,381.9,384.4,385.1,384.7,383.4,382.6,383.3,382.8,383.6,383.7,381.7,383.9,382.6,381.3,381.8,380.4,380.9,381.9,382.0,381.3,380.7,,,,,,,,,,,,,,,,,,,,,,,
ACMP-2:VTR,(                ),V,392.7,392.5,392.9,392.7,392.7,392.8,393.2,393.4,393.5,393.8,394.2,394.2,394.6,395.2,395.1,390.5,389.9,390.1,389.2,389.4,389.9,389.0,389.5,389.3,389.6,389.3,389.2,389.3,389.7,389.2,389.5,388.9,389.5,389.1,388.9,389.6,388.2,387.0,387.4,386.8,386.7,386.3,387.7,385.8,387.4,384.4,384.3,389.1,386.8,391.2,389.5,389.9,389.0,387.1,387.2,387.9,385.2,384.5,382.1,379.4,379.9,377.8,379.2,380.6,378.4,376.4,376.3,378.3,378.4,376.9,377.2,380.0,380.9,382.5,382.0,380.6,382.5,380.5,379.7,379.6,379.4,376.4,377.9,379.7,377.3,376.7,378.0,380.4,378.2,380.5,381.3,379.8,377.1,380.8,377.7,377.9,380.1,381.8,380.8,378.8,381.4,381.8,381.7,382.8,382.3,381.1,381.9,380.5,381.2,380.9,381.4,381.2,380.7,380.6,378.2,378.8,379.5,381.1,379.3,379.6,380.2,,,,,,,,,,,,,,,,,,,,,,,
GCB1:HZ,(                ),Hz,59,59,60,59,59,60,60,60,59,60,60,59,59,60,60,60,60,59,59,60,60,59,60,60,60,60,60,59,60,59,60,60,60,60,60,59,59,59,60,60,60,60,60,60,60,59,60,60,59,60,60,59,59,60,59,60,60,60,60,59,59,60,59,60,60,60,59,60,59,59,59,60,60,60,60,59,60,60,59,59,59,60,60,59,60,60,59,59,59,59,59,59,59,59,59,60,60,59,59,59,59,59,60,59,59,59,60,59,59,59,59,59,59,59,59,60,59,60,60,60,59,,,,,,,,,,,,,,,,,,,,,,,
GCB1:IR,(                ),A,3,3,3,3,3,3,2,2,3,3,3,3,3,3,3,2,2,2,3,3,3,3,3,3,2,3,3,2,3,2,3,3,2,3,3,4,3,3,3,3,3,3,3,3,4,3,3,3,4,4,4,4,4,5,6,5,6,6,7,7,7,9,11,11,11,13,13,14,13,13,13,13,14,13,12,12,13,13,13,13,13,13,13,13,12,12,13,14,13,13,12,12,13,13,13,12,13,12,12,12,12,12,13,12,13,13,12,13,13,13,13,14,13,13,13,13,14,14,13,14,14,,,,,,,,,,,,,,,,,,,,,,,
GCB1:IS,(                ),A,3,3,3,3,3,3,3,2,3,3,2,3,3,3,3,2,3,2,3,3,3,3,3,3,2,3,2,3,2,3,2,3,3,3,3,3,3,3,3,3,3,3,3,3,4,3,3,3,4,4,4,4,4,4,6,6,6,6,7,7,7,9,10,11,11,11,12,13,12,12,12,12,13,11,12,12,12,12,12,12,12,12,12,12,11,12,12,13,12,11,11,11,12,11,12,11,11,11,11,11,12,12,12,12,11,12,12,12,13,12,12,14,12,12,12,12,13,13,12,12,13,,,,,,,,,,,,,,,,,,,,,,,
GCB1:IT,(                ),A,3,3,3,2,3,3,2,2,3,3,2,3,3,3,3,2,3,2,3,3,2,3,3,3,2,3,2,3,3,2,2,3,3,3,3,3,3,3,3,3,3,3,3,3,4,3,3,3,4,3,4,3,3,4,6,5,5,6,7,6,7,9,10,10,10,12,12,12,12,12,12,12,13,12,12,12,12,12,12,12,13,12,12,12,11,12,12,13,12,12,11,11,12,12,12,11,12,11,11,11,11,12,12,12,12,12,12,12,13,12,12,14,12,12,13,12,13,13,12,13,14,,,,,,,,,,,,,,,,,,,,,,,
GCB1:KW,(                ),kW,92.1,95.8,92.7,82.3,92.4,82.6,77.6,78.4,83.6,88.8,79.4,87.3,89.9,82.2,84.4,75.1,81.6,73.2,81.5,80.4,77.3,84.4,81.0,82.6,74.2,81.9,74.4,79.4,80.6,76.9,75.1,83.6,81.9,78.7,97.5,96.1,87.9,85.1,90.3,85.2,84.8,94.0,81.4,87.7,116.0,88.0,88.2,96.9,106.2,100.1,108.5,101.4,104.5,122.5,161.6,144.0,144.7,155.9,173.8,163.4,173.5,209.8,234.7,240.5,238.5,264.9,281.0,303.5,272.2,282.4,273.9,279.3,299.5,270.7,273.9,272.8,291.5,276.4,270.7,288.2,283.5,281.7,273.4,277.0,266.8,269.7,287.6,308.4,273.8,270.8,257.3,254.5,270.4,267.1,281.8,252.8,271.6,259.2,261.2,263.5,265.5,269.5,275.5,274.1,264.8,277.3,271.9,273.3,291.2,284.5,275.5,320.9,282.7,286.2,288.7,276.4,294.9,298.9,283.5,288.4,312.3,,,,,,,,,,,,,,,,,,,,,,,
GCB1:KWH,(                ),,8854609,8854624,8854642,8854656,8854671,8854685,8854697,8854712,8854726,8854739,8854754,8854768,8854780,8854796,8854808,8854824,8854836,8854847,8854863,8854876,8854890,8854902,8854914,8854929,8854943,8854957,8854969,8854983,8854994,8855009,8855021,8855035,8855049,8855059,8855077,8855092,8855108,8855121,8855134,8855149,8855166,8855180,8855194,8855210,8855224,8855239,8855255,8855269,8855286,8855302,8855320,8855337,8855355,8855375,8855393,8855418,8855444,8855472,8855500,8855529,8855555,8855592,8855630,8855669,8855710,8855748,8855801,8855845,8855895,8855943,8855965,8856031,8856081,8856129,8856172,8856220,8856262,8856315,8856364,8856408,8856456,8856494,8856551,8856594,8856642,8856684,8856725,8856777,8856826,8856869,8856916,8856950,8856999,8857045,8857091,8857132,8857178,8857218,8857268,8857315,8857356,8857402,8857441,8857493,8857535,8857581,8857630,8857665,8857721,8857771,8857820,8857866,8857916,8857962,8858012,8858057,8858108,8858158,8858197,8858252,8858279,,,,,,,,,,,,,,,,,,,,,,,
GCB1:PF,(                ),, -0.82, -0.84, -0.83, -0.88, -0.87, -0.87, -0.86, -0.88, -0.87, -0.86, -0.86, -0.88, -0.86, -0.86, -0.87, -0.86, -0.85, -0.86, -0.86, -0.85, -0.85, -0.85, -0.84, -0.86, -0.86, -0.86, -0.86, -0.87, -0.86, -0.86, -0.85, -0.85, -0.86, -0.82, -0.80, -0.77, -0.77, -0.77, -0.78, -0.81, -0.80, -0.80, -0.79, -0.79, -0.79, -0.82, -0.81, -0.81, -0.77, -0.79, -0.79, -0.77, -0.80, -0.76, -0.80, -0.74, -0.72, -0.72, -0.68, -0.70, -0.67, -0.65, -0.64, -0.61, -0.61, -0.63, -0.62, -0.65, -0.62, -0.62, -0.62, -0.62, -0.63, -0.63, -0.63, -0.63, -0.66, -0.63, -0.63, -0.63, -0.63, -0.63, -0.62, -0.63, -0.63, -0.62, -0.64, -0.65, -0.63, -0.62, -0.62, -0.61, -0.61, -0.63, -0.64, -0.62, -0.62, -0.62, -0.63, -0.62, -0.63, -0.63, -0.62, -0.63, -0.62, -0.62, -0.62, -0.62, -0.61, -0.64, -0.63, -0.65, -0.63, -0.63, -0.62, -0.62, -0.62, -0.62, -0.63, -0.62, -0.62,,,,,,,,,,,,,,,,,,,,,,,
GCB1:VRS,(                ),V,21.1,21.1,21.2,21.1,21.1,21.1,21.2,21.2,21.2,21.2,21.2,21.2,21.2,21.2,21.3,21.0,21.0,21.0,21.0,20.9,21.0,21.0,21.0,20.9,20.9,21.0,21.0,21.0,21.0,21.0,20.9,20.9,21.0,20.9,20.9,20.9,20.9,20.9,20.9,20.8,20.8,20.8,20.9,20.8,20.8,20.9,20.9,21.1,20.9,21.0,21.2,21.1,21.0,21.0,20.9,20.9,20.9,20.9,20.8,20.8,20.8,20.8,20.7,20.8,20.8,20.7,20.7,20.7,20.7,20.7,20.7,20.8,20.9,20.9,20.9,21.0,21.0,21.0,20.7,20.7,20.7,20.7,20.7,20.7,20.7,20.7,20.7,20.8,20.7,20.8,20.8,20.8,20.8,20.8,20.8,20.8,20.8,20.8,20.9,20.8,20.9,20.9,20.9,21.0,20.9,20.9,20.9,20.9,20.9,20.9,20.9,20.8,20.9,20.8,20.8,20.8,20.8,20.9,20.8,20.9,20.8,,,,,,,,,,,,,,,,,,,,,,,
GCB1:VST,(                ),V,21.1,21.1,21.1,21.1,21.1,21.1,21.1,21.1,21.1,21.2,21.1,21.1,21.2,21.1,21.2,20.9,20.9,20.9,20.9,20.9,20.9,20.9,20.9,20.9,20.9,20.9,20.9,20.9,20.9,20.9,20.9,20.9,20.9,20.9,20.9,20.8,20.8,20.8,20.8,20.8,20.7,20.7,20.8,20.8,20.7,20.9,20.9,21.0,20.9,20.9,21.1,21.0,21.0,20.9,20.8,20.9,20.9,20.9,20.8,20.7,20.7,20.7,20.7,20.8,20.7,20.7,20.6,20.6,20.6,20.6,20.7,20.7,20.8,20.8,20.9,20.9,20.9,20.9,20.7,20.6,20.6,20.6,20.7,20.7,20.6,20.7,20.6,20.7,20.6,20.8,20.7,20.7,20.7,20.7,20.8,20.8,20.8,20.7,20.8,20.8,20.8,20.9,20.9,20.9,20.9,20.8,20.8,20.8,20.8,20.8,20.8,20.7,20.9,20.7,20.8,20.8,20.7,20.8,20.8,20.8,20.8,,,,,,,,,,,,,,,,,,,,,,,
GCB1:VTR,(                ),V,21.1,21.1,21.1,21.1,21.1,21.1,21.1,21.1,21.1,21.2,21.2,21.2,21.2,21.2,21.3,21.0,20.9,20.9,20.9,20.9,20.9,20.9,20.9,20.9,20.9,20.9,20.9,20.9,20.9,20.9,20.9,20.9,20.9,20.9,20.9,20.9,20.9,20.8,20.8,20.8,20.8,20.8,20.8,20.8,20.8,20.9,20.9,21.0,21.0,21.1,21.2,21.1,21.0,21.0,20.9,20.9,20.9,20.9,20.9,20.8,20.8,20.8,20.7,20.8,20.8,20.7,20.7,20.7,20.7,20.7,20.7,20.8,20.9,20.9,20.9,21.0,21.0,21.0,20.8,20.7,20.7,20.7,20.7,20.7,20.7,20.7,20.7,20.8,20.8,20.8,20.8,20.8,20.8,20.8,20.8,20.8,20.8,20.8,20.9,20.8,20.9,20.9,20.9,21.0,21.0,20.9,20.9,20.9,20.9,20.9,20.9,20.8,20.9,20.8,20.8,20.8,20.8,20.9,20.9,20.9,20.8,,,,,,,,,,,,,,,,,,,,,,,
GCB2:HZ,(                ),Hz,59,59,60,59,59,60,60,59,59,60,60,59,59,60,60,60,59,59,59,60,60,59,60,60,59,60,60,60,60,59,60,60,60,60,60,59,59,59,60,60,60,60,59,60,60,59,60,60,59,60,60,59,59,60,59,60,60,60,60,59,59,60,59,60,60,60,59,60,59,59,59,60,60,60,60,59,60,60,60,59,59,60,60,59,60,60,60,59,59,60,60,59,59,59,59,60,60,60,60,59,59,59,60,59,59,59,60,59,59,59,59,59,59,60,59,60,59,60,59,60,59,,,,,,,,,,,,,,,,,,,,,,,
GCB2:IR,(                ),A,0,0,0,0,0,0,0,0,0,0,0,0,0,0,0,0,0,0,0,0,0,0,0,0,0,0,0,0,0,0,0,0,0,0,0,0,0,0,0,0,0,0,0,0,0,2,8,10,10,6,5,5,4,5,9,11,12,13,13,14,15,16,15,16,16,16,16,16,16,16,16,16,16,16,16,16,16,16,16,16,16,16,16,16,16,16,16,16,16,16,16,16,16,16,16,16,16,16,16,16,15,16,16,15,15,15,16,16,15,15,16,15,15,15,16,16,16,16,15,15,15,,,,,,,,,,,,,,,,,,,,,,,
GCB2:IS,(                ),A,0,0,0,0,0,0,0,0,0,0,0,0,0,0,0,0,0,0,0,0,0,0,0,0,0,0,0,0,0,0,0,0,0,0,0,0,0,0,0,0,0,0,0,0,0,2,8,10,10,6,5,5,4,5,9,11,12,13,13,14,15,16,15,16,16,16,16,16,16,16,16,16,16,16,16,16,16,16,16,16,16,16,16,16,16,16,16,16,16,16,16,16,16,16,16,16,16,16,16,16,15,16,16,15,15,16,16,16,15,16,16,15,16,15,16,16,16,16,15,15,15,,,,,,,,,,,,,,,,,,,,,,,
GCB2:IT,(                ),A,0,0,0,0,0,0,0,0,0,0,0,0,0,0,0,0,0,0,0,0,0,0,0,0,0,0,0,0,0,0,0,0,0,0,0,0,0,0,0,0,0,0,0,0,0,2,8,10,9,6,5,5,4,5,9,11,11,13,13,13,15,15,15,16,16,15,15,15,15,15,15,15,15,15,16,15,15,15,15,15,15,15,16,15,16,16,16,16,15,15,16,15,16,16,16,15,15,15,15,15,15,15,15,15,15,15,15,15,15,15,15,15,15,15,15,15,15,15,15,15,15,,,,,,,,,,,,,,,,,,,,,,,
GCB2:KW,(                ),kW,5.2,5.2,5.3,5.2,5.2,5.2,5.2,5.2,5.2,5.2,5.2,5.2,5.2,5.2,5.3,5.2,5.2,5.1,5.1,5.1,5.2,5.2,5.2,5.2,5.1,5.3,4.6,4.6,5.2,5.1,5.2,5.2,5.2,5.2,5.2,5.2,5.1,5.1,5.1,5.1,5.1,5.1,5.2,5.1,5.1,75.2,281.3,344.1,324.0,209.1,179.2,177.2,140.4,170.6,297.8,390.8,395.8,434.4,440.7,459.3,500.4,524.2,501.9,545.1,542.0,531.7,535.4,537.1,527.2,530.2,529.4,533.0,534.0,536.0,545.5,539.0,529.8,541.4,535.9,530.9,536.0,535.6,543.9,535.3,549.5,541.0,544.8,547.1,537.5,544.1,542.9,537.8,544.1,546.0,544.4,540.2,537.7,537.9,538.7,532.1,523.9,527.1,542.8,523.8,518.2,526.5,534.8,530.8,521.3,527.6,530.2,522.5,527.7,521.2,533.3,527.3,529.4,530.7,524.4,523.2,517.6,,,,,,,,,,,,,,,,,,,,,,,
GCB2:KWH,(                ),,15985041,15985041,15985041,15985041,15985041,15985041,15985041,15985041,15985050,15985050,15985050,15985050,15985050,15985050,15985050,15985050,15985050,15985050,15985050,15985060,15985060,15985060,15985060,15985060,15985060,15985060,15985060,15985060,15985060,15985060,15985060,15985070,15985070,15985070,15985070,15985070,15985070,15985070,15985070,15985070,15985070,15985070,15985070,15985081,15985081,15985081,15985110,15985160,15985220,15985260,15985301,15985330,15985341,15985370,15985400,15985471,15985530,15985601,15985670,15985750,15985820,15985920,15986010,15986090,15986180,15986260,15986361,15986451,15986540,15986630,15986680,15986800,15986900,15986990,15987080,15987171,15987250,15987350,15987440,15987530,15987620,15987691,15987800,15987880,15987981,15988060,15988140,15988241,15988340,15988420,15988520,15988590,15988690,15988791,15988881,15988971,15989060,15989141,15989240,15989330,15989420,15989510,15989590,15989691,15989770,15989861,15989951,15990020,15990121,15990210,15990300,15990390,15990470,15990550,15990650,15990730,15990830,15990910,15990990,15991080,15991130,,,,,,,,,,,,,,,,,,,,,,,
GCB2:PF,(                ),,0.74,0.74,0.74,0.74,0.74,0.74,0.74,0.74,0.74,0.74,0.73,0.73,0.73,0.73,0.73,0.75,0.76,0.75,0.75,0.76,0.76,0.76,0.76,0.76,0.76,0.82,0.77,0.77,0.76,0.76,0.76,0.76,0.76,0.77,0.76,0.77,0.77,0.77,0.77,0.77,0.78,0.77,0.77,0.77,0.77,0.89,0.94,0.93,0.93,0.96,0.95,0.95,0.96,0.96,0.96,0.95,0.95,0.94,0.94,0.94,0.93,0.93,0.93,0.95,0.95,0.95,0.95,0.95,0.95,0.95,0.95,0.95,0.95,0.95,0.95,0.95,0.95,0.95,0.95,0.95,0.95,0.95,0.95,0.95,0.95,0.95,0.95,0.95,0.95,0.95,0.95,0.95,0.95,0.95,0.95,0.95,0.95,0.95,0.95,0.95,0.95,0.95,0.95,0.95,0.95,0.95,0.95,0.95,0.95,0.95,0.95,0.95,0.95,0.95,0.95,0.95,0.95,0.95,0.95,0.95,0.95,,,,,,,,,,,,,,,,,,,,,,,
GCB2:VRS,(                ),V,21.2,21.1,21.2,21.1,21.1,21.1,21.1,21.2,21.1,21.1,21.2,21.2,21.1,21.2,21.2,21.0,21.0,20.9,21.0,20.9,21.0,20.9,20.9,20.9,20.9,20.9,20.9,20.9,21.0,20.8,21.0,20.9,21.0,20.8,20.9,20.9,20.9,20.8,20.8,20.9,20.8,20.8,20.9,20.8,20.8,20.9,20.9,21.0,20.9,21.0,21.1,21.0,21.1,21.0,20.9,20.9,20.9,20.9,20.8,20.9,20.7,20.8,20.6,20.8,20.8,20.7,20.7,20.7,20.7,20.6,20.7,20.7,20.9,20.9,20.9,20.9,20.9,20.9,20.8,20.6,20.7,20.7,20.7,20.6,20.7,20.7,20.7,20.8,20.7,20.8,20.8,20.7,20.7,20.8,20.8,20.8,20.8,20.7,20.8,20.8,20.8,20.8,20.9,20.9,20.9,20.9,20.9,20.8,20.8,20.8,20.8,20.8,20.9,20.8,20.7,20.7,20.7,20.8,20.8,20.8,20.7,,,,,,,,,,,,,,,,,,,,,,,
GCB2:VST,(                ),V,21.1,21.1,21.1,21.1,21.1,21.1,21.1,21.1,21.1,21.2,21.2,21.2,21.2,21.2,21.2,20.9,20.9,20.9,20.9,20.9,20.9,20.9,20.9,20.9,20.9,20.9,20.9,20.9,20.9,20.9,20.9,20.9,20.9,20.9,20.9,20.9,20.8,20.8,20.8,20.8,20.8,20.8,20.8,20.8,20.8,20.9,20.9,21.0,20.9,21.1,21.1,21.1,21.0,21.0,20.9,20.9,20.9,20.9,20.9,20.8,20.8,20.8,20.7,20.8,20.8,20.7,20.7,20.7,20.7,20.7,20.7,20.8,20.9,20.9,20.9,21.0,20.9,20.9,20.8,20.7,20.7,20.7,20.7,20.7,20.7,20.7,20.7,20.8,20.7,20.8,20.8,20.8,20.8,20.8,20.8,20.8,20.8,20.8,20.8,20.8,20.8,20.9,20.9,21.0,20.9,20.9,20.9,20.8,20.8,20.9,20.9,20.8,20.9,20.8,20.8,20.8,20.8,20.8,20.8,20.8,20.8,,,,,,,,,,,,,,,,,,,,,,,
GCB2:VTR,(                ),V,21.2,21.1,21.2,21.1,21.1,21.1,21.2,21.2,21.2,21.2,21.2,21.3,21.2,21.3,21.3,21.0,21.0,21.0,21.0,21.0,21.0,21.0,21.0,21.0,20.9,21.0,21.0,20.9,21.0,20.9,21.0,21.0,21.0,20.9,21.0,20.9,20.9,20.9,20.9,20.9,20.8,20.8,20.9,20.8,20.8,20.9,20.9,21.1,20.9,21.0,21.1,21.1,21.1,21.0,20.9,20.9,20.9,20.9,20.8,20.9,20.8,20.8,20.7,20.8,20.8,20.7,20.7,20.7,20.7,20.7,20.7,20.8,20.9,20.9,20.9,21.0,20.9,21.0,20.8,20.7,20.8,20.7,20.7,20.7,20.7,20.7,20.7,20.8,20.7,20.8,20.8,20.7,20.8,20.8,20.8,20.8,20.9,20.8,20.9,20.9,20.8,20.8,20.9,21.0,21.0,20.9,20.9,20.9,20.9,20.8,20.9,20.9,20.9,20.8,20.7,20.8,20.8,20.8,20.8,20.8,20.8,,,,,,,,,,,,,,,,,,,,,,,
PM:HZ,(                ),Hz,59,60,60,59,59,60,60,60,59,60,60,59,59,60,60,60,60,59,59,60,60,59,60,60,60,60,60,60,60,59,60,60,60,59,60,59,59,59,60,60,60,60,60,60,60,59,60,60,59,59,60,59,59,60,59,60,60,60,60,59,59,60,59,60,60,60,59,60,59,59,59,60,60,60,60,59,60,60,60,59,59,60,60,59,60,60,60,59,59,59,60,59,59,59,59,60,60,60,59,59,59,59,60,59,59,59,60,59,59,59,59,59,59,60,59,60,59,60,60,60,59,,,,,,,,,,,,,,,,,,,,,,,
PM:IR,(                ),A,200,190,205,162,167,162,151,158,163,164,165,157,174,163,157,148,154,157,159,157,168,162,162,159,156,166,165,162,170,151,160,170,158,163,212,238,189,178,181,178,179,182,182,184,196,173,176,188,241,217,232,223,212,311,336,315,341,354,433,392,443,570,637,667,670,778,829,817,792,816,760,806,843,791,792,759,797,783,793,822,831,825,790,836,780,769,825,837,771,805,747,771,834,785,771,750,847,736,761,768,722,769,786,775,779,812,753,765,858,808,807,854,771,812,845,810,890,847,830,885,926,,,,,,,,,,,,,,,,,,,,,,,
PM:IS,(                ),A,173,178,153,147,174,148,141,122,143,163,138,142,155,151,144,133,134,125,146,149,146,128,162,145,127,134,126,129,142,132,136,146,130,161,185,189,182,189,188,156,168,202,180,165,197,172,175,195,232,218,205,220,218,256,324,318,334,381,453,398,438,533,644,697,695,748,799,830,768,804,791,797,829,737,712,729,760,739,754,801,761,775,751,760,747,754,774,839,760,741,738,709,773,736,785,692,725,717,717,731,770,745,750,747,737,763,763,761,801,766,756,838,778,784,771,774,788,839,777,770,806,,,,,,,,,,,,,,,,,,,,,,,
PM:IT,(                ),A,168,189,178,141,171,145,142,144,154,169,135,172,170,142,163,145,178,130,157,152,137,191,144,164,137,164,128,153,144,154,134,157,174,145,201,180,193,199,199,181,179,197,145,200,202,181,186,199,201,184,234,198,208,254,334,320,311,341,390,366,409,523,587,586,616,631,681,725,665,692,667,681,717,640,678,632,668,662,642,681,740,681,677,658,670,680,671,717,683,645,642,610,650,642,658,630,642,650,624,652,650,657,684,675,614,677,684,688,738,686,693,801,688,678,702,672,726,760,688,707,792,,,,,,,,,,,,,,,,,,,,,,,
PM:KW,(                ),kW,109.3,114.4,107.4,85.6,98.7,87.5,85.0,80.4,89.0,96.8,86.0,90.2,98.0,89.3,90.0,82.5,90.8,80.1,89.9,89.3,88.7,94.0,92.0,90.3,81.3,89.4,81.4,84.8,88.7,84.5,83.7,91.8,89.4,93.9,121.7,125.5,116.5,117.2,116.0,103.3,106.0,117.3,102.9,111.7,123.8,104.9,108.6,117.8,139.7,127.2,138.9,133.5,129.5,171.6,201.5,199.1,207.2,226.8,273.0,244.3,274.8,348.1,392.3,409.2,415.0,448.5,482.0,493.4,463.1,482.3,461.6,478.4,503.1,458.8,457.7,445.5,466.0,460.2,456.8,479.9,487.8,475.9,461.6,469.7,456.9,459.3,472.1,499.4,461.7,455.7,442.6,434.0,471.3,449.6,460.1,430.9,461.0,436.9,436.7,448.9,447.7,455.0,467.2,463.0,447.2,474.3,461.8,465.8,507.0,473.9,474.1,524.6,469.5,475.1,486.1,472.4,506.0,515.3,481.7,497.8,533.2,,,,,,,,,,,,,,,,,,,,,,,
PM:KWH,(                ),,14214803,14214818,14214842,14214856,14214872,14214887,14214899,14214915,14214931,14214944,14214960,14214976,14214988,14215006,14215020,14215035,14215049,14215062,14215078,14215093,14215109,14215122,14215136,14215152,14215168,14215184,14215196,14215211,14215224,14215241,14215255,14215270,14215284,14215296,14215318,14215338,14215360,14215376,14215392,14215413,14215432,14215451,14215468,14215488,14215505,14215526,14215545,14215563,14215583,14215603,14215628,14215649,14215672,14215699,14215721,14215756,14215791,14215832,14215874,14215918,14215957,14216015,14216079,14216143,14216215,14216278,14216367,14216443,14216526,14216607,14216645,14216756,14216841,14216922,14216994,14217072,14217140,14217231,14217310,14217385,14217466,14217530,14217626,14217701,14217781,14217853,14217921,14218009,14218091,14218162,14218241,14218299,14218383,14218461,14218539,14218608,14218687,14218753,14218837,14218917,14218987,14219063,14219130,14219217,14219289,14219370,14219451,14219511,14219604,14219689,14219773,14219850,14219934,14220007,14220098,14220175,14220261,14220337,14220411,14220507,14220552,,,,,,,,,,,,,,,,,,,,,,,
PM:PF,(                ),,0.91,0.90,0.90,0.86,0.87,0.87,0.88,0.85,0.87,0.87,0.88,0.86,0.88,0.88,0.87,0.88,0.88,0.88,0.88,0.88,0.89,0.89,0.89,0.88,0.88,0.87,0.88,0.87,0.88,0.88,0.88,0.88,0.88,0.91,0.92,0.94,0.94,0.94,0.93,0.91,0.92,0.92,0.92,0.93,0.95,0.91,0.92,0.91,0.94,0.93,0.93,0.94,0.92,0.95,0.92,0.95,0.96,0.96,0.96,0.96,0.97,0.98,0.96,0.96,0.96,0.96,0.96,0.96,0.96,0.96,0.96,0.96,0.96,0.96,0.96,0.95,0.95,0.96,0.96,0.96,0.96,0.96,0.96,0.96,0.96,0.96,0.96,0.96,0.96,0.95,0.95,0.95,0.96,0.95,0.95,0.95,0.95,0.95,0.95,0.95,0.95,0.96,0.96,0.96,0.96,0.96,0.96,0.96,0.97,0.96,0.96,0.96,0.96,0.96,0.96,0.96,0.96,0.96,0.96,0.96,0.97,,,,,,,,,,,,,,,,,,,,,,,
PM:VRS,(                ),V,385.3,385.5,385.6,385.6,385.7,385.8,386.3,386.2,386.3,387.2,387.1,387.2,387.3,388.0,388.4,383.5,382.9,382.6,382.5,382.4,382.7,382.1,382.5,382.7,382.2,382.3,382.3,382.1,382.5,382.2,382.1,381.9,382.2,382.0,381.9,381.3,381.1,380.5,380.6,380.5,379.4,379.9,380.1,380.0,380.5,381.7,381.9,384.2,381.6,383.7,385.8,384.2,383.1,382.5,380.7,381.1,380.6,380.7,379.5,379.4,378.9,377.9,377.2,378.3,377.8,376.2,375.2,375.9,375.9,375.8,376.1,377.0,378.8,379.8,379.6,380.7,380.1,380.3,376.8,375.8,376.0,376.0,375.8,375.6,376.3,376.4,376.0,376.6,376.8,377.3,377.9,377.3,376.9,377.6,377.8,378.5,378.2,378.5,378.2,378.1,378.9,379.8,380.0,380.7,380.2,379.5,379.6,379.4,379.0,378.9,378.7,379.0,379.6,377.2,377.1,377.6,377.5,378.0,378.3,378.4,377.7,,,,,,,,,,,,,,,,,,,,,,,
PM:VST,(                ),V,385.0,385.1,385.5,385.2,385.1,385.5,385.8,385.9,385.9,386.6,386.8,386.7,386.8,387.4,387.6,382.8,382.0,382.1,381.8,381.7,382.0,381.4,381.6,381.8,381.5,381.6,381.7,381.4,381.8,381.3,381.5,381.3,381.4,381.2,381.2,381.1,380.4,379.6,379.7,379.8,378.9,379.2,379.8,379.6,380.3,381.4,381.7,383.6,382.2,384.3,385.9,384.5,383.5,383.2,380.9,381.3,381.2,380.6,379.6,379.6,379.3,378.5,377.5,378.6,378.0,376.7,375.6,376.0,376.3,376.3,376.3,377.4,379.0,380.5,380.3,381.1,380.7,380.6,377.4,376.3,377.0,376.6,376.5,376.4,376.7,376.7,376.6,376.7,377.2,377.7,378.2,377.9,377.4,377.7,377.9,378.9,378.7,378.8,378.8,378.4,378.9,379.8,380.5,381.0,380.7,379.9,379.8,379.4,379.4,379.1,379.4,379.2,379.9,377.5,377.8,377.7,378.5,378.4,378.8,379.4,378.8,,,,,,,,,,,,,,,,,,,,,,,
PM:VTR,(                ),V,385.0,385.1,385.6,385.5,385.4,385.5,385.9,386.1,386.1,386.8,387.2,386.8,387.1,387.8,387.8,383.2,382.3,382.5,382.0,382.1,382.6,381.7,382.3,382.3,381.9,382.0,382.4,382.0,382.5,381.9,382.0,381.9,381.8,381.6,381.4,381.5,380.9,380.2,380.1,380.1,379.4,379.6,380.5,379.6,380.4,381.4,381.8,384.0,382.6,384.5,386.2,385.0,384.0,383.7,381.1,381.7,381.6,381.4,380.2,380.4,379.7,379.0,378.2,379.3,378.5,377.6,376.4,376.7,377.0,377.0,377.2,378.3,379.9,381.2,380.8,382.1,381.3,381.3,378.3,377.1,377.3,377.4,377.2,377.3,377.5,377.3,377.5,377.8,377.9,378.7,378.9,378.7,378.7,378.8,379.0,379.8,379.9,379.5,379.7,379.3,379.8,380.9,381.3,382.0,381.7,380.8,380.3,380.0,380.1,380.1,380.0,379.7,380.5,378.3,378.4,378.6,379.1,378.9,379.6,379.9,378.9,,,,,,,,,,,,,,,,,,,,,,,
PAC:HZ,(                ),Hz,59,60,60,59,59,60,60,60,59,60,60,59,59,60,60,60,60,59,59,60,60,59,60,60,60,60,60,59,60,59,60,60,60,60,59,59,59,59,60,60,60,60,60,60,60,59,60,60,59,59,60,59,59,60,59,60,60,60,60,59,59,60,59,60,60,60,59,60,59,59,59,60,60,60,60,59,60,60,60,59,59,60,60,59,60,60,60,59,59,59,59,59,59,59,59,60,60,59,59,59,59,59,60,59,59,59,60,59,59,59,59,59,59,60,59,60,59,60,60,60,59,,,,,,,,,,,,,,,,,,,,,,,
PAC:IR,(                ),A,9,9,9,9,9,9,9,9,9,9,9,9,9,9,9,9,9,9,9,9,9,9,9,9,9,9,9,9,9,9,9,9,9,9,9,9,9,9,9,9,9,9,9,9,9,143,496,608,568,359,310,308,241,293,515,681,692,768,776,821,900,927,897,935,950,925,940,935,938,938,935,934,915,920,924,928,909,950,936,922,928,942,921,925,936,944,957,939,936,945,936,935,958,949,945,931,941,956,939,935,912,915,942,912,903,901,917,907,917,915,901,896,899,915,932,913,923,918,901,902,909,,,,,,,,,,,,,,,,,,,,,,,
PAC:IS,(                ),A,9,9,9,9,9,9,9,9,9,9,9,9,9,9,9,9,9,9,9,9,9,9,9,9,9,8,5,5,9,9,9,9,9,9,9,9,9,9,9,9,9,9,9,9,9,141,503,615,583,366,310,308,240,293,522,684,697,773,785,817,918,948,901,975,973,977,976,964,975,964,956,960,953,952,958,956,939,978,973,969,974,962,965,953,982,974,985,980,965,978,979,972,975,978,962,963,963,983,961,969,938,953,965,943,928,941,948,940,934,944,939,920,942,947,956,950,952,950,924,941,933,,,,,,,,,,,,,,,,,,,,,,,
PAC:IT,(                ),A,8,8,8,8,8,8,8,8,8,8,8,8,8,8,8,8,8,8,8,8,8,8,8,8,8,8,8,8,8,8,8,8,8,8,8,8,8,8,8,8,8,8,8,8,8,141,491,602,569,359,303,303,236,289,511,679,688,765,776,808,901,932,887,928,934,924,942,932,934,936,925,935,909,915,922,925,911,939,934,923,923,937,924,924,937,941,952,940,932,939,927,930,955,941,931,930,937,949,934,933,915,908,937,909,895,902,916,901,914,914,901,892,897,911,928,911,920,921,900,904,910,,,,,,,,,,,,,,,,,,,,,,,
PAC:KW,(                ),kW,4.9,4.9,4.9,4.9,4.9,4.9,4.9,4.9,4.9,4.9,4.9,4.9,4.9,4.9,4.9,4.9,4.8,4.8,4.9,4.9,4.9,4.9,4.9,4.9,4.9,5.0,4.2,4.2,4.9,4.8,4.8,4.8,4.8,4.8,4.9,4.9,4.8,4.8,4.8,4.8,4.8,4.8,4.8,4.8,4.8,84.1,307.2,376.9,353.6,229.6,196.1,194.4,153.0,186.7,326.5,426.0,432.6,473.6,480.1,501.4,550.9,569.9,542.9,588.6,591.7,582.9,580.0,584.1,587.4,585.7,580.8,585.8,577.4,580.5,583.9,586.9,575.5,599.2,588.5,580.9,584.0,587.0,580.2,579.2,590.1,590.8,599.1,592.1,585.9,593.3,588.9,587.7,598.5,594.9,589.0,586.5,590.2,600.6,588.5,589.6,574.0,577.7,594.2,577.2,567.7,570.7,579.1,570.9,574.6,576.5,569.4,562.5,569.5,573.8,583.7,574.4,580.4,579.4,565.2,570.4,571.7,,,,,,,,,,,,,,,,,,,,,,,
PAC:KWH,(                ),,17438574,17438574,17438576,17438576,17438576,17438580,17438580,17438582,17438582,17438582,17438584,17438584,17438586,17438586,17438586,17438588,17438588,17438590,17438590,17438590,17438592,17438592,17438592,17438592,17438594,17438594,17438594,17438596,17438596,17438596,17438598,17438598,17438602,17438602,17438604,17438604,17438604,17438606,17438606,17438606,17438608,17438608,17438610,17438610,17438610,17438614,17438650,17438708,17438768,17438816,17438852,17438884,17438902,17438932,17438960,17439036,17439110,17439188,17439262,17439348,17439424,17439530,17439626,17439716,17439818,17439904,17440016,17440108,17440210,17440312,17440360,17440498,17440600,17440702,17440794,17440894,17440980,17441092,17441194,17441286,17441388,17441464,17441582,17441678,17441778,17441870,17441958,17442070,17442172,17442264,17442368,17442446,17442558,17442662,17442764,17442858,17442958,17443046,17443158,17443258,17443350,17443448,17443534,17443644,17443736,17443834,17443934,17444010,17444118,17444218,17444318,17444408,17444506,17444590,17444698,17444790,17444890,17444978,17445064,17445172,17445222,,,,,,,,,,,,,,,,,,,,,,,
PAC:PF,(                ),,0.85,0.85,0.85,0.85,0.85,0.85,0.85,0.85,0.85,0.85,0.85,0.85,0.85,0.85,0.85,0.85,0.85,0.85,0.85,0.85,0.86,0.85,0.85,0.85,0.85,0.92,0.89,0.89,0.86,0.85,0.85,0.85,0.85,0.85,0.85,0.86,0.85,0.86,0.86,0.85,0.86,0.86,0.86,0.86,0.86,0.90,0.94,0.94,0.94,0.96,0.96,0.96,0.97,0.97,0.96,0.95,0.95,0.94,0.94,0.94,0.94,0.94,0.94,0.96,0.96,0.96,0.96,0.96,0.96,0.96,0.96,0.96,0.96,0.96,0.96,0.96,0.96,0.96,0.96,0.96,0.96,0.96,0.96,0.96,0.96,0.96,0.96,0.96,0.96,0.96,0.96,0.96,0.96,0.96,0.96,0.96,0.96,0.96,0.96,0.96,0.96,0.96,0.96,0.96,0.96,0.96,0.96,0.96,0.96,0.96,0.96,0.96,0.96,0.96,0.96,0.96,0.96,0.96,0.96,0.96,0.96,,,,,,,,,,,,,,,,,,,,,,,
PAC:VRS,(                ),V,384.8,385.0,385.2,385.0,385.1,385.3,385.5,385.6,385.6,386.4,386.6,386.5,386.7,387.2,387.6,382.8,382.1,381.9,381.8,381.6,382.1,381.4,381.8,382.0,381.6,381.7,381.7,381.3,381.7,381.5,381.5,381.3,381.5,381.2,381.2,381.0,380.4,379.6,379.9,379.8,378.7,379.1,379.6,379.2,379.7,380.1,379.1,380.6,378.6,381.7,384.0,382.7,381.7,381.6,378.3,378.3,377.6,376.8,376.0,375.3,374.3,373.5,373.3,374.5,374.1,373.0,371.8,372.9,372.6,372.5,372.9,373.9,375.9,376.7,376.4,377.3,376.9,376.8,373.7,372.8,373.1,372.8,372.8,373.7,373.0,373.4,372.7,374.0,373.9,374.3,374.1,374.4,373.5,374.3,374.7,374.9,374.8,375.2,374.7,375.2,375.5,376.2,376.8,377.8,377.1,376.4,376.4,376.1,375.9,375.9,375.6,376.3,376.6,374.3,373.8,374.6,374.7,375.0,375.2,376.0,374.8,,,,,,,,,,,,,,,,,,,,,,,
PAC:VST,(                ),V,384.6,384.7,384.9,384.7,384.7,385.1,385.2,385.2,385.3,386.0,386.3,386.1,386.3,386.8,387.1,382.3,381.3,381.3,381.2,381.0,381.4,380.7,381.1,381.3,380.8,381.0,381.0,380.7,381.0,380.7,380.9,380.7,380.8,380.5,380.6,380.6,379.8,379.0,379.2,379.1,378.4,378.6,379.4,378.9,379.7,379.9,378.9,380.4,379.1,382.3,384.5,382.8,382.6,381.9,379.1,378.5,377.9,377.4,375.9,376.0,374.6,373.7,374.0,374.8,374.0,372.9,372.4,373.4,372.8,373.1,373.0,374.3,375.7,376.5,376.9,377.8,377.9,377.1,373.7,373.5,373.6,373.3,373.4,374.0,373.3,373.3,373.7,373.8,374.0,373.9,374.9,374.2,374.0,374.3,375.1,375.5,375.5,375.3,375.1,374.9,375.4,376.5,376.8,377.7,377.3,376.8,376.1,376.1,375.9,375.9,375.8,376.5,376.9,374.4,374.6,374.2,375.0,375.4,375.2,375.8,375.5,,,,,,,,,,,,,,,,,,,,,,,
PAC:VTR,(                ),V,384.9,385.0,385.4,385.2,385.2,385.3,385.6,385.8,385.9,386.6,386.9,386.6,387.0,387.4,387.6,383.0,382.0,382.1,381.8,381.7,382.2,381.6,381.9,382.2,381.6,381.8,381.9,381.6,382.0,381.7,381.7,381.6,381.7,381.2,381.3,381.2,380.7,379.9,380.0,379.8,379.2,379.4,380.2,379.4,380.1,380.4,379.3,380.8,379.5,382.7,384.7,383.0,382.7,382.3,379.3,378.7,378.4,377.7,377.2,376.7,375.4,374.8,374.2,375.8,375.1,373.6,373.1,373.6,373.6,373.6,373.7,374.5,376.8,377.7,377.1,378.5,378.1,377.9,374.8,373.5,373.9,373.9,373.6,373.9,374.0,373.4,373.9,374.6,374.3,375.2,375.4,374.8,374.7,375.4,375.6,376.1,375.9,375.7,376.2,375.3,376.6,377.4,378.0,378.8,377.9,377.3,377.2,376.4,376.7,376.6,376.6,377.2,377.3,374.8,374.9,375.3,375.7,375.5,376.3,376.4,375.8,,,,,,,,,,,,,,,,,,,,,,,
CH1B1:KWH,(                ),,4433714,4433714,4433714,4433714,4433714,4433714,4433714,4433714,4433714,4433714,4433714,4433714,4433714,4433714,4433714,4433714,4433714,4433714,4433714,4433714,4433714,4433714,4433714,4433714,4433714,4433714,4433714,4433714,4433714,4433714,4433714,4433714,4433714,4433714,4433714,4433714,4433714,4433714,4433714,4433714,4433714,4433714,4433714,4433714,4433714,4433714,4433714,4433714,4433714,4433714,4433714,4433714,4433714,4433714,4433714,4433714,4433714,4433714,4433714,4433714,4433714,4433714,4433714,4433714,4433714,4433714,4433714,4433714,4433714,4433714,4433714,4433714,4433714,4433714,4433714,4433714,4433714,4433714,4433714,4433714,4433714,4433714,4433714,4433714,4433714,4433714,4433714,4433714,4433714,4433714,4433714,4433714,4433714,4433714,4433714,4433714,4433714,4433714,4433714,4433714,4433714,4433714,4433714,4433714,4433714,4433714,4433714,4433714,4433714,4433714,4433714,4433714,4433714,4433714,4433714,4433714,4433714,4433714,4433714,4433714,4433714,,,,,,,,,,,,,,,,,,,,,,,
CH2B1:KWH,(                ),,3323912,3323912,3323912,3323912,3323912,3323912,3323912,3323912,3323912,3323912,3323912,3323912,3323912,3323912,3323912,3323912,3323912,3323912,3323912,3323912,3323912,3323912,3323912,3323912,3323912,3323912,3323912,3323912,3323912,3323912,3323912,3323912,3323912,3323912,3323912,3323912,3323912,3323912,3323912,3323912,3323912,3323912,3323912,3323912,3323912,3323912,3323912,3323912,3323912,3323912,3323912,3323912,3323912,3323912,3323912,3323912,3323912,3323912,3323912,3323912,3323912,3323912,3323912,3323912,3323912,3323912,3323912,3323912,3323912,3323912,3323912,3323912,3323912,3323912,3323912,3323912,3323912,3323912,3323912,3323912,3323912,3323912,3323912,3323912,3323912,3323912,3323912,3323912,3323912,3323912,3323912,3323912,3323912,3323912,3323912,3323912,3323912,3323912,3323912,3323912,3323912,3323912,3323912,3323912,3323912,3323912,3323912,3323912,3323912,3323912,3323912,3323912,3323912,3323912,3323912,3323912,3323912,3323912,3323912,3323912,3323912,,,,,,,,,,,,,,,,,,,,,,,
CHP1B1:KWH,(                ),,313214,313214,313214,313214,313214,313214,313214,313214,313214,313214,313214,313214,313214,313214,313214,313214,313214,313214,313214,313214,313214,313214,313214,313214,313214,313214,313214,313214,313214,313214,313214,313214,313214,313214,313214,313214,313214,313214,313214,313214,313214,313214,313214,313214,313214,313214,313214,313214,313214,313214,313214,313214,313214,313214,313214,313214,313214,313214,313214,313214,313214,313214,313214,313214,313214,313214,313214,313214,313214,313214,313214,313214,313214,313214,313214,313214,313214,313214,313214,313214,313214,313214,313214,313214,313214,313214,313214,313214,313214,313214,313214,313214,313214,313214,313214,313214,313214,313214,313214,313214,313214,313214,313214,313214,313214,313214,313214,313214,313214,313214,313214,313214,313214,313214,313214,313214,313214,313214,313214,313214,313214,,,,,,,,,,,,,,,,,,,,,,,
CHP2B1:KWH,(                ),,259932,259932,259932,259932,259932,259932,259932,259932,259932,259932,259932,259932,259932,259932,259932,259932,259932,259932,259932,259932,259932,259932,259932,259932,259932,259932,259932,259932,259932,259932,259932,259932,259932,259932,259932,259932,259932,259932,259932,259932,259932,259932,259932,259932,259932,259932,259932,259932,259932,259932,259932,259932,259932,259932,259932,259932,259932,259932,259932,259932,259932,259932,259932,259932,259932,259932,259932,259932,259932,259932,259932,259932,259932,259932,259932,259932,259932,259932,259932,259932,259932,259932,259932,259932,259932,259932,259932,259932,259932,259932,259932,259932,259932,259932,259932,259932,259932,259932,259932,259932,259932,259932,259932,259932,259932,259932,259932,259932,259932,259932,259932,259932,259932,259932,259932,259932,259932,259932,259932,259932,259932,,,,,,,,,,,,,,,,,,,,,,,
CHP3B1:KWH,(                ),,4159,4159,4159,4159,4159,4159,4159,4159,4159,4159,4159,4159,4159,4159,4159,4159,4159,4159,4159,4159,4159,4159,4159,4159,4159,4159,4159,4159,4159,4159,4159,4159,4159,4159,4159,4159,4159,4159,4159,4159,4159,4159,4159,4159,4159,4159,4159,4159,4159,4159,4159,4159,4159,4159,4159,4159,4159,4159,4159,4159,4159,4159,4159,4159,4159,4159,4159,4159,4159,4159,4159,4159,4159,4159,4159,4159,4159,4159,4159,4159,4159,4159,4159,4159,4159,4159,4159,4159,4159,4159,4159,4159,4159,4159,4159,4159,4159,4159,4159,4159,4159,4159,4159,4159,4159,4159,4159,4159,4159,4159,4159,4159,4159,4159,4159,4159,4159,4159,4159,4159,4159,,,,,,,,,,,,,,,,,,,,,,,
CT1B1:KW,(                ),kW,8.2,8.2,8.2,8.2,8.2,8.2,8.2,8.2,8.2,8.2,8.2,8.2,8.2,8.2,8.2,8.2,8.2,8.2,8.2,8.2,8.2,8.2,8.2,8.2,8.2,8.2,8.2,8.2,8.2,8.2,8.2,8.2,8.2,8.2,8.2,8.2,8.2,8.2,8.2,8.2,8.2,8.2,8.2,8.2,8.2,8.2,8.2,8.2,8.2,8.2,8.2,8.2,8.2,8.2,8.2,8.2,8.2,8.2,8.2,8.2,8.2,8.2,8.2,8.2,8.2,8.2,8.2,8.2,8.2,8.2,8.2,8.2,8.2,8.2,8.2,8.2,8.2,8.2,8.2,8.2,8.2,8.2,8.2,8.2,8.2,8.2,8.2,8.2,8.2,8.2,8.2,8.2,8.2,8.2,8.2,8.2,8.2,8.2,8.2,8.2,8.2,8.2,8.2,8.2,8.2,8.2,8.2,8.2,8.2,8.2,8.2,8.2,8.2,8.2,8.2,8.2,8.2,8.2,8.2,8.2,8.2,,,,,,,,,,,,,,,,,,,,,,,
CT1B1:KWH,(                ),,244843,244843,244843,244843,244843,244843,244843,244843,244843,244843,244843,244843,244843,244843,244843,244843,244843,244843,244843,244843,244843,244843,244843,244843,244843,244843,244843,244843,244843,244843,244843,244843,244843,244843,244843,244843,244843,244843,244843,244843,244843,244843,244843,244843,244843,244843,244843,244843,244843,244843,244843,244843,244843,244843,244843,244843,244843,244843,244843,244843,244843,244843,244843,244843,244843,244843,244843,244843,244843,244843,244843,244843,244843,244843,244843,244843,244843,244843,244843,244843,244843,244843,244843,244843,244843,244843,244843,244843,244843,244843,244843,244843,244843,244843,244843,244843,244843,244843,244843,244843,244843,244843,244843,244843,244843,244843,244843,244843,244843,244843,244843,244843,244843,244843,244843,244843,244843,244843,244843,244843,244843,,,,,,,,,,,,,,,,,,,,,,,
CT2B1:KW,(                ),kW,0.0,0.0,0.0,0.0,0.0,0.0,0.0,0.0,0.0,0.0,0.0,0.0,0.0,0.0,0.0,0.0,0.0,0.0,0.0,0.0,0.0,0.0,0.0,0.0,0.0,0.0,0.0,0.0,0.0,0.0,0.0,0.0,0.0,0.0,0.0,0.0,0.0,0.0,0.0,0.0,0.0,0.0,0.0,0.0,0.0,0.0,0.0,0.0,0.0,0.0,0.0,0.0,0.0,0.0,0.0,0.0,0.0,0.0,0.0,0.0,0.0,0.0,0.0,0.0,0.0,0.0,0.0,0.0,0.0,0.0,0.0,0.0,0.0,0.0,0.0,0.0,0.0,0.0,0.0,0.0,0.0,0.0,0.0,0.0,0.0,0.0,0.0,0.0,0.0,0.0,0.0,0.0,0.0,0.0,0.0,0.0,0.0,0.0,0.0,0.0,0.0,0.0,0.0,0.0,0.0,0.0,0.0,0.0,0.0,0.0,0.0,0.0,0.0,0.0,0.0,0.0,0.0,0.0,0.0,0.0,0.0,,,,,,,,,,,,,,,,,,,,,,,
CT2B1:KWH,(                ),,111175,111175,111175,111175,111175,111175,111175,111175,111175,111175,111175,111175,111175,111175,111175,111175,111175,111175,111175,111175,111175,111175,111175,111175,111175,111175,111175,111175,111175,111175,111175,111175,111175,111175,111175,111175,111175,111175,111175,111175,111175,111175,111175,111175,111175,111175,111175,111175,111175,111175,111175,111175,111175,111175,111175,111175,111175,111175,111175,111175,111175,111175,111175,111175,111175,111175,111175,111175,111175,111175,111175,111175,111175,111175,111175,111175,111175,111175,111175,111175,111175,111175,111175,111175,111175,111175,111175,111175,111175,111175,111175,111175,111175,111175,111175,111175,111175,111175,111175,111175,111175,111175,111175,111175,111175,111175,111175,111175,111175,111175,111175,111175,111175,111175,111175,111175,111175,111175,111175,111175,111175,,,,,,,,,,,,,,,,,,,,,,,
CWP1B1:KWH,(                ),,839195,839195,839195,839195,839195,839195,839195,839195,839195,839195,839195,839195,839195,839195,839195,839195,839195,839195,839195,839195,839195,839195,839195,839195,839195,839195,839195,839195,839195,839195,839195,839195,839195,839195,839195,839195,839195,839195,839195,839195,839195,839195,839195,839195,839195,839195,839195,839195,839195,839195,839195,839195,839195,839195,839195,839195,839195,839195,839195,839195,839195,839195,839195,839195,839195,839195,839195,839195,839195,839195,839195,839195,839195,839195,839195,839195,839195,839195,839195,839195,839195,839195,839195,839195,839195,839195,839195,839195,839195,839195,839195,839195,839195,839195,839195,839195,839195,839195,839195,839195,839195,839195,839195,839195,839195,839195,839195,839195,839195,839195,839195,839195,839195,839195,839195,839195,839195,839195,839195,839195,839195,,,,,,,,,,,,,,,,,,,,,,,
CWP2B1:KWH,(                ),,705224,705224,705224,705224,705224,705224,705224,705224,705224,705224,705224,705224,705224,705224,705224,705224,705224,705224,705224,705224,705224,705224,705224,705224,705224,705224,705224,705224,705224,705224,705224,705224,705224,705224,705224,705224,705224,705224,705224,705224,705224,705224,705224,705224,705224,705224,705224,705224,705224,705224,705224,705224,705224,705224,705224,705224,705224,705224,705224,705224,705224,705224,705224,705224,705224,705224,705224,705224,705224,705224,705224,705224,705224,705224,705224,705224,705224,705224,705224,705224,705224,705224,705224,705224,705224,705224,705224,705224,705224,705224,705224,705224,705224,705224,705224,705224,705224,705224,705224,705224,705224,705224,705224,705224,705224,705224,705224,705224,705224,705224,705224,705224,705224,705224,705224,705224,705224,705224,705224,705224,705224,,,,,,,,,,,,,,,,,,,,,,,
CWP3B1:KWH,(                ),,10,10,10,10,10,10,10,10,10,10,10,10,10,10,10,10,10,10,10,10,10,10,10,10,10,10,10,10,10,10,10,10,10,10,10,10,10,10,10,10,10,10,10,10,10,10,10,10,10,10,10,10,10,10,10,10,10,10,10,10,10,10,10,10,10,10,10,10,10,10,10,10,10,10,10,10,10,10,10,10,10,10,10,10,10,10,10,10,10,10,10,10,10,10,10,10,10,10,10,10,10,10,10,10,10,10,10,10,10,10,10,10,10,10,10,10,10,10,10,10,10,,,,,,,,,,,,,,,,,,,,,,,
CH1F7.KWH,(度數            ),kW h,585168,585168,585168,585168,585168,585168,585168,585168,585168,585168,585191,585243,585267,585267,585267,585267,585267,585267,585267,585267,585267,585267,585267,585267,585267,585267,585267,585267,585267,585267,585267,585267,585267,585267,585267,585267,585267,585267,585267,585267,585267,585267,585267,585267,585267,585267,585267,585267,585267,585267,585267,585267,585267,585267,585267,585267,585267,585267,585295,585348,585400,585449,585502,585555,585607,585660,585712,585765,585817,585870,585896,585973,586025,586077,586130,586182,586234,586286,586339,586392,586444,586496,586549,586601,586654,586706,586758,586811,586863,586914,586966,587019,587072,587124,587177,587229,587282,587334,587386,587439,587492,587544,587597,587649,587702,587754,587807,587859,587912,587964,588016,588068,588121,588174,588227,588279,588331,588384,588437,588489,588515,,,,,,,,,,,,,,,,,,,,,,,
CH2F7:KWH,(                ),,3647650,3647650,3647650,3647650,3647650,3647650,3647650,3647650,3647650,3647650,3647650,3647650,3647650,3647650,3647650,3647650,3647650,3647651,3647651,3647651,3647651,3647651,3647651,3647651,3647651,3647651,3647651,3647651,3647651,3647652,3647652,3647652,3647652,3647652,3647652,3647652,3647652,3647652,3647652,3647652,3647652,3647653,3647653,3647653,3647653,3647653,3647653,3647653,3647653,3647653,3647653,3647653,3647653,3647653,3647653,3647653,3647653,3647653,3647654,3647654,3647654,3647654,3647654,3647654,3647654,3647654,3647654,3647654,3647654,3647654,3647655,3647655,3647655,3647655,3647655,3647655,3647655,3647655,3647655,3647655,3647655,3647655,3647655,3647655,3647655,3647655,3647656,3647656,3647656,3647656,3647656,3647656,3647656,3647656,3647656,3647656,3647656,3647656,3647656,3647656,3647656,3647656,3647656,3647657,3647657,3647657,3647657,3647657,3647657,3647657,3647657,3647657,3647657,3647657,3647657,3647658,3647658,3647658,3647658,3647658,3647658,,,,,,,,,,,,,,,,,,,,,,,
CH3F7:KWH,(                ),,1616667,1616667,1616667,1616668,1616668,1616668,1616668,1616668,1616668,1616668,1616668,1616668,1616668,1616668,1616668,1616668,1616668,1616668,1616669,1616669,1616669,1616669,1616669,1616669,1616669,1616669,1616669,1616669,1616669,1616669,1616669,1616669,1616670,1616670,1616670,1616670,1616670,1616670,1616670,1616670,1616670,1616670,1616670,1616670,1616670,1616670,1616670,1616670,1616670,1616670,1616671,1616671,1616671,1616671,1616671,1616671,1616671,1616671,1616671,1616671,1616671,1616671,1616671,1616672,1616672,1616672,1616672,1616672,1616672,1616672,1616672,1616672,1616672,1616672,1616672,1616672,1616672,1616672,1616672,1616673,1616673,1616673,1616673,1616673,1616673,1616673,1616673,1616673,1616673,1616673,1616673,1616673,1616673,1616674,1616674,1616674,1616674,1616674,1616674,1616674,1616674,1616674,1616674,1616674,1616674,1616674,1616675,1616675,1616675,1616675,1616675,1616675,1616675,1616675,1616675,1616675,1616675,1616675,1616675,1616675,1616675,,,,,,,,,,,,,,,,,,,,,,,
CH4F7.KWH,(度數            ),kW h,625505,625505,625505,625505,625505,625505,625505,625505,625505,625505,625505,625505,625505,625505,625505,625505,625505,625505,625505,625505,625505,625505,625505,625505,625505,625505,625505,625505,625505,625505,625505,625505,625505,625505,625505,625505,625505,625505,625505,625505,625505,625505,625505,625505,625505,625535,625586,625636,625686,625722,625771,625820,625870,625919,625966,626012,626061,626110,626160,626209,626259,626308,626358,626407,626457,626506,626556,626605,626654,626704,626728,626802,626852,626901,626950,626999,627048,627098,627148,627197,627246,627296,627345,627394,627444,627493,627542,627591,627641,627689,627738,627787,627837,627886,627935,627984,628034,628083,628132,628182,628231,628280,628330,628379,628429,628479,628529,628578,628628,628677,628725,628775,628824,628874,628923,628972,629022,629072,629121,629170,629195,,,,,,,,,,,,,,,,,,,,,,,
CH5F7.KWH,(度數            ),kW h,626315,626315,626315,626315,626315,626315,626315,626315,626315,626315,626315,626315,626315,626315,626315,626315,626315,626315,626315,626315,626315,626315,626315,626315,626315,626315,626315,626315,626315,626315,626315,626315,626315,626315,626315,626315,626315,626315,626315,626315,626315,626315,626315,626315,626315,626315,626315,626315,626315,626315,626315,626315,626315,626315,626315,626315,626315,626315,626319,626366,626414,626459,626509,626559,626608,626658,626708,626757,626807,626856,626881,626954,627003,627051,627100,627148,627196,627246,627294,627343,627392,627441,627490,627538,627587,627636,627685,627734,627783,627831,627880,627928,627977,628025,628074,628123,628171,628220,628268,628318,628367,628416,628466,628515,628563,628613,628663,628712,628762,628811,628859,628909,628958,629007,629057,629106,629155,629205,629254,629303,629328,,,,,,,,,,,,,,,,,,,,,,,
CHP1F7:KWH,(                ),,535732,535736,535743,535748,535754,535759,535764,535769,535775,535780,535785,535791,535795,535795,535795,535795,535795,535795,535795,535795,535795,535795,535795,535795,535795,535795,535795,535795,535795,535795,535795,535795,535795,535795,535795,535795,535795,535795,535795,535795,535795,535795,535795,535795,535795,535795,535795,535795,535795,535795,535795,535795,535795,535795,535795,535795,535797,535802,535807,535812,535817,535823,535829,535833,535839,535844,535850,535855,535860,535865,535868,535875,535881,535886,535891,535897,535901,535907,535912,535918,535923,535927,535934,535939,535944,535949,535955,535960,535965,535970,535976,535981,535986,535991,535997,536002,536007,536012,536018,536023,536028,536034,536038,536044,536049,536055,536060,536065,536070,536076,536081,536086,536092,536096,536102,536107,536113,536118,536122,536128,536131,,,,,,,,,,,,,,,,,,,,,,,
CHP2F7:KWH,(                ),,241383,241383,241383,241383,241383,241383,241383,241383,241383,241383,241383,241383,241383,241383,241383,241383,241383,241383,241383,241383,241383,241383,241383,241383,241383,241383,241383,241383,241383,241383,241383,241383,241383,241383,241383,241383,241383,241383,241383,241383,241383,241383,241383,241383,241383,241383,241383,241383,241383,241383,241383,241383,241383,241383,241383,241383,241383,241383,241383,241383,241383,241383,241383,241383,241383,241383,241383,241383,241383,241383,241383,241383,241383,241383,241383,241383,241383,241383,241383,241383,241383,241383,241383,241383,241383,241383,241383,241383,241383,241383,241383,241383,241383,241383,241383,241383,241383,241383,241383,241383,241383,241383,241383,241383,241383,241383,241383,241383,241383,241383,241383,241383,241383,241383,241383,241383,241383,241383,241383,241383,241383,,,,,,,,,,,,,,,,,,,,,,,
CHP3F7:KWH,(                ),,122477,122477,122477,122477,122477,122477,122477,122477,122477,122477,122477,122477,122477,122477,122477,122477,122477,122477,122477,122477,122477,122477,122477,122477,122477,122477,122477,122477,122477,122477,122477,122477,122477,122477,122477,122477,122477,122477,122477,122477,122477,122477,122477,122477,122477,122477,122477,122477,122477,122477,122477,122477,122477,122477,122477,122477,122477,122477,122477,122477,122477,122477,122477,122477,122477,122477,122477,122477,122477,122477,122477,122477,122477,122477,122477,122477,122477,122477,122477,122477,122477,122477,122477,122477,122477,122477,122477,122477,122477,122477,122477,122477,122477,122477,122477,122477,122477,122477,122477,122477,122477,122477,122477,122477,122477,122477,122477,122477,122477,122477,122477,122477,122477,122477,122477,122477,122477,122477,122477,122477,122477,,,,,,,,,,,,,,,,,,,,,,,
CHP4F7:KWH,(                ),,524441,524441,524441,524441,524441,524441,524441,524441,524441,524441,524441,524441,524441,524441,524441,524441,524441,524441,524441,524441,524441,524441,524441,524441,524441,524441,524441,524441,524441,524441,524441,524441,524441,524441,524441,524441,524441,524441,524441,524441,524441,524441,524441,524442,524447,524453,524458,524463,524468,524472,524479,524483,524489,524494,524499,524504,524509,524514,524519,524524,524529,524535,524540,524545,524550,524555,524560,524565,524571,524575,524578,524586,524591,524596,524601,524606,524611,524617,524622,524627,524632,524636,524642,524647,524653,524657,524663,524668,524673,524678,524683,524688,524693,524698,524704,524708,524714,524718,524724,524729,524734,524739,524743,524750,524755,524760,524765,524770,524775,524780,524786,524791,524796,524800,524806,524811,524816,524821,524826,524831,524834,,,,,,,,,,,,,,,,,,,,,,,
CHP5F7:KWH,(                ),,543009,543009,543009,543009,543009,543009,543009,543009,543009,543009,543009,543009,543009,543009,543009,543009,543009,543009,543009,543009,543009,543009,543009,543009,543009,543009,543009,543009,543009,543009,543009,543009,543009,543009,543009,543009,543009,543009,543009,543009,543009,543009,543009,543009,543009,543009,543009,543009,543009,543009,543009,543009,543009,543009,543009,543009,543009,543013,543018,543023,543028,543034,543038,543043,543049,543054,543059,543064,543069,543074,543077,543084,543089,543094,543099,543104,543109,543115,543119,543125,543129,543134,543140,543145,543150,543155,543160,543165,543170,543175,543180,543185,543190,543195,543200,543205,543210,543215,543221,543226,543231,543236,543240,543246,543251,543256,543261,543266,543271,543276,543282,543286,543292,543296,543302,543307,543312,543317,543321,543327,543330,,,,,,,,,,,,,,,,,,,,,,,
CWP1F7:KWH,(                ),,539581,539586,539592,539597,539602,539607,539612,539617,539622,539627,539632,539638,539642,539642,539642,539642,539642,539642,539642,539642,539642,539642,539642,539642,539642,539642,539642,539642,539642,539642,539642,539642,539642,539642,539642,539642,539642,539642,539642,539642,539642,539642,539642,539642,539642,539642,539642,539642,539642,539642,539642,539642,539642,539642,539642,539642,539644,539649,539654,539659,539663,539669,539674,539679,539684,539690,539694,539699,539704,539709,539712,539719,539725,539729,539735,539740,539744,539750,539755,539760,539765,539769,539775,539780,539785,539790,539795,539800,539805,539810,539815,539820,539825,539830,539836,539840,539845,539850,539856,539861,539866,539871,539875,539881,539886,539891,539896,539901,539906,539911,539916,539921,539926,539931,539936,539941,539946,539951,539956,539961,539964,,,,,,,,,,,,,,,,,,,,,,,
CWP2F7:KWH,(                ),,272500,272500,272500,272500,272500,272500,272500,272500,272500,272500,272500,272500,272500,272500,272500,272500,272500,272500,272500,272500,272500,272500,272500,272500,272500,272500,272500,272500,272500,272500,272500,272500,272500,272500,272500,272500,272500,272500,272500,272500,272500,272500,272500,272500,272500,272500,272500,272500,272500,272500,272500,272500,272500,272500,272500,272500,272500,272500,272500,272500,272500,272500,272500,272500,272500,272500,272500,272500,272500,272500,272500,272500,272500,272500,272500,272500,272500,272500,272500,272500,272500,272500,272500,272500,272500,272500,272500,272500,272500,272500,272500,272500,272500,272500,272500,272500,272500,272500,272500,272500,272500,272500,272500,272500,272500,272500,272500,272500,272500,272500,272500,272500,272500,272500,272500,272500,272500,272500,272500,272500,272500,,,,,,,,,,,,,,,,,,,,,,,
CWP3F7:KWH,(                ),,147546,147546,147546,147546,147546,147546,147546,147546,147546,147546,147546,147546,147546,147546,147546,147546,147546,147546,147546,147546,147546,147546,147546,147546,147546,147546,147546,147546,147546,147546,147546,147546,147546,147546,147546,147546,147546,147546,147546,147546,147546,147546,147546,147546,147546,147546,147546,147546,147546,147546,147546,147546,147546,147546,147546,147546,147546,147546,147546,147546,147546,147546,147546,147546,147546,147546,147546,147546,147546,147546,147546,147546,147546,147546,147546,147546,147546,147546,147546,147546,147546,147546,147546,147546,147546,147546,147546,147546,147546,147546,147546,147546,147546,147546,147546,147546,147546,147546,147546,147546,147546,147546,147546,147546,147546,147546,147546,147546,147546,147546,147546,147546,147546,147546,147546,147546,147546,147546,147546,147546,147546,,,,,,,,,,,,,,,,,,,,,,,
CWP4F7:KWH,(                ),,578997,578997,578997,578997,578997,578997,578997,578997,578997,578997,578997,578997,578997,578997,578997,578997,578997,578997,578997,578997,578997,578997,578997,578997,578997,578997,578997,578997,578997,578997,578997,578997,578997,578997,578997,578997,578997,578997,578997,578997,578997,578997,578997,578999,579003,579009,579014,579018,579024,579027,579033,579038,579043,579048,579053,579058,579063,579068,579072,579077,579082,579087,579092,579097,579102,579107,579112,579117,579122,579126,579129,579136,579141,579146,579151,579156,579160,579166,579170,579176,579180,579184,579190,579195,579200,579205,579210,579215,579220,579224,579229,579234,579239,579244,579249,579254,579259,579263,579269,579274,579278,579283,579287,579293,579298,579303,579308,579313,579317,579322,579327,579332,579337,579342,579347,579352,579357,579361,579366,579371,579374,,,,,,,,,,,,,,,,,,,,,,,
CWP5F7:KWH,(                ),,639655,639655,639655,639655,639655,639655,639655,639655,639655,639655,639655,639655,639655,639655,639655,639655,639655,639655,639655,639655,639655,639655,639655,639655,639655,639655,639655,639655,639655,639655,639655,639655,639655,639655,639655,639655,639655,639655,639655,639655,639655,639655,639655,639655,639655,639655,639655,639655,639655,639655,639655,639655,639655,639655,639655,639655,639655,639660,639666,639671,639677,639683,639689,639695,639701,639707,639713,639718,639725,639730,639733,639742,639748,639753,639759,639765,639771,639777,639783,639789,639794,639800,639806,639812,639818,639824,639830,639836,639842,639847,639853,639859,639865,639871,639877,639882,639888,639893,639900,639906,639912,639918,639922,639930,639935,639941,639947,639953,639959,639965,639970,639976,639982,639987,639994,640000,640006,640011,640016,640023,640026,,,,,,,,,,,,,,,,,,,,,,,
CT1-1.KWH,(度數            ),kW h,11254,11254,11254,11254,11255,11255,11255,11255,11255,11255,11255,11256,11258,11258,11258,11258,11258,11258,11258,11258,11258,11258,11258,11258,11258,11258,11258,11258,11258,11258,11258,11258,11258,11258,11258,11258,11258,11258,11258,11258,11258,11258,11258,11258,11258,11258,11258,11258,11258,11258,11258,11258,11258,11258,11258,11258,11258,11258,11259,11260,11261,11262,11263,11265,11266,11267,11268,11269,11270,11271,11272,11274,11275,11276,11277,11278,11279,11280,11282,11283,11284,11285,11286,11287,11288,11290,11291,11292,11293,11294,11295,11296,11298,11299,11300,11301,11302,11303,11304,11306,11307,11308,11309,11310,11311,11312,11313,11315,11316,11317,11318,11319,11320,11322,11323,11324,11325,11326,11327,11328,11329,,,,,,,,,,,,,,,,,,,,,,,
CT1-1:KW,(                ),kW,6.2,1.3,1.2,1.2,0.0,0.0,0.0,0.0,1.3,0.0,6.9,6.8,7.1,0.0,0.0,0.0,0.0,0.0,0.0,0.0,0.0,0.0,0.0,0.0,0.0,0.0,0.0,0.0,0.0,0.0,0.0,0.0,0.0,0.0,0.0,0.0,0.0,0.0,0.0,0.0,0.0,0.0,0.0,0.0,0.0,0.0,0.0,0.0,0.0,0.0,0.0,0.0,0.0,0.0,0.0,0.0,6.9,1.3,7.0,6.9,6.6,6.8,6.8,6.8,6.8,6.8,6.8,6.9,6.8,6.7,6.8,6.7,7.0,6.7,6.6,6.8,6.9,6.7,6.9,6.9,6.8,6.9,6.8,6.8,7.0,6.9,6.9,6.8,6.9,6.8,6.9,6.8,6.9,6.8,6.9,6.8,6.8,6.8,6.9,6.8,6.8,6.8,6.8,6.8,6.9,6.9,6.9,6.9,6.9,6.9,6.9,6.9,6.9,6.8,6.8,6.6,6.8,6.8,6.7,7.0,6.8,,,,,,,,,,,,,,,,,,,,,,,
CT1-2.KWH,(度數            ),kW h,13638,13639,13639,13639,13639,13639,13639,13639,13639,13640,13640,13641,13642,13642,13642,13642,13642,13642,13642,13642,13642,13642,13642,13642,13642,13642,13642,13642,13642,13642,13642,13642,13642,13642,13642,13642,13642,13642,13642,13642,13642,13642,13642,13642,13642,13642,13642,13642,13642,13642,13642,13642,13642,13642,13642,13642,13642,13643,13643,13644,13646,13647,13648,13649,13650,13651,13652,13653,13655,13656,13656,13658,13659,13660,13661,13662,13663,13665,13666,13667,13668,13669,13670,13671,13672,13674,13675,13676,13677,13678,13679,13680,13681,13683,13684,13685,13686,13687,13688,13689,13690,13691,13693,13694,13695,13696,13697,13698,13699,13700,13702,13703,13704,13705,13706,13707,13708,13709,13711,13712,13712,,,,,,,,,,,,,,,,,,,,,,,
CT1-2:KW,(                ),kW,6.2,1.2,1.3,1.2,0.0,0.0,0.0,0.0,1.3,0.0,6.8,6.7,6.9,0.0,0.0,0.0,0.0,0.0,0.0,0.0,0.0,0.0,0.0,0.0,0.0,0.0,0.0,0.0,0.0,0.0,0.0,0.0,0.0,0.0,0.0,0.0,0.0,0.0,0.0,0.0,0.0,0.0,0.0,0.0,0.0,0.0,0.0,0.0,0.0,0.0,0.0,0.0,0.0,0.0,0.0,0.0,6.8,1.2,6.8,6.7,6.8,6.6,6.7,6.8,6.8,6.8,6.7,6.7,6.7,6.7,6.7,6.8,6.7,6.7,6.8,6.8,6.8,6.8,6.7,6.7,6.7,6.7,6.7,6.7,6.7,6.7,6.7,6.6,6.8,6.7,6.6,6.8,6.8,6.7,6.7,6.7,6.7,6.8,6.7,6.8,6.7,6.7,6.7,6.7,6.7,6.8,6.7,6.7,6.7,6.8,6.8,6.8,6.7,6.8,6.9,6.9,6.9,6.7,6.6,6.8,6.8,,,,,,,,,,,,,,,,,,,,,,,
CT1-3.KWH,(度數            ),kW h,10951,10952,10952,10952,10952,10952,10952,10952,10953,10953,10953,10954,10955,10955,10955,10955,10955,10955,10955,10955,10955,10955,10955,10955,10955,10955,10955,10955,10955,10955,10955,10955,10955,10955,10955,10955,10955,10955,10955,10955,10955,10955,10955,10955,10955,10955,10955,10955,10955,10955,10955,10955,10955,10955,10955,10955,10956,10956,10956,10958,10959,10960,10961,10962,10963,10964,10966,10967,10968,10969,10970,10971,10972,10973,10975,10976,10977,10978,10979,10980,10981,10983,10984,10985,10986,10987,10988,10989,10990,10992,10993,10994,10995,10996,10997,10998,10999,11001,11002,11003,11004,11005,11006,11007,11009,11010,11011,11012,11013,11014,11015,11017,11018,11019,11020,11021,11022,11023,11025,11026,11026,,,,,,,,,,,,,,,,,,,,,,,
CT1-3:KW,(                ),kW,6.2,1.2,1.2,1.2,0.0,0.0,0.0,0.0,1.3,0.0,7.0,6.9,7.0,0.0,0.0,0.0,0.0,0.0,0.0,0.0,0.0,0.0,0.0,0.0,0.0,0.0,0.0,0.0,0.0,0.0,0.0,0.0,0.0,0.0,0.0,0.0,0.0,0.0,0.0,0.0,0.0,0.0,0.0,0.0,0.0,0.0,0.0,0.0,0.0,0.0,0.0,0.0,0.0,0.0,0.0,0.0,7.0,1.2,6.8,6.7,6.8,6.8,6.8,6.9,6.8,6.8,6.7,6.9,6.8,6.7,6.7,6.9,6.8,6.8,6.8,6.7,6.8,7.0,6.8,6.8,6.8,6.8,6.7,6.8,6.8,6.7,6.9,6.7,6.8,6.8,6.8,6.8,7.0,6.7,6.9,6.6,6.8,6.8,6.8,6.8,6.9,6.8,6.8,6.8,6.8,6.7,6.7,6.8,6.9,6.8,6.8,6.8,6.9,6.8,6.9,6.9,6.9,6.9,6.9,6.8,6.9,,,,,,,,,,,,,,,,,,,,,,,
CT1-4.KWH,(度數            ),kW h,13949,13949,13949,13949,13949,13949,13950,13950,13950,13950,13950,13951,13952,13953,13953,13953,13953,13953,13953,13953,13953,13953,13953,13953,13953,13953,13953,13953,13953,13953,13953,13953,13953,13953,13953,13953,13953,13953,13953,13953,13953,13953,13953,13953,13953,13953,13953,13953,13953,13953,13953,13953,13953,13953,13953,13953,13953,13953,13954,13955,13956,13957,13958,13959,13961,13962,13963,13964,13965,13966,13967,13968,13970,13971,13972,13973,13974,13975,13976,13978,13979,13980,13981,13982,13983,13984,13986,13987,13988,13989,13990,13991,13992,13993,13995,13996,13997,13998,13999,14000,14001,14003,14004,14005,14006,14007,14008,14009,14011,14012,14013,14014,14015,14016,14017,14018,14020,14021,14022,14023,14024,,,,,,,,,,,,,,,,,,,,,,,
CT1-4:KW,(                ),kW,6.2,1.3,1.3,1.3,0.0,0.0,0.0,0.0,1.3,0.0,6.9,6.9,7.0,0.0,0.0,0.0,0.0,0.0,0.0,0.0,0.0,0.0,0.0,0.0,0.0,0.0,0.0,0.0,0.0,0.0,0.0,0.0,0.0,0.0,0.0,0.0,0.0,0.0,0.0,0.0,0.0,0.0,0.0,0.0,0.0,0.0,0.0,0.0,0.0,0.0,0.0,0.0,0.0,0.0,0.0,0.0,7.0,1.3,6.9,6.8,6.8,6.9,6.9,6.8,6.8,6.8,6.8,6.8,6.8,6.7,6.8,6.9,6.9,6.9,6.9,6.8,6.8,6.9,6.7,6.7,6.9,6.8,6.8,6.8,6.6,6.8,6.8,6.8,6.9,6.8,6.8,6.7,6.8,6.7,6.8,6.8,6.8,6.7,6.8,6.9,6.8,6.8,6.8,6.8,6.9,6.7,6.8,6.8,6.8,6.9,6.9,6.9,6.7,6.9,6.6,6.7,6.9,6.8,6.9,6.9,6.9,,,,,,,,,,,,,,,,,,,,,,,
CT1-ALL.KW,(冷卻水塔系統功率),,24.7,5.0,5.1,5.0,0.0,0.0,0.0,0.0,5.1,0.0,27.6,27.4,28.1,0.0,0.0,0.0,0.0,0.0,0.0,0.0,0.0,0.0,0.0,0.0,0.0,0.0,0.0,0.0,0.0,0.0,0.0,0.0,0.0,0.0,0.0,0.0,0.0,0.0,0.0,0.0,0.0,0.0,0.0,0.0,0.0,0.0,0.0,0.0,0.0,0.0,0.0,0.0,0.0,0.0,0.0,0.0,27.7,5.0,27.5,27.2,27.0,27.2,27.2,27.3,27.2,27.2,27.0,27.2,27.1,26.8,27.0,27.2,27.4,27.1,27.2,27.1,27.3,27.4,27.2,27.2,27.3,27.2,26.9,27.1,27.1,27.2,27.3,27.0,27.4,27.1,27.1,27.1,27.4,27.0,27.2,26.8,27.2,27.1,27.2,27.3,27.2,27.1,27.1,27.1,27.4,27.2,27.1,27.2,27.4,27.4,27.4,27.4,27.4,27.2,27.2,27.2,27.6,27.3,27.1,27.6,27.4,,,,,,,,,,,,,,,,,,,,,,,
CT1-ALL.KWH,(度數            ),kW h,49794,49795,49796,49796,49797,49797,49797,49798,49798,49799,49800,49804,49809,49809,49809,49809,49809,49809,49809,49809,49809,49809,49809,49809,49809,49809,49809,49809,49809,49809,49809,49809,49809,49809,49809,49809,49809,49809,49809,49809,49809,49809,49809,49809,49809,49809,49809,49809,49809,49809,49809,49809,49809,49809,49809,49809,49810,49812,49814,49818,49823,49827,49832,49837,49841,49845,49850,49855,49859,49864,49866,49873,49877,49882,49886,49891,49895,49900,49904,49909,49913,49918,49922,49927,49932,49936,49941,49945,49950,49954,49959,49963,49968,49972,49977,49981,49986,49990,49995,49999,50004,50009,50013,50018,50022,50027,50031,50036,50040,50045,50049,50054,50058,50063,50068,50072,50077,50081,50086,50090,50093,,,,,,,,,,,,,,,,,,,,,,,
CT2-1.KWH,(度數            ),kW h,11746,11746,11746,11746,11746,11746,11746,11746,11746,11746,11746,11746,11746,11746,11746,11746,11746,11746,11746,11746,11746,11746,11746,11746,11746,11746,11746,11746,11746,11746,11746,11746,11746,11746,11746,11746,11746,11746,11746,11746,11746,11746,11746,11746,11746,11746,11746,11746,11746,11746,11746,11746,11746,11746,11746,11746,11746,11746,11746,11746,11746,11746,11746,11746,11746,11746,11746,11746,11746,11746,11746,11746,11746,11746,11746,11746,11746,11746,11746,11746,11746,11746,11746,11746,11746,11746,11746,11746,11746,11746,11746,11746,11746,11746,11746,11746,11746,11746,11746,11746,11746,11746,11746,11746,11746,11746,11746,11746,11746,11746,11746,11746,11746,11746,11746,11746,11746,11746,11746,11746,11746,,,,,,,,,,,,,,,,,,,,,,,
CT2-1:KW,(                ),kW,0.0,0.0,0.0,0.0,0.0,0.0,0.0,0.0,0.0,0.0,0.0,0.0,0.0,0.0,0.0,0.0,0.0,0.0,0.0,0.0,0.0,0.0,0.0,0.0,0.0,0.0,0.0,0.0,0.0,0.0,0.0,0.0,0.0,0.0,0.0,0.0,0.0,0.0,0.0,0.0,0.0,0.0,0.0,0.0,0.0,0.0,0.0,0.0,0.0,0.0,0.0,0.0,0.0,0.0,0.0,0.0,0.0,0.0,0.0,0.0,0.0,0.0,0.0,0.0,0.0,0.0,0.0,0.0,0.0,0.0,0.0,0.0,0.0,0.0,0.0,0.0,0.0,0.0,0.0,0.0,0.0,0.0,0.0,0.0,0.0,0.0,0.0,0.0,0.0,0.0,0.0,0.0,0.0,0.0,0.0,0.0,0.0,0.0,0.0,0.0,0.0,0.0,0.0,0.0,0.0,0.0,0.0,0.0,0.0,0.0,0.0,0.0,0.0,0.0,0.0,0.0,0.0,0.0,0.0,0.0,0.0,,,,,,,,,,,,,,,,,,,,,,,
CT2-2.KWH,(度數            ),kW h,11419,11419,11419,11419,11419,11419,11419,11419,11419,11419,11419,11419,11419,11419,11419,11419,11419,11419,11419,11419,11419,11419,11419,11419,11419,11419,11419,11419,11419,11419,11419,11419,11419,11419,11419,11419,11419,11419,11419,11419,11419,11419,11419,11419,11419,11419,11419,11419,11419,11419,11419,11419,11419,11419,11419,11419,11419,11419,11419,11419,11419,11419,11419,11419,11419,11419,11419,11419,11419,11419,11419,11419,11419,11419,11419,11419,11419,11419,11419,11419,11419,11419,11419,11419,11419,11419,11419,11419,11419,11419,11419,11419,11419,11419,11419,11419,11419,11419,11419,11419,11419,11419,11419,11419,11419,11419,11419,11419,11419,11419,11419,11419,11419,11419,11419,11419,11419,11419,11419,11419,11419,,,,,,,,,,,,,,,,,,,,,,,
CT2-2:KW,(                ),kW,0.0,0.0,0.0,0.0,0.0,0.0,0.0,0.0,0.0,0.0,0.0,0.0,0.0,0.0,0.0,0.0,0.0,0.0,0.0,0.0,0.0,0.0,0.0,0.0,0.0,0.0,0.0,0.0,0.0,0.0,0.0,0.0,0.0,0.0,0.0,0.0,0.0,0.0,0.0,0.0,0.0,0.0,0.0,0.0,0.0,0.0,0.0,0.0,0.0,0.0,0.0,0.0,0.0,0.0,0.0,0.0,0.0,0.0,0.0,0.0,0.0,0.0,0.0,0.0,0.0,0.0,0.0,0.0,0.0,0.0,0.0,0.0,0.0,0.0,0.0,0.0,0.0,0.0,0.0,0.0,0.0,0.0,0.0,0.0,0.0,0.0,0.0,0.0,0.0,0.0,0.0,0.0,0.0,0.0,0.0,0.0,0.0,0.0,0.0,0.0,0.0,0.0,0.0,0.0,0.0,0.0,0.0,0.0,0.0,0.0,0.0,0.0,0.0,0.0,0.0,0.0,0.0,0.0,0.0,0.0,0.0,,,,,,,,,,,,,,,,,,,,,,,
CT2-3.KWH,(度數            ),kW h,11236,11236,11236,11236,11236,11236,11236,11236,11236,11236,11236,11236,11236,11236,11236,11236,11236,11236,11236,11236,11236,11236,11236,11236,11236,11236,11236,11236,11236,11236,11236,11236,11236,11236,11236,11236,11236,11236,11236,11236,11236,11236,11236,11236,11236,11236,11236,11236,11236,11236,11236,11236,11236,11236,11236,11236,11236,11236,11236,11236,11236,11236,11236,11236,11236,11236,11236,11236,11236,11236,11236,11236,11236,11236,11236,11236,11236,11236,11236,11236,11236,11236,11236,11236,11236,11236,11236,11236,11236,11236,11236,11236,11236,11236,11236,11236,11236,11236,11236,11236,11236,11236,11236,11236,11236,11236,11236,11236,11236,11236,11236,11236,11236,11236,11236,11236,11236,11236,11236,11236,11236,,,,,,,,,,,,,,,,,,,,,,,
CT2-3:KW,(                ),kW,0.0,0.0,0.0,0.0,0.0,0.0,0.0,0.0,0.0,0.0,0.0,0.0,0.0,0.0,0.0,0.0,0.0,0.0,0.0,0.0,0.0,0.0,0.0,0.0,0.0,0.0,0.0,0.0,0.0,0.0,0.0,0.0,0.0,0.0,0.0,0.0,0.0,0.0,0.0,0.0,0.0,0.0,0.0,0.0,0.0,0.0,0.0,0.0,0.0,0.0,0.0,0.0,0.0,0.0,0.0,0.0,0.0,0.0,0.0,0.0,0.0,0.0,0.0,0.0,0.0,0.0,0.0,0.0,0.0,0.0,0.0,0.0,0.0,0.0,0.0,0.0,0.0,0.0,0.0,0.0,0.0,0.0,0.0,0.0,0.0,0.0,0.0,0.0,0.0,0.0,0.0,0.0,0.0,0.0,0.0,0.0,0.0,0.0,0.0,0.0,0.0,0.0,0.0,0.0,0.0,0.0,0.0,0.0,0.0,0.0,0.0,0.0,0.0,0.0,0.0,0.0,0.0,0.0,0.0,0.0,0.0,,,,,,,,,,,,,,,,,,,,,,,
CT2-4.KWH,(度數            ),kW h,11576,11576,11576,11576,11576,11576,11576,11576,11576,11576,11576,11576,11576,11576,11576,11576,11576,11576,11576,11576,11576,11576,11576,11576,11576,11576,11576,11576,11576,11576,11576,11576,11576,11576,11576,11576,11576,11576,11576,11576,11576,11576,11576,11576,11576,11576,11576,11576,11576,11576,11576,11576,11576,11576,11576,11576,11576,11576,11576,11576,11576,11576,11576,11576,11576,11576,11576,11576,11576,11576,11576,11576,11576,11576,11576,11576,11576,11576,11576,11576,11576,11576,11576,11576,11576,11576,11576,11576,11576,11576,11576,11576,11576,11576,11576,11576,11576,11576,11576,11576,11576,11576,11576,11576,11576,11576,11576,11576,11576,11576,11576,11576,11576,11576,11576,11576,11576,11576,11576,11576,11576,,,,,,,,,,,,,,,,,,,,,,,
CT2-4:KW,(                ),kW,0.0,0.0,0.0,0.0,0.0,0.0,0.0,0.0,0.0,0.0,0.0,0.0,0.0,0.0,0.0,0.0,0.0,0.0,0.0,0.0,0.0,0.0,0.0,0.0,0.0,0.0,0.0,0.0,0.0,0.0,0.0,0.0,0.0,0.0,0.0,0.0,0.0,0.0,0.0,0.0,0.0,0.0,0.0,0.0,0.0,0.0,0.0,0.0,0.0,0.0,0.0,0.0,0.0,0.0,0.0,0.0,0.0,0.0,0.0,0.0,0.0,0.0,0.0,0.0,0.0,0.0,0.0,0.0,0.0,0.0,0.0,0.0,0.0,0.0,0.0,0.0,0.0,0.0,0.0,0.0,0.0,0.0,0.0,0.0,0.0,0.0,0.0,0.0,0.0,0.0,0.0,0.0,0.0,0.0,0.0,0.0,0.0,0.0,0.0,0.0,0.0,0.0,0.0,0.0,0.0,0.0,0.0,0.0,0.0,0.0,0.0,0.0,0.0,0.0,0.0,0.0,0.0,0.0,0.0,0.0,0.0,,,,,,,,,,,,,,,,,,,,,,,
CT2-ALL.KW,(冷卻水塔系統功率),,0.0,0.0,0.0,0.0,0.0,0.0,0.0,0.0,0.0,0.0,0.0,0.0,0.0,0.0,0.0,0.0,0.0,0.0,0.0,0.0,0.0,0.0,0.0,0.0,0.0,0.0,0.0,0.0,0.0,0.0,0.0,0.0,0.0,0.0,0.0,0.0,0.0,0.0,0.0,0.0,0.0,0.0,0.0,0.0,0.0,0.0,0.0,0.0,0.0,0.0,0.0,0.0,0.0,0.0,0.0,0.0,0.0,0.0,0.0,0.0,0.0,0.0,0.0,0.0,0.0,0.0,0.0,0.0,0.0,0.0,0.0,0.0,0.0,0.0,0.0,0.0,0.0,0.0,0.0,0.0,0.0,0.0,0.0,0.0,0.0,0.0,0.0,0.0,0.0,0.0,0.0,0.0,0.0,0.0,0.0,0.0,0.0,0.0,0.0,0.0,0.0,0.0,0.0,0.0,0.0,0.0,0.0,0.0,0.0,0.0,0.0,0.0,0.0,0.0,0.0,0.0,0.0,0.0,0.0,0.0,0.0,,,,,,,,,,,,,,,,,,,,,,,
CT2-ALL.KWH,(度數            ),kW h,45978,45978,45978,45978,45978,45978,45978,45978,45978,45978,45978,45978,45978,45978,45978,45978,45978,45978,45978,45978,45978,45978,45978,45978,45978,45978,45978,45978,45978,45978,45978,45978,45978,45978,45978,45978,45978,45978,45978,45978,45978,45978,45978,45978,45978,45978,45978,45978,45978,45978,45978,45978,45978,45978,45978,45978,45978,45978,45978,45978,45978,45978,45978,45978,45978,45978,45978,45978,45978,45978,45978,45978,45978,45978,45978,45978,45978,45978,45978,45978,45978,45978,45978,45978,45978,45978,45978,45978,45978,45978,45978,45978,45978,45978,45978,45978,45978,45978,45978,45978,45978,45978,45978,45978,45978,45978,45978,45978,45978,45978,45978,45978,45978,45978,45978,45978,45978,45978,45978,45978,45978,,,,,,,,,,,,,,,,,,,,,,,
CT3-1.KWH,(度數            ),kW h,6605,6605,6605,6605,6605,6605,6605,6605,6605,6605,6605,6605,6605,6605,6605,6605,6605,6605,6605,6605,6605,6605,6605,6605,6605,6605,6605,6605,6605,6605,6605,6605,6605,6605,6605,6605,6605,6605,6605,6605,6605,6605,6605,6605,6605,6605,6605,6605,6605,6605,6605,6605,6605,6605,6605,6605,6605,6605,6605,6605,6605,6605,6605,6605,6605,6605,6605,6605,6605,6605,6605,6605,6605,6605,6605,6605,6605,6605,6605,6605,6605,6605,6605,6605,6605,6605,6605,6605,6605,6605,6605,6605,6605,6605,6605,6605,6605,6605,6605,6605,6605,6605,6605,6605,6605,6605,6605,6605,6605,6605,6605,6605,6605,6605,6605,6605,6605,6605,6605,6605,6605,,,,,,,,,,,,,,,,,,,,,,,
CT3-1:KW,(                ),kW,0.0,0.0,0.0,0.0,0.0,0.0,0.0,0.0,0.0,0.0,0.0,0.0,0.0,0.0,0.0,0.0,0.0,0.0,0.0,0.0,0.0,0.0,0.0,0.0,0.0,0.0,0.0,0.0,0.0,0.0,0.0,0.0,0.0,0.0,0.0,0.0,0.0,0.0,0.0,0.0,0.0,0.0,0.0,0.0,0.0,0.0,0.0,0.0,0.0,0.0,0.0,0.0,0.0,0.0,0.0,0.0,0.0,0.0,0.0,0.0,0.0,0.0,0.0,0.0,0.0,0.0,0.0,0.0,0.0,0.0,0.0,0.0,0.0,0.0,0.0,0.0,0.0,0.0,0.0,0.0,0.0,0.0,0.0,0.0,0.0,0.0,0.0,0.0,0.0,0.0,0.0,0.0,0.0,0.0,0.0,0.0,0.0,0.0,0.0,0.0,0.0,0.0,0.0,0.0,0.0,0.0,0.0,0.0,0.0,0.0,0.0,0.0,0.0,0.0,0.0,0.0,0.0,0.0,0.0,0.0,0.0,,,,,,,,,,,,,,,,,,,,,,,
CT3-2.KWH,(度數            ),kW h,7411,7411,7411,7411,7411,7411,7411,7411,7411,7411,7411,7411,7411,7411,7411,7411,7411,7411,7411,7411,7411,7411,7411,7411,7411,7411,7411,7411,7411,7411,7411,7411,7411,7411,7411,7411,7411,7411,7411,7411,7411,7411,7411,7411,7411,7411,7411,7411,7411,7411,7411,7411,7411,7411,7411,7411,7411,7411,7411,7411,7411,7411,7411,7411,7411,7411,7411,7411,7411,7411,7411,7411,7411,7411,7411,7411,7411,7411,7411,7411,7411,7411,7411,7411,7411,7411,7411,7411,7411,7411,7411,7411,7411,7411,7411,7411,7411,7411,7411,7411,7411,7411,7411,7411,7411,7411,7411,7411,7411,7411,7411,7411,7411,7411,7411,7411,7411,7411,7411,7411,7411,,,,,,,,,,,,,,,,,,,,,,,
CT3-2:KW,(                ),kW,0.0,0.0,0.0,0.0,0.0,0.0,0.0,0.0,0.0,0.0,0.0,0.0,0.0,0.0,0.0,0.0,0.0,0.0,0.0,0.0,0.0,0.0,0.0,0.0,0.0,0.0,0.0,0.0,0.0,0.0,0.0,0.0,0.0,0.0,0.0,0.0,0.0,0.0,0.0,0.0,0.0,0.0,0.0,0.0,0.0,0.0,0.0,0.0,0.0,0.0,0.0,0.0,0.0,0.0,0.0,0.0,0.0,0.0,0.0,0.0,0.0,0.0,0.0,0.0,0.0,0.0,0.0,0.0,0.0,0.0,0.0,0.0,0.0,0.0,0.0,0.0,0.0,0.0,0.0,0.0,0.0,0.0,0.0,0.0,0.0,0.0,0.0,0.0,0.0,0.0,0.0,0.0,0.0,0.0,0.0,0.0,0.0,0.0,0.0,0.0,0.0,0.0,0.0,0.0,0.0,0.0,0.0,0.0,0.0,0.0,0.0,0.0,0.0,0.0,0.0,0.0,0.0,0.0,0.0,0.0,0.0,,,,,,,,,,,,,,,,,,,,,,,
CT3-3.KWH,(度數            ),kW h,7755,7755,7755,7755,7755,7755,7755,7755,7755,7755,7755,7755,7755,7755,7755,7755,7755,7755,7755,7755,7755,7755,7755,7755,7755,7755,7755,7755,7755,7755,7755,7755,7755,7755,7755,7755,7755,7755,7755,7755,7755,7755,7755,7755,7755,7755,7755,7755,7755,7755,7755,7755,7755,7755,7755,7755,7755,7755,7755,7755,7755,7755,7755,7755,7755,7755,7755,7755,7755,7755,7755,7755,7755,7755,7755,7755,7755,7755,7755,7755,7755,7755,7755,7755,7755,7755,7755,7755,7755,7755,7755,7755,7755,7755,7755,7755,7755,7755,7755,7755,7755,7755,7755,7755,7755,7755,7755,7755,7755,7755,7755,7755,7755,7755,7755,7755,7755,7755,7755,7755,7755,,,,,,,,,,,,,,,,,,,,,,,
CT3-3:KW,(                ),kW,0.0,0.0,0.0,0.0,0.0,0.0,0.0,0.0,0.0,0.0,0.0,0.0,0.0,0.0,0.0,0.0,0.0,0.0,0.0,0.0,0.0,0.0,0.0,0.0,0.0,0.0,0.0,0.0,0.0,0.0,0.0,0.0,0.0,0.0,0.0,0.0,0.0,0.0,0.0,0.0,0.0,0.0,0.0,0.0,0.0,0.0,0.0,0.0,0.0,0.0,0.0,0.0,0.0,0.0,0.0,0.0,0.0,0.0,0.0,0.0,0.0,0.0,0.0,0.0,0.0,0.0,0.0,0.0,0.0,0.0,0.0,0.0,0.0,0.0,0.0,0.0,0.0,0.0,0.0,0.0,0.0,0.0,0.0,0.0,0.0,0.0,0.0,0.0,0.0,0.0,0.0,0.0,0.0,0.0,0.0,0.0,0.0,0.0,0.0,0.0,0.0,0.0,0.0,0.0,0.0,0.0,0.0,0.0,0.0,0.0,0.0,0.0,0.0,0.0,0.0,0.0,0.0,0.0,0.0,0.0,0.0,,,,,,,,,,,,,,,,,,,,,,,
CT3-4.KWH,(度數            ),kW h,7813,7813,7813,7813,7813,7813,7813,7813,7813,7813,7813,7813,7813,7813,7813,7813,7813,7813,7813,7813,7813,7813,7813,7813,7813,7813,7813,7813,7813,7813,7813,7813,7813,7813,7813,7813,7813,7813,7813,7813,7813,7813,7813,7813,7813,7813,7813,7813,7813,7813,7813,7813,7813,7813,7813,7813,7813,7813,7813,7813,7813,7813,7813,7813,7813,7813,7813,7813,7813,7813,7813,7813,7813,7813,7813,7813,7813,7813,7813,7813,7813,7813,7813,7813,7813,7813,7813,7813,7813,7813,7813,7813,7813,7813,7813,7813,7813,7813,7813,7813,7813,7813,7813,7813,7813,7813,7813,7813,7813,7813,7813,7813,7813,7813,7813,7813,7813,7813,7813,7813,7813,,,,,,,,,,,,,,,,,,,,,,,
CT3-4:KW,(                ),kW,0.0,0.0,0.0,0.0,0.0,0.0,0.0,0.0,0.0,0.0,0.0,0.0,0.0,0.0,0.0,0.0,0.0,0.0,0.0,0.0,0.0,0.0,0.0,0.0,0.0,0.0,0.0,0.0,0.0,0.0,0.0,0.0,0.0,0.0,0.0,0.0,0.0,0.0,0.0,0.0,0.0,0.0,0.0,0.0,0.0,0.0,0.0,0.0,0.0,0.0,0.0,0.0,0.0,0.0,0.0,0.0,0.0,0.0,0.0,0.0,0.0,0.0,0.0,0.0,0.0,0.0,0.0,0.0,0.0,0.0,0.0,0.0,0.0,0.0,0.0,0.0,0.0,0.0,0.0,0.0,0.0,0.0,0.0,0.0,0.0,0.0,0.0,0.0,0.0,0.0,0.0,0.0,0.0,0.0,0.0,0.0,0.0,0.0,0.0,0.0,0.0,0.0,0.0,0.0,0.0,0.0,0.0,0.0,0.0,0.0,0.0,0.0,0.0,0.0,0.0,0.0,0.0,0.0,0.0,0.0,0.0,,,,,,,,,,,,,,,,,,,,,,,
CT3-ALL.KW,(冷卻水塔系統功率),,0.0,0.0,0.0,0.0,0.0,0.0,0.0,0.0,0.0,0.0,0.0,0.0,0.0,0.0,0.0,0.0,0.0,0.0,0.0,0.0,0.0,0.0,0.0,0.0,0.0,0.0,0.0,0.0,0.0,0.0,0.0,0.0,0.0,0.0,0.0,0.0,0.0,0.0,0.0,0.0,0.0,0.0,0.0,0.0,0.0,0.0,0.0,0.0,0.0,0.0,0.0,0.0,0.0,0.0,0.0,0.0,0.0,0.0,0.0,0.0,0.0,0.0,0.0,0.0,0.0,0.0,0.0,0.0,0.0,0.0,0.0,0.0,0.0,0.0,0.0,0.0,0.0,0.0,0.0,0.0,0.0,0.0,0.0,0.0,0.0,0.0,0.0,0.0,0.0,0.0,0.0,0.0,0.0,0.0,0.0,0.0,0.0,0.0,0.0,0.0,0.0,0.0,0.0,0.0,0.0,0.0,0.0,0.0,0.0,0.0,0.0,0.0,0.0,0.0,0.0,0.0,0.0,0.0,0.0,0.0,0.0,,,,,,,,,,,,,,,,,,,,,,,
CT3-ALL.KWH,(度數            ),kW h,29586,29586,29586,29586,29586,29586,29586,29586,29586,29586,29586,29586,29586,29586,29586,29586,29586,29586,29586,29586,29586,29586,29586,29586,29586,29586,29586,29586,29586,29586,29586,29586,29586,29586,29586,29586,29586,29586,29586,29586,29586,29586,29586,29586,29586,29586,29586,29586,29586,29586,29586,29586,29586,29586,29586,29586,29586,29586,29586,29586,29586,29586,29586,29586,29586,29586,29586,29586,29586,29586,29586,29586,29586,29586,29586,29586,29586,29586,29586,29586,29586,29586,29586,29586,29586,29586,29586,29586,29586,29586,29586,29586,29586,29586,29586,29586,29586,29586,29586,29586,29586,29586,29586,29586,29586,29586,29586,29586,29586,29586,29586,29586,29586,29586,29586,29586,29586,29586,29586,29586,29586,,,,,,,,,,,,,,,,,,,,,,,
CT4-1.KWH,(度數            ),kW h,13042,13042,13042,13042,13042,13042,13042,13042,13042,13042,13042,13042,13042,13042,13042,13042,13042,13042,13042,13042,13042,13042,13042,13042,13042,13042,13042,13042,13042,13042,13042,13042,13042,13042,13042,13042,13042,13042,13042,13042,13042,13042,13042,13042,13043,13043,13044,13045,13046,13048,13049,13050,13051,13052,13053,13054,13055,13056,13057,13059,13060,13061,13062,13063,13064,13065,13066,13067,13069,13070,13070,13072,13073,13074,13075,13076,13077,13078,13080,13081,13082,13083,13084,13085,13086,13087,13088,13090,13091,13092,13093,13094,13095,13096,13097,13098,13100,13101,13102,13103,13104,13105,13106,13107,13108,13110,13111,13112,13113,13114,13115,13116,13117,13118,13120,13121,13122,13123,13124,13125,13126,,,,,,,,,,,,,,,,,,,,,,,
CT4-1:KW,(                ),kW,0.0,0.0,0.0,0.0,0.0,0.0,0.0,0.0,0.0,0.0,0.0,0.0,0.0,0.0,0.0,0.0,0.0,0.0,0.0,0.0,0.0,0.0,0.0,0.0,0.0,0.0,0.0,0.0,0.0,0.0,0.0,0.0,0.0,0.0,0.0,0.0,0.0,0.0,0.0,0.0,0.0,0.0,0.0,5.3,1.2,6.8,6.6,6.7,6.6,6.8,6.6,6.7,6.6,6.6,6.7,6.8,6.7,6.6,6.6,6.8,6.7,6.6,6.6,6.7,6.8,6.6,6.7,6.7,6.6,6.8,6.5,6.6,6.4,6.5,6.4,6.6,6.6,6.7,6.6,6.8,6.6,6.6,6.5,6.5,6.8,6.8,6.6,6.7,6.7,6.6,6.8,6.7,6.6,6.5,6.7,6.7,6.6,6.7,6.7,6.7,6.7,6.8,6.7,6.8,6.8,6.7,6.7,6.6,6.7,6.6,6.7,6.6,6.7,6.6,6.7,6.7,6.7,6.7,6.7,6.8,6.7,,,,,,,,,,,,,,,,,,,,,,,
CT4-2.KWH,(度數            ),kW h,8124,8124,8124,8124,8124,8124,8124,8124,8124,8124,8124,8124,8124,8124,8124,8124,8124,8124,8124,8124,8124,8124,8124,8124,8124,8124,8124,8124,8124,8124,8124,8124,8124,8124,8124,8124,8124,8124,8124,8124,8124,8124,8124,8124,8124,8124,8125,8125,8126,8127,8127,8128,8128,8129,8129,8130,8131,8131,8132,8132,8133,8133,8134,8134,8135,8136,8136,8137,8137,8138,8138,8139,8139,8140,8141,8141,8142,8142,8143,8143,8144,8145,8145,8146,8146,8147,8147,8148,8148,8149,8150,8150,8151,8151,8152,8152,8153,8153,8154,8155,8155,8156,8156,8157,8157,8158,8158,8159,8160,8160,8161,8161,8162,8162,8163,8163,8164,8165,8165,8166,8166,,,,,,,,,,,,,,,,,,,,,,,
CT4-2:KW,(                ),kW,0.0,0.0,0.0,0.0,0.0,0.0,0.0,0.0,0.0,0.0,0.0,0.0,0.0,0.0,0.0,0.0,0.0,0.0,0.0,0.0,0.0,0.0,0.0,0.0,0.0,0.0,0.0,0.0,0.0,0.0,0.0,0.0,0.0,0.0,0.0,0.0,0.0,0.0,0.0,0.0,0.0,0.0,0.0,2.9,0.8,3.4,3.5,3.4,3.5,3.5,3.3,3.5,3.4,3.5,3.4,3.6,3.2,3.3,3.4,3.3,3.4,3.5,3.3,3.2,3.4,3.3,3.2,3.3,3.2,3.4,3.1,3.2,3.3,3.6,3.4,3.2,3.5,3.1,3.3,3.4,3.2,3.3,3.3,3.4,3.3,3.3,3.3,3.5,3.2,3.3,3.4,3.2,3.3,3.3,3.3,3.3,3.2,3.4,3.2,3.3,3.4,3.3,3.4,3.4,3.2,3.4,3.4,3.4,3.3,3.3,3.3,3.5,3.5,3.4,3.4,3.3,3.3,3.2,3.5,3.2,3.3,,,,,,,,,,,,,,,,,,,,,,,
CT4-3.KWH,(度數            ),kW h,12353,12353,12353,12353,12353,12353,12353,12353,12353,12353,12353,12353,12353,12353,12353,12353,12353,12353,12353,12353,12353,12353,12353,12353,12353,12353,12353,12353,12353,12353,12353,12353,12353,12353,12353,12353,12353,12353,12353,12353,12353,12353,12353,12353,12354,12354,12355,12356,12357,12358,12359,12360,12362,12363,12364,12365,12366,12367,12368,12369,12370,12371,12372,12373,12374,12376,12377,12378,12379,12380,12380,12382,12383,12384,12385,12386,12387,12388,12389,12391,12392,12393,12394,12395,12396,12397,12398,12399,12400,12401,12402,12403,12404,12406,12407,12408,12409,12410,12411,12412,12413,12414,12415,12416,12417,12418,12419,12421,12422,12423,12424,12425,12426,12427,12428,12429,12430,12431,12432,12433,12434,,,,,,,,,,,,,,,,,,,,,,,
CT4-3:KW,(                ),kW,0.0,0.0,0.0,0.0,0.0,0.0,0.0,0.0,0.0,0.0,0.0,0.0,0.0,0.0,0.0,0.0,0.0,0.0,0.0,0.0,0.0,0.0,0.0,0.0,0.0,0.0,0.0,0.0,0.0,0.0,0.0,0.0,0.0,0.0,0.0,0.0,0.0,0.0,0.0,0.0,0.0,0.0,0.0,5.0,1.1,6.5,6.4,6.5,6.4,6.4,6.3,6.4,6.4,6.4,6.5,6.4,6.5,6.5,6.3,6.4,6.6,6.3,6.4,6.4,6.4,6.5,6.4,6.5,6.4,6.5,6.4,6.4,6.2,6.4,6.4,6.5,6.3,6.4,6.4,6.4,6.4,6.5,6.3,6.5,6.4,6.4,6.4,6.4,6.4,6.5,6.6,6.6,6.5,6.5,6.4,6.4,6.5,6.4,6.4,6.5,6.5,6.4,6.5,6.5,6.4,6.4,6.3,6.4,6.4,6.5,6.3,6.4,6.5,6.4,6.5,6.4,6.5,6.4,6.3,6.3,6.4,,,,,,,,,,,,,,,,,,,,,,,
CT4-4.KWH,(度數            ),kW h,10422,10422,10422,10422,10422,10422,10422,10422,10422,10422,10422,10422,10422,10422,10422,10422,10422,10422,10422,10422,10422,10422,10422,10422,10422,10422,10422,10422,10422,10422,10422,10422,10422,10422,10422,10422,10422,10422,10422,10422,10422,10422,10422,10422,10422,10423,10424,10425,10426,10427,10428,10429,10431,10432,10433,10434,10435,10436,10437,10438,10439,10440,10441,10443,10444,10445,10446,10447,10448,10449,10450,10451,10452,10454,10455,10456,10457,10458,10459,10460,10461,10462,10463,10464,10466,10467,10468,10469,10470,10471,10472,10473,10474,10475,10476,10478,10479,10480,10481,10482,10483,10484,10485,10486,10487,10489,10490,10491,10492,10493,10494,10495,10496,10497,10498,10499,10501,10502,10503,10504,10504,,,,,,,,,,,,,,,,,,,,,,,
CT4-4:KW,(                ),kW,0.0,0.0,0.0,0.0,0.0,0.0,0.0,0.0,0.0,0.0,0.0,0.0,0.0,0.0,0.0,0.0,0.0,0.0,0.0,0.0,0.0,0.0,0.0,0.0,0.0,0.0,0.0,0.0,0.0,0.0,0.0,0.0,0.0,0.0,0.0,0.0,0.0,0.0,0.0,0.0,0.0,0.0,0.0,5.4,1.2,6.9,6.4,6.5,6.7,6.6,6.4,6.5,6.4,6.3,6.5,6.6,6.5,6.5,6.5,6.5,6.8,6.6,6.7,6.7,6.8,6.6,6.6,6.5,6.6,6.6,6.6,6.7,6.5,6.6,6.7,6.4,6.4,6.5,6.7,6.5,6.5,6.7,6.8,6.5,6.7,6.7,6.3,6.6,6.6,6.4,6.5,6.6,6.5,6.4,6.5,6.5,6.4,6.6,6.6,6.6,6.6,6.5,6.6,6.8,6.6,6.5,6.6,6.3,6.6,6.7,6.5,6.6,6.6,6.4,6.4,6.6,6.6,6.7,6.7,6.9,6.4,,,,,,,,,,,,,,,,,,,,,,,
CT4-ALL.KW,(冷卻水塔系統功率),,0.0,0.0,0.0,0.0,0.0,0.0,0.0,0.0,0.0,0.0,0.0,0.0,0.0,0.0,0.0,0.0,0.0,0.0,0.0,0.0,0.0,0.0,0.0,0.0,0.0,0.0,0.0,0.0,0.0,0.0,0.0,0.0,0.0,0.0,0.0,0.0,0.0,0.0,0.0,0.0,0.0,0.0,0.0,18.7,4.3,23.5,23.0,23.1,23.2,23.3,22.6,23.1,22.8,22.7,23.1,23.4,22.8,23.0,22.8,23.0,23.5,23.1,22.9,23.1,23.4,23.0,22.9,23.1,22.8,23.3,22.7,23.0,22.4,23.1,22.9,22.8,22.8,22.8,22.9,23.1,22.7,23.2,22.9,22.9,23.2,23.2,22.7,23.2,22.9,22.7,23.2,23.1,22.9,22.7,23.0,22.9,22.7,23.1,23.0,23.1,23.3,23.0,23.2,23.4,22.9,23.0,23.1,22.8,23.1,23.0,22.9,23.2,23.4,22.8,23.1,23.0,23.1,23.0,23.2,23.1,22.9,,,,,,,,,,,,,,,,,,,,,,,
CT4-ALL.KWH,(度數            ),kW h,43942,43942,43942,43942,43942,43942,43942,43942,43942,43942,43942,43942,43942,43942,43942,43942,43942,43942,43942,43942,43942,43942,43942,43942,43942,43942,43942,43942,43942,43942,43942,43942,43942,43942,43942,43942,43942,43942,43942,43942,43942,43942,43942,43943,43944,43946,43950,43954,43957,43961,43965,43969,43973,43977,43980,43984,43988,43992,43996,44000,44003,44007,44011,44015,44019,44023,44026,44030,44034,44038,44040,44046,44049,44053,44057,44061,44065,44068,44072,44076,44080,44084,44088,44092,44095,44099,44103,44107,44111,44114,44118,44122,44126,44130,44134,44138,44141,44145,44149,44153,44157,44161,44164,44168,44172,44176,44180,44184,44187,44191,44195,44199,44203,44206,44210,44214,44218,44222,44226,44230,44231,,,,,,,,,,,,,,,,,,,,,,,
CT5-1.KWH,(度數            ),kW h,14047,14047,14047,14047,14047,14047,14047,14047,14047,14047,14047,14047,14047,14047,14047,14047,14047,14047,14047,14047,14047,14047,14047,14047,14047,14047,14047,14047,14047,14047,14047,14047,14047,14047,14047,14047,14047,14047,14047,14047,14047,14047,14047,14047,14047,14047,14047,14047,14047,14047,14047,14047,14047,14047,14047,14047,14047,14048,14048,14049,14050,14051,14052,14053,14054,14055,14057,14058,14059,14060,14060,14062,14063,14064,14065,14066,14067,14068,14069,14070,14072,14073,14074,14075,14076,14077,14078,14079,14080,14081,14082,14083,14084,14086,14087,14088,14089,14090,14091,14092,14093,14094,14095,14096,14098,14099,14100,14101,14102,14103,14104,14105,14106,14107,14108,14109,14111,14112,14113,14114,14114,,,,,,,,,,,,,,,,,,,,,,,
CT5-1:KW,(                ),kW,0.0,0.0,0.0,0.0,0.0,0.0,0.0,0.0,0.0,0.0,0.0,0.0,0.0,0.0,0.0,0.0,0.0,0.0,0.0,0.0,0.0,0.0,0.0,0.0,0.0,0.0,0.0,0.0,0.0,0.0,0.0,0.0,0.0,0.0,0.0,0.0,0.0,0.0,0.0,0.0,0.0,0.0,0.0,0.0,0.0,0.0,0.0,0.0,0.0,0.0,0.0,0.0,0.0,0.0,0.0,0.0,0.0,1.2,1.2,6.7,6.6,6.7,6.4,6.7,6.4,6.5,6.3,6.6,6.4,6.5,6.5,6.4,6.4,6.5,6.2,6.6,6.5,6.4,6.5,6.4,6.3,6.5,6.3,6.5,6.6,6.5,6.5,6.6,6.6,6.4,6.5,6.5,6.4,6.4,6.5,6.5,6.6,6.7,6.5,6.4,6.3,6.7,6.4,6.6,6.6,6.7,6.6,6.5,6.5,6.5,6.5,6.5,6.4,6.4,6.4,6.5,6.7,6.4,6.6,6.4,6.6,,,,,,,,,,,,,,,,,,,,,,,
CT5-2.KWH,(度數            ),kW h,13433,13433,13433,13433,13433,13433,13433,13433,13433,13433,13433,13433,13433,13433,13433,13433,13433,13433,13433,13433,13433,13433,13433,13433,13433,13433,13433,13433,13433,13433,13433,13433,13433,13433,13433,13433,13433,13433,13433,13433,13433,13433,13433,13433,13433,13433,13433,13433,13433,13433,13433,13433,13433,13433,13433,13433,13433,13433,13434,13434,13435,13436,13437,13438,13440,13441,13442,13443,13444,13445,13445,13447,13448,13449,13450,13451,13452,13453,13454,13455,13456,13457,13458,13459,13460,13461,13462,13463,13464,13465,13466,13468,13469,13470,13471,13472,13473,13474,13475,13476,13477,13478,13479,13480,13481,13482,13483,13484,13485,13486,13487,13488,13489,13490,13491,13492,13493,13495,13496,13497,13497,,,,,,,,,,,,,,,,,,,,,,,
CT5-2:KW,(                ),kW,0.0,0.0,0.0,0.0,0.0,0.0,0.0,0.0,0.0,0.0,0.0,0.0,0.0,0.0,0.0,0.0,0.0,0.0,0.0,0.0,0.0,0.0,0.0,0.0,0.0,0.0,0.0,0.0,0.0,0.0,0.0,0.0,0.0,0.0,0.0,0.0,0.0,0.0,0.0,0.0,0.0,0.0,0.0,0.0,0.0,0.0,0.0,0.0,0.0,0.0,0.0,0.0,0.0,0.0,0.0,0.0,0.0,1.1,1.2,6.2,6.3,6.6,6.3,6.5,6.1,6.0,6.3,6.3,6.2,6.1,6.3,6.1,6.1,5.9,6.3,6.4,6.4,6.3,6.1,6.1,6.3,6.2,6.0,6.1,6.4,6.4,6.2,6.4,6.2,6.1,6.2,6.6,6.0,6.1,6.2,6.1,6.3,6.1,6.3,6.2,6.4,6.2,6.0,6.3,6.2,6.1,6.0,6.2,6.0,6.1,6.0,6.3,6.2,6.2,6.1,6.5,6.6,6.2,6.3,6.4,6.3,,,,,,,,,,,,,,,,,,,,,,,
CT5-3.KWH,(度數            ),kW h,12181,12181,12181,12181,12181,12181,12181,12181,12181,12181,12181,12181,12181,12181,12181,12181,12181,12181,12181,12181,12181,12181,12181,12181,12181,12181,12181,12181,12181,12181,12181,12181,12181,12181,12181,12181,12181,12181,12181,12181,12181,12181,12181,12181,12181,12181,12181,12181,12181,12181,12181,12181,12181,12181,12181,12181,12181,12182,12182,12183,12184,12185,12186,12187,12188,12189,12190,12191,12192,12193,12193,12195,12196,12197,12198,12199,12200,12201,12202,12203,12204,12205,12206,12207,12208,12209,12210,12211,12212,12213,12214,12215,12216,12217,12218,12219,12220,12221,12222,12223,12224,12225,12226,12227,12228,12229,12230,12231,12232,12233,12234,12235,12236,12237,12238,12239,12240,12241,12242,12243,12244,,,,,,,,,,,,,,,,,,,,,,,
CT5-3:KW,(                ),kW,0.0,0.0,0.0,0.0,0.0,0.0,0.0,0.0,0.0,0.0,0.0,0.0,0.0,0.0,0.0,0.0,0.0,0.0,0.0,0.0,0.0,0.0,0.0,0.0,0.0,0.0,0.0,0.0,0.0,0.0,0.0,0.0,0.0,0.0,0.0,0.0,0.0,0.0,0.0,0.0,0.0,0.0,0.0,0.0,0.0,0.0,0.0,0.0,0.0,0.0,0.0,0.0,0.0,0.0,0.0,0.0,0.0,1.2,1.2,6.1,5.9,6.1,6.0,6.1,6.2,6.1,6.0,6.1,6.1,6.0,6.0,6.1,6.0,6.1,5.9,6.1,6.1,6.0,6.1,6.1,6.0,6.2,5.8,6.1,6.1,5.9,6.0,6.0,6.0,5.9,6.1,6.0,6.0,6.0,6.2,5.9,6.1,6.2,6.2,6.0,6.1,5.9,6.1,6.1,6.2,6.0,6.0,6.1,6.2,6.1,6.1,6.1,6.2,6.2,6.1,5.9,5.8,6.0,5.9,6.2,6.1,,,,,,,,,,,,,,,,,,,,,,,
CT5-4.KWH,(度數            ),kW h,13574,13574,13574,13574,13574,13574,13574,13574,13574,13574,13574,13574,13574,13574,13574,13574,13574,13574,13574,13574,13574,13574,13574,13574,13574,13574,13574,13574,13574,13574,13574,13574,13574,13574,13574,13574,13574,13574,13574,13574,13574,13574,13574,13574,13574,13574,13574,13574,13574,13574,13574,13574,13574,13574,13574,13574,13574,13574,13574,13575,13576,13577,13578,13579,13580,13581,13582,13583,13584,13586,13586,13588,13589,13590,13591,13592,13593,13594,13595,13596,13597,13598,13599,13600,13601,13602,13603,13604,13606,13607,13608,13609,13610,13611,13612,13613,13614,13615,13616,13617,13618,13619,13620,13621,13622,13624,13625,13626,13627,13628,13629,13630,13631,13632,13633,13634,13635,13636,13637,13638,13639,,,,,,,,,,,,,,,,,,,,,,,
CT5-4:KW,(                ),kW,0.0,0.0,0.0,0.0,0.0,0.0,0.0,0.0,0.0,0.0,0.0,0.0,0.0,0.0,0.0,0.0,0.0,0.0,0.0,0.0,0.0,0.0,0.0,0.0,0.0,0.0,0.0,0.0,0.0,0.0,0.0,0.0,0.0,0.0,0.0,0.0,0.0,0.0,0.0,0.0,0.0,0.0,0.0,0.0,0.0,0.0,0.0,0.0,0.0,0.0,0.0,0.0,0.0,0.0,0.0,0.0,0.0,0.8,0.9,6.6,6.4,6.3,6.3,6.3,6.1,6.1,6.4,6.4,6.4,6.3,6.5,6.3,6.4,6.3,6.4,6.5,6.4,6.2,6.0,6.4,6.3,6.5,6.4,6.3,6.0,6.5,6.4,6.3,6.2,6.1,6.4,6.2,6.5,6.4,6.5,6.1,6.4,6.4,6.2,6.5,6.1,6.3,6.3,6.4,6.3,6.3,6.4,6.4,6.3,6.3,6.2,6.4,6.3,6.4,6.4,6.5,6.5,6.4,6.5,6.6,6.4,,,,,,,,,,,,,,,,,,,,,,,
CT5-ALL.KW,(冷卻水塔系統功率),,0.0,0.0,0.0,0.0,0.0,0.0,0.0,0.0,0.0,0.0,0.0,0.0,0.0,0.0,0.0,0.0,0.0,0.0,0.0,0.0,0.0,0.0,0.0,0.0,0.0,0.0,0.0,0.0,0.0,0.0,0.0,0.0,0.0,0.0,0.0,0.0,0.0,0.0,0.0,0.0,0.0,0.0,0.0,0.0,0.0,0.0,0.0,0.0,0.0,0.0,0.0,0.0,0.0,0.0,0.0,0.0,0.0,4.3,4.4,25.5,25.3,25.8,25.0,25.6,24.8,24.7,25.0,25.4,25.2,24.9,25.2,25.0,24.9,24.8,24.8,25.6,25.5,24.9,24.7,25.0,24.9,25.4,24.5,24.9,25.2,25.2,25.0,25.3,25.0,24.6,25.2,25.2,25.0,24.8,25.4,24.7,25.4,25.4,25.2,25.2,24.8,25.1,24.8,25.4,25.4,25.2,25.0,25.1,25.0,24.9,24.8,25.4,25.2,25.1,25.0,25.4,25.7,25.1,25.3,25.5,25.4,,,,,,,,,,,,,,,,,,,,,,,
CT5-ALL.KWH,(度數            ),kW h,53237,53237,53237,53237,53237,53237,53237,53237,53237,53237,53237,53237,53237,53237,53237,53237,53237,53237,53237,53237,53237,53237,53237,53237,53237,53237,53237,53237,53237,53237,53237,53237,53237,53237,53237,53237,53237,53237,53237,53237,53237,53237,53237,53237,53237,53237,53237,53237,53237,53237,53237,53237,53237,53237,53237,53237,53237,53239,53239,53242,53247,53251,53255,53259,53263,53268,53272,53276,53280,53284,53286,53293,53297,53301,53305,53309,53313,53318,53322,53326,53330,53334,53338,53343,53347,53351,53355,53359,53364,53368,53372,53376,53380,53385,53389,53393,53397,53401,53405,53410,53414,53418,53422,53426,53431,53435,53439,53443,53447,53452,53456,53460,53464,53468,53473,53477,53481,53485,53489,53494,53496,,,,,,,,,,,,,,,,,,,,,,,
CTB1-ALL.KW,(冷卻水塔系統功率),,8.2,8.2,8.2,8.2,8.2,8.2,8.2,8.2,8.2,8.2,8.2,8.2,8.2,8.2,8.2,8.2,8.2,8.2,8.2,8.2,8.2,8.2,8.2,8.2,8.2,8.2,8.2,8.2,8.2,8.2,8.2,8.2,8.2,8.2,8.2,8.2,8.2,8.2,8.2,8.2,8.2,8.2,8.2,8.2,8.2,8.2,8.2,8.2,8.2,8.2,8.2,8.2,8.2,8.2,8.2,8.2,8.2,8.2,8.2,8.2,8.2,8.2,8.2,8.2,8.2,8.2,8.2,8.2,8.2,8.2,8.2,8.2,8.2,8.2,8.2,8.2,8.2,8.2,8.2,8.2,8.2,8.2,8.2,8.2,8.2,8.2,8.2,8.2,8.2,8.2,8.2,8.2,8.2,8.2,8.2,8.2,8.2,8.2,8.2,8.2,8.2,8.2,8.2,8.2,8.2,8.2,8.2,8.2,8.2,8.2,8.2,8.2,8.2,8.2,8.2,8.2,8.2,8.2,8.2,8.2,8.2,,,,,,,,,,,,,,,,,,,,,,,
ZP1F7:KW,(                ),kW,0.0,0.0,0.0,0.0,0.0,0.0,0.0,0.0,0.0,0.0,0.0,0.0,0.0,0.0,0.0,0.0,0.0,0.0,0.0,0.0,0.0,0.0,0.0,0.0,0.0,0.0,0.0,0.0,0.0,0.0,0.0,0.0,0.0,0.0,0.0,0.0,0.0,0.0,0.0,0.0,0.0,0.0,0.0,0.0,0.0,0.0,0.0,0.0,0.0,0.0,0.0,8.2,5.8,0.0,0.0,0.0,0.0,0.0,0.0,0.0,0.0,0.0,0.0,0.0,0.0,0.0,0.0,0.0,0.0,0.0,0.0,0.0,0.0,0.0,0.0,0.0,0.0,0.0,0.0,0.0,0.0,0.0,0.0,0.0,0.0,0.0,0.0,0.0,0.0,0.0,0.0,0.0,0.0,0.0,0.0,0.0,0.0,0.0,0.0,0.0,0.0,0.0,0.0,0.0,0.0,0.0,0.0,0.0,0.0,0.0,0.0,0.0,0.0,0.0,0.0,0.0,0.0,0.0,0.0,0.0,0.0,,,,,,,,,,,,,,,,,,,,,,,
ZP1F7:KWH,(                ),,593293,593293,593293,593293,593293,593293,593293,593293,593293,593293,593293,593293,593293,593293,593293,593293,593293,593293,593293,593293,593293,593293,593293,593293,593293,593293,593293,593293,593293,593293,593293,593293,593293,593293,593293,593293,593293,593293,593293,593293,593293,593293,593293,593293,593293,593293,593293,593293,593293,593293,593293,593293,593294,593295,593295,593295,593295,593295,593295,593295,593295,593295,593295,593295,593295,593295,593295,593295,593295,593295,593295,593295,593295,593295,593295,593295,593295,593295,593295,593295,593295,593295,593295,593295,593295,593295,593295,593295,593295,593295,593295,593295,593295,593295,593295,593295,593295,593295,593295,593295,593295,593295,593295,593295,593295,593295,593295,593295,593295,593295,593295,593295,593295,593295,593295,593295,593295,593295,593295,593295,593295,,,,,,,,,,,,,,,,,,,,,,,
ZP2F7:KW,(                ),kW,0.0,0.0,0.0,0.0,0.0,0.0,0.0,0.0,0.0,0.0,0.0,0.0,0.0,0.0,0.0,0.0,0.0,0.0,0.0,0.0,0.0,0.0,0.0,0.0,0.0,0.0,0.0,0.0,0.0,0.0,0.0,0.0,0.0,0.0,0.0,0.0,0.0,0.0,0.0,0.0,0.0,0.0,0.0,0.0,0.0,0.0,0.0,0.0,0.0,0.0,0.0,8.1,5.9,7.4,6.8,7.3,7.9,8.7,8.7,8.8,16.3,12.8,9.4,8.8,8.0,7.5,8.0,8.0,8.4,8.1,8.6,8.0,8.1,7.9,8.3,8.5,8.3,7.9,8.5,7.9,8.2,7.7,8.5,8.2,8.1,8.1,8.3,8.1,8.2,8.1,8.2,8.0,8.1,8.2,8.2,7.9,8.3,8.4,8.5,7.8,8.2,7.9,8.1,8.2,8.2,8.1,8.3,8.0,8.7,8.4,8.2,8.4,8.5,8.2,8.3,8.4,8.2,8.4,7.9,8.3,8.0,,,,,,,,,,,,,,,,,,,,,,,
ZP2F7:KWH,(                ),,528575,528575,528575,528575,528575,528575,528575,528575,528575,528575,528575,528575,528575,528575,528575,528575,528575,528575,528575,528575,528575,528575,528575,528575,528575,528575,528575,528575,528575,528575,528575,528575,528575,528575,528575,528575,528575,528575,528575,528575,528575,528575,528575,528575,528575,528575,528575,528575,528575,528575,528575,528576,528577,528578,528579,528580,528581,528583,528584,528586,528588,528591,528592,528594,528595,528597,528598,528599,528601,528602,528603,528605,528606,528607,528609,528610,528611,528613,528614,528616,528617,528618,528620,528621,528622,528624,528625,528627,528628,528629,528631,528632,528633,528635,528636,528637,528639,528640,528642,528643,528644,528646,528647,528649,528650,528651,528653,528654,528655,528657,528658,528659,528661,528662,528664,528665,528666,528668,528669,528670,528671,,,,,,,,,,,,,,,,,,,,,,,
ZP3F7:KW,(                ),kW,16.2,16.4,16.2,16.2,16.3,16.2,16.2,16.2,16.3,16.3,16.2,16.3,16.3,16.3,16.2,16.3,16.1,16.2,16.3,16.2,16.0,16.1,16.3,16.3,0.0,0.0,0.0,0.0,0.0,0.0,0.0,0.0,0.0,0.0,0.0,0.0,0.0,0.0,0.0,0.0,0.0,0.0,0.0,0.0,0.0,15.8,15.9,15.9,16.1,16.0,15.9,7.9,5.6,7.2,6.7,7.1,7.8,8.6,8.6,8.7,0.0,12.5,9.3,8.8,7.8,7.5,8.0,7.8,8.2,7.9,8.4,8.1,8.0,7.8,8.2,8.3,7.9,7.9,8.3,7.9,8.0,7.7,8.3,8.1,8.0,7.9,8.1,7.9,8.0,7.8,8.1,7.8,8.1,8.0,8.1,7.9,8.1,8.2,8.5,7.8,8.2,7.8,8.0,8.1,8.1,8.2,8.1,7.8,8.6,8.2,8.1,8.3,8.2,8.2,8.2,8.2,8.0,8.3,7.8,8.3,8.0,,,,,,,,,,,,,,,,,,,,,,,
ZP3F7:KWH,(                ),,322043,322045,322048,322051,322054,322057,322059,322062,322065,322067,322070,322073,322075,322078,322081,322084,322086,322089,322092,322094,322097,322100,322103,322105,322106,322106,322106,322106,322106,322106,322106,322106,322106,322106,322106,322106,322106,322106,322106,322106,322106,322106,322106,322106,322106,322107,322110,322112,322115,322117,322120,322122,322123,322125,322126,322127,322128,322130,322131,322132,322133,322133,322135,322136,322138,322139,322140,322141,322143,322144,322145,322147,322148,322150,322151,322152,322154,322155,322156,322158,322159,322160,322162,322163,322164,322166,322167,322169,322170,322171,322172,322174,322175,322177,322178,322179,322181,322182,322183,322185,322186,322187,322188,322190,322191,322193,322194,322195,322197,322198,322199,322201,322202,322203,322205,322206,322208,322209,322210,322212,322212,,,,,,,,,,,,,,,,,,,,,,,
ZP4F7:KW,(                ),kW,0.0,0.0,0.0,0.0,0.0,0.0,0.0,0.0,0.0,0.0,0.0,0.0,0.0,0.0,0.0,0.0,0.0,0.0,0.0,0.0,0.0,0.0,0.0,0.0,0.0,0.0,0.0,0.0,0.0,0.0,0.0,0.0,0.0,0.0,0.0,0.0,0.0,0.0,0.0,0.0,0.0,0.0,0.0,0.0,0.0,0.0,0.0,0.0,0.0,0.0,0.0,0.0,0.0,0.0,0.0,0.0,0.0,0.0,0.0,0.0,10.2,7.7,0.0,0.0,0.0,0.0,0.0,0.0,0.0,0.0,0.0,0.0,0.0,0.0,0.0,0.0,0.0,0.0,0.0,0.0,0.0,0.0,0.0,0.0,0.0,0.0,0.0,0.0,0.0,0.0,0.0,0.0,0.0,0.0,0.0,0.0,0.0,0.0,0.0,0.0,0.0,0.0,0.0,0.0,0.0,0.0,0.0,0.0,0.0,0.0,0.0,0.0,0.0,0.0,0.0,0.0,0.0,0.0,0.0,0.0,0.0,,,,,,,,,,,,,,,,,,,,,,,
ZP4F7:KWH,(                ),,789809,789809,789809,789809,789809,789809,789809,789809,789809,789809,789809,789809,789809,789809,789809,789809,789809,789809,789809,789809,789809,789809,789809,789809,789809,789809,789809,789809,789809,789809,789809,789809,789809,789809,789809,789809,789809,789809,789809,789809,789809,789809,789809,789809,789809,789809,789809,789809,789809,789809,789809,789809,789809,789809,789809,789809,789809,789809,789809,789809,789810,789812,789813,789813,789813,789813,789813,789813,789813,789813,789813,789813,789813,789813,789813,789813,789813,789813,789813,789813,789813,789813,789813,789813,789813,789813,789813,789813,789813,789813,789813,789813,789813,789813,789813,789813,789813,789813,789813,789813,789813,789813,789813,789813,789813,789813,789813,789813,789813,789813,789813,789813,789813,789813,789813,789813,789813,789813,789813,789813,789813,,,,,,,,,,,,,,,,,,,,,,,
ZP5F7:KW,(                ),kW,0.0,0.0,0.0,0.0,0.0,0.0,0.0,0.0,0.0,0.0,0.0,0.0,0.0,0.0,0.0,0.0,0.0,0.0,0.0,0.0,0.0,0.0,0.0,0.0,0.0,0.0,0.0,0.0,0.0,0.0,0.0,0.0,0.0,0.0,0.0,0.0,0.0,0.0,0.0,0.0,0.0,0.0,0.0,0.0,0.0,0.0,0.0,0.0,0.0,0.0,0.0,0.0,0.0,0.0,0.0,0.0,0.0,0.0,0.0,0.0,10.4,7.6,10.9,12.2,11.9,10.8,11.0,10.9,11.2,10.6,11.0,11.2,11.3,10.7,11.2,11.3,11.2,10.8,11.3,11.3,11.1,11.1,11.0,11.0,11.1,10.8,11.2,11.0,11.2,10.9,11.3,10.7,11.0,10.8,11.2,11.1,11.3,11.1,11.4,11.1,11.3,10.9,11.3,11.0,11.3,11.5,11.1,11.0,11.2,10.9,11.1,11.3,11.3,11.3,11.0,11.1,11.1,11.0,10.7,11.2,10.8,,,,,,,,,,,,,,,,,,,,,,,
ZP5F7:KWH,(                ),,720149,720149,720149,720149,720149,720149,720149,720149,720149,720149,720149,720149,720149,720149,720149,720149,720149,720149,720149,720149,720149,720149,720149,720149,720149,720149,720149,720149,720149,720149,720149,720149,720149,720149,720149,720149,720149,720149,720149,720149,720149,720149,720149,720149,720149,720149,720149,720149,720149,720149,720149,720149,720149,720149,720149,720149,720149,720149,720149,720149,720150,720151,720153,720155,720157,720159,720160,720162,720164,720166,720167,720170,720172,720173,720175,720177,720179,720181,720183,720185,720186,720188,720190,720192,720194,720196,720198,720199,720201,720203,720205,720207,720209,720211,720213,720214,720216,720218,720220,720222,720224,720226,720227,720229,720231,720233,720235,720237,720239,720240,720242,720244,720246,720248,720250,720251,720253,720255,720257,720259,720260,,,,,,,,,,,,,,,,,,,,,,,
ZP6F7:KW,(                ),kW,18.8,18.8,18.8,18.7,18.7,18.9,18.8,18.6,18.9,19.0,18.9,18.6,18.8,18.5,18.9,18.9,18.5,18.6,18.7,18.6,18.6,18.8,18.8,18.7,18.7,18.8,18.8,18.6,18.7,18.9,18.7,18.7,18.8,18.8,18.9,18.8,18.7,18.6,18.8,18.6,18.3,18.6,18.6,18.5,18.5,18.3,18.5,18.6,18.6,18.6,18.3,18.6,18.2,18.4,18.3,18.4,18.5,18.5,18.5,18.9,10.0,7.5,10.6,12.1,11.5,10.8,10.9,10.6,11.0,10.6,11.0,11.1,11.0,10.7,11.0,11.0,11.1,10.7,11.0,11.1,11.1,10.7,11.1,11.0,10.9,10.6,11.2,10.8,11.1,10.6,11.1,10.7,10.9,10.8,11.1,10.8,11.0,11.0,11.1,10.7,11.2,10.7,11.1,10.9,11.1,11.2,11.0,10.7,10.9,10.8,10.8,10.8,10.8,11.0,10.7,10.8,10.9,10.9,10.5,11.0,10.6,,,,,,,,,,,,,,,,,,,,,,,
ZP6F7:KWH,(                ),,333659,333662,333665,333669,333672,333675,333678,333681,333684,333687,333691,333693,333696,333700,333703,333706,333709,333712,333715,333719,333722,333725,333728,333731,333734,333737,333740,333744,333746,333750,333753,333756,333759,333762,333765,333768,333772,333775,333778,333781,333784,333787,333790,333793,333796,333800,333803,333806,333809,333811,333815,333818,333821,333824,333827,333830,333833,333836,333839,333842,333845,333846,333848,333849,333851,333853,333855,333857,333859,333861,333862,333864,333866,333868,333870,333872,333873,333875,333877,333879,333881,333882,333884,333886,333888,333890,333892,333893,333895,333897,333899,333901,333902,333904,333906,333908,333910,333911,333913,333915,333917,333919,333920,333923,333924,333926,333928,333930,333932,333934,333935,333937,333939,333941,333943,333944,333946,333948,333950,333952,333953,,,,,,,,,,,,,,,,,,,,,,,
ZP7F7:KW,(                ),kW,0.0,0.0,0.0,0.0,0.0,0.0,0.0,0.0,0.0,0.0,0.0,0.0,0.0,0.0,0.0,0.0,0.0,0.0,0.0,0.0,0.0,0.0,0.0,0.0,0.0,0.0,0.0,0.0,0.0,0.0,0.0,0.0,0.0,0.0,0.0,0.0,0.0,0.0,0.0,0.0,0.0,0.0,0.0,0.0,0.0,0.0,0.0,0.0,0.0,0.0,0.0,0.0,0.0,0.0,0.0,0.0,0.0,0.0,0.0,0.0,0.0,0.0,0.0,0.0,0.0,0.0,0.0,0.0,0.0,0.0,0.0,0.0,0.0,0.0,0.0,0.0,0.0,0.0,0.0,0.0,0.0,0.0,0.0,0.0,0.0,0.0,0.0,0.0,0.0,0.0,0.0,0.0,0.0,0.0,0.0,0.0,0.0,0.0,0.0,0.0,0.0,0.0,0.0,0.0,0.0,0.0,0.0,0.0,0.0,0.0,0.0,0.0,0.0,0.0,0.0,0.0,0.0,0.0,0.0,0.0,0.0,,,,,,,,,,,,,,,,,,,,,,,
ZP7F7:KWH,(                ),,423671,423671,423671,423671,423671,423671,423671,423671,423671,423671,423671,423671,423671,423671,423671,423671,423671,423671,423671,423671,423671,423671,423671,423671,423671,423671,423671,423671,423671,423671,423671,423671,423671,423671,423671,423671,423671,423671,423671,423671,423671,423671,423671,423671,423671,423671,423671,423671,423671,423671,423671,423671,423671,423671,423671,423671,423671,423671,423671,423671,423671,423671,423671,423671,423671,423671,423671,423671,423671,423671,423671,423671,423671,423671,423671,423671,423671,423671,423671,423671,423671,423671,423671,423671,423671,423671,423671,423671,423671,423671,423671,423671,423671,423671,423671,423671,423671,423671,423671,423671,423671,423671,423671,423671,423671,423671,423671,423671,423671,423671,423671,423671,423671,423671,423671,423671,423671,423671,423671,423671,423671,,,,,,,,,,,,,,,,,,,,,,,
ZP8F7:KW,(                ),kW,0.0,0.0,0.0,0.0,0.0,0.0,0.0,0.0,0.0,0.0,0.0,0.0,0.0,0.0,0.0,0.0,0.0,0.0,0.0,0.0,0.0,0.0,0.0,0.0,0.0,0.0,0.0,0.0,0.0,0.0,0.0,0.0,0.0,0.0,0.0,0.0,0.0,0.0,0.0,0.0,0.0,0.0,0.0,0.0,0.0,0.0,0.0,0.0,0.0,0.0,0.0,0.0,8.3,6.9,5.9,6.0,6.9,8.2,8.4,8.2,15.8,8.9,11.7,15.9,9.5,8.2,15.9,10.5,8.8,7.8,15.4,10.1,8.6,8.1,15.7,10.0,8.7,8.1,15.8,10.5,8.9,8.2,15.8,10.4,8.7,8.0,16.0,10.6,8.8,8.1,15.8,10.9,8.8,8.1,15.7,10.8,9.0,8.4,15.8,10.9,8.8,8.1,14.1,12.1,9.1,8.5,15.1,13.5,9.2,8.6,11.9,15.6,9.6,8.5,12.3,15.6,10.2,8.8,8.0,15.9,10.9,,,,,,,,,,,,,,,,,,,,,,,
ZP8F7:KWH,(                ),,443739,443739,443739,443739,443739,443739,443739,443739,443739,443739,443739,443739,443739,443739,443739,443739,443739,443739,443739,443739,443739,443739,443739,443739,443739,443739,443739,443739,443739,443739,443739,443739,443739,443739,443739,443739,443739,443739,443739,443739,443739,443739,443739,443739,443739,443739,443739,443739,443739,443739,443739,443739,443741,443742,443743,443744,443745,443746,443748,443749,443751,443753,443755,443757,443759,443761,443763,443765,443767,443768,443769,443773,443774,443776,443778,443780,443782,443783,443785,443788,443789,443790,443792,443795,443796,443798,443800,443802,443804,443805,443807,443809,443811,443813,443815,443817,443819,443820,443822,443824,443826,443827,443829,443832,443833,443835,443837,443839,443841,443842,443844,443846,443848,443850,443851,443854,443856,443857,443858,443861,443862,,,,,,,,,,,,,,,,,,,,,,,
ZP9F7:KW,(                ),kW,0.0,0.0,0.0,0.0,0.0,0.0,0.0,0.0,0.0,0.0,0.0,0.0,0.0,0.0,0.0,0.0,0.0,0.0,0.0,0.0,0.0,0.0,0.0,0.0,0.0,0.0,0.0,0.0,0.0,0.0,0.0,0.0,0.0,0.0,0.0,0.0,0.0,0.0,0.0,0.0,0.0,0.0,0.0,0.0,0.0,15.5,15.7,15.5,15.6,15.6,15.5,15.6,8.2,6.7,5.7,5.9,6.7,8.1,8.1,8.2,0.0,9.0,0.0,0.0,9.3,8.1,0.0,10.3,8.5,7.8,0.0,10.1,8.5,7.8,0.0,9.8,8.5,7.8,0.0,10.4,8.5,7.9,0.0,10.2,8.6,7.8,0.0,10.5,8.6,7.9,0.0,10.9,8.7,7.9,0.0,10.5,8.8,8.2,0.0,10.6,8.6,8.0,0.0,11.9,9.0,8.4,0.0,13.3,9.0,8.5,0.0,0.3,9.4,8.4,0.0,0.0,9.9,8.6,7.9,0.0,10.8,,,,,,,,,,,,,,,,,,,,,,,
ZP9F7:KWH,(                ),,244860,244860,244860,244860,244860,244860,244860,244860,244860,244860,244860,244860,244861,244861,244861,244861,244861,244861,244861,244861,244861,244861,244861,244861,244861,244861,244861,244861,244861,244861,244861,244861,244861,244861,244861,244861,244861,244861,244861,244861,244861,244861,244861,244861,244861,244862,244864,244867,244869,244871,244874,244877,244879,244880,244881,244882,244883,244885,244886,244887,244888,244889,244890,244890,244892,244893,244893,244894,244896,244897,244897,244899,244900,244901,244902,244903,244904,244906,244906,244907,244909,244910,244910,244911,244913,244914,244915,244916,244917,244919,244919,244920,244921,244923,244923,244924,244926,244927,244928,244928,244930,244931,244932,244932,244934,244935,244936,244937,244938,244940,244941,244941,244943,244944,244945,244945,244947,244948,244949,244950,244950,,,,,,,,,,,,,,,,,,,,,,,
ZP10F7:KW,(                ),kW,0.0,0.0,0.0,0.0,0.0,0.0,0.0,0.0,0.0,0.0,0.0,0.0,0.0,0.0,0.0,0.0,0.0,0.0,0.0,0.0,0.0,0.0,0.0,0.0,0.0,0.0,0.0,0.0,0.0,0.0,0.0,0.0,0.0,0.0,0.0,0.0,0.0,0.0,0.0,0.0,0.0,0.0,0.0,0.0,0.0,0.0,0.0,0.0,0.0,0.0,0.0,0.0,0.0,0.0,0.0,0.0,0.0,0.0,0.0,0.0,0.0,0.0,0.0,0.0,0.0,0.0,0.0,0.0,0.0,0.0,0.0,0.0,0.0,0.0,0.0,0.0,0.0,0.0,0.0,0.0,0.0,0.0,0.0,0.0,0.0,0.0,0.0,0.0,0.0,0.0,0.0,0.0,0.0,0.0,0.0,0.0,0.0,0.0,0.0,0.0,0.0,0.0,0.0,0.0,0.0,0.0,0.0,0.0,0.0,0.0,0.0,0.0,0.0,0.0,0.0,0.0,0.0,0.0,0.0,0.0,0.0,,,,,,,,,,,,,,,,,,,,,,,
ZP10F7:KWH,(                ),,562516,562516,562516,562516,562516,562516,562516,562516,562516,562516,562516,562516,562516,562516,562516,562516,562516,562516,562516,562516,562516,562516,562516,562516,562516,562516,562516,562516,562516,562516,562516,562516,562516,562516,562516,562516,562516,562516,562516,562516,562516,562516,562516,562516,562516,562516,562516,562516,562516,562516,562516,562516,562516,562516,562516,562516,562516,562516,562516,562516,562516,562516,562516,562516,562516,562516,562516,562516,562516,562516,562516,562516,562516,562516,562516,562516,562516,562516,562516,562516,562516,562516,562516,562516,562516,562516,562516,562516,562516,562516,562516,562516,562516,562516,562516,562516,562516,562516,562516,562516,562516,562516,562516,562516,562516,562516,562516,562516,562516,562516,562516,562516,562516,562516,562516,562516,562516,562516,562516,562516,562516,,,,,,,,,,,,,,,,,,,,,,,
ZP11F7:KW,(                ),kW,0.0,0.0,0.0,0.0,0.0,0.0,0.0,0.0,0.0,0.0,0.0,0.0,0.0,0.0,0.0,0.0,0.0,0.0,0.0,0.0,0.0,0.0,0.0,0.0,0.0,0.0,0.0,0.0,0.0,0.0,0.0,0.0,0.0,0.0,0.0,0.0,0.0,0.0,0.0,0.0,0.0,0.0,0.0,0.0,0.0,0.0,0.0,0.0,0.0,0.0,0.0,0.0,0.0,0.0,16.1,12.5,13.4,14.6,15.3,14.9,23.1,14.2,14.1,14.3,13.7,13.0,13.4,12.9,13.4,13.2,12.9,13.3,13.4,12.7,13.2,13.0,13.5,12.8,13.2,12.9,13.4,12.7,12.9,12.8,12.9,12.9,12.9,12.9,13.2,12.9,13.4,12.8,13.3,12.6,13.2,12.6,13.0,13.0,12.9,13.0,12.9,12.4,12.8,12.4,13.1,12.7,13.3,12.3,13.1,12.8,12.8,12.8,12.8,13.0,12.9,13.4,12.8,13.3,12.6,12.8,13.1,,,,,,,,,,,,,,,,,,,,,,,
ZP11F7:KWH,(                ),,412207,412207,412207,412207,412207,412207,412207,412207,412207,412207,412207,412207,412207,412207,412207,412207,412207,412207,412207,412207,412207,412207,412207,412207,412207,412207,412207,412207,412207,412207,412207,412207,412207,412207,412207,412207,412207,412207,412207,412207,412207,412207,412207,412207,412207,412207,412207,412207,412207,412207,412207,412207,412207,412207,412208,412210,412212,412215,412217,412220,412223,412226,412228,412230,412233,412235,412237,412239,412242,412244,412245,412248,412250,412252,412255,412257,412259,412261,412263,412266,412268,412270,412272,412274,412276,412279,412281,412283,412285,412287,412289,412292,412294,412296,412298,412300,412303,412304,412307,412309,412311,412313,412315,412318,412320,412322,412324,412326,412328,412331,412333,412335,412337,412339,412341,412343,412346,412347,412349,412352,412353,,,,,,,,,,,,,,,,,,,,,,,
ZP12F7:KW,(                ),kW,0.0,0.0,0.0,0.0,0.0,0.0,0.0,0.0,0.0,0.0,0.0,29.8,0.0,0.0,0.0,0.0,0.0,0.0,0.0,0.0,0.0,0.0,0.0,0.0,0.0,0.0,0.0,0.0,0.0,0.0,0.0,0.0,0.0,0.0,0.0,1.7,29.8,29.4,29.3,29.0,28.7,28.5,28.6,28.5,28.6,28.4,28.5,28.2,28.3,28.6,28.3,28.5,28.2,28.4,15.4,12.2,13.5,14.6,15.3,15.1,0.0,14.3,14.4,14.4,13.9,13.2,13.4,13.1,13.5,13.3,13.1,13.3,13.5,12.9,13.4,13.1,13.7,13.0,13.5,13.2,13.6,12.9,13.0,13.0,13.2,13.1,13.2,13.2,13.4,13.1,13.5,13.0,13.2,12.7,13.4,12.8,13.2,13.3,13.0,13.2,13.2,12.6,12.9,12.7,13.3,13.0,13.7,12.4,13.4,12.9,13.0,13.0,13.0,13.2,13.1,13.7,13.0,13.6,12.8,13.0,13.3,,,,,,,,,,,,,,,,,,,,,,,
ZP12F7:KWH,(                ),,249946,249946,249946,249946,249946,249946,249946,249946,249946,249946,249946,249947,249948,249948,249948,249948,249948,249948,249948,249948,249948,249948,249948,249948,249948,249948,249948,249948,249948,249948,249948,249948,249948,249948,249948,249948,249953,249958,249963,249967,249972,249977,249982,249987,249991,249996,250001,250006,250011,250014,250020,250024,250029,250034,250038,250040,250042,250045,250047,250050,250050,250053,250055,250058,250060,250062,250064,250067,250069,250071,250073,250076,250078,250080,250082,250085,250087,250089,250091,250094,250096,250098,250100,250102,250104,250107,250109,250111,250113,250116,250118,250120,250122,250124,250127,250129,250131,250133,250135,250137,250140,250142,250144,250146,250149,250151,250153,250155,250157,250159,250161,250164,250166,250168,250170,250172,250175,250177,250179,250181,250182,,,,,,,,,,,,,,,,,,,,,,,
ZP13F7:KW,(                ),kW,0.0,0.0,0.0,0.0,0.0,0.0,0.0,0.0,0.0,0.0,0.0,0.0,0.0,0.0,0.0,0.0,0.0,0.0,0.0,0.0,0.0,0.0,0.0,0.0,0.0,0.0,0.0,0.0,0.0,0.0,0.0,0.0,0.0,0.0,0.0,0.0,0.0,0.0,0.0,0.0,0.0,0.0,0.0,0.0,0.0,0.0,0.0,0.0,0.0,0.0,0.0,0.0,0.0,0.0,0.0,0.0,0.0,0.0,0.0,0.0,0.0,0.0,0.0,0.0,0.0,0.0,0.0,0.0,0.0,0.0,0.0,0.0,0.0,0.0,0.0,0.0,0.0,0.0,0.0,0.0,0.0,0.0,0.0,0.0,0.0,0.0,0.0,0.0,0.0,0.0,0.0,0.0,0.0,0.0,0.0,0.0,0.0,0.0,0.0,0.0,0.0,0.0,0.0,0.0,0.0,0.0,0.0,0.0,0.0,0.0,0.0,0.0,0.0,0.0,0.0,0.0,0.0,0.0,0.0,0.0,0.0,,,,,,,,,,,,,,,,,,,,,,,
ZP13F7:KWH,(                ),,533399,533399,533399,533399,533399,533399,533399,533399,533399,533399,533399,533399,533399,533399,533399,533399,533399,533399,533399,533399,533399,533399,533399,533399,533399,533399,533399,533399,533399,533399,533399,533399,533399,533399,533399,533399,533399,533399,533399,533399,533399,533399,533399,533399,533399,533399,533399,533399,533399,533399,533399,533399,533399,533399,533399,533399,533399,533399,533399,533399,533399,533399,533399,533399,533399,533399,533399,533399,533399,533399,533399,533399,533399,533399,533399,533399,533399,533399,533399,533399,533399,533399,533399,533399,533399,533399,533399,533399,533399,533399,533399,533399,533399,533399,533399,533399,533399,533399,533399,533399,533399,533399,533399,533399,533399,533399,533399,533399,533399,533399,533399,533399,533399,533399,533399,533399,533399,533399,533399,533399,533399,,,,,,,,,,,,,,,,,,,,,,,
ZP14F7:KW,(                ),kW,0.0,0.0,0.0,0.0,0.0,0.0,0.0,0.0,0.0,0.0,0.0,0.0,0.0,0.0,0.0,0.0,0.0,0.0,0.0,0.0,0.0,0.0,0.0,0.0,0.0,0.0,0.0,0.0,0.0,0.0,0.0,0.0,0.0,0.0,0.0,0.0,0.0,0.0,0.0,0.0,0.0,0.0,0.0,0.0,0.0,0.0,0.0,0.0,0.0,0.0,0.0,0.0,0.0,0.0,13.2,9.2,8.7,11.1,11.7,11.7,21.8,15.0,12.1,15.7,21.7,19.0,12.8,11.5,21.7,19.7,13.8,15.1,21.6,17.8,12.3,16.0,21.8,15.6,12.1,14.9,21.8,18.4,12.2,15.0,21.7,17.5,12.1,11.1,21.8,17.8,12.5,11.2,21.8,19.0,12.3,11.2,21.7,21.8,12.7,11.2,21.7,19.8,12.9,11.3,20.4,21.8,13.0,11.4,19.0,21.8,14.0,11.9,19.1,21.7,13.9,12.0,17.4,21.7,15.0,12.0,11.2,,,,,,,,,,,,,,,,,,,,,,,
ZP14F7:KWH,(                ),,367534,367534,367534,367534,367534,367534,367534,367534,367534,367534,367534,367534,367534,367534,367534,367534,367534,367534,367534,367534,367534,367534,367534,367534,367534,367534,367534,367534,367534,367534,367534,367534,367534,367534,367534,367534,367534,367534,367534,367534,367534,367534,367534,367534,367534,367534,367534,367534,367534,367534,367534,367534,367534,367534,367535,367537,367538,367540,367542,367544,367546,367550,367552,367554,367557,367560,367563,367565,367568,367572,367573,367576,367580,367583,367585,367587,367590,367594,367596,367598,367601,367605,367607,367609,367612,367616,367618,367620,367623,367627,367629,367631,367634,367638,367640,367642,367645,367648,367651,367653,367656,367659,367662,367664,367667,367670,367673,367675,367677,367681,367684,367686,367688,367692,367695,367697,367699,367702,367705,367708,367709,,,,,,,,,,,,,,,,,,,,,,,
ZP15F7:KW,(                ),kW,0.0,0.0,0.0,0.0,0.0,0.0,0.0,0.0,0.0,0.0,0.0,0.0,0.0,0.0,0.0,0.0,0.0,0.0,0.0,0.0,0.0,0.0,0.0,0.0,0.0,0.0,0.0,0.0,0.0,0.0,0.0,0.0,0.0,0.0,0.0,0.0,0.0,0.0,0.0,0.0,21.7,21.6,21.3,21.4,21.1,20.9,21.0,20.8,20.8,20.9,20.9,20.1,19.0,19.0,9.3,7.8,8.2,8.3,8.6,8.6,0.0,11.1,9.0,0.0,0.0,14.2,9.6,8.5,0.0,14.6,10.4,0.0,0.0,13.3,9.1,0.0,0.0,11.7,9.0,8.1,0.0,14.0,9.2,0.0,0.0,13.1,9.1,8.2,0.0,13.4,9.4,8.2,0.0,14.2,9.2,8.2,0.0,0.0,9.5,8.2,0.0,14.7,9.7,8.2,0.0,0.0,9.8,8.4,0.0,0.0,10.5,8.8,0.0,0.0,10.4,9.0,0.0,0.0,11.2,8.9,8.2,,,,,,,,,,,,,,,,,,,,,,,
ZP15F7:KWH,(                ),,221272,221272,221272,221272,221272,221272,221272,221272,221272,221272,221272,221272,221272,221272,221272,221272,221272,221272,221272,221272,221272,221272,221272,221272,221272,221272,221272,221272,221272,221272,221272,221272,221272,221272,221272,221272,221272,221272,221272,221272,221273,221277,221281,221284,221287,221291,221295,221298,221302,221304,221308,221312,221315,221318,221321,221322,221324,221325,221327,221328,221328,221329,221331,221332,221332,221332,221335,221336,221336,221336,221338,221340,221340,221340,221342,221343,221343,221344,221345,221347,221347,221347,221349,221350,221350,221350,221352,221354,221354,221354,221356,221357,221357,221358,221359,221361,221361,221361,221363,221364,221364,221365,221366,221368,221368,221368,221370,221372,221372,221372,221373,221375,221376,221376,221377,221379,221380,221380,221381,221382,221383,,,,,,,,,,,,,,,,,,,,,,,
