變數名稱,說明,單位,00:10:00,00:20:00,00:30:00,00:40:00,00:50:00,01:00:00,01:10:00,01:20:00,01:30:00,01:40:00,01:50:00,02:00:00,02:10:00,02:20:00,02:30:00,02:40:00,02:50:00,03:00:00,03:10:00,03:20:00,03:30:00,03:40:00,03:50:00,04:00:00,04:10:00,04:20:00,04:30:00,04:40:00,04:50:00,05:00:00,05:10:00,05:20:00,05:30:00,05:40:00,05:50:00,06:00:00,06:10:00,06:20:00,06:30:00,06:40:00,06:50:00,07:00:00,07:10:00,07:20:00,07:30:00,07:40:00,07:50:00,08:00:00,08:10:00,08:20:00,08:30:00,08:40:00,08:50:00,09:00:00,09:10:00,09:20:00,09:30:00,09:40:00,09:50:00,10:00:00,10:10:00,10:20:00,10:30:00,10:40:00,10:50:00,11:00:00,11:10:00,11:20:00,11:30:00,11:40:00,11:50:00,12:00:00,12:10:00,12:20:00,12:30:00,12:40:00,12:50:00,13:00:00,13:10:00,13:20:00,13:30:00,13:40:00,13:50:00,14:00:00,14:10:00,14:20:00,14:30:00,14:40:00,14:50:00,15:00:00,15:10:00,15:20:00,15:30:00,15:40:00,15:50:00,16:00:00,16:10:00,16:20:00,16:30:00,16:40:00,16:50:00,17:00:00,17:10:00,17:20:00,17:30:00,17:40:00,17:50:00,18:00:00,18:10:00,18:20:00,18:30:00,18:40:00,18:50:00,19:00:00,19:10:00,19:20:00,19:30:00,19:40:00,19:50:00,20:00:00,20:10:00,20:20:00,20:30:00,20:40:00,20:50:00,21:00:00,21:10:00,21:20:00,21:30:00,21:40:00,21:50:00,22:00:00,22:10:00,22:20:00,22:30:00,22:40:00,22:50:00,23:00:00,23:10:00,23:20:00,23:30:00,23:40:00,23:50:00,00:00:00
7F-CH-1.ST,(CH1出水溫度     ),DEG C,14.0,14.4,14.8,15.2,15.6,15.9,16.3,16.6,16.9,17.2,17.5,17.7,18.0,18.2,18.4,18.6,18.8,19.0,19.2,19.3,19.5,19.6,19.8,19.9,20.0,20.1,20.2,20.3,20.4,20.4,20.5,20.6,20.7,20.8,20.9,20.9,21.0,21.1,21.2,21.3,21.4,21.4,21.5,21.6,21.7,21.7,21.9,22.0,21.8,21.4,21.5,20.3,20.3,15.3,14.0,13.0,12.6,11.1,9.5,8.5,8.0,8.2,8.3,8.5,9.0,9.4,9.4,9.6,9.6,9.8,9.7,9.9,10.0,10.2,10.1,10.1,10.2,10.2,10.2,10.2,10.3,10.4,10.2,10.3,10.4,10.3,10.2,10.4,10.3,10.3,10.3,10.2,10.1,10.1,10.1,10.0,10.1,10.0,10.0,9.9,9.9,9.9,9.9,9.8,9.8,9.7,9.6,9.7,9.6,9.5,9.1,9.1,9.0,8.9,8.8,8.8,8.8,8.8,8.7,8.6,8.6,8.6,8.6,8.6,8.6,8.7,8.6,9.4,9.7,9.8,9.9,9.9,8.2,7.0,7.7,,,,,,,,,
7F-CH-2.ST,(CH2出水溫度     ),DEG C,14.2,14.6,15.0,15.4,15.8,16.1,16.5,16.8,17.1,17.4,17.7,17.9,18.2,18.4,18.6,18.8,19.0,19.2,19.4,19.6,19.7,19.8,19.9,20.0,20.1,20.2,20.3,20.4,20.5,20.6,20.7,20.8,20.9,20.9,21.0,21.1,21.2,21.2,21.4,21.4,21.5,21.6,21.7,21.8,21.8,21.9,22.0,22.1,22.1,22.0,21.7,20.5,20.5,20.1,18.9,18.1,17.6,16.1,14.4,13.3,12.7,13.0,13.1,13.3,13.9,14.2,14.2,14.4,14.5,14.7,14.7,14.8,14.9,15.1,15.0,15.0,15.2,15.1,15.1,15.2,15.2,15.3,15.2,15.2,15.2,15.2,15.2,15.3,15.2,15.3,15.3,15.1,15.1,15.1,15.0,15.0,15.0,14.9,14.9,14.8,14.8,14.8,14.7,14.6,14.7,14.6,14.5,14.6,14.5,14.4,14.1,13.9,13.9,13.8,13.6,13.6,13.6,13.6,13.5,13.4,13.5,13.5,13.4,13.4,13.4,13.6,13.4,14.2,14.5,14.7,14.7,14.8,12.5,10.2,12.4,,,,,,,,,
7F-CH-3.ST,(CH3出水溫度     ),DEG C,14.1,14.5,14.9,15.3,15.7,16.0,16.4,16.7,17.0,17.3,17.6,17.8,18.1,18.3,18.6,18.8,19.0,19.1,19.3,19.5,19.6,19.7,19.9,20.0,20.1,20.2,20.3,20.4,20.5,20.5,20.6,20.7,20.8,20.9,21.0,21.0,21.1,21.2,21.3,21.4,21.5,21.5,21.6,21.7,21.8,21.8,22.0,22.1,21.9,21.7,21.6,20.4,20.4,20.1,18.9,18.0,17.5,11.8,10.3,9.2,8.7,9.0,9.1,9.3,9.8,10.2,10.1,10.3,10.4,10.6,10.5,10.7,10.8,11.0,10.9,10.9,11.0,11.0,11.0,11.0,11.1,11.2,11.0,11.1,11.1,11.0,11.0,11.2,11.1,11.1,11.1,11.0,10.9,10.9,10.8,10.7,10.9,10.7,10.7,10.7,10.6,10.6,10.6,10.5,10.4,10.4,10.3,10.4,10.3,10.2,9.8,9.7,9.7,9.6,9.6,9.5,9.5,9.5,9.4,9.4,9.4,9.4,9.4,9.3,9.3,9.5,13.4,14.1,14.5,14.6,14.6,14.7,14.6,14.6,12.4,,,,,,,,,
7F-CH-4.ST,(CH4出水溫度     ),DEG C,13.9,14.4,14.7,15.1,15.5,15.9,16.2,16.5,16.8,17.1,17.4,17.7,17.9,18.1,18.4,18.6,18.8,18.9,19.1,19.3,19.4,19.5,19.7,19.8,19.9,20.0,20.1,20.2,20.3,20.4,20.5,20.5,20.6,20.7,20.8,20.9,20.9,21.0,21.1,21.2,21.3,21.4,21.4,21.5,21.6,21.7,21.8,21.8,21.7,21.2,21.3,20.2,20.2,19.8,18.6,17.8,13.5,12.0,10.4,9.3,8.8,9.0,9.1,9.2,9.8,10.1,10.1,10.3,10.4,10.5,10.5,10.6,10.8,11.0,10.9,10.9,11.0,10.9,11.0,11.0,11.1,11.1,11.0,11.0,11.1,11.0,11.0,11.1,11.1,11.0,11.1,11.0,10.9,10.9,10.8,10.8,10.9,10.7,10.7,10.7,10.6,10.6,10.5,10.5,10.5,10.4,10.3,10.4,10.3,10.2,9.8,9.7,9.7,9.6,9.5,9.5,9.5,9.5,9.3,9.3,9.3,9.3,9.3,9.2,9.2,9.5,9.3,10.1,10.4,10.5,10.6,10.6,8.8,7.6,12.1,,,,,,,,,
7F-CH-5.ST,(CH5出水溫度     ),DEG C,14.0,14.4,14.8,15.2,15.6,15.9,16.3,16.6,16.9,17.2,17.5,17.7,18.0,18.2,18.4,18.7,18.9,19.0,19.2,19.4,19.5,19.6,19.6,19.6,19.7,19.7,19.7,19.8,19.8,19.8,19.8,19.9,19.9,19.9,19.9,20.0,20.0,20.0,20.0,20.1,20.1,20.1,20.2,20.2,20.2,20.3,20.3,20.4,20.4,20.5,21.5,20.3,20.3,19.9,18.8,18.0,17.5,16.0,14.4,13.4,12.7,12.8,13.0,13.2,13.6,13.9,14.0,14.1,14.2,14.5,14.4,14.5,14.7,14.8,14.7,14.8,14.9,14.8,14.9,15.0,15.0,15.1,15.0,14.9,15.0,15.0,14.8,14.9,15.0,15.0,14.9,14.9,14.8,14.8,14.8,14.7,14.7,14.6,14.6,14.5,14.6,14.4,14.4,14.4,14.4,14.2,14.3,14.3,14.2,14.1,13.8,13.6,13.6,13.5,13.3,13.3,13.4,13.3,13.2,13.2,13.2,13.2,13.2,13.2,13.1,13.3,13.2,13.9,14.3,14.4,14.5,14.4,14.3,14.4,12.3,,,,,,,,,
7F-CH.ST,(冰水總出水溫度  ),DEG C,13.9,14.4,14.8,15.1,15.5,15.9,16.2,16.5,16.9,17.1,17.4,17.7,17.9,18.2,18.4,18.6,18.8,19.0,19.1,19.3,19.5,19.3,19.3,19.3,19.3,19.3,19.4,19.5,19.5,19.7,19.8,19.8,19.9,20.1,20.0,20.2,20.3,20.2,20.4,20.4,20.6,20.7,20.7,20.8,20.9,21.0,21.0,21.1,21.2,21.2,21.5,20.2,20.3,18.5,17.3,16.7,15.2,12.7,11.1,10.0,9.5,9.7,9.8,9.9,10.5,10.9,10.8,11.0,11.1,11.2,11.2,11.4,11.5,11.7,11.6,11.6,11.6,11.7,11.7,11.7,11.8,11.9,11.7,11.8,11.9,11.8,11.7,11.9,11.8,11.8,11.8,11.7,11.6,11.6,11.6,11.5,11.6,11.4,11.4,11.4,11.4,11.3,11.3,11.2,11.2,11.1,11.0,11.1,11.0,11.0,10.5,10.5,10.5,10.3,10.2,10.2,10.2,10.3,10.1,10.0,10.0,10.1,10.1,9.9,10.0,10.2,10.9,11.5,11.8,11.8,12.0,12.0,8.7,7.3,10.8,,,,,,,,,
7F-CH-1.RT,(CH1回水溫度     ),,14.1,14.5,14.9,15.3,15.7,16.0,16.4,16.7,17.0,17.3,17.6,17.8,18.1,18.3,18.5,18.7,18.9,19.1,19.3,19.4,19.6,19.7,19.9,20.0,20.1,20.2,20.3,20.4,20.5,20.6,20.6,20.7,20.8,20.9,21.0,21.0,21.1,21.2,21.3,21.4,21.5,21.5,21.6,21.7,21.8,21.8,22.0,22.0,21.9,21.4,21.5,20.4,20.4,20.0,18.8,18.0,17.4,16.0,14.3,13.2,12.6,12.9,13.0,13.2,13.8,14.1,14.1,14.3,14.4,14.6,14.6,14.7,14.8,15.0,14.9,14.9,15.1,15.0,15.0,15.1,15.1,15.2,15.1,15.1,15.1,15.1,15.1,15.2,15.1,15.1,15.2,15.0,15.0,15.0,14.9,14.9,14.9,14.8,14.8,14.7,14.7,14.7,14.6,14.5,14.6,14.4,14.4,14.5,14.3,14.2,13.9,13.8,13.7,13.7,13.5,13.5,13.5,13.5,13.4,13.3,13.4,13.4,13.3,13.3,13.3,13.4,13.3,14.1,14.4,14.6,14.6,14.7,13.4,12.0,12.2,,,,,,,,,
7F-CH-2.RT,(CH2回水溫度     ),,14.3,14.7,15.1,15.5,15.8,16.2,16.5,16.9,17.2,17.5,17.7,18.0,18.2,18.5,18.7,18.9,19.1,19.3,19.4,19.6,19.7,19.8,20.0,20.1,20.2,20.3,20.4,20.5,20.6,20.7,20.8,20.8,20.9,21.0,21.1,21.2,21.3,21.3,21.4,21.5,21.6,21.7,21.7,21.8,21.9,22.0,22.1,22.2,22.1,21.6,21.5,20.5,20.5,20.1,18.9,18.1,17.5,16.1,14.4,13.3,12.8,13.0,13.2,13.3,13.9,14.2,14.2,14.4,14.5,14.7,14.7,14.8,15.0,15.2,15.0,15.0,15.2,15.1,15.1,15.2,15.3,15.3,15.2,15.2,15.2,15.2,15.2,15.3,15.3,15.2,15.3,15.1,15.1,15.1,15.0,15.0,15.0,14.9,14.9,14.8,14.8,14.8,14.7,14.6,14.7,14.6,14.5,14.6,14.5,14.3,14.0,13.9,13.8,13.8,13.6,13.6,13.6,13.6,13.5,13.5,13.5,13.5,13.4,13.4,13.4,13.6,13.4,14.2,14.5,14.7,14.7,14.8,14.6,14.6,12.3,,,,,,,,,
7F-CH-3.RT,(CH3回水溫度     ),,14.2,14.6,15.0,15.4,15.8,16.1,16.5,16.8,17.1,17.4,17.6,17.9,18.1,18.4,18.6,18.8,19.0,19.2,19.4,19.5,19.7,19.7,19.9,20.0,20.2,20.3,20.3,20.4,20.5,20.6,20.7,20.8,20.9,20.9,21.0,21.1,21.2,21.2,21.4,21.4,21.5,21.6,21.7,21.8,21.8,21.9,22.0,22.1,22.0,21.5,21.5,20.4,20.4,20.0,18.8,18.0,17.5,16.0,14.3,13.2,12.7,13.0,13.1,13.3,13.8,14.2,14.2,14.4,14.5,14.6,14.7,14.8,14.9,15.1,15.0,15.0,15.1,15.0,15.1,15.1,15.2,15.2,15.2,15.2,15.1,15.2,15.1,15.3,15.2,15.1,15.2,15.1,15.0,15.0,14.9,14.9,14.9,14.8,14.8,14.8,14.8,14.7,14.7,14.6,14.6,14.5,14.4,14.5,14.4,14.3,14.0,13.8,13.7,13.7,13.6,13.6,13.6,13.5,13.4,13.4,13.5,13.4,13.3,13.4,13.3,13.5,13.3,14.1,14.5,14.6,14.6,14.7,14.6,14.6,12.3,,,,,,,,,
7F-CH-4.RT,(CH4回水溫度     ),,14.2,14.6,15.0,15.4,15.8,16.1,16.5,16.8,17.1,17.4,17.7,17.9,18.2,18.4,18.6,18.8,19.0,19.2,19.4,19.5,19.7,19.7,20.0,20.1,20.2,20.3,20.4,20.5,20.6,20.6,20.7,20.8,20.9,21.0,21.0,21.1,21.2,21.3,21.4,21.5,21.6,21.6,21.7,21.8,21.8,22.0,22.0,22.0,21.9,21.3,21.4,20.4,20.4,20.0,18.8,18.1,17.5,16.0,14.4,13.3,12.8,13.0,13.2,13.3,13.8,14.2,14.2,14.4,14.5,14.6,14.7,14.8,14.9,15.1,15.0,15.0,15.1,15.0,15.1,15.1,15.2,15.2,15.2,15.2,15.2,15.2,15.1,15.3,15.2,15.1,15.2,15.1,15.0,15.0,14.9,14.9,14.9,14.8,14.8,14.8,14.8,14.7,14.6,14.6,14.6,14.5,14.4,14.5,14.4,14.3,14.0,13.8,13.7,13.7,13.5,13.6,13.6,13.5,13.4,13.4,13.5,13.4,13.3,13.4,13.3,13.5,13.4,14.2,14.5,14.6,14.6,14.7,13.3,11.9,12.2,,,,,,,,,
7F-CH-5.RT,(CH5回水溫度     ),,14.1,14.5,14.9,15.3,15.6,16.0,16.3,16.6,16.9,17.2,17.5,17.8,18.0,18.2,18.5,18.7,18.9,19.0,19.2,19.4,19.5,19.6,19.6,19.6,19.7,19.7,19.7,19.8,19.8,19.8,19.8,19.8,19.9,19.9,19.9,19.9,20.0,20.0,20.1,20.1,20.2,20.2,20.3,20.3,20.4,20.4,20.4,20.5,20.5,20.6,21.3,20.3,20.3,19.8,18.7,17.9,17.4,15.9,14.3,13.3,12.8,12.8,13.0,13.1,13.6,13.9,14.0,14.1,14.2,14.4,14.4,14.5,14.7,14.9,14.7,14.8,14.9,14.8,14.9,14.9,14.9,15.1,15.0,14.9,15.0,14.9,14.8,15.0,15.0,14.8,14.9,14.9,14.7,14.7,14.7,14.6,14.7,14.6,14.5,14.5,14.6,14.4,14.4,14.4,14.4,14.2,14.2,14.2,14.1,14.1,13.7,13.6,13.5,13.5,13.3,13.3,13.4,13.3,13.1,13.2,13.2,13.1,13.1,13.2,13.0,13.2,13.1,13.9,14.2,14.4,14.4,14.5,14.3,14.3,12.2,,,,,,,,,
7F-CH.RT,(冰水總回水溫度  ),DEG C,14.0,14.4,14.8,15.2,15.6,15.9,16.3,16.6,16.9,17.2,17.4,17.7,17.9,18.2,18.4,18.6,18.8,19.0,19.1,19.3,19.4,19.5,19.7,19.9,20.0,20.1,20.1,20.2,20.3,20.4,20.5,20.6,20.7,20.7,20.8,20.9,21.0,21.0,21.1,21.2,21.3,21.4,21.5,21.5,21.6,21.7,21.8,21.7,21.6,21.0,21.0,20.3,20.1,19.8,18.5,17.6,16.9,15.5,13.4,12.1,11.4,12.7,12.5,12.8,13.7,14.2,14.0,14.7,14.7,14.5,14.6,15.1,14.7,15.3,15.3,14.8,15.4,15.3,14.9,15.1,15.3,15.0,15.2,15.5,15.0,15.1,15.4,15.3,15.1,15.5,15.4,15.0,15.3,15.3,14.9,15.2,15.0,14.8,15.2,15.0,14.6,15.1,15.0,14.5,14.9,14.8,14.3,14.8,14.7,14.1,14.0,14.2,13.6,13.6,13.9,13.8,13.4,13.8,13.7,13.3,13.7,13.6,13.1,13.3,13.7,13.6,13.2,14.3,14.6,14.7,14.5,15.1,14.0,13.9,11.4,,,,,,,,,
7F-CH-1.CHDT,(冰水溫差        ),DEG C,0.0,0.0,0.0,0.0,0.0,0.0,0.0,0.0,0.0,0.0,0.0,0.0,0.0,0.0,0.0,0.0,0.0,0.0,0.0,0.0,0.0,0.0,0.0,0.0,0.0,0.0,0.0,0.0,0.0,0.0,0.0,0.0,0.0,0.0,0.0,0.0,0.0,0.0,0.0,0.0,0.0,0.0,0.0,0.0,0.0,0.0,0.0,0.0,0.0,0.0,0.0,0.1,0.1,4.7,4.8,5.0,4.8,4.8,4.7,4.7,4.7,4.7,4.7,4.7,4.8,4.7,4.7,4.7,4.8,4.8,4.9,4.8,4.8,4.8,4.8,4.8,4.9,4.8,4.8,4.9,4.8,4.8,4.9,4.8,4.7,4.8,4.8,4.8,4.8,4.8,4.8,4.8,4.9,4.8,4.8,4.8,4.8,4.8,4.8,4.8,4.8,4.7,4.8,4.8,4.8,4.8,4.8,4.8,4.8,4.7,4.8,4.7,4.7,4.7,4.7,4.7,4.7,4.7,4.7,4.7,4.8,4.7,4.7,4.8,4.7,4.7,4.7,4.7,4.7,4.8,4.7,4.7,5.2,5.1,4.6,,,,,,,,,
7F-CH-2.CHDT,(冰水溫差        ),DEG C,0.0,0.0,0.0,0.0,0.0,0.0,0.0,0.0,0.0,0.0,0.0,0.0,0.0,0.0,0.0,0.0,0.0,0.0,0.0,0.0,0.0,0.0,0.0,0.0,0.0,0.0,0.0,0.0,0.0,0.0,0.0,0.0,0.0,0.0,0.0,0.0,0.0,0.0,0.0,0.0,0.0,0.0,0.0,0.0,0.0,0.0,0.0,0.0,0.0,0.0,0.0,0.0,0.0,0.0,0.0,0.0,0.0,0.0,0.0,0.0,0.0,0.0,0.0,0.0,0.0,0.0,0.0,0.0,0.0,0.0,0.0,0.0,0.0,0.0,0.0,0.0,0.0,0.0,0.0,0.0,0.0,0.0,0.0,0.0,0.0,0.0,0.0,0.0,0.0,0.0,0.0,0.0,0.0,0.0,0.0,0.0,0.0,0.0,0.0,0.0,0.0,0.0,0.0,0.0,0.0,0.0,0.0,0.0,0.0,0.0,0.0,0.0,0.0,0.0,0.0,0.0,0.0,0.0,0.0,0.0,0.0,0.0,0.0,0.0,0.0,0.0,0.0,0.0,0.0,0.0,0.0,0.0,0.0,0.0,0.0,,,,,,,,,
7F-CH-3.CHDT,(冰水溫差        ),DEG C,0.0,0.0,0.0,0.0,0.0,0.0,0.0,0.0,0.0,0.0,0.0,0.0,0.0,0.0,0.0,0.0,0.0,0.0,0.0,0.0,0.0,0.0,0.0,0.0,0.0,0.0,0.0,0.0,0.0,0.0,0.0,0.0,0.0,0.0,0.0,0.0,0.0,0.0,0.0,0.0,0.0,0.0,0.0,0.0,0.0,0.0,0.0,0.0,0.0,0.0,0.0,0.0,0.0,0.0,0.0, -0.0, -0.0,4.2,4.1,4.0,4.0,4.0,4.0,4.0,4.0,4.0,4.0,4.0,4.1,4.1,4.1,4.1,4.1,4.1,4.1,4.1,4.2,4.1,4.1,4.1,4.1,4.1,4.2,4.1,4.0,4.1,4.1,4.1,4.1,4.0,4.1,4.1,4.2,4.1,4.1,4.2,4.1,4.1,4.1,4.1,4.1,4.1,4.1,4.1,4.2,4.1,4.1,4.2,4.1,4.1,4.1,4.1,4.0,4.1,4.0,4.0,4.1,4.0,4.0,4.0,4.1,4.0,3.9,4.1,4.0,4.0,0.0,0.0,0.0,0.0,0.0,0.0,0.0,0.0,0.0,,,,,,,,,
7F-CH-4.CHDT,(冰水溫差        ),DEG C,0.0,0.0,0.0,0.0,0.0,0.0,0.0,0.0,0.0,0.0,0.0,0.0,0.0,0.0,0.0,0.0,0.0,0.0,0.0,0.0,0.0,0.0,0.0,0.0,0.0,0.0,0.0,0.0,0.0,0.0,0.0,0.0,0.0,0.0,0.0,0.0,0.0,0.0,0.0,0.0,0.0,0.0,0.0,0.0,0.0,0.0,0.0,0.0,0.0,0.0,0.0,0.0,0.0,0.0,0.0,0.2,4.0,4.0,4.0,4.0,4.0,4.0,4.0,4.1,4.1,4.0,4.1,4.1,4.1,4.1,4.2,4.1,4.1,4.1,4.1,4.1,4.2,4.1,4.1,4.2,4.1,4.1,4.2,4.1,4.1,4.1,4.1,4.1,4.1,4.0,4.1,4.1,4.1,4.1,4.1,4.2,4.1,4.1,4.1,4.1,4.1,4.1,4.1,4.1,4.1,4.1,4.1,4.1,4.1,4.1,4.1,4.1,4.0,4.1,4.1,4.1,4.1,4.0,4.1,4.1,4.1,4.1,4.0,4.1,4.1,4.0,4.1,4.0,4.1,4.1,4.1,4.1,4.5,4.4,0.0,,,,,,,,,
7F-CH-5.CHDT,(冰水溫差        ),DEG C,0.0,0.0,0.0,0.0,0.0,0.0,0.0,0.0,0.0,0.0,0.0,0.0,0.0,0.0,0.0,0.0,0.0,0.0,0.0,0.0,0.0,0.0,0.0,0.0,0.0,0.0,0.0,0.0,0.0,0.0,0.0,0.0,0.0,0.0,0.0,0.0,0.0,0.0,0.0,0.0,0.0,0.0,0.0,0.0,0.0,0.0,0.0,0.0,0.0,0.0,0.0,0.0,0.0,0.0,0.0,0.0,0.0,0.0,0.0,0.0,0.0,0.0,0.0,0.0,0.0,0.0,0.0,0.0,0.0,0.0,0.0,0.0,0.0,0.0,0.0,0.0,0.0,0.0,0.0,0.0,0.0,0.0,0.0,0.0,0.0,0.0,0.0,0.0,0.0,0.0,0.0,0.0,0.0,0.0,0.0,0.0,0.0,0.0,0.0,0.0,0.0,0.0,0.0,0.0,0.0,0.0,0.0,0.0,0.0,0.0,0.0,0.0,0.0,0.0,0.0,0.0,0.0,0.0,0.0,0.0,0.0,0.0,0.0,0.0,0.0,0.0,0.0,0.0,0.0,0.0,0.0,0.0,0.0,0.0,0.0,,,,,,,,,
7F-CHSYS.CHDT,(冰水系統溫差    ),DEG C,0.1,0.1,0.1,0.1,0.1,0.1,0.1,0.0,0.0,0.0,0.0,0.0,0.0,0.0,0.0,0.0,0.0, -0.0, -0.0, -0.0, -0.0,0.2,0.5,0.6,0.7,0.8,0.8,0.7,0.8,0.7,0.7,0.8,0.7,0.7,0.8,0.7,0.6,0.8,0.7,0.8,0.8,0.7,0.7,0.7,0.7,0.8,0.9,0.6,0.4, -0.2, -0.5,0.0, -0.1,1.3,1.2,0.8,1.8,2.8,2.3,2.0,1.9,3.1,2.7,2.9,3.2,3.3,3.2,3.7,3.6,3.2,3.5,3.7,3.2,3.6,3.7,3.2,3.8,3.7,3.3,3.4,3.5,3.1,3.5,3.7,3.1,3.3,3.7,3.5,3.3,3.7,3.6,3.2,3.7,3.7,3.3,3.7,3.3,3.3,3.8,3.5,3.3,3.8,3.7,3.3,3.7,3.7,3.3,3.8,3.6,3.1,3.5,3.7,3.1,3.3,3.6,3.6,3.2,3.5,3.6,3.3,3.7,3.5,3.1,3.4,3.7,3.3,2.3,2.8,2.8,2.9,2.6,3.1,5.4,6.6,0.6,,,,,,,,,
7F-CH-1.FM,(CH1水流量       ),,1330,1322,1307,1299,1265,1277,1276,1276,1270,1256,1250,1254,1287,1300,1276,1315,1282,1307,1298,1283,1309,765,761,778,758,765,783,758,771,764,786,770,760,753,771,754,766,753,749,764,770,756,771,754,755,734,745,739,759,740,3317,6352,6352,6396,6402,6100,6257,6108,6110,6084,6109,6137,6070,6047,6084,6143,6085,6133,6108,6081,5956,6111,6085,6154,6123,6057,6065,6150,6021,6026,6073,6176,6039,6103,6156,6070,6116,6197,6104,6116,6165,6161,6044,6041,6153,6026,6193,6141,6126,6202,6041,6119,6150,6079,6109,6088,6091,6051,6100,6101,5992,6139,6187,5983,6082,6088,6085,6104,6074,6057,6009,6067,6151,5996,6044,6161,6114,6285,6166,6145,6155,6173,5446,5435,6248,,,,,,,,,
7F-CH-2.FM,(CH2水流量       ),,968,974,974,976,970,981,987,1004,981,984,987,984,981,990,976,978,971,990,959,990,974,21,20,20,20,20,21,20,20,20,20,20,20,20,20,20,20,20,20,20,20,20,20,20,20,20,20,20,20,20,3801,3406,3603,3749,3887,2790,3290,3112,3078,3060,3151,3062,2985,2899,3064,3314,2981,3023,2968,2929,2693,3001,2899,3117,3046,2934,2839,3006,2918,2749,3014,3154,2754,3039,3199,2937,3084,3303,2901,3099,3220,3073,2809,3024,3078,2801,3307,3003,2940,3265,2915,3064,2993,2868,2882,2992,2932,2801,2981,3117,2729,3003,3206,2742,3037,2949,2948,3089,2989,2906,2762,2960,3139,2689,2993,3242,2984,3576,3212,3074,3193,3171,21,21,3457,,,,,,,,,
7F-CH-3.FM,(CH3水流量       ),, -1, -1, -1,1, -1,1, -1, -1, -1,1, -1, -3,1, -1, -1, -1, -1, -1, -1, -1, -1, -1, -1, -1, -1, -1, -3, -1, -1, -1, -1, -1, -3,1,1, -1, -1, -1, -1, -1, -1, -1, -1, -1, -1, -1, -1, -1, -1,1,2531,2271,2320,2479,2606,4814,4910,4815,4756,4664,4724,4689,4679,4614,4718,4812,4646,4704,4764,4717,4620,4709,4689,4785,4707,4682,4685,4684,4690,4615,4717,4729,4618,4706,4809,4715,4737,4860,4734,4749,4796,4742,4629,4707,4684,4649,4815,4676,4726,4799,4676,4695,4660,4670,4668,4657,4701,4631,4684,4681,4599,4673,4714,4595,4670,4648,4667,4678,4601,4645,4565,4662,4615,4531,4682,4734,4187,2117,1923,1837,1993,1885,1,1,2024,,,,,,,,,
7F-CH-4.FM,(CH4水流量       ),,1904,1906,1857,1857,1921,1945,1946,1924,1940,1926,1973,1967,1971,2004,1985,1906,2039,1982,1946,2029,1937,1287,1232,1173,1249,1207,1209,1171,1214,1196,1234,1221,1256,1256,1243,1237,1268,1253,1174,1248,1226,1190,1204,1173,1278,1099,1248,1212,1189,1223,4146,3904,4114,4346,4381,7756,7701,7451,7398,7456,7385,7270,7265,7148,7531,7451,7395,7314,7170,7457,7143,7399,7374,7456,7326,7356,7232,7443,7399,7371,7396,7356,7134,7382,7476,7420,7492,7371,7435,7485,7321,7489,7239,7384,7407,7254,7549,7393,7234,7417,7367,7285,7274,7292,7292,7385,7343,7193,7335,7523,7246,7265,7398,7089,7226,7285,7274,7387,7179,7123,7142,7178,7339,7228,7406,7153,7498,7553,7389,7501,7509,7462,6573,6620,4189,,,,,,,,,
7F-CH-5.FM,(CH5水流量       ),,971,903,1004,1040,1040,1229,1043,864,1248,990,1145,1059,1168,948,1165,698,1187,1092,926,1207,1106,10, -3656, -3678, -3678, -3678, -3678,9,9,9,9,9,9,9,9,9,9,9,9,9,9,9,9,9,9, -3373, -1434,9,9,9,3624,1695,3399,3718,3668,1665,2981,3203,2885,2917,2918,2910,2815,2848,2914,3168,2785,2935,2942,2860,2590,2921,2745,2946,2943,2781,2710,2935,2823,2829,3051,3070,2729,2892,3193,2957,2935,3424,2920,3139,3162,2931,2667,2814,2815,2839,3176,3131,2967,3096,2940,2928,2948,2718,2845,2848,2804,2646,2982,2959,2674,2871,3178,2781,2896,2845,2798,3028,2895,2762,2792,2962,3045,2612,2915,3035,2837,3451,3070,2990,2987,3007,10,10,3307,,,,,,,,,
7F-CH.FM,(冰水總流量      ),,5774,5781,5647,5754,5630,5781,5909,5819,5737,5651,5585,5465,5915,5658,5606,5843,5788,5826,5905,5874,5812,20,20,20,13,20,13,13,13,13,13,13,13,13,13,13,13,13,13,13,13,13,13,13,13,13,13,13,13,13,20109,21515,22079,22199,22993,26073,28376,26812,26637,27486,26853,26248,26595,25901,26234,27042,26417,26296,26485,26190,25403,26344,25997,26482,26296,26396,25447,26461,26197,25640,26262,26771,25588,26341,26963,26592,26358,27039,26819,26166,27180,27011,25922,26592,26754,25908,27142,26520,25849,26699,26324,26097,26248,26032,25922,26114,26379,25822,25977,26540,25220,26066,26709,25389,26506,26238,26128,26417,26200,26276,25626,26207,26839,25035,26118,26977,26283,24598,24564,24279,24701,24217,12130,12103,20910,,,,,,,,,
7F-CW-1.ST,(CW1出水溫度     ),DEG C,25.2,25.1,25.1,25.1,25.1,25.2,25.2,25.2,25.2,25.2,25.2,25.3,25.3,25.3,25.3,25.3,25.3,25.4,25.4,25.4,25.4,25.4,25.4,25.4,25.4,25.4,25.4,25.4,25.4,25.4,25.4,25.4,25.5,25.5,25.5,25.5,25.5,25.5,25.5,25.5,25.5,25.5,25.5,25.5,25.5,25.5,25.5,25.5,25.6,25.6,25.6,24.4,23.5,32.3,33.6,33.8,33.9,34.1,34.1,34.1,34.0,33.9,34.1,34.7,34.6,34.8,34.9,34.9,35.1,35.2,35.1,35.2,35.1,35.2,35.4,35.2,35.1,35.3,35.3,35.3,35.3,35.5,35.5,35.4,35.4,35.3,35.3,35.3,35.3,35.2,35.2,35.2,35.2,35.2,35.1,35.0,35.0,35.0,35.0,35.0,34.9,34.9,34.8,34.8,34.7,34.7,34.7,34.6,34.6,34.6,34.6,34.5,34.5,34.6,34.8,34.8,34.8,34.8,34.9,34.9,34.9,34.8,34.7,34.7,34.7,34.7,34.7,34.5,34.5,34.4,34.5,34.4,34.3,34.0,33.8,,,,,,,,,
7F-CW-2.ST,(CW2出水溫度     ),DEG C,27.6,27.5,27.5,27.4,27.4,27.5,27.4,27.3,27.3,27.3,27.3,27.3,27.3,27.2,27.2,27.1,27.1,27.1,27.1,27.0,27.0,27.0,27.0,26.9,27.0,26.9,26.9,26.8,26.8,26.9,26.8,26.8,26.7,26.7,26.7,26.7,26.7,26.7,26.6,26.7,26.6,26.6,26.6,26.6,26.6,26.5,26.6,26.6,26.6,26.7,26.7,26.6,26.6,26.6,26.6,26.7,26.7,26.6,26.7,26.7,26.8,26.8,26.8,26.8,26.8,26.9,26.9,26.9,27.0,27.0,27.0,27.1,27.1,27.1,27.2,27.2,27.3,27.3,27.3,27.3,27.4,27.4,27.4,27.5,27.5,27.5,27.6,27.6,27.6,27.7,27.7,27.7,27.8,27.8,27.9,27.9,27.9,28.0,28.0,28.0,28.1,28.1,28.1,28.2,28.2,28.2,28.2,28.2,28.3,28.3,28.3,28.3,28.4,28.3,28.3,28.4,28.4,28.4,28.3,28.4,28.3,28.3,28.3,28.2,28.2,28.2,28.2,28.2,28.2,28.1,28.1,28.1,28.1,28.1,27.9,,,,,,,,,
7F-CW-3.ST,(CW3出水溫度     ),DEG C,28.5,28.5,28.5,28.5,28.5,28.5,28.5,28.4,28.4,28.4,28.4,28.4,28.4,28.4,28.4,28.4,28.4,28.4,28.4,28.4,28.3,28.3,28.3,28.3,28.3,28.3,28.3,28.3,28.3,28.3,28.3,28.2,28.2,28.2,28.2,28.2,28.2,28.2,28.2,28.2,28.1,28.1,28.1,28.1,28.1,28.1,28.1,28.1,28.1,28.1,28.1,28.1,28.0,28.0,28.0,24.9,23.4,33.8,36.0,36.1,36.0,36.2,36.4,36.8,36.9,37.0,37.0,37.2,37.4,37.5,37.4,37.5,37.5,37.4,37.7,37.4,37.5,37.6,37.6,37.6,37.6,37.6,37.7,37.6,37.7,37.6,37.7,37.8,38.0,37.8,37.7,37.7,37.4,37.7,37.4,37.3,37.2,37.4,37.5,37.5,37.5,37.6,37.5,37.3,37.3,37.4,37.2,37.3,37.3,36.8,36.8,36.7,36.7,37.0,37.1,37.1,37.0,37.1,37.0,36.9,37.0,37.1,37.1,37.0,36.9,36.7,31.1,28.5,28.6,28.6,28.6,28.7,28.7,28.7,28.7,,,,,,,,,
7F-CW-4.ST,(CW4出水溫度     ),DEG C,26.6,26.6,26.6,26.7,26.6,26.7,26.7,26.7,26.7,26.7,26.8,26.8,26.7,26.8,26.8,26.8,26.8,26.8,26.8,26.8,26.8,26.8,26.8,26.8,26.8,26.8,26.9,26.8,26.8,26.8,26.9,26.9,26.8,26.8,26.9,26.8,26.9,26.8,26.9,26.9,26.9,26.9,26.8,26.8,26.8,26.9,26.9,26.9,26.8,26.8,26.9,26.9,26.9,26.9,26.9,23.2,28.6,32.7,33.1,33.2,33.1,33.4,33.5,34.1,34.0,34.2,34.2,34.4,34.5,34.6,34.6,34.6,34.5,34.8,34.9,34.8,34.8,34.9,34.9,35.0,35.0,35.0,35.0,35.0,35.0,35.0,34.9,34.9,34.9,34.8,34.8,34.7,34.7,34.8,34.7,34.6,34.6,34.7,34.6,34.6,34.6,34.6,34.5,34.5,34.4,34.4,34.3,34.3,34.2,33.9,33.9,33.9,33.9,34.0,34.0,34.0,34.1,33.9,34.0,34.0,34.0,34.0,34.0,34.0,33.9,33.9,33.9,33.9,33.9,33.9,33.9,33.9,33.8,33.6,26.5,,,,,,,,,
7F-CW-5.ST,(CW5出水溫度     ),DEG C,30.1,30.1,30.1,30.1,30.0,30.0,30.0,29.9,29.9,29.9,29.8,29.8,29.8,29.7,29.7,29.7,29.7,29.6,29.6,29.6,29.5,29.5,29.5,29.4,29.4,29.4,29.3,29.3,29.3,29.3,29.2,29.2,29.2,29.1,29.1,29.1,29.0,29.0,29.0,29.0,28.9,28.9,28.9,28.8,28.8,28.8,28.8,28.7,28.7,28.7,28.6,28.6,28.6,28.6,28.6,28.6,28.5,28.6,28.6,28.7,28.7,28.8,28.8,28.9,28.9,29.0,29.0,29.1,29.1,29.2,29.2,29.3,29.3,29.3,29.4,29.4,29.5,29.5,29.5,29.6,29.6,29.7,29.7,29.8,29.8,29.8,29.9,29.9,30.0,30.0,30.0,30.1,30.1,30.1,30.2,30.2,30.2,30.3,30.3,30.3,30.4,30.4,30.4,30.4,30.5,30.5,30.5,30.5,30.6,30.6,30.6,30.6,30.6,30.6,30.7,30.7,30.7,30.7,30.7,30.8,30.8,30.8,30.8,30.8,30.8,30.8,30.8,30.9,30.9,30.9,30.9,30.9,30.9,30.9,30.9,,,,,,,,,
7F-CW.ST,(冷卻水總出水溫度),,0.0,0.0,0.0,0.0,0.0,0.0,0.0,0.0,0.0,0.0,0.0,0.0,0.0,0.0,0.0,0.0,0.0,0.0,0.0,0.0,0.0,0.0,0.0,0.0,0.0,0.0,0.0,0.0,0.0,0.0,0.0,0.0,0.0,0.0,0.0,0.0,0.0,0.0,0.0,0.0,0.0,0.0,0.0,0.0,0.0,0.0,0.0,0.0,0.0,0.0,0.0,24.4,23.5,32.3,33.5,27.3,28.6,33.5,34.4,34.5,34.4,34.5,34.7,35.2,35.2,35.4,35.4,35.5,35.7,35.8,35.7,35.7,35.7,35.8,36.0,35.8,35.8,35.9,35.9,35.9,36.0,36.0,36.1,36.0,36.0,36.0,35.9,36.0,36.1,35.9,35.9,35.9,35.8,35.9,35.7,35.6,35.6,35.7,35.7,35.7,35.7,35.7,35.6,35.5,35.5,35.5,35.4,35.4,35.4,35.1,35.1,35.1,35.0,35.2,35.3,35.3,35.3,35.3,35.3,35.3,35.3,35.3,35.3,35.2,35.2,35.1,33.3,34.2,34.2,34.2,34.2,34.1,34.1,33.8,33.8,,,,,,,,,
7F-CW-1.RT,(CW1回水溫度     ),,25.2,25.2,25.3,25.3,25.3,25.4,25.4,25.5,25.5,25.5,25.6,25.6,25.7,25.7,25.7,25.8,25.8,25.8,25.9,25.9,25.9,25.9,26.0,26.0,26.0,26.0,26.1,26.1,26.1,26.1,26.1,26.1,26.2,26.2,26.2,26.2,26.2,26.2,26.3,26.3,26.3,26.3,26.3,26.3,26.3,26.3,26.4,26.4,26.4,26.4,26.4,24.1,23.3,28.2,28.7,29.0,29.2,29.3,29.3,29.5,29.4,29.4,29.7,30.2,30.0,30.2,30.4,30.4,30.5,30.6,30.5,30.5,30.5,30.6,30.7,30.6,30.5,30.6,30.6,30.6,30.7,30.8,30.8,30.7,30.8,30.6,30.6,30.6,30.7,30.6,30.6,30.5,30.5,30.5,30.4,30.3,30.4,30.3,30.3,30.3,30.2,30.3,30.2,30.2,30.1,30.1,30.1,30.0,30.0,29.9,30.0,29.9,29.9,30.0,30.3,30.1,30.1,30.2,30.3,30.3,30.3,30.2,30.1,30.2,30.1,30.1,30.1,29.8,29.8,29.8,29.8,29.7,29.7,29.5,29.3,,,,,,,,,
7F-CW-2.RT,(CW2回水溫度     ),,29.9,29.9,29.9,29.8,29.8,29.8,29.8,29.8,29.8,29.7,29.7,29.7,29.7,29.7,29.7,29.6,29.6,29.6,29.6,29.6,29.6,29.5,29.5,29.5,29.5,29.5,29.5,29.4,29.4,29.4,29.4,29.4,29.4,29.3,29.3,29.3,29.3,29.3,29.3,29.2,29.2,29.2,29.2,29.2,29.2,29.1,29.1,29.1,29.1,29.1,29.1,29.0,29.0,29.0,29.0,29.0,29.0,29.0,28.9,28.9,28.9,28.9,28.9,28.9,28.9,28.9,28.9,29.0,29.0,29.0,29.0,29.0,29.0,29.1,29.1,29.1,29.1,29.1,29.2,29.2,29.2,29.2,29.2,29.3,29.3,29.3,29.3,29.4,29.4,29.4,29.4,29.5,29.5,29.5,29.5,29.5,29.6,29.6,29.6,29.6,29.7,29.7,29.7,29.7,29.7,29.8,29.8,29.8,29.8,29.8,29.9,29.9,29.9,29.9,29.9,29.9,29.9,30.0,30.0,30.0,30.0,30.0,30.0,30.0,30.1,30.1,30.1,30.1,30.1,30.1,30.1,30.1,30.1,30.1,30.1,,,,,,,,,
7F-CW-3.RT,(CW3回水溫度     ),,28.7,28.7,28.7,28.7,28.7,28.7,28.7,28.6,28.6,28.6,28.6,28.6,28.6,28.6,28.6,28.6,28.6,28.6,28.6,28.6,28.6,28.6,28.6,28.6,28.6,28.6,28.6,28.5,28.5,28.5,28.5,28.5,28.5,28.5,28.5,28.5,28.5,28.5,28.5,28.5,28.5,28.5,28.5,28.5,28.4,28.4,28.4,28.4,28.4,28.4,28.4,28.4,28.4,28.4,28.4,24.9,23.4,28.5,30.8,30.9,30.8,31.0,31.2,31.7,31.6,31.8,31.8,32.0,32.2,32.3,32.2,32.2,32.2,32.0,32.4,32.1,32.1,32.3,32.3,32.3,32.3,32.3,32.4,32.3,32.4,32.4,32.4,32.5,32.7,32.5,32.4,32.5,32.1,32.4,32.1,32.0,31.9,32.1,32.2,32.2,32.2,32.3,32.2,32.0,31.9,32.1,31.9,32.0,32.0,31.5,31.5,31.5,31.3,31.8,31.9,31.8,31.8,31.8,31.7,31.7,31.8,31.8,31.9,31.8,31.7,31.4,30.5,28.3,28.4,28.5,28.5,28.5,28.6,28.6,28.6,,,,,,,,,
7F-CW-4.RT,(CW4回水溫度     ),,27.0,27.0,27.0,27.0,27.0,27.0,27.1,27.1,27.1,27.1,27.1,27.1,27.1,27.1,27.1,27.1,27.1,27.2,27.2,27.2,27.2,27.2,27.2,27.2,27.2,27.2,27.2,27.2,27.2,27.2,27.2,27.2,27.2,27.2,27.2,27.2,27.2,27.2,27.2,27.2,27.2,27.2,27.2,27.2,27.2,27.2,27.2,27.2,27.2,27.2,27.2,27.2,27.2,27.2,27.2,23.3,25.3,28.6,29.0,29.1,29.0,29.3,29.4,30.0,29.9,30.1,30.1,30.2,30.4,30.4,30.4,30.4,30.4,30.7,30.8,30.6,30.6,30.8,30.7,30.8,30.8,30.8,30.9,30.8,30.8,30.8,30.7,30.7,30.7,30.6,30.6,30.6,30.5,30.6,30.5,30.4,30.4,30.5,30.4,30.4,30.4,30.4,30.3,30.3,30.2,30.2,30.2,30.1,30.0,29.8,29.7,29.7,29.8,29.8,29.8,29.8,29.9,29.8,29.8,29.8,29.9,29.8,29.8,29.9,29.7,29.8,29.7,29.7,29.7,29.7,29.7,29.7,29.6,29.5,26.4,,,,,,,,,
7F-CW-5.RT,(CW5回水溫度     ),,30.7,30.7,30.7,30.6,30.6,30.6,30.6,30.5,30.5,30.5,30.4,30.4,30.4,30.3,30.3,30.3,30.2,30.2,30.2,30.1,30.1,30.1,30.0,30.0,30.0,30.0,29.9,29.9,29.9,29.8,29.8,29.8,29.7,29.7,29.7,29.6,29.6,29.6,29.5,29.5,29.5,29.4,29.4,29.4,29.4,29.3,29.3,29.3,29.2,29.2,29.2,29.2,29.1,29.1,29.1,29.1,29.0,29.0,29.1,29.1,29.1,29.1,29.2,29.2,29.2,29.3,29.3,29.3,29.4,29.4,29.4,29.5,29.5,29.6,29.6,29.7,29.7,29.8,29.8,29.8,29.9,29.9,30.0,30.0,30.1,30.1,30.2,30.2,30.2,30.3,30.3,30.4,30.4,30.4,30.5,30.5,30.6,30.6,30.6,30.7,30.7,30.7,30.8,30.8,30.8,30.8,30.9,30.9,30.9,31.0,31.0,31.0,31.0,31.0,31.1,31.1,31.1,31.1,31.2,31.2,31.2,31.2,31.2,31.3,31.3,31.3,31.3,31.3,31.3,31.3,31.4,31.4,31.4,31.4,31.4,,,,,,,,,
7F-CW.RT,(冷卻水總回水溫度),,0.0,0.0,0.0,0.0,0.0,0.0,0.0,0.0,0.0,0.0,0.0,0.0,0.0,0.0,0.0,0.0,0.0,0.0,0.0,0.0,0.0,0.0,0.0,0.0,0.0,0.0,0.0,0.0,0.0,0.0,0.0,0.0,0.0,0.0,0.0,0.0,0.0,0.0,0.0,0.0,0.0,0.0,0.0,0.0,0.0,0.0,0.0,0.0,0.0,0.0,0.0,24.1,23.3,28.2,28.7,25.8,25.9,28.8,29.7,29.9,29.7,29.9,30.1,30.6,30.5,30.7,30.8,30.9,31.0,31.1,31.0,31.1,31.0,31.1,31.3,31.1,31.1,31.2,31.2,31.2,31.3,31.3,31.4,31.3,31.3,31.3,31.2,31.3,31.4,31.2,31.2,31.2,31.1,31.2,31.0,30.9,30.9,31.0,31.0,31.0,30.9,31.0,30.9,30.8,30.7,30.8,30.7,30.7,30.7,30.4,30.4,30.4,30.3,30.5,30.7,30.6,30.6,30.6,30.6,30.6,30.6,30.6,30.6,30.6,30.5,30.4,30.1,29.8,29.8,29.7,29.8,29.7,29.7,29.5,29.3,,,,,,,,,
7F-CH-1.CWDT,(冷卻水溫差      ),DEG C,0.0,0.0,0.0,0.0,0.0,0.0,0.0,0.0,0.0,0.0,0.0,0.0,0.0,0.0,0.0,0.0,0.0,0.0,0.0,0.0,0.0,0.0,0.0,0.0,0.0,0.0,0.0,0.0,0.0,0.0,0.0,0.0,0.0,0.0,0.0,0.0,0.0,0.0,0.0,0.0,0.0,0.0,0.0,0.0,0.0,0.0,0.0,0.0,0.0,0.0,0.0,0.3,0.2,4.1,4.8,4.8,4.7,4.7,4.8,4.6,4.6,4.5,4.4,4.5,4.6,4.6,4.5,4.5,4.6,4.6,4.6,4.6,4.6,4.6,4.7,4.6,4.6,4.6,4.7,4.6,4.6,4.7,4.7,4.7,4.6,4.6,4.7,4.7,4.7,4.7,4.7,4.7,4.7,4.7,4.7,4.6,4.6,4.6,4.7,4.6,4.7,4.6,4.6,4.6,4.6,4.6,4.6,4.6,4.6,4.6,4.6,4.6,4.6,4.6,4.5,4.6,4.6,4.6,4.6,4.6,4.6,4.6,4.6,4.6,4.6,4.6,4.6,4.7,4.7,4.7,4.7,4.7,4.6,4.5,4.6,,,,,,,,,
7F-CH-2.CWDT,(冷卻水溫差      ),DEG C,0.0,0.0,0.0,0.0,0.0,0.0,0.0,0.0,0.0,0.0,0.0,0.0,0.0,0.0,0.0,0.0,0.0,0.0,0.0,0.0,0.0,0.0,0.0,0.0,0.0,0.0,0.0,0.0,0.0,0.0,0.0,0.0,0.0,0.0,0.0,0.0,0.0,0.0,0.0,0.0,0.0,0.0,0.0,0.0,0.0,0.0,0.0,0.0,0.0,0.0,0.0,0.0,0.0,0.0,0.0,0.0,0.0,0.0,0.0,0.0,0.0,0.0,0.0,0.0,0.0,0.0,0.0,0.0,0.0,0.0,0.0,0.0,0.0,0.0,0.0,0.0,0.0,0.0,0.0,0.0,0.0,0.0,0.0,0.0,0.0,0.0,0.0,0.0,0.0,0.0,0.0,0.0,0.0,0.0,0.0,0.0,0.0,0.0,0.0,0.0,0.0,0.0,0.0,0.0,0.0,0.0,0.0,0.0,0.0,0.0,0.0,0.0,0.0,0.0,0.0,0.0,0.0,0.0,0.0,0.0,0.0,0.0,0.0,0.0,0.0,0.0,0.0,0.0,0.0,0.0,0.0,0.0,0.0,0.0,0.0,,,,,,,,,
7F-CH-3.CWDT,(冷卻水溫差      ),DEG C,0.0,0.0,0.0,0.0,0.0,0.0,0.0,0.0,0.0,0.0,0.0,0.0,0.0,0.0,0.0,0.0,0.0,0.0,0.0,0.0,0.0,0.0,0.0,0.0,0.0,0.0,0.0,0.0,0.0,0.0,0.0,0.0,0.0,0.0,0.0,0.0,0.0,0.0,0.0,0.0,0.0,0.0,0.0,0.0,0.0,0.0,0.0,0.0,0.0,0.0,0.0,0.0,0.0,0.0,0.0, -0.1, -0.0,5.3,5.3,5.2,5.2,5.2,5.2,5.1,5.2,5.2,5.2,5.2,5.2,5.2,5.2,5.2,5.3,5.3,5.2,5.3,5.3,5.3,5.3,5.3,5.3,5.3,5.3,5.3,5.3,5.3,5.3,5.3,5.2,5.3,5.3,5.3,5.3,5.3,5.3,5.3,5.4,5.3,5.3,5.3,5.3,5.3,5.3,5.3,5.3,5.3,5.3,5.3,5.3,5.4,5.3,5.3,5.3,5.2,5.2,5.2,5.2,5.2,5.2,5.2,5.2,5.2,5.2,5.2,5.2,5.3,0.6,0.0,0.0,0.0,0.0,0.0,0.0,0.0,0.0,,,,,,,,,
7F-CH-4.CWDT,(冷卻水溫差      ),DEG C,0.0,0.0,0.0,0.0,0.0,0.0,0.0,0.0,0.0,0.0,0.0,0.0,0.0,0.0,0.0,0.0,0.0,0.0,0.0,0.0,0.0,0.0,0.0,0.0,0.0,0.0,0.0,0.0,0.0,0.0,0.0,0.0,0.0,0.0,0.0,0.0,0.0,0.0,0.0,0.0,0.0,0.0,0.0,0.0,0.0,0.0,0.0,0.0,0.0,0.0,0.0,0.0,0.0,0.0,0.0, -0.0,3.3,4.1,4.1,4.1,4.1,4.1,4.1,4.1,4.1,4.1,4.1,4.1,4.1,4.2,4.2,4.2,4.2,4.2,4.2,4.2,4.2,4.2,4.2,4.2,4.2,4.2,4.2,4.2,4.2,4.2,4.2,4.2,4.2,4.2,4.2,4.2,4.2,4.2,4.2,4.2,4.2,4.2,4.2,4.2,4.2,4.2,4.2,4.2,4.2,4.2,4.2,4.2,4.2,4.2,4.2,4.2,4.2,4.2,4.2,4.2,4.2,4.2,4.2,4.2,4.2,4.2,4.2,4.1,4.2,4.2,4.2,4.2,4.2,4.2,4.2,4.2,4.2,4.1,0.0,,,,,,,,,
7F-CH-5.CWDT,(冷卻水溫差      ),DEG C,0.0,0.0,0.0,0.0,0.0,0.0,0.0,0.0,0.0,0.0,0.0,0.0,0.0,0.0,0.0,0.0,0.0,0.0,0.0,0.0,0.0,0.0,0.0,0.0,0.0,0.0,0.0,0.0,0.0,0.0,0.0,0.0,0.0,0.0,0.0,0.0,0.0,0.0,0.0,0.0,0.0,0.0,0.0,0.0,0.0,0.0,0.0,0.0,0.0,0.0,0.0,0.0,0.0,0.0,0.0,0.0,0.0,0.0,0.0,0.0,0.0,0.0,0.0,0.0,0.0,0.0,0.0,0.0,0.0,0.0,0.0,0.0,0.0,0.0,0.0,0.0,0.0,0.0,0.0,0.0,0.0,0.0,0.0,0.0,0.0,0.0,0.0,0.0,0.0,0.0,0.0,0.0,0.0,0.0,0.0,0.0,0.0,0.0,0.0,0.0,0.0,0.0,0.0,0.0,0.0,0.0,0.0,0.0,0.0,0.0,0.0,0.0,0.0,0.0,0.0,0.0,0.0,0.0,0.0,0.0,0.0,0.0,0.0,0.0,0.0,0.0,0.0,0.0,0.0,0.0,0.0,0.0,0.0,0.0,0.0,,,,,,,,,
7F-CHSYS.CWDT,(冷卻水系統溫差  ),DEG C,0.0,0.0,0.0,0.0,0.0,0.0,0.0,0.0,0.0,0.0,0.0,0.0,0.0,0.0,0.0,0.0,0.0,0.0,0.0,0.0,0.0,0.0,0.0,0.0,0.0,0.0,0.0,0.0,0.0,0.0,0.0,0.0,0.0,0.0,0.0,0.0,0.0,0.0,0.0,0.0,0.0,0.0,0.0,0.0,0.0,0.0,0.0,0.0,0.0,0.0,0.0,0.3,0.2,4.1,4.8,1.6,2.7,4.7,4.7,4.6,4.6,4.6,4.6,4.6,4.6,4.7,4.6,4.6,4.7,4.7,4.7,4.7,4.7,4.7,4.7,4.7,4.7,4.7,4.7,4.7,4.7,4.7,4.7,4.7,4.7,4.7,4.7,4.7,4.7,4.7,4.7,4.7,4.7,4.7,4.7,4.7,4.7,4.7,4.7,4.7,4.7,4.7,4.7,4.7,4.7,4.7,4.7,4.7,4.7,4.7,4.7,4.7,4.7,4.7,4.6,4.7,4.7,4.7,4.7,4.7,4.7,4.7,4.7,4.6,4.7,4.7,3.1,4.4,4.4,4.4,4.4,4.4,4.4,4.3,4.6,,,,,,,,,
7F-CW-1.FM,(CW1水流量       ),,17,15,15,15,15,15,15,15,15,15,15,15,15,15,15,15,15,15,15,15,15,15,15,15,15,15,15,15,15,15,15,15,15,15,15,15,15,15,15,15,15,15,15,15,15,15,15,15,15,15,15,7660,7984,7971,7974,7932,8053,8328,8395,8098,8392,8470,8146,8396,7934,8310,8007,7834,8309,8103,8565,8279,8198,8073,8346,8139,7856,8031,8193,8124,8120,7940,8329,8293,8107,8446,8446,8168,8314,8499,8135,8210,8195,8164,8146,8404,7973,8396,7814,7970,8109,8239,8092,8173,8332,7799,8215,8182,8496,8306,8067,7985,7840,8176,8268,8124,8428,8128,8145,8487,8309,8048,8259,8021,8137,7721,8324,7920,7978,7871,7976,7770,8279,8215,8420,,,,,,,,,
7F-CW-2.FM,(CW2水流量       ),,14,14,14,14,14,14,14,14,14,14,14,14,14,14,14,14,14,14,14,14,14,14,14,14,14,14,14,14,14,14,14,14,14,14,14,14,14,14,14,14,14,14,14,14,14,14,14,14,14,14,14,14,14,14,14,14,14,14,15,15,14,14,14,14,14,14,14,14,14,14,14,14,14,14,14,17,17,17,14,15,15,15,15,15,15,15,15,15,15,15,15,15,15,15,15,15,15,15,15,15,15,15,15,15,15,15,15,15,17,17,17,15,15,15,15,15,15,15,15,15,15,15,15,15,15,17,15,17,17,17,17,17,14,14,15,,,,,,,,,
7F-CW-3.FM,(CW3水流量       ),,18,21,21,18,18,21,21,18,21,18,18,18,21,18,18,18,18,18,18,18,21,18,18,18,18,18,21,18,18,18,18,18,18,21,18,18,18,18,18,18,18,18,18,18,18,18,18,17,18,18,18,18,18,18,18,5223,5146,5289,5268,5153,5295,5262,5357,5287,5232,5267,5259,5351,5354,5365,5309,5279,5387,5407,5315,5232,5345,5342,5303,5171,5421,5281,5235,5351,5278,5242,5324,5365,5304,5364,5324,5398,5281,5304,5349,5279,5334,5303,5346,5251,5310,5339,5348,5221,5192,5265,5332,5332,5306,5239,5351,5384,5309,5290,5326,5270,5251,5279,5273,5306,5315,5240,5306,5203,5321,5360,5224,23,23,21,23,21,21,21,21,,,,,,,,,
7F-CW-4.FM,(CW4水流量       ),,15,15,15,15,15,15,15,15,15,15,15,15,15,15,15,15,14,14,14,14,14,15,15,15,15,15,15,15,15,14,14,14,14,14,14,14,15,15,15,14,15,15,15,12,15,15,15,15,14,14,14,14,14,14,14,7424,7532,7784,7579,7431,7673,7617,7740,7556,7720,7570,7673,7839,7774,7687,7714,7674,7735,7696,7634,7785,7817,7589,7693,7587,7646,7792,7739,7721,7823,7824,7737,7828,7648,7701,7693,7629,7690,7770,7684,7664,7803,7762,7684,7723,7649,7799,7642,7729,7659,7623,7667,7779,7671,7646,7503,7717,7578,7718,7745,7585,7567,7626,7721,7717,7656,7629,7534,7556,7696,7726,7692,7590,7679,7704,7584,7662,7664,7498,18,,,,,,,,,
7F-CW-5.FM,(CW5水流量       ),,14,14,14,14,14,15,15,15,15,15,15,15,12,15,15,15,15,14,14,14,14,15,15,14,14,14,14,14,12,15,15,15,12,14,14,14,14,14,14,14,14,14,14,14,14,14,14,14,14,14,14,14,14,14,14,14,14,14,14,14,14,17,14,14,17,17,17,17,17,17,17,17,17,15,18,18,18,17,18,18,18,18,18,18,18,17,18,18,18,18,18,18,18,18,18,21,18,21,18,21,18,18,21,17,18,18,18,18,18,18,18,18,21,18,18,18,18,18,18,18,18,18,18,18,18,18,18,18,18,17,18,17,18,18,18,,,,,,,,,
7F-CW.FM,(冷卻水總流量    ),,79,78,78,81,78,82,82,82,82,79,79,79,76,79,79,76,78,76,76,76,79,79,79,78,81,78,78,78,76,78,74,78,74,76,76,76,78,78,78,76,78,78,78,78,78,81,78,76,76,76,76,7651,8024,8032,7910,20592,20748,21342,21364,20726,21293,21367,21378,21240,20929,21179,20915,21042,21439,21176,21617,21346,21301,21253,21251,21103,21054,20990,21223,20976,21389,21048,21389,21617,21092,21549,21543,21401,21301,21576,21410,21240,21201,21273,21215,21385,21182,21499,20879,20867,21251,21484,21165,21187,21192,20659,21324,21245,21510,21356,20923,21196,20849,21257,21374,21015,21248,21068,21187,21448,21449,20890,21153,20890,21190,21031,21171,15540,15759,15632,15635,15606,16040,15792,8495,,,,,,,,,
CH1F7:KW,(                ),kW,0.0,0.0,0.0,0.0,0.0,0.0,0.0,0.0,0.0,0.0,0.0,0.0,0.0,0.0,0.0,0.0,0.0,0.0,0.0,0.0,0.0,0.0,0.0,0.0,0.0,0.0,0.0,0.0,0.0,0.0,0.0,0.0,0.0,0.0,0.0,0.0,0.0,0.0,0.0,0.0,0.0,0.0,0.0,0.0,0.0,0.0,0.0,0.0,0.0,0.0,0.0,0.0,0.0,314.0,316.0,312.0,311.0,312.0,312.0,316.0,315.0,315.0,313.0,314.0,311.0,312.0,313.0,311.0,310.0,302.0,313.0,311.0,302.0,305.0,312.0,308.0,311.0,305.0,306.0,310.0,307.0,302.0,307.0,311.0,308.0,313.0,307.0,307.0,309.0,306.0,309.0,307.0,306.0,309.0,312.0,309.0,308.0,307.0,307.0,307.0,307.0,308.0,309.0,308.0,308.0,311.0,311.0,312.0,306.0,315.0,318.0,314.0,312.0,316.0,314.0,319.0,309.0,312.0,311.0,319.0,307.0,313.0,311.0,310.0,301.0,311.0,320.0,312.0,320.0,316.0,315.0,312.0,316.0,311.0,314.0,,,,,,,,,
CH2F7:KW,(                ),kW,0.0,0.8,0.0,0.8,0.8,0.0,0.0,0.8,0.8,0.0,0.8,0.8,0.0,0.0,0.8,0.8,0.0,0.8,0.8,0.0,0.0,0.7,0.8,0.0,0.0,0.7,0.7,0.0,0.0,0.7,0.7,0.0,0.0,0.7,0.7,0.0,0.0,0.7,0.7,0.0,0.7,0.7,0.0,0.0,0.7,0.7,0.0,0.0,0.7,0.7,0.0,0.0,0.7,0.7,0.0,0.7,0.7,0.0,0.7,0.0,0.0,0.7,0.0,0.7,0.7,0.0,0.7,0.0,0.7,0.7,0.0,0.7,0.0,0.7,0.7,0.0,0.7,0.0,0.7,0.7,0.0,0.7,0.0,0.7,0.0,0.0,0.7,0.0,0.7,0.0,0.0,0.7,0.0,0.7,0.0,0.7,0.7,0.0,0.7,0.0,0.7,0.7,0.0,0.7,0.0,0.7,0.7,0.0,0.7,0.0,0.7,0.0,0.0,0.7,0.0,0.7,0.0,0.8,0.7,0.0,0.7,0.0,0.7,0.7,0.0,0.7,0.0,0.0,0.8,0.0,0.7,0.0,0.8,0.8,0.0,,,,,,,,,
CH3F7:KW,(                ),kW,0.7,0.0,0.0,0.7,0.7,0.0,0.0,0.7,0.7,0.7,0.0,0.7,0.7,0.7,0.0,0.0,0.7,0.7,0.0,0.0,0.7,0.7,0.7,0.0,0.7,0.7,0.7,0.0,0.0,0.7,0.7,0.7,0.0,0.7,0.7,0.7,0.0,0.0,0.7,0.7,0.0,0.0,0.7,0.7,0.7,0.0,0.0,0.7,0.7,0.0,0.0,0.7,0.7,0.7,0.0,0.0,0.7,291.9,301.2,302.4,301.8,304.3,302.9,302.1,302.7,303.1,301.6,302.3,304.6,304.9,304.2,302.1,304.4,308.1,305.6,304.7,305.2,304.8,305.9,303.9,305.9,303.8,305.1,305.7,307.3,306.7,304.0,305.0,307.1,307.5,307.1,306.1,306.0,306.5,306.5,307.4,309.9,306.5,306.8,308.1,306.4,307.1,308.5,306.0,309.1,307.8,305.2,310.0,308.7,308.5,306.3,307.6,309.0,306.0,306.6,307.2,307.1,308.5,307.1,306.5,307.0,306.5,304.4,305.0,305.2,307.4,0.5,0.7,0.7,0.7,0.7,0.7,0.7,0.7,0.7,,,,,,,,,
CH4F7:KW,(                ),kW,0.0,0.0,0.0,0.0,0.0,0.0,0.0,0.0,0.0,0.0,0.0,0.0,0.0,0.0,0.0,0.0,0.0,0.0,0.0,0.0,0.0,0.0,0.0,0.0,0.0,0.0,0.0,0.0,0.0,0.0,0.0,0.0,0.0,0.0,0.0,0.0,0.0,0.0,0.0,0.0,0.0,0.0,0.0,0.0,0.0,0.0,0.0,0.0,0.0,0.0,0.0,0.0,0.0,0.0,0.0,0.0,162.0,329.0,317.0,314.0,317.0,321.0,319.0,321.0,318.0,317.0,316.0,319.0,315.0,316.0,315.0,317.0,315.0,316.0,315.0,317.0,313.0,314.0,312.0,312.0,315.0,309.0,311.0,311.0,309.0,310.0,311.0,308.0,311.0,311.0,312.0,310.0,310.0,307.0,315.0,315.0,311.0,320.0,316.0,309.0,310.0,306.0,313.0,313.0,316.0,316.0,317.0,316.0,313.0,315.0,315.0,317.0,315.0,317.0,317.0,318.0,317.0,314.0,318.0,315.0,315.0,316.0,316.0,315.0,315.0,315.0,319.0,317.0,317.0,315.0,316.0,316.0,316.0,312.0,0.0,,,,,,,,,
CH5F7:KW,(                ),kW,0.0,0.0,0.0,0.0,0.0,0.0,0.0,0.0,0.0,0.0,0.0,0.0,0.0,0.0,0.0,0.0,0.0,0.0,0.0,0.0,0.0,0.0,0.0,0.0,0.0,0.0,0.0,0.0,0.0,0.0,0.0,0.0,0.0,0.0,0.0,0.0,0.0,0.0,0.0,0.0,0.0,0.0,0.0,0.0,0.0,0.0,0.0,0.0,0.0,0.0,0.0,0.0,0.0,0.0,0.0,0.0,0.0,0.0,0.0,0.0,0.0,0.0,0.0,0.0,0.0,0.0,0.0,0.0,0.0,0.0,0.0,0.0,0.0,0.0,0.0,0.0,0.0,0.0,0.0,0.0,0.0,0.0,0.0,0.0,0.0,0.0,0.0,0.0,0.0,0.0,0.0,0.0,0.0,0.0,0.0,0.0,0.0,0.0,0.0,0.0,0.0,0.0,0.0,0.0,0.0,0.0,0.0,0.0,0.0,0.0,0.0,0.0,0.0,0.0,0.0,0.0,0.0,0.0,0.0,0.0,0.0,0.0,0.0,0.0,0.0,0.0,0.0,0.0,0.0,0.0,0.0,0.0,0.0,0.0,0.0,,,,,,,,,
CHF7-ALL.KW,(冰機系統功率    ),,0.7,0.8,0.0,1.4,1.4,0.0,0.0,1.4,1.5,0.7,0.8,1.5,0.7,0.7,0.8,0.8,0.7,1.5,0.8,0.0,0.7,1.4,1.4,0.0,0.7,1.4,1.4,0.0,0.0,1.4,1.4,0.7,0.0,1.4,1.4,0.7,0.0,0.7,1.4,0.7,0.7,0.7,0.7,0.7,1.4,0.7,0.0,0.7,1.4,0.7,0.0,0.7,1.4,315.4,316.0,312.7,474.4,932.9,930.9,932.4,933.8,941.0,934.9,937.9,932.5,932.1,931.3,932.3,930.3,931.6,932.2,930.8,921.4,929.8,933.3,929.7,929.9,923.8,924.6,926.6,927.9,915.6,923.1,928.4,924.3,924.7,922.8,920.0,927.8,924.5,928.1,923.8,922.0,923.2,933.5,932.2,929.6,933.5,930.5,924.1,924.2,921.9,930.5,927.7,933.1,935.5,934.0,938.0,928.4,938.5,940.0,938.6,936.0,939.8,937.6,935.9,933.1,935.3,936.9,940.5,929.7,935.5,932.1,930.7,921.2,934.2,639.5,629.7,638.5,631.7,632.5,628.7,633.5,624.5,314.7,,,,,,,,,
7F-CH-1.TON,(冷凍頓          ),,0,0,0,0,0,0,0,0,0,0,0,0,0,0,0,0,0,0,0,0,0,0,0,0,0,0,0,0,0,0,0,0,0,0,0,0,0,0,0,0,0,0,0,0,0,0,0,0,0,0,0,0,0,599,605,604,603,586,574,562,567,572,569,567,576,571,572,573,580,579,574,582,581,590,584,581,585,584,575,582,581,586,585,586,577,581,585,592,586,577,588,588,582,578,584,577,584,582,583,588,573,577,580,576,581,575,575,575,576,570,568,575,568,560,566,571,572,569,568,568,575,568,574,566,565,574,571,586,578,581,576,582,558,545,564,,,,,,,,,
7F-CH-2.TON,(冷凍頓          ),,0,0,0,0,0,0,0,0,0,0,0,0,0,0,0,0,0,0,0,0,0,0,0,0,0,0,0,0,0,0,0,0,0,0,0,0,0,0,0,0,0,0,0,0,0,0,0,0,0,0,0,0,0,0,0,0,0,0,0,0,0,0,0,0,0,0,0,0,0,0,0,0,0,0,0,0,0,0,0,0,0,0,0,0,0,0,0,0,0,0,0,0,0,0,0,0,0,0,0,0,0,0,0,0,0,0,0,0,0,0,0,0,0,0,0,0,0,0,0,0,0,0,0,0,0,0,0,0,0,0,0,0,0,0,0,,,,,,,,,
7F-CH-3.TON,(冷凍頓          ),,0,0,0,0,0,0,0,0,0,0,0,0,0,0,0,0,0,0,0,0,0,0,0,0,0,0,0,0,0,0,0,0,0,0,0,0,0,0,0,0,0,0,0,0,0,0,0,0,0,0,0,0,0,0,0,0,0,403,382,368,373,371,373,368,375,378,372,375,383,378,379,379,380,392,379,381,387,380,383,378,383,381,381,382,383,383,382,392,383,379,388,381,382,380,381,385,390,379,385,391,380,378,379,382,386,378,383,383,381,380,377,380,377,371,371,372,375,371,368,373,374,372,360,365,373,374,0,0,0,0,0,0,0,0,0,,,,,,,,,
7F-CH-4.TON,(冷凍頓          ),,0,0,0,0,0,0,0,0,0,0,0,0,0,0,0,0,0,0,0,0,0,0,0,0,0,0,0,0,0,0,0,0,0,0,0,0,0,0,0,0,0,0,0,0,0,0,0,0,0,0,0,0,0,0,0,0,616,591,590,591,589,581,584,581,606,597,599,589,582,606,591,606,603,606,597,604,599,607,607,606,605,597,591,604,601,607,611,602,608,603,599,609,594,603,603,597,608,602,592,605,602,592,593,598,600,602,603,591,598,608,594,592,589,578,584,591,592,592,582,579,583,579,589,590,600,573,607,603,597,612,608,608,581,576,0,,,,,,,,,
7F-CH-5.TON,(冷凍頓          ),,0,0,0,0,0,0,0,0,0,0,0,0,0,0,0,0,0,0,0,0,0,0,0,0,0,0,0,0,0,0,0,0,0,0,0,0,0,0,0,0,0,0,0,0,0,0,0,0,0,0,0,0,0,0,0,0,0,0,0,0,0,0,0,0,0,0,0,0,0,0,0,0,0,0,0,0,0,0,0,0,0,0,0,0,0,0,0,0,0,0,0,0,0,0,0,0,0,0,0,0,0,0,0,0,0,0,0,0,0,0,0,0,0,0,0,0,0,0,0,0,0,0,0,0,0,0,0,0,0,0,0,0,0,0,0,,,,,,,,,
7F-CHSYS.TON,(冷凍頓          ),,0,0,0,0,0,0,0,0,0,0,0,0,0,0,0,0,0,0,0,0,0,0,0,0,0,0,0,0,0,0,0,0,0,0,0,0,0,0,0,0,0,0,0,0,0,0,0,0,0,0,0,0,0,165,151,99,488,1008,842,739,694,1102,982,1026,1180,1186,1149,1329,1307,1177,1224,1331,1164,1322,1311,1168,1350,1334,1169,1222,1282,1141,1242,1326,1116,1206,1347,1247,1200,1339,1291,1184,1333,1324,1205,1332,1232,1207,1358,1286,1172,1355,1317,1176,1339,1318,1169,1340,1310,1142,1242,1325,1127,1154,1292,1302,1152,1275,1278,1158,1292,1240,1095,1191,1319,1190,616,759,749,781,695,844,1290,1573,69,,,,,,,,,
7F-CH-1.KW/RT,(冰機效率        ),,0.00,0.00,0.00,0.00,0.00,0.00,0.00,0.00,0.00,0.00,0.00,0.00,0.00,0.00,0.00,0.00,0.00,0.00,0.00,0.00,0.00,0.00,0.00,0.00,0.00,0.00,0.00,0.00,0.00,0.00,0.00,0.00,0.00,0.00,0.00,0.00,0.00,0.00,0.00,0.00,0.00,0.00,0.00,0.00,0.00,0.00,0.00,0.00,0.00,0.00,0.00,0.00,0.00,0.00,0.00,0.00,0.00,0.00,0.00,0.00,0.00,0.00,0.00,0.00,0.00,0.00,0.00,0.00,0.00,0.00,0.00,0.00,0.00,0.00,0.00,0.00,0.00,0.00,0.00,0.00,0.00,0.00,0.00,0.00,0.00,0.00,0.00,0.00,0.00,0.00,0.00,0.00,0.00,0.00,0.00,0.00,0.00,0.00,0.00,0.00,0.00,0.00,0.00,0.00,0.00,0.00,0.00,0.00,0.00,0.00,0.00,0.00,0.00,0.00,0.00,0.00,0.00,0.00,0.00,0.00,0.00,0.00,0.00,0.00,0.00,0.00,0.00,0.00,0.00,0.00,0.00,0.00,0.00,0.00,0.00,,,,,,,,,
7F-CH-2.KW/RT,(冰機效率        ),,0.00,0.00,0.00,0.00,0.00,0.00,0.00,0.00,0.00,0.00,0.00,0.00,0.00,0.00,0.00,0.00,0.00,0.00,0.00,0.00,0.00,0.00,0.00,0.00,0.00,0.00,0.00,0.00,0.00,0.00,0.00,0.00,0.00,0.00,0.00,0.00,0.00,0.00,0.00,0.00,0.00,0.00,0.00,0.00,0.00,0.00,0.00,0.00,0.00,0.00,0.00,0.00,0.00,0.00,0.00,0.00,0.00,0.00,0.00,0.00,0.00,0.00,0.00,0.00,0.00,0.00,0.00,0.00,0.00,0.00,0.00,0.00,0.00,0.00,0.00,0.00,0.00,0.00,0.00,0.00,0.00,0.00,0.00,0.00,0.00,0.00,0.00,0.00,0.00,0.00,0.00,0.00,0.00,0.00,0.00,0.00,0.00,0.00,0.00,0.00,0.00,0.00,0.00,0.00,0.00,0.00,0.00,0.00,0.00,0.00,0.00,0.00,0.00,0.00,0.00,0.00,0.00,0.00,0.00,0.00,0.00,0.00,0.00,0.00,0.00,0.00,0.00,0.00,0.00,0.00,0.00,0.00,0.00,0.00,0.00,,,,,,,,,
7F-CH-3.KW/RT,(冰機效率        ),,0.00,0.00,0.00,0.00,0.00,0.00,0.00,0.00,0.00,0.00,0.00,0.00,0.00,0.00,0.00,0.00,0.00,0.00,0.00,0.00,0.00,0.00,0.00,0.00,0.00,0.00,0.00,0.00,0.00,0.00,0.00,0.00,0.00,0.00,0.00,0.00,0.00,0.00,0.00,0.00,0.00,0.00,0.00,0.00,0.00,0.00,0.00,0.00,0.00,0.00,0.00,0.00,0.00,0.00,0.00,0.00,0.00,0.74,0.79,0.81,0.80,0.81,0.81,0.82,0.80,0.79,0.81,0.80,0.78,0.79,0.79,0.79,0.79,0.77,0.79,0.79,0.77,0.79,0.78,0.79,0.78,0.79,0.79,0.79,0.78,0.78,0.79,0.77,0.78,0.79,0.77,0.79,0.78,0.79,0.79,0.78,0.77,0.79,0.78,0.77,0.79,0.79,0.79,0.78,0.78,0.79,0.78,0.78,0.79,0.79,0.80,0.79,0.80,0.81,0.81,0.81,0.80,0.81,0.81,0.80,0.80,0.81,0.83,0.82,0.80,0.80,0.00,0.00,0.00,0.00,0.00,0.00,0.00,0.00,0.00,,,,,,,,,
7F-CH-4.KW/RT,(冰機效率        ),,0.00,0.00,0.00,0.00,0.00,0.00,0.00,0.00,0.00,0.00,0.00,0.00,0.00,0.00,0.00,0.00,0.00,0.00,0.00,0.00,0.00,0.00,0.00,0.00,0.00,0.00,0.00,0.00,0.00,0.00,0.00,0.00,0.00,0.00,0.00,0.00,0.00,0.00,0.00,0.00,0.00,0.00,0.00,0.00,0.00,0.00,0.00,0.00,0.00,0.00,0.00,0.00,0.00,0.00,0.00,0.00,0.00,0.00,0.00,0.00,0.00,0.00,0.00,0.00,0.00,0.00,0.00,0.00,0.00,0.00,0.00,0.00,0.00,0.00,0.00,0.00,0.00,0.00,0.00,0.00,0.00,0.00,0.00,0.00,0.00,0.00,0.00,0.00,0.00,0.00,0.00,0.00,0.00,0.00,0.00,0.00,0.00,0.00,0.00,0.00,0.00,0.00,0.00,0.00,0.00,0.00,0.00,0.00,0.00,0.00,0.00,0.00,0.00,0.00,0.00,0.00,0.00,0.00,0.00,0.00,0.00,0.00,0.00,0.00,0.00,0.00,0.00,0.00,0.00,0.00,0.00,0.00,0.00,0.00,0.00,,,,,,,,,
7F-CH-5.KW/RT,(冰機效率        ),,0.00,0.00,0.00,0.00,0.00,0.00,0.00,0.00,0.00,0.00,0.00,0.00,0.00,0.00,0.00,0.00,0.00,0.00,0.00,0.00,0.00,0.00,0.00,0.00,0.00,0.00,0.00,0.00,0.00,0.00,0.00,0.00,0.00,0.00,0.00,0.00,0.00,0.00,0.00,0.00,0.00,0.00,0.00,0.00,0.00,0.00,0.00,0.00,0.00,0.00,0.00,0.00,0.00,0.00,0.00,0.00,0.00,0.00,0.00,0.00,0.00,0.00,0.00,0.00,0.00,0.00,0.00,0.00,0.00,0.00,0.00,0.00,0.00,0.00,0.00,0.00,0.00,0.00,0.00,0.00,0.00,0.00,0.00,0.00,0.00,0.00,0.00,0.00,0.00,0.00,0.00,0.00,0.00,0.00,0.00,0.00,0.00,0.00,0.00,0.00,0.00,0.00,0.00,0.00,0.00,0.00,0.00,0.00,0.00,0.00,0.00,0.00,0.00,0.00,0.00,0.00,0.00,0.00,0.00,0.00,0.00,0.00,0.00,0.00,0.00,0.00,0.00,0.00,0.00,0.00,0.00,0.00,0.00,0.00,0.00,,,,,,,,,
7F-CHSYS.KW/RT,(冰水系統效率    ),,0.00,0.00,0.00,0.00,0.00,0.00,0.00,0.00,0.00,0.00,0.00,0.00,0.00,0.00,0.00,0.00,0.00,0.00,0.00,0.00,0.00,0.00,0.00,0.00,0.00,0.00,0.00,0.00,0.00,0.00,0.00,0.00,0.00,0.00,0.00,0.00,0.00,0.00,0.00,0.00,0.00,0.00,0.00,0.00,0.00,0.00,0.00,0.00,0.00,0.00,0.00,0.00,0.00,6.75,7.36,11.15,2.28,1.10,1.32,1.51,1.60,1.01,1.13,1.09,0.94,0.94,0.97,0.84,0.85,0.95,0.91,0.84,0.96,0.84,0.85,0.95,0.82,0.83,0.95,0.91,0.87,0.98,0.90,0.84,1.00,0.92,0.83,0.89,0.93,0.83,0.86,0.94,0.84,0.84,0.92,0.84,0.90,0.92,0.82,0.87,0.95,0.82,0.84,0.95,0.83,0.84,0.95,0.83,0.85,0.97,0.90,0.84,0.99,0.96,0.86,0.86,0.97,0.87,0.87,0.96,0.86,0.90,1.01,0.93,0.84,0.94,1.81,1.47,1.49,1.43,1.60,1.32,0.86,0.71,16.13,,,,,,,,,
7F-CW-1.TON,(冷卻水冷凍頓    ),,0,0,0,0,0,0,0,0,0,0,0,0,0,0,0,0,0,0,0,0,0,0,0,0,0,0,0,0,0,0,0,0,0,0,0,0,0,0,0,0,0,0,0,0,0,0,0,0,0,0,0,0,0,652,764,752,758,772,779,739,759,756,715,742,732,757,711,706,756,736,781,767,740,733,771,742,713,731,757,747,749,731,768,757,735,778,782,759,769,791,751,758,761,766,753,773,738,774,722,724,771,749,752,752,757,708,753,752,780,763,733,735,713,746,743,742,776,747,744,779,754,738,756,733,749,699,753,738,747,726,733,722,764,741,762,,,,,,,,,
7F-CW-2.TON,(冷卻水冷凍頓    ),,0,0,0,0,0,0,0,0,0,0,0,0,0,0,0,0,0,0,0,0,0,0,0,0,0,0,0,0,0,0,0,0,0,0,0,0,0,0,0,0,0,0,0,0,0,0,0,0,0,0,0,0,0,0,0,0,0,0,0,0,0,0,0,0,0,0,0,0,0,0,0,0,0,0,0,0,0,0,0,0,0,0,0,0,0,0,0,0,0,0,0,0,0,0,0,0,0,0,0,0,0,0,0,0,0,0,0,0,0,0,0,0,0,0,0,0,0,0,0,0,0,0,0,0,0,0,0,0,0,0,0,0,0,0,0,,,,,,,,,
7F-CW-3.TON,(冷卻水冷凍頓    ),,0,0,0,0,0,0,0,0,0,0,0,0,0,0,0,0,0,0,0,0,0,0,0,0,0,0,0,0,0,0,0,0,0,0,0,0,0,0,0,0,0,0,0,0,0,0,0,0,0,0,0,0,0,0,0,0,0,554,549,531,546,548,547,537,534,544,547,553,552,555,550,550,558,571,552,551,563,563,555,540,567,557,549,563,548,549,557,561,552,565,561,563,557,555,564,558,568,557,561,546,559,558,558,551,552,552,560,562,558,557,562,566,563,547,552,546,547,549,546,552,552,543,549,532,549,556,0,0,0,0,0,0,0,0,0,,,,,,,,,
7F-CW-4.TON,(冷卻水冷凍頓    ),,0,0,0,0,0,0,0,0,0,0,0,0,0,0,0,0,0,0,0,0,0,0,0,0,0,0,0,0,0,0,0,0,0,0,0,0,0,0,0,0,0,0,0,0,0,0,0,0,0,0,0,0,0,0,0,0,499,629,618,605,626,620,635,619,631,622,632,645,639,636,632,634,637,638,633,640,648,629,637,630,634,644,642,639,643,650,641,648,634,634,637,634,637,646,639,635,647,643,637,642,630,644,634,644,634,634,637,640,638,632,621,638,625,638,636,629,628,629,640,637,634,630,619,619,637,639,637,628,637,643,631,640,633,608,0,,,,,,,,,
7F-CW-5.TON,(冷卻水冷凍頓    ),,0,0,0,0,0,0,0,0,0,0,0,0,0,0,0,0,0,0,0,0,0,0,0,0,0,0,0,0,0,0,0,0,0,0,0,0,0,0,0,0,0,0,0,0,0,0,0,0,0,0,0,0,0,0,0,0,0,0,0,0,0,0,0,0,0,0,0,0,0,0,0,0,0,0,0,0,0,0,0,0,0,0,0,0,0,0,0,0,0,0,0,0,0,0,0,0,0,0,0,0,0,0,0,0,0,0,0,0,0,0,0,0,0,0,0,0,0,0,0,0,0,0,0,0,0,0,0,0,0,0,0,0,0,0,0,,,,,,,,,
7F-CWSYS.TON,(冷凍頓          ),,0,0,0,0,0,0,0,0,0,0,0,0,0,0,0,0,0,0,0,0,0,0,0,0,0,0,0,0,0,0,0,0,0,0,0,0,0,0,0,0,0,0,0,0,0,0,0,0,0,0,0,41,27,648,758,635,1108,1986,1994,1895,1961,1957,1941,1933,1931,1960,1918,1934,1973,1957,1996,1997,1975,1974,1979,1967,1989,1959,1981,1953,1997,1973,1994,2021,1966,2010,2011,2015,1986,2012,2003,1989,2007,1986,1981,2005,1991,2014,1941,1947,1990,1995,1982,1995,1980,1954,1989,1995,2024,2000,1950,1972,1944,1969,1977,1936,1972,1948,1958,1987,1986,1939,1956,1926,1949,1949,1310,1369,1385,1372,1373,1376,1395,1348,781,,,,,,,,,
7F-CH-1.HB,(                ),,0.00,0.00,0.00,0.00,0.00,0.00,0.00,0.00,0.00,0.00,0.00,0.00,0.00,0.00,0.00,0.00,0.00,0.00,0.00,0.00,0.00,0.00,0.00,0.00,0.00,0.00,0.00,0.00,0.00,0.00,0.00,0.00,0.00,0.00,0.00,0.00,0.00,0.00,0.00,0.00,0.00,0.00,0.00,0.00,0.00,0.00,0.00,0.00,0.00,0.00,0.00,0.00,0.00, -8.24, -20.75, -19.72, -20.52, -24.17, -26.25, -23.85, -25.25, -24.36, -20.94, -23.52, -21.25, -24.49, -20.21, -19.18, -23.37, -21.20, -26.48, -24.18, -21.44, -19.55, -24.30, -21.67, -17.93, -20.17, -23.99, -22.03, -22.45, -19.77, -24.24, -22.55, -21.52, -25.33, -25.12, -22.08, -23.77, -27.05, -21.64, -22.43, -23.59, -24.48, -22.47, -25.39, -20.93, -24.74, -19.22, -18.84, -25.57, -22.97, -22.86, -23.36, -23.31, -18.84, -23.64, -23.44, -26.17, -25.33, -22.43, -21.75, -20.26, -24.87, -23.89, -22.98, -26.27, -23.87, -23.70, -27.13, -23.76, -23.02, -24.01, -22.73, -24.54, -17.87, -24.16, -20.48, -22.65, -20.01, -21.47, -19.44, -26.94, -26.49, -25.99,,,,,,,,,
7F-CH-2.HB,(                ),,0.00,0.00,0.00,0.00,0.00,0.00,0.00,0.00,0.00,0.00,0.00,0.00,0.00,0.00,0.00,0.00,0.00,0.00,0.00,0.00,0.00,0.00,0.00,0.00,0.00,0.00,0.00,0.00,0.00,0.00,0.00,0.00,0.00,0.00,0.00,0.00,0.00,0.00,0.00,0.00,0.00,0.00,0.00,0.00,0.00,0.00,0.00,0.00,0.00,0.00,0.00,0.00,0.00,0.00,0.00,0.00,0.00,0.00,0.00,0.00,0.00,0.00,0.00,0.00,0.00,0.00,0.00,0.00,0.00,0.00,0.00,0.00,0.00,0.00,0.00,0.00,0.00,0.00,0.00,0.00,0.00,0.00,0.00,0.00,0.00,0.00,0.00,0.00,0.00,0.00,0.00,0.00,0.00,0.00,0.00,0.00,0.00,0.00,0.00,0.00,0.00,0.00,0.00,0.00,0.00,0.00,0.00,0.00,0.00,0.00,0.00,0.00,0.00,0.00,0.00,0.00,0.00,0.00,0.00,0.00,0.00,0.00,0.00,0.00,0.00,0.00,0.00,0.00,0.00,0.00,0.00,0.00,0.00,0.00,0.00,,,,,,,,,
7F-CH-3.HB,(                ),,0.00,0.00,0.00,0.00,0.00,0.00,0.00,0.00,0.00,0.00,0.00,0.00,0.00,0.00,0.00,0.00,0.00,0.00,0.00,0.00,0.00,0.00,0.00,0.00,0.00,0.00,0.00,0.00,0.00,0.00,0.00,0.00,0.00,0.00,0.00,0.00,0.00,0.00,0.00,0.00,0.00,0.00,0.00,0.00,0.00,0.00,0.00,0.00,0.00,0.00,0.00,0.00,0.00,0.00,0.00,0.00,0.00, -11.72, -14.85, -14.57, -15.94, -16.58, -16.49, -15.61, -13.79, -14.71, -15.51, -16.70, -15.19, -16.40, -15.49, -15.52, -16.58, -16.53, -15.88, -15.27, -16.05, -17.26, -15.60, -14.15, -17.43, -16.27, -14.88, -17.02, -14.60, -14.57, -16.15, -15.02, -15.11, -17.65, -15.48, -17.04, -15.91, -16.06, -17.27, -15.63, -16.33, -16.62, -16.12, -12.74, -16.73, -16.88, -16.67, -15.10, -14.55, -16.13, -16.41, -16.73, -16.44, -16.42, -17.74, -17.73, -17.75, -16.58, -17.29, -16.21, -15.71, -16.86, -16.86, -16.91, -16.73, -15.76, -18.82, -15.31, -16.44, -17.31,0.00,0.00,0.00,0.00,0.00,0.00,0.00,0.00,0.00,,,,,,,,,
7F-CH-4.HB,(                ),,0.00,0.00,0.00,0.00,0.00,0.00,0.00,0.00,0.00,0.00,0.00,0.00,0.00,0.00,0.00,0.00,0.00,0.00,0.00,0.00,0.00,0.00,0.00,0.00,0.00,0.00,0.00,0.00,0.00,0.00,0.00,0.00,0.00,0.00,0.00,0.00,0.00,0.00,0.00,0.00,0.00,0.00,0.00,0.00,0.00,0.00,0.00,0.00,0.00,0.00,0.00,0.00,0.00,0.00,0.00,0.00,23.38, -6.06, -4.58, -2.36, -5.90, -6.23, -8.07, -6.18, -3.99, -4.07, -4.48, -8.63, -8.82, -4.65, -6.56, -4.43, -5.43, -5.02, -5.60, -5.60, -7.59, -3.47, -4.75, -3.85, -4.56, -7.42, -7.88, -5.52, -6.51, -6.52, -4.69, -7.08, -4.12, -4.99, -5.95, -3.90, -6.65, -6.57, -5.55, -5.99, -6.08, -6.46, -7.05, -5.85, -4.41, -8.17, -6.36, -7.12, -5.43, -5.05, -5.32, -7.64, -6.23, -3.79, -4.34, -7.17, -5.76, -9.52, -8.17, -5.97, -5.78, -5.90, -9.05, -9.16, -8.06, -8.04, -4.56, -4.72, -5.79, -10.19, -4.66, -3.89, -6.58, -4.74, -3.70, -4.94, -8.18, -5.22,0.00,,,,,,,,,
7F-CH-5.HB,(                ),,0.00,0.00,0.00,0.00,0.00,0.00,0.00,0.00,0.00,0.00,0.00,0.00,0.00,0.00,0.00,0.00,0.00,0.00,0.00,0.00,0.00,0.00,0.00,0.00,0.00,0.00,0.00,0.00,0.00,0.00,0.00,0.00,0.00,0.00,0.00,0.00,0.00,0.00,0.00,0.00,0.00,0.00,0.00,0.00,0.00,0.00,0.00,0.00,0.00,0.00,0.00,0.00,0.00,0.00,0.00,0.00,0.00,0.00,0.00,0.00,0.00,0.00,0.00,0.00,0.00,0.00,0.00,0.00,0.00,0.00,0.00,0.00,0.00,0.00,0.00,0.00,0.00,0.00,0.00,0.00,0.00,0.00,0.00,0.00,0.00,0.00,0.00,0.00,0.00,0.00,0.00,0.00,0.00,0.00,0.00,0.00,0.00,0.00,0.00,0.00,0.00,0.00,0.00,0.00,0.00,0.00,0.00,0.00,0.00,0.00,0.00,0.00,0.00,0.00,0.00,0.00,0.00,0.00,0.00,0.00,0.00,0.00,0.00,0.00,0.00,0.00,0.00,0.00,0.00,0.00,0.00,0.00,0.00,0.00,0.00,,,,,,,,,
7F-CHSYS.HB,(                ),,0.00,0.00,0.00,0.00,0.00,0.00,0.00,0.00,0.00,0.00,0.00,0.00,0.00,0.00,0.00,0.00,0.00,0.00,0.00,0.00,0.00,0.00,0.00,0.00,0.00,0.00,0.00,0.00,0.00,0.00,0.00,0.00,0.00,0.00,0.00,0.00,0.00,0.00,0.00,0.00,0.00,0.00,0.00,0.00,0.00,0.00,0.00,0.00,0.00,0.00,0.00,667.51,1057.33, -25.75, -38.29, -34.44, -27.37, -33.28, -41.88, -44.25, -48.48, -27.58, -33.08, -30.53, -22.44, -23.30, -23.57, -14.93, -17.72, -23.68, -22.79, -17.52, -25.05, -16.98, -17.72, -24.52, -16.19, -15.73, -24.98, -21.20, -19.94, -26.11, -22.05, -18.71, -27.13, -24.27, -17.26, -22.42, -23.66, -17.73, -19.70, -24.51, -17.81, -17.40, -23.17, -17.76, -22.24, -24.30, -13.72, -17.68, -25.17, -16.16, -17.56, -25.18, -16.35, -16.32, -25.33, -16.94, -19.63, -27.05, -20.07, -16.77, -25.71, -25.28, -18.61, -16.42, -25.50, -18.28, -18.55, -25.76, -19.00, -19.69, -27.54, -21.73, -16.09, -22.68, -28.80, -21.44, -23.25, -20.00, -26.28, -15.63,15.15,40.14, -50.67,,,,,,,,,
CHP1F7:KW,(                ),kW,0.0,0.0,0.0,0.0,0.0,0.0,0.0,0.0,0.0,0.0,0.0,0.0,0.0,0.0,0.0,0.0,0.0,0.0,0.0,0.0,0.0,0.0,0.0,0.0,0.0,0.0,0.0,0.0,0.0,0.0,0.0,0.0,0.0,0.0,0.0,0.0,0.0,0.0,0.0,0.0,0.0,0.0,0.0,0.0,0.0,0.0,0.0,0.0,0.0,0.0,0.0,31.7,31.6,31.5,31.4,31.8,31.4,31.6,31.7,31.6,31.4,31.5,31.6,31.6,31.4,31.4,31.6,31.5,31.5,31.5,31.5,31.4,31.7,31.6,31.8,31.7,31.8,31.6,31.6,31.5,31.5,31.5,31.8,31.4,31.6,31.8,31.4,31.6,31.5,31.9,31.6,31.4,31.6,31.6,31.5,31.8,31.5,31.6,31.7,31.5,31.8,31.7,31.7,31.4,31.8,31.7,31.9,31.9,31.5,31.4,31.7,31.8,31.6,31.7,31.6,31.6,31.8,31.6,31.8,31.6,32.0,31.7,31.6,31.6,31.5,31.5,31.7,31.3,31.7,31.5,31.6,31.5,31.9,32.0,31.6,,,,,,,,,
CHP2F7:KW,(                ),kW,0.0,0.0,0.0,0.0,0.0,0.0,0.0,0.0,0.0,0.0,0.0,0.0,0.0,0.0,0.0,0.0,0.0,0.0,0.0,0.0,0.0,0.0,0.0,0.0,0.0,0.0,0.0,0.0,0.0,0.0,0.0,0.0,0.0,0.0,0.0,0.0,0.0,0.0,0.0,0.0,0.0,0.0,0.0,0.0,0.0,0.0,0.0,0.0,0.0,0.0,0.0,0.0,0.0,0.0,0.0,0.0,0.0,0.0,0.0,0.0,0.0,0.0,0.0,0.0,0.0,0.0,0.0,0.0,0.0,0.0,0.0,0.0,0.0,0.0,0.0,0.0,0.0,0.0,0.0,0.0,0.0,0.0,0.0,0.0,0.0,0.0,0.0,0.0,0.0,0.0,0.0,0.0,0.0,0.0,0.0,0.0,0.0,0.0,0.0,0.0,0.0,0.0,0.0,0.0,0.0,0.0,0.0,0.0,0.0,0.0,0.0,0.0,0.0,0.0,0.0,0.0,0.0,0.0,0.0,0.0,0.0,0.0,0.0,0.0,0.0,0.0,0.0,0.0,0.0,0.0,0.0,0.0,0.0,0.0,0.0,,,,,,,,,
CHP3F7:KW,(                ),kW,0.0,0.0,0.0,0.0,0.0,0.0,0.0,0.0,0.0,0.0,0.0,0.0,0.0,0.0,0.0,0.0,0.0,0.0,0.0,0.0,0.0,0.0,0.0,0.0,0.0,0.0,0.0,0.0,0.0,0.0,0.0,0.0,0.0,0.0,0.0,0.0,0.0,0.0,0.0,0.0,0.0,0.0,0.0,0.0,0.0,0.0,0.0,0.0,0.0,0.0,0.0,0.0,0.0,0.0,0.0,17.4,17.6,17.5,17.5,17.5,17.4,17.4,17.4,17.3,17.4,17.4,17.4,17.4,17.4,17.4,17.4,17.4,17.3,17.5,17.4,17.4,17.3,17.3,17.4,17.3,17.4,17.4,17.4,17.3,17.5,17.4,17.4,17.3,17.3,17.4,17.4,17.4,17.4,17.4,17.4,17.4,17.4,17.4,17.4,17.5,17.4,17.5,17.5,17.3,17.5,17.4,17.4,17.4,17.4,17.4,17.3,17.4,17.5,17.4,17.4,17.4,17.4,17.4,17.4,17.4,17.4,17.4,17.4,17.3,17.3,17.4,17.5,0.0,0.0,0.0,0.0,0.0,0.0,0.0,0.0,,,,,,,,,
CHP4F7:KW,(                ),kW,0.0,0.0,0.0,0.0,0.0,0.0,0.0,0.0,0.0,0.0,0.0,0.0,0.0,0.0,0.0,0.0,0.0,0.0,0.0,0.0,0.0,0.0,0.0,0.0,0.0,0.0,0.0,0.0,0.0,0.0,0.0,0.0,0.0,0.0,0.0,0.0,0.0,0.0,0.0,0.0,0.0,0.0,0.0,0.0,0.0,0.0,0.0,0.0,0.0,0.0,0.0,0.0,0.0,0.0,0.0,31.0,30.6,30.7,30.6,30.8,30.4,30.4,30.7,30.7,30.5,30.4,30.8,30.6,30.6,30.6,30.7,30.8,30.8,31.0,30.7,30.6,30.9,30.8,30.7,30.6,30.4,30.6,30.9,30.5,30.8,30.7,30.6,30.6,30.7,30.8,30.7,30.6,30.8,30.7,30.7,30.6,30.6,31.0,30.7,30.8,30.7,30.9,30.8,30.9,30.8,30.5,30.9,30.9,30.8,30.6,30.9,30.9,31.0,30.8,30.6,30.7,30.9,30.7,30.7,30.8,30.9,30.7,30.5,30.8,30.8,30.6,30.7,30.7,30.5,30.8,30.7,30.8,31.3,31.5,0.0,,,,,,,,,
CHP5F7:KW,(                ),kW,0.0,0.0,0.0,0.0,0.0,0.0,0.0,0.0,0.0,0.0,0.0,0.0,0.0,0.0,0.0,0.0,0.0,0.0,0.0,0.0,0.0,0.0,0.0,0.0,0.0,0.0,0.0,0.0,0.0,0.0,0.0,0.0,0.0,0.0,0.0,0.0,0.0,0.0,0.0,0.0,0.0,0.0,0.0,0.0,0.0,0.0,0.0,0.0,0.0,0.0,0.0,0.0,0.0,0.0,0.0,0.0,0.0,0.0,0.0,0.0,0.0,0.0,0.0,0.0,0.0,0.0,0.0,0.0,0.0,0.0,0.0,0.0,0.0,0.0,0.0,0.0,0.0,0.0,0.0,0.0,0.0,0.0,0.0,0.0,0.0,0.0,0.0,0.0,0.0,0.0,0.0,0.0,0.0,0.0,0.0,0.0,0.0,0.0,0.0,0.0,0.0,0.0,0.0,0.0,0.0,0.0,0.0,0.0,0.0,0.0,0.0,0.0,0.0,0.0,0.0,0.0,0.0,0.0,0.0,0.0,0.0,0.0,0.0,0.0,0.0,0.0,0.0,0.0,0.0,0.0,0.0,0.0,0.0,0.0,0.0,,,,,,,,,
CHPF7-ALL.KW,(冰水泵系統功率  ),,0.0,0.0,0.0,0.0,0.0,0.0,0.0,0.0,0.0,0.0,0.0,0.0,0.0,0.0,0.0,0.0,0.0,0.0,0.0,0.0,0.0,0.0,0.0,0.0,0.0,0.0,0.0,0.0,0.0,0.0,0.0,0.0,0.0,0.0,0.0,0.0,0.0,0.0,0.0,0.0,0.0,0.0,0.0,0.0,0.0,0.0,0.0,0.0,0.0,0.0,0.0,31.7,31.6,31.5,31.4,80.2,79.5,79.7,79.8,79.9,79.3,79.2,79.7,79.6,79.4,79.3,79.8,79.6,79.5,79.5,79.6,79.5,79.9,80.1,79.9,79.7,79.9,79.7,79.7,79.4,79.3,79.4,80.1,79.2,79.9,80.0,79.4,79.5,79.6,80.1,79.7,79.4,79.7,79.7,79.6,79.9,79.5,80.0,79.9,79.8,79.9,80.1,80.0,79.6,80.1,79.5,80.1,80.2,79.7,79.3,79.8,80.0,80.1,79.9,79.6,79.8,80.1,79.7,79.8,79.8,80.3,79.8,79.5,79.8,79.6,79.5,79.9,62.0,62.2,62.4,62.2,62.3,63.2,63.5,31.6,,,,,,,,,
CWP1F7:KW,(                ),kW,0.0,0.0,0.0,0.0,0.0,0.0,0.0,0.0,0.0,0.0,0.0,0.0,0.0,0.0,0.0,0.0,0.0,0.0,0.0,0.0,0.0,0.0,0.0,0.0,0.0,0.0,0.0,0.0,0.0,0.0,0.0,0.0,0.0,0.0,0.0,0.0,0.0,0.0,0.0,0.0,0.0,0.0,0.0,0.0,0.0,0.0,0.0,0.0,0.0,0.0,0.0,30.5,30.4,30.4,30.3,30.3,30.3,30.2,30.2,30.2,30.2,30.0,30.1,29.9,30.1,30.0,30.1,30.1,30.2,30.1,30.2,30.1,30.1,30.2,30.2,30.2,30.2,30.1,30.1,30.1,30.2,30.1,30.3,30.1,30.2,30.2,30.2,30.2,30.1,30.3,30.3,30.2,30.2,30.2,30.3,30.2,30.3,30.3,30.2,30.2,30.1,30.3,30.3,30.3,30.4,30.4,30.3,30.3,30.3,30.3,30.3,30.1,30.3,30.2,30.2,30.3,30.3,30.3,30.3,30.4,30.2,30.4,30.2,30.2,30.3,30.2,30.3,30.3,30.5,30.4,30.3,30.3,30.3,30.5,30.4,,,,,,,,,
CWP2F7:KW,(                ),kW,0.0,0.0,0.0,0.0,0.0,0.0,0.0,0.0,0.0,0.0,0.0,0.0,0.0,0.0,0.0,0.0,0.0,0.0,0.0,0.0,0.0,0.0,0.0,0.0,0.0,0.0,0.0,0.0,0.0,0.0,0.0,0.0,0.0,0.0,0.0,0.0,0.0,0.0,0.0,0.0,0.0,0.0,0.0,0.0,0.0,0.0,0.0,0.0,0.0,0.0,0.0,0.0,0.0,0.0,0.0,0.0,0.0,0.0,0.0,0.0,0.0,0.0,0.0,0.0,0.0,0.0,0.0,0.0,0.0,0.0,0.0,0.0,0.0,0.0,0.0,0.0,0.0,0.0,0.0,0.0,0.0,0.0,0.0,0.0,0.0,0.0,0.0,0.0,0.0,0.0,0.0,0.0,0.0,0.0,0.0,0.0,0.0,0.0,0.0,0.0,0.0,0.0,0.0,0.0,0.0,0.0,0.0,0.0,0.0,0.0,0.0,0.0,0.0,0.0,0.0,0.0,0.0,0.0,0.0,0.0,0.0,0.0,0.0,0.0,0.0,0.0,0.0,0.0,0.0,0.0,0.0,0.0,0.0,0.0,0.0,,,,,,,,,
CWP3F7:KW,(                ),kW,0.0,0.0,0.0,0.0,0.0,0.0,0.0,0.0,0.0,0.0,0.0,0.0,0.0,0.0,0.0,0.0,0.0,0.0,0.0,0.0,0.0,0.0,0.0,0.0,0.0,0.0,0.0,0.0,0.0,0.0,0.0,0.0,0.0,0.0,0.0,0.0,0.0,0.0,0.0,0.0,0.0,0.0,0.0,0.0,0.0,0.0,0.0,0.0,0.0,0.0,0.0,0.0,0.0,0.0,0.0,20.6,20.5,20.6,20.5,20.5,20.5,20.4,20.5,20.3,20.4,20.4,20.4,20.4,20.4,20.4,20.4,20.4,20.5,20.5,20.4,20.4,20.4,20.4,20.4,20.4,20.4,20.4,20.4,20.4,20.4,20.4,20.4,20.3,20.4,20.4,20.4,20.3,20.4,20.3,20.4,20.4,20.5,20.4,20.4,20.5,20.4,20.5,20.5,20.4,20.5,20.4,20.4,20.4,20.4,20.4,20.4,20.4,20.4,20.5,20.4,20.4,20.5,20.4,20.5,20.4,20.4,20.5,20.4,20.4,20.4,20.4,20.3,0.0,0.0,0.0,0.0,0.0,0.0,0.0,0.0,,,,,,,,,
CWP4F7:KW,(                ),kW,0.0,0.0,0.0,0.0,0.0,0.0,0.0,0.0,0.0,0.0,0.0,0.0,0.0,0.0,0.0,0.0,0.0,0.0,0.0,0.0,0.0,0.0,0.0,0.0,0.0,0.0,0.0,0.0,0.0,0.0,0.0,0.0,0.0,0.0,0.0,0.0,0.0,0.0,0.0,0.0,0.0,0.0,0.0,0.0,0.0,0.0,0.0,0.0,0.0,0.0,0.0,0.0,0.0,0.0,0.0,29.7,29.6,29.6,29.5,29.5,29.5,29.4,29.5,29.3,29.3,29.3,29.5,29.3,29.4,29.5,29.4,29.4,29.5,29.5,29.5,29.4,29.4,29.4,29.4,29.3,29.5,29.4,29.4,29.4,29.4,29.4,29.5,29.5,29.5,29.6,29.5,29.4,29.4,29.5,29.5,29.5,29.5,29.6,29.5,29.5,29.6,29.6,29.6,29.4,29.6,29.6,29.5,29.6,29.5,29.5,29.5,29.5,29.5,29.6,29.5,29.5,29.6,29.6,29.5,29.6,29.6,29.5,29.5,29.5,29.4,29.5,29.5,29.6,29.6,29.6,29.5,29.6,29.5,29.7,0.0,,,,,,,,,
CWP5F7:KW,(                ),kW,0.0,0.0,0.0,0.0,0.0,0.0,0.0,0.0,0.0,0.0,0.0,0.0,0.0,0.0,0.0,0.0,0.0,0.0,0.0,0.0,0.0,0.0,0.0,0.0,0.0,0.0,0.0,0.0,0.0,0.0,0.0,0.0,0.0,0.0,0.0,0.0,0.0,0.0,0.0,0.0,0.0,0.0,0.0,0.0,0.0,0.0,0.0,0.0,0.0,0.0,0.0,0.0,0.0,0.0,0.0,0.0,0.0,0.0,0.0,0.0,0.0,0.0,0.0,0.0,0.0,0.0,0.0,0.0,0.0,0.0,0.0,0.0,0.0,0.0,0.0,0.0,0.0,0.0,0.0,0.0,0.0,0.0,0.0,0.0,0.0,0.0,0.0,0.0,0.0,0.0,0.0,0.0,0.0,0.0,0.0,0.0,0.0,0.0,0.0,0.0,0.0,0.0,0.0,0.0,0.0,0.0,0.0,0.0,0.0,0.0,0.0,0.0,0.0,0.0,0.0,0.0,0.0,0.0,0.0,0.0,0.0,0.0,0.0,0.0,0.0,0.0,0.0,0.0,0.0,0.0,0.0,0.0,0.0,0.0,0.0,,,,,,,,,
CWPF7-ALL.KW,(冷卻水泵系統功率),,0.0,0.0,0.0,0.0,0.0,0.0,0.0,0.0,0.0,0.0,0.0,0.0,0.0,0.0,0.0,0.0,0.0,0.0,0.0,0.0,0.0,0.0,0.0,0.0,0.0,0.0,0.0,0.0,0.0,0.0,0.0,0.0,0.0,0.0,0.0,0.0,0.0,0.0,0.0,0.0,0.0,0.0,0.0,0.0,0.0,0.0,0.0,0.0,0.0,0.0,0.0,30.5,30.4,30.4,30.3,80.5,80.4,80.4,80.3,80.2,80.2,79.8,80.1,79.5,79.7,79.7,80.0,79.9,80.0,80.0,80.0,79.8,80.1,80.2,80.0,80.0,80.0,79.9,79.8,79.8,80.1,79.9,80.1,79.9,80.0,80.1,80.0,80.0,80.1,80.2,80.2,79.9,80.0,80.0,80.3,80.1,80.2,80.2,80.0,80.2,80.2,80.3,80.4,80.1,80.5,80.4,80.2,80.3,80.2,80.2,80.3,80.1,80.3,80.3,80.1,80.2,80.5,80.4,80.4,80.4,80.2,80.4,80.0,80.0,80.1,80.1,80.1,59.9,60.1,60.0,59.8,59.9,59.8,60.2,30.4,,,,,,,,,
CH-B1-1.CST,(冰水送水溫度    ),DEG C,13.36,13.41,13.42,13.46,13.48,13.52,13.56,13.59,13.62,13.65,13.68,13.71,13.74,13.74,13.77,13.76,13.80,13.81,13.82,13.80,13.81,13.82,13.80,13.80,13.80,13.85,13.88,13.90,13.95,13.99,14.03,14.08,14.13,14.17,14.23,14.26,14.32,14.35,14.42,14.48,14.54,14.60,14.66,14.73,14.83,19.00,15.47,12.10,7.16,10.83,10.87,10.69,12.09,6.09,12.71,10.80,7.22,6.68,6.61,6.81,6.84,7.14,7.22,6.96,6.19,6.50,7.00,7.07,7.33,11.35,12.88,10.31,7.71,7.06,7.47,7.14,7.26,7.31,7.53,7.27,6.81,7.21,8.38,7.48,7.60,7.77,6.98,7.07,7.06,7.89,7.89,7.05,7.79,7.51,7.36,7.78,6.97,7.55,7.32,7.63,7.37,6.56,7.14,7.73,7.87,7.36,7.76,6.40,7.37,7.33,7.67,7.37,7.32,6.81,7.46,7.81,7.46,7.79,6.96,7.76,7.29,7.42,7.44,7.37,7.58,7.26,7.60,6.98,7.51,7.14,7.23,7.20,6.01,11.06,10.20,,,,,,,,,
CH-B1-2.CST,(冰水送水溫度    ),DEG C,13.27,13.30,13.33,13.38,13.42,13.46,13.50,13.52,13.58,13.61,13.63,13.64,13.71,13.70,13.70,13.75,13.81,13.72,13.76,13.70,13.73,13.71,13.76,13.79,13.84,13.69,13.89,14.01,14.11,14.25,14.19,14.33,14.25,14.33,14.41,14.45,14.55,14.63,14.62,14.65,14.66,14.67,14.75,14.83,14.85,20.12,18.98,15.53,8.92,10.48,7.93,10.52,7.42,7.40,12.51,10.71,8.46,11.31,10.58,11.05,10.58,8.78,11.29,7.41,11.11,8.97,11.44,10.86,10.70,11.05,12.21,9.62,7.99,10.59,9.98,11.72,8.33,10.89,8.71,10.72,9.60,11.44,9.18,7.59,11.08,8.55,10.86,10.65,7.25,11.30,8.18,11.16,11.15,7.68,10.88,8.99,11.48,9.91,7.33,11.37,7.44,11.16,7.67,11.18,8.58,10.75,9.98,11.21,10.28,9.70,11.33,7.53,10.95,7.45,11.58,7.77,10.68,9.67,10.84,10.46,7.48,10.98,7.79,10.94,8.34,10.65,9.74,10.76,10.51,7.51,11.02,7.79,10.08,11.65,11.98,,,,,,,,,
CHW.ST,(冰水總出水溫度  ),DEG C,13.7,13.8,13.8,13.8,13.8,13.9,13.9,13.9,13.9,14.0,14.0,14.0,14.0,14.0,14.1,14.1,14.1,14.1,14.2,14.2,14.2,14.2,14.2,14.2,14.3,14.3,14.3,14.3,14.3,14.4,14.4,14.4,14.4,14.5,14.5,14.6,14.7,14.9,15.0,15.0,15.1,15.2,15.3,15.4,15.5,19.4,16.5,13.0,8.0,10.6,9.5,10.6,9.7,6.6,12.6,10.9,7.8,8.9,8.6,8.9,8.7,7.7,9.2,7.2,8.6,7.5,9.2,9.0,9.0,11.3,12.5,10.0,7.8,8.8,8.7,9.4,7.8,9.1,8.1,9.0,8.2,9.3,8.8,7.5,9.3,8.2,8.9,8.9,7.1,9.6,8.1,9.1,9.5,7.6,9.1,8.4,9.2,8.7,7.3,9.5,7.4,8.8,7.4,9.4,8.2,9.0,8.9,8.8,8.8,8.1,9.5,7.4,9.1,7.1,9.5,7.8,9.0,8.8,8.9,9.1,7.4,9.2,7.6,9.1,8.0,9.0,8.7,8.8,9.0,7.3,9.1,7.5,8.2,11.3,11.2,,,,,,,,,
CH-B1-1.CRT,(冰水進水溫度    ),DEG C,14.08,14.17,14.30,14.42,14.50,14.63,14.71,14.79,14.89,14.94,15.03,15.11,15.17,15.24,15.30,15.36,15.39,15.42,15.44,15.44,15.46,15.47,15.47,15.48,15.48,15.50,15.49,15.49,15.48,15.48,15.47,15.48,15.49,15.50,15.51,15.53,15.54,15.56,15.58,15.62,15.64,15.67,15.69,15.73,15.72,20.19,19.24,16.34,13.33,10.84,11.97,10.72,12.08,10.75,12.75,14.49,12.11,10.43,11.49,10.35,11.53,10.79,11.50,11.10,11.35,11.25,11.68,10.80,11.67,11.25,12.91,14.01,11.70,10.94,11.80,12.09,11.94,11.29,11.70,11.22,11.93,11.81,12.39,11.43,11.71,11.95,11.10,12.16,11.60,11.83,11.93,11.02,11.96,11.59,11.53,12.07,11.99,12.22,11.24,11.82,11.57,11.82,11.93,11.66,11.99,11.50,12.07,11.44,12.11,11.23,11.82,11.44,11.55,11.80,12.16,11.66,11.49,11.98,11.05,12.02,11.32,11.58,11.65,11.59,11.74,11.28,11.82,10.94,11.74,11.16,11.41,11.39,10.06,11.07,12.47,,,,,,,,,
CH-B1-2.CRT,(冰水進水溫度    ),DEG C,14.03,14.08,14.14,14.19,14.23,14.29,14.34,14.39,14.47,14.51,14.56,14.60,14.65,14.70,14.74,14.79,14.82,14.86,14.89,14.93,14.97,15.01,15.07,15.12,15.16,15.21,15.27,15.31,15.35,15.39,15.44,15.48,15.54,15.59,15.63,15.70,15.73,15.78,15.84,15.89,15.94,15.99,16.05,16.10,16.19,19.72,18.94,15.36,13.11,10.54,11.90,10.48,12.38,12.33,12.57,15.01,12.94,11.29,11.76,11.01,11.71,10.57,11.28,11.19,11.13,11.10,11.45,10.72,11.29,11.05,12.25,13.83,11.59,10.56,11.41,11.72,11.69,10.87,11.52,10.70,11.72,11.45,11.89,11.01,11.09,11.72,10.87,11.91,11.34,11.31,11.68,10.66,11.55,11.36,10.90,11.69,11.46,11.83,10.69,11.37,11.21,11.16,11.57,11.16,11.56,10.72,11.55,11.24,11.60,10.62,11.33,11.06,10.96,11.60,11.58,11.23,10.70,11.53,10.83,11.48,10.95,10.99,11.31,10.93,11.39,10.62,11.42,10.75,11.41,11.00,11.03,11.33,10.05,11.07,12.50,,,,,,,,,
CHW.RT,(冰水總回水溫度  ),DEG C,13.0,13.6,14.1,14.6,15.0,15.4,15.8,16.0,16.4,16.6,16.9,17.2,17.5,17.7,17.9,18.1,18.3,18.5,18.7,18.9,19.1,19.3,19.4,19.5,19.7,19.6,19.8,19.8,20.0,20.1,20.2,20.2,20.3,20.4,20.5,20.6,20.6,20.8,20.9,20.9,21.1,21.1,21.2,21.3,21.3,19.4,19.5,17.0,13.9,10.8,12.2,11.1,13.3,12.5,12.2,14.5,12.8,11.2,11.5,10.8,11.6,11.2,11.4,11.5,11.2,11.6,11.7,11.3,11.5,11.5,11.8,14.3,12.2,11.0,11.7,12.1,12.2,10.9,11.8,11.2,12.1,11.8,12.2,11.6,11.2,12.1,11.3,12.1,12.0,11.5,12.1,11.2,11.7,11.9,11.2,12.0,12.0,12.1,11.3,11.5,11.9,11.4,12.1,11.3,12.0,11.2,11.9,11.7,11.9,11.3,11.5,11.7,11.1,12.1,11.8,11.7,11.0,11.8,11.2,11.7,11.6,11.1,11.7,11.1,11.8,11.1,11.6,11.2,11.6,11.5,11.1,11.7,9.9,10.5,11.9,,,,,,,,,
CH-B1-1.CHDT,(冰水溫差        ),DEG C,0.7,0.8,0.9,1.0,1.0,1.1,1.1,1.2,1.3,1.3,1.3,1.4,1.4,1.5,1.5,1.6,1.6,1.6,1.6,1.6,1.6,1.6,1.7,1.7,1.7,1.6,1.6,1.6,1.5,1.5,1.4,1.4,1.4,1.3,1.3,1.3,1.2,1.2,1.2,1.1,1.1,1.1,1.0,1.0,0.9,1.2,3.8,4.2,6.2,0.0,1.1,0.0, -0.0,4.8,0.0,3.7,4.9,3.8,4.9,3.5,4.7,3.6,4.3,4.1,5.2,4.8,4.7,3.7,4.3, -0.1,0.0,3.7,4.0,3.9,4.3,4.9,4.7,4.0,4.2,4.0,5.1,4.6,4.0,4.0,4.1,4.2,4.1,5.1,4.5,3.9,4.0,4.0,4.2,4.1,4.2,4.3,5.0,4.7,3.9,4.2,4.2,5.3,4.8,3.9,4.1,4.1,4.3,5.0,4.7,3.9,4.1,4.1,4.2,5.0,4.7,3.9,4.0,4.2,4.1,4.3,4.0,4.2,4.2,4.2,4.2,4.0,4.2,4.0,4.2,4.0,4.2,4.2,3.9,0.0,2.3,,,,,,,,,
CH-B1-2.CHDT,(冰水溫差        ),DEG C,0.8,0.8,0.8,0.8,0.8,0.8,0.8,0.9,0.9,0.9,0.9,1.0,0.9,1.0,1.0,1.0,1.0,1.1,1.1,1.2,1.2,1.3,1.3,1.3,1.3,1.5,1.4,1.3,1.2,1.1,1.2,1.2,1.3,1.3,1.2,1.2,1.2,1.2,1.2,1.2,1.3,1.3,1.3,1.3,1.3, -0.4, -0.0, -0.2,4.2,0.1,4.0, -0.0,5.0,4.9,0.1,4.3,4.5, -0.0,1.2, -0.0,1.1,2.3, -0.0,3.8,0.0,2.7,0.0, -0.2,0.6, -0.0,0.0,4.2,3.6, -0.0,1.4,0.0,3.4, -0.0,2.8, -0.0,2.1,0.0,2.7,3.4,0.0,3.2,0.0,1.3,4.1,0.0,3.5, -0.5,0.4,3.7,0.0,2.7, -0.0,1.9,3.4, -0.0,3.8, -0.0,3.9, -0.0,3.0, -0.0,1.5,0.0,1.3,2.0, -0.0,3.5,0.0,4.1,0.0,3.5,0.0,1.8, -0.0,1.0,3.5,0.0,3.5, -0.0,3.0, -0.0,1.6, -0.0,0.8,3.5,0.0,3.5, -0.0, -0.6,0.5,,,,,,,,,
CH-B1.CHDT,(冰水系統溫差    ),DEG C, -0.8, -0.2,0.3,0.8,1.2,1.5,1.9,2.1,2.4,2.7,2.9,3.2,3.4,3.6,3.8,4.0,4.1,4.4,4.5,4.7,4.9,5.1,5.2,5.3,5.4,5.3,5.5,5.5,5.6,5.7,5.8,5.8,5.9,6.0,6.0,6.0,5.9,5.9,5.9,5.9,6.0,5.9,5.9,5.9,5.8,0.0,3.0,4.0,5.9,0.2,2.6,0.5,3.6,5.9, -0.3,3.6,5.0,2.3,2.9,1.8,2.8,3.6,2.1,4.3,2.5,4.3,2.4,2.2,2.4,0.3, -0.7,4.3,4.4,2.2,2.9,2.7,4.4,1.8,3.7,2.2,3.9,2.5,3.4,4.1,2.0,4.0,2.4,3.3,4.9,1.9,4.0,2.1,2.2,4.3,2.1,3.6,2.8,3.4,4.0,2.1,4.5,2.6,4.7,1.8,3.8,2.2,2.9,2.9,3.0,3.5,2.1,4.3,2.0,4.9,2.3,3.9,2.0,3.0,2.3,2.7,4.2,2.0,4.1,1.9,3.8,2.0,2.9,2.4,2.6,4.3,2.0,4.2,1.5, -0.8,0.7,,,,,,,,,
CH-B1-1.CFM,(流量回受值      ),,8,6,8,8,8,8,6,8,8,8,8,8,8,8,8,8,8,8,6,8,8,8,8,8,8,8,8,8,8,8,8,8,8,8,8,8,6,6,8,8,8,8,6,8,8,5287,5224,5046,3022,2942,2958,2963,2996,2985,3239,3588,3690,3774,3799,3828,3861,4567,4276,4259,3183,3818,3957,4492,4276,3104,3623,4063,4505,4284,4267,3812,3955,4621,4366,4259,3387,4032,4821,4582,4456,4303,4289,3479,4045,4830,4696,4471,4453,4422,4334,4314,3584,4021,4700,4406,4299,3165,3876,4834,4574,4363,4254,3324,3904,4808,4539,4337,4311,3627,4001,4863,4565,4469,4285,4349,4318,4334,4330,4309,4327,4367,4336,4316,4336,4337,4318,4315,3474,3180,3414,,,,,,,,,
CH-B1-2.CFM,(流量回受值      ),,6,4,6,6,6,6,6,4,6,6,6,6,6,4,6,6,6,4,6,6,6,6,6,6,4,6,6,4,6,6,4,6,6,6,6,6,6,6,6,4,6,6,6,4,6,1986,1727,1469,2572,2631,2632,2706,2638,2684,2859,3032,3149,3175,3160,3203,3215,3832,3582,3601,2889,3181,3327,3779,3513,2778,3006,3366,3816,3614,3508,3134,3314,3872,3629,3571,2966,3368,3859,3831,3710,3615,3618,3026,3369,3930,3864,3779,3689,3711,3653,3581,3026,3338,3877,3680,3609,2856,3248,3982,3809,3655,3563,2985,3322,3908,3736,3693,3586,3022,3374,3957,3809,3711,3685,3623,3651,3652,3645,3647,3651,3683,3646,3697,3650,3642,3644,3618,2966,2764,2989,,,,,,,,,
CH-B1.CFM,(冰水系統總流量  ),,0,0,0,0,0,0,0,0,0,0,0,0,0,0,0,0,0,0,0,0,0,0,0,0,0,0,0,0,0,0,0,0,0,0,0,0,0,0,0,0,0,0,0,0,0,5287,5224,5046,5594,5574,5589,5669,5634,5669,6110,6621,6845,6944,6959,7032,7064,8394,7859,7875,6052,6998,7298,8272,7790,5872,6629,7432,8313,7898,7775,6944,7269,8510,7996,7832,6325,7405,8685,8414,8149,7919,7902,6506,7397,8759,8537,8238,8142,8133,7988,7891,6610,7364,8578,8098,7908,6036,7126,8815,8353,7995,7834,6315,7227,8697,8307,8021,7898,6654,7376,8814,8388,8180,7970,7973,8004,7974,7976,7954,7967,8028,8020,8013,7987,7979,7959,7942,6440,5945,6404,,,,,,,,,
CH-B1-1.CWST,(冷卻水進水溫度  ),DEG C,30.38,30.37,30.37,30.37,30.36,30.36,30.35,30.35,30.34,30.34,30.33,30.32,30.32,30.31,30.30,30.29,30.29,30.28,30.28,30.27,30.26,30.25,30.24,30.24,30.23,30.22,30.22,30.20,30.20,30.19,30.18,30.17,30.16,30.15,30.15,30.14,30.13,30.12,30.11,30.10,30.09,30.08,30.07,30.06,30.05,26.83,27.75,30.52,31.25,28.57,28.11,31.76,32.05,31.63,28.36,29.48,31.06,29.58,28.49,31.82,31.17,30.96,28.29,29.16,28.70,28.51,28.20,29.18,28.39,29.50,28.47,31.30,31.21,30.57,28.87,28.85,28.66,29.26,28.78,29.85,28.53,29.07,28.85,30.31,29.66,29.06,30.27,28.71,29.73,29.02,28.98,30.25,28.70,29.67,29.36,28.43,29.03,28.25,29.83,28.60,29.13,28.79,28.52,28.77,28.36,29.64,28.10,29.42,27.87,29.01,27.93,30.83,29.25,28.21,27.76,30.88,29.56,27.91,29.21,28.14,31.79,28.96,28.13,28.23,29.61,30.92,28.08,29.08,28.36,31.46,29.10,28.22,28.21,27.30,27.84,,,,,,,,,
CH-B1-2.CWST,(冷卻水進水溫度  ),DEG C,29.98,29.99,30.00,30.00,30.00,30.01,30.01,30.02,30.02,30.02,30.02,30.03,30.03,30.03,30.03,30.03,30.03,30.03,30.03,30.02,30.02,30.02,30.02,30.02,30.01,30.01,30.01,30.00,30.00,30.00,30.00,29.99,29.99,29.99,29.98,29.97,29.97,29.97,29.96,29.95,29.95,29.95,29.94,29.93,29.93,29.92,29.91,29.90,31.27,28.56,28.12,31.77,32.05,31.62,28.38,29.47,31.08,29.60,28.51,31.81,31.19,30.98,28.32,29.16,28.73,28.53,28.23,29.18,28.41,29.51,28.50,31.29,31.22,30.59,28.89,28.87,28.67,29.28,28.79,29.89,28.56,29.09,28.87,30.32,29.69,29.07,30.30,28.74,29.73,29.05,28.99,30.27,28.73,29.68,29.39,28.45,29.08,28.26,29.85,28.62,29.15,28.82,28.53,28.80,28.38,29.67,28.12,29.43,27.90,29.02,27.97,30.83,29.28,28.23,27.78,30.88,29.60,27.93,29.22,28.13,31.78,29.00,28.15,28.25,29.61,30.96,28.11,29.10,28.36,31.45,29.14,28.23,28.23,27.31,27.84,,,,,,,,,
CW.ST,(冷卻水總出水溫度),DEG C,29.87,29.85,29.83,29.80,29.77,29.74,29.70,29.67,29.63,29.59,29.55,29.51,29.47,29.44,29.40,29.36,29.33,29.30,29.26,29.22,29.19,29.15,29.12,29.09,29.05,29.02,28.98,28.95,28.92,28.89,28.85,28.83,28.79,28.76,28.74,28.70,28.67,28.65,28.62,28.59,28.56,28.53,28.50,28.48,28.45,27.65,30.93,34.23,34.61,28.44,29.66,31.67,33.67,35.03,28.32,32.18,34.90,31.27,30.92,33.20,33.57,34.33,30.31,32.91,30.72,31.78,30.22,31.03,30.49,29.47,28.51,34.53,34.99,32.45,31.47,30.84,32.04,31.27,31.97,31.83,31.27,31.08,32.22,34.01,31.69,32.52,32.28,31.16,33.44,31.15,32.62,32.32,30.77,33.41,31.46,31.43,31.16,31.03,33.51,30.64,32.90,30.83,32.08,30.83,31.82,31.70,30.82,31.35,30.42,32.35,30.02,34.49,31.35,31.81,29.78,34.60,31.71,30.79,31.19,30.47,35.33,31.07,31.77,30.27,32.96,32.89,30.88,31.12,30.53,35.01,31.23,31.84,29.73,27.35,28.61,,,,,,,,,
CH-B1-1.CWRT,(冷卻水出水溫度  ),,30.32,30.32,30.31,30.30,30.29,30.27,30.26,30.24,30.23,30.21,30.19,30.18,30.15,30.14,30.12,30.10,30.08,30.06,30.04,30.02,30.00,29.97,29.95,29.93,29.91,29.89,29.86,29.84,29.82,29.79,29.77,29.75,29.72,29.70,29.68,29.65,29.63,29.61,29.58,29.56,29.54,29.51,29.49,29.47,29.45,27.79,31.03,34.29,35.24,28.52,28.70,31.73,31.98,35.01,28.36,31.94,35.05,32.81,32.45,34.71,35.12,34.66,32.33,33.09,32.65,32.44,32.21,32.86,32.43,29.56,28.53,34.33,35.17,34.26,32.91,32.84,32.64,33.26,32.79,33.65,32.51,33.06,32.97,34.27,33.69,33.06,34.21,32.74,33.64,33.13,33.00,34.17,32.79,33.63,33.41,32.48,33.08,32.24,33.80,32.66,33.11,32.77,32.50,32.84,32.43,33.66,32.18,33.30,31.92,32.99,32.04,34.71,33.32,32.19,31.81,34.82,33.65,32.00,33.15,32.10,35.62,33.05,32.16,32.28,33.57,34.77,32.18,33.02,32.30,35.28,33.18,32.22,31.24,27.31,29.51,,,,,,,,,
CH-B1-2.CWRT,(冷卻水出水溫度  ),,30.59,30.57,30.55,30.53,30.50,30.48,30.46,30.44,30.42,30.40,30.38,30.36,30.34,30.32,30.30,30.28,30.26,30.24,30.22,30.20,30.18,30.16,30.14,30.12,30.10,30.08,30.06,30.04,30.02,30.00,29.97,29.95,29.93,29.91,29.89,29.87,29.85,29.83,29.81,29.78,29.76,29.74,29.72,29.70,29.68,29.65,29.62,29.56,34.10,28.57,30.85,31.77,35.55,35.22,28.46,32.69,34.87,29.80,29.48,31.86,32.12,33.89,28.41,32.87,28.87,31.01,28.31,29.41,28.75,29.56,28.63,34.94,34.96,30.73,30.19,28.94,31.58,29.39,31.32,30.07,30.17,29.19,31.58,33.89,29.79,32.13,30.47,29.69,33.39,29.22,32.43,30.69,28.92,33.37,29.57,30.65,29.29,29.97,33.38,28.72,32.84,28.97,31.81,28.91,31.35,29.81,29.60,29.53,29.04,31.41,28.09,34.39,29.45,31.58,27.86,34.51,29.82,29.72,29.35,28.99,35.20,29.16,31.55,28.37,32.51,31.12,29.73,29.34,28.95,34.90,29.33,31.63,28.34,27.63,27.97,,,,,,,,,
CW.RT,(冷卻水總回水溫度),DEG C,29.94,29.91,29.86,29.82,29.77,29.72,29.67,29.62,29.57,29.51,29.46,29.41,29.37,29.31,29.27,29.22,29.17,29.13,29.08,29.04,28.99,28.95,28.90,28.87,28.83,28.78,28.75,28.71,28.68,28.64,28.60,28.57,28.53,28.49,28.46,28.43,28.40,28.37,28.33,28.30,28.27,28.24,28.21,28.19,28.15,26.88,27.80,30.53,31.23,28.59,28.14,31.76,32.07,31.67,28.35,29.53,31.03,29.57,28.49,31.85,31.15,30.96,28.29,29.18,28.68,28.52,28.19,29.20,28.38,29.52,28.45,31.34,31.21,30.58,28.87,28.85,28.67,29.26,28.78,29.79,28.53,29.08,28.86,30.32,29.64,29.08,30.27,28.69,29.75,29.00,29.00,30.26,28.69,29.69,29.35,28.43,29.00,28.27,29.82,28.59,29.14,28.77,28.52,28.77,28.37,29.59,28.10,29.42,27.86,29.02,27.91,30.87,29.22,28.22,27.77,30.90,29.53,27.92,29.23,28.20,31.82,28.93,28.15,28.21,29.62,30.86,28.06,29.07,28.41,31.50,29.05,28.24,28.19,27.31,27.87,,,,,,,,,
CH-B1-1.CWDT,(冷卻水溫差      ),DEG C, -0.1, -0.1, -0.1, -0.1, -0.1, -0.1, -0.1, -0.1, -0.1, -0.1, -0.1, -0.1, -0.2, -0.2, -0.2, -0.2, -0.2, -0.2, -0.2, -0.2, -0.3, -0.3, -0.3, -0.3, -0.3, -0.3, -0.4, -0.4, -0.4, -0.4, -0.4, -0.4, -0.4, -0.5, -0.5, -0.5, -0.5, -0.5, -0.5, -0.5, -0.6, -0.6, -0.6, -0.6, -0.6,1.0,3.3,3.8,4.0, -0.1,0.6, -0.0, -0.1,3.4,0.0,2.5,4.0,3.3,4.0,2.9,3.9,3.7,4.0,3.9,4.0,3.9,4.0,3.7,4.1,0.1,0.1,3.0,4.0,3.7,4.0,4.0,4.0,4.0,4.0,3.8,4.0,4.0,4.1,4.0,4.0,4.0,3.9,4.0,3.9,4.1,4.0,3.9,4.1,4.0,4.1,4.1,4.1,4.0,4.0,4.1,4.0,4.0,4.0,4.1,4.1,4.0,4.1,3.9,4.0,4.0,4.1,3.9,4.1,4.0,4.0,3.9,4.1,4.1,3.9,4.0,3.8,4.1,4.0,4.0,4.0,3.8,4.1,4.0,3.9,3.8,4.1,4.0,3.0,0.0,1.7,,,,,,,,,
CH-B1-2.CWDT,(冷卻水溫差      ),DEG C,0.6,0.6,0.5,0.5,0.5,0.5,0.4,0.4,0.4,0.4,0.4,0.3,0.3,0.3,0.3,0.3,0.2,0.2,0.2,0.2,0.2,0.1,0.1,0.1,0.1,0.1,0.0,0.0,0.0, -0.0, -0.0, -0.0, -0.1, -0.1, -0.1, -0.1, -0.1, -0.1, -0.2, -0.2, -0.2, -0.2, -0.2, -0.2, -0.3, -0.3, -0.3, -0.3,2.8,0.0,2.7, -0.0,3.5,3.6,0.1,3.2,3.8,0.2,1.0,0.0,0.9,3.0,0.1,3.7,0.1,2.7,0.1,0.2,0.3,0.1,0.1,3.6,3.7,0.1,1.3,0.1,2.9,0.1,2.5,0.2,1.6,0.1,2.7,3.6,0.1,3.0,0.2,0.9,3.7,0.2,3.4,0.4,0.2,3.7,0.2,2.2,0.2,1.7,3.5,0.1,3.7,0.1,3.3,0.1,3.0,0.1,1.4,0.1,1.1,2.9,0.1,3.6,0.2,3.3,0.1,3.6,0.2,1.8,0.1,0.9,3.4,0.2,3.4,0.1,2.9,0.2,1.6,0.2,0.5,3.5,0.2,3.4,0.1,0.3,0.1,,,,,,,,,
CH-B1.CWDT,(冷卻水系統溫差  ),DEG C, -0.1, -0.1, -0.0, -0.0,0.0,0.0,0.0,0.0,0.1,0.1,0.1,0.1,0.1,0.1,0.1,0.2,0.2,0.2,0.2,0.2,0.2,0.2,0.2,0.2,0.2,0.2,0.2,0.2,0.2,0.3,0.3,0.3,0.3,0.3,0.3,0.3,0.3,0.3,0.3,0.3,0.3,0.3,0.3,0.3,0.3,0.7,3.1,3.7,3.4, -0.2,1.5, -0.1,1.6,3.4, -0.0,2.6,3.9,1.7,2.4,1.4,2.4,3.4,2.0,3.7,2.0,3.4,2.0,1.8,2.1, -0.0,0.1,3.2,3.8,1.9,2.6,2.0,3.4,2.0,3.2,2.0,2.7,2.0,3.3,3.7,2.0,3.4,2.0,2.5,3.7,2.2,3.6,2.1,2.1,3.7,2.1,3.0,2.2,2.8,3.7,2.0,3.8,2.1,3.5,2.1,3.5,2.1,2.7,1.9,2.5,3.5,2.1,3.6,2.1,3.6,2.0,3.7,2.2,2.9,2.0,2.3,3.5,2.1,3.6,2.1,3.3,2.0,2.8,2.0,2.1,3.5,2.2,3.6,1.5,0.1,0.7,,,,,,,,,
CH-B1-1.CWFM,(流量回受值      ),,6,6,6,6,6,6,6,6,6,6,6,6,6,6,6,6,6,6,6,6,7,7,7,7,7,7,5,5,5,7,5,7,5,7,5,7,5,5,5,5,7,7,5,5,5,5835,5892,6027,5031,4922,4902,5018,4963,5063,4917,5007,5107,5061,5025,5160,5062,5097,5008,5042,4968,4976,4999,5023,4983,4962,4893,5094,5049,5142,5050,5026,4992,5092,5036,5148,5046,5067,5016,5111,5114,5092,5139,4989,5104,5095,5049,5124,5011,5110,5152,5013,5095,4960,5168,5019,5097,4994,4977,5002,4999,5113,4968,5097,4949,5071,4951,5129,5110,4943,4997,5113,5160,4972,5084,4974,5061,5109,4972,5014,5094,5177,4967,5075,4997,5021,5115,4966,5016,4937,4942,,,,,,,,,
CH-B1-2.CWFM,(流量回受值      ),, -2, -2,0,0,0,0,0, -2,0,0,0,0,0,0,0,0,0,0,0,0,0,0,0,0,0,0,0,0,0,0,0,0,0,0,0,0,0,0,0,0,0,0,0,0,0,0,0,0,4999,4952,4992,4991,5056,5078,4941,4999,5056,4977,4963,4999,5015,5003,4934,5003,4952,4954,4918,4943,4934,4934,4938,5011,5041,4979,4936,4951,4958,4941,4936,4949,4942,4946,4964,4987,4949,4994,4962,4947,4985,4949,4979,4975,4940,4974,4945,4948,4949,4937,4961,4924,4972,4962,4991,4973,4937,4908,4934,4963,4945,4984,4895,4973,4963,4967,4911,4994,4936,4914,4934,4917,5028,4963,4942,4917,4972,4937,4946,4947,4920,5026,4956,4975,4897,4916,4896,,,,,,,,,
CH-B1.CWFM,(冷卻水系統總流量),,0,0,0,0,0,0,0,0,0,0,0,0,0,0,0,0,0,0,0,0,0,0,0,0,0,0,0,0,0,0,0,0,0,0,0,0,0,0,0,0,0,0,0,0,0,5835,5892,6027,10022,9875,9870,10009,10019,10141,9882,10006,10158,10058,9973,10160,10079,10124,9943,10040,9904,9922,9901,9966,9909,9898,9832,10104,10100,10122,9987,9977,9950,10037,9973,10104,9989,10024,9976,10098,10074,10086,10106,9936,10101,10039,10034,10087,9952,10084,10097,9937,10044,9906,10129,9956,10069,9952,9966,9961,9934,10042,9910,10063,9894,10044,9865,10102,10073,9908,9909,10097,10106,9886,10019,9891,10067,10064,9914,9932,10065,10106,9905,10022,9918,10039,10072,9938,9914,9854,9827,,,,,,,,,
CH1B1:KW,(                ),kW,0.5,0.5,0.5,0.5,0.5,0.5,0.5,0.5,0.5,0.5,0.5,0.5,0.5,0.5,0.5,0.5,0.5,0.5,0.5,0.5,0.5,0.5,0.5,0.5,0.5,0.5,0.5,0.5,0.5,0.5,0.5,0.5,0.5,0.5,0.5,0.5,0.5,0.5,0.5,0.5,0.5,0.5,0.5,0.5,0.5,0.5,0.5,0.5,0.5,0.5,0.5,0.5,0.5,0.5,0.5,0.5,0.5,0.5,0.5,0.5,0.5,0.5,0.5,0.5,0.5,0.5,0.5,0.5,0.5,0.5,0.5,0.5,0.5,0.5,0.5,0.5,0.5,0.5,0.5,0.5,0.5,0.5,0.5,0.5,0.5,0.5,0.5,0.5,0.5,0.5,0.5,0.5,0.5,0.5,0.5,0.5,0.5,0.5,0.5,0.5,0.5,0.5,0.5,0.5,0.5,0.5,0.5,0.5,0.5,0.5,0.5,0.5,0.5,0.5,0.5,0.5,0.5,0.5,0.5,0.5,0.5,0.5,0.5,0.5,0.5,0.5,0.5,0.5,0.5,0.5,0.5,0.5,0.5,0.5,0.5,,,,,,,,,
CH2B1:KW,(                ),kW,0.5,0.5,0.5,0.5,0.5,0.5,0.5,0.5,0.5,0.5,0.5,0.5,0.5,0.5,0.5,0.5,0.5,0.5,0.5,0.5,0.5,0.5,0.5,0.5,0.5,0.5,0.5,0.5,0.5,0.5,0.5,0.5,0.5,0.5,0.5,0.5,0.5,0.5,0.5,0.5,0.5,0.5,0.5,0.5,0.5,0.5,0.5,0.5,0.5,0.5,0.5,0.5,0.5,0.5,0.5,0.5,0.5,0.5,0.5,0.5,0.5,0.5,0.5,0.5,0.5,0.5,0.5,0.5,0.5,0.5,0.5,0.5,0.5,0.5,0.5,0.5,0.5,0.5,0.5,0.5,0.5,0.5,0.5,0.5,0.5,0.5,0.5,0.5,0.5,0.5,0.5,0.5,0.5,0.5,0.5,0.5,0.5,0.5,0.5,0.5,0.5,0.5,0.5,0.5,0.5,0.5,0.5,0.5,0.5,0.5,0.5,0.5,0.5,0.5,0.5,0.5,0.5,0.5,0.5,0.5,0.5,0.5,0.5,0.5,0.5,0.5,0.5,0.5,0.5,0.5,0.5,0.5,0.5,0.5,0.5,,,,,,,,,
CHB1-ALL.KW,(冰機系統功率    ),,1.1,1.1,1.1,1.1,1.1,1.1,1.1,1.1,1.1,1.1,1.1,1.1,1.1,1.1,1.1,1.1,1.1,1.1,1.1,1.1,1.1,1.1,1.1,1.1,1.1,1.1,1.1,1.1,1.1,1.1,1.1,1.1,1.1,1.1,1.1,1.1,1.1,1.1,1.1,1.1,1.1,1.1,1.1,1.1,1.1,1.1,1.1,1.1,1.1,1.1,1.1,1.1,1.1,1.1,1.1,1.1,1.1,1.1,1.1,1.1,1.1,1.1,1.1,1.1,1.1,1.1,1.1,1.1,1.1,1.1,1.1,1.1,1.1,1.1,1.1,1.1,1.1,1.1,1.1,1.1,1.1,1.1,1.1,1.1,1.1,1.1,1.1,1.1,1.1,1.1,1.1,1.1,1.1,1.1,1.1,1.1,1.1,1.1,1.1,1.1,1.1,1.1,1.1,1.1,1.1,1.1,1.1,1.1,1.1,1.1,1.1,1.1,1.1,1.1,1.1,1.1,1.1,1.1,1.1,1.1,1.1,1.1,1.1,1.1,1.1,1.1,1.1,1.1,1.1,1.1,1.1,1.1,1.1,1.1,1.1,,,,,,,,,
CH-B1-1.TON,(冷凍頓          ),,0,0,0,0,0,0,0,0,0,0,0,0,0,0,0,0,0,0,0,0,0,0,0,0,0,0,0,0,0,0,0,0,0,0,0,0,0,0,0,0,0,0,0,0,0,123,390,424,370,0,63,1,0,281,2,260,358,281,367,267,358,329,363,350,324,360,368,332,368,0,1,297,356,329,366,374,367,365,361,334,341,368,383,359,361,359,349,347,363,378,376,351,368,357,359,366,357,372,365,365,358,330,368,376,372,357,364,332,367,370,372,349,362,359,373,372,364,371,347,368,345,357,361,359,357,344,363,346,362,346,357,359,273,0,153,,,,,,,,,
CH-B1-2.TON,(冷凍頓          ),,0,0,0,0,0,0,0,0,0,0,0,0,0,0,0,0,0,0,0,0,0,0,0,0,0,0,0,0,0,0,0,0,0,0,0,0,0,0,0,0,0,0,0,0,0,0,0,0,213,3,207,0,259,262,3,258,279,0,73,0,71,171,0,270,1,167,0,0,40,0,2,281,272,0,98,0,220,0,201,0,123,1,207,259,0,225,0,74,273,0,268,0,27,270,1,190,0,127,258,0,270,0,249,0,223,0,107,1,83,157,0,258,0,248,0,270,1,133,0,73,251,0,253,0,219,0,117,0,61,252,0,251,0,0,29,,,,,,,,,
CH-B1.TON,(冰水系統冷凍頓  ),,0,0,0,0,0,0,0,0,0,0,0,0,0,0,0,0,0,0,0,0,0,0,0,0,0,0,0,0,0,0,0,0,0,0,0,0,0,0,0,0,0,0,0,0,0,0,313,403,655,16,293,54,403,658,0,471,685,311,402,257,398,593,329,678,304,591,354,367,375,30,0,631,722,346,450,369,633,308,581,346,484,366,591,678,316,622,368,418,717,331,684,345,354,697,330,561,371,499,681,331,703,306,664,316,623,353,458,367,436,602,342,677,314,649,335,687,330,491,361,421,664,312,649,309,600,324,466,385,407,675,320,660,197,0,91,,,,,,,,,
CH-B1-1.KW/RT,(冰機效率        ),,0.00,0.00,0.00,0.00,0.00,0.00,0.00,0.00,0.00,0.00,0.00,0.00,0.00,0.00,0.00,0.00,0.00,0.00,0.00,0.00,0.00,0.00,0.00,0.00,0.00,0.00,0.00,0.00,0.00,0.00,0.00,0.00,0.00,0.00,0.00,0.00,0.00,0.00,0.00,0.00,0.00,0.00,0.00,0.00,0.00,0.00,0.00,0.00,0.00,0.00,0.00,0.00,0.00,0.00,0.00,0.00,0.00,0.00,0.00,0.00,0.00,0.00,0.00,0.00,0.00,0.00,0.00,0.00,0.00,0.00,0.00,0.00,0.00,0.00,0.00,0.00,0.00,0.00,0.00,0.00,0.00,0.00,0.00,0.00,0.00,0.00,0.00,0.00,0.00,0.00,0.00,0.00,0.00,0.00,0.00,0.00,0.00,0.00,0.00,0.00,0.00,0.00,0.00,0.00,0.00,0.00,0.00,0.00,0.00,0.00,0.00,0.00,0.00,0.00,0.00,0.00,0.00,0.00,0.00,0.00,0.00,0.00,0.00,0.00,0.00,0.00,0.00,0.00,0.00,0.00,0.00,0.00,0.00,0.00,0.00,,,,,,,,,
CH-B1-2.KW/RT,(冰機效率        ),,0.00,0.00,0.00,0.00,0.00,0.00,0.00,0.00,0.00,0.00,0.00,0.00,0.00,0.00,0.00,0.00,0.00,0.00,0.00,0.00,0.00,0.00,0.00,0.00,0.00,0.00,0.00,0.00,0.00,0.00,0.00,0.00,0.00,0.00,0.00,0.00,0.00,0.00,0.00,0.00,0.00,0.00,0.00,0.00,0.00,0.00,0.00,0.00,0.00,0.00,0.00,0.00,0.00,0.00,0.00,0.00,0.00,0.00,0.00,0.00,0.00,0.00,0.00,0.00,0.00,0.00,0.00,0.00,0.00,0.00,0.00,0.00,0.00,0.00,0.00,0.00,0.00,0.00,0.00,0.00,0.00,0.00,0.00,0.00,0.00,0.00,0.00,0.00,0.00,0.00,0.00,0.00,0.00,0.00,0.00,0.00,0.00,0.00,0.00,0.00,0.00,0.00,0.00,0.00,0.00,0.00,0.00,0.00,0.00,0.00,0.00,0.00,0.00,0.00,0.00,0.00,0.00,0.00,0.00,0.00,0.00,0.00,0.00,0.00,0.00,0.00,0.00,0.00,0.00,0.00,0.00,0.00,0.00,0.00,0.00,,,,,,,,,
CH-B1.KW/RT,(冰水系統效率    ),,0.00,0.00,0.00,0.00,0.00,0.00,0.00,0.00,0.00,0.00,0.00,0.00,0.00,0.00,0.00,0.00,0.00,0.00,0.00,0.00,0.00,0.00,0.00,0.00,0.00,0.00,0.00,0.00,0.00,0.00,0.00,0.00,0.00,0.00,0.00,0.00,0.00,0.00,0.00,0.00,0.00,0.00,0.00,0.00,0.00,0.00,0.00,0.00,0.00,0.00,0.00,0.00,0.00,0.00,0.00,0.00,0.00,0.00,0.00,0.00,0.00,0.00,0.00,0.00,0.00,0.00,0.00,0.00,0.00,0.00,0.00,0.00,0.00,0.00,0.00,0.00,0.00,0.00,0.00,0.00,0.00,0.00,0.00,0.00,0.00,0.00,0.00,0.00,0.00,0.00,0.00,0.00,0.00,0.00,0.00,0.00,0.00,0.00,0.00,0.00,0.00,0.00,0.00,0.00,0.00,0.00,0.00,0.00,0.00,0.00,0.00,0.00,0.00,0.00,0.00,0.00,0.00,0.00,0.00,0.00,0.00,0.00,0.00,0.00,0.00,0.00,0.00,0.00,0.00,0.00,0.00,0.00,0.00,0.00,0.00,,,,,,,,,
CW-B1-1.TON,(冷凍頓          ),,0,0,0,0,0,0,0,0,0,0,0,0,0,0,0,0,0,0,0,0,0,0,0,0,0,0,0,0,0,0,0,0,0,0,0,0,0,0,0,0,0,0,0,0,0,110,383,450,398,0,54,0,0,341,0,243,403,318,394,296,395,375,399,394,389,387,397,367,400,6,5,304,398,376,404,397,394,404,400,387,398,403,409,402,407,405,401,398,395,416,403,397,406,401,414,403,410,394,407,403,402,394,393,402,403,407,403,392,395,398,402,394,413,390,401,399,419,403,397,391,383,413,397,402,400,391,404,400,390,382,414,394,301,1,163,,,,,,,,,
CW-B1-2.TON,(冷凍頓          ),,0,0,0,0,0,0,0,0,0,0,0,0,0,0,0,0,0,0,0,0,0,0,0,0,0,0,0,0,0,0,0,0,0,0,0,0,0,0,0,0,0,0,0,0,0,0,0,0,279,0,270,0,350,362,7,319,379,18,95,5,89,301,8,367,12,265,7,27,31,5,12,363,372,13,126,6,285,11,245,16,156,10,263,354,8,302,17,92,362,16,337,43,17,364,17,211,20,167,347,9,364,13,323,9,288,11,141,9,107,286,11,352,16,328,7,359,21,174,12,84,340,15,332,10,285,14,153,23,50,344,17,333,9,33,8,,,,,,,,,
CW-B1.TON,(冷卻水系統冷凍頓),,0,0,0,0,0,0,0,0,0,0,0,0,0,0,0,0,0,0,0,0,0,0,0,0,0,0,0,0,0,0,0,0,0,0,0,0,0,0,0,0,0,0,0,0,0,86,365,441,671,0,295,0,315,677,0,523,776,329,479,272,480,688,397,745,400,661,395,365,414,0,11,638,757,376,513,393,663,399,625,405,539,399,661,740,403,686,403,484,739,430,720,416,411,744,422,584,431,544,743,404,750,407,701,406,679,412,533,385,497,691,408,726,424,703,396,739,437,564,388,445,698,428,713,404,665,399,548,408,407,701,430,709,300,13,142,,,,,,,,,
CH-B1-1.HB,(                ),,0.00,0.00,0.00,0.00,0.00,0.00,0.00,0.00,0.00,0.00,0.00,0.00,0.00,0.00,0.00,0.00,0.00,0.00,0.00,0.00,0.00,0.00,0.00,0.00,0.00,0.00,0.00,0.00,0.00,0.00,0.00,0.00,0.00,0.00,0.00,0.00,0.00,0.00,0.00,0.00,0.00,0.00,0.00,0.00,0.00,12.39,2.01, -5.91, -6.94,0.00,16.91,0.00,0.00, -17.45,9076.06,7.49, -10.60, -12.22, -6.51, -9.67, -9.52, -12.00, -9.11, -11.13, -17.24, -7.00, -7.26, -9.18, -8.12, -97.50, -75.25, -2.18, -10.57, -12.36, -9.27, -5.72, -7.25, -9.68, -10.08, -13.77, -14.36, -8.52, -6.21, -10.56, -11.25, -11.31, -12.98, -12.71, -8.27, -9.07, -6.79, -11.57, -9.49, -10.81, -13.34, -9.03, -12.77, -5.46, -10.33, -9.25, -10.81, -15.91, -6.22, -6.31, -8.01, -12.33, -9.52, -15.16, -7.13, -6.93, -7.46, -11.25, -12.36, -7.88, -7.20, -6.74, -13.04, -8.12, -12.51, -5.78, -8.59, -13.48, -9.13, -10.65, -10.62, -11.82, -9.92, -13.39, -7.11, -9.32, -13.58, -8.98, -9.32, -15.68, -5.36,,,,,,,,,
CH-B1-2.HB,(                ),,0.00,0.00,0.00,0.00,0.00,0.00,0.00,0.00,0.00,0.00,0.00,0.00,0.00,0.00,0.00,0.00,0.00,0.00,0.00,0.00,0.00,0.00,0.00,0.00,0.00,0.00,0.00,0.00,0.00,0.00,0.00,0.00,0.00,0.00,0.00,0.00,0.00,0.00,0.00,0.00,0.00,0.00,0.00,0.00,0.00,0.00,0.00,0.00, -23.50,50748.23, -23.26,0.00, -25.98, -27.54, -52.02, -19.08, -26.34, -99.17, -21.54, -97.08, -19.67, -42.97, -98.11, -26.49, -91.17, -37.00, -88.33, -99.43,27.08, -97.17, -76.78, -22.48, -26.91, -98.88, -21.49, -91.36, -22.65, -98.62, -17.51, -99.06, -20.76, -84.71, -21.36, -26.95, -95.64, -25.18, -91.19, -18.91, -24.65, -96.62, -21.79, -99.65,59.62, -25.82, -92.03, -10.17, -99.26, -24.08, -25.51, -98.34, -25.75, -98.88, -22.61, -98.42, -22.77, -98.70, -24.14, -82.82, -22.77, -44.90, -98.61, -26.39, -94.66, -24.29, -92.78, -24.64, -91.96, -25.82, -98.71, -12.20, -26.21, -96.47, -23.77, -98.51, -22.84, -98.95, -23.77, -99.35,22.33, -26.75, -94.71, -24.48, -98.33, -99.53,311.73,,,,,,,,,
CH-B1.HB,(                ),,0.00,0.00,0.00,0.00,0.00,0.00,0.00,0.00,0.00,0.00,0.00,0.00,0.00,0.00,0.00,0.00,0.00,0.00,0.00,0.00,0.00,0.00,0.00,0.00,0.00,0.00,0.00,0.00,0.00,0.00,0.00,0.00,0.00,0.00,0.00,0.00,0.00,0.00,0.00,0.00,0.00,0.00,0.00,0.00,0.00, -99.08, -14.22, -8.66, -2.39,0.00, -0.93,0.00,28.04, -2.88,0.00, -9.83, -11.34, -5.48, -16.04, -5.55, -16.83, -13.73, -17.05, -8.89, -24.09, -10.58, -10.19, -2.03, -9.26,0.00, -97.37, -0.91, -4.60, -7.91, -12.53, -5.95, -4.76, -22.55, -7.11, -14.40, -10.12, -8.42, -10.50, -8.39, -21.43, -9.25, -8.44, -13.53, -2.89, -22.89, -5.35, -16.93, -13.76, -6.18, -21.70, -3.87, -13.15, -8.18, -8.23, -18.01, -6.74, -24.60, -5.38, -22.10, -8.70, -14.26, -14.06, -4.56, -12.12, -12.78, -16.02, -6.43, -25.93, -7.70, -15.62, -7.08, -24.26, -12.99, -6.86, -5.33, -5.37, -26.90, -8.91, -23.48, -9.68, -18.18, -15.28, -5.49,0.06, -3.72, -25.49, -6.91, -34.12, -97.65, -39.01,,,,,,,,,
CWP1B1:KW,(                ),kW,39.2,39.2,39.2,39.2,39.2,39.2,39.2,39.2,39.2,39.2,39.2,39.2,39.2,39.2,39.2,39.2,39.2,39.2,39.2,39.2,39.2,39.2,39.2,39.2,39.2,39.2,39.2,39.2,39.2,39.2,39.2,39.2,39.2,39.2,39.2,39.2,39.2,39.2,39.2,39.2,39.2,39.2,39.2,39.2,39.2,39.2,39.2,39.2,39.2,39.2,39.2,39.2,39.2,39.2,39.2,39.2,39.2,39.2,39.2,39.2,39.2,39.2,39.2,39.2,39.2,39.2,39.2,39.2,39.2,39.2,39.2,39.2,39.2,39.2,39.2,39.2,39.2,39.2,39.2,39.2,39.2,39.2,39.2,39.2,39.2,39.2,39.2,39.2,39.2,39.2,39.2,39.2,39.2,39.2,39.2,39.2,39.2,39.2,39.2,39.2,39.2,39.2,39.2,39.2,39.2,39.2,39.2,39.2,39.2,39.2,39.2,39.2,39.2,39.2,39.2,39.2,39.2,39.2,39.2,39.2,39.2,39.2,39.2,39.2,39.2,39.2,39.2,39.2,39.2,39.2,39.2,39.2,39.2,39.2,39.2,,,,,,,,,
CWP2B1:KW,(                ),kW,0.0,0.0,0.0,0.0,0.0,0.0,0.0,0.0,0.0,0.0,0.0,0.0,0.0,0.0,0.0,0.0,0.0,0.0,0.0,0.0,0.0,0.0,0.0,0.0,0.0,0.0,0.0,0.0,0.0,0.0,0.0,0.0,0.0,0.0,0.0,0.0,0.0,0.0,0.0,0.0,0.0,0.0,0.0,0.0,0.0,0.0,0.0,0.0,0.0,0.0,0.0,0.0,0.0,0.0,0.0,0.0,0.0,0.0,0.0,0.0,0.0,0.0,0.0,0.0,0.0,0.0,0.0,0.0,0.0,0.0,0.0,0.0,0.0,0.0,0.0,0.0,0.0,0.0,0.0,0.0,0.0,0.0,0.0,0.0,0.0,0.0,0.0,0.0,0.0,0.0,0.0,0.0,0.0,0.0,0.0,0.0,0.0,0.0,0.0,0.0,0.0,0.0,0.0,0.0,0.0,0.0,0.0,0.0,0.0,0.0,0.0,0.0,0.0,0.0,0.0,0.0,0.0,0.0,0.0,0.0,0.0,0.0,0.0,0.0,0.0,0.0,0.0,0.0,0.0,0.0,0.0,0.0,0.0,0.0,0.0,,,,,,,,,
CWP3B1:KW,(                ),kW,0.0,0.0,0.0,0.0,0.0,0.0,0.0,0.0,0.0,0.0,0.0,0.0,0.0,0.0,0.0,0.0,0.0,0.0,0.0,0.0,0.0,0.0,0.0,0.0,0.0,0.0,0.0,0.0,0.0,0.0,0.0,0.0,0.0,0.0,0.0,0.0,0.0,0.0,0.0,0.0,0.0,0.0,0.0,0.0,0.0,0.0,0.0,0.0,0.0,0.0,0.0,0.0,0.0,0.0,0.0,0.0,0.0,0.0,0.0,0.0,0.0,0.0,0.0,0.0,0.0,0.0,0.0,0.0,0.0,0.0,0.0,0.0,0.0,0.0,0.0,0.0,0.0,0.0,0.0,0.0,0.0,0.0,0.0,0.0,0.0,0.0,0.0,0.0,0.0,0.0,0.0,0.0,0.0,0.0,0.0,0.0,0.0,0.0,0.0,0.0,0.0,0.0,0.0,0.0,0.0,0.0,0.0,0.0,0.0,0.0,0.0,0.0,0.0,0.0,0.0,0.0,0.0,0.0,0.0,0.0,0.0,0.0,0.0,0.0,0.0,0.0,0.0,0.0,0.0,0.0,0.0,0.0,0.0,0.0,0.0,,,,,,,,,
CWPB1-ALL.KW,(冷卻水泵系統功率),,39.2,39.2,39.2,39.2,39.2,39.2,39.2,39.2,39.2,39.2,39.2,39.2,39.2,39.2,39.2,39.2,39.2,39.2,39.2,39.2,39.2,39.2,39.2,39.2,39.2,39.2,39.2,39.2,39.2,39.2,39.2,39.2,39.2,39.2,39.2,39.2,39.2,39.2,39.2,39.2,39.2,39.2,39.2,39.2,39.2,39.2,39.2,39.2,39.2,39.2,39.2,39.2,39.2,39.2,39.2,39.2,39.2,39.2,39.2,39.2,39.2,39.2,39.2,39.2,39.2,39.2,39.2,39.2,39.2,39.2,39.2,39.2,39.2,39.2,39.2,39.2,39.2,39.2,39.2,39.2,39.2,39.2,39.2,39.2,39.2,39.2,39.2,39.2,39.2,39.2,39.2,39.2,39.2,39.2,39.2,39.2,39.2,39.2,39.2,39.2,39.2,39.2,39.2,39.2,39.2,39.2,39.2,39.2,39.2,39.2,39.2,39.2,39.2,39.2,39.2,39.2,39.2,39.2,39.2,39.2,39.2,39.2,39.2,39.2,39.2,39.2,39.2,39.2,39.2,39.2,39.2,39.2,39.2,39.2,39.2,,,,,,,,,
CHP1B1:KW,(                ),kW,14.6,14.6,14.6,14.6,14.6,14.6,14.6,14.6,14.6,14.6,14.6,14.6,14.6,14.6,14.6,14.6,14.6,14.6,14.6,14.6,14.6,14.6,14.6,14.6,14.6,14.6,14.6,14.6,14.6,14.6,14.6,14.6,14.6,14.6,14.6,14.6,14.6,14.6,14.6,14.6,14.6,14.6,14.6,14.6,14.6,14.6,14.6,14.6,14.6,14.6,14.6,14.6,14.6,14.6,14.6,14.6,14.6,14.6,14.6,14.6,14.6,14.6,14.6,14.6,14.6,14.6,14.6,14.6,14.6,14.6,14.6,14.6,14.6,14.6,14.6,14.6,14.6,14.6,14.6,14.6,14.6,14.6,14.6,14.6,14.6,14.6,14.6,14.6,14.6,14.6,14.6,14.6,14.6,14.6,14.6,14.6,14.6,14.6,14.6,14.6,14.6,14.6,14.6,14.6,14.6,14.6,14.6,14.6,14.6,14.6,14.6,14.6,14.6,14.6,14.6,14.6,14.6,14.6,14.6,14.6,14.6,14.6,14.6,14.6,14.6,14.6,14.6,14.6,14.6,14.6,14.6,14.6,14.6,14.6,14.6,,,,,,,,,
CHP2B1:KW,(                ),kW,0.0,0.0,0.0,0.0,0.0,0.0,0.0,0.0,0.0,0.0,0.0,0.0,0.0,0.0,0.0,0.0,0.0,0.0,0.0,0.0,0.0,0.0,0.0,0.0,0.0,0.0,0.0,0.0,0.0,0.0,0.0,0.0,0.0,0.0,0.0,0.0,0.0,0.0,0.0,0.0,0.0,0.0,0.0,0.0,0.0,0.0,0.0,0.0,0.0,0.0,0.0,0.0,0.0,0.0,0.0,0.0,0.0,0.0,0.0,0.0,0.0,0.0,0.0,0.0,0.0,0.0,0.0,0.0,0.0,0.0,0.0,0.0,0.0,0.0,0.0,0.0,0.0,0.0,0.0,0.0,0.0,0.0,0.0,0.0,0.0,0.0,0.0,0.0,0.0,0.0,0.0,0.0,0.0,0.0,0.0,0.0,0.0,0.0,0.0,0.0,0.0,0.0,0.0,0.0,0.0,0.0,0.0,0.0,0.0,0.0,0.0,0.0,0.0,0.0,0.0,0.0,0.0,0.0,0.0,0.0,0.0,0.0,0.0,0.0,0.0,0.0,0.0,0.0,0.0,0.0,0.0,0.0,0.0,0.0,0.0,,,,,,,,,
CHP3B1:KW,(                ),kW,0.0,0.0,0.0,0.0,0.0,0.0,0.0,0.0,0.0,0.0,0.0,0.0,0.0,0.0,0.0,0.0,0.0,0.0,0.0,0.0,0.0,0.0,0.0,0.0,0.0,0.0,0.0,0.0,0.0,0.0,0.0,0.0,0.0,0.0,0.0,0.0,0.0,0.0,0.0,0.0,0.0,0.0,0.0,0.0,0.0,0.0,0.0,0.0,0.0,0.0,0.0,0.0,0.0,0.0,0.0,0.0,0.0,0.0,0.0,0.0,0.0,0.0,0.0,0.0,0.0,0.0,0.0,0.0,0.0,0.0,0.0,0.0,0.0,0.0,0.0,0.0,0.0,0.0,0.0,0.0,0.0,0.0,0.0,0.0,0.0,0.0,0.0,0.0,0.0,0.0,0.0,0.0,0.0,0.0,0.0,0.0,0.0,0.0,0.0,0.0,0.0,0.0,0.0,0.0,0.0,0.0,0.0,0.0,0.0,0.0,0.0,0.0,0.0,0.0,0.0,0.0,0.0,0.0,0.0,0.0,0.0,0.0,0.0,0.0,0.0,0.0,0.0,0.0,0.0,0.0,0.0,0.0,0.0,0.0,0.0,,,,,,,,,
CHPB1-ALL.KW,(冰水泵系統功率  ),,14.6,14.6,14.6,14.6,14.6,14.6,14.6,14.6,14.6,14.6,14.6,14.6,14.6,14.6,14.6,14.6,14.6,14.6,14.6,14.6,14.6,14.6,14.6,14.6,14.6,14.6,14.6,14.6,14.6,14.6,14.6,14.6,14.6,14.6,14.6,14.6,14.6,14.6,14.6,14.6,14.6,14.6,14.6,14.6,14.6,14.6,14.6,14.6,14.6,14.6,14.6,14.6,14.6,14.6,14.6,14.6,14.6,14.6,14.6,14.6,14.6,14.6,14.6,14.6,14.6,14.6,14.6,14.6,14.6,14.6,14.6,14.6,14.6,14.6,14.6,14.6,14.6,14.6,14.6,14.6,14.6,14.6,14.6,14.6,14.6,14.6,14.6,14.6,14.6,14.6,14.6,14.6,14.6,14.6,14.6,14.6,14.6,14.6,14.6,14.6,14.6,14.6,14.6,14.6,14.6,14.6,14.6,14.6,14.6,14.6,14.6,14.6,14.6,14.6,14.6,14.6,14.6,14.6,14.6,14.6,14.6,14.6,14.6,14.6,14.6,14.6,14.6,14.6,14.6,14.6,14.6,14.6,14.6,14.6,14.6,,,,,,,,,
MGCBAB2.KWH,(度數            ),kW h,264492688,264492752,264492800,264492848,264492896,264492944,264492992,264493056,264493088,264493136,264493168,264493216,264493264,264493296,264493328,264493376,264493408,264493456,264493488,264493536,264493568,264493616,264493664,264493712,264493760,264493808,264493840,264493872,264493920,264493968,264494016,264494048,264494080,264494112,264494160,264494176,264494224,264494256,264494288,264494320,264494352,264494416,264494464,264494512,264494560,264494592,264494656,264494704,264494768,264494848,264494896,264495008,264495120,264495248,264495408,264495568,264495760,264496048,264496320,264496640,264496864,264497232,264497520,264497840,264498112,264498432,264498736,264499056,264499360,264499680,264499824,264500256,264500576,264500864,264501168,264501456,264501712,264502048,264502352,264502640,264502960,264503264,264503568,264503872,264504160,264504480,264504784,264505040,264505376,264505648,264505936,264506256,264506528,264506864,264507184,264507472,264507808,264508128,264508432,264508720,264509024,264509328,264509616,264509904,264510208,264510528,264510832,264511136,264511408,264511776,264512080,264512400,264512704,264512992,264513360,264513696,264514000,264514320,264514640,264514960,264515280,264515600,264515936,264516256,264516560,264516880,264517216,264517456,264517728,264517936,264518208,264518448,264518688,264518928,264519088,,,,,,,,,
MGCBAB2:HZ,(                ),Hz,59,59,59,59,59,59,59,59,59,59,59,60,60,60,60,60,60,59,60,59,59,60,59,59,60,59,60,60,60,59,59,59,60,60,60,60,59,59,59,60,60,60,59,60,60,59,59,59,59,59,59,60,60,60,60,60,60,60,60,60,60,59,60,59,59,59,59,59,59,60,60,59,60,60,60,59,59,59,60,59,60,59,60,60,60,60,60,59,60,60,59,60,59,59,60,60,60,59,59,60,60,60,60,59,60,59,59,60,59,60,60,60,59,60,60,60,60,60,60,60,59,59,59,59,59,60,60,60,59,60,60,59,60,60,59,,,,,,,,,
MGCBAB2:IR,(                ),A,9,8,7,7,7,8,8,7,7,6,6,6,6,6,6,6,6,6,6,6,6,6,8,8,7,6,6,5,8,7,6,5,5,5,5,5,5,5,5,5,5,8,8,7,6,8,8,8,12,11,10,17,16,24,24,27,34,47,46,48,48,46,47,48,50,52,50,50,49,48,47,47,47,47,47,46,47,47,46,49,48,48,48,48,49,50,47,46,46,47,49,48,48,47,49,49,51,50,49,47,47,46,46,46,49,49,48,48,49,51,50,50,50,52,51,49,48,48,50,50,51,51,52,50,50,53,43,40,38,38,38,38,35,35,28,,,,,,,,,
MGCBAB2:IS,(                ),A,8,8,6,6,6,8,7,7,6,6,6,6,6,6,6,6,5,6,5,6,6,5,8,7,6,6,6,5,7,6,6,5,5,5,5,5,5,5,5,5,5,8,7,7,6,7,7,7,11,10,9,15,15,24,23,26,34,47,45,48,47,45,47,47,49,51,49,49,48,46,46,46,46,46,46,46,46,46,45,47,47,47,47,47,47,49,45,45,45,46,47,47,47,46,47,48,49,48,48,46,46,45,45,45,47,47,46,47,48,49,49,49,48,51,50,47,47,47,49,49,49,50,51,49,49,52,42,39,37,36,36,37,34,34,26,,,,,,,,,
MGCBAB2:IT,(                ),A,10,9,8,7,7,9,9,8,8,7,7,7,7,7,7,6,6,6,6,6,6,6,9,8,7,7,6,6,8,7,7,6,6,6,6,6,6,6,6,6,6,9,8,8,7,8,8,8,12,11,10,16,16,25,24,27,34,46,45,47,47,45,47,47,49,51,49,49,49,47,46,47,46,46,46,46,46,46,46,48,47,47,47,47,48,49,46,45,45,47,48,47,47,46,48,48,50,49,48,46,46,46,46,45,48,48,47,48,48,50,50,49,49,51,50,48,48,47,49,49,50,50,51,49,50,52,43,40,38,37,37,38,35,35,28,,,,,,,,,
MGCBAB2:KW,(                ),kW,351.0,335.0,284.0,258.0,259.0,328.0,323.0,289.0,277.0,247.0,241.0,243.0,238.0,247.0,237.0,231.0,228.0,229.0,227.0,229.0,225.0,225.0,321.0,301.0,267.0,232.0,225.0,202.0,305.0,278.0,251.0,202.0,199.0,201.0,201.0,201.0,207.0,205.0,205.0,207.0,212.0,326.0,301.0,273.0,252.0,303.0,317.0,298.0,483.0,446.0,401.0,635.0,619.0,941.0,923.0,1038.0,1323.0,1786.0,1729.0,1830.0,1812.0,1727.0,1806.0,1787.0,1882.0,1941.0,1873.0,1877.0,1861.0,1785.0,1766.0,1798.0,1768.0,1781.0,1788.0,1763.0,1788.0,1771.0,1747.0,1840.0,1811.0,1807.0,1802.0,1816.0,1829.0,1902.0,1752.0,1742.0,1743.0,1790.0,1859.0,1818.0,1832.0,1793.0,1852.0,1849.0,1932.0,1896.0,1861.0,1776.0,1795.0,1772.0,1766.0,1764.0,1858.0,1867.0,1840.0,1857.0,1872.0,1920.0,1918.0,1909.0,1914.0,1994.0,1955.0,1869.0,1849.0,1852.0,1934.0,1903.0,1947.0,1968.0,1987.0,1898.0,1907.0,2023.0,1664.0,1555.0,1475.0,1441.0,1440.0,1464.0,1351.0,1374.0,1076.0,,,,,,,,,
MGCBAB2:PF,(                ),, -33.74, -33.74, -33.74, -33.73, -33.73, -33.73, -33.74, -33.73, -33.73, -33.73, -33.72, -33.73, -33.73, -33.73, -33.73, -33.72, -33.72, -33.72, -33.71, -33.72, -33.72, -33.72, -33.73, -33.73, -33.73, -33.71, -33.71, -33.70, -33.72, -33.71, -33.71, -33.70, -33.70, -33.70, -33.69, -33.69, -33.71, -33.70, -33.70, -33.71, -33.70, -33.73, -33.73, -33.72, -33.74, -33.77, -33.77, -33.77, -0.99, -33.76, -0.99, -0.96, -0.96, -0.95, -0.95, -0.95, -0.96, -0.94, -0.94, -0.95, -0.94, -0.94, -0.94, -0.94, -0.94, -0.94, -0.94, -0.94, -0.94, -0.94, -0.94, -0.94, -0.94, -0.94, -0.94, -0.93, -0.94, -0.94, -0.94, -0.93, -0.93, -0.93, -0.93, -0.93, -0.93, -0.95, -0.94, -0.94, -0.94, -0.94, -0.94, -0.94, -0.94, -0.94, -0.93, -0.94, -0.94, -0.94, -0.94, -0.94, -0.94, -0.94, -0.93, -0.94, -0.94, -0.94, -0.94, -0.94, -0.94, -0.94, -0.94, -0.93, -0.94, -0.94, -0.94, -0.94, -0.94, -0.94, -0.95, -0.94, -0.95, -0.95, -0.94, -0.94, -0.94, -0.94, -0.95, -0.95, -0.95, -0.94, -0.94, -0.95, -0.95, -0.95, -0.95,,,,,,,,,
MGCBAB2:VRS,(                ),kV,23.6,23.6,23.6,23.6,23.6,23.6,23.7,23.7,23.7,23.7,23.7,23.7,23.7,23.7,23.7,23.7,23.7,23.7,23.7,23.8,23.5,23.5,23.5,23.5,23.5,23.5,23.5,23.5,23.5,23.5,23.5,23.5,23.5,23.5,23.5,23.5,23.4,23.4,23.4,23.4,23.4,23.4,23.3,23.4,23.5,23.5,23.6,23.6,23.4,23.5,23.5,23.4,23.4,23.3,23.3,23.2,23.2,23.2,23.2,23.3,23.3,23.2,23.2,23.1,23.1,23.0,23.1,23.3,23.3,23.3,23.3,23.3,23.4,23.5,23.5,23.5,23.5,23.5,23.3,23.3,23.4,23.4,23.4,23.4,23.4,23.4,23.5,23.5,23.5,23.5,23.5,23.5,23.5,23.5,23.5,23.5,23.5,23.5,23.5,23.6,23.6,23.6,23.6,23.7,23.6,23.7,23.7,23.7,23.7,23.7,23.7,23.7,23.7,23.5,23.6,23.6,23.6,23.6,23.6,23.7,23.6,23.6,23.4,23.4,23.4,23.4,23.5,23.5,23.6,23.6,23.6,23.6,23.6,23.7,23.7,,,,,,,,,
MGCBAB2:VST,(                ),kV,23.7,23.7,23.7,23.7,23.7,23.7,23.7,23.7,23.7,23.7,23.7,23.8,23.8,23.8,23.8,23.8,23.7,23.8,23.7,23.8,23.5,23.5,23.5,23.5,23.5,23.5,23.5,23.5,23.5,23.5,23.5,23.6,23.5,23.5,23.5,23.5,23.5,23.4,23.4,23.4,23.4,23.4,23.4,23.4,23.5,23.5,23.6,23.6,23.5,23.6,23.5,23.5,23.4,23.4,23.4,23.3,23.2,23.3,23.3,23.4,23.4,23.2,23.2,23.1,23.2,23.1,23.1,23.3,23.3,23.3,23.4,23.4,23.4,23.6,23.5,23.5,23.5,23.5,23.4,23.3,23.5,23.4,23.5,23.4,23.5,23.4,23.4,23.5,23.6,23.5,23.5,23.5,23.6,23.5,23.6,23.6,23.6,23.6,23.5,23.6,23.6,23.7,23.7,23.7,23.7,23.7,23.8,23.8,23.7,23.7,23.7,23.7,23.7,23.5,23.6,23.6,23.6,23.7,23.7,23.7,23.7,23.7,23.4,23.5,23.4,23.5,23.6,23.6,23.6,23.6,23.7,23.6,23.7,23.7,23.8,,,,,,,,,
MGCBAB2:VTR,(                ),kV,23.7,23.7,23.7,23.6,23.6,23.7,23.7,23.7,23.7,23.7,23.7,23.7,23.7,23.8,23.8,23.8,23.8,23.8,23.8,23.8,23.5,23.5,23.5,23.5,23.5,23.5,23.5,23.6,23.5,23.5,23.5,23.5,23.5,23.5,23.5,23.5,23.4,23.6,23.4,23.4,23.4,23.4,23.4,23.4,23.6,23.5,23.6,23.6,23.5,23.6,23.6,23.5,23.4,23.4,23.4,23.3,23.3,23.3,23.3,23.4,23.3,23.3,23.3,23.2,23.1,23.1,23.1,23.3,23.4,23.4,23.4,23.4,23.5,23.5,23.5,23.5,23.5,23.5,23.4,23.4,23.5,23.5,23.5,23.5,23.5,23.5,23.5,23.5,23.5,23.5,23.6,23.6,23.6,23.6,23.6,23.6,23.6,23.6,23.6,23.7,23.6,23.7,23.6,23.7,23.8,23.8,23.8,23.8,23.8,23.7,23.7,23.6,23.7,23.6,23.6,23.6,23.7,23.6,23.7,23.7,23.7,23.7,23.5,23.5,23.5,23.6,23.5,23.6,23.6,23.6,23.7,23.7,23.7,23.8,23.7,,,,,,,,,
MLAB2-1.KWH,(度數            ),kW h,23646746,23646754,23646762,23646770,23646776,23646784,23646792,23646800,23646808,23646816,23646822,23646830,23646838,23646846,23646852,23646860,23646868,23646876,23646884,23646890,23646898,23646906,23646914,23646920,23646928,23646936,23646942,23646950,23646958,23646966,23646974,23646980,23646988,23646994,23647002,23647010,23647016,23647024,23647032,23647040,23647046,23647054,23647062,23647070,23647078,23647086,23647094,23647102,23647116,23647134,23647150,23647170,23647190,23647210,23647228,23647246,23647264,23647284,23647302,23647320,23647336,23647360,23647378,23647400,23647418,23647440,23647460,23647480,23647500,23647522,23647532,23647562,23647586,23647606,23647626,23647646,23647664,23647688,23647710,23647730,23647750,23647772,23647792,23647814,23647832,23647854,23647876,23647894,23647916,23647936,23647956,23647978,23647996,23648020,23648040,23648060,23648082,23648098,23648124,23648142,23648164,23648186,23648204,23648226,23648246,23648266,23648288,23648310,23648328,23648356,23648380,23648408,23648432,23648456,23648486,23648512,23648536,23648564,23648590,23648616,23648642,23648666,23648694,23648720,23648742,23648770,23648796,23648820,23648846,23648870,23648898,23648924,23648950,23648976,23648996,,,,,,,,,
MLAB2-1:HZ,(                ),Hz,59,59,59,59,59,59,59,59,59,59,59,60,60,60,60,60,60,59,60,59,59,60,59,59,60,59,59,60,60,59,59,60,60,60,60,60,59,60,60,60,60,60,59,60,60,59,59,59,59,59,59,60,60,60,60,60,60,60,60,60,60,60,60,59,59,59,59,59,59,60,60,59,60,60,59,59,59,59,60,59,59,59,59,59,60,60,60,59,60,59,60,59,59,59,60,60,60,59,59,60,59,60,60,59,60,59,59,60,59,60,60,60,60,60,60,60,60,60,59,59,59,59,59,59,59,60,60,60,60,60,60,60,60,60,59,,,,,,,,,
MLAB2-1:IR,(                ),A,85,85,83,83,82,83,84,84,83,82,80,80,81,81,82,81,78,79,80,81,79,81,82,82,81,80,80,83,80,81,80,79,78,77,77,79,83,83,83,83,84,84,88,92,96,96,94,94,202,201,199,202,203,201,203,204,202,201,205,203,216,216,218,234,235,235,237,236,239,234,235,237,236,232,237,234,234,237,237,235,235,237,235,234,234,234,236,235,234,234,236,233,231,235,235,233,236,234,233,234,231,233,234,236,236,234,234,238,260,268,277,274,272,275,273,273,273,273,271,274,273,276,277,275,274,271,275,277,274,273,274,273,271,274,273,,,,,,,,,
MLAB2-1:IS,(                ),A,71,71,69,70,70,69,70,71,71,72,70,70,70,72,71,69,70,69,68,69,68,69,69,69,70,69,70,71,69,69,70,66,67,66,67,66,72,70,70,70,70,71,75,75,80,81,81,81,183,185,185,184,185,185,187,187,185,185,191,186,189,193,192,200,199,199,203,200,202,204,205,199,205,199,202,201,198,202,203,202,200,204,201,201,200,201,200,201,204,201,202,198,197,198,201,202,199,199,199,197,198,200,200,204,203,198,199,204,238,241,252,251,252,252,253,250,250,250,252,250,249,247,250,248,249,248,247,249,250,249,249,247,246,247,249,,,,,,,,,
MLAB2-1:IT,(                ),A,55,55,55,55,55,55,55,55,55,55,55,55,55,54,55,55,56,54,54,57,55,55,55,57,55,55,55,58,54,55,55,52,53,53,53,52,55,52,55,52,52,52,56,56,62,62,62,62,157,159,158,160,160,161,161,160,158,159,164,160,165,167,167,169,167,169,172,170,169,174,175,170,172,170,173,170,169,171,172,169,169,171,169,169,170,168,172,169,172,169,175,167,167,169,172,168,169,168,168,169,167,168,169,175,171,168,170,168,196,206,218,216,216,220,218,217,215,209,215,215,211,211,212,214,212,214,210,214,211,210,212,210,211,215,210,,,,,,,,,
MLAB2-1:KW,(                ),kW,46.0,46.0,46.0,46.0,46.0,45.0,46.0,46.0,46.0,46.0,45.0,45.0,46.0,46.0,46.0,45.0,45.0,45.0,45.0,45.0,44.0,45.0,45.0,46.0,45.0,44.0,45.0,46.0,45.0,45.0,45.0,43.0,43.0,43.0,43.0,43.0,45.0,45.0,45.0,45.0,45.0,45.0,47.0,48.0,49.0,49.0,49.0,49.0,110.0,112.0,110.0,112.0,112.0,112.0,113.0,112.0,111.0,111.0,114.0,112.0,116.0,117.0,117.0,122.0,122.0,122.0,124.0,124.0,125.0,125.0,126.0,124.0,126.0,123.0,125.0,124.0,123.0,125.0,125.0,124.0,124.0,126.0,124.0,124.0,124.0,123.0,124.0,124.0,125.0,123.0,126.0,123.0,122.0,123.0,125.0,124.0,124.0,124.0,124.0,123.0,123.0,124.0,124.0,127.0,126.0,125.0,125.0,126.0,146.0,149.0,157.0,157.0,156.0,157.0,156.0,155.0,155.0,155.0,156.0,156.0,154.0,155.0,154.0,154.0,154.0,154.0,153.0,155.0,155.0,153.0,155.0,154.0,153.0,155.0,155.0,,,,,,,,,
MLAB2-1:PF,(                ),, -33.77, -33.77, -33.77, -33.77, -33.76, -33.77, -33.77, -33.77, -33.77, -33.77, -33.77, -33.77, -33.77, -33.77, -33.77, -33.77, -33.77, -33.77, -33.76, -33.76, -33.76, -33.76, -33.76, -33.76, -33.77, -33.76, -33.77, -33.77, -33.77, -33.76, -33.77, -33.76, -33.76, -33.76, -33.76, -33.76, -33.76, -33.76, -33.76, -33.76, -33.76, -33.76, -33.76, -33.76, -0.94, -0.94, -0.94, -0.94, -0.93, -0.93, -0.93, -0.93, -0.94, -0.94, -0.94, -0.94, -0.94, -0.94, -0.94, -0.94, -0.93, -0.93, -0.94, -0.94, -0.94, -0.94, -0.94, -0.94, -0.94, -0.94, -0.94, -0.94, -0.94, -0.94, -0.94, -0.93, -0.93, -0.93, -0.94, -0.94, -0.94, -0.94, -0.93, -0.94, -0.94, -0.94, -0.94, -0.93, -0.94, -0.93, -0.94, -0.93, -0.93, -0.93, -0.93, -0.93, -0.94, -0.93, -0.93, -0.93, -0.93, -0.93, -0.93, -0.93, -0.93, -0.93, -0.93, -0.93, -0.97, -0.94, -0.95, -0.95, -0.95, -0.96, -0.96, -0.96, -0.96, -0.95, -0.95, -0.95, -0.95, -0.95, -0.96, -0.96, -0.96, -0.96, -0.96, -0.96, -0.95, -0.95, -0.95, -0.96, -0.95, -0.95, -0.95,,,,,,,,,
MLAB2-1:VRS,(                ),V,383.0,383.0,383.0,383.0,383.0,383.0,384.0,384.0,384.0,384.0,384.0,385.0,385.0,385.0,385.0,385.0,385.0,385.0,385.0,385.0,381.0,381.0,381.0,381.0,381.0,381.0,381.0,381.0,382.0,381.0,381.0,381.0,381.0,381.0,381.0,381.0,380.0,380.0,380.0,379.0,380.0,380.0,378.0,379.0,381.0,381.0,382.0,382.0,380.0,381.0,380.0,379.0,378.0,378.0,377.0,376.0,375.0,377.0,376.0,377.0,377.0,376.0,375.0,373.0,374.0,373.0,373.0,377.0,377.0,378.0,377.0,377.0,380.0,380.0,380.0,380.0,380.0,380.0,378.0,377.0,379.0,379.0,379.0,379.0,379.0,379.0,380.0,380.0,380.0,380.0,380.0,380.0,381.0,381.0,381.0,381.0,381.0,381.0,381.0,382.0,382.0,383.0,382.0,383.0,383.0,384.0,384.0,384.0,384.0,383.0,383.0,383.0,383.0,381.0,381.0,381.0,382.0,382.0,382.0,383.0,383.0,382.0,379.0,379.0,379.0,380.0,380.0,381.0,381.0,381.0,382.0,382.0,383.0,383.0,384.0,,,,,,,,,
MLAB2-1:VST,(                ),V,383.0,383.0,383.0,383.0,383.0,383.0,384.0,384.0,384.0,384.0,384.0,384.0,384.0,385.0,385.0,385.0,385.0,385.0,385.0,385.0,381.0,381.0,381.0,381.0,381.0,381.0,381.0,381.0,381.0,381.0,381.0,381.0,381.0,381.0,381.0,381.0,380.0,380.0,380.0,379.0,379.0,379.0,378.0,379.0,381.0,380.0,382.0,382.0,379.0,381.0,380.0,379.0,378.0,377.0,377.0,375.0,374.0,376.0,376.0,377.0,376.0,375.0,374.0,373.0,373.0,372.0,373.0,376.0,376.0,377.0,377.0,377.0,379.0,379.0,379.0,380.0,379.0,380.0,377.0,376.0,378.0,379.0,378.0,378.0,379.0,379.0,379.0,379.0,379.0,379.0,380.0,380.0,380.0,380.0,381.0,380.0,380.0,380.0,380.0,381.0,381.0,382.0,381.0,382.0,382.0,384.0,383.0,384.0,383.0,383.0,382.0,382.0,382.0,380.0,381.0,380.0,381.0,382.0,382.0,383.0,382.0,382.0,378.0,378.0,378.0,379.0,380.0,380.0,381.0,381.0,381.0,382.0,382.0,382.0,384.0,,,,,,,,,
MLAB2-1:VTR,(                ),V,384.0,383.0,383.0,384.0,383.0,383.0,384.0,385.0,384.0,384.0,385.0,385.0,385.0,385.0,385.0,385.0,385.0,385.0,385.0,385.0,381.0,381.0,381.0,380.0,381.0,381.0,381.0,381.0,381.0,381.0,381.0,381.0,380.0,381.0,381.0,381.0,380.0,380.0,380.0,379.0,380.0,379.0,378.0,379.0,381.0,380.0,382.0,382.0,380.0,381.0,380.0,379.0,378.0,378.0,377.0,376.0,375.0,377.0,376.0,377.0,377.0,376.0,375.0,374.0,374.0,373.0,373.0,377.0,377.0,378.0,378.0,378.0,379.0,380.0,380.0,381.0,380.0,380.0,378.0,377.0,379.0,380.0,379.0,379.0,380.0,379.0,380.0,380.0,380.0,380.0,380.0,380.0,381.0,381.0,381.0,381.0,381.0,381.0,381.0,382.0,382.0,383.0,382.0,383.0,383.0,384.0,384.0,384.0,384.0,384.0,384.0,383.0,383.0,381.0,382.0,382.0,382.0,382.0,383.0,383.0,383.0,382.0,379.0,379.0,379.0,380.0,380.0,381.0,382.0,381.0,382.0,382.0,383.0,383.0,385.0,,,,,,,,,
MLAB2-2.KWH,(度數            ),kW h,0,0,0,0,0,0,0,0,0,0,0,0,0,0,0,0,0,0,0,0,0,0,0,0,0,0,0,0,0,0,0,0,0,0,0,0,0,0,0,0,0,0,0,0,0,0,0,0,0,0,0,0,0,0,0,0,0,0,0,0,0,0,0,0,0,0,0,0,0,0,0,0,0,0,0,0,0,0,0,0,0,0,0,0,0,0,0,0,0,0,0,0,0,0,0,0,0,0,0,0,0,0,0,0,0,0,0,0,0,0,0,0,0,0,0,0,0,0,0,0,0,0,0,0,0,0,0,0,0,0,0,0,0,0,0,,,,,,,,,
MLAB2-2:HZ,(                ),Hz,0,0,0,0,0,0,0,0,0,0,0,0,0,0,0,0,0,0,0,0,0,0,0,0,0,0,0,0,0,0,0,0,0,0,0,0,0,0,0,0,0,0,0,0,0,0,0,0,0,0,0,0,0,0,0,0,0,0,0,0,0,0,0,0,0,0,0,0,0,0,0,0,0,0,0,0,0,0,0,0,0,0,0,0,0,0,0,0,0,0,0,0,0,0,0,0,0,0,0,0,0,0,0,0,0,0,0,0,0,0,0,0,0,0,0,0,0,0,0,0,0,0,0,0,0,0,0,0,0,0,0,0,0,0,0,,,,,,,,,
MLAB2-2:IR,(                ),A,0,0,0,0,0,0,0,0,0,0,0,0,0,0,0,0,0,0,0,0,0,0,0,0,0,0,0,0,0,0,0,0,0,0,0,0,0,0,0,0,0,0,0,0,0,0,0,0,0,0,0,0,0,0,0,0,0,0,0,0,0,0,0,0,0,0,0,0,0,0,0,0,0,0,0,0,0,0,0,0,0,0,0,0,0,0,0,0,0,0,0,0,0,0,0,0,0,0,0,0,0,0,0,0,0,0,0,0,0,0,0,0,0,0,0,0,0,0,0,0,0,0,0,0,0,0,0,0,0,0,0,0,0,0,0,,,,,,,,,
MLAB2-2:IS,(                ),A,0,0,0,0,0,0,0,0,0,0,0,0,0,0,0,0,0,0,0,0,0,0,0,0,0,0,0,0,0,0,0,0,0,0,0,0,0,0,0,0,0,0,0,0,0,0,0,0,0,0,0,0,0,0,0,0,0,0,0,0,0,0,0,0,0,0,0,0,0,0,0,0,0,0,0,0,0,0,0,0,0,0,0,0,0,0,0,0,0,0,0,0,0,0,0,0,0,0,0,0,0,0,0,0,0,0,0,0,0,0,0,0,0,0,0,0,0,0,0,0,0,0,0,0,0,0,0,0,0,0,0,0,0,0,0,,,,,,,,,
MLAB2-2:IT,(                ),A,0,0,0,0,0,0,0,0,0,0,0,0,0,0,0,0,0,0,0,0,0,0,0,0,0,0,0,0,0,0,0,0,0,0,0,0,0,0,0,0,0,0,0,0,0,0,0,0,0,0,0,0,0,0,0,0,0,0,0,0,0,0,0,0,0,0,0,0,0,0,0,0,0,0,0,0,0,0,0,0,0,0,0,0,0,0,0,0,0,0,0,0,0,0,0,0,0,0,0,0,0,0,0,0,0,0,0,0,0,0,0,0,0,0,0,0,0,0,0,0,0,0,0,0,0,0,0,0,0,0,0,0,0,0,0,,,,,,,,,
MLAB2-2:KW,(                ),kW,0.0,0.0,0.0,0.0,0.0,0.0,0.0,0.0,0.0,0.0,0.0,0.0,0.0,0.0,0.0,0.0,0.0,0.0,0.0,0.0,0.0,0.0,0.0,0.0,0.0,0.0,0.0,0.0,0.0,0.0,0.0,0.0,0.0,0.0,0.0,0.0,0.0,0.0,0.0,0.0,0.0,0.0,0.0,0.0,0.0,0.0,0.0,0.0,0.0,0.0,0.0,0.0,0.0,0.0,0.0,0.0,0.0,0.0,0.0,0.0,0.0,0.0,0.0,0.0,0.0,0.0,0.0,0.0,0.0,0.0,0.0,0.0,0.0,0.0,0.0,0.0,0.0,0.0,0.0,0.0,0.0,0.0,0.0,0.0,0.0,0.0,0.0,0.0,0.0,0.0,0.0,0.0,0.0,0.0,0.0,0.0,0.0,0.0,0.0,0.0,0.0,0.0,0.0,0.0,0.0,0.0,0.0,0.0,0.0,0.0,0.0,0.0,0.0,0.0,0.0,0.0,0.0,0.0,0.0,0.0,0.0,0.0,0.0,0.0,0.0,0.0,0.0,0.0,0.0,0.0,0.0,0.0,0.0,0.0,0.0,,,,,,,,,
MLAB2-2:PF,(                ),, -32.77, -32.77, -32.77, -32.77, -32.77, -32.77, -32.77, -32.77, -32.77, -32.77, -32.77, -32.77, -32.77, -32.77, -32.77, -32.77, -32.77, -32.77, -32.77, -32.77, -32.77, -32.77, -32.77, -32.77, -32.77, -32.77, -32.77, -32.77, -32.77, -32.77, -32.77, -32.77, -32.77, -32.77, -32.77, -32.77, -32.77, -32.77, -32.77, -32.77, -32.77, -32.77, -32.77, -32.77, -32.77, -32.77, -32.77, -32.77, -32.77, -32.77, -32.77, -32.77, -32.77, -32.77, -32.77, -32.77, -32.77, -32.77, -32.77, -32.77, -32.77, -32.77, -32.77, -32.77, -32.77, -32.77, -32.77, -32.77, -32.77, -32.77, -32.77, -32.77, -32.77, -32.77, -32.77, -32.77, -32.77, -32.77, -32.77, -32.77, -32.77, -32.77, -32.77, -32.77, -32.77, -32.77, -32.77, -32.77, -32.77, -32.77, -32.77, -32.77, -32.77, -32.77, -32.77, -32.77, -32.77, -32.77, -32.77, -32.77, -32.77, -32.77, -32.77, -32.77, -32.77, -32.77, -32.77, -32.77, -32.77, -32.77, -32.77, -32.77, -32.77, -32.77, -32.77, -32.77, -32.77, -32.77, -32.77, -32.77, -32.77, -32.77, -32.77, -32.77, -32.77, -32.77, -32.77, -32.77, -32.77, -32.77, -32.77, -32.77, -32.77, -32.77, -32.77,,,,,,,,,
MLAB2-2:VRS,(                ),V,0.0,0.0,0.0,0.0,0.0,0.0,0.0,0.0,0.0,0.0,0.0,0.0,0.0,0.0,0.0,0.0,0.0,0.0,0.0,0.0,0.0,0.0,0.0,0.0,0.0,0.0,0.0,0.0,0.0,0.0,0.0,0.0,0.0,0.0,0.0,0.0,0.0,0.0,0.0,0.0,0.0,0.0,0.0,0.0,0.0,0.0,0.0,0.0,0.0,0.0,0.0,0.0,0.0,0.0,0.0,0.0,0.0,0.0,0.0,0.0,0.0,0.0,0.0,0.0,0.0,0.0,0.0,0.0,0.0,0.0,0.0,0.0,0.0,0.0,0.0,0.0,0.0,0.0,0.0,0.0,0.0,0.0,0.0,0.0,0.0,0.0,0.0,0.0,0.0,0.0,0.0,0.0,0.0,0.0,0.0,0.0,0.0,0.0,0.0,0.0,0.0,0.0,0.0,0.0,0.0,0.0,0.0,0.0,0.0,0.0,0.0,0.0,0.0,0.0,0.0,0.0,0.0,0.0,0.0,0.0,0.0,0.0,0.0,0.0,0.0,0.0,0.0,0.0,0.0,0.0,0.0,0.0,0.0,0.0,0.0,,,,,,,,,
MLAB2-2:VST,(                ),V,0.0,0.0,0.0,0.0,0.0,0.0,0.0,0.0,0.0,0.0,0.0,0.0,0.0,0.0,0.0,0.0,0.0,0.0,0.0,0.0,0.0,0.0,0.0,0.0,0.0,0.0,0.0,0.0,0.0,0.0,0.0,0.0,0.0,0.0,0.0,0.0,0.0,0.0,0.0,0.0,0.0,0.0,0.0,0.0,0.0,0.0,0.0,0.0,0.0,0.0,0.0,0.0,0.0,0.0,0.0,0.0,0.0,0.0,0.0,0.0,0.0,0.0,0.0,0.0,0.0,0.0,0.0,0.0,0.0,0.0,0.0,0.0,0.0,0.0,0.0,0.0,0.0,0.0,0.0,0.0,0.0,0.0,0.0,0.0,0.0,0.0,0.0,0.0,0.0,0.0,0.0,0.0,0.0,0.0,0.0,0.0,0.0,0.0,0.0,0.0,0.0,0.0,0.0,0.0,0.0,0.0,0.0,0.0,0.0,0.0,0.0,0.0,0.0,0.0,0.0,0.0,0.0,0.0,0.0,0.0,0.0,0.0,0.0,0.0,0.0,0.0,0.0,0.0,0.0,0.0,0.0,0.0,0.0,0.0,0.0,,,,,,,,,
MLAB2-2:VTR,(                ),V,0.0,0.0,0.0,0.0,0.0,0.0,0.0,0.0,0.0,0.0,0.0,0.0,0.0,0.0,0.0,0.0,0.0,0.0,0.0,0.0,0.0,0.0,0.0,0.0,0.0,0.0,0.0,0.0,0.0,0.0,0.0,0.0,0.0,0.0,0.0,0.0,0.0,0.0,0.0,0.0,0.0,0.0,0.0,0.0,0.0,0.0,0.0,0.0,0.0,0.0,0.0,0.0,0.0,0.0,0.0,0.0,0.0,0.0,0.0,0.0,0.0,0.0,0.0,0.0,0.0,0.0,0.0,0.0,0.0,0.0,0.0,0.0,0.0,0.0,0.0,0.0,0.0,0.0,0.0,0.0,0.0,0.0,0.0,0.0,0.0,0.0,0.0,0.0,0.0,0.0,0.0,0.0,0.0,0.0,0.0,0.0,0.0,0.0,0.0,0.0,0.0,0.0,0.0,0.0,0.0,0.0,0.0,0.0,0.0,0.0,0.0,0.0,0.0,0.0,0.0,0.0,0.0,0.0,0.0,0.0,0.0,0.0,0.0,0.0,0.0,0.0,0.0,0.0,0.0,0.0,0.0,0.0,0.0,0.0,0.0,,,,,,,,,
EMLAB2-1.KWH,(度數            ),kW h,23880986,23880994,23881000,23881006,23881014,23881020,23881028,23881034,23881040,23881048,23881052,23881058,23881062,23881068,23881074,23881078,23881084,23881090,23881094,23881100,23881104,23881110,23881118,23881126,23881134,23881140,23881144,23881150,23881154,23881158,23881164,23881168,23881172,23881178,23881182,23881186,23881190,23881196,23881200,23881204,23881208,23881214,23881218,23881222,23881228,23881236,23881252,23881266,23881282,23881288,23881292,23881296,23881302,23881306,23881312,23881318,23881322,23881328,23881334,23881338,23881342,23881350,23881354,23881360,23881366,23881376,23881390,23881410,23881426,23881444,23881446,23881454,23881462,23881470,23881478,23881486,23881492,23881500,23881506,23881518,23881534,23881548,23881562,23881580,23881594,23881604,23881610,23881616,23881622,23881628,23881636,23881646,23881654,23881662,23881672,23881688,23881706,23881720,23881740,23881750,23881756,23881762,23881768,23881772,23881778,23881784,23881792,23881800,23881806,23881824,23881842,23881856,23881872,23881886,23881902,23881914,23881918,23881924,23881930,23881936,23881942,23881948,23881962,23881980,23881998,23882020,23882042,23882058,23882066,23882072,23882078,23882082,23882088,23882092,23882098,,,,,,,,,
EMLAB2-1:HZ,(                ),Hz,59,59,59,59,59,59,59,59,60,60,59,60,60,60,60,60,60,59,60,59,59,60,59,59,60,59,59,59,60,59,59,59,60,60,59,60,59,60,60,60,60,60,59,60,60,59,59,59,59,59,59,60,60,60,60,60,60,60,60,60,60,60,60,59,59,59,59,59,59,60,60,59,60,60,60,59,59,59,60,59,59,59,60,59,60,60,60,59,60,60,60,59,59,59,60,59,60,59,60,60,59,60,60,59,60,59,59,60,59,60,60,59,60,60,60,60,60,59,59,59,59,59,59,59,59,60,60,60,60,60,60,60,59,60,59,,,,,,,,,
EMLAB2-1:IR,(                ),A,70,77,72,70,72,72,71,71,71,60,61,61,59,62,61,54,61,61,61,60,61,80,86,79,86,54,60,56,60,60,60,57,51,56,58,57,58,57,51,57,57,57,57,59,60,152,153,145,145,59,59,60,61,61,64,66,71,66,66,69,70,70,66,67,64,175,175,179,172,67,72,72,80,89,89,89,81,69,62,167,165,158,159,164,166,71,70,71,71,91,94,89,79,86,174,179,178,180,170,68,67,67,72,71,72,90,90,89,83,181,171,162,167,157,159,71,72,73,70,71,72,91,205,202,197,203,202,167,72,68,64,63,63,63,73,,,,,,,,,
EMLAB2-1:IS,(                ),A,52,60,55,54,56,55,52,55,47,43,39,31,43,42,39,37,39,41,39,39,40,64,63,64,71,35,39,33,31,39,39,33,33,34,33,34,33,33,31,35,36,31,33,33,33,142,139,121,142,32,33,32,33,31,34,36,32,33,37,41,42,32,37,38,34,154,154,151,156,35,41,41,54,63,62,50,56,37,35,150,142,144,144,149,149,41,34,38,41,66,66,61,59,62,157,156,161,164,153,43,33,41,42,42,40,57,58,61,55,163,141,147,147,146,142,33,34,43,33,39,41,61,183,182,178,178,180,153,39,32,40,41,39,35,54,,,,,,,,,
EMLAB2-1:IT,(                ),A,67,75,69,67,64,63,64,58,61,47,52,51,51,52,48,43,43,45,45,52,45,78,78,76,81,48,43,39,44,45,45,46,47,43,38,39,38,39,39,40,49,47,46,46,43,147,145,132,147,42,50,45,52,58,45,48,51,47,57,60,59,54,57,55,61,166,166,169,175,54,54,53,76,83,81,77,72,53,55,167,161,156,154,167,165,61,47,51,63,86,81,75,75,72,167,174,178,180,172,59,57,54,56,53,51,71,70,75,83,173,164,165,162,157,152,48,59,61,51,56,51,74,194,199,193,198,198,174,54,51,50,59,48,56,71,,,,,,,,,
EMLAB2-1:KW,(                ),kW,40.0,45.0,42.0,41.0,41.0,41.0,40.0,39.0,38.0,32.0,32.0,30.0,32.0,33.0,32.0,28.0,30.0,31.0,31.0,31.0,31.0,47.0,47.0,47.0,50.0,29.0,30.0,26.0,28.0,30.0,30.0,28.0,26.0,27.0,27.0,27.0,26.0,27.0,25.0,27.0,29.0,28.0,28.0,28.0,28.0,85.0,84.0,86.0,83.0,27.0,30.0,28.0,30.0,31.0,30.0,31.0,32.0,30.0,33.0,36.0,36.0,33.0,33.0,33.0,33.0,103.0,104.0,103.0,105.0,33.0,35.0,35.0,45.0,51.0,50.0,46.0,45.0,33.0,31.0,94.0,91.0,89.0,88.0,93.0,94.0,37.0,31.0,34.0,37.0,52.0,52.0,48.0,45.0,48.0,104.0,106.0,108.0,110.0,104.0,36.0,33.0,34.0,36.0,35.0,35.0,47.0,47.0,49.0,48.0,101.0,103.0,93.0,93.0,89.0,88.0,32.0,35.0,38.0,32.0,35.0,35.0,49.0,121.0,120.0,118.0,121.0,121.0,103.0,35.0,32.0,32.0,35.0,32.0,33.0,43.0,,,,,,,,,
EMLAB2-1:PF,(                ),, -0.99, -0.99, -1.00, -1.00, -1.00, -1.00, -1.00, -1.00, -1.00, -33.76, -33.76, -33.76, -33.76, -33.76, -33.76, -33.76, -33.76, -33.76, -33.76, -33.76, -33.76, -0.99, -0.99, -1.00, -0.99, -33.76, -33.75, -33.74, -33.76, -33.76, -33.76, -33.76, -33.76, -33.74, -33.74, -33.74, -33.74, -33.74, -33.75, -33.76, -33.76, -33.76, -33.76, -33.74, -33.74, -0.88, -0.88, -0.98, -0.88, -33.76, -33.76, -33.74, -33.76, -33.76, -33.74, -33.75, -33.75, -33.75, -33.76, -33.76, -33.76, -33.76, -33.75, -33.76, -33.76, -0.96, -0.96, -0.95, -0.95, -33.75, -33.76, -33.76, -1.00, -1.00, -1.00, -1.00, -33.77, -33.75, -33.76, -0.89, -0.89, -0.89, -0.89, -0.89, -0.90, -33.76, -33.75, -33.76, -33.76, -1.00, -1.00, -33.77, -33.77, -33.77, -0.95, -0.95, -0.95, -0.95, -0.95, -33.76, -33.75, -33.76, -33.76, -33.76, -33.76, -1.00, -1.00, -1.00, -1.00, -0.89, -0.98, -0.89, -0.89, -0.89, -0.89, -33.75, -33.76, -33.76, -33.76, -33.76, -33.76, -1.00, -0.95, -0.95, -0.95, -0.95, -0.95, -0.95, -33.76, -33.76, -33.76, -33.76, -33.76, -33.76, -33.77,,,,,,,,,
EMLAB2-1:VRS,(                ),V,383.0,383.0,383.0,383.0,383.0,383.0,384.0,384.0,384.0,384.0,384.0,385.0,384.0,385.0,385.0,384.0,385.0,385.0,385.0,385.0,381.0,381.0,381.0,381.0,381.0,382.0,381.0,381.0,381.0,381.0,381.0,381.0,381.0,381.0,381.0,381.0,380.0,380.0,380.0,380.0,380.0,379.0,379.0,380.0,380.0,380.0,381.0,382.0,380.0,382.0,381.0,381.0,379.0,378.0,378.0,377.0,376.0,377.0,377.0,378.0,378.0,377.0,376.0,375.0,375.0,373.0,373.0,377.0,377.0,378.0,379.0,378.0,380.0,381.0,381.0,381.0,381.0,381.0,379.0,378.0,379.0,379.0,380.0,379.0,379.0,380.0,381.0,381.0,381.0,381.0,381.0,382.0,382.0,381.0,382.0,381.0,381.0,381.0,381.0,383.0,383.0,384.0,384.0,384.0,384.0,385.0,385.0,385.0,385.0,384.0,384.0,383.0,383.0,381.0,381.0,382.0,383.0,383.0,384.0,384.0,384.0,383.0,379.0,379.0,378.0,379.0,380.0,381.0,382.0,382.0,383.0,383.0,384.0,384.0,385.0,,,,,,,,,
EMLAB2-1:VST,(                ),V,383.0,382.0,383.0,383.0,383.0,383.0,383.0,384.0,384.0,384.0,384.0,385.0,384.0,385.0,385.0,384.0,384.0,385.0,385.0,385.0,381.0,381.0,381.0,381.0,381.0,381.0,381.0,381.0,381.0,381.0,381.0,381.0,380.0,381.0,380.0,381.0,380.0,380.0,380.0,379.0,379.0,379.0,378.0,379.0,380.0,380.0,381.0,382.0,379.0,382.0,381.0,380.0,379.0,378.0,378.0,376.0,376.0,377.0,376.0,377.0,377.0,376.0,375.0,374.0,374.0,372.0,372.0,376.0,376.0,378.0,378.0,378.0,379.0,380.0,380.0,380.0,380.0,380.0,378.0,377.0,378.0,378.0,379.0,378.0,379.0,380.0,380.0,380.0,381.0,380.0,381.0,381.0,381.0,381.0,381.0,381.0,381.0,380.0,380.0,382.0,382.0,383.0,383.0,384.0,384.0,384.0,384.0,384.0,384.0,383.0,383.0,382.0,382.0,380.0,381.0,382.0,382.0,383.0,383.0,383.0,383.0,382.0,378.0,378.0,378.0,379.0,380.0,380.0,382.0,382.0,383.0,383.0,383.0,383.0,384.0,,,,,,,,,
EMLAB2-1:VTR,(                ),V,383.0,383.0,383.0,383.0,383.0,383.0,384.0,384.0,384.0,384.0,385.0,385.0,385.0,385.0,385.0,384.0,384.0,385.0,385.0,385.0,381.0,381.0,381.0,381.0,381.0,381.0,381.0,381.0,381.0,381.0,381.0,381.0,380.0,381.0,380.0,380.0,380.0,380.0,380.0,379.0,380.0,379.0,378.0,379.0,380.0,380.0,381.0,382.0,379.0,382.0,381.0,380.0,379.0,378.0,378.0,377.0,376.0,377.0,377.0,378.0,378.0,377.0,376.0,375.0,375.0,373.0,373.0,377.0,377.0,378.0,379.0,378.0,380.0,381.0,381.0,381.0,381.0,381.0,379.0,377.0,379.0,379.0,380.0,379.0,380.0,380.0,381.0,381.0,381.0,381.0,381.0,382.0,382.0,381.0,382.0,381.0,381.0,381.0,381.0,383.0,383.0,384.0,383.0,384.0,385.0,384.0,385.0,384.0,384.0,384.0,384.0,383.0,383.0,381.0,381.0,383.0,384.0,383.0,384.0,384.0,384.0,384.0,379.0,379.0,378.0,380.0,381.0,381.0,382.0,382.0,383.0,383.0,384.0,385.0,385.0,,,,,,,,,
MGCBARF.KWH,(度數            ),,38.9784,38.9784,38.9785,38.9785,38.9785,38.9785,38.9785,38.9786,38.9786,38.9786,38.9786,38.9786,38.9786,38.9787,38.9787,38.9787,38.9787,38.9787,38.9787,38.9788,38.9788,38.9788,38.9788,38.9788,38.9789,38.9789,38.9789,38.9789,38.9789,38.9790,38.9790,38.9790,38.9790,38.9790,38.9790,38.9790,38.9791,38.9791,38.9791,38.9791,38.9791,38.9791,38.9792,38.9792,38.9792,38.9792,38.9792,38.9793,38.9793,38.9793,38.9793,38.9794,38.9794,38.9795,38.9796,38.9797,38.9798,38.9800,38.9801,38.9803,38.9805,38.9807,38.9809,38.9811,38.9812,38.9814,38.9816,38.9818,38.9820,38.9821,38.9822,38.9825,38.9827,38.9829,38.9830,38.9832,38.9834,38.9836,38.9837,38.9839,38.9841,38.9843,38.9845,38.9846,38.9848,38.9850,38.9852,38.9853,38.9855,38.9857,38.9859,38.9861,38.9862,38.9864,38.9866,38.9868,38.9870,38.9872,38.9873,38.9875,38.9877,38.9879,38.9881,38.9882,38.9884,38.9886,38.9888,38.9890,38.9891,38.9894,38.9895,38.9897,38.9899,38.9901,38.9903,38.9905,38.9907,38.9908,38.9910,38.9912,38.9914,38.9916,38.9918,38.9920,38.9921,38.9924,38.9925,38.9927,38.9928,38.9929,38.9931,38.9932,38.9934,38.9935,38.9936,,,,,,,,,
MGCBARF:F,(                ),Hz,60,60,60,60,60,60,60,60,60,60,60,60,60,60,60,60,60,60,60,60,60,60,60,60,60,60,60,60,60,60,60,60,60,60,60,60,60,60,60,60,60,60,60,60,60,60,60,60,60,60,60,60,60,60,60,60,60,60,60,60,60,60,60,60,60,60,60,60,60,60,60,60,60,60,60,60,60,60,60,60,60,60,60,60,60,60,60,60,60,60,60,60,60,60,60,60,60,60,60,60,60,60,60,60,60,60,60,60,60,60,60,60,60,60,60,60,60,60,60,60,60,60,60,60,60,60,60,60,60,60,60,60,60,60,60,,,,,,,,,
MGCBARF:I1,(                ),A,4.2,3.7,2.7,2.7,2.7,3.9,3.5,3.5,3.0,2.6,2.6,2.7,2.6,2.7,2.5,2.4,2.4,2.4,2.4,2.4,2.4,2.1,3.7,3.3,2.7,2.5,2.4,3.1,3.7,3.2,2.7,2.0,2.0,2.1,2.1,2.1,2.1,2.1,2.1,2.1,2.1,4.0,3.6,3.1,2.7,2.5,2.8,2.4,4.5,4.6,4.3,7.9,7.8,14.0,13.3,15.4,19.8,28.4,27.4,29.8,29.0,28.0,28.7,28.9,30.2,29.6,29.1,28.8,29.0,28.2,28.3,28.1,28.2,28.2,27.8,27.8,28.0,27.8,27.8,28.4,28.1,28.2,27.7,27.8,28.1,30.2,27.8,27.5,27.7,28.1,29.6,28.5,28.8,28.4,28.1,28.1,29.4,28.8,28.3,28.5,28.2,27.9,28.3,27.9,29.4,29.1,29.6,28.6,28.5,28.8,28.3,28.5,28.3,29.9,29.7,29.0,28.8,29.3,29.7,28.9,30.4,30.4,29.5,28.5,28.4,30.0,24.0,22.1,21.7,21.4,21.2,21.8,19.9,19.6,15.1,,,,,,,,,
MGCBARF:I2,(                ),A,3.9,3.5,2.6,2.5,2.5,3.6,3.2,3.3,2.8,2.5,2.5,2.5,2.4,2.5,2.4,2.4,2.4,2.4,2.4,2.4,2.4,2.1,3.6,3.2,2.8,2.5,2.4,3.0,3.6,3.1,2.8,2.1,2.1,2.1,2.2,2.1,2.1,2.1,2.1,2.1,2.1,4.0,3.5,3.0,2.7,2.5,2.8,2.3,4.2,4.3,4.0,7.5,7.4,13.6,13.0,15.1,19.6,28.4,27.4,29.8,29.0,28.0,28.7,28.8,29.8,29.4,28.9,28.6,28.8,28.0,28.1,27.9,28.0,28.1,27.6,27.6,27.8,27.5,27.6,28.0,27.9,27.8,27.4,27.6,27.8,29.9,27.7,27.3,27.4,27.8,29.2,28.1,28.4,28.1,27.8,27.9,29.2,28.5,28.0,28.3,27.9,27.7,27.9,27.5,28.8,28.6,29.0,28.0,28.0,28.4,27.7,27.9,27.8,29.4,29.2,28.5,28.4,28.9,29.2,28.5,30.0,29.8,29.1,28.0,28.0,29.6,23.7,21.7,21.3,21.0,20.7,21.4,19.4,19.1,14.3,,,,,,,,,
MGCBARF:I3,(                ),A,4.8,4.3,3.3,3.3,3.3,4.4,4.0,4.0,3.6,3.2,3.2,3.2,3.1,3.1,3.0,2.9,2.9,2.9,2.9,2.9,2.9,2.6,4.2,3.7,3.3,3.0,2.9,3.6,4.2,3.6,3.3,2.6,2.6,2.6,2.6,2.6,2.6,2.6,2.6,2.6,2.6,4.5,4.1,3.6,3.2,3.1,3.4,3.0,4.9,5.0,4.7,8.0,7.9,14.2,13.6,15.6,19.8,28.1,27.2,29.6,28.7,27.8,28.6,28.8,29.8,29.2,28.8,28.6,28.8,28.0,28.0,27.8,27.9,28.0,27.6,27.7,27.8,27.5,27.6,28.2,27.9,27.8,27.4,27.5,27.8,29.8,27.6,27.3,27.4,27.8,29.2,28.2,28.4,28.0,27.8,27.8,29.1,28.5,28.1,28.3,27.9,27.7,28.1,27.6,29.1,28.7,29.3,28.5,28.3,28.5,28.2,28.2,28.2,29.7,29.5,28.9,28.8,29.0,29.5,28.7,30.3,30.3,29.4,28.3,28.3,29.9,24.2,22.4,22.0,21.6,21.4,22.1,20.3,19.9,15.4,,,,,,,,,
MGCBARF:KW,(                ),kW,169.0,149.7,108.7,106.6,106.6,154.5,137.4,138.9,120.4,104.5,102.7,105.1,101.2,102.5,98.9,94.1,94.8,95.2,94.9,94.2,93.5,80.9,147.6,130.6,109.4,98.8,93.8,129.9,148.4,124.9,108.7,80.1,79.4,80.2,81.5,80.9,82.2,82.5,81.7,82.1,82.9,161.5,143.3,122.4,110.9,103.1,114.1,98.9,182.7,188.3,173.3,303.5,298.4,538.5,510.6,589.5,762.0,1079.0,1035.1,1140.3,1103.6,1055.6,1091.4,1093.2,1138.5,1113.2,1094.1,1091.7,1092.9,1069.0,1066.4,1060.7,1062.9,1074.7,1061.9,1060.7,1059.3,1055.3,1051.8,1072.3,1068.3,1070.4,1049.5,1054.6,1055.1,1156.0,1057.3,1045.5,1056.5,1067.4,1130.7,1086.4,1092.8,1082.2,1068.7,1071.4,1127.9,1101.3,1080.4,1090.5,1075.2,1069.5,1081.9,1072.6,1131.6,1122.2,1140.4,1101.2,1092.6,1105.3,1086.1,1089.8,1083.8,1149.6,1136.9,1110.9,1106.8,1118.5,1146.3,1114.2,1178.1,1175.2,1129.9,1075.7,1078.4,1147.5,927.9,853.6,840.2,825.4,815.9,844.0,767.2,759.0,595.6,,,,,,,,,
MGCBARF:PF,(                ),,1.04,1.05,1.08,1.09,1.09,1.06,1.07,1.07,1.08,1.08,1.09,1.09,1.09,1.09,1.09,1.11,1.10,1.10,1.11,1.11,1.11,1.12,1.06,1.07,1.09,1.10,1.11,1.07,1.06,1.07,1.09,1.12,1.13,1.13,1.13,1.13,1.11,1.11,1.11,1.11,1.11,1.04,1.05,1.06,1.07,1.06,1.05,1.06,1.01,1.01,1.03,0.96,0.95,0.95,0.95,0.95,0.96,0.94,0.94,0.95,0.95,0.94,0.94,0.94,0.95,0.94,0.94,0.94,0.94,0.94,0.94,0.94,0.94,0.94,0.94,0.94,0.93,0.94,0.94,0.93,0.94,0.94,0.94,0.94,0.94,0.95,0.94,0.94,0.94,0.93,0.94,0.94,0.94,0.94,0.94,0.94,0.94,0.94,0.94,0.94,0.94,0.94,0.94,0.94,0.94,0.94,0.94,0.94,0.94,0.94,0.94,0.94,0.94,0.95,0.94,0.94,0.94,0.94,0.95,0.94,0.94,0.94,0.95,0.94,0.94,0.94,0.95,0.95,0.94,0.94,0.94,0.95,0.94,0.94,0.96,,,,,,,,,
MGCBARF:V12,(                ),kV,23.7,23.7,23.7,23.7,23.7,23.7,23.7,23.8,23.8,23.7,23.8,23.8,23.8,23.8,23.8,23.8,23.8,23.8,23.8,23.8,23.6,23.6,23.6,23.6,23.6,23.6,23.6,23.6,23.6,23.6,23.6,23.6,23.5,23.6,23.6,23.6,23.5,23.5,23.5,23.5,23.5,23.5,23.4,23.5,23.6,23.6,23.7,23.7,23.5,23.7,23.6,23.5,23.4,23.4,23.4,23.3,23.3,23.3,23.3,23.4,23.3,23.2,23.2,23.2,23.2,23.1,23.1,23.4,23.4,23.4,23.4,23.4,23.5,23.6,23.5,23.6,23.6,23.5,23.4,23.4,23.5,23.5,23.5,23.5,23.5,23.5,23.5,23.6,23.6,23.6,23.5,23.5,23.6,23.6,23.6,23.6,23.6,23.6,23.6,23.7,23.7,23.7,23.7,23.7,23.7,23.8,23.8,23.8,23.7,23.7,23.8,23.8,23.7,23.6,23.6,23.6,23.7,23.7,23.7,23.8,23.7,23.7,23.5,23.5,23.5,23.5,23.6,23.6,23.6,23.7,23.7,23.7,23.7,23.7,23.8,,,,,,,,,
MGCBARF:V23,(                ),kV,23.7,23.7,23.7,23.7,23.7,23.7,23.8,23.8,23.8,23.8,23.8,23.8,23.8,23.8,23.8,23.9,23.8,23.8,23.8,23.8,23.6,23.6,23.6,23.6,23.6,23.6,23.6,23.6,23.6,23.6,23.6,23.6,23.5,23.6,23.6,23.6,23.5,23.5,23.5,23.5,23.5,23.5,23.4,23.5,23.6,23.6,23.7,23.7,23.5,23.7,23.6,23.5,23.5,23.4,23.4,23.3,23.3,23.4,23.3,23.4,23.3,23.3,23.2,23.2,23.2,23.1,23.1,23.4,23.4,23.4,23.4,23.4,23.5,23.6,23.6,23.6,23.6,23.5,23.4,23.4,23.5,23.5,23.5,23.5,23.5,23.5,23.5,23.6,23.6,23.6,23.5,23.5,23.6,23.6,23.6,23.6,23.6,23.6,23.6,23.7,23.7,23.8,23.7,23.8,23.8,23.8,23.8,23.8,23.7,23.8,23.8,23.8,23.8,23.6,23.7,23.6,23.7,23.7,23.7,23.8,23.8,23.7,23.5,23.5,23.5,23.6,23.6,23.6,23.7,23.7,23.7,23.7,23.8,23.8,23.8,,,,,,,,,
MGCBARF:V31,(                ),kV,23.7,23.7,23.7,23.8,23.7,23.7,23.8,23.8,23.8,23.8,23.8,23.8,23.8,23.8,23.9,23.9,23.9,23.8,23.9,23.8,23.6,23.6,23.6,23.6,23.6,23.6,23.6,23.6,23.6,23.6,23.6,23.6,23.6,23.6,23.6,23.6,23.5,23.5,23.6,23.5,23.5,23.5,23.4,23.5,23.6,23.6,23.7,23.7,23.6,23.7,23.6,23.6,23.5,23.5,23.5,23.3,23.3,23.4,23.4,23.4,23.4,23.3,23.3,23.2,23.2,23.2,23.2,23.4,23.4,23.4,23.4,23.4,23.6,23.6,23.6,23.6,23.6,23.6,23.5,23.4,23.6,23.6,23.6,23.6,23.5,23.6,23.6,23.6,23.6,23.6,23.6,23.6,23.7,23.7,23.7,23.6,23.7,23.7,23.7,23.7,23.7,23.8,23.8,23.8,23.8,23.9,23.9,23.9,23.8,23.8,23.8,23.8,23.8,23.7,23.7,23.7,23.7,23.7,23.8,23.8,23.8,23.8,23.5,23.5,23.5,23.6,23.6,23.7,23.7,23.7,23.8,23.7,23.8,23.8,23.9,,,,,,,,,
MPA1:HZ,(                ),Hz,59,59,59,59,59,59,59,59,59,59,59,60,60,60,60,60,60,59,60,59,60,60,59,59,60,59,60,60,59,60,59,59,59,59,60,60,59,59,60,60,60,60,60,60,60,59,59,59,60,59,59,60,60,60,60,60,60,60,60,60,59,59,60,59,59,59,59,59,59,60,60,59,60,60,60,59,59,59,59,59,59,59,59,59,59,60,60,59,60,60,59,59,59,59,60,60,60,59,59,60,60,60,60,59,60,59,59,60,59,60,59,60,60,60,60,59,60,60,59,59,59,60,59,59,59,60,60,60,59,60,59,59,59,59,59,,,,,,,,,
MPA1:IR,(                ),A,7,7,7,8,8,7,7,8,8,8,7,8,7,7,7,7,8,7,7,7,7,7,8,7,7,7,7,7,7,8,7,8,7,8,8,8,7,7,8,8,7,7,8,8,8,7,7,8,8,7,7,21,21,599,599,642,613,1150,1161,1161,1175,1172,1179,1174,1173,1177,1171,1158,1158,1159,1155,1157,1153,1151,1151,1150,1153,1154,1155,1161,1151,1151,1154,1154,1149,1155,1154,1149,1156,1154,1157,1154,1151,1149,1154,1153,1159,1153,1153,1154,1149,1145,1155,1144,1152,1151,1145,1159,1156,1153,1154,1162,1156,1160,1157,1159,1157,1156,1155,1149,1154,1164,1159,1158,1157,1159,671,640,638,638,640,641,642,636,592,,,,,,,,,
MPA1:IS,(                ),A,11,10,9,11,11,9,9,11,11,11,10,11,11,11,10,10,11,11,10,9,11,11,11,9,11,11,11,9,9,11,11,11,10,11,11,11,10,10,11,11,10,10,11,11,12,10,10,11,11,10,10,24,24,591,589,636,608,1167,1179,1178,1190,1189,1191,1185,1184,1192,1186,1172,1171,1173,1170,1168,1166,1170,1163,1157,1169,1166,1167,1166,1164,1162,1166,1170,1161,1169,1165,1164,1165,1169,1170,1164,1161,1162,1165,1167,1172,1159,1167,1168,1163,1161,1159,1155,1161,1164,1159,1166,1163,1165,1164,1170,1166,1170,1170,1170,1166,1177,1165,1164,1167,1169,1173,1174,1173,1177,662,623,626,627,625,625,627,622,578,,,,,,,,,
MPA1:IT,(                ),A,7,9,7,8,8,7,7,8,8,7,8,8,7,7,8,8,7,8,9,7,7,8,8,7,7,9,8,7,7,8,8,7,7,8,8,7,8,8,7,7,8,8,7,7,8,8,7,7,8,8,7,19,19,603,603,647,618,1157,1169,1167,1180,1180,1184,1181,1177,1181,1176,1164,1164,1165,1166,1163,1158,1163,1161,1158,1163,1159,1164,1163,1159,1155,1159,1162,1152,1157,1159,1155,1158,1157,1162,1156,1152,1156,1160,1159,1170,1157,1158,1165,1156,1156,1155,1149,1155,1158,1156,1163,1164,1161,1162,1166,1165,1169,1166,1171,1166,1172,1166,1163,1167,1169,1173,1171,1172,1175,685,648,652,649,650,652,655,647,603,,,,,,,,,
MPA1:KW,(                ),kW,3.8,3.9,3.2,4.5,4.5,3.2,3.2,4.5,4.5,3.8,3.8,4.5,3.8,3.8,3.8,3.9,3.8,4.5,3.9,3.2,3.8,4.4,4.5,3.1,3.8,4.4,4.4,3.1,3.1,4.5,4.4,3.8,3.2,4.5,4.4,3.7,3.8,3.8,3.8,3.8,3.8,3.8,3.8,3.8,4.5,3.9,3.2,3.8,4.4,3.8,3.2,9.7,9.6,368.6,367.9,392.0,374.8,710.4,717.2,717.4,724.4,721.6,723.2,717.3,716.7,717.5,715.4,714.6,714.0,715.5,714.7,713.5,715.5,717.8,715.3,714.7,717.6,715.8,714.6,713.2,714.9,712.1,715.1,715.4,712.2,715.6,714.8,714.2,717.0,716.9,717.8,715.2,714.5,715.6,717.1,716.8,722.4,715.4,717.8,721.5,717.1,718.1,718.2,715.7,720.0,721.7,719.7,726.8,722.8,721.6,723.1,725.4,723.3,721.7,721.8,723.4,722.0,725.4,722.8,721.4,723.1,725.4,719.4,718.4,719.4,722.4,411.5,392.2,393.0,393.1,393.9,394.1,395.3,392.3,367.4,,,,,,,,,
MPA1:KWH,(                ),,12374535,12374535,12374536,12374536,12374537,12374538,12374538,12374539,12374540,12374540,12374541,12374542,12374542,12374543,12374544,12374544,12374545,12374547,12374547,12374548,12374549,12374549,12374550,12374550,12374550,12374551,12374552,12374552,12374553,12374553,12374554,12374555,12374555,12374556,12374557,12374557,12374558,12374559,12374559,12374560,12374561,12374561,12374562,12374562,12374563,12374564,12374564,12374565,12374566,12374567,12374567,12374568,12374570,12374608,12374666,12374732,12374794,12374893,12375005,12375130,12375253,12375371,12375496,12375609,12375733,12375844,12375961,12376086,12376209,12376321,12376379,12376549,12376685,12376797,12376922,12377046,12377137,12377284,12377397,12377521,12377633,12377755,12377872,12377996,12378120,12378232,12378354,12378459,12378594,12378707,12378831,12378943,12379048,12379184,12379308,12379433,12379546,12379669,12379786,12379910,12380022,12380147,12380258,12380376,12380501,12380625,12380739,12380863,12380969,12381106,12381232,12381345,12381471,12381564,12381713,12381827,12381952,12382065,12382188,12382307,12382432,12382557,12382671,12382794,12382900,12383025,12383139,12383210,12383270,12383328,12383403,12383471,12383533,12383602,12383666,,,,,,,,,
MPA1:PF,(                ),,0.68,0.70,0.62,0.74,0.74,0.62,0.62,0.73,0.73,0.68,0.69,0.73,0.68,0.67,0.69,0.69,0.67,0.73,0.69,0.62,0.68,0.74,0.74,0.62,0.68,0.74,0.74,0.62,0.62,0.73,0.74,0.67,0.62,0.74,0.73,0.67,0.70,0.70,0.68,0.68,0.70,0.69,0.68,0.67,0.74,0.69,0.61,0.67,0.73,0.69,0.62,0.68,0.69,0.94,0.94,0.93,0.93,0.94,0.94,0.94,0.94,0.94,0.94,0.94,0.94,0.94,0.94,0.94,0.94,0.94,0.94,0.94,0.94,0.94,0.94,0.94,0.94,0.94,0.94,0.94,0.94,0.94,0.94,0.94,0.94,0.94,0.94,0.94,0.94,0.94,0.94,0.94,0.94,0.94,0.94,0.94,0.94,0.94,0.94,0.94,0.94,0.94,0.94,0.94,0.94,0.94,0.94,0.94,0.94,0.94,0.94,0.94,0.94,0.94,0.94,0.94,0.94,0.94,0.94,0.94,0.94,0.94,0.94,0.94,0.94,0.94,0.92,0.93,0.93,0.93,0.93,0.93,0.92,0.92,0.93,,,,,,,,,
MPA1:VRS,(                ),V,385.4,385.3,385.4,385.8,385.3,385.4,386.2,386.2,386.5,386.5,386.7,387.3,387.1,387.3,387.5,387.5,387.4,387.3,387.6,387.6,383.4,383.4,383.7,383.0,383.6,383.4,383.4,383.8,383.3,383.6,383.5,383.1,382.7,383.2,383.1,383.2,382.2,382.1,382.3,381.5,381.8,381.5,380.9,382.0,383.5,383.5,384.7,384.9,382.5,384.8,383.8,382.6,381.4,380.6,379.9,378.8,378.1,377.2,376.9,377.3,376.9,376.4,375.0,373.8,373.9,372.8,373.5,377.7,376.8,377.5,378.2,377.5,380.1,380.9,380.6,380.4,381.0,379.6,378.9,377.6,380.4,379.3,380.0,378.8,380.2,379.6,379.4,380.1,380.6,380.7,380.8,380.0,381.1,381.0,380.8,380.2,381.3,381.5,381.6,382.5,382.1,383.4,382.9,383.8,383.9,384.5,385.0,384.9,384.1,383.1,384.1,383.2,383.8,381.0,381.6,381.8,382.2,382.3,383.0,383.3,383.1,382.9,379.2,379.1,379.7,379.9,382.2,383.6,383.8,383.6,384.4,384.6,385.1,385.7,387.1,,,,,,,,,
MPA1:VST,(                ),V,385.2,385.2,385.2,385.5,385.1,385.2,386.1,386.1,386.5,386.3,386.5,387.2,386.9,387.1,387.2,387.4,387.1,387.1,387.5,387.5,383.3,383.3,383.5,383.0,383.6,383.4,383.3,383.6,383.3,383.5,383.4,383.1,382.7,383.2,382.9,383.2,382.2,382.1,382.2,381.7,381.6,381.3,380.7,381.9,383.3,383.4,384.5,384.8,381.9,384.7,383.7,382.2,380.8,379.8,379.1,377.7,376.8,377.0,376.2,376.2,376.5,374.8,374.6,373.8,373.7,372.6,373.2,376.8,377.4,377.5,377.6,377.2,379.0,380.0,379.5,381.1,380.1,380.3,378.8,377.1,379.6,378.3,379.2,379.7,378.8,379.5,380.0,379.8,380.5,380.4,379.4,380.0,380.8,381.7,379.8,381.2,381.4,381.0,380.5,381.6,382.1,383.1,382.1,383.6,382.5,384.3,384.0,384.6,384.0,383.3,383.1,383.3,382.6,380.5,381.7,381.9,382.0,382.6,383.2,383.7,383.0,381.9,379.1,378.9,379.0,379.2,382.6,382.5,382.9,384.1,384.3,383.9,385.0,385.7,386.1,,,,,,,,,
MPA1:VTR,(                ),V,385.6,385.7,385.6,386.0,385.6,385.5,386.4,386.3,386.7,386.5,386.6,387.4,387.2,387.3,387.4,387.5,387.2,387.1,387.4,387.5,383.2,383.3,383.4,382.8,383.5,383.3,383.2,383.5,383.2,383.4,383.3,383.0,382.7,383.0,382.9,383.2,382.2,381.9,382.2,381.4,381.7,381.3,380.8,381.7,383.3,383.6,384.8,384.7,382.4,384.7,383.8,382.7,381.6,379.6,380.3,377.8,378.0,376.6,376.5,378.2,376.9,375.4,375.3,373.2,374.0,373.0,373.7,377.7,377.1,377.6,377.8,377.9,380.2,380.3,380.0,380.9,379.4,380.1,378.2,376.9,379.4,379.0,379.6,379.0,380.2,379.2,379.5,380.5,380.1,380.8,379.8,380.2,380.6,381.5,382.0,380.4,380.9,380.8,380.7,382.3,381.6,383.2,383.1,383.9,383.9,383.7,384.3,385.0,383.6,383.5,384.5,383.5,384.0,381.8,381.9,381.5,382.8,382.5,383.5,383.6,383.4,383.3,378.6,378.8,379.2,380.6,382.1,384.0,384.0,383.8,384.8,384.1,385.8,386.4,386.4,,,,,,,,,
MPA2:HZ,(                ),Hz,59,59,59,59,59,59,59,59,59,59,59,60,60,60,60,60,60,59,60,59,60,60,59,59,60,59,60,60,59,60,59,59,59,59,60,60,59,59,60,60,60,60,60,60,60,59,59,59,60,59,59,59,60,60,60,60,60,60,60,60,60,59,60,59,59,59,59,59,59,60,60,59,60,60,60,59,59,59,59,59,59,59,59,59,59,60,60,59,60,59,59,59,59,59,60,60,60,59,59,60,60,60,60,59,60,59,59,60,59,60,59,60,60,60,60,59,60,60,59,59,59,60,59,59,59,60,60,60,59,60,59,59,60,59,59,,,,,,,,,
MPA2:IR,(                ),A,94,94,94,94,94,94,94,97,96,95,96,97,96,96,96,97,96,96,96,95,96,72,73,72,72,72,73,74,73,73,73,73,74,74,74,73,73,73,73,73,73,73,72,72,72,71,72,70,70,70,73,323,327,342,343,496,815,1045,1031,1026,1049,1036,1036,1041,1038,1051,1037,1034,1028,1022,1018,1026,1016,1023,1021,1012,1013,1020,1017,1024,1024,1020,1007,1017,1021,1011,1026,1014,1013,1025,1025,1012,1015,1014,1013,1019,1037,1012,1018,1032,1013,1018,1019,1003,1019,1016,1003,1011,1017,1015,1012,1021,1019,1021,1024,1020,1014,1022,1019,1008,1012,1024,1025,1015,1030,1033,1017,960,928,926,928,928,818,810,305,,,,,,,,,
MPA2:IS,(                ),A,89,89,89,89,89,89,89,90,89,89,90,90,90,90,90,90,90,90,89,89,90,66,66,65,66,66,66,66,66,66,66,66,66,66,66,66,66,66,66,66,66,65,65,65,65,65,65,65,64,65,67,330,336,353,357,517,860,1115,1097,1094,1112,1098,1097,1103,1098,1117,1102,1097,1090,1084,1081,1086,1079,1090,1082,1070,1075,1082,1077,1079,1086,1081,1067,1080,1081,1074,1086,1078,1070,1086,1088,1069,1070,1075,1073,1082,1100,1070,1078,1094,1073,1080,1075,1062,1072,1077,1063,1067,1073,1076,1066,1078,1079,1080,1087,1078,1073,1092,1076,1070,1071,1079,1090,1078,1094,1098,1080,1011,983,981,980,980,856,850,311,,,,,,,,,
MPA2:IT,(                ),A,91,91,91,91,91,91,91,92,92,91,92,92,92,92,92,92,92,92,91,91,92,72,72,71,72,72,72,73,72,72,72,72,73,72,73,72,73,72,72,72,72,72,72,72,71,71,71,70,70,70,72,322,328,345,348,504,832,1091,1073,1069,1085,1073,1073,1082,1075,1091,1078,1074,1067,1060,1061,1067,1055,1068,1061,1053,1053,1060,1056,1058,1064,1056,1044,1058,1056,1047,1061,1053,1044,1061,1065,1044,1047,1053,1052,1059,1081,1048,1055,1075,1051,1059,1054,1043,1055,1054,1044,1047,1057,1057,1051,1057,1063,1062,1067,1060,1057,1073,1062,1053,1055,1061,1071,1061,1076,1081,1067,1000,973,969,972,972,856,847,304,,,,,,,,,
MPA2:KW,(                ),kW,43.7,44.0,44.0,43.8,44.0,43.9,43.9,43.9,43.8,43.8,43.9,44.2,44.1,44.0,43.9,44.0,43.9,43.8,43.9,43.9,43.8,28.0,27.8,27.7,27.8,27.8,27.9,27.8,27.8,27.9,27.8,27.9,27.7,27.8,27.9,27.7,27.8,27.8,27.9,27.9,28.0,28.0,27.8,27.8,27.9,27.5,27.5,27.4,27.6,27.5,29.3,181.9,184.3,193.0,193.8,301.3,509.4,652.4,642.3,641.5,651.1,641.5,640.6,642.6,639.7,647.4,640.0,643.4,639.7,636.3,635.7,638.7,636.3,643.2,639.0,634.4,634.5,638.5,633.6,635.1,640.4,636.1,629.3,636.1,636.7,632.1,640.3,635.2,631.0,641.6,641.4,631.2,634.4,636.8,635.5,640.7,651.3,634.4,637.5,648.9,636.7,642.5,639.4,633.0,640.6,641.6,634.7,638.5,641.6,640.3,637.9,642.0,642.7,641.0,644.6,639.8,638.1,647.1,642.2,637.2,638.3,642.4,641.0,635.9,644.5,648.5,640.0,601.7,584.6,583.8,584.9,585.0,517.3,513.1,182.1,,,,,,,,,
MPA2:KWH,(                ),,19697052,19697058,19697066,19697074,19697080,19697088,19697096,19697102,19697108,19697118,19697124,19697132,19697140,19697146,19697154,19697160,19697168,19697176,19697184,19697190,19697196,19697204,19697210,19697214,19697218,19697224,19697228,19697232,19697238,19697242,19697246,19697250,19697256,19697260,19697264,19697270,19697274,19697278,19697284,19697288,19697292,19697298,19697302,19697306,19697312,19697316,19697320,19697326,19697330,19697334,19697338,19697364,19697396,19697428,19697460,19697504,19697562,19697674,19697774,19697886,19697996,19698102,19698212,19698314,19698424,19698524,19698630,19698740,19698852,19698952,19699004,19699156,19699278,19699378,19699490,19699600,19699682,19699812,19699914,19700024,19700124,19700232,19700336,19700446,19700556,19700656,19700764,19700858,19700978,19701078,19701188,19701288,19701380,19701502,19701612,19701722,19701824,19701932,19702036,19702148,19702248,19702358,19702458,19702564,19702674,19702786,19702886,19702994,19703090,19703212,19703322,19703422,19703536,19703618,19703750,19703850,19703962,19704064,19704172,19704276,19704388,19704500,19704602,19704710,19704806,19704918,19705028,19705130,19705224,19705310,19705422,19705524,19705610,19705700,19705768,,,,,,,,,
MPA2:PF,(                ),, -0.72, -0.72, -0.72, -0.72, -0.72, -0.72, -0.72, -0.71, -0.71, -0.71, -0.71, -0.71, -0.71, -0.71, -0.71, -0.71, -0.71, -0.71, -0.71, -0.71, -0.71, -0.60, -0.60, -0.60, -0.60, -0.60, -0.59, -0.59, -0.60, -0.60, -0.60, -0.60, -0.59, -0.59, -0.59, -0.60, -0.59, -0.60, -0.60, -0.60, -0.60, -0.60, -0.60, -0.60, -0.60, -0.60, -0.59, -0.60, -0.61, -0.60, -0.63,0.85,0.85,0.85,0.84,0.91,0.94,0.92,0.92,0.92,0.92,0.92,0.92,0.92,0.92,0.92,0.92,0.92,0.92,0.92,0.92,0.92,0.92,0.92,0.92,0.92,0.92,0.92,0.92,0.92,0.92,0.92,0.92,0.92,0.92,0.92,0.92,0.92,0.92,0.92,0.92,0.92,0.92,0.92,0.92,0.92,0.92,0.92,0.92,0.92,0.92,0.92,0.92,0.92,0.92,0.92,0.92,0.92,0.92,0.92,0.92,0.92,0.92,0.92,0.92,0.92,0.92,0.92,0.92,0.92,0.92,0.92,0.92,0.92,0.92,0.92,0.92,0.92,0.92,0.92,0.92,0.92,0.92,0.92,0.89,,,,,,,,,
MPA2:VRS,(                ),V,385.8,385.7,386.0,385.8,385.7,385.8,386.5,386.6,386.6,386.7,387.0,387.6,387.4,387.7,387.8,387.8,387.6,387.5,387.9,388.0,383.7,383.9,384.0,383.3,384.0,383.7,383.8,384.0,383.7,383.9,383.8,383.6,383.4,383.7,383.5,383.6,382.4,382.5,382.6,381.8,382.4,381.9,381.2,382.4,383.9,383.9,385.0,385.2,382.8,385.1,384.3,382.1,380.6,380.2,380.0,378.2,377.2,377.6,377.7,378.6,377.6,376.4,375.5,373.8,374.8,373.9,374.3,377.8,377.8,378.4,378.7,377.7,380.2,380.9,380.4,381.5,381.1,380.6,378.9,377.8,380.4,379.4,380.5,380.4,380.1,379.6,380.0,380.6,380.1,381.5,381.0,381.3,382.2,382.2,382.2,381.8,381.2,383.0,381.8,382.5,382.8,383.5,383.3,384.4,383.6,385.1,384.7,385.8,385.0,383.9,384.1,383.7,384.3,382.1,382.8,381.7,383.6,383.5,384.0,383.7,383.7,382.9,379.7,380.1,379.1,380.4,380.7,381.7,382.2,382.6,383.2,383.4,384.0,385.2,387.3,,,,,,,,,
MPA2:VST,(                ),V,385.7,385.7,385.9,385.7,385.5,385.7,386.5,386.5,386.6,386.5,386.9,387.5,387.3,387.5,387.6,387.8,387.2,387.4,387.9,387.9,383.6,383.8,383.8,383.4,383.9,383.6,383.7,383.9,383.7,383.9,383.8,383.6,383.3,383.7,383.4,383.6,382.6,382.6,382.6,382.0,382.2,381.7,381.0,382.3,383.7,383.8,384.8,385.1,382.3,385.1,384.2,381.8,380.1,379.6,379.2,377.2,375.7,376.7,376.6,377.0,375.6,375.3,374.7,373.6,373.8,372.5,373.4,377.4,377.2,377.5,377.7,377.8,379.9,380.2,380.0,380.5,379.4,380.1,377.9,377.2,379.3,379.2,379.5,379.4,379.5,379.7,379.6,380.0,380.3,380.6,379.6,380.0,380.7,381.4,381.4,381.1,381.3,380.7,380.7,382.1,381.9,383.3,380.9,383.5,383.6,384.2,384.6,384.4,384.1,383.8,384.3,383.3,383.3,381.5,381.8,381.6,381.5,382.7,382.6,383.8,383.3,382.3,378.8,379.4,379.6,380.3,380.7,380.4,382.2,382.5,382.6,382.6,383.9,384.0,386.6,,,,,,,,,
MPA2:VTR,(                ),V,386.0,385.9,386.1,386.0,385.9,385.8,386.6,386.6,386.7,386.7,386.9,387.6,387.4,387.6,387.6,387.8,387.1,387.3,387.7,387.7,383.4,383.7,383.6,383.1,383.8,383.5,383.5,383.7,383.5,383.6,383.5,383.4,383.2,383.4,383.2,383.4,382.4,382.3,382.4,381.6,382.2,381.6,381.1,382.0,383.6,383.9,385.0,384.9,382.6,385.0,384.1,381.9,380.5,379.9,379.4,377.9,376.6,376.7,376.5,377.7,377.3,375.5,375.4,374.2,373.6,373.3,373.6,377.9,377.7,377.5,377.6,377.6,380.2,380.3,380.3,381.3,380.9,380.3,378.4,377.7,379.6,379.5,380.2,379.5,379.9,379.5,380.1,380.5,381.0,380.8,380.5,380.5,381.4,381.7,381.4,380.5,381.6,381.4,380.5,382.5,382.2,383.6,383.4,383.8,384.0,384.2,384.9,385.2,384.8,384.0,384.5,383.7,383.1,381.2,382.2,381.6,382.1,382.8,383.7,384.0,383.4,383.1,378.8,379.2,379.3,380.6,381.1,382.6,382.6,382.7,383.0,383.2,384.5,385.2,387.2,,,,,,,,,
MLARF-1.PF,(                ),,0.98,0.97,0.95,0.95,0.95,0.98,0.97,0.97,0.98,0.95,0.94,0.94,0.93,0.94,0.93,0.92,0.92,0.92,0.92,0.92,0.91,0.89,0.99,0.99,0.98,0.97,0.97,0.89,0.99,0.98,0.98,0.89,0.89,0.89,0.90,0.90,0.90,0.90,0.90,0.91,0.91,0.99,0.99,0.98,0.97,0.97,0.97,0.96,0.99,0.99,0.99,0.99,0.99,0.98,0.98,0.98,0.99,0.98,0.95,0.99,0.99,0.94,0.99,0.99,0.99,0.99,0.98,0.98,0.98,0.98,0.98,0.98,0.97,0.97,0.97,0.97,0.97,0.97,0.97,0.97,0.97,0.97,0.97,0.97,0.97,0.99,0.96,0.96,0.96,0.96,0.99,0.98,0.98,0.98,0.98,0.98,0.99,0.98,0.98,0.98,0.97,0.97,0.97,0.97,0.99,0.99,0.98,0.99,0.99,0.99,0.99,0.99,0.99,0.99,0.99,0.99,0.98,0.99,0.99,0.98,0.99,0.99,0.99,0.98,0.98,0.99,0.99,0.99,0.98,0.98,0.98,0.99,0.98,0.98,0.99,,,,,,,,,
MLARF-1:HZ,(                ),Hz,59,59,59,59,59,59,59,59,59,59,59,60,60,60,60,60,60,59,60,59,60,60,59,59,60,59,60,60,59,60,59,59,59,59,60,60,59,59,60,60,60,60,60,60,60,59,59,59,60,59,59,60,60,60,60,60,60,60,60,60,60,59,60,59,59,59,60,59,59,60,60,59,60,60,60,59,59,59,59,59,59,59,59,59,59,60,60,59,60,59,59,59,59,59,60,60,60,59,59,60,60,60,60,59,60,59,59,60,59,60,59,60,60,60,59,59,60,60,59,59,59,60,59,59,59,60,60,60,59,60,59,59,60,59,59,,,,,,,,,
MLARF-1:IR,(                ),A,220,184,97,98,96,210,174,145,128,86,84,83,76,71,68,54,54,54,54,53,51,45,195,160,107,85,74,180,199,146,106,46,45,45,45,46,45,45,45,48,48,219,180,134,95,80,76,71,247,231,176,248,217,165,128,105,204,166,72,255,206,76,189,186,290,242,204,171,155,148,143,139,135,130,129,127,127,127,128,127,127,124,125,126,124,302,119,118,121,120,249,214,175,160,148,145,251,203,171,153,162,156,154,151,298,278,269,235,225,217,211,208,194,348,298,259,235,224,335,277,378,371,304,188,188,186,288,243,230,186,185,251,183,182,366,,,,,,,,,
MLARF-1:IS,(                ),A,160,122,33,32,31,147,109,79,64,30,28,29,30,45,28,27,27,27,26,26,27,23,173,139,85,61,50,160,177,122,83,23,23,23,27,25,24,24,24,25,25,199,157,112,73,58,52,48,222,204,148,220,190,138,106,80,185,136,45,227,205,61,165,135,239,196,155,123,104,97,95,89,87,84,80,81,80,78,78,80,77,79,80,79,78,256,80,71,75,72,199,164,143,110,99,95,206,172,118,104,94,85,84,84,226,194,164,134,124,131,114,110,99,250,202,161,139,128,244,181,279,273,205,89,90,97,197,147,131,90,88,151,86,89,291,,,,,,,,,
MLARF-1:IT,(                ),A,151,117,41,38,38,138,101,83,75,41,36,39,30,31,31,30,30,30,30,30,28,26,159,126,87,62,51,145,162,112,84,26,26,25,29,26,26,25,25,26,26,184,140,100,71,56,42,37,197,180,125,197,168,118,98,72,162,117,38,202,152,33,134,101,187,147,123,90,73,67,64,53,54,53,46,49,47,46,45,47,42,46,44,46,43,208,45,36,42,41,148,118,93,75,64,60,154,111,84,71,65,57,52,53,181,157,126,105,94,88,83,78,65,205,159,131,110,97,192,141,237,233,166,60,62,110,158,120,104,60,58,125,59,60,227,,,,,,,,,
MLARF-1:KW,(                ),kW,116.1,91.8,36.2,35.3,34.9,108.0,83.1,66.7,58.2,33.2,31.2,31.8,28.2,30.8,26.3,22.6,22.9,22.8,22.4,22.3,21.3,18.5,115.3,92.4,60.5,44.9,37.6,106.2,118.0,82.6,59.2,18.6,18.4,18.4,19.9,19.3,18.8,18.5,18.6,19.6,19.8,131.2,103.3,74.5,51.6,41.6,36.5,33.4,146.0,135.4,98.1,145.7,125.2,91.1,71.8,54.8,118.9,90.1,32.3,149.1,121.9,35.2,104.7,90.2,154.3,125.2,102.8,82.8,71.5,67.1,65.0,60.2,59.4,57.3,54.6,55.2,54.4,53.7,53.7,54.0,52.7,53.1,53.1,53.7,52.6,167.7,51.8,47.7,50.5,49.2,130.3,108.1,89.6,74.8,67.5,64.9,133.8,106.0,81.1,71.3,69.4,64.6,62.6,62.4,155.4,138.3,122.8,104.3,97.5,95.9,89.6,87.1,78.7,176.3,144.1,120.6,106.0,98.4,170.0,131.4,197.6,193.6,146.7,73.0,73.6,85.5,140.3,111.4,101.6,73.3,72.2,115.4,71.7,72.8,196.0,,,,,,,,,
MLARF-1:KWH,(                ),,6699214,6699232,6699244,6699250,6699256,6699272,6699288,6699301,6699310,6699318,6699323,6699329,6699334,6699339,6699343,6699347,6699351,6699355,6699359,6699363,6699367,6699370,6699387,6699404,6699416,6699426,6699431,6699436,6699457,6699474,6699485,6699489,6699492,6699495,6699499,6699502,6699505,6699508,6699512,6699515,6699517,6699536,6699556,6699570,6699580,6699586,6699594,6699600,6699617,6699642,6699658,6699680,6699702,6699721,6699734,6699745,6699761,6699779,6699786,6699802,6699824,6699840,6699861,6699876,6699891,6699912,6699931,6699947,6699960,6699971,6699977,6699991,6700003,6700012,6700022,6700031,6700038,6700049,6700057,6700067,6700075,6700084,6700093,6700101,6700111,6700122,6700139,6700147,6700156,6700164,6700183,6700201,6700216,6700230,6700243,6700254,6700272,6700292,6700308,6700321,6700331,6700343,6700353,6700364,6700375,6700398,6700419,6700438,6700453,6700471,6700487,6700501,6700516,6700536,6700569,6700590,6700610,6700626,6700655,6700680,6700701,6700735,6700762,6700781,6700797,6700810,6700836,6700857,6700874,6700886,6700900,6700921,6700934,6700946,6700960,,,,,,,,,
MLARF-1:PF,(                ),, -0.98, -0.97, -0.95, -0.95, -0.95, -0.98, -0.97, -0.97, -0.98, -0.95, -0.94, -0.94, -0.93, -0.94, -0.93,0.92,0.92,0.92,0.92,0.92,0.91,0.89, -0.99, -0.99, -0.98, -0.97, -0.97, -0.99, -0.99, -0.98, -0.98,0.89,0.89,0.89,0.90,0.90,0.90,0.90,0.90,0.91,0.91, -0.99, -0.99, -0.98, -0.97, -0.97, -0.97, -0.96, -0.99, -0.99, -0.99, -0.99, -0.99, -0.98, -0.98, -0.98, -0.99, -0.98, -0.95, -0.99, -0.99, -0.94, -0.98, -0.99, -0.99, -0.99, -0.98, -0.98, -0.98, -0.98, -0.98, -0.98, -0.97, -0.97, -0.97, -0.97, -0.97, -0.97, -0.97, -0.97, -0.97,0.97, -0.97, -0.97, -0.97, -0.99,0.96,0.96,0.96,0.96, -0.99, -0.98, -0.98, -0.98, -0.98, -0.98, -0.99, -0.98, -0.98, -0.98, -0.97, -0.97, -0.97, -0.97, -0.99, -0.99, -0.98, -0.99, -0.99, -0.99, -0.99, -0.99, -0.99, -0.99, -0.99, -0.99, -0.98, -0.99, -0.99, -0.98, -0.99, -0.99, -0.99, -0.98, -0.98, -0.99, -0.99, -0.99, -0.98, -0.98, -0.98, -0.99, -0.98, -0.98, -0.99,,,,,,,,,
MLARF-1:VRS,(                ),V,385.0,385.0,385.5,385.1,385.0,385.0,385.8,385.8,385.9,385.9,386.2,387.1,386.7,387.0,387.1,387.3,387.0,387.0,387.2,387.3,383.1,383.3,383.3,382.7,383.3,383.2,383.2,383.4,383.2,383.3,383.2,383.0,382.6,383.2,382.9,383.0,381.8,382.0,382.0,381.2,381.6,381.1,380.6,381.6,383.3,383.3,384.2,384.5,382.1,384.2,383.5,382.3,381.1,380.7,380.3,379.0,378.3,379.2,379.4,379.9,379.7,378.2,377.6,376.1,376.2,375.6,376.1,379.8,379.9,380.1,380.3,380.2,382.3,382.7,382.6,383.1,382.8,382.7,380.8,380.0,382.1,381.7,382.1,381.6,382.2,381.6,382.4,382.5,383.0,383.2,382.6,383.1,383.7,383.9,383.9,383.5,383.6,382.0,383.5,384.7,384.2,385.6,385.2,386.0,385.7,386.6,386.5,387.0,386.3,385.9,386.2,385.7,385.6,383.4,384.1,383.8,384.5,384.7,385.4,385.6,385.1,384.7,381.0,381.2,381.3,382.3,382.5,383.5,383.8,384.3,384.6,384.4,385.4,386.2,386.6,,,,,,,,,
MLARF-1:VST,(                ),V,384.9,385.0,385.2,384.9,384.7,384.8,385.6,385.6,385.9,385.7,386.0,386.7,386.2,386.4,386.7,386.9,386.4,386.8,386.9,387.2,382.8,382.9,382.9,382.5,383.1,382.9,383.0,383.1,383.0,383.1,383.0,382.9,382.4,382.9,382.4,383.0,381.6,381.8,381.7,381.0,381.2,380.8,380.2,381.3,382.8,382.9,383.8,384.2,381.3,384.0,383.3,381.7,380.3,380.0,379.5,378.0,377.3,378.4,378.4,379.1,378.4,377.0,376.4,375.2,375.1,374.6,375.3,379.0,378.9,379.3,379.6,379.4,381.4,382.1,381.6,382.1,381.9,381.7,380.0,378.7,381.2,380.6,381.2,380.8,381.2,380.8,381.2,381.6,381.8,382.3,381.8,381.9,382.7,383.0,383.0,382.6,382.7,382.7,382.4,383.8,383.4,385.1,384.0,385.2,384.7,386.1,386.4,386.5,385.9,385.4,385.7,385.1,385.0,383.0,383.7,383.3,384.0,384.7,384.8,385.5,384.8,384.1,380.7,381.1,381.2,382.3,382.4,383.1,383.8,384.0,384.3,384.1,385.0,385.8,386.0,,,,,,,,,
MLARF-1:VTR,(                ),V,385.7,385.9,386.0,385.7,385.5,385.6,386.4,386.2,386.4,386.2,386.5,387.3,387.0,387.1,387.2,387.3,386.7,387.0,387.1,387.3,382.9,383.0,383.1,382.5,383.2,382.9,383.0,383.3,383.2,383.0,383.0,383.0,382.6,383.0,382.5,383.1,381.8,381.8,381.9,381.1,381.6,381.1,380.7,381.2,383.0,383.2,384.4,384.5,382.1,384.5,383.8,382.5,381.5,380.6,380.2,379.0,378.3,379.4,379.2,380.2,379.8,378.2,377.8,376.7,376.8,375.9,376.4,380.3,380.2,380.5,380.8,380.7,382.8,383.2,383.2,383.7,383.2,383.1,381.4,380.5,382.6,382.2,382.5,382.1,382.7,382.1,382.8,383.0,383.3,383.5,383.3,383.6,384.0,384.4,384.4,384.0,384.3,384.5,384.0,385.3,384.8,386.4,385.8,386.7,386.5,387.5,387.8,387.9,387.5,386.8,387.3,386.6,386.6,384.7,385.2,384.9,385.6,385.7,386.6,386.9,386.4,385.8,382.2,382.3,382.5,383.2,383.9,384.8,385.0,385.3,386.0,385.8,386.9,387.6,387.9,,,,,,,,,
MPARF:HZ,(                ),Hz,59,59,59,59,59,59,59,59,59,59,59,60,60,60,60,60,60,59,60,59,60,60,59,59,60,59,60,60,59,60,59,59,59,59,60,60,59,59,60,60,60,60,60,60,60,59,59,59,60,59,59,59,60,60,60,60,60,60,60,60,60,59,60,59,59,59,60,59,59,60,60,59,60,60,60,59,59,59,59,59,59,59,59,59,59,60,60,59,60,60,59,59,59,59,60,60,60,59,59,60,60,60,60,59,60,59,59,60,59,60,59,60,60,60,59,59,60,60,59,59,59,60,59,59,59,60,60,60,59,60,59,59,60,59,59,,,,,,,,,
MPARF:IR,(                ),A,132,125,119,112,111,111,111,116,110,111,110,111,112,110,109,107,109,108,110,109,109,110,110,109,109,109,110,109,109,109,108,108,109,108,108,109,109,112,108,110,111,114,118,116,115,123,149,123,137,166,187,174,179,191,177,173,178,179,181,232,186,204,196,223,225,240,230,221,242,241,213,196,217,225,231,206,199,208,203,233,241,218,206,234,200,254,204,198,219,221,244,197,253,230,229,219,240,212,211,247,209,217,216,232,215,203,271,207,203,229,212,204,209,209,231,248,225,237,216,206,227,212,216,211,214,217,257,218,220,235,218,210,200,196,192,,,,,,,,,
MPARF:IS,(                ),A,82,77,81,76,74,75,76,80,76,76,75,77,77,76,76,75,76,75,78,77,79,78,78,77,79,78,78,78,78,78,77,79,79,78,79,78,77,77,75,76,76,78,77,77,74,77,101,76,79,109,129,112,113,136,115,110,111,114,117,169,117,137,133,149,158,180,164,138,168,171,141,130,171,169,165,144,128,136,132,163,170,153,138,175,135,189,140,125,140,145,172,121,180,163,167,147,166,144,145,181,135,146,136,151,142,133,196,136,134,161,146,133,140,136,169,173,149,168,147,137,154,138,142,142,137,145,186,150,148,170,153,146,136,137,130,,,,,,,,,
MPARF:IT,(                ),A,137,129,132,126,126,125,125,129,122,122,122,121,122,121,120,119,120,120,123,122,122,124,121,121,122,121,123,122,123,122,122,122,123,122,123,124,121,124,120,123,124,126,129,127,125,128,153,130,130,152,173,156,158,175,159,154,156,160,162,216,166,186,176,202,203,216,204,193,213,212,183,171,194,203,209,187,176,184,177,206,218,191,179,212,175,231,183,173,187,203,218,169,225,204,203,197,221,187,186,228,186,187,187,201,189,174,243,180,182,205,188,182,184,184,202,219,197,212,185,182,203,190,192,189,188,189,233,192,194,208,191,187,180,175,172,,,,,,,,,
MPARF:KW,(                ),kW,70.7,66.0,63.3,57.8,57.1,56.8,57.2,59.7,55.9,58.0,57.8,57.8,58.4,57.2,56.7,53.9,55.1,54.6,55.5,54.8,55.0,55.1,54.4,54.0,54.2,54.3,54.6,53.9,54.3,54.4,53.8,53.8,53.9,53.1,53.3,54.3,55.2,56.9,54.5,55.9,56.6,59.3,61.7,60.3,59.6,65.7,83.9,66.5,73.5,91.7,104.8,94.4,96.0,107.2,96.2,93.0,94.5,96.8,98.2,132.2,99.9,111.8,107.5,121.1,123.8,133.4,125.5,116.9,131.8,131.5,113.1,105.1,123.8,127.4,129.2,114.5,107.0,113.0,108.7,128.2,134.9,119.3,110.8,131.9,108.5,144.5,111.9,105.8,114.6,126.4,136.1,103.3,141.5,127.6,127.9,120.1,134.0,115.9,115.6,141.7,113.8,118.0,115.3,125.0,117.2,109.7,153.3,112.7,111.8,128.5,117.7,111.6,114.0,112.9,127.8,136.5,122.0,132.6,116.9,112.7,124.9,115.6,116.9,114.9,114.3,117.1,144.7,119.1,119.7,131.4,119.5,115.5,110.9,111.8,106.1,,,,,,,,,
MPARF:KWH,(                ),,5936318,5936330,5936340,5936351,5936361,5936370,5936380,5936390,5936399,5936409,5936418,5936429,5936439,5936448,5936458,5936466,5936477,5936486,5936495,5936504,5936513,5936523,5936532,5936540,5936550,5936559,5936568,5936577,5936586,5936595,5936604,5936612,5936622,5936631,5936640,5936649,5936658,5936666,5936677,5936686,5936695,5936705,5936716,5936726,5936737,5936747,5936760,5936770,5936783,5936798,5936811,5936831,5936847,5936866,5936881,5936898,5936915,5936933,5936950,5936968,5936986,5937004,5937022,5937040,5937060,5937078,5937098,5937119,5937141,5937161,5937171,5937201,5937224,5937243,5937264,5937286,5937301,5937326,5937345,5937366,5937385,5937405,5937425,5937446,5937467,5937486,5937508,5937526,5937549,5937568,5937590,5937608,5937627,5937650,5937673,5937695,5937714,5937735,5937756,5937777,5937796,5937817,5937836,5937857,5937878,5937899,5937918,5937939,5937957,5937980,5938001,5938020,5938040,5938055,5938081,5938099,5938120,5938139,5938161,5938181,5938202,5938223,5938242,5938263,5938281,5938303,5938324,5938346,5938366,5938385,5938409,5938431,5938450,5938471,5938491,,,,,,,,,
MPARF:PF,(                ),, -0.91, -0.90, -0.86, -0.83, -0.82, -0.82, -0.82, -0.82, -0.81, -0.84, -0.84, -0.84, -0.84, -0.83, -0.83, -0.80, -0.81, -0.81, -0.80, -0.80, -0.80, -0.80, -0.80, -0.80, -0.79, -0.80, -0.79, -0.79, -0.79, -0.80, -0.79, -0.79, -0.79, -0.78, -0.78, -0.79, -0.82, -0.83, -0.82, -0.82, -0.82, -0.85, -0.87, -0.86, -0.86, -0.91, -0.94, -0.91, -0.97,0.97,0.97,0.97,0.97,0.97,0.98,0.98,0.98,0.98,0.98,0.98,0.98,0.98,0.98,0.98,0.98,0.97,0.97,0.97,0.97,0.97,0.96,0.97,0.97,0.97,0.97,0.97,0.97,0.97,0.97,0.97,0.98,0.97,0.96,0.97,0.97,0.98,0.97,0.97,0.97,0.97,0.97,0.96,0.97,0.97,0.97,0.97,0.97,0.97,0.97,0.97,0.97,0.97,0.97,0.96,0.97,0.97,0.97,0.97,0.97,0.97,0.97,0.97,0.96,0.97,0.96,0.97,0.97,0.97,0.96,0.97,0.97,0.97,0.97,0.97,0.97,0.97,0.97,0.96,0.96,0.97,0.96,0.96,0.97,0.97,0.96,,,,,,,,,
MPARF:VRS,(                ),V,384.5,384.4,385.0,384.7,384.6,384.7,385.4,385.4,385.6,385.6,385.9,386.7,386.1,386.3,386.7,386.8,386.7,386.5,386.9,387.0,382.7,382.9,383.0,382.4,383.0,382.6,382.8,382.9,382.9,383.0,382.8,382.7,382.6,382.8,382.5,382.7,381.3,381.4,381.5,380.8,381.3,380.7,379.9,381.0,382.6,382.5,383.3,383.7,381.1,383.0,382.1,381.1,379.7,379.0,378.8,377.4,376.9,377.8,377.8,378.4,378.0,376.7,375.9,374.5,374.8,373.9,374.3,378.0,378.1,378.4,378.6,378.6,380.5,380.9,380.7,381.4,381.2,381.1,379.2,378.3,380.4,380.0,380.5,380.0,380.5,380.0,380.6,381.0,381.4,381.8,381.0,381.6,381.8,382.0,382.1,381.9,381.9,382.3,381.8,382.9,382.6,383.9,383.4,384.3,384.3,385.0,384.9,385.7,385.0,384.5,384.8,384.3,384.3,382.0,382.5,382.2,382.9,383.2,383.9,384.2,383.9,383.5,379.7,379.9,379.9,380.7,381.0,382.0,382.4,382.7,383.1,383.1,384.1,384.9,385.3,,,,,,,,,
MPARF:VST,(                ),V,385.2,385.3,385.6,385.3,385.3,385.4,386.2,386.3,386.4,386.2,386.5,387.2,386.7,386.9,387.2,387.4,387.2,387.1,387.6,387.6,383.3,383.6,383.5,383.1,383.7,383.3,383.5,383.9,383.6,383.7,383.5,383.4,383.2,383.6,383.2,383.5,382.1,382.2,382.2,381.8,382.0,381.3,380.5,381.7,383.3,383.2,383.9,384.5,381.4,383.7,382.8,381.5,379.8,379.2,379.0,377.5,377.0,378.1,377.8,378.8,378.1,376.7,376.0,374.7,374.8,374.1,374.6,378.3,378.2,378.8,378.9,378.9,380.6,381.5,381.0,381.5,381.4,381.2,379.4,378.1,380.5,380.2,380.7,380.2,380.5,380.1,380.6,381.3,381.2,381.8,381.2,381.7,382.2,382.3,382.3,382.1,382.4,382.2,381.8,383.1,383.0,384.4,383.5,384.5,384.4,385.4,385.5,385.8,385.3,384.6,385.0,384.4,384.4,382.4,382.9,382.6,383.1,383.9,384.2,384.9,384.3,383.7,380.1,380.5,380.6,381.4,381.8,382.3,383.0,383.1,383.5,383.5,384.4,385.2,385.6,,,,,,,,,
MPARF:VTR,(                ),V,384.7,384.8,385.3,384.9,384.8,384.9,385.7,385.7,385.9,385.7,385.8,386.8,386.2,386.4,386.6,386.8,386.4,386.4,386.8,386.8,382.5,382.9,382.8,382.3,382.9,382.5,382.7,383.1,382.7,382.8,382.6,382.6,382.5,382.7,382.3,382.6,381.3,381.2,381.4,380.8,381.3,380.6,379.9,380.6,382.5,382.6,383.4,383.5,381.0,382.9,382.1,381.0,379.7,379.0,378.9,377.3,376.9,377.9,377.6,378.5,378.0,376.6,376.1,374.9,374.9,373.9,374.3,378.3,378.2,378.6,378.9,379.0,380.7,381.2,381.1,381.6,381.4,381.3,379.4,378.5,380.5,380.3,380.8,380.2,380.8,380.0,380.8,381.1,381.3,381.4,381.3,381.9,381.9,382.3,382.4,382.2,382.4,382.5,381.9,383.3,382.9,384.3,383.7,384.6,384.6,385.2,385.3,385.9,385.4,384.5,385.0,384.4,384.6,382.4,382.8,382.6,383.3,383.5,384.4,384.7,384.2,383.8,380.0,380.3,380.4,381.2,381.5,382.7,382.8,383.0,383.7,383.6,384.8,385.7,385.8,,,,,,,,,
MGCBB.KWH,(度數            ),,138.609,138.609,138.609,138.609,138.609,138.610,138.610,138.610,138.610,138.610,138.610,138.610,138.610,138.610,138.610,138.611,138.611,138.611,138.611,138.611,138.611,138.611,138.611,138.611,138.611,138.611,138.612,138.612,138.612,138.612,138.612,138.612,138.612,138.612,138.612,138.612,138.612,138.612,138.612,138.613,138.613,138.613,138.613,138.613,138.613,138.613,138.613,138.613,138.614,138.614,138.614,138.614,138.614,138.614,138.615,138.615,138.615,138.616,138.616,138.616,138.617,138.617,138.617,138.618,138.618,138.619,138.619,138.620,138.620,138.621,138.621,138.622,138.623,138.623,138.624,138.624,138.625,138.626,138.626,138.627,138.627,138.628,138.629,138.629,138.630,138.630,138.631,138.631,138.632,138.633,138.633,138.634,138.634,138.635,138.635,138.636,138.636,138.637,138.638,138.638,138.639,138.639,138.640,138.640,138.641,138.641,138.642,138.643,138.643,138.644,138.644,138.645,138.646,138.646,138.647,138.647,138.648,138.649,138.649,138.650,138.651,138.651,138.652,138.652,138.653,138.653,138.654,138.655,138.655,138.656,138.656,138.657,138.657,138.658,138.658,,,,,,,,,
MGCBB:F,(                ),Hz,60,60,60,60,60,60,60,60,60,60,60,60,60,60,60,60,60,60,60,60,60,60,60,60,60,60,60,60,60,60,60,60,60,60,60,60,60,60,60,60,60,60,60,60,60,60,60,60,60,60,60,60,60,60,60,60,60,60,60,60,60,60,60,60,60,60,60,60,60,60,60,60,60,60,60,60,60,60,60,60,60,60,60,60,60,60,60,60,60,60,60,60,60,60,60,60,60,60,60,60,60,60,60,60,60,60,60,60,60,60,60,60,60,60,60,60,60,60,60,60,60,60,60,60,60,60,60,60,60,60,60,60,60,60,60,,,,,,,,,
MGCBB:I1,(                ),A,20.2,20.2,19.8,19.8,19.8,18.8,15.5,15.9,14.8,14.2,14.5,13.4,13.3,14.3,13.5,13.6,13.2,12.5,12.5,13.1,11.5,11.0,13.1,13.4,13.5,11.8,12.1,13.9,10.9,11.2,13.2,13.3,10.9,10.9,11.6,11.4,11.2,11.1,13.9,13.2,14.8,15.6,15.1,14.8,15.8,14.6,17.5,19.0,18.2,20.6,24.9,28.6,31.3,36.7,42.3,43.4,46.0,50.6,51.7,53.0,58.9,65.7,72.7,75.3,74.8,78.1,81.7,80.0,81.4,84.2,86.0,86.8,85.4,86.5,86.6,87.6,86.4,88.1,91.1,90.8,90.4,90.2,89.1,85.9,89.1,87.7,87.2,85.9,85.2,85.6,86.4,84.1,79.2,79.9,82.8,82.6,83.2,80.4,83.0,85.5,84.8,85.3,87.3,85.2,83.4,88.5,88.4,87.0,86.8,91.5,88.3,88.5,93.0,88.9,92.3,92.9,94.0,93.2,93.9,96.4,93.4,91.4,92.3,92.6,88.6,86.9,82.4,82.9,81.8,77.3,74.4,78.0,65.7,63.5,61.1,,,,,,,,,
MGCBB:I2,(                ),A,19.9,20.9,19.9,19.9,20.6,19.7,15.8,17.0,15.4,15.1,15.0,13.7,13.9,14.9,14.0,13.7,13.3,13.4,13.0,14.0,12.2,11.4,13.7,14.7,14.3,12.6,12.5,14.0,10.8,11.4,14.4,13.7,10.7,11.4,11.3,11.3,11.2,11.5,14.6,13.9,15.5,16.7,15.7,15.5,16.5,15.4,17.5,19.6,18.6,21.6,25.8,29.9,32.3,37.2,43.2,44.3,47.2,52.0,52.1,53.4,59.0,65.3,71.5,74.2,73.7,77.5,81.5,79.4,81.5,83.6,86.5,85.8,84.5,86.6,86.7,86.1,85.4,87.7,90.9,89.0,89.9,89.3,88.3,85.4,88.6,87.4,87.1,85.0,83.9,84.5,85.6,83.4,77.4,78.6,81.8,80.8,82.5,78.5,82.0,83.7,83.5,83.6,86.7,83.6,81.5,87.1,87.8,87.1,87.1,90.9,88.1,86.9,92.2,88.0,91.7,91.9,93.9,93.5,93.7,96.7,92.4,90.3,91.6,91.9,87.3,86.4,82.6,84.0,81.9,78.0,73.9,77.9,65.6,62.5,60.2,,,,,,,,,
MGCBB:I3,(                ),A,21.3,21.7,21.3,21.3,21.1,20.0,16.7,17.4,16.2,15.8,15.8,14.9,14.8,15.5,15.0,14.6,14.1,13.7,14.0,14.6,12.7,11.9,14.4,15.1,15.1,13.1,13.1,14.6,12.1,12.4,14.3,14.5,12.5,12.3,12.5,12.9,12.3,12.2,15.2,14.5,16.3,16.9,16.6,16.1,17.3,16.2,18.9,20.2,19.2,21.8,26.0,29.6,33.0,37.8,43.4,45.5,47.2,52.2,52.8,54.1,60.1,67.2,73.8,77.5,76.1,80.0,83.1,81.4,84.7,85.7,88.7,89.0,86.7,88.7,89.5,89.5,88.7,90.0,92.7,92.2,92.0,91.9,90.5,88.2,90.8,88.4,89.1,87.2,86.4,86.5,88.0,86.3,80.3,82.0,84.4,84.1,85.5,81.5,85.1,86.4,85.2,85.7,88.1,86.8,85.3,89.6,90.9,88.8,89.4,93.2,89.9,89.3,94.5,91.5,94.9,95.1,96.7,95.0,95.9,98.1,93.5,92.3,92.0,92.8,89.4,87.7,84.2,84.6,82.8,77.5,74.9,79.0,67.8,64.6,63.0,,,,,,,,,
MGCBB:KW,(                ),kW,820.4,837.8,818.9,816.8,820.8,778.9,635.9,676.3,611.2,596.7,598.2,549.2,546.4,588.2,551.0,547.9,527.0,525.9,525.9,554.8,481.2,452.5,548.1,573.7,573.7,497.1,497.1,568.5,434.8,446.2,551.5,546.4,437.5,440.8,453.2,456.8,442.9,445.5,569.9,543.4,618.4,653.7,624.6,613.9,661.3,610.4,719.4,786.0,746.1,844.7,1013.7,1157.3,1256.2,1454.1,1670.4,1716.0,1828.3,2016.3,2029.6,2091.2,2313.4,2567.9,2839.8,2952.1,2909.1,3042.2,3185.8,3138.2,3233.8,3305.5,3413.4,3419.6,3364.2,3441.8,3453.2,3459.7,3429.8,3486.5,3607.6,3545.0,3570.8,3520.4,3513.9,3398.4,3523.4,3449.4,3455.5,3388.0,3346.4,3370.3,3419.7,3332.3,3082.2,3160.9,3278.5,3231.1,3302.1,3149.1,3287.1,3363.5,3335.8,3360.9,3461.5,3361.8,3301.9,3512.4,3541.9,3497.3,3489.5,3660.7,3535.4,3518.5,3727.0,3552.5,3700.1,3704.5,3772.3,3743.3,3761.7,3877.2,3708.1,3636.0,3625.5,3644.2,3484.4,3431.7,3262.9,3316.1,3262.1,3065.7,2941.2,3106.9,2640.1,2524.7,2450.0,,,,,,,,,
MGCBB:PF,(                ),,0.97,0.98,0.98,0.98,0.98,0.97,0.97,0.98,0.97,0.96,0.96,0.95,0.95,0.96,0.94,0.94,0.94,0.97,0.97,0.97,0.97,0.97,0.98,0.98,0.98,0.97,0.97,0.97,0.94,0.94,0.97,0.97,0.94,0.94,0.94,0.94,0.94,0.94,0.96,0.97,0.98,0.98,0.98,0.98,0.98,0.97,0.98,0.98,0.98,0.98,0.97,0.97,0.96,0.97,0.96,0.96,0.97,0.97,0.96,0.96,0.97,0.97,0.97,0.97,0.97,0.97,0.96,0.97,0.97,0.97,0.97,0.97,0.97,0.96,0.97,0.97,0.96,0.96,0.97,0.97,0.97,0.97,0.97,0.97,0.96,0.97,0.97,0.96,0.96,0.96,0.97,0.96,0.96,0.96,0.96,0.96,0.96,0.96,0.97,0.96,0.96,0.96,0.97,0.96,0.96,0.96,0.96,0.96,0.96,0.97,0.97,0.97,0.97,0.97,0.97,0.97,0.97,0.97,0.97,0.97,0.97,0.97,0.97,0.97,0.97,0.97,0.96,0.97,0.97,0.96,0.96,0.97,0.97,0.96,0.96,,,,,,,,,
MGCBB:V12,(                ),kV,23.7,23.7,23.7,23.7,23.7,23.7,23.7,23.7,23.8,23.7,23.8,23.8,23.8,23.8,23.8,23.8,23.8,23.8,23.8,23.8,23.6,23.6,23.6,23.6,23.6,23.6,23.5,23.6,23.6,23.6,23.5,23.6,23.6,23.6,23.5,23.6,23.5,23.5,23.5,23.5,23.5,23.5,23.4,23.5,23.6,23.6,23.6,23.6,23.5,23.7,23.6,23.5,23.4,23.4,23.4,23.3,23.2,23.3,23.3,23.4,23.3,23.2,23.2,23.1,23.1,23.1,23.1,23.3,23.3,23.4,23.4,23.4,23.5,23.6,23.5,23.6,23.5,23.5,23.4,23.3,23.5,23.5,23.5,23.5,23.5,23.5,23.5,23.5,23.5,23.5,23.5,23.6,23.6,23.6,23.6,23.6,23.6,23.6,23.6,23.7,23.6,23.7,23.7,23.7,23.7,23.8,23.8,23.8,23.8,23.8,23.8,23.7,23.7,23.6,23.6,23.6,23.7,23.7,23.7,23.7,23.7,23.7,23.5,23.5,23.5,23.5,23.6,23.6,23.6,23.7,23.7,23.7,23.7,23.8,23.8,,,,,,,,,
MGCBB:V23,(                ),kV,23.7,23.7,23.8,23.8,23.8,23.8,23.8,23.8,23.8,23.8,23.8,23.8,23.8,23.8,23.9,23.9,23.9,23.8,23.9,23.9,23.6,23.6,23.6,23.6,23.6,23.6,23.6,23.6,23.6,23.6,23.6,23.6,23.6,23.6,23.6,23.6,23.5,23.5,23.5,23.5,23.5,23.5,23.4,23.5,23.6,23.6,23.7,23.7,23.6,23.7,23.6,23.6,23.5,23.5,23.4,23.4,23.3,23.4,23.4,23.5,23.4,23.3,23.3,23.2,23.2,23.2,23.2,23.4,23.4,23.5,23.5,23.5,23.6,23.6,23.6,23.6,23.6,23.6,23.5,23.4,23.6,23.6,23.6,23.5,23.6,23.5,23.6,23.6,23.6,23.6,23.6,23.7,23.7,23.7,23.7,23.7,23.7,23.7,23.7,23.8,23.7,23.8,23.8,23.8,23.8,23.9,23.8,23.9,23.8,23.8,23.8,23.8,23.8,23.7,23.7,23.7,23.7,23.7,23.8,23.8,23.8,23.8,23.5,23.6,23.6,23.6,23.6,23.7,23.7,23.7,23.8,23.7,23.8,23.9,23.9,,,,,,,,,
MGCBB:V31,(                ),kV,23.7,23.7,23.7,23.7,23.7,23.7,23.8,23.8,23.8,23.8,23.8,23.8,23.8,23.8,23.8,23.8,23.8,23.8,23.9,23.8,23.6,23.6,23.6,23.6,23.6,23.6,23.6,23.6,23.6,23.6,23.6,23.6,23.6,23.6,23.6,23.6,23.5,23.5,23.5,23.5,23.5,23.5,23.4,23.5,23.6,23.6,23.7,23.7,23.5,23.7,23.6,23.6,23.4,23.4,23.4,23.3,23.3,23.4,23.3,23.4,23.3,23.3,23.2,23.1,23.2,23.1,23.1,23.4,23.4,23.4,23.4,23.4,23.5,23.6,23.5,23.6,23.6,23.6,23.4,23.4,23.5,23.5,23.5,23.5,23.5,23.5,23.5,23.5,23.5,23.6,23.6,23.6,23.6,23.6,23.6,23.6,23.6,23.6,23.6,23.7,23.7,23.7,23.7,23.8,23.7,23.8,23.8,23.8,23.8,23.8,23.8,23.7,23.8,23.6,23.6,23.6,23.7,23.7,23.7,23.8,23.7,23.7,23.5,23.5,23.5,23.5,23.6,23.6,23.7,23.7,23.7,23.7,23.7,23.8,23.8,,,,,,,,,
MLB1-1:HZ,(                ),Hz,59,59,59,59,59,59,59,59,59,59,59,60,60,60,60,60,60,59,60,59,59,60,59,59,60,59,59,60,59,60,59,59,59,59,60,60,59,59,60,60,60,60,59,60,60,59,59,59,59,59,59,60,60,60,60,60,60,60,60,60,60,59,60,59,59,59,59,59,59,60,60,59,60,60,59,59,59,59,60,59,59,59,59,59,59,60,60,59,60,60,59,59,59,59,60,60,60,59,59,60,60,60,60,59,60,59,59,60,59,60,59,60,60,60,60,59,60,60,59,59,59,59,59,59,59,60,60,60,59,60,59,59,60,59,60,,,,,,,,,
MLB1-1:IR,(                ),A,632,678,752,711,650,618,440,470,398,420,429,405,417,460,455,444,437,387,403,445,343,309,421,472,474,380,394,496,346,329,441,427,344,312,351,343,346,352,474,426,558,554,595,570,580,542,728,767,695,755,777,867,833,962,1076,1122,1102,1136,1170,1132,1168,1310,1399,1405,1330,1357,1390,1362,1411,1422,1598,1622,1519,1541,1478,1647,1614,1534,1673,1628,1594,1666,1643,1539,1485,1538,1655,1559,1492,1514,1665,1532,1363,1355,1610,1582,1600,1450,1599,1576,1481,1531,1529,1497,1403,1668,1615,1524,1529,1681,1625,1596,1881,1600,1761,1737,1830,1682,1726,1813,1798,1744,1757,1816,1776,1532,1355,1553,1566,1451,1397,1591,1537,1397,1511,,,,,,,,,
MLB1-1:IS,(                ),A,617,662,651,633,644,634,447,504,395,381,418,417,394,479,413,449,401,382,384,433,323,327,454,487,477,357,375,513,297,309,465,448,287,284,323,311,318,296,487,472,545,584,561,528,560,498,642,741,671,784,793,888,872,987,1177,1154,1134,1184,1155,1173,1199,1245,1372,1343,1317,1344,1384,1400,1379,1488,1597,1602,1536,1555,1425,1523,1506,1545,1677,1545,1616,1702,1599,1529,1469,1550,1595,1460,1453,1531,1584,1509,1308,1267,1552,1565,1565,1445,1542,1549,1523,1564,1496,1460,1343,1601,1588,1540,1509,1635,1603,1443,1775,1442,1663,1609,1624,1666,1688,1777,1744,1732,1672,1784,1615,1513,1270,1536,1475,1535,1423,1554,1404,1317,1403,,,,,,,,,
MLB1-1:IT,(                ),A,603,629,682,650,653,613,439,497,416,407,409,402,411,454,428,423,409,400,386,438,316,314,448,478,475,368,354,479,293,293,464,425,286,294,309,312,304,290,475,435,550,566,540,517,563,515,630,733,655,752,784,869,867,926,1125,1171,1134,1183,1099,1114,1148,1200,1283,1353,1227,1333,1362,1360,1439,1445,1618,1625,1528,1576,1534,1565,1519,1519,1663,1521,1584,1616,1582,1489,1433,1481,1582,1464,1423,1488,1585,1496,1256,1270,1605,1585,1562,1433,1547,1557,1481,1472,1450,1439,1362,1536,1635,1530,1483,1645,1575,1443,1798,1580,1795,1637,1722,1650,1640,1689,1641,1592,1563,1696,1578,1461,1326,1532,1513,1443,1380,1567,1504,1300,1441,,,,,,,,,
MLB1-1:KW,(                ),kW,399.9,425.3,455.6,433.1,421.2,401.1,278.6,316.8,252.9,249.2,257.3,250.4,249.9,291.6,262.2,268.2,254.7,252.8,254.0,286.1,210.7,202.7,287.2,312.8,311.3,240.3,241.8,318.6,188.7,187.2,293.5,277.8,183.7,177.4,197.4,192.3,192.7,186.0,303.6,283.0,358.0,368.7,364.2,346.2,367.9,333.7,434.4,487.7,436.8,495.7,505.0,559.7,542.2,604.2,713.0,725.3,707.4,734.9,717.6,715.4,736.0,789.9,851.4,860.1,811.9,839.3,861.5,865.6,890.5,910.6,1013.1,1018.3,962.3,981.5,932.8,998.6,977.7,967.1,1055.9,979.6,1012.3,1052.2,1001.7,956.1,917.8,956.2,1018.3,945.8,915.9,952.0,1023.9,955.0,814.4,822.8,1009.3,1000.0,1001.1,910.0,991.3,993.9,948.8,966.3,943.2,931.2,864.7,1023.1,1030.5,977.8,959.6,1060.4,1024.0,947.2,1169.8,973.5,1114.5,1062.0,1105.8,1067.2,1074.7,1130.4,1109.3,1081.0,1055.4,1125.7,1053.6,950.4,822.6,974.5,968.5,939.7,889.4,1007.0,953.5,852.6,934.4,,,,,,,,,
MLB1-1:KWH,(                ),,33653432,33653500,33653560,33653632,33653700,33653768,33653836,33653888,33653936,33653980,33654016,33654064,33654104,33654148,33654192,33654228,33654280,33654324,33654368,33654408,33654452,33654488,33654532,33654580,33654632,33654672,33654708,33654756,33654800,33654836,33654876,33654920,33654968,33655000,33655032,33655064,33655096,33655120,33655164,33655212,33655260,33655328,33655392,33655444,33655504,33655556,33655624,33655700,33655780,33655860,33655924,33656016,33656108,33656204,33656304,33656428,33656544,33656668,33656780,33656900,33657024,33657144,33657284,33657420,33657564,33657692,33657828,33657976,33658112,33658268,33658344,33658584,33658768,33658920,33659088,33659236,33659388,33659588,33659748,33659932,33660096,33660276,33660440,33660616,33660776,33660928,33661096,33661248,33661428,33661576,33661748,33661896,33662032,33662188,33662352,33662528,33662684,33662848,33662996,33663172,33663320,33663480,33663628,33663776,33663932,33664084,33664244,33664416,33664560,33664744,33664924,33665088,33665248,33665408,33665632,33665800,33665992,33666160,33666336,33666524,33666720,33666892,33667076,33667264,33667420,33667588,33667744,33667904,33668064,33668216,33668388,33668556,33668712,33668864,33669024,,,,,,,,,
MLB1-1:PF,(                ),,0.98,0.98,0.99,0.98,0.98,0.97,0.95,0.97,0.94,0.93,0.92,0.92,0.92,0.94,0.91,0.92,0.92,0.97,0.97,0.97,0.97,0.97,0.99,0.99,0.99,0.99,0.98,0.97,0.91,0.91,0.97,0.97,0.91,0.91,0.91,0.90,0.91,0.91,0.96,0.97,0.99,0.99,0.98,0.98,0.98,0.97,0.98,0.98,0.98,0.98,0.97,0.97,0.96,0.96,0.97,0.97,0.97,0.97,0.97,0.96,0.97,0.97,0.97,0.97,0.97,0.97,0.97,0.97,0.97,0.96,0.97,0.97,0.96,0.96,0.96,0.97,0.97,0.96,0.97,0.96,0.97,0.97,0.97,0.96,0.96,0.96,0.97,0.97,0.96,0.96,0.97,0.96,0.95,0.96,0.97,0.97,0.97,0.96,0.97,0.97,0.96,0.96,0.96,0.96,0.95,0.97,0.97,0.96,0.96,0.97,0.97,0.96,0.97,0.96,0.98,0.97,0.97,0.97,0.97,0.97,0.97,0.97,0.97,0.98,0.97,0.97,0.95,0.96,0.97,0.97,0.96,0.97,0.97,0.96,0.97,,,,,,,,,
MLB1-1:VRS,(                ),V,383.2,383.3,383.5,383.2,383.2,383.3,384.4,384.6,385.0,384.4,384.7,385.1,384.8,385.0,385.3,385.2,385.2,386.1,386.2,386.0,382.1,382.4,382.5,381.9,382.1,382.5,382.1,381.9,382.1,382.1,382.2,381.8,381.5,381.7,381.5,381.5,380.6,381.0,380.2,380.1,380.4,379.9,378.6,380.1,381.6,381.5,382.1,382.6,380.1,382.3,381.3,379.9,378.2,377.4,376.3,374.9,374.5,375.8,374.7,376.3,374.8,374.1,373.0,371.7,372.3,370.6,371.5,375.2,375.1,375.4,375.4,374.9,377.0,377.8,377.3,377.3,377.3,377.3,375.1,374.0,376.7,376.3,376.5,376.4,376.6,376.6,376.6,377.4,377.2,377.6,377.4,377.8,378.6,379.0,378.5,378.1,378.5,378.5,377.8,379.5,379.4,380.5,379.5,380.5,380.8,381.3,381.6,381.9,381.2,380.8,380.8,380.4,380.2,378.1,378.6,378.6,378.8,380.0,380.1,380.4,380.1,379.6,376.0,376.4,376.4,377.7,378.3,378.5,379.4,380.2,380.6,379.7,380.9,381.7,382.4,,,,,,,,,
MLB1-1:VST,(                ),V,383.6,383.7,384.2,383.9,383.6,383.6,384.7,384.6,385.0,384.7,384.8,385.1,384.9,385.0,385.5,385.2,385.1,385.8,386.0,385.9,381.9,382.2,382.3,381.7,382.1,382.2,381.8,381.7,381.9,381.7,381.8,381.5,381.5,381.3,381.2,381.4,380.4,380.7,380.0,379.6,380.4,379.7,378.7,379.9,381.6,381.7,382.7,382.5,380.6,382.3,381.3,380.2,378.8,377.7,376.6,375.8,375.2,376.4,375.6,376.8,375.5,375.1,373.9,372.9,373.1,371.4,372.0,375.8,376.2,376.0,376.3,375.9,377.8,378.5,378.6,378.9,378.5,378.2,376.2,375.5,377.7,377.2,377.6,377.2,377.5,377.1,377.8,378.4,378.3,378.2,378.6,379.0,379.3,380.2,379.8,379.3,379.8,379.7,379.1,380.7,379.9,381.1,380.6,381.5,382.1,382.0,382.6,382.7,382.3,381.7,382.0,381.6,381.5,379.7,380.0,380.1,380.7,380.6,381.4,381.3,381.0,380.3,377.0,377.2,377.7,378.5,379.5,379.7,380.5,380.5,381.4,381.0,382.8,383.1,383.9,,,,,,,,,
MLB1-1:VTR,(                ),V,383.8,383.8,384.4,384.2,383.7,383.9,384.9,384.9,385.2,384.8,385.1,385.3,385.1,385.5,385.9,385.8,385.8,386.3,386.5,386.5,382.5,382.7,382.9,382.3,382.6,382.7,382.4,382.4,382.5,382.5,382.5,382.1,382.0,381.9,381.8,381.8,380.9,381.4,380.6,380.2,380.8,380.4,379.3,380.7,382.1,381.9,383.1,383.1,381.1,382.7,381.7,380.6,378.9,378.2,377.0,375.8,375.4,376.4,376.1,377.2,376.0,375.6,374.5,372.9,373.8,371.7,372.5,376.2,376.3,376.3,376.1,375.9,378.0,378.3,378.0,378.8,378.7,378.5,376.3,375.8,377.9,377.6,377.8,377.5,377.9,377.6,378.0,378.7,378.7,378.7,378.8,379.1,380.0,380.4,379.7,379.3,379.7,379.8,379.3,380.5,380.1,381.5,381.1,381.9,382.2,382.7,382.3,383.0,382.3,381.9,382.1,382.1,381.8,379.2,379.4,380.1,380.4,380.6,381.3,381.5,381.4,380.9,377.5,377.6,377.8,378.6,379.2,379.5,380.3,380.9,381.4,380.7,382.1,383.1,383.6,,,,,,,,,
MLB2-1:HZ,(                ),Hz,59,59,59,59,59,59,59,59,59,59,59,60,60,60,60,60,60,59,60,59,59,60,59,59,60,59,59,60,59,60,59,59,59,59,60,60,59,59,60,60,60,60,59,60,60,59,59,59,59,59,59,60,60,60,60,60,60,60,60,60,60,59,60,59,59,59,59,59,59,60,60,59,60,60,59,59,59,59,60,59,59,59,59,59,59,60,60,59,60,59,59,59,59,59,60,60,60,59,59,60,60,60,60,59,60,59,59,60,59,60,59,60,60,60,60,59,60,60,59,59,59,59,59,59,59,60,60,60,59,60,59,59,60,59,60,,,,,,,,,
MLB2-1:IR,(                ),A,94,92,90,90,99,94,87,93,103,94,95,93,94,94,94,103,93,99,100,94,98,97,97,90,99,93,94,94,95,92,99,95,96,99,98,118,99,93,94,95,97,98,94,98,95,94,97,89,93,96,117,117,129,141,255,295,373,439,382,381,586,668,725,838,842,973,996,984,1036,1063,1065,1071,1126,1118,1157,1155,1126,1164,1179,1202,1202,1162,1199,1170,1244,1123,1090,1194,1092,1099,1076,1114,1041,1111,994,998,1035,1122,1048,1139,1149,1184,1165,1165,1222,1140,1111,1172,1089,1109,1076,1144,1222,1225,1211,1256,1256,1246,1302,1263,1180,1112,1092,1089,1022,1136,1039,1057,1044,994,919,1007,762,755,730,,,,,,,,,
MLB2-1:IS,(                ),A,72,67,75,70,71,73,68,71,76,70,73,69,71,76,75,72,67,72,74,70,69,69,68,67,69,70,67,63,66,70,68,69,65,67,76,66,78,65,71,70,65,69,62,74,111,112,108,105,106,106,127,129,137,150,265,298,368,434,375,351,499,583,659,734,757,877,913,890,909,960,1010,961,965,963,1009,1033,1018,1041,1064,1093,1057,1015,1062,1054,1142,1006,983,1072,976,1023,999,1017,963,1032,919,925,937,1003,958,1043,1060,1061,1089,1028,1090,1056,1028,1090,978,1023,998,1078,1149,1165,1165,1197,1194,1180,1221,1264,1159,1070,1034,1066,983,1126,1017,1029,1018,940,868,968,698,680,648,,,,,,,,,
MLB2-1:IT,(                ),A,95,93,91,94,97,99,91,98,100,101,92,103,95,89,95,95,97,94,97,105,95,96,101,91,93,93,93,94,93,97,96,90,92,95,95,104,94,92,96,90,94,96,88,99,96,92,97,87,89,90,103,111,111,131,238,276,345,422,362,363,538,604,699,765,795,909,954,944,1009,1041,1098,1056,1032,1038,1097,1093,1062,1055,1093,1108,1100,1061,1131,1075,1147,1025,1042,1113,1014,1066,1033,1059,991,1049,958,945,985,1053,1001,1083,1100,1103,1141,1065,1172,1100,1070,1127,1052,1083,1068,1089,1145,1184,1173,1240,1216,1202,1279,1296,1153,1086,1048,1048,972,1100,979,1025,1009,952,890,975,739,713,701,,,,,,,,,
MLB2-1:KW,(                ),kW,51.2,48.5,50.1,48.6,52.9,52.6,46.6,49.3,56.3,52.2,49.3,49.9,48.8,49.6,51.3,53.4,48.9,51.2,53.4,52.2,50.9,50.2,52.1,46.3,50.2,49.5,48.0,46.7,47.5,49.3,50.6,47.5,46.6,49.6,50.9,55.0,51.9,46.0,49.9,48.6,48.2,49.6,45.0,52.0,61.2,60.4,61.3,56.3,57.9,59.6,73.7,76.8,81.6,92.1,159.5,180.6,228.5,272.8,232.7,228.2,334.4,382.3,434.1,482.9,494.0,557.4,578.5,573.3,603.7,630.2,655.0,635.3,645.1,646.2,679.1,682.0,667.1,676.5,691.0,705.6,697.8,670.9,706.1,686.1,738.1,653.4,644.0,702.6,637.1,661.8,644.4,662.6,619.6,663.4,599.2,589.6,610.4,653.6,621.0,681.0,690.9,702.0,712.7,681.9,735.5,692.0,673.4,714.5,651.7,674.8,659.6,698.5,746.4,756.1,751.8,782.0,776.7,769.6,809.9,815.4,740.5,688.0,652.9,667.1,615.3,705.6,630.5,648.4,634.7,597.9,551.9,614.8,460.0,449.7,434.2,,,,,,,,,
MLB2-1:KWH,(                ),,17016008,17016018,17016026,17016034,17016042,17016050,17016060,17016068,17016078,17016086,17016094,17016102,17016110,17016120,17016128,17016134,17016146,17016154,17016162,17016170,17016178,17016188,17016196,17016204,17016212,17016220,17016228,17016236,17016244,17016252,17016260,17016268,17016276,17016286,17016292,17016302,17016310,17016316,17016326,17016334,17016342,17016350,17016358,17016366,17016374,17016384,17016396,17016404,17016414,17016426,17016432,17016448,17016462,17016476,17016494,17016522,17016556,17016598,17016638,17016678,17016724,17016782,17016850,17016922,17017006,17017088,17017182,17017284,17017378,17017484,17017536,17017692,17017810,17017912,17018030,17018134,17018236,17018380,17018488,17018606,17018718,17018832,17018942,17019064,17019182,17019288,17019398,17019496,17019620,17019726,17019840,17019944,17020040,17020162,17020270,17020374,17020468,17020576,17020678,17020782,17020884,17021002,17021112,17021224,17021348,17021470,17021578,17021702,17021806,17021932,17022052,17022160,17022270,17022380,17022532,17022652,17022788,17022906,17023038,17023172,17023306,17023414,17023534,17023648,17023742,17023860,17023978,17024086,17024186,17024278,17024388,17024490,17024576,17024656,17024734,,,,,,,,,
MLB2-1:PF,(                ),, -0.88, -0.87, -0.88, -0.86, -0.89, -0.89, -0.85, -0.84, -0.90, -0.88, -0.85, -0.84, -0.84, -0.86, -0.87, -0.88, -0.85, -0.86, -0.88, -0.87, -0.88, -0.87, -0.89, -0.84, -0.87, -0.87, -0.85, -0.84, -0.84, -0.86, -0.87, -0.84, -0.83, -0.86, -0.86, -0.86, -0.87, -0.83, -0.87, -0.86, -0.85, -0.86, -0.84, -0.87, -0.92, -0.92, -0.92, -0.90, -0.91, -0.92, -0.96, -0.97, -0.98, -0.99,0.96,0.95,0.97,0.96,0.95,0.95,0.95,0.95,0.96,0.96,0.96,0.94,0.94,0.94,0.94,0.95,0.95,0.95,0.94,0.95,0.95,0.95,0.95,0.95,0.95,0.95,0.95,0.95,0.95,0.95,0.96,0.95,0.95,0.95,0.94,0.95,0.95,0.95,0.94,0.95,0.94,0.94,0.94,0.94,0.94,0.95,0.95,0.95,0.95,0.95,0.96,0.95,0.95,0.95,0.95,0.95,0.95,0.96,0.96,0.96,0.96,0.96,0.96,0.96,0.97,0.97,0.96,0.96,0.95,0.95,0.95,0.96,0.95,0.95,0.95,0.94,0.93,0.95,0.94,0.94,0.94,,,,,,,,,
MLB2-1:VRS,(                ),V,384.8,385.2,385.5,385.2,384.9,385.2,386.1,386.0,386.5,385.9,386.4,386.7,386.4,386.8,387.2,387.0,386.9,387.2,387.3,387.3,383.0,383.3,383.2,383.0,383.3,383.3,383.2,383.4,383.4,383.3,383.5,383.0,382.9,382.9,382.8,382.9,382.0,382.3,381.7,381.4,381.6,381.2,380.1,381.7,383.4,383.1,384.0,384.7,382.0,384.4,383.5,382.3,380.5,380.2,378.8,377.2,376.8,378.0,377.4,378.6,376.4,375.7,374.4,372.7,373.0,371.1,371.8,375.5,375.4,375.9,376.4,376.1,377.6,378.6,377.8,378.4,378.4,378.0,376.1,375.1,377.3,377.1,377.4,377.4,377.1,377.4,377.7,377.9,378.1,378.3,378.5,378.8,379.5,379.2,379.6,379.4,379.6,378.9,378.8,379.9,379.8,381.0,380.3,381.2,381.3,382.2,382.6,382.6,382.0,381.7,381.9,381.6,381.5,379.5,379.8,379.7,380.2,380.9,381.3,381.8,381.3,380.8,377.4,377.7,377.6,378.6,379.3,379.4,380.5,380.9,381.5,380.7,382.9,383.6,384.1,,,,,,,,,
MLB2-1:VST,(                ),V,385.2,385.6,385.9,385.6,385.3,385.4,386.3,386.1,386.7,386.2,386.5,386.9,386.6,386.8,387.3,387.1,387.0,387.1,387.3,387.2,382.8,383.2,383.1,382.8,383.2,383.1,383.0,383.3,383.2,383.1,383.2,382.9,382.9,382.7,382.6,382.8,381.9,382.1,381.6,381.1,381.7,381.1,380.2,381.4,383.0,383.0,384.1,384.3,382.2,384.3,383.3,382.5,381.1,380.5,379.1,377.8,377.1,378.5,377.7,379.0,377.3,376.7,375.6,374.1,374.3,372.2,372.7,376.5,376.7,377.2,377.4,377.3,379.0,379.7,379.4,379.7,379.6,379.3,377.3,376.7,378.7,378.4,378.7,378.4,378.3,378.4,379.0,379.0,379.3,379.4,379.7,380.0,380.4,380.4,380.9,380.5,380.9,380.4,380.0,381.2,380.8,382.2,381.7,382.5,382.9,383.3,383.7,383.7,383.3,382.7,383.1,382.6,382.7,380.6,380.8,381.0,381.5,381.5,382.7,382.7,382.1,381.7,378.5,378.4,378.6,379.4,380.2,380.6,381.2,381.7,382.5,381.8,384.2,384.9,385.4,,,,,,,,,
MLB2-1:VTR,(                ),V,385.3,385.5,385.9,385.7,385.4,385.7,386.5,386.3,386.9,386.4,386.9,387.2,386.9,387.2,387.8,387.4,387.6,387.6,387.6,387.6,383.5,383.7,383.6,383.3,383.6,383.7,383.6,383.8,383.7,383.6,383.8,383.4,383.3,383.2,383.2,383.2,382.2,382.6,382.1,381.5,382.0,381.7,380.6,382.1,383.7,383.4,384.5,384.9,382.9,384.8,383.9,383.0,381.5,381.0,379.6,378.2,377.5,378.8,378.1,379.2,377.8,377.0,375.7,374.2,374.5,372.5,372.9,376.7,376.9,377.2,377.0,377.1,379.1,379.5,379.2,379.7,379.6,379.5,377.4,377.0,378.8,378.6,378.7,378.6,378.6,378.7,379.0,379.3,379.6,379.6,379.8,380.2,380.6,380.4,381.0,380.7,380.8,380.4,380.0,381.1,380.7,382.2,381.7,382.6,382.7,383.3,383.5,383.7,383.1,382.9,383.0,382.8,382.8,380.5,380.7,380.7,381.4,381.5,382.3,382.3,382.2,381.7,378.5,378.5,378.6,379.4,380.2,380.5,381.2,381.7,382.3,381.6,383.8,384.6,385.2,,,,,,,,,
MLB3-1:HZ,(                ),Hz,59,59,59,59,59,59,59,59,59,59,59,60,60,60,60,60,60,59,60,59,59,60,59,59,60,59,59,60,59,60,59,59,59,59,60,60,59,59,60,60,60,60,59,60,60,59,59,59,59,59,59,60,60,60,60,60,60,60,60,60,60,59,60,59,59,59,60,59,59,60,60,59,60,60,59,59,59,59,60,59,59,59,59,59,59,60,60,59,60,60,59,59,59,59,60,60,60,59,59,60,60,60,60,59,60,59,59,60,59,60,59,60,60,60,60,59,60,60,59,59,59,59,59,59,59,60,60,60,59,60,59,59,60,59,60,,,,,,,,,
MLB3-1:IR,(                ),A,326,297,247,295,261,238,260,233,231,210,203,185,173,171,153,177,154,137,164,131,133,135,152,125,144,143,138,157,140,153,93,160,146,141,145,149,137,118,160,146,132,142,141,104,174,159,153,159,156,191,196,187,422,464,536,551,575,784,856,901,1046,1233,1288,1347,1255,1286,1344,1318,1317,1366,1337,1387,1372,1428,1460,1434,1418,1464,1479,1553,1463,1441,1468,1419,1428,1419,1400,1363,1472,1435,1394,1326,1304,1331,1365,1335,1376,1283,1276,1313,1295,1295,1338,1328,1407,1451,1484,1504,1477,1516,1436,1463,1395,1428,1558,1535,1485,1537,1537,1489,1453,1516,1554,1580,1485,1432,1438,1428,1431,1332,1334,1309,1057,1038,926,,,,,,,,,
MLB3-1:IS,(                ),A,287,292,253,282,279,255,230,237,227,222,222,152,167,149,148,159,162,167,149,144,150,135,122,141,138,162,140,149,131,129,129,139,134,123,153,134,136,130,133,131,134,154,135,134,147,152,132,158,157,200,173,174,361,422,436,500,564,731,798,857,933,1119,1141,1242,1181,1200,1336,1272,1275,1238,1304,1311,1276,1332,1383,1265,1285,1339,1393,1395,1332,1319,1332,1249,1371,1384,1375,1315,1385,1331,1349,1263,1196,1282,1269,1214,1286,1178,1191,1210,1206,1174,1304,1234,1241,1333,1341,1404,1412,1416,1353,1360,1322,1340,1386,1462,1429,1442,1422,1414,1410,1415,1496,1520,1403,1356,1393,1447,1422,1359,1300,1286,1034,998,882,,,,,,,,,
MLB3-1:IT,(                ),A,305,298,269,287,287,261,231,255,226,241,236,180,192,205,169,193,165,180,175,170,182,134,138,168,163,157,161,147,144,167,161,161,152,165,144,147,154,156,154,161,171,166,169,157,169,163,203,198,202,236,215,186,397,470,523,532,593,769,848,877,1033,1131,1212,1248,1212,1244,1335,1268,1238,1262,1309,1305,1259,1395,1386,1309,1374,1415,1418,1411,1375,1340,1335,1300,1408,1349,1440,1377,1397,1318,1331,1274,1254,1325,1286,1251,1335,1154,1238,1190,1184,1177,1320,1247,1269,1394,1385,1426,1481,1440,1375,1413,1392,1357,1401,1486,1429,1484,1438,1470,1380,1417,1505,1519,1457,1369,1496,1455,1434,1299,1267,1266,1035,1033,906,,,,,,,,,
MLB3-1:KW,(                ),kW,196.4,190.0,164.7,186.0,177.6,159.4,153.2,155.0,146.9,144.2,141.8,107.6,112.1,109.8,98.1,112.2,100.2,103.1,101.8,93.2,96.3,83.4,84.7,90.3,92.4,93.9,89.4,92.5,85.5,92.6,79.3,94.6,89.4,87.6,90.0,89.1,86.8,83.3,91.7,89.6,90.6,96.4,92.0,82.5,102.3,98.1,102.4,106.7,107.9,132.9,123.1,114.9,242.2,280.1,302.8,323.0,369.1,488.5,531.8,561.0,643.0,734.6,765.9,805.4,764.4,776.6,837.5,809.2,803.2,812.7,831.6,841.5,826.0,881.6,896.3,847.5,863.4,895.6,906.7,920.8,882.0,866.4,874.9,837.2,890.2,879.0,893.3,858.5,902.7,866.6,863.4,816.7,793.2,834.8,831.9,806.2,849.4,761.6,783.6,786.7,780.3,773.8,842.0,809.1,833.5,892.5,900.1,929.8,936.0,935.8,888.8,904.8,876.3,875.2,925.4,957.3,925.1,953.9,940.0,935.2,905.2,925.5,964.4,983.2,920.0,878.8,918.7,920.4,916.1,849.6,831.7,821.3,661.0,648.5,572.0,,,,,,,,,
MLB3-1:KWH,(                ),,28298420,28298454,28298480,28298512,28298540,28298570,28298596,28298626,28298646,28298670,28298692,28298712,28298730,28298748,28298766,28298778,28298800,28298816,28298832,28298848,28298864,28298880,28298894,28298908,28298924,28298940,28298956,28298970,28298986,28299000,28299014,28299028,28299046,28299060,28299074,28299090,28299104,28299116,28299136,28299148,28299162,28299180,28299194,28299212,28299226,28299240,28299260,28299276,28299296,28299312,28299330,28299352,28299386,28299430,28299476,28299528,28299586,28299658,28299736,28299830,28299932,28300040,28300172,28300290,28300428,28300548,28300680,28300822,28300950,28301096,28301160,28301360,28301520,28301654,28301808,28301942,28302066,28302240,28302380,28302538,28302680,28302834,28302976,28303122,28303274,28303410,28303564,28303692,28303856,28303996,28304148,28304280,28304402,28304558,28304702,28304828,28304972,28305110,28305236,28305376,28305502,28305638,28305762,28305898,28306046,28306190,28306326,28306476,28306610,28306790,28306948,28307090,28307234,28307364,28307534,28307692,28307854,28308000,28308160,28308312,28308470,28308616,28308780,28308942,28309074,28309230,28309380,28309538,28309674,28309802,28309966,28310106,28310224,28310336,28310444,,,,,,,,,
MLB3-1:PF,(                ),,0.97,0.97,0.96,0.97,0.97,0.96,0.96,0.96,0.96,0.96,0.96,0.93,0.95,0.94,0.93,0.95,0.93,0.95,0.93,0.94,0.94,0.93,0.93,0.94,0.94,0.92,0.92,0.92,0.93,0.93,0.94,0.93,0.94,0.93,0.93,0.94,0.92,0.93,0.93,0.93,0.94,0.95,0.94,0.95,0.95,0.94,0.95,0.93,0.95,0.96,0.95,0.95,0.94,0.94,0.93,0.94,0.98,0.98,0.98,0.98,0.98,0.97,0.97,0.98,0.97,0.97,0.97,0.97,0.97,0.97,0.97,0.97,0.97,0.97,0.97,0.97,0.97,0.97,0.97,0.97,0.97,0.97,0.97,0.97,0.97,0.97,0.97,0.97,0.97,0.97,0.97,0.97,0.96,0.97,0.97,0.96,0.97,0.96,0.96,0.96,0.96,0.96,0.97,0.96,0.96,0.97,0.97,0.97,0.97,0.97,0.97,0.97,0.97,0.97,0.97,0.97,0.97,0.97,0.97,0.97,0.97,0.97,0.97,0.97,0.97,0.97,0.97,0.97,0.97,0.97,0.97,0.97,0.96,0.95,0.95,,,,,,,,,
MLB3-1:VRS,(                ),V,383.9,384.5,384.7,384.5,384.2,384.5,385.0,385.3,386.0,385.5,385.9,385.9,385.7,386.1,386.5,386.3,386.3,386.7,386.6,386.8,382.4,382.8,382.8,382.5,382.7,382.7,382.6,382.8,382.8,382.7,382.9,382.5,382.3,382.3,382.2,382.3,381.4,381.8,381.3,380.9,381.1,380.6,379.5,381.3,382.5,382.4,383.5,383.9,381.2,383.1,382.8,381.7,379.1,378.8,377.5,376.0,376.1,377.2,376.2,377.4,375.7,374.4,373.1,371.9,372.3,370.7,371.6,375.2,375.7,375.8,376.0,375.8,377.7,378.3,377.7,378.1,378.1,377.9,375.9,374.9,377.1,376.8,377.2,376.7,376.9,377.2,377.5,378.2,377.6,378.0,378.2,378.5,379.1,379.1,379.3,379.0,379.2,379.1,378.7,379.9,380.0,381.0,380.2,381.3,381.1,381.9,382.2,382.1,381.7,381.1,381.4,381.0,381.2,379.0,379.3,379.5,379.7,380.5,380.9,381.2,380.8,379.9,376.6,376.8,377.1,378.0,378.7,378.9,380.0,380.5,381.1,380.5,382.2,382.7,383.7,,,,,,,,,
MLB3-1:VST,(                ),V,384.4,384.7,385.0,385.0,384.5,384.6,385.5,385.4,386.1,385.6,385.9,386.2,385.9,386.3,386.7,386.5,386.2,386.5,386.6,386.6,382.1,382.7,382.8,382.1,382.6,382.3,382.3,382.6,382.6,382.6,382.5,382.3,382.3,382.2,381.9,382.3,381.3,381.5,381.2,380.6,381.1,380.4,379.5,380.8,382.6,382.5,383.8,383.8,381.5,383.3,382.9,382.1,380.1,379.3,378.5,377.1,376.7,378.1,377.1,378.1,377.0,375.7,374.6,373.3,373.6,371.8,372.2,376.1,376.6,376.9,376.9,376.8,378.7,379.2,378.9,379.5,379.4,379.2,377.1,376.5,378.5,378.3,378.4,378.0,378.3,377.9,378.6,379.1,378.9,379.1,379.2,379.7,380.2,380.3,380.6,380.2,380.6,380.4,379.9,381.2,380.7,382.2,381.5,382.4,382.7,383.0,383.4,383.4,382.9,382.2,382.6,382.2,382.4,380.1,380.7,380.8,381.0,381.1,382.2,382.4,381.7,381.1,377.6,377.6,378.1,379.0,379.8,380.0,380.6,381.1,382.0,381.4,383.4,383.9,385.0,,,,,,,,,
MLB3-1:VTR,(                ),V,384.2,384.4,384.8,384.8,384.4,384.7,385.4,385.3,386.1,385.6,386.0,386.1,386.0,386.2,386.9,386.6,386.6,386.8,386.8,386.9,382.4,383.1,383.1,382.3,382.8,382.7,382.6,383.0,383.0,382.8,382.8,382.7,382.5,382.4,382.4,382.5,381.4,381.8,381.5,380.7,381.2,380.9,379.7,381.3,382.9,382.6,383.6,384.0,381.8,383.4,383.0,382.3,379.9,379.3,378.3,377.1,376.9,378.0,377.0,378.1,376.8,375.8,374.4,373.2,373.6,371.8,372.4,376.1,376.8,377.1,376.7,376.9,378.9,378.9,378.8,379.4,379.2,378.9,376.9,376.6,378.4,378.2,378.5,378.0,378.1,378.2,378.3,378.9,378.8,379.3,379.4,379.7,380.3,379.9,380.6,380.2,380.3,380.7,379.8,381.1,380.9,382.1,381.4,382.4,382.6,382.9,383.1,383.4,382.3,382.2,382.3,382.1,382.1,379.9,380.5,380.3,380.8,380.8,381.9,381.8,381.6,380.9,377.2,377.5,377.6,378.8,378.8,379.4,380.3,381.1,381.9,381.2,382.9,383.4,384.5,,,,,,,,,
MLB4-1:HZ,(                ),Hz,59,59,59,59,59,59,59,59,59,59,59,60,60,60,60,60,60,59,60,59,59,60,59,59,60,59,59,60,59,60,59,59,59,59,60,60,59,59,60,60,60,60,59,60,60,59,59,59,59,59,59,60,60,60,60,60,60,60,60,60,60,59,60,59,59,59,59,59,59,60,60,59,60,60,59,59,59,59,60,59,59,59,59,59,59,60,60,59,60,59,59,59,59,59,60,60,60,59,59,60,60,60,60,59,60,59,59,60,59,60,59,60,60,60,60,59,60,60,59,59,59,59,59,59,59,60,60,60,59,60,59,59,60,59,60,,,,,,,,,
MLB4-1:IR,(                ),A,229,217,189,164,188,190,183,178,181,169,179,184,160,166,152,137,141,150,147,144,153,139,156,148,138,138,142,141,147,144,154,139,152,155,148,147,142,150,152,151,155,163,132,153,154,149,155,143,164,184,422,537,545,690,646,681,713,685,701,789,874,838,1048,1082,1123,1222,1230,1225,1279,1287,1241,1245,1249,1229,1307,1280,1232,1218,1285,1223,1264,1228,1197,1184,1329,1241,1218,1175,1200,1197,1196,1222,1164,1158,1151,1127,1133,1168,1237,1196,1227,1240,1284,1277,1201,1202,1248,1164,1248,1277,1241,1274,1228,1267,1251,1223,1221,1209,1223,1281,1238,1208,1177,1194,1185,1168,1180,998,927,842,849,841,687,678,655,,,,,,,,,
MLB4-1:IS,(                ),A,192,195,154,167,202,196,177,186,195,195,173,168,172,162,172,138,157,142,122,147,156,135,144,119,131,116,147,157,121,134,158,157,129,154,130,140,124,168,161,131,156,152,134,151,148,119,154,140,178,171,439,548,541,677,653,634,757,696,728,746,911,840,1014,995,1085,1161,1194,1187,1213,1257,1147,1178,1221,1222,1272,1252,1177,1210,1273,1193,1253,1175,1198,1213,1255,1243,1144,1148,1134,1125,1137,1114,1078,1030,1087,1063,1046,1075,1133,1141,1217,1169,1229,1187,1112,1174,1151,1180,1179,1266,1207,1250,1207,1234,1203,1156,1179,1206,1168,1252,1222,1162,1208,1152,1173,1207,1164,939,956,861,822,823,689,624,634,,,,,,,,,
MLB4-1:IT,(                ),A,214,229,202,195,214,232,218,215,212,200,202,179,179,178,191,162,154,167,161,172,156,158,156,179,163,170,155,161,155,150,173,156,155,180,157,171,156,167,161,163,152,205,165,177,163,157,176,162,207,201,430,569,576,709,682,726,772,750,772,825,913,963,1096,1138,1151,1261,1286,1252,1326,1322,1285,1245,1317,1322,1347,1366,1291,1291,1341,1243,1336,1316,1276,1324,1375,1364,1248,1191,1251,1248,1256,1226,1160,1162,1138,1080,1176,1166,1256,1204,1244,1245,1287,1319,1216,1222,1266,1265,1275,1338,1279,1317,1262,1335,1317,1256,1271,1302,1315,1322,1301,1283,1241,1239,1228,1270,1215,1058,978,908,896,881,747,722,681,,,,,,,,,
MLB4-1:KW,(                ),kW,131.1,131.6,110.9,108.7,122.5,126.2,121.3,121.7,122.7,116.7,115.1,110.8,106.5,104.8,107.1,88.0,90.8,91.4,86.1,91.6,94.3,86.6,90.7,89.3,87.5,85.3,88.7,92.1,83.1,85.1,97.5,91.7,86.9,97.0,85.6,90.6,83.4,96.6,92.8,88.8,90.8,103.9,86.2,96.9,94.9,84.6,97.2,90.2,114.5,114.9,266.5,345.4,341.2,436.2,413.8,421.1,466.7,441.8,451.9,491.7,551.2,551.2,666.5,677.0,708.0,764.8,780.6,778.0,813.9,825.2,785.9,781.8,811.2,810.0,842.7,838.0,792.4,795.9,832.4,778.4,825.1,793.9,784.9,795.6,848.6,823.2,772.3,752.1,767.1,764.5,768.7,762.8,727.9,717.4,723.3,701.1,720.2,732.2,777.3,760.2,790.9,787.8,820.0,817.5,785.6,787.7,793.6,781.1,799.7,838.2,806.3,830.2,798.0,825.6,813.3,782.7,791.2,801.0,800.4,833.9,811.0,786.9,774.6,765.8,766.5,781.3,763.8,646.4,618.1,562.6,553.5,548.8,457.8,435.4,424.6,,,,,,,,,
MLB4-1:KWH,(                ),,22880000,22880024,22880044,22880060,22880078,22880098,22880120,22880140,22880158,22880178,22880194,22880216,22880232,22880252,22880270,22880282,22880302,22880316,22880332,22880346,22880362,22880376,22880392,22880406,22880422,22880436,22880450,22880468,22880480,22880496,22880510,22880524,22880542,22880558,22880572,22880586,22880602,22880614,22880632,22880648,22880662,22880680,22880696,22880712,22880728,22880744,22880760,22880776,22880792,22880812,22880842,22880896,22880956,22881022,22881088,22881160,22881238,22881314,22881388,22881468,22881550,22881642,22881748,22881852,22881970,22882082,22882206,22882346,22882470,22882608,22882672,22882862,22883010,22883136,22883276,22883400,22883522,22883686,22883812,22883952,22884080,22884224,22884354,22884494,22884634,22884762,22884898,22885012,22885152,22885270,22885402,22885518,22885630,22885770,22885896,22886008,22886134,22886258,22886378,22886506,22886628,22886762,22886886,22887020,22887164,22887298,22887422,22887556,22887674,22887832,22887972,22888098,22888222,22888342,22888498,22888640,22888778,22888900,22889036,22889168,22889306,22889430,22889568,22889702,22889814,22889948,22890084,22890202,22890300,22890388,22890492,22890588,22890670,22890748,22890822,,,,,,,,,
MLB4-1:PF,(                ),,0.93,0.93,0.92,0.93,0.92,0.92,0.94,0.95,0.94,0.93,0.93,0.94,0.94,0.93,0.93,0.91,0.90,0.89,0.90,0.89,0.92,0.91,0.90,0.91,0.92,0.91,0.91,0.91,0.89,0.90,0.91,0.92,0.90,0.90,0.89,0.90,0.90,0.91,0.89,0.91,0.89,0.91,0.91,0.92,0.93,0.90,0.91,0.91,0.95,0.93,0.94,0.95,0.94,0.96,0.96,0.95,0.96,0.95,0.95,0.96,0.94,0.96,0.98,0.98,0.98,0.98,0.98,0.98,0.98,0.98,0.98,0.98,0.98,0.98,0.98,0.98,0.98,0.98,0.98,0.98,0.98,0.98,0.98,0.98,0.98,0.98,0.98,0.98,0.98,0.98,0.98,0.98,0.97,0.97,0.97,0.98,0.98,0.98,0.98,0.98,0.98,0.98,0.98,0.98,0.98,0.98,0.98,0.98,0.98,0.98,0.98,0.98,0.98,0.98,0.98,0.98,0.98,0.98,0.98,0.98,0.98,0.98,0.98,0.98,0.98,0.98,0.98,0.98,0.98,0.98,0.98,0.98,0.97,0.97,0.97,,,,,,,,,
MLB4-1:VRS,(                ),V,383.6,383.9,383.9,383.9,383.6,383.6,384.7,384.7,385.4,384.9,385.2,385.3,385.3,385.5,386.2,385.9,385.9,386.2,386.1,386.2,381.8,382.3,382.3,381.6,382.2,382.2,382.3,382.4,382.3,382.3,382.2,382.2,381.8,381.7,381.7,381.8,381.0,381.2,380.8,380.5,380.6,380.0,378.9,380.7,382.2,382.0,383.1,383.6,380.7,382.9,381.7,380.5,378.8,378.2,377.4,375.5,375.4,377.1,376.2,377.0,375.2,375.1,373.7,372.5,372.7,371.1,371.9,375.6,376.0,376.3,376.4,376.2,378.0,379.1,378.4,378.9,378.8,378.6,376.5,375.8,378.0,377.6,378.1,377.9,377.6,378.0,378.1,378.9,378.5,378.8,378.9,378.9,379.6,379.7,380.0,379.6,380.1,379.7,379.0,380.5,380.4,381.5,380.7,381.6,381.9,382.7,383.0,383.2,382.2,382.0,382.0,381.7,381.7,379.8,380.6,380.4,380.6,381.5,381.9,382.1,381.5,381.1,378.0,377.9,377.9,379.2,379.6,380.3,381.6,382.1,382.5,382.0,383.6,384.0,385.0,,,,,,,,,
MLB4-1:VST,(                ),V,384.0,384.2,384.3,384.2,383.8,383.7,384.9,384.7,385.3,384.8,385.2,385.4,385.2,385.5,386.1,385.8,385.6,385.9,386.0,385.9,381.3,382.1,382.0,381.4,382.0,381.9,381.9,382.0,382.0,381.9,381.8,381.6,381.7,381.3,381.4,381.5,380.7,380.7,380.4,380.1,380.3,379.8,378.8,380.2,382.0,382.1,383.2,383.3,380.9,382.9,381.5,380.7,379.6,378.6,378.0,376.7,375.6,377.4,376.5,377.7,375.8,376.1,375.0,373.9,374.0,372.1,372.8,376.6,377.2,377.2,377.7,377.5,379.2,379.9,379.6,380.2,379.9,379.5,377.5,377.2,379.1,378.7,379.1,378.7,378.8,378.7,379.4,379.8,379.8,380.0,380.2,380.4,380.8,381.1,381.3,381.2,381.5,381.3,380.5,381.8,381.1,382.8,382.3,382.9,383.4,383.7,384.2,384.3,383.7,382.8,383.3,382.8,382.9,380.8,381.6,381.7,381.9,382.0,383.3,383.1,382.5,382.2,378.9,378.9,379.1,379.9,380.7,381.8,382.3,382.7,383.6,383.1,385.0,385.5,386.2,,,,,,,,,
MLB4-1:VTR,(                ),V,383.9,383.9,384.1,384.1,383.8,383.7,384.8,384.7,385.3,385.0,385.4,385.6,385.6,385.7,386.3,386.0,386.2,386.2,386.1,386.3,381.9,382.4,382.4,381.6,382.3,382.2,382.4,382.5,382.4,382.3,382.2,382.2,381.9,381.7,381.8,381.7,380.9,381.2,380.9,380.3,380.6,380.1,379.1,380.7,382.5,382.1,383.2,383.6,381.3,383.1,381.9,381.0,379.4,378.8,378.0,376.5,376.0,377.4,376.4,377.3,375.9,375.6,374.5,373.2,373.7,371.8,372.5,376.4,376.8,377.1,376.8,377.2,378.9,379.3,379.2,379.5,379.5,379.2,377.2,377.1,378.7,378.3,378.7,378.2,378.4,378.4,379.1,379.7,379.5,379.7,379.7,380.0,380.7,380.6,381.0,381.3,380.9,381.0,380.0,381.3,380.9,382.2,382.0,382.5,383.0,383.5,383.7,383.9,383.0,382.5,382.9,382.6,382.8,380.4,381.1,381.2,381.4,381.4,382.4,382.4,381.8,381.4,378.4,378.3,378.3,379.3,380.1,381.0,381.9,382.4,383.1,382.6,384.2,384.6,385.8,,,,,,,,,
ACMP-1:HZ,(                ),Hz,59,59,59,59,59,59,59,59,59,59,59,60,60,60,60,60,60,59,60,59,59,60,59,59,60,59,59,60,60,60,59,59,59,59,60,60,59,60,60,60,60,60,59,60,60,59,59,59,59,59,59,60,60,60,60,60,60,60,60,60,60,59,60,59,59,59,60,59,59,60,60,59,60,60,59,59,59,59,60,59,59,59,60,59,60,60,60,59,59,59,59,59,59,59,60,60,59,59,59,60,59,60,60,59,60,59,59,60,59,60,59,60,60,60,60,59,60,60,60,59,59,59,59,59,59,59,60,60,59,60,60,59,60,59,59,,,,,,,,,
ACMP-1:IR,(                ),A,7.6,6.7,6.8,7.6,7.6,6.8,6.9,7.7,7.7,7.7,6.8,7.8,7.6,7.6,6.9,6.9,7.6,7.5,6.7,6.8,7.4,7.6,7.5,6.7,7.6,7.5,7.6,6.7,7.0,7.7,7.6,7.7,7.1,7.8,7.7,7.8,6.9,7.0,7.7,7.8,6.7,7.1,8.0,8.0,7.9,7.2,7.0,7.9,7.9,7.0,7.2,21.9,21.0,600.4,601.7,643.7,620.2,1152.0,1163.9,1165.9,1174.7,1173.0,1179.4,1175.8,1174.9,1179.5,1170.1,1160.6,1159.7,1161.3,1159.2,1157.1,1154.5,1156.0,1154.3,1148.6,1155.6,1156.2,1159.0,1160.3,1157.6,1155.6,1155.7,1156.1,1154.9,1156.5,1153.4,1152.8,1160.2,1157.3,1161.2,1155.4,1154.6,1153.7,1158.7,1155.7,1159.3,1154.1,1154.8,1160.6,1147.4,1148.4,1156.9,1146.7,1156.2,1157.3,1150.3,1162.1,1159.6,1155.2,1158.0,1165.2,1159.8,1163.6,1161.2,1157.8,1162.2,1157.6,1156.6,1151.4,1155.8,1162.8,1161.6,1158.1,1162.8,1162.8,676.1,642.4,639.6,641.8,641.1,642.6,643.6,635.9,592.2,,,,,,,,,
ACMP-1:IS,(                ),A,10,9,9,11,11,9,9,11,11,11,10,11,11,11,10,10,11,11,10,9,11,11,11,9,11,11,11,9,9,11,11,11,9,11,11,11,10,10,11,11,9,10,11,11,11,10,9,11,11,10,9,24,23,591,588,633,609,1165,1178,1178,1189,1188,1188,1187,1184,1188,1185,1171,1171,1171,1170,1169,1165,1173,1167,1158,1168,1165,1167,1164,1166,1163,1164,1169,1162,1168,1163,1161,1168,1169,1172,1163,1162,1167,1164,1169,1170,1161,1165,1171,1166,1160,1160,1156,1157,1166,1158,1167,1166,1163,1161,1167,1165,1171,1170,1170,1167,1178,1162,1163,1167,1169,1171,1170,1171,1174,665,623,627,624,626,625,625,620,576,,,,,,,,,
ACMP-1:IT,(                ),A,7,8,7,8,8,7,7,8,8,7,8,8,7,7,8,8,7,8,8,7,7,8,8,7,7,8,8,7,7,8,8,7,7,8,8,7,8,8,7,7,8,8,6,6,8,8,6,7,8,8,6,19,19,604,603,644,620,1156,1167,1167,1178,1181,1182,1183,1177,1179,1176,1164,1164,1166,1166,1164,1157,1165,1162,1154,1161,1160,1166,1158,1159,1158,1158,1160,1156,1158,1156,1153,1160,1158,1163,1158,1153,1159,1158,1158,1167,1159,1159,1166,1156,1153,1156,1150,1155,1158,1156,1163,1165,1158,1162,1165,1162,1167,1168,1168,1166,1171,1165,1163,1166,1169,1172,1169,1175,1175,684,649,650,648,650,651,655,648,602,,,,,,,,,
ACMP-1:KW,(                ),kW,3.8,3.8,3.2,4.5,4.5,3.1,3.1,4.5,4.5,3.8,3.8,4.6,3.8,3.8,3.8,3.8,3.8,4.5,3.9,3.2,3.8,4.4,4.4,3.1,3.8,4.5,4.5,3.1,3.2,4.5,4.5,3.8,3.1,4.5,4.5,3.8,3.8,3.8,3.8,3.8,3.8,3.8,3.8,3.8,4.5,3.8,3.1,3.8,4.4,3.8,3.2,9.6,9.7,375.0,372.7,397.3,383.4,720.7,725.8,728.3,732.0,731.4,730.8,726.8,725.0,725.7,723.8,723.0,724.4,725.2,725.1,723.8,723.9,728.9,725.4,721.6,726.1,725.5,724.1,722.1,725.3,723.7,725.2,724.5,723.1,723.7,722.3,723.9,727.1,725.8,728.4,726.5,725.4,726.2,726.5,728.0,730.6,726.5,726.1,732.3,727.1,727.3,727.7,724.4,729.0,733.6,728.9,734.8,734.4,730.2,730.8,735.4,732.1,731.9,732.9,731.9,731.7,734.2,732.5,729.6,731.4,733.4,727.9,726.5,729.5,731.7,419.8,398.3,399.0,399.3,400.2,400.1,400.8,398.1,372.6,,,,,,,,,
ACMP-1:KWH,(                ),,12547508,12547509,12547509,12547510,12547511,12547511,12547512,12547513,12547513,12547514,12547515,12547515,12547517,12547518,12547518,12547519,12547520,12547520,12547521,12547521,12547521,12547522,12547523,12547523,12547524,12547524,12547525,12547526,12547526,12547527,12547528,12547528,12547529,12547530,12547530,12547531,12547532,12547532,12547533,12547533,12547534,12547535,12547535,12547536,12547537,12547537,12547538,12547539,12547539,12547540,12547541,12547542,12547543,12547583,12547642,12547709,12547773,12547873,12547988,12548114,12548237,12548358,12548484,12548598,12548724,12548836,12548955,12549081,12549195,12549320,12549378,12549550,12549688,12549802,12549928,12550040,12550146,12550295,12550409,12550535,12550648,12550772,12550891,12551017,12551141,12551255,12551378,12551486,12551622,12551736,12551862,12551974,12552083,12552220,12552346,12552460,12552586,12552710,12552829,12552955,12553069,12553195,12553308,12553427,12553554,12553680,12553795,12553921,12554028,12554167,12554294,12554410,12554523,12554631,12554771,12554898,12555024,12555139,12555263,12555384,12555511,12555627,12555753,12555877,12555985,12556111,12556226,12556297,12556359,12556418,12556494,12556564,12556626,12556696,12556761,,,,,,,,,
ACMP-1:PF,(                ),,0.68,0.69,0.62,0.74,0.74,0.62,0.61,0.73,0.73,0.67,0.68,0.74,0.68,0.67,0.68,0.68,0.67,0.73,0.69,0.61,0.68,0.74,0.73,0.62,0.67,0.74,0.74,0.61,0.62,0.73,0.73,0.67,0.61,0.73,0.73,0.67,0.69,0.69,0.68,0.68,0.69,0.69,0.68,0.67,0.73,0.69,0.61,0.67,0.73,0.68,0.61,0.66,0.68,0.93,0.94,0.93,0.93,0.94,0.94,0.94,0.94,0.94,0.94,0.94,0.94,0.94,0.94,0.94,0.94,0.94,0.94,0.94,0.94,0.94,0.94,0.94,0.94,0.94,0.94,0.94,0.94,0.94,0.94,0.94,0.94,0.94,0.94,0.94,0.94,0.94,0.94,0.94,0.94,0.94,0.94,0.94,0.94,0.94,0.94,0.94,0.94,0.94,0.94,0.94,0.94,0.94,0.94,0.94,0.94,0.94,0.94,0.94,0.94,0.94,0.94,0.94,0.94,0.94,0.94,0.94,0.94,0.94,0.94,0.94,0.94,0.94,0.92,0.93,0.93,0.93,0.93,0.93,0.92,0.92,0.93,,,,,,,,,
ACMP-1:VRS,(                ),V,392.6,392.9,392.8,393.0,392.6,392.6,393.5,393.7,394.1,393.7,394.3,394.3,394.1,394.5,395.2,394.8,394.7,395.1,394.9,395.1,390.6,390.9,391.1,390.5,390.9,390.7,390.9,391.2,390.7,391.0,390.8,390.9,390.6,390.4,390.3,390.4,389.6,389.8,389.7,389.0,389.2,388.9,387.6,389.2,391.0,390.6,391.8,392.2,389.9,391.9,391.2,390.2,388.8,386.6,385.6,384.8,383.5,381.9,380.6,381.1,382.1,381.4,379.3,378.5,378.7,376.8,378.2,381.7,383.3,383.6,381.9,382.7,384.5,384.9,384.4,384.7,385.7,384.0,383.5,382.5,384.0,384.0,384.9,384.1,384.6,383.1,384.9,384.4,384.6,385.0,384.3,385.7,386.2,386.4,385.1,386.9,386.1,387.0,385.3,385.9,386.8,387.5,387.2,389.1,387.8,388.4,388.0,389.7,388.3,388.5,387.9,388.4,388.3,385.1,385.8,386.5,386.3,386.6,387.3,388.5,387.6,387.5,384.0,384.7,383.9,383.7,388.3,387.9,390.3,389.6,391.7,390.8,391.8,392.2,392.8,,,,,,,,,
ACMP-1:VST,(                ),V,391.7,392.4,391.8,392.0,391.7,392.1,393.0,393.5,393.6,393.3,394.1,393.3,393.6,393.4,394.6,394.6,394.3,394.2,394.4,395.0,390.5,390.7,390.9,390.0,390.4,390.1,390.4,390.6,390.1,391.0,390.7,390.8,390.3,389.6,389.9,390.0,389.3,388.8,389.2,388.3,388.6,388.1,386.6,388.5,390.0,390.2,391.5,391.4,388.6,391.5,390.7,389.7,388.0,387.2,385.2,383.7,383.2,383.4,381.5,383.0,380.6,381.2,380.0,376.8,377.1,376.8,378.0,381.3,382.5,382.9,383.2,382.7,384.6,385.2,385.0,385.4,384.9,385.8,383.3,382.4,383.8,384.4,385.6,383.0,385.6,385.0,383.7,386.4,384.8,384.2,385.2,386.8,386.2,384.8,387.7,385.7,385.8,386.5,384.3,387.5,387.8,388.6,387.1,387.8,388.1,390.8,389.9,388.3,389.6,389.1,388.8,388.6,389.0,386.7,388.2,386.8,386.5,387.7,388.7,387.1,387.2,386.9,384.4,383.4,384.9,386.7,387.8,389.1,389.1,390.9,390.7,390.3,390.5,392.3,392.9,,,,,,,,,
ACMP-1:VTR,(                ),V,393.1,393.4,393.0,393.1,392.9,392.8,393.8,393.9,394.4,393.9,394.5,394.4,394.2,394.5,395.2,394.9,394.6,394.9,394.8,395.1,390.4,390.9,391.0,390.5,390.9,390.7,390.8,391.1,390.7,390.9,390.8,390.9,390.6,390.2,390.1,390.5,389.8,389.6,389.6,388.7,389.1,388.8,387.5,388.9,390.9,390.8,392.2,392.1,389.9,392.1,391.3,390.2,389.4,386.4,384.0,383.1,385.7,382.6,381.8,383.2,378.8,378.1,380.4,378.8,378.5,378.0,377.0,382.7,380.5,380.4,383.1,382.3,384.0,384.6,383.0,385.3,384.5,385.4,380.7,382.8,386.6,384.4,383.6,384.7,382.7,382.9,384.0,385.1,384.9,384.9,384.0,384.0,385.4,384.7,385.9,385.1,386.1,384.3,386.2,388.2,385.2,388.8,388.3,386.0,390.3,389.7,388.6,389.6,389.5,386.8,387.5,388.6,387.3,386.7,387.1,386.9,388.6,386.7,388.5,388.5,387.8,386.9,381.5,381.2,382.4,385.0,390.2,389.3,389.4,390.3,389.7,388.4,390.9,392.6,392.6,,,,,,,,,
ACMP-2:HZ,(                ),Hz,59,59,59,59,59,59,59,59,59,59,59,60,60,60,60,60,60,59,60,59,59,60,59,59,60,59,59,60,59,60,59,59,59,59,60,60,59,59,60,60,60,60,59,60,60,59,59,59,59,59,59,60,60,60,60,60,60,60,60,60,60,59,60,59,59,59,59,59,59,60,60,59,60,60,59,59,59,59,60,59,59,59,59,59,60,60,60,59,60,60,59,59,59,59,60,60,60,59,59,60,60,60,60,59,60,59,59,60,60,60,60,60,60,60,60,59,60,60,59,59,59,59,59,59,59,60,59,59,59,60,59,59,60,59,60,,,,,,,,,
ACMP-2:IR,(                ),A,79,78,78,78,78,78,78,78,78,78,77,78,78,78,78,78,78,77,78,77,78,52,52,52,52,52,52,52,52,52,52,52,52,52,52,52,52,52,52,52,52,53,52,52,52,52,52,51,52,52,56,322,327,343,345,528,858,1055,1034,1026,1053,1040,1036,1041,1042,1059,1036,1037,1033,1028,1019,1028,1022,1029,1021,1014,1016,1022,1021,1028,1024,1022,1011,1022,1023,1016,1026,1016,1013,1027,1039,1013,1017,1020,1016,1024,1038,1014,1017,1034,1012,1022,1023,1009,1021,1018,1008,1019,1019,1018,1015,1025,1030,1023,1027,1021,1019,1026,1023,1012,1015,1023,1028,1018,1034,1037,1019,961,933,932,930,929,820,813,323,,,,,,,,,
ACMP-2:IS,(                ),A,74,74,74,75,74,75,74,75,75,75,74,75,75,75,75,75,75,75,74,74,75,47,48,47,47,47,47,47,48,48,47,48,48,48,48,47,47,48,48,48,47,48,47,48,47,47,47,47,47,47,53,330,336,355,359,548,902,1121,1096,1091,1114,1101,1095,1103,1100,1122,1099,1097,1093,1086,1079,1088,1082,1095,1080,1074,1076,1082,1079,1080,1082,1079,1069,1084,1083,1077,1084,1075,1071,1083,1099,1066,1071,1077,1074,1083,1098,1070,1076,1096,1078,1082,1074,1063,1073,1077,1066,1071,1075,1078,1068,1078,1086,1081,1087,1079,1074,1095,1078,1071,1074,1080,1087,1077,1090,1099,1080,1010,988,982,983,979,858,851,332,,,,,,,,,
ACMP-2:IT,(                ),A,75,75,75,75,75,75,75,75,75,75,75,75,75,75,75,74,74,75,75,75,75,48,48,48,48,48,48,48,48,48,48,48,48,47,47,48,48,47,48,47,48,48,47,47,47,47,47,47,47,47,51,323,328,345,348,537,878,1093,1071,1064,1088,1075,1071,1084,1075,1096,1075,1076,1068,1063,1059,1065,1056,1071,1059,1052,1052,1063,1058,1055,1059,1057,1043,1057,1058,1049,1061,1052,1047,1060,1072,1042,1045,1053,1051,1056,1077,1049,1055,1076,1052,1062,1054,1042,1052,1055,1046,1050,1059,1055,1052,1056,1065,1062,1070,1060,1057,1072,1062,1055,1058,1062,1069,1060,1077,1082,1064,1001,975,970,970,970,857,849,326,,,,,,,,,
ACMP-2:KW,(                ),kW,44.2,44.1,44.3,44.2,44.2,44.2,44.1,44.3,44.2,44.3,44.1,44.4,44.3,44.3,44.3,44.3,44.2,44.1,44.2,44.2,44.1,28.2,28.1,28.0,28.1,28.1,28.0,28.0,28.1,28.0,28.0,28.2,28.0,27.9,28.0,28.1,28.0,28.0,28.0,28.0,28.2,28.3,27.9,28.1,28.0,27.7,27.7,27.7,27.7,27.7,30.7,185.4,187.9,197.0,198.4,307.4,528.9,666.8,652.3,648.6,662.1,654.3,649.0,652.3,650.7,659.8,648.0,653.6,650.7,648.1,644.4,648.5,648.2,654.7,646.8,644.8,644.7,649.0,644.5,645.7,648.6,645.2,640.2,647.4,646.2,643.6,649.5,644.3,642.7,650.5,657.4,640.3,644.0,647.6,645.4,651.0,660.8,642.4,645.6,659.1,646.3,653.2,649.8,641.9,650.4,651.8,645.9,651.0,651.0,650.2,647.3,653.0,656.6,650.8,655.5,650.4,649.2,658.3,653.5,648.0,649.6,651.9,650.6,645.4,653.8,659.8,649.7,611.2,596.1,594.4,594.9,592.5,525.9,522.6,186.8,,,,,,,,,
ACMP-2:KWH,(                ),,19973224,19973232,19973240,19973246,19973254,19973262,19973268,19973276,19973284,19973290,19973298,19973306,19973312,19973320,19973328,19973332,19973344,19973350,19973358,19973364,19973372,19973380,19973384,19973388,19973394,19973398,19973402,19973406,19973412,19973416,19973418,19973426,19973430,19973436,19973440,19973444,19973450,19973454,19973458,19973464,19973468,19973472,19973478,19973482,19973486,19973490,19973496,19973500,19973504,19973510,19973514,19973540,19973572,19973606,19973638,19973684,19973744,19973856,19973958,19974072,19974184,19974292,19974404,19974506,19974620,19974720,19974828,19974940,19975040,19975154,19975208,19975362,19975486,19975588,19975700,19975800,19975894,19976030,19976132,19976244,19976346,19976456,19976562,19976672,19976786,19976886,19976996,19977092,19977214,19977314,19977426,19977526,19977622,19977744,19977854,19977958,19978072,19978182,19978288,19978400,19978502,19978616,19978716,19978824,19978936,19979050,19979152,19979262,19979358,19979482,19979596,19979698,19979798,19979894,19980018,19980132,19980244,19980346,19980458,19980566,19980678,19980782,19980894,19981004,19981102,19981214,19981328,19981434,19981524,19981614,19981728,19981830,19981918,19982010,19982078,,,,,,,,,
ACMP-2:PF,(                ),,0.85,0.85,0.85,0.85,0.85,0.85,0.85,0.85,0.85,0.85,0.85,0.85,0.85,0.85,0.85,0.85,0.85,0.85,0.85,0.85,0.85,0.84,0.84,0.84,0.84,0.84,0.84,0.84,0.84,0.84,0.84,0.84,0.84,0.84,0.84,0.84,0.84,0.84,0.84,0.85,0.85,0.85,0.85,0.85,0.84,0.84,0.84,0.84,0.84,0.84,0.85,0.85,0.85,0.85,0.84,0.86,0.91,0.92,0.92,0.92,0.92,0.92,0.92,0.92,0.92,0.92,0.92,0.92,0.92,0.92,0.92,0.92,0.92,0.92,0.92,0.92,0.92,0.92,0.92,0.92,0.92,0.92,0.92,0.92,0.92,0.92,0.92,0.92,0.92,0.92,0.92,0.92,0.92,0.92,0.92,0.92,0.92,0.92,0.92,0.92,0.92,0.92,0.92,0.92,0.92,0.92,0.92,0.92,0.92,0.92,0.92,0.92,0.92,0.92,0.92,0.92,0.92,0.92,0.92,0.92,0.92,0.92,0.92,0.92,0.92,0.92,0.92,0.92,0.92,0.92,0.92,0.92,0.92,0.92,0.84,,,,,,,,,
ACMP-2:VRS,(                ),V,393.1,393.3,393.5,393.3,393.2,393.3,394.0,393.9,394.6,394.5,394.8,394.9,394.6,395.2,395.5,395.3,395.1,395.5,395.3,395.5,391.3,391.7,391.8,390.8,391.4,391.4,391.5,391.6,391.7,391.5,391.1,391.4,391.2,391.2,391.1,390.9,390.2,390.4,390.1,389.5,389.9,389.5,388.2,389.9,391.6,391.4,392.5,392.9,390.6,392.1,391.9,388.6,387.6,386.9,386.5,384.1,382.1,381.9,381.8,383.1,381.0,381.1,379.9,379.5,379.5,378.5,378.8,383.0,382.8,383.4,383.2,383.2,384.9,384.8,384.9,385.6,386.1,385.8,383.6,382.8,384.5,385.7,385.1,384.4,385.3,385.0,385.7,385.6,385.2,385.5,385.6,386.1,386.9,386.8,387.7,386.5,386.8,386.8,387.5,388.2,387.1,388.8,388.4,387.6,389.2,389.6,389.2,389.8,389.3,389.3,388.1,388.4,388.5,386.9,387.5,388.1,387.9,387.4,388.8,389.4,388.8,388.0,383.9,384.5,384.5,385.6,386.5,387.1,387.8,387.4,389.0,388.6,389.7,391.2,394.3,,,,,,,,,
ACMP-2:VST,(                ),V,393.8,393.9,394.4,393.8,394.0,393.5,395.0,395.1,395.5,394.6,395.3,395.5,395.6,395.3,395.9,395.8,395.7,396.4,395.9,396.1,391.3,391.8,391.8,391.5,391.9,391.9,392.3,391.8,392.0,391.7,392.1,392.5,391.3,391.8,392.0,391.5,390.7,391.0,390.6,390.3,390.4,389.4,388.7,390.2,392.2,391.9,392.9,393.6,390.5,392.6,392.1,389.6,387.5,387.5,386.4,384.8,383.3,383.6,383.7,382.4,382.9,383.0,381.6,379.4,379.8,378.4,379.5,382.7,383.0,384.2,383.7,383.5,386.4,386.7,385.9,387.4,386.4,386.2,384.1,384.3,386.6,384.5,386.0,386.2,384.1,386.2,385.9,386.4,386.4,387.4,385.4,386.1,387.4,387.7,387.0,388.2,388.4,387.2,386.3,387.4,387.9,389.1,388.5,389.2,389.3,391.2,391.6,391.8,389.7,390.1,389.6,390.5,390.3,387.3,388.1,388.2,388.2,390.1,390.4,390.0,389.5,388.8,385.7,385.2,384.8,387.0,387.2,387.8,389.0,389.2,389.9,388.5,389.4,390.7,394.5,,,,,,,,,
ACMP-2:VTR,(                ),V,393.5,393.8,393.8,393.6,393.4,393.3,394.5,394.1,394.8,394.4,394.6,394.8,394.8,394.8,395.4,395.2,394.8,395.3,395.1,395.3,390.8,391.4,391.4,390.8,391.3,391.3,391.3,391.3,391.4,391.3,390.9,391.3,391.0,390.9,390.9,391.0,390.2,390.1,390.0,389.2,389.7,389.2,388.0,389.6,391.5,391.4,392.6,392.6,390.3,392.3,391.6,388.3,387.7,387.1,386.3,384.1,382.8,382.6,382.6,382.9,381.1,382.1,379.9,378.3,380.0,376.6,378.2,382.0,382.6,383.2,383.0,383.4,386.2,384.8,383.2,386.3,385.5,384.0,383.5,383.9,385.3,383.1,385.7,385.5,383.4,385.1,385.1,385.5,385.7,386.0,385.7,386.1,385.9,386.9,386.3,387.2,387.5,384.0,383.6,386.6,386.6,387.9,388.0,386.6,389.1,389.5,389.7,390.7,388.4,387.9,387.8,389.7,389.0,386.4,387.1,386.6,387.9,388.6,389.7,388.3,388.0,387.4,384.3,385.2,383.3,386.4,386.4,386.9,388.1,388.1,388.7,387.1,390.0,390.6,394.5,,,,,,,,,
GCB1:HZ,(                ),Hz,59,59,59,59,59,59,59,60,60,60,59,60,60,60,60,59,59,59,60,59,59,60,60,59,60,60,59,59,60,59,59,59,60,59,59,60,59,60,60,60,60,60,60,60,60,59,59,59,59,59,59,60,60,60,60,60,60,60,60,60,60,60,60,59,59,59,59,59,59,60,60,59,60,60,60,59,59,59,60,59,59,59,59,59,60,60,59,59,60,60,60,59,59,59,59,59,60,59,60,60,59,60,60,59,60,60,59,59,59,59,60,59,60,59,59,60,60,59,59,59,59,59,59,59,59,60,60,60,60,59,60,59,59,60,59,,,,,,,,,
GCB1:IR,(                ),A,3,3,3,3,3,3,3,3,2,3,2,3,2,2,2,2,2,2,3,2,2,2,2,2,2,2,2,2,2,2,3,3,3,2,3,3,3,3,3,2,3,3,3,3,3,3,3,3,3,3,4,3,4,4,5,6,6,6,8,7,8,9,11,12,13,13,13,13,14,13,14,14,14,15,13,13,15,13,13,13,14,13,13,14,13,12,14,13,14,14,13,14,13,14,13,12,12,12,12,12,12,12,13,13,13,13,13,13,13,14,13,13,13,14,14,14,13,14,14,14,14,14,14,14,13,14,13,13,14,13,13,13,13,13,12,,,,,,,,,
GCB1:IS,(                ),A,4,3,3,3,3,3,3,3,2,2,2,3,2,2,2,2,2,2,2,3,2,2,2,2,2,2,2,2,2,2,3,3,2,2,3,3,3,3,3,3,3,3,3,3,3,3,3,3,3,3,4,4,4,4,5,6,6,6,8,7,8,9,11,12,12,13,13,13,13,13,13,13,13,13,13,13,13,12,12,12,12,12,12,13,12,12,13,12,13,13,13,13,12,12,12,12,12,12,11,11,11,12,13,12,13,12,12,12,13,13,12,13,13,13,12,13,12,13,13,13,13,12,13,13,13,13,12,13,13,13,13,12,13,12,11,,,,,,,,,
GCB1:IT,(                ),A,4,3,3,3,3,3,3,3,3,3,3,3,2,2,2,3,2,3,2,3,3,2,2,2,2,2,2,2,2,2,3,3,3,3,3,3,3,2,3,3,3,3,3,3,3,3,3,3,3,3,4,3,3,4,5,5,5,6,8,7,8,9,10,12,12,13,13,13,13,13,14,13,14,14,13,13,14,12,12,12,13,12,13,13,13,13,14,13,13,14,13,13,12,13,12,12,12,12,12,12,12,12,13,13,13,13,13,13,13,14,13,13,13,14,13,14,13,14,13,14,14,14,14,13,13,14,13,13,14,13,13,13,14,13,12,,,,,,,,,
GCB1:KW,(                ),kW,97.4,87.6,88.3,85.1,92.1,79.7,79.5,82.7,70.3,74.6,74.3,84.7,70.7,71.0,70.5,75.7,73.2,77.8,75.2,80.2,74.8,68.8,70.2,72.8,73.4,74.4,74.0,71.5,71.4,70.6,77.0,77.1,73.9,72.4,81.7,90.8,85.6,74.0,84.7,76.2,75.4,77.5,85.6,79.9,81.2,85.8,84.3,87.9,89.1,88.7,101.2,96.5,91.9,96.9,126.8,139.7,134.6,136.8,183.8,160.0,178.9,192.1,226.4,250.8,259.8,277.7,279.7,283.8,292.7,282.5,299.4,309.5,311.3,317.7,289.0,282.7,318.6,266.3,271.3,272.1,286.6,268.0,278.4,291.9,282.8,270.4,311.1,279.0,292.0,295.1,292.2,306.9,276.4,287.9,273.1,272.1,275.9,267.1,261.0,261.4,260.3,277.1,288.5,284.1,309.9,281.6,280.7,287.9,289.6,310.1,287.6,291.4,294.3,309.6,292.5,300.0,290.5,302.4,300.9,307.7,311.8,296.7,296.0,289.5,288.6,299.7,290.1,303.3,311.4,292.9,289.4,284.7,294.9,283.4,266.9,,,,,,,,,
GCB1:KWH,(                ),,8931007,8931023,8931039,8931053,8931068,8931083,8931097,8931111,8931123,8931136,8931147,8931163,8931176,8931189,8931200,8931211,8931226,8931239,8931251,8931264,8931276,8931288,8931301,8931313,8931326,8931338,8931349,8931362,8931374,8931385,8931398,8931409,8931424,8931436,8931449,8931464,8931476,8931490,8931504,8931518,8931529,8931545,8931557,8931571,8931585,8931596,8931613,8931627,8931643,8931657,8931671,8931690,8931707,8931723,8931744,8931766,8931787,8931812,8931839,8931869,8931893,8931927,8931963,8932006,8932047,8932092,8932133,8932188,8932233,8932284,8932307,8932372,8932432,8932479,8932524,8932572,8932615,8932670,8932717,8932763,8932812,8932860,8932901,8932949,8933000,8933050,8933093,8933135,8933190,8933240,8933286,8933335,8933377,8933431,8933475,8933523,8933570,8933606,8933658,8933706,8933752,8933800,8933843,8933884,8933938,8933987,8934031,8934080,8934118,8934175,8934227,8934277,8934322,8934367,8934422,8934474,8934521,8934574,8934625,8934669,8934722,8934776,8934828,8934874,8934919,8934975,8935026,8935074,8935124,8935169,8935225,8935275,8935322,8935366,8935409,,,,,,,,,
GCB1:PF,(                ),, -0.74, -0.72, -0.73, -0.77, -0.78, -0.80, -0.81, -0.82, -0.80, -0.80, -0.80, -0.85, -0.86, -0.85, -0.83, -0.85, -0.84, -0.83, -0.84, -0.85, -0.83, -0.84, -0.84, -0.87, -0.86, -0.86, -0.88, -0.87, -0.86, -0.87, -0.83, -0.82, -0.82, -0.82, -0.78, -0.80, -0.77, -0.80, -0.80, -0.81, -0.81, -0.81, -0.75, -0.79, -0.79, -0.79, -0.82, -0.80, -0.72, -0.73, -0.75, -0.75, -0.72, -0.69, -0.73, -0.70, -0.68, -0.66, -0.62, -0.63, -0.63, -0.62, -0.60, -0.58, -0.58, -0.61, -0.61, -0.60, -0.61, -0.61, -0.60, -0.63, -0.63, -0.63, -0.61, -0.60, -0.62, -0.60, -0.60, -0.61, -0.61, -0.61, -0.61, -0.62, -0.62, -0.61, -0.64, -0.61, -0.61, -0.61, -0.62, -0.64, -0.61, -0.61, -0.61, -0.62, -0.62, -0.61, -0.61, -0.61, -0.61, -0.61, -0.62, -0.61, -0.63, -0.61, -0.61, -0.61, -0.62, -0.62, -0.61, -0.61, -0.61, -0.64, -0.62, -0.62, -0.61, -0.61, -0.61, -0.61, -0.64, -0.62, -0.61, -0.61, -0.61, -0.61, -0.62, -0.64, -0.63, -0.61, -0.61, -0.61, -0.61, -0.61, -0.62,,,,,,,,,
GCB1:VRS,(                ),V,21.1,21.1,21.1,21.1,21.1,21.1,21.1,21.2,21.2,21.2,21.2,21.2,21.2,21.2,21.2,21.3,21.2,21.2,21.2,21.3,21.0,21.0,21.0,21.0,21.0,21.0,21.0,21.0,21.0,21.0,21.0,21.1,21.0,21.0,20.9,21.0,21.0,20.9,21.0,21.0,20.9,20.9,20.8,20.9,21.0,21.0,21.0,21.1,20.9,21.0,21.0,21.0,20.9,20.8,20.8,20.8,20.7,20.8,20.7,20.8,20.8,20.7,20.7,20.6,20.6,20.6,20.6,20.8,20.8,20.8,20.8,20.8,21.0,21.0,21.0,21.0,21.0,21.0,20.9,20.8,20.9,21.0,20.9,20.9,21.0,20.9,20.9,21.0,21.0,21.0,21.0,21.0,21.0,21.0,21.1,21.0,21.0,21.0,21.0,21.1,21.1,21.1,21.1,21.1,21.2,21.2,21.2,21.2,21.2,21.1,21.2,21.1,21.1,21.0,21.0,21.0,21.0,21.1,21.1,21.2,21.1,21.1,20.8,20.9,20.8,21.0,21.0,21.0,21.1,21.1,21.1,21.0,21.1,21.1,21.2,,,,,,,,,
GCB1:VST,(                ),V,21.0,21.1,21.0,21.1,21.1,21.0,21.0,21.1,21.2,21.2,21.1,21.2,21.2,21.2,21.2,21.2,21.2,21.2,21.1,21.2,21.0,20.9,20.9,20.9,21.0,20.9,21.0,21.0,20.9,20.9,21.0,21.0,21.0,20.9,20.8,20.9,20.9,20.8,20.9,20.9,20.9,20.9,20.8,20.9,20.9,20.9,21.0,21.0,20.9,21.0,20.9,20.9,20.8,20.8,20.8,20.7,20.7,20.8,20.7,20.8,20.8,20.7,20.7,20.6,20.5,20.5,20.6,20.7,20.7,20.8,20.8,20.8,20.9,20.9,20.9,20.9,20.9,20.9,20.8,20.7,20.8,20.9,20.9,20.8,20.9,20.8,20.9,21.0,20.9,21.0,20.9,20.9,20.9,21.0,21.0,21.0,21.0,21.0,20.9,21.0,21.0,21.0,21.0,21.1,21.1,21.1,21.1,21.2,21.1,21.1,21.1,21.0,21.1,21.0,21.0,21.0,21.0,21.0,21.1,21.1,21.0,21.0,20.8,20.8,20.8,20.9,20.9,21.0,21.0,21.0,21.0,21.0,21.0,21.1,21.2,,,,,,,,,
GCB1:VTR,(                ),V,21.1,21.1,21.1,21.1,21.1,21.1,21.1,21.2,21.2,21.2,21.2,21.2,21.2,21.2,21.2,21.2,21.2,21.2,21.2,21.2,21.0,21.0,21.0,21.0,21.0,21.0,21.0,21.0,21.0,21.0,21.0,21.0,21.0,21.0,20.9,21.0,20.9,20.9,20.9,20.9,20.9,20.9,20.8,20.9,21.0,21.0,21.0,21.0,20.9,21.0,21.0,21.0,20.9,20.8,20.8,20.7,20.7,20.8,20.7,20.8,20.8,20.7,20.7,20.6,20.6,20.6,20.6,20.8,20.8,20.9,20.8,20.8,21.0,21.0,21.0,21.0,21.0,21.0,20.9,20.8,20.9,21.0,21.0,20.9,21.0,20.9,21.0,21.0,21.0,21.0,21.0,21.0,21.0,21.0,21.1,21.0,21.1,21.1,21.0,21.1,21.1,21.2,21.1,21.2,21.2,21.2,21.2,21.2,21.2,21.2,21.2,21.2,21.2,21.0,21.1,21.1,21.1,21.1,21.2,21.2,21.1,21.1,20.9,20.9,20.9,21.0,21.0,21.0,21.1,21.1,21.1,21.1,21.2,21.2,21.2,,,,,,,,,
GCB2:HZ,(                ),Hz,59,59,59,59,59,59,59,60,60,60,59,59,60,60,60,59,59,59,60,59,59,60,60,59,60,59,59,59,60,59,59,59,60,59,59,60,59,60,60,60,60,60,60,60,60,59,59,59,59,59,59,60,60,60,60,60,60,60,60,60,60,60,60,59,59,59,59,59,59,59,60,59,60,60,60,59,59,59,60,59,59,59,60,59,60,60,60,59,60,60,60,59,59,59,59,59,60,59,60,60,59,60,60,59,60,60,59,59,59,59,60,59,60,59,59,60,60,60,59,59,59,59,59,59,59,59,60,60,60,59,60,59,59,60,59,,,,,,,,,
GCB2:IR,(                ),A,1,1,1,0,1,1,1,1,1,1,1,1,1,1,1,1,1,0,1,1,1,1,1,1,0,1,1,1,1,1,1,0,1,0,1,1,1,1,1,1,1,1,1,1,1,4,9,11,17,3,7,3,11,18,4,17,21,13,15,13,15,23,16,24,16,23,17,16,17,8,9,20,25,16,18,16,20,17,22,16,19,17,20,25,16,23,17,16,24,17,23,16,17,24,17,20,16,18,24,17,24,16,23,17,22,17,19,16,17,24,17,24,17,22,16,25,17,20,17,18,24,17,23,16,21,16,20,16,17,24,16,23,10,10,6,,,,,,,,,
GCB2:IS,(                ),A,1,1,1,0,0,1,1,1,1,1,1,0,0,1,1,1,0,0,0,1,0,0,0,1,0,0,0,0,0,0,0,0,0,0,0,0,0,0,0,0,0,0,0,0,0,4,9,10,17,3,6,3,11,18,4,17,21,13,15,13,15,23,16,24,16,23,17,17,17,8,9,20,25,16,19,16,20,17,23,17,19,17,21,25,16,23,17,16,24,17,23,16,17,24,17,20,17,18,24,17,24,16,23,17,23,17,19,16,17,24,17,24,17,22,16,25,17,20,17,18,24,17,23,16,21,16,20,17,17,24,16,23,10,10,6,,,,,,,,,
GCB2:IT,(                ),A,1,1,1,1,1,1,1,1,1,1,1,1,1,1,1,1,1,1,1,1,1,1,1,1,1,1,1,1,1,1,1,1,1,1,1,1,1,1,1,1,1,1,1,1,1,4,9,10,17,3,6,3,11,18,4,16,20,13,15,13,14,22,15,23,16,22,16,16,16,8,8,19,24,16,18,16,19,16,22,16,18,16,20,24,16,22,16,16,23,16,23,16,16,23,16,19,16,17,24,16,23,16,22,17,22,16,19,15,16,23,17,23,16,21,15,24,16,19,16,17,23,16,22,16,20,16,19,16,17,23,16,22,10,9,6,,,,,,,,,
GCB2:KW,(                ),kW,14.7,14.9,15.0,13.5,13.7,14.4,14.2,14.8,14.5,14.7,14.8,13.9,14.3,14.5,14.9,14.8,14.0,13.4,14.4,14.8,14.3,14.8,14.3,15.0,13.6,14.2,14.4,14.3,14.2,14.3,14.2,13.6,14.5,13.5,14.3,14.3,14.5,14.6,14.4,14.0,14.8,14.2,14.1,14.7,14.5,140.5,295.7,353.1,571.8,118.5,222.4,113.1,378.4,615.3,139.8,566.0,692.2,447.3,520.8,457.0,502.6,765.5,527.7,805.2,538.8,761.3,562.8,555.4,565.0,281.1,295.4,649.5,839.0,554.8,631.7,549.6,669.8,573.6,755.6,558.0,633.2,563.0,699.6,827.0,550.3,771.4,569.8,542.3,808.4,569.6,790.4,572.5,572.2,811.7,565.3,667.0,558.1,620.5,823.5,562.7,814.1,551.2,775.2,579.6,763.5,569.9,665.4,543.9,563.6,806.5,584.5,809.1,562.9,730.2,544.7,837.3,575.8,680.9,561.3,595.1,825.8,565.6,772.7,550.5,733.3,549.4,671.0,561.9,587.0,810.0,544.8,784.2,348.2,333.3,214.4,,,,,,,,,
GCB2:KWH,(                ),,16127540,16127540,16127551,16127551,16127551,16127551,16127560,16127560,16127560,16127560,16127570,16127570,16127570,16127570,16127580,16127580,16127580,16127580,16127591,16127591,16127591,16127591,16127591,16127600,16127600,16127600,16127600,16127610,16127610,16127610,16127610,16127620,16127620,16127620,16127620,16127631,16127631,16127631,16127631,16127640,16127640,16127640,16127640,16127650,16127650,16127650,16127690,16127750,16127830,16127880,16127900,16127950,16127990,16128061,16128110,16128150,16128250,16128370,16128450,16128550,16128620,16128750,16128840,16128961,16129060,16129160,16129251,16129370,16129460,16129580,16129600,16129700,16129870,16129990,16130080,16130180,16130270,16130401,16130510,16130621,16130720,16130831,16130921,16131060,16131171,16131280,16131410,16131490,16131620,16131740,16131840,16131981,16132060,16132201,16132310,16132411,16132530,16132610,16132751,16132850,16132980,16133091,16133181,16133290,16133410,16133530,16133620,16133750,16133821,16133960,16134060,16134190,16134291,16134380,16134490,16134610,16134730,16134830,16134960,16135040,16135170,16135280,16135390,16135500,16135580,16135720,16135821,16135940,16136041,16136140,16136260,16136370,16136461,16136490,16136520,,,,,,,,,
GCB2:PF,(                ),,0.76,0.76,0.78,0.75,0.75,0.75,0.75,0.76,0.75,0.76,0.76,0.74,0.75,0.75,0.76,0.75,0.74,0.74,0.76,0.75,0.76,0.77,0.76,0.77,0.76,0.76,0.76,0.76,0.76,0.76,0.76,0.76,0.77,0.76,0.78,0.76,0.77,0.77,0.77,0.76,0.77,0.76,0.77,0.77,0.77,0.96,0.94,0.93,0.93,0.97,0.94,0.98,0.96,0.95,0.95,0.94,0.94,0.95,0.94,0.96,0.95,0.94,0.94,0.94,0.94,0.94,0.94,0.94,0.94,0.93,0.94,0.93,0.94,0.94,0.95,0.94,0.93,0.94,0.94,0.94,0.95,0.94,0.95,0.94,0.95,0.94,0.94,0.94,0.94,0.94,0.94,0.96,0.94,0.94,0.94,0.95,0.94,0.95,0.94,0.94,0.94,0.94,0.94,0.94,0.94,0.94,0.95,0.94,0.94,0.94,0.94,0.94,0.94,0.94,0.94,0.94,0.94,0.95,0.94,0.93,0.94,0.94,0.94,0.94,0.92,0.94,0.93,0.94,0.95,0.94,0.94,0.94,0.95,0.95,0.93,,,,,,,,,
GCB2:VRS,(                ),V,21.1,21.1,21.0,21.1,21.0,21.1,21.1,21.1,21.1,21.2,21.2,21.1,21.2,21.2,21.2,21.1,21.2,21.2,21.2,21.2,21.0,21.0,21.0,20.9,21.0,21.0,20.9,21.0,21.0,21.0,21.0,21.0,20.9,20.9,21.0,20.9,20.9,20.9,21.0,20.9,20.9,20.8,20.8,20.9,21.0,21.0,21.0,21.1,20.9,21.0,21.0,20.9,20.8,20.9,20.8,20.7,20.7,20.8,20.8,20.8,20.8,20.7,20.7,20.6,20.5,20.5,20.6,20.7,20.8,20.9,20.8,20.7,20.9,21.0,20.9,21.0,20.9,21.0,20.9,20.8,20.9,20.9,21.0,20.8,20.9,20.8,20.9,20.9,20.9,20.9,20.9,21.0,21.0,21.0,21.0,21.0,21.0,21.0,21.0,21.0,21.0,21.1,21.1,21.1,21.1,21.2,21.1,21.2,21.2,21.1,21.2,21.1,21.2,21.0,21.0,21.0,21.0,21.1,21.1,21.2,21.0,21.0,20.8,20.9,20.9,20.9,20.9,21.0,21.0,21.0,21.0,21.1,21.2,21.1,21.2,,,,,,,,,
GCB2:VST,(                ),V,21.1,21.1,21.1,21.1,21.1,21.1,21.1,21.1,21.1,21.2,21.2,21.2,21.2,21.2,21.2,21.2,21.2,21.2,21.2,21.2,20.9,21.0,21.0,20.9,21.0,21.0,21.0,21.0,21.0,21.0,20.9,21.0,20.9,20.9,20.9,20.9,20.9,20.9,20.9,20.9,20.9,20.9,20.8,20.9,20.9,21.0,21.0,21.0,20.9,21.0,21.0,20.9,20.9,20.8,20.8,20.7,20.7,20.8,20.7,20.8,20.8,20.7,20.7,20.6,20.6,20.6,20.6,20.8,20.8,20.8,20.8,20.8,20.9,20.9,21.0,21.0,21.0,21.0,20.9,20.8,20.9,20.9,20.9,20.9,20.9,20.9,20.9,21.0,21.0,21.0,21.0,21.0,21.0,21.0,21.0,21.0,21.0,21.0,21.0,21.1,21.0,21.1,21.1,21.1,21.2,21.2,21.2,21.2,21.2,21.1,21.2,21.1,21.2,21.0,21.0,21.1,21.1,21.1,21.1,21.1,21.1,21.1,20.9,20.9,20.9,20.9,21.0,21.0,21.0,21.1,21.1,21.1,21.1,21.2,21.2,,,,,,,,,
GCB2:VTR,(                ),V,21.1,21.1,21.1,21.1,21.1,21.1,21.2,21.2,21.2,21.2,21.2,21.1,21.2,21.2,21.2,21.2,21.2,21.2,21.2,21.3,21.0,21.0,21.0,21.0,21.0,21.0,21.0,21.1,21.0,21.0,21.0,21.0,20.9,20.9,21.0,21.0,20.9,21.0,21.0,20.9,21.0,20.9,20.9,21.0,21.0,21.0,21.0,21.1,21.0,21.0,21.0,21.0,20.8,20.9,20.8,20.7,20.7,20.8,20.8,20.9,20.8,20.7,20.7,20.6,20.6,20.5,20.6,20.8,20.8,20.9,20.8,20.8,21.0,21.0,21.0,21.0,21.0,21.0,20.9,20.8,20.9,20.9,21.0,20.9,20.9,20.8,20.9,21.0,20.9,21.0,20.9,21.0,21.0,21.0,21.0,21.0,21.0,21.0,21.0,21.0,21.0,21.1,21.1,21.2,21.2,21.2,21.2,21.2,21.1,21.2,21.2,21.1,21.2,21.1,21.1,21.0,21.0,21.1,21.2,21.2,21.2,21.1,20.9,20.9,20.9,20.9,21.0,21.0,21.0,21.0,21.0,21.1,21.1,21.1,21.2,,,,,,,,,
PM:HZ,(                ),Hz,59,59,59,59,59,59,59,60,60,60,59,59,60,60,60,59,59,59,60,59,59,60,60,59,60,59,59,59,60,59,59,59,60,59,59,60,59,60,60,60,60,60,60,60,60,59,59,59,59,59,59,60,60,60,60,60,60,60,60,60,60,60,60,59,59,59,59,59,59,60,60,59,60,60,60,59,59,59,60,59,59,59,60,59,60,60,60,59,60,60,60,59,59,59,59,59,60,59,60,60,59,60,60,59,60,60,59,59,59,59,60,59,60,59,59,60,60,59,59,59,59,59,59,59,59,59,60,60,60,59,60,59,59,60,59,,,,,,,,,
PM:IR,(                ),A,214,207,206,191,206,184,174,170,164,176,161,166,150,160,154,158,167,164,163,165,166,162,158,147,157,155,156,153,148,152,165,166,173,161,188,200,188,158,178,161,163,161,185,174,184,189,162,168,212,204,227,207,230,250,286,316,338,344,487,435,490,534,659,775,794,808,843,852,853,820,901,861,843,926,837,831,937,803,824,794,871,775,820,820,838,802,870,872,853,869,846,859,786,864,818,788,795,764,771,749,760,789,820,814,867,796,822,832,852,915,861,860,855,870,897,878,869,939,880,926,865,895,899,874,845,912,884,851,888,847,817,833,879,822,784,,,,,,,,,
PM:IS,(                ),A,206,182,191,159,177,136,147,144,114,126,128,133,112,118,117,111,124,126,134,126,127,107,125,116,129,122,106,105,127,116,136,138,131,114,144,181,172,155,166,130,148,155,189,155,152,171,169,178,205,216,223,205,219,227,291,355,361,372,504,449,464,516,656,764,775,828,802,801,831,815,828,848,831,850,822,799,859,744,789,792,817,764,784,827,749,730,807,748,812,754,797,823,767,800,746,735,727,750,728,709,700,742,777,761,790,744,762,774,788,806,761,762,758,784,783,797,765,824,836,816,801,763,780,795,810,798,771,771,797,770,776,779,756,751,726,,,,,,,,,
PM:IT,(                ),A,227,201,190,183,196,164,159,169,143,143,156,177,130,125,132,154,126,162,130,157,145,127,122,141,126,140,142,138,125,124,152,151,131,152,178,175,189,138,175,170,142,158,187,173,164,176,165,192,188,169,211,221,215,211,286,318,288,321,444,410,462,491,611,682,723,720,727,729,742,727,773,745,770,766,755,744,786,678,687,700,732,692,718,735,727,728,774,709,767,760,748,709,726,721,679,697,725,690,683,699,679,719,758,731,780,757,716,748,738,770,740,761,773,777,724,763,718,737,741,772,780,754,779,735,745,770,739,775,779,780,769,736,772,751,651,,,,,,,,,
PM:KW,(                ),kW,136.1,125.0,124.4,110.8,119.9,99.0,98.1,97.6,86.8,91.6,91.4,93.7,76.5,80.2,81.1,83.8,83.5,91.6,85.3,88.4,87.3,78.4,80.3,77.8,79.8,80.7,76.2,75.9,77.8,75.0,90.6,91.3,87.1,85.6,105.3,113.5,113.7,91.7,105.3,92.7,91.3,95.9,116.3,102.8,102.6,110.5,99.4,110.0,128.2,124.8,138.4,132.5,140.8,146.2,180.5,209.0,208.9,222.1,309.2,278.7,305.5,329.6,406.9,462.7,478.1,488.9,491.1,499.2,508.8,495.0,526.8,512.9,513.8,536.7,509.5,501.6,546.0,467.2,482.2,477.3,508.6,467.9,488.9,500.1,485.8,472.8,514.4,490.0,513.5,502.9,504.5,502.4,479.6,503.9,472.6,466.5,472.6,462.8,458.4,453.3,448.2,476.4,498.9,489.5,516.9,488.7,489.6,502.1,506.1,531.0,502.8,506.9,507.5,512.3,508.8,516.9,497.8,532.6,526.8,537.1,517.8,512.4,517.8,506.5,504.7,524.4,505.5,504.2,521.0,509.3,500.7,498.1,513.3,494.5,455.6,,,,,,,,,
PM:KWH,(                ),,14338433,14338456,14338478,14338498,14338518,14338537,14338553,14338570,14338585,14338601,14338613,14338634,14338647,14338663,14338675,14338687,14338705,14338718,14338732,14338748,14338761,14338774,14338790,14338803,14338817,14338829,14338841,14338855,14338868,14338880,14338894,14338907,14338925,14338941,14338956,14338975,14338989,14339009,14339026,14339042,14339057,14339076,14339093,14339110,14339129,14339142,14339162,14339180,14339202,14339222,14339241,14339268,14339292,14339314,14339345,14339377,14339408,14339447,14339493,14339543,14339583,14339642,14339703,14339781,14339856,14339937,14340009,14340105,14340183,14340271,14340312,14340425,14340528,14340607,14340686,14340770,14340845,14340940,14341025,14341103,14341188,14341270,14341342,14341424,14341511,14341597,14341671,14341745,14341839,14341926,14342004,14342089,14342162,14342253,14342330,14342412,14342494,14342555,14342644,14342725,14342806,14342888,14342961,14343033,14343127,14343211,14343287,14343373,14343439,14343536,14343625,14343712,14343790,14343869,14343963,14344053,14344133,14344224,14344313,14344390,14344483,14344575,14344664,14344744,14344821,14344917,14345006,14345088,14345175,14345253,14345350,14345437,14345518,14345594,14345667,,,,,,,,,
PM:PF,(                ),,0.95,0.95,0.95,0.93,0.93,0.92,0.92,0.91,0.92,0.92,0.92,0.88,0.88,0.89,0.90,0.89,0.90,0.91,0.89,0.88,0.90,0.89,0.89,0.87,0.88,0.88,0.85,0.87,0.87,0.87,0.90,0.91,0.91,0.91,0.93,0.92,0.94,0.92,0.92,0.91,0.91,0.92,0.95,0.93,0.93,0.93,0.90,0.92,0.96,0.96,0.95,0.95,0.96,0.97,0.96,0.97,0.97,0.98,0.99,0.98,0.99,0.98,0.97,0.96,0.96,0.96,0.96,0.96,0.96,0.96,0.96,0.96,0.96,0.96,0.96,0.96,0.96,0.95,0.96,0.95,0.96,0.95,0.96,0.96,0.95,0.95,0.96,0.96,0.96,0.96,0.96,0.95,0.95,0.96,0.95,0.95,0.95,0.95,0.95,0.95,0.95,0.95,0.96,0.96,0.96,0.96,0.96,0.96,0.96,0.96,0.96,0.96,0.96,0.95,0.96,0.96,0.96,0.96,0.96,0.96,0.96,0.96,0.96,0.96,0.96,0.96,0.96,0.95,0.96,0.96,0.96,0.96,0.96,0.96,0.95,,,,,,,,,
PM:VRS,(                ),V,384.9,384.9,385.4,385.6,384.9,384.7,385.6,385.9,386.5,386.4,386.4,386.5,386.4,386.7,387.0,387.2,386.8,387.0,387.0,387.2,383.0,383.1,383.4,382.8,383.1,383.3,383.0,383.5,383.2,383.2,382.7,383.5,382.8,382.7,382.7,382.7,382.0,382.1,382.4,381.7,381.8,381.2,379.7,381.6,382.7,383.3,384.2,384.5,382.0,383.8,383.2,382.2,380.5,379.9,379.2,378.1,376.6,378.9,377.7,379.0,378.6,376.9,376.7,374.7,374.5,373.7,373.7,377.8,378.0,378.6,378.2,377.8,380.1,380.4,380.8,381.0,380.1,381.1,378.8,378.0,379.7,380.3,380.5,379.6,379.9,379.9,379.7,380.4,380.5,381.0,380.9,381.1,381.5,381.5,382.0,381.8,381.8,381.9,381.6,383.1,382.8,384.1,383.1,383.8,383.6,385.2,384.8,385.1,384.5,383.7,383.9,383.6,383.8,381.8,382.0,382.1,382.5,383.0,383.9,383.9,383.3,382.9,379.1,379.9,379.7,380.4,381.0,381.2,382.0,382.9,383.2,382.9,383.7,384.2,385.1,,,,,,,,,
PM:VST,(                ),V,385.1,385.2,385.7,385.7,385.0,384.9,385.8,386.0,386.7,386.7,386.4,386.5,386.5,386.8,387.1,387.1,386.8,386.8,386.7,386.9,382.7,383.1,383.3,382.4,382.8,382.9,382.7,383.2,382.8,382.8,382.3,383.2,382.7,382.4,382.5,382.3,381.6,381.5,382.0,381.2,381.5,380.9,379.3,381.1,382.6,383.1,383.9,383.8,382.0,383.8,383.0,382.2,381.0,380.3,379.5,378.2,376.8,379.1,377.9,379.3,379.1,377.3,377.3,375.4,375.4,374.0,374.2,378.7,378.6,379.1,378.9,378.4,380.6,381.1,381.5,381.7,380.9,381.7,379.5,378.7,380.5,381.0,381.1,379.8,381.0,380.7,380.7,381.4,381.3,382.1,381.6,381.8,382.2,382.2,383.0,382.3,382.8,382.7,382.3,384.0,383.4,384.6,384.0,384.8,384.7,386.0,385.7,386.0,385.5,384.8,385.2,384.8,385.2,382.6,383.2,383.3,383.8,383.6,384.7,384.7,384.1,384.3,380.4,380.7,380.1,381.4,382.0,382.5,382.9,383.6,384.2,383.7,385.5,386.0,386.1,,,,,,,,,
PM:VTR,(                ),V,384.9,384.9,385.6,385.6,384.9,384.8,385.7,385.9,386.6,386.7,386.6,386.5,386.6,387.1,387.4,387.2,387.2,387.0,387.2,387.2,383.1,383.4,383.8,382.8,383.3,383.3,383.1,383.4,383.3,383.3,382.7,383.6,382.9,382.6,382.6,382.7,381.8,382.1,382.2,381.5,381.8,381.2,379.7,381.6,383.0,383.5,384.2,384.2,382.4,383.9,383.5,382.7,381.3,380.8,379.9,378.5,377.6,379.4,378.5,379.7,379.5,377.9,377.7,375.9,375.8,374.8,374.9,379.3,379.3,379.7,379.3,379.1,381.1,381.6,381.9,382.0,381.7,382.3,380.1,379.2,381.1,381.5,381.7,380.4,381.4,381.0,381.0,382.0,381.9,382.3,382.1,382.6,382.4,382.8,383.5,382.8,382.9,383.0,382.9,384.0,383.7,384.8,384.4,384.9,384.9,386.1,386.0,386.3,385.5,385.1,385.4,385.1,385.1,382.7,383.3,383.3,384.1,384.1,385.0,385.0,384.1,384.5,380.4,381.0,380.4,381.4,382.0,382.2,383.0,383.6,383.9,383.7,384.9,385.2,386.1,,,,,,,,,
PAC:HZ,(                ),Hz,59,59,59,59,59,59,59,60,60,60,59,59,60,60,60,59,59,59,60,59,59,60,60,59,60,59,59,59,60,59,59,59,60,59,59,60,59,60,60,60,60,60,60,60,60,59,59,59,59,59,59,60,60,60,60,60,60,60,60,60,60,60,60,59,59,59,59,59,59,60,60,59,60,60,60,59,59,59,60,59,59,59,60,59,60,60,60,59,60,60,60,59,59,59,59,59,60,59,60,60,59,60,60,59,60,60,59,59,59,59,60,59,60,59,59,60,60,59,59,59,59,59,59,59,59,59,60,60,60,59,60,59,59,60,59,,,,,,,,,
PAC:IR,(                ),A,29,29,29,30,29,30,29,29,30,29,29,29,29,29,29,29,30,29,29,29,30,30,29,29,30,30,30,30,30,30,29,29,29,29,30,29,29,30,29,30,29,29,30,29,29,242,520,623,1015,201,389,191,657,1068,247,1005,1232,782,916,789,884,1362,918,1424,954,1361,993,973,969,512,519,1168,1472,956,1083,974,1161,990,1333,971,1096,961,1197,1457,945,1351,997,957,1414,1004,1379,978,977,1406,977,1152,938,1068,1424,984,1403,941,1337,996,1313,973,1139,940,969,1388,1008,1390,970,1267,937,1440,1007,1180,976,1034,1441,971,1365,963,1313,968,1185,978,1015,1412,952,1365,579,551,378,,,,,,,,,
PAC:IS,(                ),A,29,29,28,26,25,30,30,29,30,29,29,29,29,30,29,29,30,25,25,29,29,30,29,29,25,30,30,29,30,30,29,25,29,25,25,29,29,30,29,30,29,29,29,29,29,242,526,631,1040,199,390,187,664,1092,241,1027,1261,792,930,790,890,1384,955,1489,1002,1416,1039,996,1027,523,538,1196,1518,995,1124,1003,1213,1023,1377,1001,1143,999,1251,1494,982,1399,1032,983,1461,1028,1423,996,1012,1471,1014,1199,1000,1117,1473,1020,1458,987,1400,1024,1367,1025,1182,970,1018,1445,1050,1439,1007,1315,972,1496,1047,1201,1017,1087,1505,1020,1410,1000,1359,991,1239,1012,1044,1450,978,1401,590,563,379,,,,,,,,,
PAC:IT,(                ),A,27,27,27,28,27,28,27,28,28,27,28,27,27,28,28,27,28,27,27,27,27,28,27,27,28,28,28,27,28,28,28,27,27,27,28,27,27,28,27,28,27,27,27,27,27,237,514,616,1012,203,385,192,653,1061,246,999,1229,776,912,776,874,1352,922,1424,956,1371,991,975,972,514,520,1152,1468,959,1084,970,1179,989,1333,964,1093,960,1198,1444,945,1346,999,951,1418,1002,1376,974,982,1408,980,1145,940,1071,1426,988,1398,933,1338,997,1314,976,1135,938,964,1384,1010,1394,973,1261,928,1426,1010,1158,977,1030,1436,974,1364,965,1309,964,1180,983,1011,1404,949,1360,577,553,379,,,,,,,,,
PAC:KW,(                ),kW,14.8,14.7,15.2,14.9,14.1,15.4,15.0,15.0,15.4,14.9,15.0,14.9,14.9,15.3,15.1,15.0,15.4,13.9,14.2,14.8,15.0,15.2,15.0,14.5,14.5,15.4,14.7,15.0,15.1,15.4,15.1,14.1,14.8,14.3,14.5,14.8,14.9,15.1,15.0,15.1,14.8,14.9,14.6,14.7,14.7,153.9,323.3,385.9,624.2,129.7,242.8,123.6,414.5,669.7,152.4,620.7,755.0,489.5,565.8,494.7,548.8,837.1,572.3,877.3,591.6,842.6,614.9,605.1,608.6,318.0,324.3,717.0,915.7,601.0,685.8,609.3,724.6,620.6,829.3,600.1,692.5,601.9,760.4,901.4,596.2,841.5,625.1,596.2,884.1,628.6,861.3,624.0,611.1,882.9,615.2,730.3,594.6,681.0,892.6,621.3,880.0,595.0,845.0,628.0,828.4,620.6,729.2,593.3,616.4,875.7,641.4,877.3,613.6,792.4,589.9,903.0,637.1,739.4,618.6,647.5,907.8,616.6,850.7,603.8,803.6,603.9,737.1,615.7,643.7,882.7,596.6,852.8,367.4,351.7,234.8,,,,,,,,,
PAC:KWH,(                ),,17593936,17593938,17593940,17593944,17593946,17593948,17593950,17593954,17593956,17593958,17593960,17593964,17593966,17593968,17593970,17593972,17593976,17593978,17593980,17593982,17593984,17593986,17593988,17593992,17593996,17593998,17594000,17594002,17594006,17594008,17594010,17594012,17594016,17594018,17594020,17594022,17594024,17594026,17594030,17594032,17594034,17594038,17594040,17594042,17594044,17594050,17594090,17594154,17594240,17594296,17594320,17594376,17594416,17594498,17594544,17594598,17594708,17594832,17594916,17595034,17595102,17595248,17595344,17595476,17595582,17595696,17595788,17595930,17596026,17596150,17596176,17596282,17596468,17596596,17596694,17596808,17596904,17597048,17597164,17597288,17597396,17597516,17597614,17597766,17597892,17598010,17598144,17598236,17598382,17598504,17598618,17598766,17598860,17599008,17599130,17599242,17599372,17599450,17599610,17599724,17599858,17599978,17600084,17600194,17600326,17600462,17600560,17600696,17600778,17600930,17601042,17601176,17601286,17601384,17601508,17601642,17601768,17601880,17602018,17602110,17602250,17602372,17602494,17602602,17602700,17602852,17602962,17603092,17603194,17603310,17603442,17603562,17603656,17603694,17603720,,,,,,,,,
PAC:PF,(                ),,0.78,0.78,0.81,0.80,0.79,0.79,0.78,0.78,0.79,0.78,0.78,0.78,0.78,0.79,0.78,0.78,0.79,0.78,0.78,0.77,0.79,0.79,0.79,0.78,0.80,0.79,0.78,0.79,0.79,0.79,0.79,0.79,0.78,0.79,0.80,0.78,0.79,0.79,0.79,0.79,0.79,0.79,0.79,0.79,0.78,0.97,0.94,0.94,0.94,0.97,0.95,0.98,0.96,0.96,0.95,0.95,0.95,0.96,0.95,0.97,0.96,0.95,0.95,0.95,0.95,0.95,0.95,0.95,0.95,0.94,0.94,0.94,0.95,0.95,0.96,0.95,0.94,0.95,0.95,0.95,0.96,0.95,0.96,0.95,0.95,0.95,0.95,0.95,0.95,0.95,0.95,0.97,0.95,0.95,0.95,0.96,0.95,0.96,0.95,0.95,0.95,0.95,0.95,0.95,0.95,0.95,0.96,0.94,0.95,0.95,0.95,0.95,0.95,0.95,0.95,0.95,0.95,0.96,0.95,0.94,0.95,0.95,0.95,0.95,0.93,0.95,0.94,0.95,0.96,0.95,0.94,0.95,0.95,0.95,0.93,,,,,,,,,
PAC:VRS,(                ),V,384.1,384.0,384.5,384.6,384.3,383.8,384.7,384.9,385.3,385.6,385.4,385.7,385.5,385.8,386.1,386.3,386.1,386.2,386.2,386.4,382.1,382.1,382.6,381.9,382.1,382.1,382.1,382.7,382.5,382.4,382.1,382.5,382.0,381.8,381.9,381.9,381.1,380.9,381.4,380.7,380.8,380.3,378.7,380.7,381.9,381.6,380.9,380.6,376.3,382.4,380.7,381.1,377.1,374.9,377.9,372.6,370.5,375.1,373.4,375.7,374.6,370.6,373.0,368.6,370.8,367.8,370.0,374.5,374.4,376.9,376.8,373.2,374.3,377.3,376.8,377.5,375.7,377.0,373.2,374.4,375.9,376.2,376.1,373.4,376.6,374.8,376.3,376.8,374.9,377.8,375.6,378.3,377.8,376.1,378.0,377.6,378.3,377.8,375.6,379.0,377.0,380.3,377.8,379.6,378.4,381.2,380.5,381.5,381.2,378.5,380.1,378.2,380.5,376.9,378.7,376.5,378.7,378.9,380.4,379.8,377.9,379.5,374.1,376.1,374.1,376.8,376.2,377.8,378.5,376.8,379.3,377.1,382.3,382.5,384.1,,,,,,,,,
PAC:VST,(                ),V,384.4,384.2,384.7,384.9,384.4,383.8,384.8,384.9,385.2,385.7,385.4,385.7,385.5,385.8,386.1,386.1,385.9,385.8,385.8,386.1,381.7,381.9,382.4,381.5,381.8,381.8,381.7,382.3,382.2,382.0,381.3,382.1,381.7,381.5,381.5,381.6,380.8,380.4,381.1,380.3,380.6,380.0,378.7,380.3,381.7,381.7,381.2,380.1,376.4,382.6,380.9,381.1,377.9,375.1,378.2,373.3,371.1,375.2,373.7,376.3,375.2,371.1,373.2,368.9,371.1,368.4,370.0,374.7,374.7,377.3,377.2,373.9,374.5,377.5,377.3,377.9,376.0,377.4,374.1,374.9,376.2,377.0,376.2,373.6,377.2,374.6,376.6,377.3,375.2,377.9,375.6,378.9,378.0,376.0,378.8,377.8,378.4,378.3,375.7,379.6,376.7,380.7,377.8,380.6,379.2,381.5,381.0,381.8,381.3,378.8,380.9,378.6,380.7,377.2,379.0,376.6,379.5,378.6,380.8,379.9,378.0,380.0,374.4,376.8,374.2,377.6,376.5,378.3,379.0,377.4,380.1,377.9,383.2,383.9,384.7,,,,,,,,,
PAC:VTR,(                ),V,384.7,384.4,385.0,385.2,384.7,384.4,385.2,385.4,385.6,386.2,386.0,386.2,386.0,386.4,386.7,386.8,386.7,386.5,386.6,386.9,382.6,382.7,383.1,382.2,382.5,382.5,382.5,383.0,382.9,382.8,382.2,382.9,382.4,382.2,382.2,382.2,381.5,381.1,381.8,381.0,381.3,380.8,379.3,381.2,382.4,382.2,381.5,381.3,377.0,382.7,381.4,381.8,378.0,375.5,378.7,373.7,371.7,376.0,374.4,376.5,375.5,371.8,373.5,369.3,371.9,369.0,371.2,374.9,375.2,377.8,377.6,374.5,374.8,377.8,377.8,378.1,376.5,378.0,374.3,375.2,376.9,377.5,377.0,374.5,377.5,375.5,377.5,377.8,375.9,378.0,376.1,379.1,378.4,376.4,379.2,378.5,379.2,378.8,376.8,379.6,377.8,381.1,378.8,380.9,379.8,382.3,381.5,382.5,381.8,379.0,381.4,379.1,381.4,377.7,379.8,377.5,379.5,379.5,381.2,380.3,378.3,380.5,374.7,377.0,374.4,377.5,376.6,378.8,379.6,377.6,380.3,377.9,383.2,383.4,384.4,,,,,,,,,
CH1B1:KWH,(                ),,4433714,4433714,4433714,4433714,4433714,4433714,4433714,4433714,4433714,4433714,4433714,4433714,4433714,4433714,4433714,4433714,4433714,4433714,4433714,4433714,4433714,4433714,4433714,4433714,4433714,4433714,4433714,4433714,4433714,4433714,4433714,4433714,4433714,4433714,4433714,4433714,4433714,4433714,4433714,4433714,4433714,4433714,4433714,4433714,4433714,4433714,4433714,4433714,4433714,4433714,4433714,4433714,4433714,4433714,4433714,4433714,4433714,4433714,4433714,4433714,4433714,4433714,4433714,4433714,4433714,4433714,4433714,4433714,4433714,4433714,4433714,4433714,4433714,4433714,4433714,4433714,4433714,4433714,4433714,4433714,4433714,4433714,4433714,4433714,4433714,4433714,4433714,4433714,4433714,4433714,4433714,4433714,4433714,4433714,4433714,4433714,4433714,4433714,4433714,4433714,4433714,4433714,4433714,4433714,4433714,4433714,4433714,4433714,4433714,4433714,4433714,4433714,4433714,4433714,4433714,4433714,4433714,4433714,4433714,4433714,4433714,4433714,4433714,4433714,4433714,4433714,4433714,4433714,4433714,4433714,4433714,4433714,4433714,4433714,4433714,,,,,,,,,
CH2B1:KWH,(                ),,3323912,3323912,3323912,3323912,3323912,3323912,3323912,3323912,3323912,3323912,3323912,3323912,3323912,3323912,3323912,3323912,3323912,3323912,3323912,3323912,3323912,3323912,3323912,3323912,3323912,3323912,3323912,3323912,3323912,3323912,3323912,3323912,3323912,3323912,3323912,3323912,3323912,3323912,3323912,3323912,3323912,3323912,3323912,3323912,3323912,3323912,3323912,3323912,3323912,3323912,3323912,3323912,3323912,3323912,3323912,3323912,3323912,3323912,3323912,3323912,3323912,3323912,3323912,3323912,3323912,3323912,3323912,3323912,3323912,3323912,3323912,3323912,3323912,3323912,3323912,3323912,3323912,3323912,3323912,3323912,3323912,3323912,3323912,3323912,3323912,3323912,3323912,3323912,3323912,3323912,3323912,3323912,3323912,3323912,3323912,3323912,3323912,3323912,3323912,3323912,3323912,3323912,3323912,3323912,3323912,3323912,3323912,3323912,3323912,3323912,3323912,3323912,3323912,3323912,3323912,3323912,3323912,3323912,3323912,3323912,3323912,3323912,3323912,3323912,3323912,3323912,3323912,3323912,3323912,3323912,3323912,3323912,3323912,3323912,3323912,,,,,,,,,
CHP1B1:KWH,(                ),,313214,313214,313214,313214,313214,313214,313214,313214,313214,313214,313214,313214,313214,313214,313214,313214,313214,313214,313214,313214,313214,313214,313214,313214,313214,313214,313214,313214,313214,313214,313214,313214,313214,313214,313214,313214,313214,313214,313214,313214,313214,313214,313214,313214,313214,313214,313214,313214,313214,313214,313214,313214,313214,313214,313214,313214,313214,313214,313214,313214,313214,313214,313214,313214,313214,313214,313214,313214,313214,313214,313214,313214,313214,313214,313214,313214,313214,313214,313214,313214,313214,313214,313214,313214,313214,313214,313214,313214,313214,313214,313214,313214,313214,313214,313214,313214,313214,313214,313214,313214,313214,313214,313214,313214,313214,313214,313214,313214,313214,313214,313214,313214,313214,313214,313214,313214,313214,313214,313214,313214,313214,313214,313214,313214,313214,313214,313214,313214,313214,313214,313214,313214,313214,313214,313214,,,,,,,,,
CHP2B1:KWH,(                ),,259932,259932,259932,259932,259932,259932,259932,259932,259932,259932,259932,259932,259932,259932,259932,259932,259932,259932,259932,259932,259932,259932,259932,259932,259932,259932,259932,259932,259932,259932,259932,259932,259932,259932,259932,259932,259932,259932,259932,259932,259932,259932,259932,259932,259932,259932,259932,259932,259932,259932,259932,259932,259932,259932,259932,259932,259932,259932,259932,259932,259932,259932,259932,259932,259932,259932,259932,259932,259932,259932,259932,259932,259932,259932,259932,259932,259932,259932,259932,259932,259932,259932,259932,259932,259932,259932,259932,259932,259932,259932,259932,259932,259932,259932,259932,259932,259932,259932,259932,259932,259932,259932,259932,259932,259932,259932,259932,259932,259932,259932,259932,259932,259932,259932,259932,259932,259932,259932,259932,259932,259932,259932,259932,259932,259932,259932,259932,259932,259932,259932,259932,259932,259932,259932,259932,,,,,,,,,
CHP3B1:KWH,(                ),,4159,4159,4159,4159,4159,4159,4159,4159,4159,4159,4159,4159,4159,4159,4159,4159,4159,4159,4159,4159,4159,4159,4159,4159,4159,4159,4159,4159,4159,4159,4159,4159,4159,4159,4159,4159,4159,4159,4159,4159,4159,4159,4159,4159,4159,4159,4159,4159,4159,4159,4159,4159,4159,4159,4159,4159,4159,4159,4159,4159,4159,4159,4159,4159,4159,4159,4159,4159,4159,4159,4159,4159,4159,4159,4159,4159,4159,4159,4159,4159,4159,4159,4159,4159,4159,4159,4159,4159,4159,4159,4159,4159,4159,4159,4159,4159,4159,4159,4159,4159,4159,4159,4159,4159,4159,4159,4159,4159,4159,4159,4159,4159,4159,4159,4159,4159,4159,4159,4159,4159,4159,4159,4159,4159,4159,4159,4159,4159,4159,4159,4159,4159,4159,4159,4159,,,,,,,,,
CT1B1:KW,(                ),kW,8.2,8.2,8.2,8.2,8.2,8.2,8.2,8.2,8.2,8.2,8.2,8.2,8.2,8.2,8.2,8.2,8.2,8.2,8.2,8.2,8.2,8.2,8.2,8.2,8.2,8.2,8.2,8.2,8.2,8.2,8.2,8.2,8.2,8.2,8.2,8.2,8.2,8.2,8.2,8.2,8.2,8.2,8.2,8.2,8.2,8.2,8.2,8.2,8.2,8.2,8.2,8.2,8.2,8.2,8.2,8.2,8.2,8.2,8.2,8.2,8.2,8.2,8.2,8.2,8.2,8.2,8.2,8.2,8.2,8.2,8.2,8.2,8.2,8.2,8.2,8.2,8.2,8.2,8.2,8.2,8.2,8.2,8.2,8.2,8.2,8.2,8.2,8.2,8.2,8.2,8.2,8.2,8.2,8.2,8.2,8.2,8.2,8.2,8.2,8.2,8.2,8.2,8.2,8.2,8.2,8.2,8.2,8.2,8.2,8.2,8.2,8.2,8.2,8.2,8.2,8.2,8.2,8.2,8.2,8.2,8.2,8.2,8.2,8.2,8.2,8.2,8.2,8.2,8.2,8.2,8.2,8.2,8.2,8.2,8.2,,,,,,,,,
CT1B1:KWH,(                ),,244843,244843,244843,244843,244843,244843,244843,244843,244843,244843,244843,244843,244843,244843,244843,244843,244843,244843,244843,244843,244843,244843,244843,244843,244843,244843,244843,244843,244843,244843,244843,244843,244843,244843,244843,244843,244843,244843,244843,244843,244843,244843,244843,244843,244843,244843,244843,244843,244843,244843,244843,244843,244843,244843,244843,244843,244843,244843,244843,244843,244843,244843,244843,244843,244843,244843,244843,244843,244843,244843,244843,244843,244843,244843,244843,244843,244843,244843,244843,244843,244843,244843,244843,244843,244843,244843,244843,244843,244843,244843,244843,244843,244843,244843,244843,244843,244843,244843,244843,244843,244843,244843,244843,244843,244843,244843,244843,244843,244843,244843,244843,244843,244843,244843,244843,244843,244843,244843,244843,244843,244843,244843,244843,244843,244843,244843,244843,244843,244843,244843,244843,244843,244843,244843,244843,,,,,,,,,
CT2B1:KW,(                ),kW,0.0,0.0,0.0,0.0,0.0,0.0,0.0,0.0,0.0,0.0,0.0,0.0,0.0,0.0,0.0,0.0,0.0,0.0,0.0,0.0,0.0,0.0,0.0,0.0,0.0,0.0,0.0,0.0,0.0,0.0,0.0,0.0,0.0,0.0,0.0,0.0,0.0,0.0,0.0,0.0,0.0,0.0,0.0,0.0,0.0,0.0,0.0,0.0,0.0,0.0,0.0,0.0,0.0,0.0,0.0,0.0,0.0,0.0,0.0,0.0,0.0,0.0,0.0,0.0,0.0,0.0,0.0,0.0,0.0,0.0,0.0,0.0,0.0,0.0,0.0,0.0,0.0,0.0,0.0,0.0,0.0,0.0,0.0,0.0,0.0,0.0,0.0,0.0,0.0,0.0,0.0,0.0,0.0,0.0,0.0,0.0,0.0,0.0,0.0,0.0,0.0,0.0,0.0,0.0,0.0,0.0,0.0,0.0,0.0,0.0,0.0,0.0,0.0,0.0,0.0,0.0,0.0,0.0,0.0,0.0,0.0,0.0,0.0,0.0,0.0,0.0,0.0,0.0,0.0,0.0,0.0,0.0,0.0,0.0,0.0,,,,,,,,,
CT2B1:KWH,(                ),,111175,111175,111175,111175,111175,111175,111175,111175,111175,111175,111175,111175,111175,111175,111175,111175,111175,111175,111175,111175,111175,111175,111175,111175,111175,111175,111175,111175,111175,111175,111175,111175,111175,111175,111175,111175,111175,111175,111175,111175,111175,111175,111175,111175,111175,111175,111175,111175,111175,111175,111175,111175,111175,111175,111175,111175,111175,111175,111175,111175,111175,111175,111175,111175,111175,111175,111175,111175,111175,111175,111175,111175,111175,111175,111175,111175,111175,111175,111175,111175,111175,111175,111175,111175,111175,111175,111175,111175,111175,111175,111175,111175,111175,111175,111175,111175,111175,111175,111175,111175,111175,111175,111175,111175,111175,111175,111175,111175,111175,111175,111175,111175,111175,111175,111175,111175,111175,111175,111175,111175,111175,111175,111175,111175,111175,111175,111175,111175,111175,111175,111175,111175,111175,111175,111175,,,,,,,,,
CWP1B1:KWH,(                ),,839195,839195,839195,839195,839195,839195,839195,839195,839195,839195,839195,839195,839195,839195,839195,839195,839195,839195,839195,839195,839195,839195,839195,839195,839195,839195,839195,839195,839195,839195,839195,839195,839195,839195,839195,839195,839195,839195,839195,839195,839195,839195,839195,839195,839195,839195,839195,839195,839195,839195,839195,839195,839195,839195,839195,839195,839195,839195,839195,839195,839195,839195,839195,839195,839195,839195,839195,839195,839195,839195,839195,839195,839195,839195,839195,839195,839195,839195,839195,839195,839195,839195,839195,839195,839195,839195,839195,839195,839195,839195,839195,839195,839195,839195,839195,839195,839195,839195,839195,839195,839195,839195,839195,839195,839195,839195,839195,839195,839195,839195,839195,839195,839195,839195,839195,839195,839195,839195,839195,839195,839195,839195,839195,839195,839195,839195,839195,839195,839195,839195,839195,839195,839195,839195,839195,,,,,,,,,
CWP2B1:KWH,(                ),,705224,705224,705224,705224,705224,705224,705224,705224,705224,705224,705224,705224,705224,705224,705224,705224,705224,705224,705224,705224,705224,705224,705224,705224,705224,705224,705224,705224,705224,705224,705224,705224,705224,705224,705224,705224,705224,705224,705224,705224,705224,705224,705224,705224,705224,705224,705224,705224,705224,705224,705224,705224,705224,705224,705224,705224,705224,705224,705224,705224,705224,705224,705224,705224,705224,705224,705224,705224,705224,705224,705224,705224,705224,705224,705224,705224,705224,705224,705224,705224,705224,705224,705224,705224,705224,705224,705224,705224,705224,705224,705224,705224,705224,705224,705224,705224,705224,705224,705224,705224,705224,705224,705224,705224,705224,705224,705224,705224,705224,705224,705224,705224,705224,705224,705224,705224,705224,705224,705224,705224,705224,705224,705224,705224,705224,705224,705224,705224,705224,705224,705224,705224,705224,705224,705224,,,,,,,,,
CWP3B1:KWH,(                ),,10,10,10,10,10,10,10,10,10,10,10,10,10,10,10,10,10,10,10,10,10,10,10,10,10,10,10,10,10,10,10,10,10,10,10,10,10,10,10,10,10,10,10,10,10,10,10,10,10,10,10,10,10,10,10,10,10,10,10,10,10,10,10,10,10,10,10,10,10,10,10,10,10,10,10,10,10,10,10,10,10,10,10,10,10,10,10,10,10,10,10,10,10,10,10,10,10,10,10,10,10,10,10,10,10,10,10,10,10,10,10,10,10,10,10,10,10,10,10,10,10,10,10,10,10,10,10,10,10,10,10,10,10,10,10,,,,,,,,,
CH1F7.KWH,(度數            ),kW h,656496,656496,656496,656496,656496,656496,656496,656496,656496,656496,656496,656496,656496,656496,656496,656496,656496,656496,656496,656496,656496,656496,656496,656496,656496,656496,656496,656496,656496,656496,656496,656496,656496,656496,656496,656496,656496,656496,656496,656496,656496,656496,656496,656496,656496,656496,656496,656496,656496,656496,656496,656496,656496,656527,656579,656632,656685,656737,656790,656842,656895,656947,657000,657052,657104,657156,657209,657261,657311,657363,657389,657467,657519,657570,657622,657674,657725,657777,657828,657880,657931,657982,658034,658085,658137,658188,658240,658291,658343,658394,658445,658496,658548,658599,658651,658702,658754,658805,658857,658908,658960,659012,659063,659114,659165,659217,659269,659322,659374,659426,659478,659530,659582,659635,659687,659739,659790,659842,659894,659947,660000,660052,660104,660156,660208,660260,660313,660365,660417,660469,660521,660574,660626,660678,660728,,,,,,,,,
CH2F7:KWH,(                ),,3674951,3674951,3674951,3674951,3674951,3674951,3674951,3674951,3674951,3674951,3674951,3674951,3674951,3674951,3674951,3674952,3674952,3674952,3674952,3674952,3674952,3674952,3674952,3674952,3674952,3674952,3674952,3674952,3674952,3674952,3674952,3674952,3674952,3674953,3674953,3674953,3674953,3674953,3674953,3674953,3674953,3674953,3674953,3674953,3674954,3674954,3674954,3674954,3674954,3674954,3674954,3674954,3674954,3674954,3674954,3674954,3674954,3674954,3674954,3674954,3674954,3674955,3674955,3674955,3674955,3674955,3674955,3674955,3674955,3674955,3674955,3674955,3674955,3674956,3674956,3674956,3674956,3674956,3674956,3674956,3674956,3674956,3674956,3674956,3674956,3674956,3674956,3674956,3674956,3674956,3674956,3674957,3674957,3674957,3674957,3674957,3674957,3674957,3674957,3674957,3674957,3674957,3674957,3674958,3674958,3674958,3674958,3674958,3674958,3674958,3674958,3674958,3674958,3674958,3674958,3674958,3674959,3674959,3674959,3674959,3674959,3674959,3674959,3674959,3674959,3674959,3674959,3674959,3674959,3674959,3674959,3674959,3674959,3674960,3674960,,,,,,,,,
CH3F7:KWH,(                ),,1631683,1631683,1631683,1631684,1631684,1631684,1631684,1631684,1631684,1631684,1631684,1631684,1631684,1631684,1631684,1631684,1631684,1631685,1631685,1631685,1631685,1631685,1631685,1631685,1631685,1631685,1631685,1631685,1631685,1631685,1631685,1631685,1631685,1631685,1631686,1631686,1631686,1631686,1631686,1631686,1631686,1631686,1631686,1631686,1631686,1631686,1631686,1631686,1631687,1631687,1631687,1631687,1631687,1631687,1631687,1631687,1631687,1631717,1631765,1631817,1631868,1631918,1631971,1632018,1632071,1632117,1632167,1632219,1632272,1632320,1632344,1632417,1632475,1632523,1632576,1632623,1632668,1632731,1632779,1632832,1632879,1632932,1632982,1633034,1633087,1633135,1633187,1633233,1633290,1633339,1633392,1633439,1633485,1633543,1633596,1633649,1633697,1633750,1633800,1633853,1633902,1633955,1634002,1634053,1634107,1634160,1634208,1634261,1634307,1634365,1634418,1634467,1634514,1634560,1634618,1634671,1634724,1634772,1634825,1634875,1634929,1634977,1635030,1635082,1635127,1635180,1635221,1635221,1635221,1635222,1635222,1635222,1635222,1635222,1635222,,,,,,,,,
CH4F7.KWH,(度數            ),kW h,683059,683059,683059,683059,683059,683059,683059,683059,683059,683059,683059,683059,683059,683059,683059,683059,683059,683059,683059,683059,683059,683059,683059,683059,683059,683059,683059,683059,683059,683059,683059,683059,683059,683059,683059,683059,683059,683059,683059,683059,683059,683059,683059,683059,683059,683059,683059,683059,683059,683059,683059,683059,683059,683059,683059,683059,683066,683118,683171,683224,683276,683330,683383,683435,683489,683541,683594,683647,683698,683751,683778,683857,683910,683962,684015,684067,684119,684172,684224,684277,684329,684381,684433,684485,684536,684588,684640,684691,684743,684794,684845,684897,684948,685000,685052,685104,685157,685210,685262,685314,685367,685419,685472,685524,685577,685629,685682,685735,685787,685840,685892,685944,685997,686050,686103,686155,686208,686260,686313,686366,686419,686471,686524,686577,686630,686682,686736,686788,686841,686894,686946,686999,687052,687103,687133,,,,,,,,,
CH5F7.KWH,(度數            ),kW h,662123,662123,662123,662123,662123,662123,662123,662123,662123,662123,662123,662123,662123,662123,662123,662123,662123,662123,662123,662123,662123,662123,662123,662123,662123,662123,662123,662123,662123,662123,662123,662123,662123,662123,662123,662123,662123,662123,662123,662123,662123,662123,662123,662123,662123,662123,662123,662123,662123,662123,662123,662123,662123,662123,662123,662123,662123,662123,662123,662123,662123,662123,662123,662123,662123,662123,662123,662123,662123,662123,662123,662123,662123,662123,662123,662123,662123,662123,662123,662123,662123,662123,662123,662123,662123,662123,662123,662123,662123,662123,662123,662123,662123,662123,662123,662123,662123,662123,662123,662123,662123,662123,662123,662123,662123,662123,662123,662123,662123,662123,662123,662123,662123,662123,662123,662123,662123,662123,662123,662123,662123,662123,662123,662123,662123,662123,662123,662123,662123,662123,662123,662123,662123,662123,662123,,,,,,,,,
CHP1F7:KWH,(                ),,543330,543330,543330,543330,543330,543330,543330,543330,543330,543330,543330,543330,543330,543330,543330,543330,543330,543330,543330,543330,543330,543330,543330,543330,543330,543330,543330,543330,543330,543330,543330,543330,543330,543330,543330,543330,543330,543330,543330,543330,543330,543330,543330,543330,543330,543330,543330,543330,543330,543330,543330,543333,543337,543343,543348,543353,543358,543364,543369,543374,543380,543385,543390,543395,543401,543406,543411,543417,543422,543427,543430,543437,543443,543448,543453,543459,543464,543469,543475,543480,543485,543490,543495,543501,543506,543511,543516,543521,543527,543532,543538,543543,543548,543554,543559,543564,543570,543574,543580,543585,543591,543596,543601,543606,543612,543617,543622,543628,543632,543638,543643,543649,543654,543659,543664,543669,543675,543680,543685,543690,543696,543701,543706,543712,543716,543722,543728,543733,543738,543743,543749,543754,543759,543765,543770,,,,,,,,,
CHP2F7:KWH,(                ),,242977,242977,242977,242977,242977,242977,242977,242977,242977,242977,242977,242977,242977,242977,242977,242977,242977,242977,242977,242977,242977,242977,242977,242977,242977,242977,242977,242977,242977,242977,242977,242977,242977,242977,242977,242977,242977,242977,242977,242977,242977,242977,242977,242977,242977,242977,242977,242977,242977,242977,242977,242977,242977,242977,242977,242977,242977,242977,242977,242977,242977,242977,242977,242977,242977,242977,242977,242977,242977,242977,242977,242977,242977,242977,242977,242977,242977,242977,242977,242977,242977,242977,242977,242977,242977,242977,242977,242977,242977,242977,242977,242977,242977,242977,242977,242977,242977,242977,242977,242977,242977,242977,242977,242977,242977,242977,242977,242977,242977,242977,242977,242977,242977,242977,242977,242977,242977,242977,242977,242977,242977,242977,242977,242977,242977,242977,242977,242977,242977,242977,242977,242977,242977,242977,242977,,,,,,,,,
CHP3F7:KWH,(                ),,123357,123357,123357,123357,123357,123357,123357,123357,123357,123357,123357,123357,123357,123357,123357,123357,123357,123357,123357,123357,123357,123357,123357,123357,123357,123357,123357,123357,123357,123357,123357,123357,123357,123357,123357,123357,123357,123357,123357,123357,123357,123357,123357,123357,123357,123357,123357,123357,123357,123357,123357,123357,123357,123357,123357,123358,123361,123364,123367,123370,123373,123376,123379,123382,123385,123388,123390,123393,123396,123399,123401,123404,123408,123411,123414,123417,123419,123422,123425,123428,123431,123434,123437,123440,123443,123446,123448,123451,123454,123457,123460,123463,123466,123469,123471,123474,123478,123480,123483,123486,123489,123492,123495,123497,123501,123503,123506,123509,123512,123515,123518,123521,123524,123527,123530,123532,123535,123538,123541,123544,123547,123550,123553,123556,123558,123561,123564,123564,123564,123564,123564,123564,123564,123564,123564,,,,,,,,,
CHP4F7:KWH,(                ),,530606,530606,530606,530606,530606,530606,530606,530606,530606,530606,530606,530606,530606,530606,530606,530606,530606,530606,530606,530606,530606,530606,530606,530606,530606,530606,530606,530606,530606,530606,530606,530606,530606,530606,530606,530606,530606,530606,530606,530606,530606,530606,530606,530606,530606,530606,530606,530606,530606,530606,530606,530606,530606,530606,530606,530610,530616,530621,530626,530631,530636,530641,530647,530651,530657,530662,530666,530672,530677,530682,530685,530692,530698,530703,530708,530713,530718,530723,530729,530733,530739,530744,530748,530754,530759,530764,530769,530774,530779,530785,530790,530795,530800,530805,530810,530815,530821,530826,530831,530836,530841,530846,530851,530856,530862,530867,530872,530877,530881,530887,530892,530898,530903,530908,530913,530918,530923,530928,530933,530938,530944,530949,530954,530959,530964,530969,530975,530979,530985,530989,530995,531000,531005,531010,531015,,,,,,,,,
CHP5F7:KWH,(                ),,546768,546768,546768,546768,546768,546768,546768,546768,546768,546768,546768,546768,546768,546768,546768,546768,546768,546768,546768,546768,546768,546768,546768,546768,546768,546768,546768,546768,546768,546768,546768,546768,546768,546768,546768,546768,546768,546768,546768,546768,546768,546768,546768,546768,546768,546768,546768,546768,546768,546768,546768,546768,546768,546768,546768,546768,546768,546768,546768,546768,546768,546768,546768,546768,546768,546768,546768,546768,546768,546768,546768,546768,546768,546768,546768,546768,546768,546768,546768,546768,546768,546768,546768,546768,546768,546768,546768,546768,546768,546768,546768,546768,546768,546768,546768,546768,546768,546768,546768,546768,546768,546768,546768,546768,546768,546768,546768,546768,546768,546768,546768,546768,546768,546768,546768,546768,546768,546768,546768,546768,546768,546768,546768,546768,546768,546768,546768,546768,546768,546768,546768,546768,546768,546768,546768,,,,,,,,,
CWP1F7:KWH,(                ),,546879,546879,546879,546879,546879,546879,546879,546879,546879,546879,546879,546879,546879,546879,546879,546879,546879,546879,546879,546879,546879,546879,546879,546879,546879,546879,546879,546879,546879,546879,546879,546879,546879,546879,546879,546879,546879,546879,546879,546879,546879,546879,546879,546879,546879,546879,546879,546879,546879,546879,546879,546881,546886,546891,546896,546901,546906,546911,546916,546921,546926,546931,546937,546941,546946,546952,546956,546962,546966,546972,546974,546981,546987,546992,546997,547002,547007,547012,547017,547022,547027,547032,547037,547042,547047,547052,547057,547061,547067,547072,547077,547082,547087,547092,547097,547102,547107,547112,547117,547123,547128,547133,547138,547142,547148,547153,547158,547163,547167,547173,547178,547183,547188,547193,547198,547203,547208,547214,547218,547223,547228,547234,547238,547244,547248,547254,547259,547264,547269,547273,547279,547284,547289,547294,547299,,,,,,,,,
CWP2F7:KWH,(                ),,274310,274310,274310,274310,274310,274310,274310,274310,274310,274310,274310,274310,274310,274310,274310,274310,274310,274310,274310,274310,274310,274310,274310,274310,274310,274310,274310,274310,274310,274310,274310,274310,274310,274310,274310,274310,274310,274310,274310,274310,274310,274310,274310,274310,274310,274310,274310,274310,274310,274310,274310,274310,274310,274310,274310,274310,274310,274310,274310,274310,274310,274310,274310,274310,274310,274310,274310,274310,274310,274310,274310,274310,274310,274310,274310,274310,274310,274310,274310,274310,274310,274310,274310,274310,274310,274310,274310,274310,274310,274310,274310,274310,274310,274310,274310,274310,274310,274310,274310,274310,274310,274310,274310,274310,274310,274310,274310,274310,274310,274310,274310,274310,274310,274310,274310,274310,274310,274310,274310,274310,274310,274310,274310,274310,274310,274310,274310,274310,274310,274310,274310,274310,274310,274310,274310,,,,,,,,,
CWP3F7:KWH,(                ),,148582,148582,148582,148582,148582,148582,148582,148582,148582,148582,148582,148582,148582,148582,148582,148582,148582,148582,148582,148582,148582,148582,148582,148582,148582,148582,148582,148582,148582,148582,148582,148582,148582,148582,148582,148582,148582,148582,148582,148582,148582,148582,148582,148582,148582,148582,148582,148582,148582,148582,148582,148582,148582,148582,148582,148583,148586,148590,148593,148597,148600,148603,148607,148610,148614,148617,148620,148624,148627,148631,148632,148637,148641,148644,148648,148651,148655,148658,148662,148665,148668,148672,148675,148678,148682,148685,148688,148691,148695,148699,148702,148706,148709,148712,148716,148719,148722,148726,148729,148733,148736,148740,148743,148746,148750,148753,148757,148760,148763,148767,148770,148774,148777,148780,148784,148787,148791,148794,148797,148801,148804,148808,148811,148814,148817,148821,148825,148825,148825,148825,148825,148825,148825,148825,148825,,,,,,,,,
CWP4F7:KWH,(                ),,584917,584917,584917,584917,584917,584917,584917,584917,584917,584917,584917,584917,584917,584917,584917,584917,584917,584917,584917,584917,584917,584917,584917,584917,584917,584917,584917,584917,584917,584917,584917,584917,584917,584917,584917,584917,584917,584917,584917,584917,584917,584917,584917,584917,584917,584917,584917,584917,584917,584917,584917,584917,584917,584917,584917,584922,584927,584932,584937,584942,584947,584951,584957,584961,584966,584971,584976,584981,584986,584991,584993,585000,585005,585010,585015,585020,585025,585030,585035,585040,585045,585050,585054,585059,585064,585069,585074,585078,585084,585089,585094,585099,585104,585109,585113,585118,585123,585128,585133,585138,585143,585148,585153,585157,585163,585167,585173,585178,585181,585187,585192,585197,585202,585207,585212,585217,585222,585227,585231,585236,585241,585246,585251,585256,585260,585266,585271,585276,585281,585285,585291,585295,585301,585305,585310,,,,,,,,,
CWP5F7:KWH,(                ),,644500,644500,644500,644500,644500,644500,644500,644500,644500,644500,644500,644500,644500,644500,644500,644500,644500,644500,644500,644500,644500,644500,644500,644500,644500,644500,644500,644500,644500,644500,644500,644500,644500,644500,644500,644500,644500,644500,644500,644500,644500,644500,644500,644500,644500,644500,644500,644500,644500,644500,644500,644500,644500,644500,644500,644500,644500,644500,644500,644500,644500,644500,644500,644500,644500,644500,644500,644500,644500,644500,644500,644500,644500,644500,644500,644500,644500,644500,644500,644500,644500,644500,644500,644500,644500,644500,644500,644500,644500,644500,644500,644500,644500,644500,644500,644500,644500,644500,644500,644500,644500,644500,644500,644500,644500,644500,644500,644500,644500,644500,644500,644500,644500,644500,644500,644500,644500,644500,644500,644500,644500,644500,644500,644500,644500,644500,644500,644500,644500,644500,644500,644500,644500,644500,644500,,,,,,,,,
CT1-1.KWH,(度數            ),kW h,12862,12862,12862,12862,12862,12862,12862,12862,12862,12862,12862,12862,12862,12862,12862,12862,12862,12862,12862,12862,12862,12862,12862,12862,12862,12862,12862,12862,12862,12862,12862,12862,12862,12862,12862,12862,12862,12862,12862,12862,12862,12862,12862,12862,12862,12862,12862,12862,12862,12862,12862,12862,12862,12863,12864,12865,12866,12867,12869,12870,12871,12872,12873,12874,12875,12877,12878,12879,12880,12881,12882,12883,12884,12886,12887,12888,12889,12890,12891,12892,12894,12895,12896,12897,12898,12899,12900,12902,12903,12904,12905,12906,12907,12908,12909,12911,12912,12913,12914,12915,12916,12917,12919,12920,12921,12922,12923,12924,12925,12927,12928,12929,12930,12931,12932,12933,12935,12936,12937,12938,12939,12940,12942,12943,12944,12945,12946,12947,12948,12950,12951,12952,12953,12954,12955,,,,,,,,,
CT1-1:KW,(                ),kW,0.0,0.0,0.0,0.0,0.0,0.0,0.0,0.0,0.0,0.0,0.0,0.0,0.0,0.0,0.0,0.0,0.0,0.0,0.0,0.0,0.0,0.0,0.0,0.0,0.0,0.0,0.0,0.0,0.0,0.0,0.0,0.0,0.0,0.0,0.0,0.0,0.0,0.0,0.0,0.0,0.0,0.0,0.0,0.0,0.0,0.0,0.0,0.0,0.0,0.0,0.0,1.3,1.3,6.9,6.9,6.9,6.8,6.9,6.8,6.8,6.8,6.9,6.9,6.7,6.8,6.8,6.7,6.9,6.8,7.0,6.8,6.9,6.8,6.7,6.9,6.7,7.1,6.8,6.9,6.8,6.8,6.9,7.0,6.8,7.0,6.7,6.8,6.8,6.9,6.6,6.9,6.8,6.8,6.9,6.8,6.8,6.7,6.7,6.8,6.9,6.8,6.8,6.9,6.9,6.8,7.0,6.9,6.8,7.0,6.8,7.0,7.0,6.7,7.0,7.0,7.1,6.9,6.9,6.9,6.9,6.9,6.8,6.9,6.7,6.8,6.8,6.9,6.9,6.9,7.0,6.9,6.9,6.8,6.9,7.0,,,,,,,,,
CT1-2.KWH,(度數            ),kW h,15229,15229,15229,15229,15229,15229,15229,15229,15229,15229,15229,15229,15229,15229,15229,15229,15229,15229,15229,15229,15229,15229,15229,15229,15229,15229,15229,15229,15229,15229,15229,15229,15229,15229,15229,15229,15229,15229,15229,15229,15229,15229,15229,15229,15229,15229,15229,15229,15229,15229,15229,15229,15230,15230,15231,15232,15234,15235,15236,15237,15238,15239,15240,15242,15243,15244,15245,15246,15247,15248,15249,15251,15252,15253,15254,15255,15256,15257,15258,15259,15261,15262,15263,15264,15265,15266,15267,15269,15270,15271,15272,15273,15274,15275,15276,15277,15279,15280,15281,15282,15283,15284,15285,15286,15288,15289,15290,15291,15292,15293,15294,15296,15297,15298,15299,15300,15301,15302,15303,15305,15306,15307,15308,15309,15310,15311,15313,15314,15315,15316,15317,15318,15319,15320,15322,,,,,,,,,
CT1-2:KW,(                ),kW,0.0,0.0,0.0,0.0,0.0,0.0,0.0,0.0,0.0,0.0,0.0,0.0,0.0,0.0,0.0,0.0,0.0,0.0,0.0,0.0,0.0,0.0,0.0,0.0,0.0,0.0,0.0,0.0,0.0,0.0,0.0,0.0,0.0,0.0,0.0,0.0,0.0,0.0,0.0,0.0,0.0,0.0,0.0,0.0,0.0,0.0,0.0,0.0,0.0,0.0,0.0,1.2,1.2,6.7,6.6,6.8,6.9,6.9,6.8,6.9,6.8,6.7,6.7,6.8,6.8,6.7,6.8,6.7,6.6,6.8,6.6,6.7,6.7,6.8,6.9,6.6,6.7,6.8,6.6,6.8,6.8,6.8,6.7,6.9,6.6,6.7,6.7,6.9,6.7,6.6,6.6,6.7,6.7,6.8,6.8,6.8,6.8,6.7,6.7,6.7,6.7,6.7,6.6,6.8,6.7,6.8,6.8,6.9,6.7,6.7,6.8,6.9,6.8,6.8,6.9,6.8,6.8,6.8,6.8,6.7,6.8,6.9,6.7,6.8,6.9,6.8,6.9,6.9,6.8,6.7,6.8,6.8,6.9,6.8,6.9,,,,,,,,,
CT1-3.KWH,(度數            ),kW h,12555,12555,12555,12555,12555,12555,12555,12555,12555,12555,12555,12555,12555,12555,12555,12555,12555,12555,12555,12555,12555,12555,12555,12555,12555,12555,12555,12555,12555,12555,12555,12555,12555,12555,12555,12555,12555,12555,12555,12555,12555,12555,12555,12555,12555,12555,12555,12555,12555,12555,12555,12555,12556,12556,12557,12559,12560,12561,12562,12563,12564,12565,12567,12568,12569,12570,12571,12572,12573,12574,12575,12577,12578,12579,12580,12581,12582,12583,12584,12586,12587,12588,12589,12590,12591,12592,12593,12595,12596,12597,12598,12599,12600,12601,12602,12604,12605,12606,12607,12608,12609,12610,12611,12613,12614,12615,12616,12617,12618,12619,12621,12622,12623,12624,12625,12626,12627,12628,12630,12631,12632,12633,12634,12635,12636,12638,12639,12640,12641,12642,12643,12644,12646,12647,12648,,,,,,,,,
CT1-3:KW,(                ),kW,0.0,0.0,0.0,0.0,0.0,0.0,0.0,0.0,0.0,0.0,0.0,0.0,0.0,0.0,0.0,0.0,0.0,0.0,0.0,0.0,0.0,0.0,0.0,0.0,0.0,0.0,0.0,0.0,0.0,0.0,0.0,0.0,0.0,0.0,0.0,0.0,0.0,0.0,0.0,0.0,0.0,0.0,0.0,0.0,0.0,0.0,0.0,0.0,0.0,0.0,0.0,1.3,1.2,6.9,6.8,6.9,6.8,6.9,6.8,6.7,6.8,6.8,6.7,6.8,6.7,6.7,6.7,6.8,6.6,6.7,6.6,6.7,6.8,6.7,6.8,6.6,6.8,6.8,6.7,6.8,6.8,6.7,6.8,6.8,6.7,6.7,6.8,6.8,6.7,6.8,6.7,6.8,6.8,6.8,6.8,6.7,6.8,6.8,6.7,6.8,6.7,6.8,6.8,6.7,6.8,6.7,6.8,6.9,6.9,6.7,6.9,6.8,6.9,6.9,6.9,6.8,6.9,6.8,6.9,6.8,6.8,6.9,6.8,6.8,6.9,6.9,6.9,6.9,6.7,6.7,6.8,6.9,6.8,6.9,6.9,,,,,,,,,
CT1-4.KWH,(度數            ),kW h,15554,15554,15554,15554,15554,15554,15554,15554,15554,15554,15554,15554,15554,15554,15554,15554,15554,15554,15554,15554,15554,15554,15554,15554,15554,15554,15554,15554,15554,15554,15554,15554,15554,15554,15554,15554,15554,15554,15554,15554,15554,15554,15554,15554,15554,15554,15554,15554,15554,15554,15554,15554,15554,15555,15556,15557,15558,15559,15561,15562,15563,15564,15565,15566,15567,15569,15570,15571,15572,15573,15574,15575,15577,15578,15579,15580,15581,15582,15583,15584,15586,15587,15588,15589,15590,15591,15592,15593,15595,15596,15597,15598,15599,15600,15601,15602,15604,15605,15606,15607,15608,15609,15610,15612,15613,15614,15615,15616,15617,15618,15620,15621,15622,15623,15624,15625,15626,15628,15629,15630,15631,15632,15633,15634,15636,15637,15638,15639,15640,15641,15642,15644,15645,15646,15647,,,,,,,,,
CT1-4:KW,(                ),kW,0.0,0.0,0.0,0.0,0.0,0.0,0.0,0.0,0.0,0.0,0.0,0.0,0.0,0.0,0.0,0.0,0.0,0.0,0.0,0.0,0.0,0.0,0.0,0.0,0.0,0.0,0.0,0.0,0.0,0.0,0.0,0.0,0.0,0.0,0.0,0.0,0.0,0.0,0.0,0.0,0.0,0.0,0.0,0.0,0.0,0.0,0.0,0.0,0.0,0.0,0.0,1.3,1.3,6.9,6.9,6.9,6.9,6.8,6.8,6.9,7.1,6.9,6.8,6.7,6.7,6.8,6.7,6.9,6.7,6.7,6.7,6.7,6.7,6.8,6.8,6.7,6.8,6.9,6.8,6.8,6.8,6.8,6.7,6.7,6.8,6.7,6.8,6.8,6.7,6.8,6.8,6.8,6.8,6.9,6.8,6.8,6.7,6.8,6.9,6.8,6.8,6.9,6.8,6.9,6.9,6.9,6.9,6.6,6.8,6.8,6.8,6.9,6.8,7.0,6.9,6.8,6.8,6.9,6.8,6.9,6.9,7.0,7.0,6.8,6.9,6.8,6.9,6.8,6.8,6.9,6.9,6.8,6.9,6.9,7.0,,,,,,,,,
CT1-ALL.KW,(冷卻水塔系統功率),,0.0,0.0,0.0,0.0,0.0,0.0,0.0,0.0,0.0,0.0,0.0,0.0,0.0,0.0,0.0,0.0,0.0,0.0,0.0,0.0,0.0,0.0,0.0,0.0,0.0,0.0,0.0,0.0,0.0,0.0,0.0,0.0,0.0,0.0,0.0,0.0,0.0,0.0,0.0,0.0,0.0,0.0,0.0,0.0,0.0,0.0,0.0,0.0,0.0,0.0,0.0,5.1,5.0,27.3,27.2,27.4,27.5,27.5,27.2,27.3,27.5,27.3,27.1,27.1,27.1,27.0,26.9,27.3,26.8,27.2,26.7,27.1,27.1,27.0,27.4,26.6,27.4,27.3,27.1,27.2,27.2,27.2,27.3,27.2,27.1,26.9,27.2,27.2,27.1,26.8,27.1,27.1,27.0,27.3,27.3,27.1,27.1,27.0,27.3,27.3,27.0,27.3,27.1,27.3,27.2,27.5,27.4,27.2,27.4,27.0,27.5,27.6,27.3,27.7,27.7,27.5,27.5,27.4,27.5,27.3,27.4,27.6,27.3,27.1,27.5,27.3,27.6,27.5,27.3,27.4,27.4,27.4,27.4,27.5,27.9,,,,,,,,,
CT1-ALL.KWH,(度數            ),kW h,56202,56202,56202,56202,56202,56202,56202,56202,56202,56202,56202,56202,56202,56202,56202,56202,56202,56202,56202,56202,56202,56202,56202,56202,56202,56202,56202,56202,56202,56202,56202,56202,56202,56202,56202,56202,56202,56202,56202,56202,56202,56202,56202,56202,56202,56202,56202,56202,56202,56202,56202,56203,56203,56206,56210,56215,56219,56224,56228,56233,56238,56242,56247,56251,56256,56260,56265,56269,56274,56278,56281,56287,56292,56296,56301,56305,56310,56314,56319,56323,56328,56332,56337,56341,56346,56351,56355,56360,56364,56369,56373,56378,56382,56387,56391,56396,56400,56405,56409,56414,56418,56423,56427,56432,56436,56441,56445,56450,56455,56459,56464,56468,56473,56477,56482,56486,56491,56496,56500,56505,56509,56514,56518,56523,56528,56532,56537,56541,56546,56550,56555,56560,56564,56569,56573,,,,,,,,,
CT2-1.KWH,(度數            ),kW h,12107,12107,12107,12107,12107,12107,12107,12107,12107,12107,12107,12107,12107,12107,12107,12107,12107,12107,12107,12107,12107,12107,12107,12107,12107,12107,12107,12107,12107,12107,12107,12107,12107,12107,12107,12107,12107,12107,12107,12107,12107,12107,12107,12107,12107,12107,12107,12107,12107,12107,12107,12107,12107,12107,12107,12107,12107,12107,12107,12107,12107,12107,12107,12107,12107,12107,12107,12107,12107,12107,12107,12107,12107,12107,12107,12107,12107,12107,12107,12107,12107,12107,12107,12107,12107,12107,12107,12107,12107,12107,12107,12107,12107,12107,12107,12107,12107,12107,12107,12107,12107,12107,12107,12107,12107,12107,12107,12107,12107,12107,12107,12107,12107,12107,12107,12107,12107,12107,12107,12107,12107,12107,12107,12107,12107,12107,12107,12107,12107,12107,12107,12107,12107,12107,12107,,,,,,,,,
CT2-1:KW,(                ),kW,0.0,0.0,0.0,0.0,0.0,0.0,0.0,0.0,0.0,0.0,0.0,0.0,0.0,0.0,0.0,0.0,0.0,0.0,0.0,0.0,0.0,0.0,0.0,0.0,0.0,0.0,0.0,0.0,0.0,0.0,0.0,0.0,0.0,0.0,0.0,0.0,0.0,0.0,0.0,0.0,0.0,0.0,0.0,0.0,0.0,0.0,0.0,0.0,0.0,0.0,0.0,0.0,0.0,0.0,0.0,0.0,0.0,0.0,0.0,0.0,0.0,0.0,0.0,0.0,0.0,0.0,0.0,0.0,0.0,0.0,0.0,0.0,0.0,0.0,0.0,0.0,0.0,0.0,0.0,0.0,0.0,0.0,0.0,0.0,0.0,0.0,0.0,0.0,0.0,0.0,0.0,0.0,0.0,0.0,0.0,0.0,0.0,0.0,0.0,0.0,0.0,0.0,0.0,0.0,0.0,0.0,0.0,0.0,0.0,0.0,0.0,0.0,0.0,0.0,0.0,0.0,0.0,0.0,0.0,0.0,0.0,0.0,0.0,0.0,0.0,0.0,0.0,0.0,0.0,0.0,0.0,0.0,0.0,0.0,0.0,,,,,,,,,
CT2-2.KWH,(度數            ),kW h,11776,11776,11776,11776,11776,11776,11776,11776,11776,11776,11776,11776,11776,11776,11776,11776,11776,11776,11776,11776,11776,11776,11776,11776,11776,11776,11776,11776,11776,11776,11776,11776,11776,11776,11776,11776,11776,11776,11776,11776,11776,11776,11776,11776,11776,11776,11776,11776,11776,11776,11776,11776,11776,11776,11776,11776,11776,11776,11776,11776,11776,11776,11776,11776,11776,11776,11776,11776,11776,11776,11776,11776,11776,11776,11776,11776,11776,11776,11776,11776,11776,11776,11776,11776,11776,11776,11776,11776,11776,11776,11776,11776,11776,11776,11776,11776,11776,11776,11776,11776,11776,11776,11776,11776,11776,11776,11776,11776,11776,11776,11776,11776,11776,11776,11776,11776,11776,11776,11776,11776,11776,11776,11776,11776,11776,11776,11776,11776,11776,11776,11776,11776,11776,11776,11776,,,,,,,,,
CT2-2:KW,(                ),kW,0.0,0.0,0.0,0.0,0.0,0.0,0.0,0.0,0.0,0.0,0.0,0.0,0.0,0.0,0.0,0.0,0.0,0.0,0.0,0.0,0.0,0.0,0.0,0.0,0.0,0.0,0.0,0.0,0.0,0.0,0.0,0.0,0.0,0.0,0.0,0.0,0.0,0.0,0.0,0.0,0.0,0.0,0.0,0.0,0.0,0.0,0.0,0.0,0.0,0.0,0.0,0.0,0.0,0.0,0.0,0.0,0.0,0.0,0.0,0.0,0.0,0.0,0.0,0.0,0.0,0.0,0.0,0.0,0.0,0.0,0.0,0.0,0.0,0.0,0.0,0.0,0.0,0.0,0.0,0.0,0.0,0.0,0.0,0.0,0.0,0.0,0.0,0.0,0.0,0.0,0.0,0.0,0.0,0.0,0.0,0.0,0.0,0.0,0.0,0.0,0.0,0.0,0.0,0.0,0.0,0.0,0.0,0.0,0.0,0.0,0.0,0.0,0.0,0.0,0.0,0.0,0.0,0.0,0.0,0.0,0.0,0.0,0.0,0.0,0.0,0.0,0.0,0.0,0.0,0.0,0.0,0.0,0.0,0.0,0.0,,,,,,,,,
CT2-3.KWH,(度數            ),kW h,11588,11588,11588,11588,11588,11588,11588,11588,11588,11588,11588,11588,11588,11588,11588,11588,11588,11588,11588,11588,11588,11588,11588,11588,11588,11588,11588,11588,11588,11588,11588,11588,11588,11588,11588,11588,11588,11588,11588,11588,11588,11588,11588,11588,11588,11588,11588,11588,11588,11588,11588,11588,11588,11588,11588,11588,11588,11588,11588,11588,11588,11588,11588,11588,11588,11588,11588,11588,11588,11588,11588,11588,11588,11588,11588,11588,11588,11588,11588,11588,11588,11588,11588,11588,11588,11588,11588,11588,11588,11588,11588,11588,11588,11588,11588,11588,11588,11588,11588,11588,11588,11588,11588,11588,11588,11588,11588,11588,11588,11588,11588,11588,11588,11588,11588,11588,11588,11588,11588,11588,11588,11588,11588,11588,11588,11588,11588,11588,11588,11588,11588,11588,11588,11588,11588,,,,,,,,,
CT2-3:KW,(                ),kW,0.0,0.0,0.0,0.0,0.0,0.0,0.0,0.0,0.0,0.0,0.0,0.0,0.0,0.0,0.0,0.0,0.0,0.0,0.0,0.0,0.0,0.0,0.0,0.0,0.0,0.0,0.0,0.0,0.0,0.0,0.0,0.0,0.0,0.0,0.0,0.0,0.0,0.0,0.0,0.0,0.0,0.0,0.0,0.0,0.0,0.0,0.0,0.0,0.0,0.0,0.0,0.0,0.0,0.0,0.0,0.0,0.0,0.0,0.0,0.0,0.0,0.0,0.0,0.0,0.0,0.0,0.0,0.0,0.0,0.0,0.0,0.0,0.0,0.0,0.0,0.0,0.0,0.0,0.0,0.0,0.0,0.0,0.0,0.0,0.0,0.0,0.0,0.0,0.0,0.0,0.0,0.0,0.0,0.0,0.0,0.0,0.0,0.0,0.0,0.0,0.0,0.0,0.0,0.0,0.0,0.0,0.0,0.0,0.0,0.0,0.0,0.0,0.0,0.0,0.0,0.0,0.0,0.0,0.0,0.0,0.0,0.0,0.0,0.0,0.0,0.0,0.0,0.0,0.0,0.0,0.0,0.0,0.0,0.0,0.0,,,,,,,,,
CT2-4.KWH,(度數            ),kW h,11935,11935,11935,11935,11935,11935,11935,11935,11935,11935,11935,11935,11935,11935,11935,11935,11935,11935,11935,11935,11935,11935,11935,11935,11935,11935,11935,11935,11935,11935,11935,11935,11935,11935,11935,11935,11935,11935,11935,11935,11935,11935,11935,11935,11935,11935,11935,11935,11935,11935,11935,11935,11935,11935,11935,11935,11935,11935,11935,11935,11935,11935,11935,11935,11935,11935,11935,11935,11935,11935,11935,11935,11935,11935,11935,11935,11935,11935,11935,11935,11935,11935,11935,11935,11935,11935,11935,11935,11935,11935,11935,11935,11935,11935,11935,11935,11935,11935,11935,11935,11935,11935,11935,11935,11935,11935,11935,11935,11935,11935,11935,11935,11935,11935,11935,11935,11935,11935,11935,11935,11935,11935,11935,11935,11935,11935,11935,11935,11935,11935,11935,11935,11935,11935,11935,,,,,,,,,
CT2-4:KW,(                ),kW,0.0,0.0,0.0,0.0,0.0,0.0,0.0,0.0,0.0,0.0,0.0,0.0,0.0,0.0,0.0,0.0,0.0,0.0,0.0,0.0,0.0,0.0,0.0,0.0,0.0,0.0,0.0,0.0,0.0,0.0,0.0,0.0,0.0,0.0,0.0,0.0,0.0,0.0,0.0,0.0,0.0,0.0,0.0,0.0,0.0,0.0,0.0,0.0,0.0,0.0,0.0,0.0,0.0,0.0,0.0,0.0,0.0,0.0,0.0,0.0,0.0,0.0,0.0,0.0,0.0,0.0,0.0,0.0,0.0,0.0,0.0,0.0,0.0,0.0,0.0,0.0,0.0,0.0,0.0,0.0,0.0,0.0,0.0,0.0,0.0,0.0,0.0,0.0,0.0,0.0,0.0,0.0,0.0,0.0,0.0,0.0,0.0,0.0,0.0,0.0,0.0,0.0,0.0,0.0,0.0,0.0,0.0,0.0,0.0,0.0,0.0,0.0,0.0,0.0,0.0,0.0,0.0,0.0,0.0,0.0,0.0,0.0,0.0,0.0,0.0,0.0,0.0,0.0,0.0,0.0,0.0,0.0,0.0,0.0,0.0,,,,,,,,,
CT2-ALL.KW,(冷卻水塔系統功率),,0.0,0.0,0.0,0.0,0.0,0.0,0.0,0.0,0.0,0.0,0.0,0.0,0.0,0.0,0.0,0.0,0.0,0.0,0.0,0.0,0.0,0.0,0.0,0.0,0.0,0.0,0.0,0.0,0.0,0.0,0.0,0.0,0.0,0.0,0.0,0.0,0.0,0.0,0.0,0.0,0.0,0.0,0.0,0.0,0.0,0.0,0.0,0.0,0.0,0.0,0.0,0.0,0.0,0.0,0.0,0.0,0.0,0.0,0.0,0.0,0.0,0.0,0.0,0.0,0.0,0.0,0.0,0.0,0.0,0.0,0.0,0.0,0.0,0.0,0.0,0.0,0.0,0.0,0.0,0.0,0.0,0.0,0.0,0.0,0.0,0.0,0.0,0.0,0.0,0.0,0.0,0.0,0.0,0.0,0.0,0.0,0.0,0.0,0.0,0.0,0.0,0.0,0.0,0.0,0.0,0.0,0.0,0.0,0.0,0.0,0.0,0.0,0.0,0.0,0.0,0.0,0.0,0.0,0.0,0.0,0.0,0.0,0.0,0.0,0.0,0.0,0.0,0.0,0.0,0.0,0.0,0.0,0.0,0.0,0.0,,,,,,,,,
CT2-ALL.KWH,(度數            ),kW h,47408,47408,47408,47408,47408,47408,47408,47408,47408,47408,47408,47408,47408,47408,47408,47408,47408,47408,47408,47408,47408,47408,47408,47408,47408,47408,47408,47408,47408,47408,47408,47408,47408,47408,47408,47408,47408,47408,47408,47408,47408,47408,47408,47408,47408,47408,47408,47408,47408,47408,47408,47408,47408,47408,47408,47408,47408,47408,47408,47408,47408,47408,47408,47408,47408,47408,47408,47408,47408,47408,47408,47408,47408,47408,47408,47408,47408,47408,47408,47408,47408,47408,47408,47408,47408,47408,47408,47408,47408,47408,47408,47408,47408,47408,47408,47408,47408,47408,47408,47408,47408,47408,47408,47408,47408,47408,47408,47408,47408,47408,47408,47408,47408,47408,47408,47408,47408,47408,47408,47408,47408,47408,47408,47408,47408,47408,47408,47408,47408,47408,47408,47408,47408,47408,47408,,,,,,,,,
CT3-1.KWH,(度數            ),kW h,6605,6605,6605,6605,6605,6605,6605,6605,6605,6605,6605,6605,6605,6605,6605,6605,6605,6605,6605,6605,6605,6605,6605,6605,6605,6605,6605,6605,6605,6605,6605,6605,6605,6605,6605,6605,6605,6605,6605,6605,6605,6605,6605,6605,6605,6605,6605,6605,6605,6605,6605,6605,6605,6605,6605,6605,6605,6605,6605,6605,6605,6605,6605,6605,6605,6605,6605,6605,6605,6605,6605,6605,6605,6605,6605,6605,6605,6605,6605,6605,6605,6605,6605,6605,6605,6605,6605,6605,6605,6605,6605,6605,6605,6605,6605,6605,6605,6605,6605,6605,6605,6605,6605,6605,6605,6605,6605,6605,6605,6605,6605,6605,6605,6605,6605,6605,6605,6605,6605,6605,6605,6605,6605,6605,6605,6605,6605,6605,6605,6605,6605,6605,6605,6605,6605,,,,,,,,,
CT3-1:KW,(                ),kW,0.0,0.0,0.0,0.0,0.0,0.0,0.0,0.0,0.0,0.0,0.0,0.0,0.0,0.0,0.0,0.0,0.0,0.0,0.0,0.0,0.0,0.0,0.0,0.0,0.0,0.0,0.0,0.0,0.0,0.0,0.0,0.0,0.0,0.0,0.0,0.0,0.0,0.0,0.0,0.0,0.0,0.0,0.0,0.0,0.0,0.0,0.0,0.0,0.0,0.0,0.0,0.0,0.0,0.0,0.0,0.0,0.0,0.0,0.0,0.0,0.0,0.0,0.0,0.0,0.0,0.0,0.0,0.0,0.0,0.0,0.0,0.0,0.0,0.0,0.0,0.0,0.0,0.0,0.0,0.0,0.0,0.0,0.0,0.0,0.0,0.0,0.0,0.0,0.0,0.0,0.0,0.0,0.0,0.0,0.0,0.0,0.0,0.0,0.0,0.0,0.0,0.0,0.0,0.0,0.0,0.0,0.0,0.0,0.0,0.0,0.0,0.0,0.0,0.0,0.0,0.0,0.0,0.0,0.0,0.0,0.0,0.0,0.0,0.0,0.0,0.0,0.0,0.0,0.0,0.0,0.0,0.0,0.0,0.0,0.0,,,,,,,,,
CT3-2.KWH,(度數            ),kW h,7731,7731,7731,7731,7731,7731,7731,7731,7731,7731,7731,7731,7731,7731,7731,7731,7731,7731,7731,7731,7731,7731,7731,7731,7731,7731,7731,7731,7731,7731,7731,7731,7731,7731,7731,7731,7731,7731,7731,7731,7731,7731,7731,7731,7731,7731,7731,7731,7731,7731,7731,7731,7731,7731,7731,7732,7732,7732,7733,7734,7735,7737,7738,7739,7740,7741,7742,7743,7744,7745,7746,7747,7748,7749,7750,7751,7752,7753,7754,7756,7757,7758,7759,7760,7761,7762,7763,7764,7765,7766,7767,7768,7769,7770,7771,7772,7773,7775,7776,7777,7778,7779,7780,7781,7782,7783,7784,7785,7786,7787,7788,7789,7790,7791,7793,7794,7795,7796,7797,7798,7799,7800,7801,7802,7803,7804,7805,7806,7806,7806,7806,7806,7806,7806,7806,,,,,,,,,
CT3-2:KW,(                ),kW,0.0,0.0,0.0,0.0,0.0,0.0,0.0,0.0,0.0,0.0,0.0,0.0,0.0,0.0,0.0,0.0,0.0,0.0,0.0,0.0,0.0,0.0,0.0,0.0,0.0,0.0,0.0,0.0,0.0,0.0,0.0,0.0,0.0,0.0,0.0,0.0,0.0,0.0,0.0,0.0,0.0,0.0,0.0,0.0,0.0,0.0,0.0,0.0,0.0,0.0,0.0,0.0,0.0,0.0,0.0,6.5,1.3,6.3,6.2,6.3,6.4,6.3,6.4,6.4,6.3,6.4,6.3,6.4,6.2,6.3,6.3,6.3,6.3,6.3,6.3,6.4,6.2,6.3,6.4,6.3,6.4,6.4,6.3,6.3,6.3,6.3,6.3,6.4,6.4,6.3,6.3,6.3,6.4,6.4,6.3,6.3,6.3,6.3,6.3,6.3,6.4,6.5,6.4,6.4,6.4,6.4,6.5,6.4,6.3,6.3,6.4,6.4,6.3,6.2,6.4,6.3,6.4,6.4,6.4,6.3,6.3,6.2,6.4,6.3,6.4,6.4,6.4,0.0,0.0,0.0,0.0,0.0,0.0,0.0,0.0,,,,,,,,,
CT3-3.KWH,(度數            ),kW h,8082,8082,8082,8082,8082,8082,8082,8082,8082,8082,8082,8082,8082,8082,8082,8082,8082,8082,8082,8082,8082,8082,8082,8082,8082,8082,8082,8082,8082,8082,8082,8082,8082,8082,8082,8082,8082,8082,8082,8082,8082,8082,8082,8082,8082,8082,8082,8082,8082,8082,8082,8082,8082,8082,8082,8083,8083,8084,8085,8086,8087,8088,8089,8090,8091,8092,8093,8095,8096,8097,8097,8099,8100,8101,8102,8103,8104,8105,8106,8108,8109,8110,8111,8112,8113,8114,8115,8116,8117,8118,8119,8120,8121,8123,8124,8125,8126,8127,8128,8129,8130,8131,8132,8133,8134,8136,8137,8138,8139,8140,8141,8142,8143,8144,8145,8146,8147,8149,8150,8151,8152,8153,8154,8155,8156,8157,8158,8159,8159,8159,8159,8159,8159,8159,8159,,,,,,,,,
CT3-3:KW,(                ),kW,0.0,0.0,0.0,0.0,0.0,0.0,0.0,0.0,0.0,0.0,0.0,0.0,0.0,0.0,0.0,0.0,0.0,0.0,0.0,0.0,0.0,0.0,0.0,0.0,0.0,0.0,0.0,0.0,0.0,0.0,0.0,0.0,0.0,0.0,0.0,0.0,0.0,0.0,0.0,0.0,0.0,0.0,0.0,0.0,0.0,0.0,0.0,0.0,0.0,0.0,0.0,0.0,0.0,0.0,0.0,6.7,1.3,6.6,6.6,6.3,6.4,6.5,6.5,6.4,6.5,6.4,6.5,6.5,6.5,6.4,6.5,6.5,6.4,6.5,6.5,6.4,6.5,6.5,6.4,6.6,6.4,6.5,6.5,6.5,6.5,6.5,6.5,6.4,6.4,6.4,6.4,6.5,6.5,6.5,6.5,6.6,6.5,6.5,6.4,6.4,6.5,6.5,6.6,6.6,6.5,6.5,6.4,6.5,6.5,6.5,6.6,6.6,6.5,6.5,6.6,6.5,6.6,6.5,6.5,6.6,6.6,6.5,6.3,6.6,6.5,6.5,6.5,0.0,0.0,0.0,0.0,0.0,0.0,0.0,0.0,,,,,,,,,
CT3-4.KWH,(度數            ),kW h,8136,8136,8136,8136,8136,8136,8136,8136,8136,8136,8136,8136,8136,8136,8136,8136,8136,8136,8136,8136,8136,8136,8136,8136,8136,8136,8136,8136,8136,8136,8136,8136,8136,8136,8136,8136,8136,8136,8136,8136,8136,8136,8136,8136,8136,8136,8136,8136,8136,8136,8136,8136,8136,8136,8136,8137,8137,8138,8139,8140,8141,8142,8143,8144,8145,8146,8147,8148,8149,8150,8151,8153,8154,8155,8156,8157,8158,8159,8160,8161,8162,8163,8164,8165,8166,8167,8169,8170,8171,8172,8173,8174,8175,8176,8177,8178,8179,8180,8181,8182,8183,8185,8186,8187,8188,8189,8190,8191,8192,8193,8194,8195,8196,8197,8198,8199,8201,8202,8203,8204,8205,8206,8207,8208,8209,8210,8211,8212,8212,8212,8212,8212,8212,8212,8212,,,,,,,,,
CT3-4:KW,(                ),kW,0.0,0.0,0.0,0.0,0.0,0.0,0.0,0.0,0.0,0.0,0.0,0.0,0.0,0.0,0.0,0.0,0.0,0.0,0.0,0.0,0.0,0.0,0.0,0.0,0.0,0.0,0.0,0.0,0.0,0.0,0.0,0.0,0.0,0.0,0.0,0.0,0.0,0.0,0.0,0.0,0.0,0.0,0.0,0.0,0.0,0.0,0.0,0.0,0.0,0.0,0.0,0.0,0.0,0.0,0.0,6.6,1.3,6.5,6.4,6.4,6.4,6.4,6.4,6.4,6.3,6.4,6.4,6.4,6.4,6.5,6.5,6.4,6.4,6.4,6.3,6.3,6.4,6.4,6.3,6.3,6.5,6.4,6.5,6.4,6.4,6.3,6.4,6.4,6.3,6.3,6.4,6.2,6.4,6.5,6.4,6.3,6.4,6.4,6.3,6.4,6.3,6.4,6.2,6.4,6.4,6.4,6.4,6.5,6.4,6.5,6.4,6.6,6.4,6.4,6.5,6.5,6.4,6.4,6.4,6.5,6.5,6.6,6.4,6.5,6.5,6.4,6.5,0.0,0.0,0.0,0.0,0.0,0.0,0.0,0.0,,,,,,,,,
CT3-ALL.KW,(冷卻水塔系統功率),,0.0,0.0,0.0,0.0,0.0,0.0,0.0,0.0,0.0,0.0,0.0,0.0,0.0,0.0,0.0,0.0,0.0,0.0,0.0,0.0,0.0,0.0,0.0,0.0,0.0,0.0,0.0,0.0,0.0,0.0,0.0,0.0,0.0,0.0,0.0,0.0,0.0,0.0,0.0,0.0,0.0,0.0,0.0,0.0,0.0,0.0,0.0,0.0,0.0,0.0,0.0,0.0,0.0,0.0,0.0,19.8,3.9,19.3,19.2,19.1,19.2,19.2,19.3,19.2,19.2,19.2,19.2,19.3,19.1,19.3,19.3,19.2,19.2,19.3,19.2,19.2,19.1,19.2,19.1,19.2,19.3,19.3,19.3,19.2,19.2,19.2,19.2,19.2,19.1,19.1,19.1,19.0,19.2,19.3,19.2,19.3,19.2,19.3,19.1,19.1,19.2,19.4,19.2,19.4,19.3,19.2,19.3,19.3,19.3,19.4,19.3,19.5,19.2,19.2,19.4,19.4,19.4,19.3,19.3,19.3,19.4,19.3,19.1,19.4,19.4,19.3,19.5,0.0,0.0,0.0,0.0,0.0,0.0,0.0,0.0,,,,,,,,,
CT3-ALL.KWH,(度數            ),kW h,30556,30556,30556,30556,30556,30556,30556,30556,30556,30556,30556,30556,30556,30556,30556,30556,30556,30556,30556,30556,30556,30556,30556,30556,30556,30556,30556,30556,30556,30556,30556,30556,30556,30556,30556,30556,30556,30556,30556,30556,30556,30556,30556,30556,30556,30556,30556,30556,30556,30556,30556,30556,30556,30556,30556,30558,30559,30560,30563,30567,30570,30573,30576,30579,30583,30586,30589,30592,30595,30599,30600,30605,30608,30611,30615,30618,30621,30624,30627,30631,30634,30637,30640,30643,30647,30650,30653,30656,30659,30663,30666,30669,30672,30675,30679,30682,30685,30688,30691,30695,30698,30701,30704,30707,30711,30714,30717,30720,30723,30727,30730,30733,30736,30739,30743,30746,30749,30752,30756,30759,30762,30765,30769,30772,30775,30778,30781,30784,30784,30784,30784,30784,30784,30784,30784,,,,,,,,,
CT4-1.KWH,(度數            ),kW h,14335,14335,14335,14335,14335,14335,14335,14335,14335,14335,14335,14335,14335,14335,14335,14335,14335,14335,14335,14335,14335,14335,14335,14335,14335,14335,14335,14335,14335,14335,14335,14335,14335,14335,14335,14335,14335,14335,14335,14335,14335,14335,14335,14335,14335,14335,14335,14335,14335,14335,14335,14335,14335,14335,14335,14335,14336,14337,14338,14339,14340,14341,14342,14343,14344,14345,14347,14348,14349,14350,14350,14352,14353,14354,14355,14356,14358,14359,14360,14361,14362,14363,14364,14365,14366,14367,14369,14370,14371,14372,14373,14374,14375,14376,14377,14378,14380,14381,14382,14383,14384,14385,14386,14387,14388,14390,14391,14392,14393,14394,14395,14396,14397,14398,14400,14401,14402,14403,14404,14405,14406,14407,14408,14409,14411,14412,14413,14414,14415,14416,14417,14418,14419,14420,14422,,,,,,,,,
CT4-1:KW,(                ),kW,0.0,0.0,0.0,0.0,0.0,0.0,0.0,0.0,0.0,0.0,0.0,0.0,0.0,0.0,0.0,0.0,0.0,0.0,0.0,0.0,0.0,0.0,0.0,0.0,0.0,0.0,0.0,0.0,0.0,0.0,0.0,0.0,0.0,0.0,0.0,0.0,0.0,0.0,0.0,0.0,0.0,0.0,0.0,0.0,0.0,0.0,0.0,0.0,0.0,0.0,0.0,0.0,0.0,0.0,0.0,1.2,1.1,6.8,6.8,6.7,6.7,6.6,6.7,6.7,6.6,6.7,6.7,6.6,6.6,6.6,6.6,6.6,6.5,6.6,6.5,6.8,6.7,6.6,6.7,6.7,6.6,6.6,6.7,6.6,6.6,6.6,6.5,6.7,6.7,6.4,6.8,6.5,6.7,6.6,6.6,6.6,6.7,6.5,6.6,6.8,6.7,6.6,6.7,6.6,6.5,6.7,6.6,6.7,6.7,6.7,6.7,6.7,6.7,6.5,6.6,6.7,6.6,6.6,6.5,6.5,6.6,6.7,6.5,6.6,6.6,6.6,6.6,6.6,6.5,6.6,6.7,6.6,6.6,6.5,0.0,,,,,,,,,
CT4-2.KWH,(度數            ),kW h,8779,8779,8779,8779,8779,8779,8779,8779,8779,8779,8779,8779,8779,8779,8779,8779,8779,8779,8779,8779,8779,8779,8779,8779,8779,8779,8779,8779,8779,8779,8779,8779,8779,8779,8779,8779,8779,8779,8779,8779,8779,8779,8779,8779,8779,8779,8779,8779,8779,8779,8779,8779,8779,8779,8779,8779,8779,8780,8780,8781,8781,8782,8783,8783,8784,8784,8785,8785,8786,8786,8787,8788,8788,8789,8789,8790,8790,8791,8791,8792,8793,8793,8794,8794,8795,8795,8796,8796,8797,8797,8798,8799,8799,8800,8800,8801,8801,8802,8803,8803,8804,8804,8805,8805,8806,8806,8807,8808,8808,8809,8809,8810,8810,8811,8811,8812,8813,8813,8814,8814,8815,8815,8816,8816,8817,8818,8818,8819,8819,8820,8820,8821,8822,8822,8823,,,,,,,,,
CT4-2:KW,(                ),kW,0.0,0.0,0.0,0.0,0.0,0.0,0.0,0.0,0.0,0.0,0.0,0.0,0.0,0.0,0.0,0.0,0.0,0.0,0.0,0.0,0.0,0.0,0.0,0.0,0.0,0.0,0.0,0.0,0.0,0.0,0.0,0.0,0.0,0.0,0.0,0.0,0.0,0.0,0.0,0.0,0.0,0.0,0.0,0.0,0.0,0.0,0.0,0.0,0.0,0.0,0.0,0.0,0.0,0.0,0.0,0.7,0.8,3.2,3.4,3.3,3.3,3.4,3.5,3.3,3.2,3.5,3.2,3.5,3.3,3.4,3.3,3.3,3.3,3.4,3.3,3.3,3.3,3.3,3.2,3.2,3.2,3.4,3.5,3.3,3.2,3.5,3.3,3.3,3.4,3.4,3.3,3.2,3.6,3.4,3.4,3.3,3.4,3.2,3.2,3.4,3.2,3.4,3.4,3.3,3.4,3.3,3.2,3.2,3.3,3.5,3.2,3.5,3.4,3.5,3.6,3.2,3.2,3.3,3.3,3.5,3.2,3.3,3.4,3.4,3.4,3.2,3.4,3.3,3.3,3.2,3.2,3.5,3.3,3.5,0.0,,,,,,,,,
CT4-3.KWH,(度數            ),kW h,13612,13612,13612,13612,13612,13612,13612,13612,13612,13612,13612,13612,13612,13612,13612,13612,13612,13612,13612,13612,13612,13612,13612,13612,13612,13612,13612,13612,13612,13612,13612,13612,13612,13612,13612,13612,13612,13612,13612,13612,13612,13612,13612,13612,13612,13612,13612,13612,13612,13612,13612,13612,13612,13612,13612,13613,13613,13614,13615,13616,13617,13618,13619,13620,13621,13622,13623,13625,13626,13627,13627,13629,13630,13631,13632,13633,13634,13635,13636,13637,13639,13640,13641,13642,13643,13644,13645,13646,13647,13648,13649,13650,13651,13652,13653,13655,13656,13657,13658,13659,13660,13661,13662,13663,13664,13665,13666,13667,13668,13670,13671,13672,13673,13674,13675,13676,13677,13678,13679,13680,13681,13682,13684,13685,13686,13687,13688,13689,13690,13691,13692,13693,13694,13695,13696,,,,,,,,,
CT4-3:KW,(                ),kW,0.0,0.0,0.0,0.0,0.0,0.0,0.0,0.0,0.0,0.0,0.0,0.0,0.0,0.0,0.0,0.0,0.0,0.0,0.0,0.0,0.0,0.0,0.0,0.0,0.0,0.0,0.0,0.0,0.0,0.0,0.0,0.0,0.0,0.0,0.0,0.0,0.0,0.0,0.0,0.0,0.0,0.0,0.0,0.0,0.0,0.0,0.0,0.0,0.0,0.0,0.0,0.0,0.0,0.0,0.0,1.1,1.1,6.6,6.4,6.4,6.6,6.5,6.3,6.3,6.3,6.4,6.5,6.5,6.5,6.6,6.5,6.5,6.4,6.3,6.6,6.5,6.6,6.4,6.7,6.2,6.4,6.6,6.4,6.3,6.4,6.4,6.4,6.4,6.3,6.4,6.5,6.4,6.6,6.5,6.4,6.3,6.4,6.4,6.4,6.5,6.4,6.4,6.3,6.4,6.5,6.4,6.6,6.5,6.4,6.5,6.5,6.5,6.5,6.5,6.4,6.5,6.4,6.4,6.3,6.4,6.5,6.5,6.5,6.5,6.5,6.4,6.5,6.5,6.5,6.5,6.5,6.4,6.5,6.5,0.0,,,,,,,,,
CT4-4.KWH,(度數            ),kW h,11701,11701,11701,11701,11701,11701,11701,11701,11701,11701,11701,11701,11701,11701,11701,11701,11701,11701,11701,11701,11701,11701,11701,11701,11701,11701,11701,11701,11701,11701,11701,11701,11701,11701,11701,11701,11701,11701,11701,11701,11701,11701,11701,11701,11701,11701,11701,11701,11701,11701,11701,11701,11701,11701,11701,11702,11702,11703,11704,11705,11706,11707,11708,11709,11710,11712,11713,11714,11715,11716,11716,11718,11719,11720,11721,11722,11724,11725,11726,11727,11728,11729,11730,11731,11732,11733,11734,11736,11737,11738,11739,11740,11741,11742,11743,11744,11745,11746,11748,11749,11750,11751,11752,11753,11754,11755,11756,11757,11759,11760,11761,11762,11763,11764,11765,11766,11767,11768,11769,11771,11772,11773,11774,11775,11776,11777,11778,11779,11780,11782,11783,11784,11785,11786,11787,,,,,,,,,
CT4-4:KW,(                ),kW,0.0,0.0,0.0,0.0,0.0,0.0,0.0,0.0,0.0,0.0,0.0,0.0,0.0,0.0,0.0,0.0,0.0,0.0,0.0,0.0,0.0,0.0,0.0,0.0,0.0,0.0,0.0,0.0,0.0,0.0,0.0,0.0,0.0,0.0,0.0,0.0,0.0,0.0,0.0,0.0,0.0,0.0,0.0,0.0,0.0,0.0,0.0,0.0,0.0,0.0,0.0,0.0,0.0,0.0,0.0,1.2,1.2,6.5,6.6,6.3,6.6,6.7,6.7,6.6,6.7,6.6,6.5,6.4,6.4,6.8,6.5,6.7,6.4,6.6,6.5,6.3,6.5,6.4,6.6,6.6,6.4,6.7,6.6,6.5,6.4,6.6,6.6,6.4,6.6,6.4,6.5,6.5,6.6,6.6,6.5,6.6,6.6,6.7,6.6,6.5,6.4,6.6,6.6,6.7,6.6,6.9,6.7,6.6,6.7,6.8,6.5,6.4,6.3,6.5,6.4,6.7,6.7,6.6,6.4,6.7,6.6,6.7,6.7,6.7,6.7,6.5,6.4,6.5,6.6,6.6,6.7,6.4,7.0,6.6,0.0,,,,,,,,,
CT4-ALL.KW,(冷卻水塔系統功率),,0.0,0.0,0.0,0.0,0.0,0.0,0.0,0.0,0.0,0.0,0.0,0.0,0.0,0.0,0.0,0.0,0.0,0.0,0.0,0.0,0.0,0.0,0.0,0.0,0.0,0.0,0.0,0.0,0.0,0.0,0.0,0.0,0.0,0.0,0.0,0.0,0.0,0.0,0.0,0.0,0.0,0.0,0.0,0.0,0.0,0.0,0.0,0.0,0.0,0.0,0.0,0.0,0.0,0.0,0.0,4.2,4.3,23.1,23.1,22.7,23.2,23.3,23.2,22.9,22.8,23.2,22.9,23.1,22.8,23.5,22.9,23.0,22.6,22.9,22.9,22.9,23.1,22.6,23.3,22.7,22.6,23.3,23.1,22.7,22.6,23.1,22.7,22.9,23.1,22.5,23.1,22.5,23.5,23.1,22.9,22.8,23.3,22.8,22.9,23.2,22.6,23.0,23.0,23.1,22.8,23.3,23.0,23.0,23.1,23.5,22.9,23.0,23.0,23.0,23.1,23.2,23.0,23.0,22.6,23.2,22.9,23.1,23.1,23.2,23.2,22.6,22.9,22.9,22.9,22.9,23.1,23.0,23.3,23.2,0.0,,,,,,,,,
CT4-ALL.KWH,(度數            ),kW h,48428,48428,48428,48428,48428,48428,48428,48428,48428,48428,48428,48428,48428,48428,48428,48428,48428,48428,48428,48428,48428,48428,48428,48428,48428,48428,48428,48428,48428,48428,48428,48428,48428,48428,48428,48428,48428,48428,48428,48428,48428,48428,48428,48428,48428,48428,48428,48428,48428,48428,48428,48428,48428,48428,48428,48430,48431,48434,48438,48442,48446,48450,48454,48457,48461,48465,48469,48473,48476,48480,48482,48488,48492,48496,48499,48503,48507,48511,48515,48519,48522,48526,48530,48534,48538,48542,48545,48549,48553,48557,48561,48564,48568,48572,48576,48580,48583,48587,48591,48595,48599,48603,48606,48610,48614,48618,48622,48626,48629,48633,48637,48641,48645,48649,48653,48656,48660,48664,48668,48672,48676,48679,48683,48687,48691,48695,48699,48702,48706,48710,48714,48718,48722,48725,48729,,,,,,,,,
CT5-1.KWH,(度數            ),kW h,14924,14924,14924,14924,14924,14924,14924,14924,14924,14924,14924,14924,14924,14924,14924,14924,14924,14924,14924,14924,14924,14924,14924,14924,14924,14924,14924,14924,14924,14924,14924,14924,14924,14924,14924,14924,14924,14924,14924,14924,14924,14924,14924,14924,14924,14924,14924,14924,14924,14924,14924,14924,14924,14924,14924,14924,14924,14924,14924,14924,14924,14924,14924,14924,14924,14924,14924,14924,14924,14924,14924,14924,14924,14924,14924,14924,14924,14924,14924,14924,14924,14924,14924,14924,14924,14924,14924,14924,14924,14924,14924,14924,14924,14924,14924,14924,14924,14924,14924,14924,14924,14924,14924,14924,14924,14924,14924,14924,14924,14924,14924,14924,14924,14924,14924,14924,14924,14924,14924,14924,14924,14924,14924,14924,14924,14924,14924,14924,14924,14924,14924,14924,14924,14924,14924,,,,,,,,,
CT5-1:KW,(                ),kW,0.0,0.0,0.0,0.0,0.0,0.0,0.0,0.0,0.0,0.0,0.0,0.0,0.0,0.0,0.0,0.0,0.0,0.0,0.0,0.0,0.0,0.0,0.0,0.0,0.0,0.0,0.0,0.0,0.0,0.0,0.0,0.0,0.0,0.0,0.0,0.0,0.0,0.0,0.0,0.0,0.0,0.0,0.0,0.0,0.0,0.0,0.0,0.0,0.0,0.0,0.0,0.0,0.0,0.0,0.0,0.0,0.0,0.0,0.0,0.0,0.0,0.0,0.0,0.0,0.0,0.0,0.0,0.0,0.0,0.0,0.0,0.0,0.0,0.0,0.0,0.0,0.0,0.0,0.0,0.0,0.0,0.0,0.0,0.0,0.0,0.0,0.0,0.0,0.0,0.0,0.0,0.0,0.0,0.0,0.0,0.0,0.0,0.0,0.0,0.0,0.0,0.0,0.0,0.0,0.0,0.0,0.0,0.0,0.0,0.0,0.0,0.0,0.0,0.0,0.0,0.0,0.0,0.0,0.0,0.0,0.0,0.0,0.0,0.0,0.0,0.0,0.0,0.0,0.0,0.0,0.0,0.0,0.0,0.0,0.0,,,,,,,,,
CT5-2.KWH,(度數            ),kW h,14275,14275,14275,14275,14275,14275,14275,14275,14275,14275,14275,14275,14275,14275,14275,14275,14275,14275,14275,14275,14275,14275,14275,14275,14275,14275,14275,14275,14275,14275,14275,14275,14275,14275,14275,14275,14275,14275,14275,14275,14275,14275,14275,14275,14275,14275,14275,14275,14275,14275,14275,14275,14275,14275,14275,14275,14275,14275,14275,14275,14275,14275,14275,14275,14275,14275,14275,14275,14275,14275,14275,14275,14275,14275,14275,14275,14275,14275,14275,14275,14275,14275,14275,14275,14275,14275,14275,14275,14275,14275,14275,14275,14275,14275,14275,14275,14275,14275,14275,14275,14275,14275,14275,14275,14275,14275,14275,14275,14275,14275,14275,14275,14275,14275,14275,14275,14275,14275,14275,14275,14275,14275,14275,14275,14275,14275,14275,14275,14275,14275,14275,14275,14275,14275,14275,,,,,,,,,
CT5-2:KW,(                ),kW,0.0,0.0,0.0,0.0,0.0,0.0,0.0,0.0,0.0,0.0,0.0,0.0,0.0,0.0,0.0,0.0,0.0,0.0,0.0,0.0,0.0,0.0,0.0,0.0,0.0,0.0,0.0,0.0,0.0,0.0,0.0,0.0,0.0,0.0,0.0,0.0,0.0,0.0,0.0,0.0,0.0,0.0,0.0,0.0,0.0,0.0,0.0,0.0,0.0,0.0,0.0,0.0,0.0,0.0,0.0,0.0,0.0,0.0,0.0,0.0,0.0,0.0,0.0,0.0,0.0,0.0,0.0,0.0,0.0,0.0,0.0,0.0,0.0,0.0,0.0,0.0,0.0,0.0,0.0,0.0,0.0,0.0,0.0,0.0,0.0,0.0,0.0,0.0,0.0,0.0,0.0,0.0,0.0,0.0,0.0,0.0,0.0,0.0,0.0,0.0,0.0,0.0,0.0,0.0,0.0,0.0,0.0,0.0,0.0,0.0,0.0,0.0,0.0,0.0,0.0,0.0,0.0,0.0,0.0,0.0,0.0,0.0,0.0,0.0,0.0,0.0,0.0,0.0,0.0,0.0,0.0,0.0,0.0,0.0,0.0,,,,,,,,,
CT5-3.KWH,(度數            ),kW h,12997,12997,12997,12997,12997,12997,12997,12997,12997,12997,12997,12997,12997,12997,12997,12997,12997,12997,12997,12997,12997,12997,12997,12997,12997,12997,12997,12997,12997,12997,12997,12997,12997,12997,12997,12997,12997,12997,12997,12997,12997,12997,12997,12997,12997,12997,12997,12997,12997,12997,12997,12997,12997,12997,12997,12997,12997,12997,12997,12997,12997,12997,12997,12997,12997,12997,12997,12997,12997,12997,12997,12997,12997,12997,12997,12997,12997,12997,12997,12997,12997,12997,12997,12997,12997,12997,12997,12997,12997,12997,12997,12997,12997,12997,12997,12997,12997,12997,12997,12997,12997,12997,12997,12997,12997,12997,12997,12997,12997,12997,12997,12997,12997,12997,12997,12997,12997,12997,12997,12997,12997,12997,12997,12997,12997,12997,12997,12997,12997,12997,12997,12997,12997,12997,12997,,,,,,,,,
CT5-3:KW,(                ),kW,0.0,0.0,0.0,0.0,0.0,0.0,0.0,0.0,0.0,0.0,0.0,0.0,0.0,0.0,0.0,0.0,0.0,0.0,0.0,0.0,0.0,0.0,0.0,0.0,0.0,0.0,0.0,0.0,0.0,0.0,0.0,0.0,0.0,0.0,0.0,0.0,0.0,0.0,0.0,0.0,0.0,0.0,0.0,0.0,0.0,0.0,0.0,0.0,0.0,0.0,0.0,0.0,0.0,0.0,0.0,0.0,0.0,0.0,0.0,0.0,0.0,0.0,0.0,0.0,0.0,0.0,0.0,0.0,0.0,0.0,0.0,0.0,0.0,0.0,0.0,0.0,0.0,0.0,0.0,0.0,0.0,0.0,0.0,0.0,0.0,0.0,0.0,0.0,0.0,0.0,0.0,0.0,0.0,0.0,0.0,0.0,0.0,0.0,0.0,0.0,0.0,0.0,0.0,0.0,0.0,0.0,0.0,0.0,0.0,0.0,0.0,0.0,0.0,0.0,0.0,0.0,0.0,0.0,0.0,0.0,0.0,0.0,0.0,0.0,0.0,0.0,0.0,0.0,0.0,0.0,0.0,0.0,0.0,0.0,0.0,,,,,,,,,
CT5-4.KWH,(度數            ),kW h,14429,14429,14429,14429,14429,14429,14429,14429,14429,14429,14429,14429,14429,14429,14429,14429,14429,14429,14429,14429,14429,14429,14429,14429,14429,14429,14429,14429,14429,14429,14429,14429,14429,14429,14429,14429,14429,14429,14429,14429,14429,14429,14429,14429,14429,14429,14429,14429,14429,14429,14429,14429,14429,14429,14429,14429,14429,14429,14429,14429,14429,14429,14429,14429,14429,14429,14429,14429,14429,14429,14429,14429,14429,14429,14429,14429,14429,14429,14429,14429,14429,14429,14429,14429,14429,14429,14429,14429,14429,14429,14429,14429,14429,14429,14429,14429,14429,14429,14429,14429,14429,14429,14429,14429,14429,14429,14429,14429,14429,14429,14429,14429,14429,14429,14429,14429,14429,14429,14429,14429,14429,14429,14429,14429,14429,14429,14429,14429,14429,14429,14429,14429,14429,14429,14429,,,,,,,,,
CT5-4:KW,(                ),kW,0.0,0.0,0.0,0.0,0.0,0.0,0.0,0.0,0.0,0.0,0.0,0.0,0.0,0.0,0.0,0.0,0.0,0.0,0.0,0.0,0.0,0.0,0.0,0.0,0.0,0.0,0.0,0.0,0.0,0.0,0.0,0.0,0.0,0.0,0.0,0.0,0.0,0.0,0.0,0.0,0.0,0.0,0.0,0.0,0.0,0.0,0.0,0.0,0.0,0.0,0.0,0.0,0.0,0.0,0.0,0.0,0.0,0.0,0.0,0.0,0.0,0.0,0.0,0.0,0.0,0.0,0.0,0.0,0.0,0.0,0.0,0.0,0.0,0.0,0.0,0.0,0.0,0.0,0.0,0.0,0.0,0.0,0.0,0.0,0.0,0.0,0.0,0.0,0.0,0.0,0.0,0.0,0.0,0.0,0.0,0.0,0.0,0.0,0.0,0.0,0.0,0.0,0.0,0.0,0.0,0.0,0.0,0.0,0.0,0.0,0.0,0.0,0.0,0.0,0.0,0.0,0.0,0.0,0.0,0.0,0.0,0.0,0.0,0.0,0.0,0.0,0.0,0.0,0.0,0.0,0.0,0.0,0.0,0.0,0.0,,,,,,,,,
CT5-ALL.KW,(冷卻水塔系統功率),,0.0,0.0,0.0,0.0,0.0,0.0,0.0,0.0,0.0,0.0,0.0,0.0,0.0,0.0,0.0,0.0,0.0,0.0,0.0,0.0,0.0,0.0,0.0,0.0,0.0,0.0,0.0,0.0,0.0,0.0,0.0,0.0,0.0,0.0,0.0,0.0,0.0,0.0,0.0,0.0,0.0,0.0,0.0,0.0,0.0,0.0,0.0,0.0,0.0,0.0,0.0,0.0,0.0,0.0,0.0,0.0,0.0,0.0,0.0,0.0,0.0,0.0,0.0,0.0,0.0,0.0,0.0,0.0,0.0,0.0,0.0,0.0,0.0,0.0,0.0,0.0,0.0,0.0,0.0,0.0,0.0,0.0,0.0,0.0,0.0,0.0,0.0,0.0,0.0,0.0,0.0,0.0,0.0,0.0,0.0,0.0,0.0,0.0,0.0,0.0,0.0,0.0,0.0,0.0,0.0,0.0,0.0,0.0,0.0,0.0,0.0,0.0,0.0,0.0,0.0,0.0,0.0,0.0,0.0,0.0,0.0,0.0,0.0,0.0,0.0,0.0,0.0,0.0,0.0,0.0,0.0,0.0,0.0,0.0,0.0,,,,,,,,,
CT5-ALL.KWH,(度數            ),kW h,56627,56627,56627,56627,56627,56627,56627,56627,56627,56627,56627,56627,56627,56627,56627,56627,56627,56627,56627,56627,56627,56627,56627,56627,56627,56627,56627,56627,56627,56627,56627,56627,56627,56627,56627,56627,56627,56627,56627,56627,56627,56627,56627,56627,56627,56627,56627,56627,56627,56627,56627,56627,56627,56627,56627,56627,56627,56627,56627,56627,56627,56627,56627,56627,56627,56627,56627,56627,56627,56627,56627,56627,56627,56627,56627,56627,56627,56627,56627,56627,56627,56627,56627,56627,56627,56627,56627,56627,56627,56627,56627,56627,56627,56627,56627,56627,56627,56627,56627,56627,56627,56627,56627,56627,56627,56627,56627,56627,56627,56627,56627,56627,56627,56627,56627,56627,56627,56627,56627,56627,56627,56627,56627,56627,56627,56627,56627,56627,56627,56627,56627,56627,56627,56627,56627,,,,,,,,,
CTB1-ALL.KW,(冷卻水塔系統功率),,8.2,8.2,8.2,8.2,8.2,8.2,8.2,8.2,8.2,8.2,8.2,8.2,8.2,8.2,8.2,8.2,8.2,8.2,8.2,8.2,8.2,8.2,8.2,8.2,8.2,8.2,8.2,8.2,8.2,8.2,8.2,8.2,8.2,8.2,8.2,8.2,8.2,8.2,8.2,8.2,8.2,8.2,8.2,8.2,8.2,8.2,8.2,8.2,8.2,8.2,8.2,8.2,8.2,8.2,8.2,8.2,8.2,8.2,8.2,8.2,8.2,8.2,8.2,8.2,8.2,8.2,8.2,8.2,8.2,8.2,8.2,8.2,8.2,8.2,8.2,8.2,8.2,8.2,8.2,8.2,8.2,8.2,8.2,8.2,8.2,8.2,8.2,8.2,8.2,8.2,8.2,8.2,8.2,8.2,8.2,8.2,8.2,8.2,8.2,8.2,8.2,8.2,8.2,8.2,8.2,8.2,8.2,8.2,8.2,8.2,8.2,8.2,8.2,8.2,8.2,8.2,8.2,8.2,8.2,8.2,8.2,8.2,8.2,8.2,8.2,8.2,8.2,8.2,8.2,8.2,8.2,8.2,8.2,8.2,8.2,,,,,,,,,
ZP1F7:KW,(                ),kW,0.0,0.0,0.0,0.0,0.0,0.0,0.0,0.0,0.0,0.0,0.0,0.0,0.0,0.0,0.0,0.0,0.0,0.0,0.0,0.0,0.0,0.0,0.0,0.0,0.0,0.0,0.0,0.0,0.0,0.0,0.0,0.0,0.0,0.0,0.0,0.0,0.0,0.0,0.0,0.0,0.0,0.0,0.0,0.0,0.0,0.0,0.0,0.0,0.0,0.0,0.0,15.4,15.9,15.8,15.8,16.1,7.2,6.5,8.7,8.7,8.8,8.9,8.8,9.3,8.8,8.4,8.9,9.0,8.8,8.8,8.7,8.2,8.6,8.6,8.9,8.7,8.9,8.5,8.5,9.1,8.5,8.2,9.3,8.7,8.1,8.5,8.6,8.5,8.6,8.5,8.6,8.2,8.8,8.3,8.3,9.0,8.2,8.5,8.5,8.3,8.8,8.4,8.7,8.5,9.0,8.9,8.9,9.5,9.2,8.8,9.7,8.9,8.6,9.4,9.2,9.1,8.9,9.1,8.9,9.1,9.7,9.2,9.0,9.9,9.5,8.9,8.5,8.4,8.8,8.9,8.9,8.9,14.0,16.0,9.7,,,,,,,,,
ZP1F7:KWH,(                ),,595134,595134,595134,595134,595134,595134,595134,595134,595134,595134,595134,595134,595134,595134,595134,595134,595134,595134,595134,595134,595134,595134,595134,595134,595134,595134,595134,595134,595134,595134,595134,595134,595134,595134,595134,595134,595134,595134,595134,595134,595134,595134,595134,595134,595134,595134,595134,595134,595134,595134,595134,595135,595137,595140,595142,595145,595147,595148,595150,595151,595152,595154,595155,595157,595158,595160,595161,595163,595164,595166,595167,595168,595170,595172,595173,595174,595176,595177,595179,595180,595182,595183,595184,595186,595187,595189,595190,595191,595193,595195,595196,595197,595199,595200,595202,595203,595204,595206,595207,595209,595210,595212,595213,595214,595216,595217,595219,595220,595222,595223,595225,595226,595228,595229,595231,595232,595234,595236,595237,595238,595240,595242,595243,595245,595246,595248,595249,595251,595252,595253,595255,595257,595258,595261,595263,,,,,,,,,
ZP2F7:KW,(                ),kW,0.0,0.0,0.0,0.0,0.0,0.0,0.0,0.0,0.0,0.0,0.0,0.0,0.0,0.0,0.0,0.0,0.0,0.0,0.0,0.0,0.0,0.0,0.0,0.0,0.0,0.0,0.0,0.0,0.0,0.0,0.0,0.0,0.0,0.0,0.0,0.0,0.0,0.0,0.0,0.0,0.0,0.0,0.0,0.0,0.0,0.0,0.0,0.0,0.0,0.0,0.0,0.0,0.0,0.0,0.0,0.0,7.1,6.5,8.7,8.7,8.8,8.8,8.9,9.3,8.8,8.3,8.9,9.0,8.8,8.8,8.6,8.2,8.5,8.5,8.9,8.6,8.7,8.5,8.6,9.0,8.4,8.1,9.3,8.6,8.1,8.5,8.4,8.4,8.5,8.5,8.6,8.2,8.8,8.3,8.3,9.0,8.0,8.4,8.5,8.3,8.6,8.3,8.6,8.5,8.8,8.8,8.9,9.3,9.0,8.7,9.6,8.8,8.5,9.5,9.0,9.3,8.8,9.0,8.9,9.1,9.7,9.2,9.0,9.7,9.4,8.7,8.7,8.3,8.7,9.0,8.9,8.8,14.1,16.0,9.6,,,,,,,,,
ZP2F7:KWH,(                ),,530473,530473,530473,530473,530473,530473,530473,530473,530473,530473,530473,530473,530473,530473,530473,530473,530473,530473,530473,530473,530473,530473,530473,530473,530473,530473,530473,530473,530473,530473,530473,530473,530473,530473,530473,530473,530473,530473,530473,530473,530473,530473,530473,530473,530473,530473,530473,530473,530473,530473,530473,530473,530473,530473,530473,530473,530474,530475,530476,530478,530479,530481,530482,530484,530485,530487,530488,530490,530491,530493,530493,530495,530497,530498,530500,530501,530503,530504,530505,530507,530508,530510,530511,530512,530514,530515,530517,530518,530520,530521,530522,530524,530525,530527,530528,530530,530531,530532,530534,530535,530537,530538,530539,530541,530542,530544,530545,530547,530548,530550,530551,530553,530554,530556,530557,530559,530560,530562,530563,530565,530566,530568,530569,530571,530572,530574,530576,530577,530578,530580,530581,530583,530585,530587,530589,,,,,,,,,
ZP3F7:KW,(                ),kW,16.2,16.2,16.4,16.1,16.2,16.3,16.2,16.2,16.2,16.1,16.3,16.3,16.2,16.2,16.3,16.2,16.2,16.1,16.3,16.1,16.2,0.0,0.0,0.0,0.0,0.0,0.0,0.0,0.0,0.0,0.0,0.0,0.0,0.0,0.0,0.0,0.0,0.0,0.0,0.0,0.0,0.0,0.0,0.0,0.0,0.0,0.0,0.0,0.0,0.0,16.0,0.0,0.0,0.0,0.0,0.0,7.0,6.3,0.0,0.0,0.0,0.0,0.0,0.0,0.0,0.0,0.0,0.0,0.0,0.0,0.0,0.0,0.0,0.0,0.0,0.0,0.0,0.0,0.0,0.0,0.0,0.0,0.0,0.0,0.0,0.0,0.0,0.0,0.0,0.0,0.0,0.0,0.0,0.0,0.0,0.0,0.0,0.0,0.0,0.0,0.0,0.0,0.0,0.0,0.0,0.0,0.0,0.0,0.0,0.0,0.0,0.0,0.0,0.0,0.0,0.0,0.0,0.0,0.0,0.0,0.0,0.0,0.0,0.0,0.0,0.0,0.0,0.0,0.0,0.0,0.0,0.0,0.0,0.0,0.0,,,,,,,,,
ZP3F7:KWH,(                ),,324198,324201,324203,324206,324209,324211,324214,324217,324220,324222,324225,324228,324230,324233,324236,324239,324241,324244,324247,324249,324252,324254,324254,324254,324254,324254,324254,324254,324254,324254,324254,324254,324254,324254,324254,324254,324254,324254,324254,324254,324254,324254,324254,324254,324254,324254,324254,324254,324254,324254,324255,324257,324257,324257,324257,324257,324257,324259,324259,324259,324259,324259,324259,324259,324259,324259,324259,324259,324259,324259,324259,324259,324259,324259,324259,324259,324259,324259,324259,324259,324259,324259,324259,324259,324259,324259,324259,324259,324259,324259,324259,324259,324259,324259,324259,324259,324259,324259,324259,324259,324259,324259,324259,324259,324259,324259,324259,324259,324259,324259,324259,324259,324259,324259,324259,324259,324259,324259,324259,324259,324259,324259,324259,324259,324259,324259,324259,324259,324259,324259,324259,324259,324259,324259,324259,,,,,,,,,
ZP4F7:KW,(                ),kW,0.0,0.0,0.0,0.0,0.0,0.0,0.0,0.0,0.0,0.0,0.0,0.0,0.0,0.0,0.0,0.0,0.0,0.0,0.0,0.0,0.0,0.0,0.0,0.0,0.0,0.0,0.0,0.0,0.0,0.0,0.0,0.0,0.0,0.0,0.0,0.0,0.0,0.0,0.0,0.0,0.0,0.0,0.0,0.0,0.0,0.0,0.0,0.0,0.0,0.0,0.0,18.6,18.2,11.3,9.5,11.6,10.8,11.3,11.2,11.3,11.2,11.2,11.3,11.9,11.2,10.5,10.8,10.8,10.7,10.8,11.2,10.9,10.7,10.9,10.7,10.8,11.1,10.8,10.8,11.1,10.6,10.2,11.0,10.6,10.3,10.9,10.8,10.7,10.6,10.8,11.0,10.6,11.6,10.8,10.6,11.2,10.0,10.5,10.9,10.4,10.8,10.4,10.8,10.7,11.1,10.8,10.4,11.0,10.6,10.4,11.4,10.7,10.4,11.2,10.7,10.8,10.9,10.8,10.8,10.7,11.2,10.8,10.4,11.2,10.7,10.3,10.2,9.8,10.3,10.6,10.4,10.3,0.0,0.0,18.6,,,,,,,,,
ZP4F7:KWH,(                ),,791571,791571,791571,791571,791571,791571,791571,791571,791571,791571,791571,791571,791571,791571,791571,791571,791571,791571,791571,791571,791571,791571,791571,791571,791571,791571,791571,791571,791571,791571,791571,791571,791571,791571,791571,791571,791571,791571,791571,791571,791571,791571,791571,791571,791571,791571,791571,791571,791571,791571,791571,791572,791575,791578,791579,791581,791583,791585,791587,791589,791591,791592,791594,791596,791598,791600,791602,791604,791605,791607,791608,791611,791613,791615,791616,791618,791620,791622,791624,791625,791627,791629,791631,791632,791634,791636,791638,791639,791641,791643,791645,791647,791649,791650,791652,791654,791656,791658,791659,791661,791663,791665,791667,791668,791670,791672,791674,791675,791677,791679,791681,791683,791684,791686,791688,791690,791692,791693,791695,791697,791699,791701,791702,791704,791706,791708,791710,791711,791713,791714,791716,791718,791719,791719,791720,,,,,,,,,
ZP5F7:KW,(                ),kW,0.0,0.0,0.0,0.0,0.0,0.0,0.0,0.0,0.0,0.0,0.0,0.0,0.0,0.0,0.0,0.0,0.0,0.0,0.0,0.0,0.0,0.0,0.0,0.0,0.0,0.0,0.0,0.0,0.0,0.0,0.0,0.0,0.0,0.0,0.0,0.0,0.0,0.0,0.0,0.0,0.0,0.0,0.0,0.0,0.0,0.0,0.0,0.0,0.0,0.0,0.0,0.0,0.0,11.6,9.7,12.2,10.8,11.5,11.3,11.4,11.3,11.5,11.4,12.0,11.4,10.6,11.1,10.9,10.9,10.9,11.2,11.0,11.0,11.0,10.9,10.9,11.4,10.9,11.1,11.1,10.7,10.4,11.3,10.9,10.4,11.0,10.9,10.8,10.8,11.1,11.1,10.7,11.4,11.0,10.7,11.2,10.2,10.7,11.0,10.3,10.8,10.8,10.8,10.8,11.1,10.9,10.7,11.2,10.9,10.4,11.7,11.0,10.6,11.4,10.9,11.0,11.0,10.8,10.9,10.9,11.4,10.9,10.5,11.3,10.9,10.4,10.3,9.7,10.4,10.7,10.5,10.5,0.0,0.0,0.0,,,,,,,,,
ZP5F7:KWH,(                ),,722077,722077,722077,722077,722077,722077,722077,722077,722077,722077,722077,722077,722077,722077,722077,722077,722077,722077,722077,722077,722077,722077,722077,722077,722077,722077,722077,722077,722077,722077,722077,722077,722077,722077,722077,722077,722077,722077,722077,722077,722077,722077,722077,722077,722077,722077,722077,722077,722077,722077,722077,722077,722077,722078,722080,722082,722084,722086,722088,722089,722091,722093,722095,722097,722099,722101,722103,722104,722106,722108,722109,722112,722114,722116,722117,722119,722121,722123,722125,722126,722128,722130,722132,722134,722136,722137,722139,722141,722143,722145,722146,722148,722150,722152,722154,722156,722157,722159,722161,722163,722165,722166,722168,722170,722172,722174,722176,722177,722179,722181,722183,722184,722186,722188,722190,722192,722194,722196,722197,722199,722201,722203,722204,722206,722208,722210,722212,722213,722215,722217,722219,722220,722221,722221,722221,,,,,,,,,
ZP6F7:KW,(                ),kW,0.0,0.0,0.0,0.0,0.0,0.0,0.0,0.0,0.0,0.0,0.0,0.0,0.0,0.0,0.0,0.0,0.0,0.0,0.0,0.0,0.0,0.0,0.0,0.0,0.0,0.0,0.0,0.0,0.0,0.0,0.0,0.0,0.0,0.0,0.0,0.0,0.0,0.0,0.0,0.0,0.0,0.0,0.0,0.0,0.0,0.0,0.0,0.0,0.0,0.0,16.9,0.0,0.0,0.0,0.0,0.0,0.0,0.0,0.0,0.0,0.0,0.0,0.0,0.0,0.0,0.0,0.0,0.0,0.0,0.0,0.0,0.0,0.0,0.0,0.0,0.0,0.0,0.0,0.0,0.0,0.0,0.0,0.0,0.0,0.0,0.0,0.0,0.0,0.0,0.0,0.0,0.0,0.0,0.0,0.0,0.0,0.0,0.0,0.0,0.0,0.0,0.0,0.0,0.0,0.0,0.0,0.0,0.0,0.0,0.0,0.0,0.0,0.0,0.0,0.0,0.0,0.0,0.0,0.0,0.0,0.0,0.0,0.0,0.0,0.0,0.0,0.0,0.0,0.0,0.0,0.0,0.0,0.0,0.0,0.0,,,,,,,,,
ZP6F7:KWH,(                ),,335827,335827,335827,335827,335827,335827,335827,335827,335827,335827,335827,335827,335827,335827,335827,335827,335827,335827,335827,335827,335827,335827,335827,335827,335827,335827,335827,335827,335827,335827,335827,335827,335827,335827,335827,335827,335827,335827,335827,335827,335827,335827,335827,335827,335827,335827,335827,335827,335827,335827,335828,335830,335830,335830,335830,335830,335830,335830,335830,335830,335830,335830,335830,335830,335830,335830,335830,335830,335830,335830,335830,335830,335830,335830,335830,335830,335830,335830,335830,335830,335830,335830,335830,335830,335830,335830,335830,335830,335830,335830,335830,335830,335830,335830,335830,335830,335830,335830,335830,335830,335830,335830,335830,335830,335830,335830,335830,335830,335830,335830,335830,335830,335830,335830,335830,335830,335830,335830,335830,335830,335830,335830,335830,335830,335830,335830,335830,335830,335830,335830,335830,335830,335830,335830,335830,,,,,,,,,
ZP7F7:KW,(                ),kW,0.0,0.0,0.0,0.0,0.0,0.0,0.0,0.0,0.0,0.0,0.0,0.0,0.0,0.0,0.0,0.0,0.0,0.0,0.0,0.0,0.0,0.0,0.0,0.0,0.0,0.0,0.0,0.0,0.0,0.0,0.0,0.0,0.0,0.0,0.0,0.0,0.0,0.0,0.0,0.0,0.0,0.0,0.0,0.0,0.0,0.0,0.0,0.0,0.0,0.0,0.0,0.0,8.4,10.8,13.1,15.4,8.8,8.6,8.4,13.8,13.4,8.6,12.3,15.5,8.7,7.5,15.4,10.6,8.5,15.0,15.4,9.0,13.2,13.0,8.9,12.1,15.5,8.9,12.1,15.5,9.5,7.9,15.3,9.9,8.0,15.5,10.9,8.8,13.8,11.9,9.1,7.9,15.4,9.3,7.8,15.4,8.9,8.0,8.4,7.9,15.4,11.6,8.6,10.9,15.3,9.0,12.4,15.4,9.4,7.9,15.5,9.6,7.8,15.6,10.1,8.6,13.8,13.2,8.8,11.8,15.4,8.8,7.7,15.4,10.3,7.8,15.3,12.7,8.2,11.7,15.5,8.8,0.0,0.0,15.8,,,,,,,,,
ZP7F7:KWH,(                ),,424926,424926,424926,424926,424926,424926,424926,424926,424926,424926,424926,424926,424926,424926,424926,424926,424926,424926,424926,424926,424926,424926,424926,424926,424926,424926,424926,424926,424926,424926,424926,424926,424926,424926,424926,424926,424926,424926,424926,424926,424926,424926,424926,424926,424926,424926,424926,424926,424926,424926,424926,424926,424927,424928,424930,424933,424935,424936,424938,424939,424942,424944,424945,424947,424949,424951,424952,424955,424956,424958,424959,424962,424964,424966,424968,424969,424972,424974,424975,424977,424979,424981,424983,424985,424987,424988,424991,424992,424994,424997,424998,425000,425002,425004,425005,425007,425009,425011,425012,425013,425015,425018,425019,425020,425023,425025,425026,425029,425030,425032,425034,425036,425038,425040,425042,425043,425045,425047,425049,425051,425053,425055,425056,425058,425060,425062,425064,425066,425068,425069,425072,425074,425075,425075,425076,,,,,,,,,
ZP8F7:KW,(                ),kW,0.0,0.0,0.0,0.0,0.0,0.0,0.0,0.0,0.0,0.0,0.0,0.0,0.0,0.0,0.0,0.0,0.0,0.0,0.0,0.0,0.0,0.0,0.0,0.0,0.0,0.0,0.0,0.0,0.0,0.0,0.0,0.0,0.0,0.0,0.0,0.0,0.0,0.0,0.0,0.0,0.0,0.0,0.0,0.0,0.0,0.0,0.0,0.0,0.0,0.0,0.0,0.0,8.6,0.0,0.0,0.0,9.2,8.9,9.0,0.0,13.5,9.0,0.0,0.2,9.1,7.7,0.0,11.1,9.0,0.0,0.0,9.4,0.0,13.5,9.3,0.0,7.3,9.4,0.0,0.0,10.0,8.2,0.0,10.5,8.4,0.0,11.4,9.3,0.0,12.6,9.4,8.3,0.0,9.6,8.2,0.0,9.2,8.3,8.6,8.1,0.0,12.0,9.0,0.0,0.3,9.4,0.0,0.0,9.8,8.1,0.0,9.9,8.1,0.0,10.7,9.0,0.0,13.9,9.1,0.0,0.5,9.2,8.2,0.0,10.6,8.2,0.0,13.2,8.7,0.0,0.0,9.2,0.0,0.0,0.0,,,,,,,,,
ZP8F7:KWH,(                ),,445300,445300,445300,445300,445300,445300,445300,445300,445300,445300,445300,445300,445300,445300,445300,445300,445300,445300,445300,445300,445300,445300,445300,445300,445300,445300,445300,445300,445300,445300,445300,445300,445300,445300,445300,445300,445300,445300,445300,445300,445300,445300,445300,445300,445300,445300,445300,445300,445300,445300,445300,445300,445301,445302,445302,445302,445303,445305,445306,445307,445307,445309,445310,445310,445312,445313,445314,445314,445316,445317,445317,445319,445320,445320,445322,445323,445323,445325,445326,445326,445328,445329,445330,445331,445332,445333,445334,445335,445337,445337,445339,445340,445340,445342,445343,445343,445345,445346,445348,445349,445350,445351,445352,445354,445354,445355,445357,445357,445358,445360,445360,445361,445363,445363,445364,445366,445367,445367,445369,445370,445370,445372,445373,445374,445375,445376,445377,445377,445379,445380,445380,445381,445382,445382,445382,,,,,,,,,
ZP9F7:KW,(                ),kW,0.0,0.0,0.0,0.0,0.0,0.0,0.0,0.0,0.0,0.0,0.0,0.0,0.0,0.0,0.0,0.0,0.0,0.0,0.0,0.0,0.0,0.0,0.0,0.0,0.0,0.0,0.0,0.0,0.0,0.0,0.0,0.0,0.0,0.0,0.0,0.0,0.0,0.0,0.0,0.0,0.0,0.0,0.0,0.0,0.0,0.0,0.0,0.0,0.0,0.0,15.5,15.6,0.0,0.0,0.0,0.0,0.0,0.0,0.0,0.0,0.0,0.0,0.0,0.0,0.0,0.0,0.0,0.0,0.0,0.0,0.0,0.0,0.0,0.0,0.0,0.0,0.0,0.0,0.0,0.0,0.0,0.0,0.0,0.0,0.0,0.0,0.0,0.0,0.0,0.0,0.0,0.0,0.0,0.0,0.0,0.0,0.0,0.0,0.0,0.0,0.0,0.0,0.0,0.0,0.0,0.0,0.0,0.0,0.0,0.0,0.0,0.0,0.0,0.0,0.0,0.0,0.0,0.0,0.0,0.0,0.0,0.0,0.0,0.0,0.0,0.0,0.0,0.0,0.0,0.0,0.0,0.0,0.0,0.0,0.0,,,,,,,,,
ZP9F7:KWH,(                ),,246317,246317,246317,246317,246317,246317,246317,246317,246317,246317,246317,246317,246317,246317,246317,246317,246317,246317,246317,246317,246317,246317,246317,246317,246317,246317,246317,246317,246317,246317,246317,246317,246317,246317,246317,246317,246317,246317,246317,246317,246317,246317,246317,246317,246317,246317,246317,246317,246317,246317,246317,246320,246321,246321,246321,246321,246321,246321,246321,246321,246321,246321,246321,246321,246321,246321,246321,246321,246321,246321,246321,246321,246321,246321,246321,246321,246321,246321,246321,246321,246321,246321,246321,246321,246321,246321,246321,246321,246321,246321,246321,246321,246321,246321,246321,246321,246321,246321,246321,246321,246321,246321,246321,246321,246321,246321,246321,246321,246321,246321,246321,246321,246321,246321,246321,246321,246321,246321,246321,246321,246321,246321,246321,246321,246321,246321,246321,246321,246321,246321,246321,246321,246321,246321,246321,,,,,,,,,
ZP10F7:KW,(                ),kW,0.0,0.0,0.0,0.0,0.0,0.0,0.0,0.0,0.0,0.0,0.0,0.0,0.0,0.0,0.0,0.0,0.0,0.0,0.0,0.0,0.0,0.0,0.0,0.0,0.0,0.0,0.0,0.0,0.0,0.0,0.0,0.0,0.0,0.0,0.0,0.0,0.0,0.0,0.0,0.0,0.0,0.0,0.0,0.0,0.0,0.0,0.0,0.0,0.0,0.0,0.0,0.0,0.0,0.0,15.8,15.4,13.6,14.5,14.2,14.3,14.3,14.2,13.8,14.4,13.6,13.6,13.4,12.9,13.7,13.2,14.0,13.7,13.3,13.7,13.7,13.3,14.0,13.8,13.3,14.3,13.5,13.1,14.2,13.3,13.2,13.9,13.3,13.7,13.6,13.2,13.8,13.0,13.7,13.8,12.9,13.6,13.1,13.2,13.6,13.3,13.2,13.2,13.6,13.2,13.8,13.3,12.9,13.9,13.0,12.7,13.2,13.0,12.7,13.5,13.3,13.0,13.1,12.9,12.7,12.7,13.2,13.0,12.1,13.5,12.8,12.4,12.8,12.2,12.4,13.2,12.4,12.7,0.0,0.0,23.2,,,,,,,,,
ZP10F7:KWH,(                ),,564563,564563,564563,564563,564563,564563,564563,564563,564563,564563,564563,564563,564563,564563,564563,564563,564563,564563,564563,564563,564563,564563,564563,564563,564563,564563,564563,564563,564563,564563,564563,564563,564563,564563,564563,564563,564563,564563,564563,564563,564563,564563,564563,564563,564563,564563,564563,564563,564563,564563,564563,564563,564563,564563,564564,564567,564569,564571,564574,564576,564579,564581,564583,564585,564588,564590,564592,564595,564597,564599,564600,564603,564606,564608,564610,564613,564615,564617,564619,564622,564624,564626,564628,564631,564633,564635,564637,564639,564642,564644,564646,564648,564651,564653,564655,564658,564660,564662,564664,564667,564669,564671,564673,564675,564678,564680,564682,564684,564686,564689,564691,564693,564695,564698,564700,564702,564704,564706,564708,564710,564713,564715,564717,564719,564721,564723,564725,564728,564730,564731,564734,564736,564737,564737,564739,,,,,,,,,
ZP11F7:KW,(                ),kW,0.0,0.0,0.0,0.0,0.0,0.0,0.0,0.0,0.0,0.0,0.0,0.0,0.0,0.0,0.0,0.0,0.0,0.0,0.0,0.0,0.0,0.0,0.0,0.0,0.0,0.0,0.0,0.0,0.0,0.0,0.0,0.0,0.0,0.0,0.0,0.0,0.0,0.0,0.0,0.0,0.0,0.0,0.0,0.0,0.0,0.0,0.0,0.0,0.0,0.0,0.0,0.0,0.0,0.0,15.9,15.5,13.4,14.2,14.0,14.2,14.0,13.9,13.6,14.2,13.3,13.4,13.2,12.8,13.3,12.9,13.8,13.5,13.0,13.4,13.4,13.1,13.5,13.5,13.0,14.0,13.2,12.8,14.0,13.0,12.9,13.5,13.0,13.5,13.4,12.9,13.5,12.7,13.4,13.5,12.7,13.4,12.7,12.9,13.2,13.1,12.9,12.9,13.4,12.8,13.5,13.0,12.6,13.6,12.7,12.4,13.0,12.7,12.4,13.1,13.0,12.7,12.9,12.7,12.5,12.5,12.9,12.6,11.9,13.2,12.5,12.2,12.2,11.9,12.1,12.9,12.1,12.4,0.0,0.0,0.0,,,,,,,,,
ZP11F7:KWH,(                ),,414268,414268,414268,414268,414268,414268,414268,414268,414268,414268,414268,414268,414268,414268,414268,414268,414268,414268,414268,414268,414268,414268,414268,414268,414268,414268,414268,414268,414268,414268,414268,414268,414268,414268,414268,414268,414268,414268,414268,414268,414268,414268,414268,414268,414268,414268,414268,414268,414268,414268,414268,414268,414268,414268,414269,414272,414274,414276,414279,414281,414284,414286,414288,414290,414293,414295,414297,414299,414301,414303,414305,414308,414310,414313,414315,414317,414319,414321,414324,414326,414328,414330,414332,414335,414337,414339,414341,414343,414346,414348,414350,414352,414355,414357,414359,414361,414363,414365,414368,414370,414372,414374,414376,414378,414381,414383,414385,414387,414389,414391,414394,414396,414398,414400,414402,414404,414406,414408,414411,414413,414415,414417,414419,414421,414423,414425,414428,414430,414432,414433,414436,414438,414439,414439,414439,,,,,,,,,
ZP12F7:KW,(                ),kW,0.0,0.0,0.0,0.0,0.0,0.0,0.0,0.0,0.0,0.0,0.0,0.0,0.0,0.0,0.0,0.0,0.0,0.0,0.0,0.0,0.0,0.0,0.0,0.0,0.0,0.0,0.0,0.0,0.0,0.0,0.0,0.0,0.0,0.0,0.0,0.0,0.0,0.0,0.0,0.0,0.0,0.0,0.0,0.0,0.0,0.0,0.0,0.0,0.0,0.0,23.2,29.6,29.4,29.2,0.0,0.0,0.0,0.0,0.0,0.0,0.0,0.0,0.0,0.0,0.0,0.0,0.0,0.0,0.0,0.0,0.0,0.0,0.0,0.0,0.0,0.0,0.0,0.0,0.0,0.0,0.0,0.0,0.0,0.0,0.0,0.0,0.0,0.0,0.0,0.0,0.0,0.0,0.0,0.0,0.0,0.0,0.0,0.0,0.0,0.0,0.0,0.0,0.0,0.0,0.0,0.0,0.0,0.0,0.0,0.0,0.0,0.0,0.0,0.0,0.0,0.0,0.0,0.0,0.0,0.0,0.0,0.0,0.0,0.0,0.0,0.0,0.0,0.0,0.0,0.0,0.0,0.0,0.0,0.0,0.0,,,,,,,,,
ZP12F7:KWH,(                ),,252380,252380,252380,252380,252380,252380,252380,252380,252380,252380,252380,252380,252380,252380,252380,252380,252380,252380,252380,252380,252380,252380,252380,252380,252380,252380,252380,252380,252380,252380,252380,252380,252380,252380,252380,252380,252380,252380,252380,252380,252380,252380,252380,252380,252380,252380,252380,252380,252380,252380,252381,252385,252390,252395,252398,252398,252398,252398,252398,252398,252398,252398,252398,252398,252398,252398,252398,252398,252398,252398,252398,252398,252398,252398,252398,252398,252398,252398,252398,252398,252398,252398,252398,252398,252398,252398,252398,252398,252398,252398,252398,252398,252398,252398,252398,252398,252398,252398,252398,252398,252398,252398,252398,252398,252398,252398,252398,252398,252398,252398,252398,252398,252398,252398,252398,252398,252398,252398,252398,252398,252398,252398,252398,252398,252398,252398,252398,252398,252398,252398,252398,252398,252398,252398,252398,,,,,,,,,
ZP13F7:KW,(                ),kW,0.0,0.0,0.0,0.0,0.0,0.0,0.0,0.0,0.0,0.0,0.0,0.0,0.0,0.0,0.0,0.0,0.0,0.0,0.0,0.0,0.0,0.0,0.0,0.0,0.0,0.0,0.0,0.0,0.0,0.0,0.0,0.0,0.0,0.0,0.0,0.0,0.0,0.0,0.0,0.0,0.0,0.0,0.0,0.0,0.0,0.0,0.0,0.0,0.0,0.0,0.0,0.0,0.0,0.0,19.8,21.7,10.9,19.8,21.5,11.3,19.5,21.6,11.5,17.7,21.5,14.9,10.1,20.4,21.5,10.9,16.4,21.5,11.0,20.1,21.5,11.1,19.0,21.5,11.4,17.6,21.5,12.5,14.4,21.6,13.8,10.0,21.5,21.5,10.5,21.5,21.3,10.7,19.5,21.6,10.6,21.5,17.5,10.1,20.7,17.9,10.5,20.4,21.5,11.4,20.2,21.5,11.2,18.9,21.5,12.2,16.8,21.6,14.1,14.1,21.5,21.4,10.7,19.8,21.4,11.6,18.3,21.6,13.6,14.9,21.5,15.1,10.3,17.2,21.3,21.4,10.5,16.9,0.0,0.0,21.6,,,,,,,,,
ZP13F7:KWH,(                ),,535174,535174,535174,535174,535174,535174,535174,535174,535174,535174,535174,535174,535174,535174,535174,535174,535174,535174,535174,535174,535174,535174,535174,535174,535174,535174,535174,535174,535174,535174,535174,535174,535174,535174,535174,535174,535174,535174,535174,535174,535174,535174,535174,535174,535174,535174,535174,535174,535174,535174,535174,535174,535174,535174,535175,535179,535182,535184,535188,535190,535192,535196,535199,535201,535204,535208,535209,535212,535216,535218,535219,535224,535227,535229,535233,535235,535238,535241,535244,535246,535249,535253,535254,535258,535261,535263,535266,535269,535272,535275,535278,535280,535282,535287,535289,535291,535295,535297,535300,535303,535305,535308,535312,535314,535316,535320,535323,535325,535328,535331,535333,535337,535340,535342,535345,535349,535351,535353,535357,535360,535362,535365,535369,535371,535373,535377,535379,535382,535385,535388,535391,535393,535395,535395,535397,,,,,,,,,
ZP14F7:KW,(                ),kW,0.0,0.0,0.0,0.0,0.0,0.0,0.0,0.0,0.0,0.0,0.0,0.0,0.0,0.0,0.0,0.0,0.0,0.0,0.0,0.0,0.0,0.0,0.0,0.0,0.0,0.0,0.0,0.0,0.0,0.0,0.0,0.0,0.0,0.0,0.0,0.0,0.0,0.0,0.0,0.0,0.0,0.0,0.0,0.0,0.0,0.0,0.0,0.0,0.0,0.0,0.0,0.0,0.0,0.0,0.0,0.0,11.3,0.0,0.0,11.8,0.0,0.0,11.9,0.0,0.0,15.8,10.6,0.0,0.0,11.4,0.0,0.0,11.4,0.0,0.0,11.7,0.0,0.0,11.9,0.0,0.0,13.1,0.0,0.0,14.3,10.5,0.0,0.0,11.1,0.0,6.1,11.1,0.0,0.5,11.0,0.0,18.3,10.5,0.0,18.4,10.9,0.0,0.0,11.9,0.0,0.0,11.7,0.0,0.0,12.6,0.0,0.0,14.7,0.8,0.0,0.0,11.2,0.0,0.0,12.0,0.0,0.0,14.0,0.0,0.0,15.6,10.8,0.0,0.0,0.0,11.0,0.0,0.0,0.0,0.0,,,,,,,,,
ZP14F7:KWH,(                ),,369398,369398,369398,369398,369398,369398,369398,369398,369398,369398,369398,369398,369398,369398,369398,369398,369398,369398,369398,369398,369398,369398,369398,369398,369398,369398,369398,369398,369398,369398,369398,369398,369398,369398,369398,369398,369398,369398,369398,369398,369398,369398,369398,369398,369398,369398,369398,369398,369398,369398,369398,369398,369398,369398,369398,369398,369400,369401,369401,369403,369404,369404,369405,369406,369406,369407,369409,369409,369409,369411,369412,369412,369414,369414,369414,369416,369417,369417,369419,369420,369420,369421,369423,369423,369424,369426,369426,369426,369428,369428,369428,369431,369431,369431,369433,369434,369434,369436,369437,369437,369439,369440,369440,369441,369442,369442,369444,369445,369445,369446,369448,369448,369449,369451,369451,369451,369453,369453,369453,369455,369456,369456,369457,369459,369459,369459,369461,369461,369461,369461,369463,369464,369464,369464,369464,,,,,,,,,
ZP15F7:KW,(                ),kW,0.0,0.0,0.0,0.0,0.0,0.0,0.0,0.0,0.0,0.0,0.0,0.0,0.0,0.0,0.0,0.0,0.0,0.0,0.0,0.0,0.0,0.0,0.0,0.0,0.0,0.0,0.0,0.0,0.0,0.0,0.0,0.0,0.0,0.0,0.0,0.0,0.0,0.0,0.0,0.0,0.0,0.0,0.0,0.0,0.0,0.0,0.0,0.0,0.0,0.0,16.5,18.3,18.7,18.2,0.0,0.0,0.0,0.0,0.0,0.0,0.0,0.0,0.0,0.0,0.0,0.0,0.0,0.0,0.0,0.0,0.0,0.0,0.0,0.0,0.0,0.0,0.0,0.0,0.0,0.0,0.0,0.0,0.0,0.0,0.0,0.0,0.0,0.0,0.0,0.0,0.0,0.0,0.0,0.0,0.0,0.0,0.0,0.0,0.0,0.0,0.0,0.0,0.0,0.0,0.0,0.0,0.0,0.0,0.0,0.0,0.0,0.0,0.0,0.0,0.0,0.0,0.0,0.0,0.0,0.0,0.0,0.0,0.0,0.0,0.0,0.0,0.0,0.0,0.0,0.0,0.0,0.0,0.0,0.0,0.0,,,,,,,,,
ZP15F7:KWH,(                ),,222839,222839,222839,222839,222839,222839,222839,222839,222839,222839,222839,222839,222839,222839,222839,222839,222839,222839,222839,222839,222839,222839,222839,222839,222839,222839,222839,222839,222839,222839,222839,222839,222839,222839,222839,222839,222839,222839,222839,222839,222839,222839,222839,222839,222839,222839,222839,222839,222839,222839,222840,222843,222845,222849,222850,222850,222850,222850,222850,222850,222850,222850,222850,222850,222850,222850,222850,222850,222850,222850,222850,222850,222850,222850,222850,222850,222850,222850,222850,222850,222850,222850,222850,222850,222850,222850,222850,222850,222850,222850,222850,222850,222850,222850,222850,222850,222850,222850,222850,222850,222850,222850,222850,222850,222850,222850,222850,222850,222850,222850,222850,222850,222850,222850,222850,222850,222850,222850,222850,222850,222850,222850,222850,222850,222850,222850,222850,222850,222850,222850,222850,222850,222850,222850,222850,,,,,,,,,
