變數名稱,說明,單位,00:10:00,00:20:00,00:30:00,00:40:00,00:50:00,01:00:00,01:10:00,01:20:00,01:30:00,01:40:00,01:50:00,02:00:00,02:10:00,02:20:00,02:30:00,02:40:00,02:50:00,03:00:00,03:10:00,03:20:00,03:30:00,03:40:00,03:50:00,04:00:00,04:10:00,04:20:00,04:30:00,04:40:00,04:50:00,05:00:00,05:10:00,05:20:00,05:30:00,05:40:00,05:50:00,06:00:00,06:10:00,06:20:00,06:30:00,06:40:00,06:50:00,07:00:00,07:10:00,07:20:00,07:30:00,07:40:00,07:50:00,08:00:00,08:10:00,08:20:00,08:30:00,08:40:00,08:50:00,09:00:00,09:10:00,09:20:00,09:30:00,09:40:00,09:50:00,10:00:00,10:10:00,10:20:00,10:30:00,10:40:00,10:50:00,11:00:00,11:10:00,11:20:00,11:30:00,11:40:00,11:50:00,12:00:00,12:10:00,12:20:00,12:30:00,12:40:00,12:50:00,13:00:00,13:10:00,13:20:00,13:30:00,13:40:00,13:50:00,14:00:00,14:10:00,14:20:00,14:30:00,14:40:00,14:50:00,15:00:00,15:10:00,15:20:00,15:30:00,15:40:00,15:50:00,16:00:00,16:10:00,16:20:00,16:30:00,16:40:00,16:50:00,17:00:00,17:10:00,17:20:00,17:30:00,17:40:00,17:50:00,18:00:00,18:10:00,18:20:00,18:30:00,18:40:00,18:50:00,19:00:00,19:10:00,19:20:00,19:30:00,19:40:00,19:50:00,20:00:00,20:10:00,20:20:00,20:30:00,20:40:00,20:50:00,21:00:00,21:10:00,21:20:00,21:30:00,21:40:00,21:50:00,22:00:00,22:10:00,22:20:00,22:30:00,22:40:00,22:50:00,23:00:00,23:10:00,23:20:00,23:30:00,23:40:00,23:50:00,00:00:00
7F-CH-1.ST,(CH1出水溫度     ),DEG C,16.2,16.7,16.9,17.3,17.6,17.9,18.2,18.4,18.6,18.8,18.9,19.1,19.3,19.5,19.7,19.9,20.0,20.2,20.3,20.5,20.5,20.6,20.7,20.8,20.9,21.0,21.1,21.2,21.3,21.4,21.4,21.5,21.6,21.7,21.7,21.8,21.9,21.9,22.0,22.1,22.2,22.2,22.3,22.4,22.4,22.5,22.6,22.5,22.6,22.4,22.0,21.5,21.3,14.6,14.0,12.1,10.5,9.1,8.3,8.0,7.7,7.9,8.0,8.2,8.7,9.0,9.1,9.5,9.6,9.6,9.7,9.6,9.7,9.9,10.2,10.1,9.9,9.7,9.9,9.7,9.6,9.6,9.6,9.6,9.7,9.5,9.5,9.4,9.4,9.3,9.3,9.2,9.0,9.1,8.8,8.9,8.9,8.8,8.7,8.7,8.6,8.6,8.8,8.6,8.6,8.6,8.4,8.4,8.4,8.3,8.2,8.1,8.0,7.9,7.9,7.8,7.7,7.7,7.6,7.6,7.7,8.8,9.5,9.8,10.1,10.3,10.6,10.7,10.6,10.6,11.5,12.1,,,,,,,,,,,,
7F-CH-2.ST,(CH2出水溫度     ),DEG C,16.4,16.9,17.2,17.5,17.8,18.1,18.4,18.6,18.8,19.0,19.2,19.3,19.5,19.7,19.9,20.1,20.2,20.4,20.5,20.6,20.7,20.8,20.9,21.0,21.1,21.2,21.3,21.4,21.4,21.5,21.6,21.7,21.8,21.8,21.9,22.0,22.0,22.1,22.2,22.2,22.3,22.4,22.5,22.6,22.6,22.7,22.8,22.9,22.8,22.8,22.6,21.8,21.5,20.0,19.1,17.1,15.4,13.9,12.9,12.7,12.3,12.6,12.7,12.9,13.5,13.8,13.9,14.3,14.4,14.4,14.5,14.5,14.6,14.8,15.2,15.0,14.8,14.6,14.7,14.5,14.4,14.4,14.4,14.4,14.5,14.4,14.3,14.2,14.2,14.2,14.2,14.0,13.9,13.9,13.7,13.7,13.7,13.6,13.5,13.5,13.5,13.4,13.6,13.4,13.4,13.4,13.3,13.3,13.2,13.2,13.1,13.0,13.0,12.8,12.7,12.7,12.6,12.5,12.5,12.5,12.4,13.6,14.3,14.6,15.0,15.2,15.5,15.7,15.6,15.5,16.4,17.0,,,,,,,,,,,,
7F-CH-3.ST,(CH3出水溫度     ),DEG C,16.4,16.9,17.1,17.4,17.7,18.0,18.3,18.5,18.7,18.9,19.1,19.3,19.4,19.6,19.8,20.0,20.1,20.3,20.5,20.5,20.7,20.7,20.8,20.9,21.0,21.1,21.2,21.3,21.4,21.5,21.5,21.6,21.7,21.8,21.8,21.9,22.0,22.0,22.1,22.2,22.3,22.3,22.4,22.5,22.6,22.6,22.7,22.8,22.7,22.6,22.4,21.8,21.4,20.0,19.1,17.1,15.4,13.8,12.9,12.7,12.2,12.5,12.6,12.8,13.4,13.7,13.9,14.2,14.4,14.4,14.4,14.4,14.5,14.7,15.2,14.9,14.7,14.5,14.6,14.4,14.4,14.4,14.3,14.3,14.4,14.3,14.2,14.1,14.2,14.1,14.1,14.0,13.8,13.8,13.6,13.6,13.6,13.5,13.5,13.5,13.4,13.3,13.5,13.4,13.3,13.3,13.2,13.2,13.1,13.1,13.0,12.9,12.9,12.7,12.6,12.6,12.5,12.4,12.4,12.4,12.4,13.6,14.2,14.6,15.0,15.1,15.4,15.6,15.5,15.4,16.3,16.9,,,,,,,,,,,,
7F-CH-4.ST,(CH4出水溫度     ),DEG C,16.0,16.6,16.9,17.2,17.6,17.8,18.1,18.3,18.5,18.7,18.9,19.0,19.2,19.4,19.6,19.8,19.9,20.1,20.2,20.4,20.5,20.6,20.7,20.8,20.9,21.0,21.0,21.1,21.2,21.3,21.3,21.4,21.5,21.6,21.6,21.7,21.8,21.8,21.9,22.0,22.1,22.1,22.2,22.3,22.4,22.4,22.6,22.5,22.4,22.3,21.8,21.4,21.1,19.5,15.1,13.0,11.3,9.9,8.9,8.6,8.3,8.6,8.6,8.9,9.5,9.8,9.9,10.3,10.2,10.3,10.4,10.4,10.4,10.8,11.1,10.9,10.7,10.5,10.7,10.4,10.3,10.3,10.3,10.3,10.4,10.2,10.2,10.1,10.1,10.1,10.1,9.9,9.7,9.8,9.6,9.6,9.6,9.5,9.4,9.5,9.3,9.3,9.5,9.3,9.3,9.3,9.2,9.2,9.1,9.1,9.0,8.9,8.8,8.7,8.7,8.6,8.6,8.5,8.5,8.4,8.6,9.6,10.3,10.6,11.0,11.2,11.4,11.6,11.5,15.2,16.1,16.6,,,,,,,,,,,,
7F-CH-5.ST,(CH5出水溫度     ),DEG C,16.2,16.7,17.0,17.3,17.6,17.9,18.2,18.4,18.6,18.8,19.0,19.2,19.3,19.5,19.7,19.9,20.1,20.2,20.4,20.4,20.4,20.4,20.5,20.5,20.5,20.6,20.6,20.6,20.6,20.7,20.7,20.7,20.7,20.7,20.8,20.8,20.8,20.8,20.9,20.9,20.9,21.0,21.0,21.0,21.1,21.1,21.1,21.2,21.2,21.3,21.3,21.8,21.3,19.9,18.8,17.0,10.7,9.3,8.5,8.2,7.9,8.1,8.1,8.4,8.9,9.1,9.2,9.6,9.5,9.6,9.7,9.7,9.7,14.7,10.4,10.2,10.0,9.8,10.0,9.7,9.6,9.6,9.7,9.6,9.8,9.6,9.5,9.4,9.5,9.3,9.4,9.3,9.0,9.1,8.9,8.9,9.0,8.9,8.7,8.8,8.7,8.6,8.9,8.7,8.6,8.7,8.5,8.5,8.5,8.4,8.3,8.3,8.1,8.0,8.0,8.0,7.8,7.8,7.8,7.7,12.3,13.4,14.0,14.4,14.8,15.0,15.2,15.4,15.4,15.3,16.1,16.7,,,,,,,,,,,,
7F-CH.ST,(冰水總出水溫度  ),DEG C,15.9,16.6,16.9,17.3,17.6,17.9,18.1,18.3,18.5,18.7,18.9,19.1,19.3,19.5,19.7,19.8,20.0,20.2,20.3,19.9,19.9,19.9,19.8,19.9,20.0,20.2,20.2,20.3,20.4,20.5,20.7,20.8,20.8,20.9,21.0,21.0,21.1,21.2,21.3,21.3,21.4,21.4,21.5,21.6,21.7,21.8,21.8,21.9,22.0,22.1,22.1,21.6,21.2,18.1,16.6,14.7,11.9,10.4,9.5,9.3,8.9,9.2,9.2,9.5,10.1,10.3,10.4,10.8,10.8,10.8,11.0,10.9,10.9,12.4,11.6,11.4,11.2,11.0,11.2,10.9,10.9,10.9,10.9,10.8,11.0,10.8,10.7,10.6,10.7,10.6,10.7,10.5,10.3,10.4,10.1,10.1,10.2,10.1,9.9,10.1,9.9,9.8,10.1,9.8,9.8,9.9,9.7,9.7,9.7,9.6,9.5,9.5,9.3,9.2,9.2,9.2,9.0,9.0,8.9,8.9,9.9,10.9,11.6,12.0,12.3,12.5,12.8,12.9,12.7,13.8,14.7,15.2,,,,,,,,,,,,
7F-CH-1.RT,(CH1回水溫度     ),,16.2,16.7,17.1,17.4,17.7,18.0,18.3,18.5,18.7,18.9,19.1,19.2,19.4,19.6,19.8,20.0,20.1,20.3,20.4,20.6,20.7,20.7,20.8,20.9,21.0,21.1,21.2,21.3,21.4,21.5,21.5,21.6,21.7,21.8,21.8,21.9,22.0,22.0,22.1,22.2,22.3,22.3,22.4,22.5,22.5,22.6,22.7,22.7,22.6,22.5,21.9,21.5,21.3,19.7,19.0,17.0,15.3,13.8,12.8,12.5,12.1,12.5,12.6,12.8,13.4,13.7,13.8,14.3,14.2,14.3,14.4,14.4,14.4,14.7,15.1,14.9,14.7,14.5,14.6,14.4,14.3,14.3,14.3,14.3,14.4,14.2,14.2,14.1,14.1,14.1,14.0,13.9,13.7,13.8,13.6,13.6,13.6,13.5,13.4,13.4,13.3,13.3,13.5,13.3,13.3,13.3,13.2,13.2,13.1,13.0,13.0,12.8,12.8,12.7,12.6,12.6,12.5,12.4,12.4,12.4,12.4,13.5,14.2,14.5,14.9,15.1,15.4,15.6,15.5,15.4,16.3,16.9,,,,,,,,,,,,
7F-CH-2.RT,(CH2回水溫度     ),,16.5,16.9,17.2,17.6,17.9,18.2,18.4,18.6,18.8,19.0,19.2,19.4,19.6,19.8,19.9,20.1,20.3,20.4,20.6,20.7,20.8,20.9,21.0,21.1,21.2,21.3,21.4,21.4,21.5,21.6,21.7,21.7,21.8,21.9,22.0,22.0,22.1,22.1,22.2,22.3,22.4,22.5,22.5,22.6,22.7,22.7,22.9,22.8,22.8,22.6,22.2,21.6,21.5,19.8,19.1,17.0,15.4,13.9,13.0,12.5,12.3,12.6,12.7,13.0,13.5,13.9,14.0,14.4,14.3,14.4,14.5,14.5,14.6,14.9,15.2,15.0,14.8,14.6,14.7,14.5,14.4,14.4,14.4,14.4,14.5,14.4,14.3,14.2,14.2,14.2,14.1,14.0,13.8,13.9,13.7,13.7,13.7,13.6,13.5,13.5,13.5,13.4,13.6,13.4,13.5,13.3,13.3,13.3,13.2,13.2,13.1,12.9,13.0,12.8,12.7,12.7,12.6,12.5,12.6,12.5,12.5,13.7,14.3,14.7,15.1,15.2,15.5,15.7,15.6,15.6,16.4,17.0,,,,,,,,,,,,
7F-CH-3.RT,(CH3回水溫度     ),,16.4,16.8,17.1,17.5,17.8,18.1,18.3,18.6,18.7,18.9,19.1,19.3,19.5,19.7,19.9,20.0,20.2,20.3,20.5,20.7,20.7,20.8,20.9,21.0,21.1,21.2,21.3,21.4,21.4,21.5,21.6,21.7,21.7,21.8,21.9,22.0,22.0,22.1,22.2,22.2,22.3,22.4,22.5,22.5,22.6,22.7,22.8,22.7,22.7,22.5,22.1,21.6,21.4,19.8,19.1,17.0,15.3,13.8,12.9,12.5,12.2,12.5,12.6,12.9,13.4,13.8,13.9,14.3,14.3,14.4,14.4,14.5,14.5,14.8,15.2,14.9,14.7,14.5,14.7,14.4,14.4,14.4,14.3,14.4,14.4,14.3,14.2,14.1,14.2,14.2,14.1,14.0,13.8,13.8,13.6,13.7,13.6,13.6,13.5,13.5,13.4,13.3,13.5,13.3,13.4,13.3,13.2,13.2,13.1,13.1,13.0,12.9,12.9,12.7,12.6,12.6,12.6,12.4,12.5,12.4,12.4,13.6,14.2,14.6,15.0,15.2,15.5,15.6,15.5,15.5,16.3,16.9,,,,,,,,,,,,
7F-CH-4.RT,(CH4回水溫度     ),,16.4,16.8,17.2,17.5,17.8,18.1,18.4,18.6,18.8,19.0,19.1,19.3,19.5,19.7,19.9,20.1,20.2,20.4,20.5,20.7,20.7,20.8,20.9,21.0,21.1,21.2,21.3,21.4,21.5,21.5,21.6,21.7,21.8,21.8,21.9,22.0,22.0,22.1,22.2,22.3,22.3,22.4,22.5,22.6,22.6,22.7,22.8,22.7,22.7,22.6,21.9,21.5,21.4,19.7,19.1,17.0,15.3,13.9,12.9,12.5,12.2,12.5,12.7,13.0,13.5,13.8,13.9,14.4,14.2,14.4,14.4,14.5,14.5,14.8,15.2,14.9,14.7,14.6,14.7,14.5,14.4,14.4,14.4,14.4,14.5,14.3,14.3,14.1,14.2,14.2,14.1,14.0,13.8,13.8,13.7,13.7,13.7,13.6,13.5,13.5,13.4,13.3,13.5,13.3,13.5,13.3,13.2,13.2,13.1,13.1,13.0,12.9,12.9,12.7,12.7,12.6,12.6,12.4,12.5,12.4,12.5,13.6,14.2,14.6,15.0,15.2,15.5,15.6,15.5,15.5,16.3,16.9,,,,,,,,,,,,
7F-CH-5.RT,(CH5回水溫度     ),,16.3,16.6,17.0,17.4,17.7,18.0,18.2,18.4,18.6,18.8,19.0,19.2,19.4,19.5,19.7,19.9,20.1,20.2,20.4,20.4,20.4,20.4,20.5,20.5,20.5,20.6,20.6,20.6,20.6,20.6,20.7,20.7,20.7,20.8,20.8,20.9,20.9,20.9,21.0,21.0,21.1,21.1,21.1,21.2,21.2,21.3,21.3,21.4,21.4,21.4,21.5,21.4,21.2,19.6,18.7,16.9,15.2,13.8,12.9,12.4,12.2,12.5,12.5,12.9,13.4,13.7,13.7,14.2,14.0,14.1,14.2,14.2,14.2,14.7,14.9,14.7,14.5,14.3,14.5,14.3,14.1,14.1,14.2,14.1,14.3,14.1,14.0,13.9,14.0,13.9,13.9,13.8,13.5,13.6,13.5,13.4,13.4,13.4,13.2,13.3,13.2,13.1,13.3,13.1,13.2,13.1,13.0,13.0,13.0,12.9,12.8,12.7,12.7,12.5,12.5,12.5,12.3,12.3,12.4,12.2,12.3,13.4,14.0,14.4,14.8,15.0,15.2,15.4,15.3,15.3,16.1,16.7,,,,,,,,,,,,
7F-CH.RT,(冰水總回水溫度  ),DEG C,16.2,16.5,17.0,17.3,17.6,17.9,18.1,18.4,18.6,18.7,18.9,19.1,19.3,19.5,19.6,19.8,20.0,20.1,20.3,20.4,20.5,20.6,20.7,20.8,20.9,21.0,21.1,21.2,21.2,21.3,21.4,21.5,21.5,21.6,21.7,21.7,21.8,21.9,22.0,22.0,22.1,22.2,22.3,22.3,22.4,22.5,22.6,22.5,22.4,22.3,21.6,21.2,21.1,19.4,20.0,16.5,15.0,13.1,12.0,11.3,11.2,11.9,12.1,12.2,12.8,13.6,13.8,14.2,14.7,14.7,14.6,14.9,14.8,14.7,15.5,15.1,14.7,14.9,14.7,14.4,14.8,14.6,14.3,14.7,14.6,14.2,14.7,14.5,14.1,14.4,14.1,13.9,14.2,13.8,13.5,14.1,13.8,13.5,13.9,13.4,13.3,13.7,13.5,13.3,13.7,13.1,13.3,13.6,13.0,13.1,13.3,12.7,12.8,13.0,12.5,12.5,12.8,12.3,12.3,12.7,12.2,13.4,14.2,14.6,14.9,15.0,15.6,15.6,15.6,15.3,16.5,16.9,,,,,,,,,,,,
7F-CH-1.CHDT,(冰水溫差        ),DEG C,0.0,0.0,0.0,0.0,0.0,0.0,0.0,0.0,0.0,0.0,0.0,0.0,0.0,0.0,0.0,0.0,0.0,0.0,0.0,0.0,0.0,0.0,0.0,0.0,0.0,0.0,0.0,0.0,0.0,0.0,0.0,0.0,0.0,0.0,0.0,0.0,0.0,0.0,0.0,0.0,0.0,0.0,0.0,0.0,0.0,0.0,0.0,0.0,0.0,0.0,0.0,0.0,0.1,5.1,5.0,4.9,4.8,4.6,4.6,4.5,4.5,4.5,4.6,4.6,4.7,4.7,4.7,4.8,4.7,4.7,4.7,4.8,4.8,4.8,4.9,4.8,4.8,4.8,4.8,4.7,4.7,4.7,4.7,4.7,4.7,4.7,4.7,4.7,4.7,4.8,4.7,4.7,4.7,4.7,4.8,4.7,4.7,4.7,4.7,4.7,4.7,4.7,4.7,4.7,4.8,4.7,4.7,4.7,4.7,4.8,4.8,4.7,4.8,4.8,4.7,4.7,4.8,4.7,4.8,4.7,4.6,4.8,4.7,4.8,4.8,4.8,4.9,4.9,4.9,4.8,4.8,4.8,,,,,,,,,,,,
7F-CH-2.CHDT,(冰水溫差        ),DEG C,0.0,0.0,0.0,0.0,0.0,0.0,0.0,0.0,0.0,0.0,0.0,0.0,0.0,0.0,0.0,0.0,0.0,0.0,0.0,0.0,0.0,0.0,0.0,0.0,0.0,0.0,0.0,0.0,0.0,0.0,0.0,0.0,0.0,0.0,0.0,0.0,0.0,0.0,0.0,0.0,0.0,0.0,0.0,0.0,0.0,0.0,0.0,0.0,0.0,0.0,0.0,0.0,0.0,0.0,0.0,0.0,0.0,0.0,0.0,0.0,0.0,0.0,0.0,0.0,0.0,0.0,0.0,0.0,0.0,0.0,0.0,0.0,0.0,0.0,0.0,0.0,0.0,0.0,0.0,0.0,0.0,0.0,0.0,0.0,0.0,0.0,0.0,0.0,0.0,0.0,0.0,0.0,0.0,0.0,0.0,0.0,0.0,0.0,0.0,0.0,0.0,0.0,0.0,0.0,0.0,0.0,0.0,0.0,0.0,0.0,0.0,0.0,0.0,0.0,0.0,0.0,0.0,0.0,0.0,0.0,0.0,0.0,0.0,0.0,0.0,0.0,0.0,0.0,0.0,0.0,0.0,0.0,,,,,,,,,,,,
7F-CH-3.CHDT,(冰水溫差        ),DEG C,0.0,0.0,0.0,0.0,0.0,0.0,0.0,0.0,0.0,0.0,0.0,0.0,0.0,0.0,0.0,0.0,0.0,0.0,0.0,0.0,0.0,0.0,0.0,0.0,0.0,0.0,0.0,0.0,0.0,0.0,0.0,0.0,0.0,0.0,0.0,0.0,0.0,0.0,0.0,0.0,0.0,0.0,0.0,0.0,0.0,0.0,0.0,0.0,0.0,0.0,0.0,0.0,0.0,0.0,0.0,0.0,0.0,0.0,0.0,0.0,0.0,0.0,0.0,0.0,0.0,0.0,0.0,0.0,0.0,0.0,0.0,0.0,0.0,0.0,0.0,0.0,0.0,0.0,0.0,0.0,0.0,0.0,0.0,0.0,0.0,0.0,0.0,0.0,0.0,0.0,0.0,0.0,0.0,0.0,0.0,0.0,0.0,0.0,0.0,0.0,0.0,0.0,0.0,0.0,0.0,0.0,0.0,0.0,0.0,0.0,0.0,0.0,0.0,0.0,0.0,0.0,0.0,0.0,0.0,0.0,0.0,0.0,0.0,0.0,0.0,0.0,0.0,0.0,0.0,0.0,0.0,0.0,,,,,,,,,,,,
7F-CH-4.CHDT,(冰水溫差        ),DEG C,0.0,0.0,0.0,0.0,0.0,0.0,0.0,0.0,0.0,0.0,0.0,0.0,0.0,0.0,0.0,0.0,0.0,0.0,0.0,0.0,0.0,0.0,0.0,0.0,0.0,0.0,0.0,0.0,0.0,0.0,0.0,0.0,0.0,0.0,0.0,0.0,0.0,0.0,0.0,0.0,0.0,0.0,0.0,0.0,0.0,0.0,0.0,0.0,0.0,0.0,0.0,0.0,0.0,0.2,4.0,4.0,4.0,4.0,4.0,3.9,3.9,4.0,4.0,4.0,4.0,4.0,4.1,4.1,4.0,4.1,4.0,4.1,4.1,4.1,4.1,4.1,4.1,4.1,4.0,4.1,4.1,4.1,4.1,4.1,4.0,4.1,4.1,4.1,4.0,4.1,4.0,4.0,4.1,4.0,4.1,4.0,4.0,4.0,4.1,4.0,4.1,4.0,4.0,4.0,4.1,4.0,4.0,4.0,4.0,4.0,4.0,4.0,4.1,4.0,4.0,4.0,4.0,4.0,4.1,4.0,3.9,4.0,3.9,4.0,4.0,4.0,4.0,4.1,4.1,0.0,0.0,0.0,,,,,,,,,,,,
7F-CH-5.CHDT,(冰水溫差        ),DEG C,0.0,0.0,0.0,0.0,0.0,0.0,0.0,0.0,0.0,0.0,0.0,0.0,0.0,0.0,0.0,0.0,0.0,0.0,0.0,0.0,0.0,0.0,0.0,0.0,0.0,0.0,0.0,0.0,0.0,0.0,0.0,0.0,0.0,0.0,0.0,0.0,0.0,0.0,0.0,0.0,0.0,0.0,0.0,0.0,0.0,0.0,0.0,0.0,0.0,0.0,0.0,0.0,0.0,0.0, -0.1, -0.1,4.5,4.5,4.4,4.2,4.3,4.4,4.4,4.5,4.5,4.5,4.5,4.6,4.4,4.5,4.5,4.6,4.5, -0.0,4.5,4.5,4.5,4.5,4.5,4.5,4.5,4.5,4.5,4.5,4.5,4.5,4.5,4.5,4.5,4.6,4.5,4.5,4.5,4.5,4.5,4.5,4.4,4.5,4.5,4.4,4.5,4.5,4.4,4.5,4.6,4.4,4.5,4.5,4.5,4.5,4.5,4.5,4.6,4.5,4.5,4.5,4.5,4.5,4.6,4.5,0.0,0.0,0.0,0.0,0.0,0.0,0.0,0.0,0.0,0.0,0.0,0.0,,,,,,,,,,,,
7F-CHSYS.CHDT,(冰水系統溫差    ),DEG C,0.3, -0.1,0.1,0.0,0.0,0.0,0.0,0.0,0.0,0.0, -0.0,0.0,0.0,0.0, -0.0, -0.0, -0.0, -0.0, -0.0,0.6,0.6,0.7,0.9,0.9,0.9,0.8,0.9,0.9,0.8,0.8,0.7,0.7,0.8,0.7,0.7,0.7,0.7,0.7,0.7,0.7,0.7,0.8,0.8,0.7,0.7,0.8,0.7,0.6,0.4,0.2, -0.4, -0.4, -0.1,1.2,3.4,1.8,3.1,2.7,2.4,1.9,2.2,2.7,2.9,2.7,2.8,3.3,3.4,3.4,3.9,3.9,3.6,4.0,3.9,2.4,3.9,3.7,3.5,3.9,3.5,3.4,4.0,3.8,3.4,3.9,3.6,3.4,3.9,3.9,3.4,3.9,3.5,3.4,4.0,3.4,3.4,4.0,3.6,3.4,4.0,3.3,3.4,3.9,3.4,3.4,3.9,3.2,3.6,3.9,3.3,3.5,3.8,3.2,3.5,3.8,3.3,3.4,3.8,3.3,3.4,3.8,2.3,2.5,2.5,2.6,2.7,2.4,2.8,2.7,2.8,1.5,1.8,1.6,,,,,,,,,,,,
7F-CH-1.FM,(CH1水流量       ),,760,1317,1311,1295,1295,1329,1309,1358,1337,1327,1324,1307,1315,1299,1319,1299,1331,1302,1269,766,779,758,762,771,777,778,774,772,779,788,792,773,753,758,751,785,772,758,772,771,778,781,774,778,765,744,744,763,752,761,767,5843,6170,5898,6103,6185,6120,6100,6089,6142,6048,6119,6036,6090,6082,6107,6052,6132,6066,6008,6134,6010,6108,6117,6009,6176,6130,6068,6188,6107,6047,6163,6130,6034,6174,6059,6048,6088,6087,5983,6111,6058,6058,6129,6033,6138,6184,6069,6069,6122,6015,6044,6147,5994,6083,6132,5999,6046,6118,6043,6034,6166,5942,6119,6119,6127,6062,6065,5965,6075,6219,6149,6255,6241,6147,6287,6123,6182,6100,6338,6203,6314,,,,,,,,,,,,
7F-CH-2.FM,(CH2水流量       ),,21,1004,990,989,974,970,987,996,1003,1012,989,993,990,990,996,1004,995,996,965,21,20,20,21,20,21,20,21,20,21,20,20,20,20,20,20,20,20,21,20,20,20,20,20,20,18,20,20,20,20,20,20,1539,2698,2121,2976,3251,3056,3023,3023,3149,3056,3206,2814,3057,3168,2970,2920,2901,3020,2921,3218,2881,2917,3064,2745,3254,3092,2924,3232,2946,2978,3031,3065,2921,3276,2873,3004,2928,3024,2759,3251,3017,2887,3217,2853,2974,3207,3028,2887,3189,2831,2946,3187,2807,2996,3184,2789,2851,3101,2792,2906,3139,2612,2957,3049,2968,2865,3056,2615,2867,3482,3156,3485,3395,3239,3549,3312,3253,3115,3760,3545,3604,,,,,,,,,,,,
7F-CH-3.FM,(CH3水流量       ),,1, -1, -1, -1, -1, -1, -1, -1,1, -1,1,1, -1, -1, -1, -1,1, -1, -1, -1, -1, -1, -1, -1, -1, -1, -1, -1, -1, -1, -1, -1, -1, -1,1, -1, -1, -1, -1, -1, -1, -1, -1, -1, -1, -1, -1, -1, -3, -1, -1,1,1512,1065,1707,1934,1709,1745,1657,1746,1670,1845,1549,1834,1878,1626,1485,1623,1609,1621,1887,1493,1542,1785,1498,1807,1779,1639,1860,1576,1731,1739,1754,1587,1835,1564,1664,1617,1659,1414,1923,1756,1568,1828,1484,1621,1815,1626,1568,1815,1467,1629,1914,1468,1637,1831,1523,1553,1826,1510,1617,1874,1407,1718,1782,1679,1507,1682,1360,1590,2045,1792,2015,1967,1895,2173,2045,1974,1782,2317,2146,2234,,,,,,,,,,,,
7F-CH-4.FM,(CH4水流量       ),,1153,1809,1915,1928,1904,1956,1965,1921,1915,1912,1943,1964,1949,1993,2023,1982,1959,1895,1962,1226,1251,1245,1203,1242,1259,1267,1201,1248,1215,1303,1246,1151,1207,1228,1151,1137,1271,1212,1242,1256,1251,1196,1290,1262,1204,1246,1229,1243,1232,1274,1276,2389,3398,7443,7515,7617,7399,7407,7260,7326,7339,7245,7189,7348,7292,7057,7243,7421,7223,7298,7348,7321,7229,7276,7226,7314,7335,7340,7359,7289,7395,7265,7514,7292,7404,7370,7412,7279,7460,7251,7534,7323,7281,7356,7395,7406,7376,7378,7295,7343,7162,7256,7357,7337,7299,7396,7332,7184,7326,7237,7424,7235,7199,7337,7290,7318,7262,7215,7137,7312,7374,7273,7512,7470,7629,7579,7510,7521,7342,4259,4012,4078,,,,,,,,,,,,
7F-CH-5.FM,(CH5水流量       ),,9,1049,1201,1337,915,1223,848,1195,7,1074,1234, -3596,1164,1135,9,1132,1107, -3509,1049,10,7,10,7,7,7,7,7,7,9,9,9,7,7,9,7,9,7,10,10,7,7,7,7,7,7,7,7,7,7,7,10,1567,9,2087,7064,7179,6206,6020,5887,5759,6024,5999,5607,5937,6059,6112,5714,5793,6146,6042,5968,5978,5934,6657,5899,6171,6014,5989,6148,5935,5962,5770,6010,5820,6271,5785,6310,6103,5962,5665,6199,5854,6021,6209,5862,5717,5934,5793,5987,5910,6173,6079,5764,5990,6048,6082,5589,5732,5721,5646,5931,5848,5620,5898,5907,6031,5957,5821,5589,5651,3206,2949,3278,3120,2987,3339,3209,3096,2896,3424,3320,3371,,,,,,,,,,,,
7F-CH.FM,(冰水總流量      ),,20,5695,5747,5884,5843,5744,5747,5922,5778,6025,5692,5874,5733,5747,5699,5902,5884,5716,5565,20,13,13,17,17,17,17,17,17,13,13,13,13,13,13,17,17,13,10,17,17,17,13,13,13,13,13,13,13,13,13,13,12216,17362,19562,27121,27871,26602,26788,27235,26513,26812,27362,25987,26888,27362,26238,25977,26599,26142,26314,26925,26097,25942,27042,26173,27386,27090,26372,26778,26760,25843,26479,26967,26262,27414,26396,26166,26166,27101,26011,26798,26822,25602,26685,26441,26444,27139,26767,25571,27300,26382,26210,26846,26073,26372,26922,25533,26069,26822,26124,26238,27004,25592,26637,26809,26516,26025,26626,25055,25939,24739,23141,24327,24416,23942,25004,23763,24096,24093,22175,21608,22068,,,,,,,,,,,,
7F-CW-1.ST,(CW1出水溫度     ),DEG C,28.6,28.6,28.5,28.5,28.5,28.4,28.4,28.4,28.4,28.3,28.3,28.3,28.3,28.2,28.2,28.2,28.2,28.2,28.1,28.1,28.1,28.1,28.1,28.0,28.0,28.0,28.0,27.9,27.9,27.9,27.9,27.9,27.9,27.8,27.8,27.8,27.8,27.8,27.7,27.7,27.7,27.7,27.7,27.7,27.7,27.6,27.6,27.6,27.6,27.6,27.6,25.9,24.3,33.2,34.6,34.9,35.0,34.7,34.6,34.4,34.3,34.3,34.4,34.4,34.5,34.8,34.8,34.7,34.7,34.6,34.6,34.6,34.6,34.6,34.6,34.6,34.6,34.6,34.6,34.6,34.6,34.7,34.7,34.7,34.8,34.6,34.5,34.5,34.5,34.3,34.3,34.2,34.3,34.2,34.1,34.2,34.2,34.2,34.1,34.1,34.1,34.2,34.1,34.2,34.1,34.0,34.0,33.9,33.8,33.7,33.6,33.5,33.4,33.3,33.2,33.1,33.1,33.1,33.3,33.3,33.5,34.0,34.2,34.3,34.4,34.5,34.5,34.4,34.2,34.1,33.7,33.8,,,,,,,,,,,,
7F-CW-2.ST,(CW2出水溫度     ),DEG C,27.6,27.6,27.6,27.6,27.5,27.6,27.6,27.6,27.7,27.5,27.5,27.5,27.6,27.6,27.4,27.5,27.5,27.4,27.5,27.5,27.6,27.4,27.4,27.3,27.4,27.3,27.3,27.5,27.4,27.3,27.3,27.4,27.3,27.3,27.4,27.3,27.3,27.3,27.3,27.3,27.3,27.3,27.3,27.2,27.3,27.3,27.3,27.2,27.3,27.2,27.2,27.3,27.2,27.2,27.2,27.3,27.2,27.2,27.2,27.3,27.3,27.4,27.4,27.4,27.4,27.4,27.5,27.5,27.5,27.5,27.6,27.6,27.6,27.7,27.7,27.7,27.7,27.7,27.7,27.8,27.8,27.8,27.8,27.9,27.9,27.9,28.0,28.0,28.0,28.0,28.0,28.1,28.1,28.1,28.1,28.2,28.2,28.2,28.2,28.2,28.2,28.2,28.3,28.2,28.2,28.3,28.2,28.2,28.3,28.2,28.2,28.2,28.2,28.2,28.2,28.1,28.1,28.1,27.9,28.0,28.0,27.9,28.0,27.9,27.9,27.8,27.7,27.8,27.8,27.7,27.7,27.7,,,,,,,,,,,,
7F-CW-3.ST,(CW3出水溫度     ),DEG C,30.0,30.0,30.0,30.0,30.0,29.9,29.9,29.9,29.9,29.9,29.9,29.8,29.8,29.8,29.8,29.8,29.8,29.8,29.7,29.7,29.7,29.7,29.7,29.7,29.6,29.6,29.6,29.6,29.6,29.5,29.5,29.5,29.5,29.5,29.5,29.4,29.4,29.4,29.4,29.4,29.4,29.3,29.3,29.3,29.3,29.3,29.3,29.3,29.2,29.2,29.2,29.2,29.2,29.2,29.2,29.2,29.1,29.1,29.1,29.1,29.1,29.1,29.1,29.1,29.0,29.0,29.0,29.0,29.0,29.0,29.0,29.0,29.0,29.0,29.0,29.0,29.0,29.0,29.0,29.0,29.0,29.0,29.0,29.0,29.0,29.0,29.0,29.0,29.0,29.0,29.0,29.0,29.0,29.0,29.0,29.0,29.0,29.0,29.0,29.0,29.0,29.0,29.0,29.0,29.0,29.0,29.0,29.0,29.0,29.0,29.0,29.0,29.0,29.0,29.0,29.0,29.0,29.0,29.0,29.0,29.0,29.0,29.0,28.9,28.9,28.9,28.9,28.9,28.9,28.9,28.9,28.9,,,,,,,,,,,,
7F-CW-4.ST,(CW4出水溫度     ),DEG C,25.7,25.7,25.8,25.8,25.8,25.9,25.9,25.9,26.0,26.0,26.0,26.1,26.1,26.1,26.2,26.2,26.2,26.2,26.2,26.3,26.3,26.3,26.3,26.3,26.4,26.4,26.4,26.4,26.4,26.4,26.5,26.4,26.5,26.5,26.5,26.5,26.5,26.5,26.5,26.5,26.6,26.5,26.6,26.6,26.6,26.6,26.6,26.6,26.6,26.6,26.6,26.6,26.7,24.0,29.4,33.4,34.0,33.9,33.9,33.8,33.8,33.8,33.8,33.8,33.9,34.1,34.0,34.1,34.0,33.9,34.0,34.0,33.9,33.9,33.9,33.9,33.9,33.9,33.8,33.9,33.8,34.0,34.0,34.0,34.0,33.9,33.8,33.7,33.7,33.6,33.6,33.4,33.4,33.6,33.6,33.8,33.8,33.7,33.6,33.6,33.6,33.6,33.5,33.5,33.5,33.4,33.4,33.3,33.2,32.9,32.9,32.7,32.6,32.4,32.3,32.3,32.3,32.4,32.3,32.4,32.7,33.1,33.2,33.4,33.5,33.5,33.5,33.4,33.2,26.3,26.0,26.1,,,,,,,,,,,,
7F-CW-5.ST,(CW5出水溫度     ),DEG C,28.5,28.5,28.5,28.5,28.5,28.5,28.5,28.5,28.5,28.5,28.5,28.5,28.5,28.5,28.5,28.5,28.5,28.5,28.5,28.4,28.4,28.4,28.4,28.4,28.4,28.4,28.4,28.4,28.4,28.4,28.3,28.3,28.3,28.3,28.3,28.3,28.3,28.3,28.2,28.2,28.2,28.2,28.2,28.2,28.2,28.2,28.2,28.2,28.1,28.1,28.1,28.1,28.1,28.1,25.3,24.0,32.2,32.7,32.8,32.7,32.7,32.7,32.7,32.8,32.9,33.1,33.0,33.1,33.1,33.1,33.1,33.1,33.1,26.1,31.5,32.9,32.9,32.9,32.9,32.9,33.0,33.0,33.0,32.9,32.9,32.9,32.8,32.7,32.7,32.6,32.6,32.5,32.4,32.4,32.4,32.4,32.5,32.4,32.3,32.2,32.3,32.3,32.4,32.3,32.2,32.1,32.1,32.1,31.9,31.8,31.7,31.6,31.5,31.5,31.4,31.4,31.4,31.4,31.5,31.6,27.0,26.1,26.4,26.6,26.8,26.9,27.0,27.1,27.2,27.3,27.3,27.3,,,,,,,,,,,,
7F-CW.ST,(冷卻水總出水溫度),,0.0,0.0,0.0,0.0,0.0,0.0,0.0,0.0,0.0,0.0,0.0,0.0,0.0,0.0,0.0,0.0,0.0,0.0,0.0,0.0,0.0,0.0,0.0,0.0,0.0,0.0,0.0,0.0,0.0,0.0,0.0,0.0,0.0,0.0,0.0,0.0,0.0,0.0,0.0,0.0,0.0,0.0,0.0,0.0,0.0,0.0,0.0,0.0,0.0,0.0,0.0,25.9,24.3,28.6,29.7,30.8,33.7,33.8,33.8,33.6,33.6,33.6,33.6,33.7,33.8,34.0,34.0,34.0,33.9,33.9,33.9,33.9,33.9,31.5,33.3,33.8,33.8,33.8,33.8,33.8,33.8,33.9,33.9,33.9,33.9,33.8,33.7,33.6,33.6,33.5,33.5,33.4,33.4,33.4,33.4,33.5,33.5,33.4,33.3,33.3,33.3,33.3,33.3,33.3,33.3,33.2,33.1,33.1,33.0,32.8,32.7,32.6,32.5,32.4,32.3,32.3,32.3,32.3,32.4,32.4,33.1,33.5,33.7,33.9,34.0,34.0,34.0,33.9,33.7,34.1,33.7,33.8,,,,,,,,,,,,
7F-CW-1.RT,(CW1回水溫度     ),,28.9,28.8,28.8,28.8,28.8,28.8,28.8,28.8,28.8,28.8,28.8,28.8,28.8,28.8,28.8,28.8,28.8,28.8,28.8,28.7,28.7,28.7,28.7,28.7,28.7,28.7,28.7,28.7,28.7,28.7,28.7,28.7,28.7,28.7,28.7,28.7,28.7,28.7,28.7,28.7,28.6,28.6,28.6,28.6,28.6,28.6,28.6,28.6,28.6,28.6,28.6,25.4,24.1,29.0,29.8,30.0,30.2,30.0,30.1,29.8,29.8,29.8,29.9,29.9,29.9,30.2,30.2,30.1,30.1,30.1,30.0,30.0,30.0,29.9,29.9,30.0,29.9,29.9,29.9,30.0,29.9,30.1,30.0,30.1,30.2,30.0,29.8,29.8,29.8,29.7,29.7,29.5,29.6,29.5,29.5,29.6,29.6,29.5,29.5,29.4,29.5,29.5,29.4,29.6,29.4,29.3,29.2,29.2,29.2,28.9,28.9,28.8,28.7,28.6,28.5,28.4,28.4,28.5,28.6,28.5,28.8,29.3,29.5,29.6,29.7,29.7,29.7,29.6,29.4,29.2,28.9,29.0,,,,,,,,,,,,
7F-CW-2.RT,(CW2回水溫度     ),,31.0,31.0,30.9,30.9,30.9,30.9,30.9,30.8,30.8,30.8,30.8,30.7,30.7,30.7,30.7,30.7,30.6,30.6,30.6,30.6,30.5,30.5,30.5,30.5,30.5,30.4,30.4,30.4,30.4,30.3,30.3,30.3,30.3,30.3,30.2,30.2,30.2,30.2,30.2,30.1,30.1,30.1,30.1,30.0,30.0,30.0,30.0,30.0,29.9,29.9,29.9,29.9,29.8,29.8,29.8,29.8,29.8,29.8,29.8,29.7,29.7,29.7,29.7,29.7,29.7,29.7,29.7,29.7,29.7,29.7,29.7,29.7,29.7,29.7,29.7,29.7,29.7,29.7,29.7,29.7,29.7,29.7,29.7,29.7,29.7,29.7,29.7,29.7,29.7,29.8,29.8,29.8,29.8,29.8,29.8,29.8,29.8,29.8,29.8,29.8,29.8,29.9,29.9,29.9,29.9,29.9,29.9,29.9,29.9,29.9,29.9,29.9,29.9,29.9,29.9,29.9,29.9,29.9,30.0,30.0,30.0,30.0,30.0,30.0,30.0,30.0,30.0,30.0,30.0,30.0,30.0,30.0,,,,,,,,,,,,
7F-CW-3.RT,(CW3回水溫度     ),,31.0,31.0,31.0,30.9,30.9,30.9,30.9,30.9,30.9,30.8,30.8,30.8,30.8,30.8,30.8,30.7,30.7,30.7,30.7,30.7,30.6,30.6,30.6,30.6,30.6,30.6,30.5,30.5,30.5,30.5,30.5,30.4,30.4,30.4,30.4,30.4,30.3,30.3,30.3,30.3,30.3,30.2,30.2,30.2,30.2,30.2,30.1,30.1,30.1,30.1,30.1,30.0,30.0,30.0,30.0,30.0,30.0,29.9,29.9,29.9,29.9,29.9,29.8,29.8,29.8,29.8,29.8,29.8,29.8,29.8,29.8,29.8,29.7,29.7,29.7,29.7,29.7,29.7,29.7,29.7,29.7,29.7,29.7,29.7,29.7,29.7,29.7,29.7,29.7,29.7,29.7,29.7,29.7,29.7,29.7,29.7,29.7,29.7,29.7,29.7,29.7,29.7,29.7,29.7,29.7,29.7,29.7,29.7,29.7,29.7,29.7,29.7,29.7,29.7,29.7,29.7,29.7,29.7,29.7,29.7,29.7,29.7,29.7,29.7,29.7,29.7,29.7,29.7,29.7,29.7,29.7,29.7,,,,,,,,,,,,
7F-CW-4.RT,(CW4回水溫度     ),,26.1,26.2,26.2,26.3,26.4,26.4,26.5,26.5,26.5,26.6,26.6,26.6,26.7,26.7,26.7,26.8,26.8,26.8,26.8,26.8,26.9,26.9,26.9,26.9,26.9,26.9,26.9,26.9,27.0,27.0,27.0,27.0,27.0,27.0,27.0,27.0,27.0,27.0,27.0,27.0,27.0,27.0,27.0,27.0,27.0,27.0,27.0,27.1,27.1,27.1,27.1,27.1,27.1,24.0,26.1,29.4,30.0,29.9,29.9,29.8,29.8,29.7,29.8,29.8,29.9,30.0,30.0,30.0,30.0,29.9,29.9,29.9,29.9,29.8,29.8,29.8,29.8,29.8,29.8,29.8,29.8,29.9,30.0,29.9,29.9,29.8,29.7,29.6,29.6,29.5,29.5,29.3,29.4,29.5,29.5,29.7,29.7,29.6,29.5,29.5,29.6,29.5,29.5,29.5,29.5,29.4,29.3,29.3,29.1,28.8,28.8,28.7,28.5,28.4,28.2,28.2,28.3,28.4,28.3,28.3,28.7,29.0,29.2,29.3,29.3,29.4,29.4,29.3,29.0,26.0,25.8,26.0,,,,,,,,,,,,
7F-CW-5.RT,(CW5回水溫度     ),,28.6,28.6,28.6,28.6,28.6,28.6,28.6,28.6,28.6,28.6,28.6,28.6,28.6,28.6,28.6,28.6,28.6,28.6,28.6,28.6,28.6,28.6,28.5,28.5,28.5,28.5,28.5,28.5,28.5,28.5,28.5,28.5,28.5,28.5,28.4,28.4,28.4,28.4,28.4,28.4,28.4,28.4,28.4,28.4,28.4,28.4,28.4,28.3,28.3,28.3,28.3,28.3,28.3,28.3,25.0,23.9,28.9,29.1,29.1,29.1,29.1,29.0,29.0,29.1,29.2,29.3,29.3,29.4,29.3,29.3,29.3,29.3,29.3,25.5,28.2,29.1,29.2,29.2,29.1,29.2,29.2,29.2,29.3,29.2,29.2,29.2,29.1,28.9,29.0,28.8,28.8,28.7,28.7,28.6,28.6,28.7,28.8,28.6,28.5,28.5,28.6,28.6,28.6,28.6,28.4,28.3,28.3,28.3,28.2,28.0,28.0,27.8,27.7,27.7,27.6,27.6,27.6,27.7,27.8,27.8,26.1,25.5,26.0,26.2,26.5,26.7,26.8,27.0,27.1,27.2,27.3,27.3,,,,,,,,,,,,
7F-CW.RT,(冷卻水總回水溫度),,0.0,0.0,0.0,0.0,0.0,0.0,0.0,0.0,0.0,0.0,0.0,0.0,0.0,0.0,0.0,0.0,0.0,0.0,0.0,0.0,0.0,0.0,0.0,0.0,0.0,0.0,0.0,0.0,0.0,0.0,0.0,0.0,0.0,0.0,0.0,0.0,0.0,0.0,0.0,0.0,0.0,0.0,0.0,0.0,0.0,0.0,0.0,0.0,0.0,0.0,0.0,25.4,24.1,26.5,26.9,27.8,29.7,29.7,29.7,29.6,29.6,29.5,29.6,29.6,29.7,29.8,29.8,29.8,29.8,29.8,29.7,29.7,29.7,28.4,29.3,29.6,29.6,29.6,29.6,29.6,29.6,29.8,29.8,29.7,29.8,29.7,29.6,29.5,29.5,29.3,29.4,29.2,29.2,29.2,29.2,29.3,29.4,29.2,29.2,29.1,29.2,29.2,29.2,29.2,29.1,29.0,28.9,29.0,28.8,28.6,28.6,28.4,28.3,28.2,28.1,28.1,28.1,28.2,28.2,28.2,28.8,29.2,29.3,29.4,29.5,29.6,29.5,29.4,29.2,29.2,28.9,29.0,,,,,,,,,,,,
7F-CH-1.CWDT,(冷卻水溫差      ),DEG C,0.0,0.0,0.0,0.0,0.0,0.0,0.0,0.0,0.0,0.0,0.0,0.0,0.0,0.0,0.0,0.0,0.0,0.0,0.0,0.0,0.0,0.0,0.0,0.0,0.0,0.0,0.0,0.0,0.0,0.0,0.0,0.0,0.0,0.0,0.0,0.0,0.0,0.0,0.0,0.0,0.0,0.0,0.0,0.0,0.0,0.0,0.0,0.0,0.0,0.0,0.0,0.5,0.2,4.2,4.9,4.8,4.7,4.7,4.5,4.6,4.4,4.5,4.5,4.5,4.6,4.6,4.6,4.6,4.6,4.6,4.6,4.7,4.6,4.7,4.7,4.7,4.7,4.7,4.8,4.6,4.7,4.6,4.7,4.6,4.6,4.6,4.7,4.6,4.6,4.6,4.6,4.7,4.6,4.7,4.6,4.6,4.7,4.7,4.7,4.7,4.6,4.7,4.7,4.6,4.6,4.7,4.7,4.7,4.6,4.8,4.7,4.7,4.8,4.7,4.8,4.7,4.7,4.7,4.7,4.7,4.7,4.7,4.7,4.7,4.8,4.8,4.8,4.8,4.9,4.9,4.8,4.8,,,,,,,,,,,,
7F-CH-2.CWDT,(冷卻水溫差      ),DEG C,0.0,0.0,0.0,0.0,0.0,0.0,0.0,0.0,0.0,0.0,0.0,0.0,0.0,0.0,0.0,0.0,0.0,0.0,0.0,0.0,0.0,0.0,0.0,0.0,0.0,0.0,0.0,0.0,0.0,0.0,0.0,0.0,0.0,0.0,0.0,0.0,0.0,0.0,0.0,0.0,0.0,0.0,0.0,0.0,0.0,0.0,0.0,0.0,0.0,0.0,0.0,0.0,0.0,0.0,0.0,0.0,0.0,0.0,0.0,0.0,0.0,0.0,0.0,0.0,0.0,0.0,0.0,0.0,0.0,0.0,0.0,0.0,0.0,0.0,0.0,0.0,0.0,0.0,0.0,0.0,0.0,0.0,0.0,0.0,0.0,0.0,0.0,0.0,0.0,0.0,0.0,0.0,0.0,0.0,0.0,0.0,0.0,0.0,0.0,0.0,0.0,0.0,0.0,0.0,0.0,0.0,0.0,0.0,0.0,0.0,0.0,0.0,0.0,0.0,0.0,0.0,0.0,0.0,0.0,0.0,0.0,0.0,0.0,0.0,0.0,0.0,0.0,0.0,0.0,0.0,0.0,0.0,,,,,,,,,,,,
7F-CH-3.CWDT,(冷卻水溫差      ),DEG C,0.0,0.0,0.0,0.0,0.0,0.0,0.0,0.0,0.0,0.0,0.0,0.0,0.0,0.0,0.0,0.0,0.0,0.0,0.0,0.0,0.0,0.0,0.0,0.0,0.0,0.0,0.0,0.0,0.0,0.0,0.0,0.0,0.0,0.0,0.0,0.0,0.0,0.0,0.0,0.0,0.0,0.0,0.0,0.0,0.0,0.0,0.0,0.0,0.0,0.0,0.0,0.0,0.0,0.0,0.0,0.0,0.0,0.0,0.0,0.0,0.0,0.0,0.0,0.0,0.0,0.0,0.0,0.0,0.0,0.0,0.0,0.0,0.0,0.0,0.0,0.0,0.0,0.0,0.0,0.0,0.0,0.0,0.0,0.0,0.0,0.0,0.0,0.0,0.0,0.0,0.0,0.0,0.0,0.0,0.0,0.0,0.0,0.0,0.0,0.0,0.0,0.0,0.0,0.0,0.0,0.0,0.0,0.0,0.0,0.0,0.0,0.0,0.0,0.0,0.0,0.0,0.0,0.0,0.0,0.0,0.0,0.0,0.0,0.0,0.0,0.0,0.0,0.0,0.0,0.0,0.0,0.0,,,,,,,,,,,,
7F-CH-4.CWDT,(冷卻水溫差      ),DEG C,0.0,0.0,0.0,0.0,0.0,0.0,0.0,0.0,0.0,0.0,0.0,0.0,0.0,0.0,0.0,0.0,0.0,0.0,0.0,0.0,0.0,0.0,0.0,0.0,0.0,0.0,0.0,0.0,0.0,0.0,0.0,0.0,0.0,0.0,0.0,0.0,0.0,0.0,0.0,0.0,0.0,0.0,0.0,0.0,0.0,0.0,0.0,0.0,0.0,0.0,0.0,0.0,0.0, -0.0,3.3,4.1,4.1,4.0,4.0,4.0,4.0,4.0,4.0,4.0,4.0,4.0,4.0,4.1,4.1,4.1,4.1,4.1,4.1,4.1,4.1,4.1,4.1,4.1,4.1,4.1,4.1,4.1,4.1,4.1,4.1,4.1,4.1,4.1,4.1,4.1,4.1,4.1,4.1,4.1,4.1,4.1,4.1,4.1,4.1,4.1,4.1,4.1,4.1,4.1,4.1,4.1,4.1,4.1,4.1,4.1,4.1,4.1,4.0,4.1,4.1,4.0,4.0,4.0,4.0,4.0,4.0,4.1,4.1,4.1,4.1,4.1,4.1,4.1,4.1,0.0,0.0,0.0,,,,,,,,,,,,
7F-CH-5.CWDT,(冷卻水溫差      ),DEG C,0.0,0.0,0.0,0.0,0.0,0.0,0.0,0.0,0.0,0.0,0.0,0.0,0.0,0.0,0.0,0.0,0.0,0.0,0.0,0.0,0.0,0.0,0.0,0.0,0.0,0.0,0.0,0.0,0.0,0.0,0.0,0.0,0.0,0.0,0.0,0.0,0.0,0.0,0.0,0.0,0.0,0.0,0.0,0.0,0.0,0.0,0.0,0.0,0.0,0.0,0.0,0.0,0.0,0.0,0.2,0.0,3.4,3.7,3.7,3.7,3.6,3.7,3.7,3.7,3.7,3.7,3.7,3.7,3.8,3.8,3.8,3.8,3.8,0.6,3.3,3.7,3.8,3.8,3.8,3.7,3.7,3.7,3.7,3.8,3.8,3.8,3.8,3.8,3.8,3.8,3.8,3.8,3.8,3.8,3.8,3.7,3.7,3.8,3.8,3.8,3.7,3.7,3.7,3.7,3.7,3.8,3.7,3.7,3.8,3.8,3.8,3.8,3.8,3.8,3.8,3.8,3.8,3.8,3.7,3.8,0.0,0.0,0.0,0.0,0.0,0.0,0.0,0.0,0.0,0.0,0.0,0.0,,,,,,,,,,,,
7F-CHSYS.CWDT,(冷卻水系統溫差  ),DEG C,0.0,0.0,0.0,0.0,0.0,0.0,0.0,0.0,0.0,0.0,0.0,0.0,0.0,0.0,0.0,0.0,0.0,0.0,0.0,0.0,0.0,0.0,0.0,0.0,0.0,0.0,0.0,0.0,0.0,0.0,0.0,0.0,0.0,0.0,0.0,0.0,0.0,0.0,0.0,0.0,0.0,0.0,0.0,0.0,0.0,0.0,0.0,0.0,0.0,0.0,0.0,0.5,0.2,2.1,2.8,3.0,4.1,4.1,4.1,4.1,4.0,4.1,4.0,4.1,4.1,4.1,4.1,4.1,4.1,4.1,4.2,4.2,4.2,3.1,4.1,4.2,4.2,4.2,4.2,4.1,4.2,4.1,4.2,4.1,4.1,4.1,4.2,4.2,4.2,4.2,4.2,4.2,4.2,4.2,4.2,4.1,4.2,4.2,4.2,4.2,4.1,4.1,4.2,4.1,4.1,4.2,4.2,4.2,4.2,4.2,4.2,4.2,4.2,4.2,4.2,4.2,4.2,4.2,4.2,4.2,4.3,4.4,4.4,4.4,4.4,4.4,4.5,4.5,4.5,4.9,4.8,4.8,,,,,,,,,,,,
7F-CW-1.FM,(CW1水流量       ),,18,15,15,17,17,17,17,17,15,15,15,17,15,15,15,15,15,15,15,15,15,15,15,15,15,15,15,15,15,15,15,15,15,15,15,15,15,18,17,15,15,15,15,15,15,18,15,14,17,17,14,7673,7989,7984,8385,8548,8510,8543,8887,8299,8407,8123,8560,8490,8953,8523,8648,8307,8517,8746,8887,8335,8821,8753,8495,8789,8596,8642,8448,8696,8556,8274,8370,8985,8870,8535,8460,8464,8620,8518,8774,8698,8581,8531,8495,8614,8726,8432,8603,8610,8753,8510,8490,8581,8764,8548,8674,8640,8632,8795,8553,8417,8506,8554,8223,8693,8659,8584,8704,8578,8596,8557,8654,8620,8631,8954,8776,8576,8723,8670,8710,8578,,,,,,,,,,,,
7F-CW-2.FM,(CW2水流量       ),,15,14,14,15,15,15,15,15,17,14,14,15,14,14,14,14,15,15,15,12,15,14,14,14,14,14,14,14,15,15,15,15,15,12,15,15,15,12,15,15,12,12,15,14,14,14,14,14,14,14,14,14,14,17,14,15,15,15,15,15,15,15,15,15,15,15,15,15,17,17,14,14,14,14,15,15,15,15,15,15,15,15,15,15,15,15,15,15,15,15,15,15,15,15,15,15,15,15,17,17,17,15,15,14,14,17,15,15,15,15,15,15,17,17,17,14,15,15,15,15,15,15,15,15,15,15,15,15,15,15,15,15,,,,,,,,,,,,
7F-CW-3.FM,(CW3水流量       ),,23,18,21,18,21,21,18,21,21,21,18,18,18,21,18,18,18,21,21,21,21,21,18,18,18,21,18,18,21,21,21,23,18,18,21,18,21,18,18,18,21,18,18,18,18,18,18,18,18,18,21,21,21,18,21,18,17,21,18,18,21,21,21,18,23,18,18,18,21,21,18,21,18,21,23,21,18,18,21,18,23,18,21,21,18,21,21,18,21,21,21,21,21,21,21,21,21,21,21,21,21,21,21,23,21,21,21,21,21,21,21,21,21,21,21,21,21,21,21,21,18,21,18,21,21,21,21,21,21,21,18,21,,,,,,,,,,,,
7F-CW-4.FM,(CW4水流量       ),,18,15,15,15,15,15,15,15,15,15,15,14,14,14,14,15,15,15,15,15,15,15,15,15,15,15,15,14,14,14,14,14,14,14,17,17,14,12,12,15,14,14,14,14,14,14,14,14,14,14,14,14,14,7403,7565,7617,7623,7642,7659,7660,7607,7651,7623,7596,7503,7689,7612,7740,7624,7823,7559,7599,7721,7742,7784,7634,7628,7703,7587,7623,7668,7682,7654,7560,7724,7728,7773,7593,7579,7654,7649,7671,7626,7759,7681,7617,7668,7668,7493,7712,7798,7765,7795,7581,7649,7692,7667,7703,7578,7714,7570,7643,7714,7512,7584,7651,7621,7574,7643,7667,7649,7662,7565,7665,7645,7548,7617,7728,7751,18,18,15,,,,,,,,,,,,
7F-CW-5.FM,(CW5水流量       ),,17,15,17,17,17,15,15,15,15,15,15,15,15,15,15,15,15,15,15,15,15,15,14,14,14,14,14,14,14,14,14,14,14,14,14,14,14,14,14,14,14,14,14,14,14,14,14,14,14,14,14,14,14,17,8129,8128,8234,8454,8295,8412,8281,8339,8307,8329,8240,8309,8154,8296,8357,8235,8409,8239,8256,8346,8082,7974,8206,8189,8192,8267,8320,8178,8329,8223,8253,8292,8239,8223,8112,8274,8064,8221,8174,8226,8198,8235,8290,8240,8104,8312,8285,8232,8289,8235,8254,8217,8335,8324,8220,8112,8168,8215,8309,8187,8295,8218,8240,8292,8364,8198,24,21,18,18,18,18,18,18,18,18,18,18,,,,,,,,,,,,
7F-CW.FM,(冷卻水總流量    ),,93,79,81,84,87,85,79,85,89,82,79,85,81,81,81,82,81,81,84,78,84,82,78,78,78,81,81,76,81,81,74,82,78,74,84,81,81,76,74,79,78,74,78,76,76,79,76,78,78,78,78,7835,8049,15496,24164,24546,24504,24643,24742,24484,24181,23976,24504,24243,24690,24456,24449,24360,24464,25026,24898,24217,24818,24878,24401,24439,24498,24540,24154,24526,24585,24315,24331,24807,25046,24643,24479,24318,24332,24551,24474,24490,24446,24535,24348,24512,24720,24417,24371,24643,24915,24526,24474,24478,24704,24526,24617,24820,24468,24664,24332,24364,24568,24293,24143,24509,24574,24510,24707,24571,16245,16312,16278,16328,16342,16528,16356,16460,16517,8774,8732,8598,,,,,,,,,,,,
CH1F7:KW,(                ),kW,0.0,0.0,0.0,0.0,0.0,0.0,0.0,0.0,0.0,0.0,0.0,0.0,0.0,0.0,0.0,0.0,0.0,0.0,0.0,0.0,0.0,0.0,0.0,0.0,0.0,0.0,0.0,0.0,0.0,0.0,0.0,0.0,0.0,0.0,0.0,0.0,0.0,0.0,0.0,0.0,0.0,0.0,0.0,0.0,0.0,0.0,0.0,0.0,0.0,0.0,0.0,0.0,0.0,314.0,305.0,304.0,307.0,314.0,320.0,307.0,314.0,316.0,317.0,317.0,316.0,316.0,317.0,314.0,309.0,306.0,313.0,310.0,306.0,312.0,307.0,308.0,308.0,309.0,311.0,305.0,309.0,311.0,311.0,308.0,311.0,307.0,310.0,309.0,308.0,308.0,309.0,307.0,312.0,313.0,313.0,317.0,312.0,312.0,311.0,314.0,313.0,312.0,313.0,309.0,318.0,319.0,308.0,312.0,308.0,313.0,314.0,309.0,314.0,316.0,314.0,315.0,314.0,316.0,314.0,319.0,315.0,313.0,310.0,311.0,307.0,308.0,306.0,309.0,307.0,308.0,308.0,308.0,,,,,,,,,,,,
CH2F7:KW,(                ),kW,0.7,0.0,0.7,0.0,0.8,0.8,0.0,0.8,0.8,0.0,0.7,0.8,0.0,0.8,0.8,0.0,0.0,0.8,0.0,0.0,0.7,0.8,0.0,0.8,0.8,0.0,0.0,0.7,0.8,0.0,0.8,0.8,0.0,0.0,0.8,0.8,0.0,0.7,0.7,0.0,0.7,0.7,0.0,0.0,0.7,0.0,0.0,0.7,0.7,0.0,0.7,0.7,0.0,0.7,0.0,0.0,0.7,0.0,0.7,0.7,0.0,0.7,0.0,0.0,0.7,0.0,0.7,0.7,0.0,0.7,0.7,0.0,0.7,0.0,0.7,0.7,0.0,0.7,0.0,0.7,0.7,0.0,0.7,0.0,0.7,0.7,0.0,0.7,0.0,0.7,0.7,0.0,0.7,0.0,0.7,0.7,0.0,0.7,0.0,0.7,0.7,0.0,0.7,0.0,0.0,0.7,0.0,0.7,0.0,0.0,0.7,0.0,0.7,0.0,0.7,0.7,0.0,0.7,0.0,0.7,0.7,0.0,0.7,0.0,0.7,0.7,0.0,0.7,0.7,0.0,0.8,0.0,,,,,,,,,,,,
CH3F7:KW,(                ),kW,0.7,0.7,0.0,0.7,0.7,0.7,0.0,0.0,0.7,0.7,0.0,0.0,0.7,0.7,0.7,0.0,0.0,0.7,0.7,0.0,0.0,0.7,0.7,0.7,0.0,0.0,0.7,0.7,0.0,0.0,0.7,0.7,0.7,0.0,0.0,0.7,0.7,0.0,0.0,0.7,0.7,0.7,0.0,0.0,0.7,0.7,0.0,0.0,0.7,0.7,0.7,0.0,0.0,0.7,0.7,0.0,0.0,0.7,0.7,0.7,0.0,0.0,0.7,0.7,0.7,0.0,0.7,0.7,0.7,0.0,0.0,0.7,0.7,0.0,0.0,0.7,0.7,0.7,0.0,0.7,0.7,0.7,0.0,0.0,0.7,0.7,0.0,0.0,0.7,0.7,0.7,0.0,0.0,0.7,0.7,0.0,0.0,0.7,0.7,0.0,0.0,0.7,0.7,0.7,0.0,0.0,0.7,0.7,0.0,0.0,0.7,0.7,0.0,0.0,0.7,0.7,0.7,0.0,0.7,0.7,0.7,0.0,0.0,0.7,0.7,0.0,0.0,0.7,0.7,0.7,0.0,0.7,,,,,,,,,,,,
CH4F7:KW,(                ),kW,0.0,0.0,0.0,0.0,0.0,0.0,0.0,0.0,0.0,0.0,0.0,0.0,0.0,0.0,0.0,0.0,0.0,0.0,0.0,0.0,0.0,0.0,0.0,0.0,0.0,0.0,0.0,0.0,0.0,0.0,0.0,0.0,0.0,0.0,0.0,0.0,0.0,0.0,0.0,0.0,0.0,0.0,0.0,0.0,0.0,0.0,0.0,0.0,0.0,0.0,0.0,0.0,0.0,0.0,139.0,300.0,297.0,296.0,297.0,296.0,298.0,296.0,296.0,296.0,295.0,295.0,296.0,297.0,296.0,295.0,294.0,293.0,293.0,294.0,293.0,293.0,295.0,294.0,293.0,295.0,295.0,296.0,293.0,296.0,293.0,296.0,295.0,296.0,295.0,294.0,295.0,294.0,296.0,297.0,298.0,295.0,296.0,296.0,296.0,296.0,295.0,296.0,298.0,295.0,293.0,295.0,294.0,295.0,297.0,299.0,294.0,296.0,295.0,299.0,301.0,301.0,301.0,298.0,303.0,301.0,299.0,297.0,297.0,297.0,296.0,296.0,296.0,294.0,295.0,0.0,0.0,0.0,,,,,,,,,,,,
CH5F7:KW,(                ),kW,0.0,0.0,0.0,0.0,0.0,0.0,0.0,0.0,0.0,0.0,0.0,0.0,0.0,0.0,0.0,0.0,0.0,0.0,0.0,0.0,0.0,0.0,0.0,0.0,0.0,0.0,0.0,0.0,0.0,0.0,0.0,0.0,0.0,0.0,0.0,0.0,0.0,0.0,0.0,0.0,0.0,0.0,0.0,0.0,0.0,0.0,0.0,0.0,0.0,0.0,0.0,0.0,0.0,0.0,0.0,0.0,295.0,296.0,295.0,298.0,300.0,299.0,300.0,300.0,293.0,294.0,293.0,293.0,299.0,294.0,302.0,293.0,292.0,0.0,297.0,293.0,292.0,290.0,291.0,290.0,292.0,291.0,288.0,291.0,292.0,292.0,292.0,293.0,291.0,292.0,291.0,293.0,295.0,292.0,290.0,294.0,293.0,277.0,291.0,288.0,294.0,292.0,293.0,293.0,294.0,293.0,291.0,290.0,291.0,291.0,291.0,290.0,293.0,295.0,296.0,295.0,296.0,297.0,297.0,295.0,0.0,0.0,0.0,0.0,0.0,0.0,0.0,0.0,0.0,0.0,0.0,0.0,,,,,,,,,,,,
CHF7-ALL.KW,(冰機系統功率    ),,1.4,0.7,0.7,0.7,1.4,1.4,0.0,0.8,1.4,0.7,0.7,0.8,0.7,1.4,1.4,0.0,0.0,1.4,0.7,0.0,0.7,1.4,0.7,1.4,0.8,0.0,0.7,1.4,0.8,0.0,1.5,1.4,0.7,0.0,0.8,1.4,0.7,0.7,0.7,0.7,1.4,1.4,0.0,0.0,1.4,0.7,0.0,0.7,1.4,0.7,1.4,0.7,0.0,315.4,444.7,604.0,899.7,906.7,913.4,902.4,912.0,911.7,913.7,913.7,905.4,905.0,907.4,905.4,904.7,895.7,909.7,896.7,892.4,606.0,897.7,895.4,895.7,894.4,895.0,891.4,897.4,898.7,892.7,895.0,897.4,896.4,897.0,898.7,894.7,895.4,896.4,894.0,903.7,902.7,902.4,906.7,901.0,886.4,898.7,898.7,902.7,900.7,905.4,897.7,905.0,907.7,893.7,898.4,896.0,903.0,900.4,895.7,902.7,910.0,912.5,912.4,911.7,911.7,914.7,916.5,615.4,610.0,607.7,608.7,604.4,604.7,602.0,604.4,603.4,308.7,308.8,308.7,,,,,,,,,,,,
7F-CH-1.TON,(冷凍頓          ),,0,0,0,0,0,0,0,0,0,0,0,0,0,0,0,0,0,0,0,0,0,0,0,0,0,0,0,0,0,0,0,0,0,0,0,0,0,0,0,0,0,0,0,0,0,0,0,0,0,0,0,0,0,600,611,596,579,563,551,544,536,553,552,559,562,570,568,578,561,562,572,570,579,585,583,587,580,575,583,575,569,572,573,565,571,567,567,568,568,567,568,567,570,575,567,573,575,573,570,570,564,565,573,559,575,570,565,569,570,573,570,574,570,578,575,576,573,563,567,570,565,580,583,590,587,598,593,596,594,599,589,601,,,,,,,,,,,,
7F-CH-2.TON,(冷凍頓          ),,0,0,0,0,0,0,0,0,0,0,0,0,0,0,0,0,0,0,0,0,0,0,0,0,0,0,0,0,0,0,0,0,0,0,0,0,0,0,0,0,0,0,0,0,0,0,0,0,0,0,0,0,0,0,0,0,0,0,0,0,0,0,0,0,0,0,0,0,0,0,0,0,0,0,0,0,0,0,0,0,0,0,0,0,0,0,0,0,0,0,0,0,0,0,0,0,0,0,0,0,0,0,0,0,0,0,0,0,0,0,0,0,0,0,0,0,0,0,0,0,0,0,0,0,0,0,0,0,0,0,0,0,,,,,,,,,,,,
7F-CH-3.TON,(冷凍頓          ),,0,0,0,0,0,0,0,0,0,0,0,0,0,0,0,0,0,0,0,0,0,0,0,0,0,0,0,0,0,0,0,0,0,0,0,0,0,0,0,0,0,0,0,0,0,0,0,0,0,0,0,0,0,0,0,0,0,0,0,0,0,0,0,0,0,0,0,0,0,0,0,0,0,0,0,0,0,0,0,0,0,0,0,0,0,0,0,0,0,0,0,0,0,0,0,0,0,0,0,0,0,0,0,0,0,0,0,0,0,0,0,0,0,0,0,0,0,0,0,0,0,0,0,0,0,0,0,0,0,0,0,0,,,,,,,,,,,,
7F-CH-4.TON,(冷凍頓          ),,0,0,0,0,0,0,0,0,0,0,0,0,0,0,0,0,0,0,0,0,0,0,0,0,0,0,0,0,0,0,0,0,0,0,0,0,0,0,0,0,0,0,0,0,0,0,0,0,0,0,0,0,0,0,597,603,593,588,574,563,575,567,569,586,578,562,583,602,575,589,586,592,588,591,588,592,590,590,586,589,595,586,604,589,593,595,597,584,599,590,597,586,589,586,595,592,588,590,588,580,576,581,581,589,594,580,588,576,583,580,593,568,580,584,575,580,577,570,576,581,575,574,583,590,609,607,600,608,595,0,0,0,,,,,,,,,,,,
7F-CH-5.TON,(冷凍頓          ),,0,0,0,0,0,0,0,0,0,0,0,0,0,0,0,0,0,0,0,0,0,0,0,0,0,0,0,0,0,0,0,0,0,0,0,0,0,0,0,0,0,0,0,0,0,0,0,0,0,0,0,0,0,0,0,0,547,532,512,483,519,506,506,524,536,545,510,526,543,541,534,540,537,0,530,555,541,537,548,532,530,516,535,522,558,514,565,538,533,515,542,526,539,545,528,510,521,516,530,522,551,537,509,534,549,530,497,509,506,503,529,524,508,530,527,537,531,515,508,498,0,0,0,0,0,0,0,0,0,0,0,0,,,,,,,,,,,,
7F-CHSYS.TON,(冷凍頓          ),,0,0,0,0,0,0,0,0,0,0,0,0,0,0,0,0,0,0,0,0,0,0,0,0,0,0,0,0,0,0,0,0,0,0,0,0,0,0,0,0,0,0,0,0,0,0,0,0,0,0,0,0,0,145,925,495,1223,1043,932,753,874,1046,1101,1026,1062,1264,1296,1318,1498,1477,1386,1550,1484,943,1494,1434,1341,1503,1350,1314,1531,1433,1317,1474,1399,1305,1539,1485,1305,1457,1369,1294,1525,1342,1308,1495,1387,1313,1538,1278,1307,1496,1295,1320,1502,1249,1343,1454,1258,1314,1454,1233,1308,1439,1253,1294,1438,1241,1275,1415,628,675,694,705,725,671,770,744,752,189,222,205,,,,,,,,,,,,
7F-CH-1.KW/RT,(冰機效率        ),,0.00,0.00,0.00,0.00,0.00,0.00,0.00,0.00,0.00,0.00,0.00,0.00,0.00,0.00,0.00,0.00,0.00,0.00,0.00,0.00,0.00,0.00,0.00,0.00,0.00,0.00,0.00,0.00,0.00,0.00,0.00,0.00,0.00,0.00,0.00,0.00,0.00,0.00,0.00,0.00,0.00,0.00,0.00,0.00,0.00,0.00,0.00,0.00,0.00,0.00,0.00,0.00,0.00,0.00,0.00,0.00,0.00,0.00,0.00,0.00,0.00,0.00,0.00,0.00,0.00,0.00,0.00,0.00,0.00,0.00,0.00,0.00,0.00,0.00,0.00,0.00,0.00,0.00,0.00,0.00,0.00,0.00,0.00,0.00,0.00,0.00,0.00,0.00,0.00,0.00,0.00,0.00,0.00,0.00,0.00,0.00,0.00,0.00,0.00,0.00,0.00,0.00,0.00,0.00,0.00,0.00,0.00,0.00,0.00,0.00,0.00,0.00,0.00,0.00,0.00,0.00,0.00,0.00,0.00,0.00,0.00,0.00,0.00,0.00,0.00,0.00,0.00,0.00,0.00,0.00,0.00,0.00,,,,,,,,,,,,
7F-CH-2.KW/RT,(冰機效率        ),,0.00,0.00,0.00,0.00,0.00,0.00,0.00,0.00,0.00,0.00,0.00,0.00,0.00,0.00,0.00,0.00,0.00,0.00,0.00,0.00,0.00,0.00,0.00,0.00,0.00,0.00,0.00,0.00,0.00,0.00,0.00,0.00,0.00,0.00,0.00,0.00,0.00,0.00,0.00,0.00,0.00,0.00,0.00,0.00,0.00,0.00,0.00,0.00,0.00,0.00,0.00,0.00,0.00,0.00,0.00,0.00,0.00,0.00,0.00,0.00,0.00,0.00,0.00,0.00,0.00,0.00,0.00,0.00,0.00,0.00,0.00,0.00,0.00,0.00,0.00,0.00,0.00,0.00,0.00,0.00,0.00,0.00,0.00,0.00,0.00,0.00,0.00,0.00,0.00,0.00,0.00,0.00,0.00,0.00,0.00,0.00,0.00,0.00,0.00,0.00,0.00,0.00,0.00,0.00,0.00,0.00,0.00,0.00,0.00,0.00,0.00,0.00,0.00,0.00,0.00,0.00,0.00,0.00,0.00,0.00,0.00,0.00,0.00,0.00,0.00,0.00,0.00,0.00,0.00,0.00,0.00,0.00,,,,,,,,,,,,
7F-CH-3.KW/RT,(冰機效率        ),,0.00,0.00,0.00,0.00,0.00,0.00,0.00,0.00,0.00,0.00,0.00,0.00,0.00,0.00,0.00,0.00,0.00,0.00,0.00,0.00,0.00,0.00,0.00,0.00,0.00,0.00,0.00,0.00,0.00,0.00,0.00,0.00,0.00,0.00,0.00,0.00,0.00,0.00,0.00,0.00,0.00,0.00,0.00,0.00,0.00,0.00,0.00,0.00,0.00,0.00,0.00,0.00,0.00,0.00,0.00,0.00,0.00,0.00,0.00,0.00,0.00,0.00,0.00,0.00,0.00,0.00,0.00,0.00,0.00,0.00,0.00,0.00,0.00,0.00,0.00,0.00,0.00,0.00,0.00,0.00,0.00,0.00,0.00,0.00,0.00,0.00,0.00,0.00,0.00,0.00,0.00,0.00,0.00,0.00,0.00,0.00,0.00,0.00,0.00,0.00,0.00,0.00,0.00,0.00,0.00,0.00,0.00,0.00,0.00,0.00,0.00,0.00,0.00,0.00,0.00,0.00,0.00,0.00,0.00,0.00,0.00,0.00,0.00,0.00,0.00,0.00,0.00,0.00,0.00,0.00,0.00,0.00,,,,,,,,,,,,
7F-CH-4.KW/RT,(冰機效率        ),,0.00,0.00,0.00,0.00,0.00,0.00,0.00,0.00,0.00,0.00,0.00,0.00,0.00,0.00,0.00,0.00,0.00,0.00,0.00,0.00,0.00,0.00,0.00,0.00,0.00,0.00,0.00,0.00,0.00,0.00,0.00,0.00,0.00,0.00,0.00,0.00,0.00,0.00,0.00,0.00,0.00,0.00,0.00,0.00,0.00,0.00,0.00,0.00,0.00,0.00,0.00,0.00,0.00,0.00,0.00,0.00,0.00,0.00,0.00,0.00,0.00,0.00,0.00,0.00,0.00,0.00,0.00,0.00,0.00,0.00,0.00,0.00,0.00,0.00,0.00,0.00,0.00,0.00,0.00,0.00,0.00,0.00,0.00,0.00,0.00,0.00,0.00,0.00,0.00,0.00,0.00,0.00,0.00,0.00,0.00,0.00,0.00,0.00,0.00,0.00,0.00,0.00,0.00,0.00,0.00,0.00,0.00,0.00,0.00,0.00,0.00,0.00,0.00,0.00,0.00,0.00,0.00,0.00,0.00,0.00,0.00,0.00,0.00,0.00,0.00,0.00,0.00,0.00,0.00,0.00,0.00,0.00,,,,,,,,,,,,
7F-CH-5.KW/RT,(冰機效率        ),,0.00,0.00,0.00,0.00,0.00,0.00,0.00,0.00,0.00,0.00,0.00,0.00,0.00,0.00,0.00,0.00,0.00,0.00,0.00,0.00,0.00,0.00,0.00,0.00,0.00,0.00,0.00,0.00,0.00,0.00,0.00,0.00,0.00,0.00,0.00,0.00,0.00,0.00,0.00,0.00,0.00,0.00,0.00,0.00,0.00,0.00,0.00,0.00,0.00,0.00,0.00,0.00,0.00,0.00,0.00,0.00,0.53,0.54,0.56,0.60,0.56,0.57,0.57,0.55,0.54,0.53,0.57,0.55,0.53,0.53,0.54,0.53,0.54,0.00,0.54,0.52,0.53,0.54,0.53,0.54,0.54,0.56,0.54,0.55,0.52,0.56,0.51,0.54,0.54,0.56,0.53,0.55,0.54,0.53,0.55,0.57,0.55,0.56,0.55,0.55,0.52,0.54,0.57,0.54,0.53,0.55,0.58,0.57,0.57,0.57,0.55,0.55,0.57,0.54,0.55,0.54,0.54,0.56,0.57,0.58,0.00,0.00,0.00,0.00,0.00,0.00,0.00,0.00,0.00,0.00,0.00,0.00,,,,,,,,,,,,
7F-CHSYS.KW/RT,(冰水系統效率    ),,0.00,0.00,0.00,0.00,0.00,0.00,0.00,0.00,0.00,0.00,0.00,0.00,0.00,0.00,0.00,0.00,0.00,0.00,0.00,0.00,0.00,0.00,0.00,0.00,0.00,0.00,0.00,0.00,0.00,0.00,0.00,0.00,0.00,0.00,0.00,0.00,0.00,0.00,0.00,0.00,0.00,0.00,0.00,0.00,0.00,0.00,0.00,0.00,0.00,0.00,0.00,0.00,0.00,7.65,1.20,2.25,0.91,1.07,1.19,1.48,1.27,1.06,1.01,1.09,1.05,0.88,0.86,0.84,0.74,0.75,0.80,0.72,0.75,1.18,0.75,0.78,0.83,0.74,0.82,0.85,0.73,0.78,0.84,0.76,0.80,0.85,0.72,0.75,0.85,0.76,0.81,0.86,0.73,0.83,0.85,0.74,0.80,0.85,0.72,0.87,0.85,0.74,0.86,0.84,0.74,0.89,0.83,0.77,0.89,0.85,0.77,0.90,0.85,0.77,0.89,0.86,0.77,0.90,0.87,0.79,1.77,1.65,1.60,1.58,1.54,1.66,1.45,1.50,1.48,5.89,5.01,5.41,,,,,,,,,,,,
7F-CW-1.TON,(冷卻水冷凍頓    ),,0,0,0,0,0,0,0,0,0,0,0,0,0,0,0,0,0,0,0,0,0,0,0,0,0,0,0,0,0,0,0,0,0,0,0,0,0,0,0,0,0,0,0,0,0,0,0,0,0,0,0,0,0,677,811,819,802,789,801,750,738,728,766,761,818,772,789,758,775,810,810,774,807,815,800,812,802,803,804,794,786,751,780,823,812,777,784,775,789,773,809,815,788,796,783,790,806,793,799,796,801,787,781,783,806,797,812,807,789,832,801,787,807,799,780,810,806,796,808,808,792,794,805,807,816,848,839,827,841,841,832,819,,,,,,,,,,,,
7F-CW-2.TON,(冷卻水冷凍頓    ),,0,0,0,0,0,0,0,0,0,0,0,0,0,0,0,0,0,0,0,0,0,0,0,0,0,0,0,0,0,0,0,0,0,0,0,0,0,0,0,0,0,0,0,0,0,0,0,0,0,0,0,0,0,0,0,0,0,0,0,0,0,0,0,0,0,0,0,0,0,0,0,0,0,0,0,0,0,0,0,0,0,0,0,0,0,0,0,0,0,0,0,0,0,0,0,0,0,0,0,0,0,0,0,0,0,0,0,0,0,0,0,0,0,0,0,0,0,0,0,0,0,0,0,0,0,0,0,0,0,0,0,0,,,,,,,,,,,,
7F-CW-3.TON,(冷卻水冷凍頓    ),,0,0,0,0,0,0,0,0,0,0,0,0,0,0,0,0,0,0,0,0,0,0,0,0,0,0,0,0,0,0,0,0,0,0,0,0,0,0,0,0,0,0,0,0,0,0,0,0,0,0,0,0,0,0,0,0,0,0,0,0,0,0,0,0,0,0,0,0,0,0,0,0,0,0,0,0,0,0,0,0,0,0,0,0,0,0,0,0,0,0,0,0,0,0,0,0,0,0,0,0,0,0,0,0,0,0,0,0,0,0,0,0,0,0,0,0,0,0,0,0,0,0,0,0,0,0,0,0,0,0,0,0,,,,,,,,,,,,
7F-CW-4.TON,(冷卻水冷凍頓    ),,0,0,0,0,0,0,0,0,0,0,0,0,0,0,0,0,0,0,0,0,0,0,0,0,0,0,0,0,0,0,0,0,0,0,0,0,0,0,0,0,0,0,0,0,0,0,0,0,0,0,0,0,0,0,496,612,618,614,610,608,603,612,610,607,600,617,608,621,614,633,612,611,626,626,630,621,619,622,612,611,618,620,617,612,628,626,630,613,610,620,620,620,617,630,608,619,623,618,605,625,631,625,626,610,616,619,616,623,610,621,610,615,619,604,609,614,612,605,609,615,612,619,611,621,623,617,627,631,636,0,0,0,,,,,,,,,,,,
7F-CW-5.TON,(冷卻水冷凍頓    ),,0,0,0,0,0,0,0,0,0,0,0,0,0,0,0,0,0,0,0,0,0,0,0,0,0,0,0,0,0,0,0,0,0,0,0,0,0,0,0,0,0,0,0,0,0,0,0,0,0,0,0,0,0,0,0,0,548,611,601,610,598,607,601,610,603,616,600,615,624,614,633,615,614,0,537,589,612,611,615,613,617,607,618,611,622,617,614,615,604,620,603,620,610,614,617,606,612,615,603,620,617,607,612,611,612,614,618,621,614,607,609,616,624,616,624,615,618,619,620,613,0,0,0,0,0,0,0,0,0,0,0,0,,,,,,,,,,,,
7F-CWSYS.TON,(冷凍頓          ),,0,0,0,0,0,0,0,0,0,0,0,0,0,0,0,0,0,0,0,0,0,0,0,0,0,0,0,0,0,0,0,0,0,0,0,0,0,0,0,0,0,0,0,0,0,0,0,0,0,0,0,77,25,648,1339,1448,1975,2014,2000,1978,1929,1929,1983,1962,2018,2001,1981,2002,2008,2051,2040,1988,2043,1525,1971,2015,2035,2032,2018,2030,2032,1993,2025,2035,2055,2026,2015,2017,2019,2023,2024,2037,2019,2029,2005,2036,2052,2030,2016,2041,2056,2033,2029,2015,2029,2026,2042,2046,2013,2056,2018,2020,2055,2023,2016,2028,2035,2021,2037,2030,1397,1411,1417,1442,1440,1457,1451,1465,1478,847,835,821,,,,,,,,,,,,
7F-CH-1.HB,(                ),,0.00,0.00,0.00,0.00,0.00,0.00,0.00,0.00,0.00,0.00,0.00,0.00,0.00,0.00,0.00,0.00,0.00,0.00,0.00,0.00,0.00,0.00,0.00,0.00,0.00,0.00,0.00,0.00,0.00,0.00,0.00,0.00,0.00,0.00,0.00,0.00,0.00,0.00,0.00,0.00,0.00,0.00,0.00,0.00,0.00,0.00,0.00,0.00,0.00,0.00,0.00,0.00,0.00, -11.32, -24.66, -27.23, -27.79, -28.71, -31.20, -27.43, -27.34, -24.01, -28.11, -26.55, -31.28, -26.25, -28.07, -23.73, -27.55, -30.62, -29.39, -26.27, -28.41, -28.16, -27.03, -27.67, -27.73, -28.43, -27.41, -27.59, -27.58, -23.75, -26.50, -31.31, -29.69, -27.01, -27.61, -26.73, -27.97, -26.60, -29.74, -30.33, -27.67, -27.75, -26.69, -27.42, -28.56, -27.68, -28.64, -28.37, -29.60, -28.17, -26.60, -28.59, -28.62, -28.50, -30.44, -29.47, -28.09, -31.06, -28.86, -27.09, -29.38, -27.66, -26.21, -28.86, -28.86, -29.32, -29.84, -29.41, -28.67, -26.99, -27.55, -26.83, -28.10, -29.54, -29.30, -28.45, -29.37, -28.81, -29.16, -26.62,,,,,,,,,,,,
7F-CH-2.HB,(                ),,0.00,0.00,0.00,0.00,0.00,0.00,0.00,0.00,0.00,0.00,0.00,0.00,0.00,0.00,0.00,0.00,0.00,0.00,0.00,0.00,0.00,0.00,0.00,0.00,0.00,0.00,0.00,0.00,0.00,0.00,0.00,0.00,0.00,0.00,0.00,0.00,0.00,0.00,0.00,0.00,0.00,0.00,0.00,0.00,0.00,0.00,0.00,0.00,0.00,0.00,0.00,0.00,0.00,0.00,0.00,0.00,0.00,0.00,0.00,0.00,0.00,0.00,0.00,0.00,0.00,0.00,0.00,0.00,0.00,0.00,0.00,0.00,0.00,0.00,0.00,0.00,0.00,0.00,0.00,0.00,0.00,0.00,0.00,0.00,0.00,0.00,0.00,0.00,0.00,0.00,0.00,0.00,0.00,0.00,0.00,0.00,0.00,0.00,0.00,0.00,0.00,0.00,0.00,0.00,0.00,0.00,0.00,0.00,0.00,0.00,0.00,0.00,0.00,0.00,0.00,0.00,0.00,0.00,0.00,0.00,0.00,0.00,0.00,0.00,0.00,0.00,0.00,0.00,0.00,0.00,0.00,0.00,,,,,,,,,,,,
7F-CH-3.HB,(                ),,0.00,0.00,0.00,0.00,0.00,0.00,0.00,0.00,0.00,0.00,0.00,0.00,0.00,0.00,0.00,0.00,0.00,0.00,0.00,0.00,0.00,0.00,0.00,0.00,0.00,0.00,0.00,0.00,0.00,0.00,0.00,0.00,0.00,0.00,0.00,0.00,0.00,0.00,0.00,0.00,0.00,0.00,0.00,0.00,0.00,0.00,0.00,0.00,0.00,0.00,0.00,0.00,0.00,0.00,0.00,0.00,0.00,0.00,0.00,0.00,0.00,0.00,0.00,0.00,0.00,0.00,0.00,0.00,0.00,0.00,0.00,0.00,0.00,0.00,0.00,0.00,0.00,0.00,0.00,0.00,0.00,0.00,0.00,0.00,0.00,0.00,0.00,0.00,0.00,0.00,0.00,0.00,0.00,0.00,0.00,0.00,0.00,0.00,0.00,0.00,0.00,0.00,0.00,0.00,0.00,0.00,0.00,0.00,0.00,0.00,0.00,0.00,0.00,0.00,0.00,0.00,0.00,0.00,0.00,0.00,0.00,0.00,0.00,0.00,0.00,0.00,0.00,0.00,0.00,0.00,0.00,0.00,,,,,,,,,,,,
7F-CH-4.HB,(                ),,0.00,0.00,0.00,0.00,0.00,0.00,0.00,0.00,0.00,0.00,0.00,0.00,0.00,0.00,0.00,0.00,0.00,0.00,0.00,0.00,0.00,0.00,0.00,0.00,0.00,0.00,0.00,0.00,0.00,0.00,0.00,0.00,0.00,0.00,0.00,0.00,0.00,0.00,0.00,0.00,0.00,0.00,0.00,0.00,0.00,0.00,0.00,0.00,0.00,0.00,0.00,0.00,0.00,0.00,20.28, -1.46, -3.95, -4.28, -5.88, -7.44, -4.58, -7.28, -6.76, -3.38, -3.66, -8.88, -4.03, -3.06, -6.29, -6.89, -4.20, -3.10, -7.52, -5.73, -6.67, -4.73, -4.78, -5.09, -4.23, -3.60, -3.69, -5.44, -2.11, -3.79, -5.61, -5.00, -5.27, -4.66, -1.77, -4.84, -3.70, -5.54, -4.57, -6.95, -2.56, -4.25, -5.54, -4.42, -2.81, -7.15, -8.61, -7.06, -7.14, -3.34, -3.55, -6.38, -4.52, -7.51, -3.65, -6.62, -2.70, -7.73, -6.27, -3.23, -5.58, -5.46, -5.80, -5.73, -5.38, -5.57, -6.02, -7.21, -4.58, -4.94, -2.35, -1.69, -4.35, -4.29, -6.51,0.00,0.00,0.00,,,,,,,,,,,,
7F-CH-5.HB,(                ),,0.00,0.00,0.00,0.00,0.00,0.00,0.00,0.00,0.00,0.00,0.00,0.00,0.00,0.00,0.00,0.00,0.00,0.00,0.00,0.00,0.00,0.00,0.00,0.00,0.00,0.00,0.00,0.00,0.00,0.00,0.00,0.00,0.00,0.00,0.00,0.00,0.00,0.00,0.00,0.00,0.00,0.00,0.00,0.00,0.00,0.00,0.00,0.00,0.00,0.00,0.00,0.00,0.00,0.00,0.00,0.00,14.74,0.57, -1.21, -7.23,0.66, -3.04, -2.17, -0.69,2.46,1.79, -1.38, -1.22,0.16,1.45, -2.59,1.25,0.55,0.00,14.03,8.13,1.80,1.34,2.50,0.13, -0.76, -1.51, -0.16, -1.10,3.00, -3.36,5.46,0.86,1.70, -3.61,3.49, -1.84,1.76,2.07, -2.42, -2.33, -1.49, -2.73,1.37, -2.57,2.64,1.95, -3.43,0.85,3.03, -0.44, -6.22, -4.84, -3.88, -3.56,0.32, -1.63, -5.43, -0.70, -2.47,0.57, -0.65, -3.52, -4.87, -5.46,0.00,0.00,0.00,0.00,0.00,0.00,0.00,0.00,0.00,0.00,0.00,0.00,,,,,,,,,,,,
7F-CHSYS.HB,(                ),,0.00,0.00,0.00,0.00,0.00,0.00,0.00,0.00,0.00,0.00,0.00,0.00,0.00,0.00,0.00,0.00,0.00,0.00,0.00,0.00,0.00,0.00,0.00,0.00,0.00,0.00,0.00,0.00,0.00,0.00,0.00,0.00,0.00,0.00,0.00,0.00,0.00,0.00,0.00,0.00,0.00,0.00,0.00,0.00,0.00,0.00,0.00,0.00,0.00,0.00,0.00,310.30,1150.30, -28.72, -7.29, -43.90, -22.04, -32.46, -37.53, -45.91, -38.29, -29.34, -28.49, -31.58, -31.68, -20.99, -18.61, -18.36, -9.63, -12.54, -16.56, -6.10, -11.49, -17.43, -8.14, -13.13, -18.54, -10.45, -17.38, -19.68, -9.08, -12.21, -19.28, -12.02, -16.52, -19.93, -7.92, -10.66, -19.66, -12.30, -16.71, -20.94, -8.75, -18.24, -18.93, -11.00, -16.96, -19.69, -7.99, -21.85, -21.01, -10.85, -20.54, -18.73, -10.32, -22.71, -18.72, -13.45, -21.90, -20.69, -12.25, -23.25, -20.92, -13.18, -22.15, -20.57, -13.76, -22.91, -21.86, -14.71, -32.37, -29.75, -28.68, -29.13, -27.66, -32.21, -25.13, -27.42, -27.66, -40.34, -35.50, -36.34,,,,,,,,,,,,
CHP1F7:KW,(                ),kW,0.0,0.0,0.0,0.0,0.0,0.0,0.0,0.0,0.0,0.0,0.0,0.0,0.0,0.0,0.0,0.0,0.0,0.0,0.0,0.0,0.0,0.0,0.0,0.0,0.0,0.0,0.0,0.0,0.0,0.0,0.0,0.0,0.0,0.0,0.0,0.0,0.0,0.0,0.0,0.0,0.0,0.0,0.0,0.0,0.0,0.0,0.0,0.0,0.0,0.0,0.0,32.4,31.9,31.8,31.7,31.6,31.3,31.6,31.7,31.5,31.6,31.5,31.5,31.5,31.5,31.6,31.6,31.4,31.4,31.2,31.5,31.5,31.8,31.8,31.8,31.6,31.6,31.7,31.3,31.5,31.6,31.7,31.4,31.5,31.4,31.5,31.5,31.5,31.5,31.6,31.4,31.5,31.4,31.4,31.6,31.5,31.5,31.6,31.9,31.8,31.6,31.8,31.4,31.6,31.7,31.7,31.7,31.7,31.5,31.8,31.4,31.5,31.7,31.7,31.4,31.7,31.8,31.6,31.7,31.8,31.4,31.5,31.4,31.6,31.5,31.5,31.6,31.7,31.4,31.4,31.4,31.4,,,,,,,,,,,,
CHP2F7:KW,(                ),kW,0.0,0.0,0.0,0.0,0.0,0.0,0.0,0.0,0.0,0.0,0.0,0.0,0.0,0.0,0.0,0.0,0.0,0.0,0.0,0.0,0.0,0.0,0.0,0.0,0.0,0.0,0.0,0.0,0.0,0.0,0.0,0.0,0.0,0.0,0.0,0.0,0.0,0.0,0.0,0.0,0.0,0.0,0.0,0.0,0.0,0.0,0.0,0.0,0.0,0.0,0.0,0.0,0.0,0.0,0.0,0.0,0.0,0.0,0.0,0.0,0.0,0.0,0.0,0.0,0.0,0.0,0.0,0.0,0.0,0.0,0.0,0.0,0.0,0.0,0.0,0.0,0.0,0.0,0.0,0.0,0.0,0.0,0.0,0.0,0.0,0.0,0.0,0.0,0.0,0.0,0.0,0.0,0.0,0.0,0.0,0.0,0.0,0.0,0.0,0.0,0.0,0.0,0.0,0.0,0.0,0.0,0.0,0.0,0.0,0.0,0.0,0.0,0.0,0.0,0.0,0.0,0.0,0.0,0.0,0.0,0.0,0.0,0.0,0.0,0.0,0.0,0.0,0.0,0.0,0.0,0.0,0.0,,,,,,,,,,,,
CHP3F7:KW,(                ),kW,0.0,0.0,0.0,0.0,0.0,0.0,0.0,0.0,0.0,0.0,0.0,0.0,0.0,0.0,0.0,0.0,0.0,0.0,0.0,0.0,0.0,0.0,0.0,0.0,0.0,0.0,0.0,0.0,0.0,0.0,0.0,0.0,0.0,0.0,0.0,0.0,0.0,0.0,0.0,0.0,0.0,0.0,0.0,0.0,0.0,0.0,0.0,0.0,0.0,0.0,0.0,0.0,0.0,0.0,0.0,0.0,0.0,0.0,0.0,0.0,0.0,0.0,0.0,0.0,0.0,0.0,0.0,0.0,0.0,0.0,0.0,0.0,0.0,0.0,0.0,0.0,0.0,0.0,0.0,0.0,0.0,0.0,0.0,0.0,0.0,0.0,0.0,0.0,0.0,0.0,0.0,0.0,0.0,0.0,0.0,0.0,0.0,0.0,0.0,0.0,0.0,0.0,0.0,0.0,0.0,0.0,0.0,0.0,0.0,0.0,0.0,0.0,0.0,0.0,0.0,0.0,0.0,0.0,0.0,0.0,0.0,0.0,0.0,0.0,0.0,0.0,0.0,0.0,0.0,0.0,0.0,0.0,,,,,,,,,,,,
CHP4F7:KW,(                ),kW,0.0,0.0,0.0,0.0,0.0,0.0,0.0,0.0,0.0,0.0,0.0,0.0,0.0,0.0,0.0,0.0,0.0,0.0,0.0,0.0,0.0,0.0,0.0,0.0,0.0,0.0,0.0,0.0,0.0,0.0,0.0,0.0,0.0,0.0,0.0,0.0,0.0,0.0,0.0,0.0,0.0,0.0,0.0,0.0,0.0,0.0,0.0,0.0,0.0,0.0,0.0,0.0,0.0,31.2,30.8,30.7,30.7,30.7,30.4,30.9,30.7,30.5,30.5,30.7,30.6,30.5,30.5,30.8,30.4,30.6,30.4,30.5,30.5,30.9,31.1,30.8,30.9,30.8,30.6,30.6,30.7,30.3,30.6,30.4,30.6,30.5,30.5,30.6,30.6,30.9,30.6,30.6,30.8,30.6,30.3,30.4,30.7,30.7,30.6,30.5,30.8,30.7,30.8,30.8,30.7,30.7,30.5,30.7,30.5,30.8,30.6,30.6,30.7,30.8,30.8,30.4,30.7,30.5,30.9,30.9,30.5,30.4,30.6,30.8,30.5,30.6,30.8,30.8,30.7,0.0,0.0,0.0,,,,,,,,,,,,
CHP5F7:KW,(                ),kW,0.0,0.0,0.0,0.0,0.0,0.0,0.0,0.0,0.0,0.0,0.0,0.0,0.0,0.0,0.0,0.0,0.0,0.0,0.0,0.0,0.0,0.0,0.0,0.0,0.0,0.0,0.0,0.0,0.0,0.0,0.0,0.0,0.0,0.0,0.0,0.0,0.0,0.0,0.0,0.0,0.0,0.0,0.0,0.0,0.0,0.0,0.0,0.0,0.0,0.0,0.0,0.0,0.0,0.0,30.5,30.2,30.3,30.1,30.3,30.5,30.2,30.2,30.3,30.3,30.1,30.3,30.4,30.3,30.2,30.2,30.3,30.3,30.2,30.5,30.4,30.5,30.3,30.4,30.2,30.3,30.1,30.3,30.4,30.3,30.2,30.2,30.2,30.4,30.4,30.2,30.3,30.1,30.3,30.2,30.2,30.2,30.3,30.2,30.4,30.3,30.4,30.6,30.4,30.2,30.5,30.2,30.3,30.3,30.4,30.4,30.4,30.5,30.4,30.5,30.4,30.4,30.5,30.3,30.4,30.5,0.0,0.0,0.0,0.0,0.0,0.0,0.0,0.0,0.0,0.0,0.0,0.0,,,,,,,,,,,,
CHPF7-ALL.KW,(冰水泵系統功率  ),,0.0,0.0,0.0,0.0,0.0,0.0,0.0,0.0,0.0,0.0,0.0,0.0,0.0,0.0,0.0,0.0,0.0,0.0,0.0,0.0,0.0,0.0,0.0,0.0,0.0,0.0,0.0,0.0,0.0,0.0,0.0,0.0,0.0,0.0,0.0,0.0,0.0,0.0,0.0,0.0,0.0,0.0,0.0,0.0,0.0,0.0,0.0,0.0,0.0,0.0,0.0,32.4,31.9,63.0,93.1,92.5,92.2,92.5,92.4,92.9,92.5,92.2,92.4,92.4,92.2,92.4,92.4,92.5,91.9,92.0,92.2,92.3,92.5,93.2,93.4,92.9,92.7,92.8,92.1,92.3,92.4,92.4,92.4,92.1,92.2,92.2,92.2,92.5,92.6,92.6,92.4,92.3,92.5,92.2,92.2,92.1,92.5,92.5,92.9,92.7,92.8,93.0,92.6,92.6,92.9,92.6,92.6,92.7,92.4,93.0,92.4,92.6,92.7,92.9,92.6,92.5,92.9,92.5,93.0,93.1,61.9,61.9,61.9,62.4,62.0,62.1,62.3,62.5,62.1,31.4,31.4,31.4,,,,,,,,,,,,
CWP1F7:KW,(                ),kW,0.0,0.0,0.0,0.0,0.0,0.0,0.0,0.0,0.0,0.0,0.0,0.0,0.0,0.0,0.0,0.0,0.0,0.0,0.0,0.0,0.0,0.0,0.0,0.0,0.0,0.0,0.0,0.0,0.0,0.0,0.0,0.0,0.0,0.0,0.0,0.0,0.0,0.0,0.0,0.0,0.0,0.0,0.0,0.0,0.0,0.0,0.0,0.0,0.0,0.0,0.0,30.5,30.6,30.4,30.4,30.4,30.2,30.2,30.4,30.2,30.1,30.2,30.2,30.1,30.1,30.0,30.1,30.3,30.4,30.2,30.2,30.1,30.3,30.4,30.4,30.3,30.2,30.3,30.3,30.2,30.1,30.1,30.2,30.2,30.4,30.1,30.3,30.2,30.2,30.2,30.2,30.0,30.3,30.4,30.2,30.3,30.2,30.3,30.2,30.1,30.3,30.2,30.3,30.3,30.3,30.3,30.2,30.3,30.3,30.3,30.3,30.3,30.3,30.3,30.2,30.3,30.4,30.4,30.4,30.4,30.4,30.4,30.5,30.4,30.5,30.5,30.5,30.4,30.4,30.4,30.6,30.4,,,,,,,,,,,,
CWP2F7:KW,(                ),kW,0.0,0.0,0.0,0.0,0.0,0.0,0.0,0.0,0.0,0.0,0.0,0.0,0.0,0.0,0.0,0.0,0.0,0.0,0.0,0.0,0.0,0.0,0.0,0.0,0.0,0.0,0.0,0.0,0.0,0.0,0.0,0.0,0.0,0.0,0.0,0.0,0.0,0.0,0.0,0.0,0.0,0.0,0.0,0.0,0.0,0.0,0.0,0.0,0.0,0.0,0.0,0.0,0.0,0.0,0.0,0.0,0.0,0.0,0.0,0.0,0.0,0.0,0.0,0.0,0.0,0.0,0.0,0.0,0.0,0.0,0.0,0.0,0.0,0.0,0.0,0.0,0.0,0.0,0.0,0.0,0.0,0.0,0.0,0.0,0.0,0.0,0.0,0.0,0.0,0.0,0.0,0.0,0.0,0.0,0.0,0.0,0.0,0.0,0.0,0.0,0.0,0.0,0.0,0.0,0.0,0.0,0.0,0.0,0.0,0.0,0.0,0.0,0.0,0.0,0.0,0.0,0.0,0.0,0.0,0.0,0.0,0.0,0.0,0.0,0.0,0.0,0.0,0.0,0.0,0.0,0.0,0.0,,,,,,,,,,,,
CWP3F7:KW,(                ),kW,0.0,0.0,0.0,0.0,0.0,0.0,0.0,0.0,0.0,0.0,0.0,0.0,0.0,0.0,0.0,0.0,0.0,0.0,0.0,0.0,0.0,0.0,0.0,0.0,0.0,0.0,0.0,0.0,0.0,0.0,0.0,0.0,0.0,0.0,0.0,0.0,0.0,0.0,0.0,0.0,0.0,0.0,0.0,0.0,0.0,0.0,0.0,0.0,0.0,0.0,0.0,0.0,0.0,0.0,0.0,0.0,0.0,0.0,0.0,0.0,0.0,0.0,0.0,0.0,0.0,0.0,0.0,0.0,0.0,0.0,0.0,0.0,0.0,0.0,0.0,0.0,0.0,0.0,0.0,0.0,0.0,0.0,0.0,0.0,0.0,0.0,0.0,0.0,0.0,0.0,0.0,0.0,0.0,0.0,0.0,0.0,0.0,0.0,0.0,0.0,0.0,0.0,0.0,0.0,0.0,0.0,0.0,0.0,0.0,0.0,0.0,0.0,0.0,0.0,0.0,0.0,0.0,0.0,0.0,0.0,0.0,0.0,0.0,0.0,0.0,0.0,0.0,0.0,0.0,0.0,0.0,0.0,,,,,,,,,,,,
CWP4F7:KW,(                ),kW,0.0,0.0,0.0,0.0,0.0,0.0,0.0,0.0,0.0,0.0,0.0,0.0,0.0,0.0,0.0,0.0,0.0,0.0,0.0,0.0,0.0,0.0,0.0,0.0,0.0,0.0,0.0,0.0,0.0,0.0,0.0,0.0,0.0,0.0,0.0,0.0,0.0,0.0,0.0,0.0,0.0,0.0,0.0,0.0,0.0,0.0,0.0,0.0,0.0,0.0,0.0,0.0,0.0,29.7,29.6,29.5,29.4,29.5,29.4,29.5,29.3,29.4,29.3,29.4,29.3,29.3,29.4,29.4,29.4,29.2,29.4,29.4,29.5,29.5,29.5,29.4,29.4,29.6,29.5,29.3,29.3,29.3,29.3,29.3,29.4,29.3,29.6,29.5,29.4,29.4,29.3,29.4,29.4,29.4,29.4,29.4,29.4,29.4,29.4,29.3,29.3,29.4,29.5,29.4,29.6,29.4,29.5,29.5,29.5,29.5,29.6,29.5,29.4,29.5,29.5,29.4,29.6,29.6,29.5,29.5,29.5,29.4,29.5,29.5,29.6,29.5,29.6,29.6,29.5,0.0,0.0,0.0,,,,,,,,,,,,
CWP5F7:KW,(                ),kW,0.0,0.0,0.0,0.0,0.0,0.0,0.0,0.0,0.0,0.0,0.0,0.0,0.0,0.0,0.0,0.0,0.0,0.0,0.0,0.0,0.0,0.0,0.0,0.0,0.0,0.0,0.0,0.0,0.0,0.0,0.0,0.0,0.0,0.0,0.0,0.0,0.0,0.0,0.0,0.0,0.0,0.0,0.0,0.0,0.0,0.0,0.0,0.0,0.0,0.0,0.0,0.0,0.0,0.0,35.6,35.4,35.3,35.4,35.3,35.4,35.1,35.1,35.1,35.1,35.1,35.0,35.1,35.0,35.1,35.2,35.2,35.1,35.4,35.2,35.3,35.4,35.3,35.3,35.3,35.1,35.2,35.0,35.0,35.0,35.0,35.0,35.2,35.0,35.0,34.9,35.0,35.1,35.0,35.2,35.2,35.2,35.0,35.0,35.0,35.1,35.2,35.1,35.1,34.9,35.2,35.2,35.2,35.1,35.2,35.2,35.2,35.2,35.1,35.1,35.2,35.2,35.3,35.2,35.2,35.4,0.0,0.0,0.0,0.0,0.0,0.0,0.0,0.0,0.0,0.0,0.0,0.0,,,,,,,,,,,,
CWPF7-ALL.KW,(冷卻水泵系統功率),,0.0,0.0,0.0,0.0,0.0,0.0,0.0,0.0,0.0,0.0,0.0,0.0,0.0,0.0,0.0,0.0,0.0,0.0,0.0,0.0,0.0,0.0,0.0,0.0,0.0,0.0,0.0,0.0,0.0,0.0,0.0,0.0,0.0,0.0,0.0,0.0,0.0,0.0,0.0,0.0,0.0,0.0,0.0,0.0,0.0,0.0,0.0,0.0,0.0,0.0,0.0,30.5,30.6,60.2,95.6,95.3,94.9,95.1,95.0,95.1,94.6,94.6,94.6,94.6,94.6,94.4,94.5,94.7,94.9,94.6,94.8,94.6,95.2,95.1,95.1,95.1,94.9,95.2,95.1,94.7,94.7,94.4,94.4,94.5,94.8,94.3,95.1,94.7,94.6,94.5,94.5,94.5,94.7,95.0,94.7,94.9,94.6,94.7,94.6,94.5,94.8,94.8,94.9,94.6,95.1,94.8,94.9,95.0,95.0,95.0,95.0,94.9,94.8,94.9,94.9,95.0,95.2,95.3,95.0,95.4,59.8,59.8,60.0,59.9,60.1,60.0,60.1,60.0,59.9,30.4,30.6,30.4,,,,,,,,,,,,
CH-B1-1.CST,(冰水送水溫度    ),DEG C,12.02,12.05,12.05,12.13,12.13,12.13,12.12,12.11,12.07,12.09,11.98,11.92,12.17,12.24,12.35,12.47,12.59,12.79,12.99,13.13,13.30,13.51,13.77,13.96,14.15,14.36,14.55,14.70,14.91,15.13,15.33,15.52,15.73,15.90,16.13,16.33,16.48,16.61,16.79,16.94,17.05,17.20,17.36,17.52,17.64,20.89,18.91,15.64,12.36,8.65,11.19,12.48,6.40,10.62,14.13,9.77,7.70,8.09,7.67,8.13,8.32,8.16,8.75,7.88,8.26,7.56,7.50,7.67,7.44,7.72,7.16,7.87,7.49,8.03,7.25,7.90,7.41,7.58,7.51,7.47,7.47,7.70,7.51,7.55,7.51,7.54,7.57,7.64,7.58,7.62,7.64,7.43,7.35,7.52,7.14,7.65,7.42,7.57,7.18,7.40,7.19,7.30,7.29,6.96,7.33,7.14,7.43,7.08,7.28,7.13,6.75,7.08,6.86,6.99,6.94,7.01,7.10,6.80,6.97,6.95,6.74,6.96,6.68,6.89,6.65,6.88,7.18,6.85,7.10,6.76,6.92,6.93,,,,,,,,,,,,
CH-B1-2.CST,(冰水送水溫度    ),DEG C,11.98,12.00,12.07,12.09,12.06,12.03,11.98,11.85,11.72,11.64,11.72,11.80,11.92,12.07,12.22,12.30,12.41,12.53,12.65,12.77,12.93,13.12,13.32,13.56,13.77,13.98,14.16,14.39,14.54,14.77,14.95,15.17,15.36,15.54,15.72,15.91,16.13,16.27,16.42,16.58,16.73,16.89,17.02,17.16,17.31,21.67,20.21,19.09,15.56,12.03,10.72,8.30,11.83,10.11,12.10,9.62,9.72,12.15,7.88,11.35,9.27,11.09,11.03,11.47,11.51,7.55,11.66,8.06,11.66,8.32,11.13,8.62,11.33,10.26,11.16,11.28,7.59,11.66,7.50,11.55,7.49,11.77,7.48,11.63,7.57,11.53,8.02,11.72,7.58,11.56,7.56,11.47,8.35,11.64,11.12,10.71,11.21,9.81,11.36,8.49,11.33,7.54,11.45,11.02,10.34,11.07,8.69,11.22,7.58,11.31,10.89,9.86,11.00,7.82,11.06,10.74,10.05,10.87,7.95,11.08,10.70,10.22,10.92,8.54,11.18,10.96,11.48,11.08,9.83,11.18,8.13,11.45,,,,,,,,,,,,
CHW.ST,(冰水總出水溫度  ),DEG C,12.6,12.6,12.6,12.6,12.6,12.6,12.6,12.7,12.7,12.7,12.7,12.7,13.0,13.1,13.3,13.6,13.9,14.0,14.3,14.4,14.6,14.8,15.1,15.2,15.4,15.7,15.8,15.9,16.2,16.5,16.6,16.7,17.0,17.1,17.3,17.4,17.7,17.8,17.8,18.0,18.1,18.2,18.4,18.4,18.5,21.2,19.3,16.6,13.2,10.4,10.9,10.4,9.2,10.3,13.1,9.7,8.4,10.1,7.8,9.7,8.8,9.6,9.9,9.7,9.9,7.6,9.6,7.9,9.5,8.0,9.1,8.3,9.4,9.2,9.2,9.6,7.5,9.6,7.5,9.5,7.5,9.7,7.5,9.6,7.5,9.5,7.8,9.7,7.6,9.6,7.6,9.4,7.7,9.6,9.1,9.2,9.3,8.7,9.3,8.0,9.3,7.4,9.4,9.0,8.9,9.1,8.1,9.2,7.4,9.2,8.8,8.5,8.9,7.4,9.0,8.9,8.6,8.8,7.5,9.1,8.7,8.6,8.8,7.8,8.9,8.8,9.3,9.0,8.5,9.0,7.5,9.2,,,,,,,,,,,,
CH-B1-1.CRT,(冰水進水溫度    ),DEG C,13.19,13.29,13.37,13.44,13.52,13.57,13.62,13.66,13.69,13.72,13.74,13.76,13.77,13.79,13.80,13.81,13.82,13.83,13.84,13.84,13.85,13.87,13.88,13.91,13.94,13.99,14.05,14.11,14.19,14.27,14.37,14.45,14.57,14.67,14.78,14.89,15.01,15.14,15.26,15.38,15.50,15.62,15.75,15.87,16.01,22.17,20.65,19.52,16.72,13.81,11.22,12.51,12.00,10.68,14.20,13.78,11.54,12.17,11.64,12.14,12.34,12.02,12.76,11.79,12.38,11.58,11.58,11.77,11.55,11.83,11.18,11.99,11.48,12.12,11.15,11.98,11.37,11.65,11.51,11.52,11.49,11.78,11.51,11.61,11.52,11.58,11.58,11.69,11.51,11.56,11.61,11.54,11.47,11.69,11.13,11.77,11.53,11.80,11.38,11.53,11.28,11.40,11.57,11.20,11.63,11.32,11.64,11.26,11.48,11.46,11.11,11.41,11.09,11.24,11.15,10.84,11.32,11.00,11.23,11.23,10.94,11.27,11.03,11.32,11.04,11.21,11.47,11.13,11.48,11.15,11.30,11.08,,,,,,,,,,,,
CH-B1-2.CRT,(冰水進水溫度    ),DEG C,13.09,13.21,13.30,13.39,13.47,13.56,13.62,13.71,13.80,13.90,13.97,14.06,14.14,14.23,14.28,14.38,14.43,14.50,14.56,14.61,14.67,14.73,14.77,14.81,14.85,14.89,14.93,14.96,14.99,15.03,15.07,15.10,15.14,15.18,15.21,15.25,15.30,15.36,15.39,15.45,15.51,15.56,15.62,15.69,15.74,21.37,20.20,19.05,15.40,13.72,10.74,12.22,11.81,10.02,13.45,13.17,10.74,12.15,11.52,11.35,12.06,11.12,12.02,11.44,12.31,11.25,11.66,11.48,11.66,11.55,11.13,11.67,11.33,11.97,10.95,11.93,11.04,11.66,11.16,11.55,11.22,11.77,11.15,11.63,11.29,11.53,11.33,11.72,11.22,11.56,11.19,11.47,11.02,11.64,11.16,11.73,11.19,11.58,11.35,11.31,11.32,10.92,11.45,11.04,11.43,11.09,11.26,11.21,10.84,11.31,10.87,11.11,10.99,10.76,11.05,10.76,11.10,10.87,10.78,11.08,10.68,11.22,10.95,11.13,11.17,10.70,11.48,11.06,11.34,11.18,11.16,11.45,,,,,,,,,,,,
CHW.RT,(冰水總回水溫度  ),DEG C,15.6,15.8,15.8,15.8,15.8,15.9,16.1,16.4,16.8,17.3,17.5,17.9,18.3,18.4,18.6,18.9,19.1,19.3,19.5,19.7,19.9,19.9,20.1,20.1,20.2,20.4,20.5,20.6,20.7,20.8,21.0,21.1,21.2,21.2,21.3,21.4,21.5,21.6,21.7,21.7,21.8,21.9,21.9,22.0,22.1,22.4,20.8,19.8,17.3,14.4,12.2,12.7,12.2,11.3,13.7,14.5,12.2,12.1,12.2,11.4,12.4,12.0,12.4,12.2,12.0,12.3,11.2,12.2,11.2,12.2,11.9,12.2,11.4,12.0,11.8,11.8,12.1,11.5,12.1,11.3,12.1,11.7,12.1,11.4,12.1,11.3,12.1,11.5,12.1,11.3,12.0,11.3,12.0,11.7,11.8,11.7,11.6,11.8,11.3,11.7,11.1,11.8,11.5,11.6,11.6,11.3,11.6,10.9,11.7,11.4,11.5,11.4,11.0,11.4,11.0,11.3,11.1,10.9,11.2,10.9,11.3,11.2,11.1,11.5,11.1,11.7,11.6,11.7,11.7,11.4,11.8,11.3,,,,,,,,,,,,
CH-B1-1.CHDT,(冰水溫差        ),DEG C,1.2,1.2,1.3,1.3,1.4,1.4,1.5,1.6,1.6,1.6,1.8,1.8,1.6,1.5,1.5,1.3,1.2,1.0,0.9,0.7,0.6,0.4,0.1, -0.1, -0.2, -0.4, -0.5, -0.6, -0.7, -0.9, -1.0, -1.1, -1.2, -1.2, -1.4, -1.4, -1.5, -1.5, -1.5, -1.6, -1.6, -1.6, -1.6, -1.6, -1.6,1.3,1.7,3.9,4.4,5.2,0.0,0.0,5.6,0.1,0.1,4.0,3.8,4.1,4.0,4.0,4.0,3.9,4.0,3.9,4.1,4.0,4.1,4.1,4.1,4.1,4.0,4.1,4.0,4.1,3.9,4.1,4.0,4.1,4.0,4.1,4.0,4.1,4.0,4.1,4.0,4.0,4.0,4.1,3.9,3.9,4.0,4.1,4.1,4.2,4.0,4.1,4.1,4.2,4.2,4.1,4.1,4.1,4.3,4.2,4.3,4.2,4.2,4.2,4.2,4.3,4.4,4.3,4.2,4.2,4.2,3.8,4.2,4.2,4.3,4.3,4.2,4.3,4.3,4.4,4.4,4.3,4.3,4.3,4.4,4.4,4.4,4.1,,,,,,,,,,,,
CH-B1-2.CHDT,(冰水溫差        ),DEG C,1.1,1.2,1.2,1.3,1.4,1.5,1.6,1.9,2.1,2.3,2.3,2.3,2.2,2.2,2.1,2.1,2.0,2.0,1.9,1.8,1.7,1.6,1.5,1.3,1.1,0.9,0.8,0.6,0.4,0.3,0.1, -0.1, -0.2, -0.4, -0.5, -0.7, -0.8, -0.9, -1.0, -1.1, -1.2, -1.3, -1.4, -1.5, -1.6, -0.3, -0.0, -0.0, -0.2,1.7,0.0,3.9, -0.0, -0.1,1.3,3.6,1.3, -0.0,3.6, -0.0,2.8,0.0,1.0, -0.0,0.8,3.7,0.0,3.4, -0.0,3.2, -0.0,3.0, -0.0,1.7, -0.2,0.6,3.4,0.0,3.7, -0.0,3.7, -0.0,3.7, -0.0,3.7, -0.0,3.3, -0.0,3.6, -0.0,3.6,0.0,2.7, -0.0,0.0,1.0, -0.0,1.8, -0.0,2.8, -0.0,3.4, -0.0,0.0,1.1,0.0,2.5, -0.0,3.3, -0.0, -0.0,1.2, -0.0,2.9, -0.0,0.0,1.0, -0.0,2.8,0.0, -0.0,1.0,0.0,2.6, -0.0, -0.1, -0.0, -0.0,1.5, -0.0,3.0,0.0,,,,,,,,,,,,
CH-B1.CHDT,(冰水系統溫差    ),DEG C,3.0,3.3,3.2,3.2,3.2,3.3,3.4,3.8,4.1,4.6,4.8,5.1,5.3,5.4,5.3,5.3,5.2,5.3,5.2,5.3,5.2,5.1,5.0,4.9,4.8,4.6,4.7,4.7,4.5,4.3,4.3,4.3,4.1,4.1,4.0,4.0,3.8,3.8,3.9,3.8,3.6,3.7,3.6,3.6,3.6,1.2,1.5,3.1,4.1,4.0,1.3,2.3,2.9,1.0,0.6,4.7,3.9,2.0,4.4,1.6,3.6,2.4,2.5,2.5,2.1,4.7,1.7,4.3,1.7,4.2,2.8,3.9,2.0,2.9,2.5,2.2,4.6,1.9,4.6,1.8,4.6,2.0,4.6,1.8,4.5,1.7,4.3,1.8,4.5,1.7,4.4,1.8,4.3,2.1,2.6,2.5,2.3,3.1,2.1,3.8,1.8,4.3,2.2,2.7,2.7,2.2,3.5,1.8,4.2,2.2,2.7,2.9,2.1,4.0,2.0,2.4,2.6,2.1,3.7,1.8,2.6,2.6,2.3,3.7,2.1,3.0,2.3,2.8,3.2,2.4,4.3,2.2,,,,,,,,,,,,
CH-B1-1.CFM,(流量回受值      ),,6,8,8,8,8,8,8,8,8,6,8,8,8,8,8,8,8,8,8,8,8,8,8,8,8,6,8,6,8,8,8,8,8,6,8,6,6,8,6,6,6,8,8,8,6,5367,5180,5129,5039,3749,3040,2993,3003,2942,3865,5251,4959,4799,4842,4920,4958,5148,5106,4998,4866,4781,4741,4678,4647,4695,4673,4740,4831,4848,4891,4888,4855,4804,4834,4754,4809,4814,4851,4799,4829,4814,4826,4856,4811,4779,4705,4660,4618,4550,4605,4455,4455,4465,4418,4462,4474,4341,4273,4309,4314,4273,4316,4295,4288,4291,4237,4270,4286,4280,4243,4256,4266,4271,4296,4270,4281,4229,4253,4256,4288,4253,4256,4230,4250,4258,4231,4163,,,,,,,,,,,,
CH-B1-2.CFM,(流量回受值      ),,4,6,6,6,4,6,6,6,6,4,6,6,6,6,6,6,6,6,6,6,4,5,5,5,5,5,5,5,5,5,5,5,5,5,5,5,5,5,5,5,5,5,5,5,5,2096,1757,1604,1406,3265,2628,2669,2717,2722,3120,4454,4132,3962,3977,4050,4073,4294,4238,4152,3860,3874,3844,3865,3812,3852,3857,3851,3897,3932,4004,3908,3932,3902,3913,3847,3879,3860,3884,3863,3882,3891,3868,3884,3854,3869,3858,3829,3804,3783,3796,3723,3713,3761,3738,3763,3737,3654,3600,3615,3599,3580,3571,3572,3581,3570,3552,3532,3565,3562,3581,3625,3568,3581,3524,3510,3509,3458,3488,3506,3483,3499,3535,3521,3498,3521,3447,3425,,,,,,,,,,,,
CH-B1.CFM,(冰水系統總流量  ),,0,0,0,0,0,0,0,0,0,0,0,0,0,0,0,0,0,0,0,0,0,0,0,0,0,0,0,0,0,0,0,0,0,0,0,0,0,0,0,0,0,0,0,0,0,5341,5185,5129,5039,7015,5660,5663,5734,5665,6961,9737,9084,8766,8819,8971,9031,9449,9327,9150,8746,8656,8594,8553,8469,8548,8531,8592,8732,8786,8896,8796,8788,8695,8747,8615,8688,8675,8735,8662,8710,8706,8694,8729,8666,8648,8564,8502,8421,8329,8402,8179,8169,8226,8157,8218,8212,7993,7885,7925,7894,7864,7888,7868,7889,7862,7789,7802,7851,7843,7824,7880,7830,7852,7823,7781,7790,7694,7741,7762,7770,7767,7796,7754,7756,7779,7679,4163,,,,,,,,,,,,
CH-B1-1.CWST,(冷卻水進水溫度  ),DEG C,28.97,28.97,28.98,28.99,29.00,29.00,29.01,29.01,29.02,29.02,29.03,29.03,29.03,29.03,29.03,29.04,29.03,29.03,29.04,29.04,29.03,29.03,29.03,29.03,29.03,29.03,29.03,29.02,29.02,29.02,29.02,29.02,29.01,29.01,29.01,29.00,29.00,29.00,28.99,28.99,28.98,28.98,28.98,28.97,28.96,26.57,27.96,29.80,30.63,31.25,29.70,28.09,30.19,31.46,27.88,29.61,30.95,28.72,29.11,29.03,28.31,29.76,28.18,29.35,28.13,29.23,28.64,28.64,28.68,28.44,29.38,28.20,28.87,28.01,29.52,28.07,28.91,28.30,28.65,28.20,28.42,28.11,28.78,28.17,28.52,28.26,28.22,27.84,30.64,31.54,31.71,28.58,28.19,28.50,31.02,30.81,30.73,27.96,27.87,29.45,30.90,31.50,28.72,28.52,28.86,30.56,30.74,31.44,31.46,28.26,27.82,28.92,30.21,30.38,30.53,31.41,30.58,31.01,30.91,30.99,31.77,31.38,29.96,27.94,28.35,30.36,30.94,30.91,28.11,27.68,29.59,30.79,,,,,,,,,,,,
CH-B1-2.CWST,(冷卻水進水溫度  ),DEG C,29.00,29.01,29.02,29.03,29.04,29.05,29.06,29.07,29.08,29.08,29.09,29.10,29.10,29.11,29.11,29.12,29.12,29.12,29.12,29.12,29.13,29.13,29.13,29.13,29.13,29.13,29.13,29.13,29.13,29.13,29.13,29.13,29.13,29.13,29.12,29.12,29.12,29.12,29.11,29.11,29.11,29.11,29.11,29.10,29.10,29.10,29.09,29.08,29.08,31.25,29.74,28.10,30.19,31.50,27.91,29.58,30.98,28.75,29.12,29.06,28.33,29.77,28.21,29.36,28.16,29.22,28.67,28.66,28.71,28.45,29.39,28.21,28.91,28.02,29.53,28.10,28.92,28.32,28.66,28.22,28.42,28.14,28.79,28.19,28.52,28.29,28.23,27.86,30.62,31.57,31.76,28.62,28.19,28.52,31.02,30.83,30.79,28.00,27.90,29.45,30.92,31.50,28.75,28.53,28.87,30.58,30.75,31.46,31.47,28.30,27.83,28.94,30.22,30.40,30.55,31.41,30.60,31.02,30.92,31.02,31.77,31.40,30.01,27.96,28.34,30.36,30.96,30.94,28.14,27.70,29.60,30.81,,,,,,,,,,,,
CW.ST,(冷卻水總出水溫度),DEG C,28.71,28.70,28.69,28.67,28.65,28.63,28.61,28.58,28.56,28.53,28.51,28.48,28.46,28.44,28.41,28.39,28.36,28.34,28.31,28.29,28.27,28.24,28.22,28.20,28.18,28.15,28.13,28.11,28.09,28.06,28.04,28.02,28.00,27.98,27.96,27.95,27.92,27.90,27.88,27.86,27.84,27.83,27.81,27.79,27.77,27.53,29.42,33.10,34.51,33.98,29.82,29.24,32.02,31.56,28.45,33.37,34.52,30.85,33.01,31.15,31.75,31.80,30.82,31.42,30.50,33.07,30.77,32.31,30.78,32.05,31.38,31.74,31.05,30.94,31.56,30.31,32.75,30.35,32.50,30.28,32.15,30.24,32.66,30.27,32.37,30.39,31.88,29.91,34.35,33.62,35.67,30.73,31.88,30.53,32.95,33.32,32.96,30.90,29.95,32.71,32.94,35.01,30.82,30.50,31.34,32.63,33.61,33.42,34.94,30.38,29.78,31.46,32.16,33.68,32.54,33.19,33.06,32.96,34.12,32.96,33.64,33.78,32.09,30.83,30.20,32.94,32.94,32.98,30.84,29.72,32.89,32.67,,,,,,,,,,,,
CH-B1-1.CWRT,(冷卻水出水溫度  ),,28.97,28.99,29.00,29.00,29.01,29.01,29.01,29.01,29.01,29.01,29.00,29.00,28.99,28.99,28.98,28.98,28.97,28.96,28.96,28.95,28.94,28.93,28.92,28.91,28.89,28.88,28.87,28.86,28.85,28.84,28.82,28.81,28.80,28.78,28.77,28.76,28.74,28.73,28.71,28.70,28.69,28.67,28.66,28.65,28.63,27.65,29.48,33.18,34.53,35.42,29.83,28.08,33.99,31.56,27.95,33.64,35.08,32.92,33.20,33.22,32.49,33.86,32.45,33.44,32.35,33.26,32.79,32.73,32.81,32.54,33.39,32.33,33.05,32.17,33.54,32.26,32.97,32.42,32.71,32.32,32.45,32.28,32.85,32.31,32.59,32.42,32.31,31.97,34.57,35.62,35.83,32.75,32.24,32.59,34.95,34.89,34.91,32.13,31.99,33.46,34.94,35.46,32.84,32.54,32.91,34.60,34.73,35.41,35.46,32.39,31.82,32.95,34.17,34.36,34.54,35.07,34.61,34.95,34.88,34.90,35.64,35.36,34.05,32.00,32.27,34.24,34.94,34.95,32.24,31.74,33.57,34.52,,,,,,,,,,,,
CH-B1-2.CWRT,(冷卻水出水溫度  ),,29.08,29.08,29.08,29.09,29.09,29.08,29.08,29.08,29.07,29.07,29.07,29.06,29.06,29.05,29.04,29.04,29.03,29.02,29.02,29.01,29.00,28.99,28.98,28.98,28.97,28.96,28.95,28.94,28.93,28.92,28.91,28.90,28.89,28.88,28.86,28.85,28.85,28.83,28.82,28.81,28.80,28.78,28.77,28.76,28.75,28.73,28.71,28.68,28.71,32.65,29.93,30.63,30.20,31.67,29.07,33.36,33.69,28.87,32.98,29.19,31.16,29.88,29.27,29.58,28.80,33.04,28.83,32.06,28.84,31.70,29.53,31.31,29.12,29.84,29.83,28.58,32.63,28.41,32.46,28.34,32.07,28.27,32.61,28.32,32.31,28.44,31.61,27.96,34.30,31.70,35.61,28.80,31.45,28.58,31.07,31.82,31.03,29.79,28.02,32.14,31.03,34.74,28.89,28.61,29.89,30.72,32.78,31.52,34.59,28.45,27.88,30.10,30.27,33.16,30.65,31.44,31.64,31.09,33.51,31.13,31.81,32.30,30.20,29.97,28.31,31.35,31.02,31.13,29.58,27.80,32.34,30.91,,,,,,,,,,,,
CW.RT,(冷卻水總回水溫度),DEG C,28.57,28.54,28.51,28.47,28.44,28.40,28.36,28.32,28.29,28.25,28.22,28.18,28.15,28.12,28.09,28.06,28.02,28.00,27.96,27.94,27.91,27.88,27.85,27.83,27.80,27.78,27.75,27.73,27.71,27.68,27.66,27.64,27.62,27.59,27.57,27.55,27.53,27.51,27.49,27.47,27.45,27.43,27.41,27.39,27.38,26.59,27.99,29.82,30.64,31.27,29.62,28.10,30.21,31.40,27.86,29.67,30.93,28.71,29.11,29.02,28.32,29.77,28.18,29.36,28.12,29.26,28.63,28.66,28.65,28.44,29.38,28.21,28.85,28.01,29.51,28.05,28.92,28.29,28.67,28.20,28.44,28.10,28.80,28.16,28.52,28.23,28.24,27.85,30.68,31.52,31.63,28.56,28.21,28.51,31.04,30.81,30.68,27.94,27.86,29.47,30.87,31.51,28.70,28.52,28.86,30.55,30.76,31.44,31.45,28.23,27.87,28.92,30.22,30.39,30.53,31.44,30.57,31.02,30.91,30.98,31.80,31.37,29.93,27.94,28.38,30.42,30.96,30.88,28.09,27.69,29.61,30.79,,,,,,,,,,,,
CH-B1-1.CWDT,(冷卻水溫差      ),DEG C,0.0,0.0,0.0,0.0,0.0,0.0,0.0, -0.0, -0.0, -0.0, -0.0, -0.0, -0.0, -0.0, -0.1, -0.1, -0.1, -0.1, -0.1, -0.1, -0.1, -0.1, -0.1, -0.1, -0.1, -0.1, -0.2, -0.2, -0.2, -0.2, -0.2, -0.2, -0.2, -0.2, -0.2, -0.2, -0.3, -0.3, -0.3, -0.3, -0.3, -0.3, -0.3, -0.3, -0.3,1.1,1.5,3.4,3.9,4.2,0.1, -0.0,3.8,0.1,0.1,4.0,4.1,4.2,4.1,4.2,4.2,4.1,4.3,4.1,4.2,4.0,4.2,4.1,4.1,4.1,4.0,4.1,4.2,4.2,4.0,4.2,4.1,4.1,4.1,4.1,4.0,4.2,4.1,4.1,4.1,4.2,4.1,4.1,3.9,4.1,4.1,4.2,4.0,4.1,3.9,4.1,4.2,4.2,4.1,4.0,4.0,4.0,4.1,4.0,4.1,4.0,4.0,4.0,4.0,4.1,4.0,4.0,4.0,4.0,4.0,3.7,4.0,3.9,4.0,3.9,3.9,4.0,4.1,4.1,3.9,3.9,4.0,4.0,4.1,4.1,4.0,3.7,,,,,,,,,,,,
CH-B1-2.CWDT,(冷卻水溫差      ),DEG C,0.1,0.1,0.1,0.1,0.0,0.0,0.0,0.0, -0.0, -0.0, -0.0, -0.0, -0.0, -0.1, -0.1, -0.1, -0.1, -0.1, -0.1, -0.1, -0.1, -0.1, -0.1, -0.2, -0.2, -0.2, -0.2, -0.2, -0.2, -0.2, -0.2, -0.2, -0.2, -0.3, -0.3, -0.3, -0.3, -0.3, -0.3, -0.3, -0.3, -0.3, -0.3, -0.3, -0.3, -0.4, -0.4, -0.4, -0.4,1.4,0.2,2.5,0.0,0.2,1.2,3.8,2.8,0.1,3.9,0.1,2.8,0.1,1.1,0.2,0.6,3.8,0.2,3.4,0.1,3.2,0.1,3.1,0.2,1.8,0.3,0.4,3.7,0.1,3.8,0.1,3.6,0.1,3.8,0.1,3.8,0.2,3.4,0.1,3.7,0.1,3.8,0.2,3.3,0.1,0.1,1.0,0.2,1.8,0.1,2.7,0.1,3.2,0.1,0.1,1.0,0.1,2.0,0.1,3.1,0.2,0.1,1.1,0.1,2.8,0.1,0.0,1.0,0.1,2.6,0.1,0.0,0.9,0.2,2.0, -0.0,1.2,0.1,0.2,1.4,0.1,2.7,0.1,,,,,,,,,,,,
CH-B1.CWDT,(冷卻水系統溫差  ),DEG C,0.1,0.2,0.2,0.2,0.2,0.2,0.2,0.3,0.3,0.3,0.3,0.3,0.3,0.3,0.3,0.3,0.3,0.3,0.3,0.4,0.4,0.4,0.4,0.4,0.4,0.4,0.4,0.4,0.4,0.4,0.4,0.4,0.4,0.4,0.4,0.4,0.4,0.4,0.4,0.4,0.4,0.4,0.4,0.4,0.4,0.9,1.4,3.3,3.9,2.7,0.2,1.1,1.8,0.2,0.6,3.7,3.6,2.1,3.9,2.1,3.4,2.0,2.6,2.1,2.4,3.8,2.2,3.6,2.1,3.6,2.0,3.5,2.2,2.9,2.0,2.2,3.8,2.1,3.8,2.1,3.7,2.1,3.9,2.1,3.8,2.2,3.6,2.1,3.7,2.1,4.0,2.2,3.7,2.0,1.9,2.5,2.3,2.9,2.1,3.2,2.1,3.5,2.1,2.0,2.5,2.1,2.8,2.0,3.5,2.2,1.9,2.5,1.9,3.3,2.0,1.8,2.5,1.9,3.2,2.0,1.8,2.4,2.2,2.9,1.8,2.7,2.0,2.1,2.8,2.0,3.3,1.9,,,,,,,,,,,,
CH-B1-1.CWFM,(流量回受值      ),,4,6,6,6,6,6,6,6,6,6,6,6,5,5,5,5,5,5,5,5,5,5,5,5,7,5,6,4,6,6,6,6,6,6,6,6,6,5,5,6,6,6,7,5,4,5757,5821,5909,5915,5036,4959,4893,5051,4979,4877,4996,5042,5009,5037,5031,5008,5076,4981,5031,4981,5044,5019,4973,4949,4949,5012,4976,5021,4922,5054,5014,4984,4968,4997,5006,4990,5016,4979,4988,5009,4998,4984,4945,5053,5067,5084,4980,4987,4968,5069,5032,5050,4927,4936,5002,5044,5088,4994,4991,4964,5080,5072,5015,5061,4936,5008,4986,5072,5030,5023,5009,5039,5033,5029,5053,5015,5033,5077,4925,4935,5035,5059,5065,4924,4952,5039,5054,,,,,,,,,,,,
CH-B1-2.CWFM,(流量回受值      ),,0,0,0,0,0,0,0,0,0,0,0,0,0,0,0,0,0,0,0,0,0,0,0,0,0,0,0,0,0,0,0,0,0,0,0,0,0,0, -2,0,0,0,0,0,0,0,0,0,0,5028,5013,4965,4974,4991,4967,4993,5043,4963,4988,4973,4956,4940,4949,4956,4935,4977,4942,5000,4947,4989,4956,4952,4958,4949,4960,4935,5001,4912,4974,4891,4989,4906,4989,4911,4993,4933,4937,4906,4999,4979,5054,4945,4971,4902,4946,4965,4954,4949,4899,4988,4956,5012,4940,4914,4966,4943,5006,4964,5011,4917,4899,4949,4958,4979,4942,4973,4961,4928,4987,4940,5000,5002,4964,4958,4908,4952,4933,4962,4949,4899,5016,4929,,,,,,,,,,,,
CH-B1.CWFM,(冷卻水系統總流量),,0,0,0,0,0,0,0,0,0,0,0,0,0,0,0,0,0,0,0,0,0,0,0,0,0,0,0,0,0,0,0,0,0,0,0,0,0,0,0,0,0,0,0,0,0,5753,5819,5905,5915,10064,9968,9859,10008,9971,9839,10003,10084,9989,10025,10004,9964,10022,9949,9988,9928,10043,9973,9966,9912,9938,9969,9923,9981,9872,10014,9950,9980,9888,9972,9907,9979,9923,9968,9899,10003,9942,9924,9848,10052,10047,10131,9913,9989,9877,10016,9998,10004,9877,9826,9994,10001,10108,9919,9905,9918,10016,10079,9979,10048,9871,9907,9935,10031,10009,9965,9983,10003,9961,10011,9993,10016,10047,10041,9884,9840,10002,9983,10033,9876,9852,10056,5054,,,,,,,,,,,,
CH1B1:KW,(                ),kW,0.5,0.5,0.5,0.5,0.5,0.5,0.5,0.5,0.5,0.5,0.5,0.5,0.5,0.5,0.5,0.5,0.5,0.5,0.5,0.5,0.5,0.5,0.5,0.5,0.5,0.5,0.5,0.5,0.5,0.5,0.5,0.5,0.5,0.5,0.5,0.5,0.5,0.5,0.5,0.5,0.5,0.5,0.5,0.5,0.5,0.5,0.5,0.5,0.5,0.5,0.5,0.5,0.5,0.5,0.5,0.5,0.5,0.5,0.5,0.5,0.5,0.5,0.5,0.5,0.5,0.5,0.5,0.5,0.5,0.5,0.5,0.5,0.5,0.5,0.5,0.5,0.5,0.5,0.5,0.5,0.5,0.5,0.5,0.5,0.5,0.5,0.5,0.5,0.5,0.5,0.5,0.5,0.5,0.5,0.5,0.5,0.5,0.5,0.5,0.5,0.5,0.5,0.5,0.5,0.5,0.5,0.5,0.5,0.5,0.5,0.5,0.5,0.5,0.5,0.5,0.5,0.5,0.5,0.5,0.5,0.5,0.5,0.5,0.5,0.5,0.5,0.5,0.5,0.5,0.5,0.5,0.5,,,,,,,,,,,,
CH2B1:KW,(                ),kW,0.5,0.5,0.5,0.5,0.5,0.5,0.5,0.5,0.5,0.5,0.5,0.5,0.5,0.5,0.5,0.5,0.5,0.5,0.5,0.5,0.5,0.5,0.5,0.5,0.5,0.5,0.5,0.5,0.5,0.5,0.5,0.5,0.5,0.5,0.5,0.5,0.5,0.5,0.5,0.5,0.5,0.5,0.5,0.5,0.5,0.5,0.5,0.5,0.5,0.5,0.5,0.5,0.5,0.5,0.5,0.5,0.5,0.5,0.5,0.5,0.5,0.5,0.5,0.5,0.5,0.5,0.5,0.5,0.5,0.5,0.5,0.5,0.5,0.5,0.5,0.5,0.5,0.5,0.5,0.5,0.5,0.5,0.5,0.5,0.5,0.5,0.5,0.5,0.5,0.5,0.5,0.5,0.5,0.5,0.5,0.5,0.5,0.5,0.5,0.5,0.5,0.5,0.5,0.5,0.5,0.5,0.5,0.5,0.5,0.5,0.5,0.5,0.5,0.5,0.5,0.5,0.5,0.5,0.5,0.5,0.5,0.5,0.5,0.5,0.5,0.5,0.5,0.5,0.5,0.5,0.5,0.5,,,,,,,,,,,,
CHB1-ALL.KW,(冰機系統功率    ),,1.1,1.1,1.1,1.1,1.1,1.1,1.1,1.1,1.1,1.1,1.1,1.1,1.1,1.1,1.1,1.1,1.1,1.1,1.1,1.1,1.1,1.1,1.1,1.1,1.1,1.1,1.1,1.1,1.1,1.1,1.1,1.1,1.1,1.1,1.1,1.1,1.1,1.1,1.1,1.1,1.1,1.1,1.1,1.1,1.1,1.1,1.1,1.1,1.1,1.1,1.1,1.1,1.1,1.1,1.1,1.1,1.1,1.1,1.1,1.1,1.1,1.1,1.1,1.1,1.1,1.1,1.1,1.1,1.1,1.1,1.1,1.1,1.1,1.1,1.1,1.1,1.1,1.1,1.1,1.1,1.1,1.1,1.1,1.1,1.1,1.1,1.1,1.1,1.1,1.1,1.1,1.1,1.1,1.1,1.1,1.1,1.1,1.1,1.1,1.1,1.1,1.1,1.1,1.1,1.1,1.1,1.1,1.1,1.1,1.1,1.1,1.1,1.1,1.1,1.1,1.1,1.1,1.1,1.1,1.1,1.1,1.1,1.1,1.1,1.1,1.1,1.1,1.1,1.1,1.1,1.1,1.1,,,,,,,,,,,,
CH-B1-1.TON,(冷凍頓          ),,0,0,0,0,0,0,0,0,0,0,0,0,0,0,0,0,0,0,0,0,0,0,0,0,0,0,0,0,0,0,0,0,0,0,0,0,0,0,0,0,0,0,0,0,0,135,179,394,435,383,2,1,333,3,4,417,378,388,382,391,396,393,405,388,399,382,382,381,379,383,373,387,382,393,378,395,382,387,383,382,383,389,384,386,384,385,384,389,375,372,370,379,378,376,365,363,363,374,369,365,363,353,364,362,367,355,361,356,358,368,365,367,359,360,353,323,356,355,363,362,357,362,366,373,373,365,362,359,370,371,367,342,,,,,,,,,,,,
CH-B1-2.TON,(冷凍頓          ),,0,0,0,0,0,0,0,0,0,0,0,0,0,0,0,0,0,0,0,0,0,0,0,0,0,0,0,0,0,0,0,0,0,0,0,0,0,0,0,0,0,0,0,0,0,0,0,0,0,109,1,206,0,0,83,314,104,0,288,0,225,2,81,0,58,283,0,262,0,246,0,232,0,133,0,47,269,0,284,0,286,0,283,0,286,0,252,0,277,0,277,0,201,0,2,74,0,132,0,210,0,243,0,1,76,1,180,0,230,0,0,86,0,207,0,1,73,0,198,0,0,68,1,172,0,0,0,0,104,0,206,0,,,,,,,,,,,,
CH-B1.TON,(冰水系統冷凍頓  ),,0,0,0,0,0,0,0,0,0,0,0,0,0,0,0,0,0,0,0,0,0,0,0,0,0,0,0,0,0,0,0,0,0,0,0,0,0,0,0,0,0,0,0,0,0,125,158,318,410,556,145,257,334,107,86,916,710,350,770,291,645,449,463,449,366,808,282,734,286,705,475,665,344,504,448,378,808,332,794,310,785,339,793,313,784,301,733,318,775,290,751,309,721,354,441,403,377,508,333,614,296,683,339,416,426,338,544,279,659,339,414,443,326,616,316,378,396,320,572,276,397,404,355,557,331,469,349,427,496,369,650,177,,,,,,,,,,,,
CH-B1-1.KW/RT,(冰機效率        ),,0.00,0.00,0.00,0.00,0.00,0.00,0.00,0.00,0.00,0.00,0.00,0.00,0.00,0.00,0.00,0.00,0.00,0.00,0.00,0.00,0.00,0.00,0.00,0.00,0.00,0.00,0.00,0.00,0.00,0.00,0.00,0.00,0.00,0.00,0.00,0.00,0.00,0.00,0.00,0.00,0.00,0.00,0.00,0.00,0.00,0.00,0.00,0.00,0.00,0.00,0.00,0.00,0.00,0.00,0.00,0.00,0.00,0.00,0.00,0.00,0.00,0.00,0.00,0.00,0.00,0.00,0.00,0.00,0.00,0.00,0.00,0.00,0.00,0.00,0.00,0.00,0.00,0.00,0.00,0.00,0.00,0.00,0.00,0.00,0.00,0.00,0.00,0.00,0.00,0.00,0.00,0.00,0.00,0.00,0.00,0.00,0.00,0.00,0.00,0.00,0.00,0.00,0.00,0.00,0.00,0.00,0.00,0.00,0.00,0.00,0.00,0.00,0.00,0.00,0.00,0.00,0.00,0.00,0.00,0.00,0.00,0.00,0.00,0.00,0.00,0.00,0.00,0.00,0.00,0.00,0.00,0.00,,,,,,,,,,,,
CH-B1-2.KW/RT,(冰機效率        ),,0.00,0.00,0.00,0.00,0.00,0.00,0.00,0.00,0.00,0.00,0.00,0.00,0.00,0.00,0.00,0.00,0.00,0.00,0.00,0.00,0.00,0.00,0.00,0.00,0.00,0.00,0.00,0.00,0.00,0.00,0.00,0.00,0.00,0.00,0.00,0.00,0.00,0.00,0.00,0.00,0.00,0.00,0.00,0.00,0.00,0.00,0.00,0.00,0.00,0.00,0.00,0.00,0.00,0.00,0.00,0.00,0.00,0.00,0.00,0.00,0.00,0.00,0.00,0.00,0.00,0.00,0.00,0.00,0.00,0.00,0.00,0.00,0.00,0.00,0.00,0.00,0.00,0.00,0.00,0.00,0.00,0.00,0.00,0.00,0.00,0.00,0.00,0.00,0.00,0.00,0.00,0.00,0.00,0.00,0.00,0.00,0.00,0.00,0.00,0.00,0.00,0.00,0.00,0.00,0.00,0.00,0.00,0.00,0.00,0.00,0.00,0.00,0.00,0.00,0.00,0.00,0.00,0.00,0.00,0.00,0.00,0.00,0.00,0.00,0.00,0.00,0.00,0.00,0.00,0.00,0.00,0.00,,,,,,,,,,,,
CH-B1.KW/RT,(冰水系統效率    ),,0.00,0.00,0.00,0.00,0.00,0.00,0.00,0.00,0.00,0.00,0.00,0.00,0.00,0.00,0.00,0.00,0.00,0.00,0.00,0.00,0.00,0.00,0.00,0.00,0.00,0.00,0.00,0.00,0.00,0.00,0.00,0.00,0.00,0.00,0.00,0.00,0.00,0.00,0.00,0.00,0.00,0.00,0.00,0.00,0.00,0.00,0.00,0.00,0.00,0.00,0.00,0.00,0.00,0.00,0.00,0.00,0.00,0.00,0.00,0.00,0.00,0.00,0.00,0.00,0.00,0.00,0.00,0.00,0.00,0.00,0.00,0.00,0.00,0.00,0.00,0.00,0.00,0.00,0.00,0.00,0.00,0.00,0.00,0.00,0.00,0.00,0.00,0.00,0.00,0.00,0.00,0.00,0.00,0.00,0.00,0.00,0.00,0.00,0.00,0.00,0.00,0.00,0.00,0.00,0.00,0.00,0.00,0.00,0.00,0.00,0.00,0.00,0.00,0.00,0.00,0.00,0.00,0.00,0.00,0.00,0.00,0.00,0.00,0.00,0.00,0.00,0.00,0.00,0.00,0.00,0.00,0.00,,,,,,,,,,,,
CW-B1-1.TON,(冷凍頓          ),,0,0,0,0,0,0,0,0,0,0,0,0,0,0,0,0,0,0,0,0,0,0,0,0,0,0,0,0,0,0,0,0,0,0,0,0,0,0,0,0,0,0,0,0,0,122,175,395,457,417,12,0,380,9,6,396,413,417,408,418,415,413,422,409,418,405,414,402,406,403,398,407,416,407,403,416,401,406,402,409,399,414,402,410,404,413,404,405,394,410,414,412,400,402,395,406,419,407,402,397,404,399,408,397,399,407,402,395,399,406,396,399,398,396,399,364,402,394,396,390,384,398,411,396,382,388,400,405,403,398,397,373,,,,,,,,,,,,
CW-B1-2.TON,(冷凍頓          ),,0,0,0,0,0,0,0,0,0,0,0,0,0,0,0,0,0,0,0,0,0,0,0,0,0,0,0,0,0,0,0,0,0,0,0,0,0,0,0,0,0,0,0,0,0,0,0,0,0,139,18,245,1,16,113,375,283,11,381,13,276,11,103,21,58,378,16,335,12,321,14,303,22,177,31,40,369,8,374,11,358,11,378,13,373,15,330,9,364,12,384,17,321,6,5,97,23,175,12,263,10,320,14,7,100,14,197,6,306,15,5,112,5,272,9,3,101,7,253,10,4,87,19,188,0,118,6,18,138,9,272,0,,,,,,,,,,,,
CW-B1.TON,(冷卻水系統冷凍頓),,0,0,0,0,0,0,0,0,0,0,0,0,0,0,0,0,0,0,0,0,0,0,0,0,0,0,0,0,0,0,0,0,0,0,0,0,0,0,0,0,0,0,0,0,0,106,164,383,454,543,36,220,360,30,116,732,725,423,776,423,678,402,519,407,462,761,428,719,420,709,394,694,440,575,406,440,758,403,758,407,730,422,765,415,760,427,716,404,730,418,807,427,730,397,378,497,451,577,407,641,411,698,417,388,487,416,559,391,692,421,377,497,386,653,398,347,493,384,637,390,365,478,430,562,353,527,392,420,537,397,653,188,,,,,,,,,,,,
CH-B1-1.HB,(                ),,0.00,0.00,0.00,0.00,0.00,0.00,0.00,0.00,0.00,0.00,0.00,0.00,0.00,0.00,0.00,0.00,0.00,0.00,0.00,0.00,0.00,0.00,0.00,0.00,0.00,0.00,0.00,0.00,0.00,0.00,0.00,0.00,0.00,0.00,0.00,0.00,0.00,0.00,0.00,0.00,0.00,0.00,0.00,0.00,0.00,10.92,2.41, -0.15, -4.83, -8.02, -80.53,0.00, -12.44, -62.49, -25.14,5.17, -8.46, -7.01, -6.38, -6.33, -4.57, -4.89, -4.02, -5.09, -4.43, -5.80, -7.58, -5.25, -6.42, -4.99, -6.52, -4.83, -8.26, -3.31, -6.15, -5.14, -4.66, -4.55, -4.42, -6.53, -4.05, -6.10, -4.37, -5.90, -4.86, -6.62, -5.22, -3.90, -4.85, -9.09, -10.57, -7.83, -5.91, -6.54, -7.63, -10.50, -13.35, -7.98, -8.22, -7.96, -10.17, -11.40, -10.76, -8.81, -7.98, -12.59, -10.25, -9.72, -9.51, -9.42, -7.76, -7.86, -9.84, -8.85, -11.52, -11.31, -11.55, -9.37, -8.47, -7.20, -7.03, -9.14, -10.76, -5.68, -2.50, -5.90, -9.33, -11.30, -8.04, -6.54, -7.40, -8.49,,,,,,,,,,,,
CH-B1-2.HB,(                ),,0.00,0.00,0.00,0.00,0.00,0.00,0.00,0.00,0.00,0.00,0.00,0.00,0.00,0.00,0.00,0.00,0.00,0.00,0.00,0.00,0.00,0.00,0.00,0.00,0.00,0.00,0.00,0.00,0.00,0.00,0.00,0.00,0.00,0.00,0.00,0.00,0.00,0.00,0.00,0.00,0.00,0.00,0.00,0.00,0.00,0.00,0.00,0.00,0.00, -22.00, -94.56, -15.82, -90.66, -99.05, -26.57, -16.23, -62.99, -98.65, -24.34, -98.86, -18.65, -77.88, -20.81, -99.29,0.07, -24.88, -96.70, -21.70, -98.77, -23.32, -98.93, -23.12, -99.31, -24.88, -99.51,18.66, -27.04, -98.20, -24.03, -98.65, -20.20, -98.70, -25.06, -98.83, -22.75, -99.01, -23.59, -98.35, -23.78, -98.78, -27.68, -99.12, -36.27, -97.51, -55.92, -22.92, -99.31, -24.59, -98.79, -20.44, -98.54, -24.04, -98.91, -76.47, -23.63, -90.66, -7.31, -97.58, -24.93, -99.01, -96.90, -23.27, -97.08, -23.69, -98.43, -55.74, -26.98, -97.92, -21.38, -98.51, -96.47, -21.49, -91.39, -7.96,0.00, -99.87, -97.50, -99.20, -24.80, -98.41, -24.01,0.00,,,,,,,,,,,,
CH-B1.HB,(                ),,0.00,0.00,0.00,0.00,0.00,0.00,0.00,0.00,0.00,0.00,0.00,0.00,0.00,0.00,0.00,0.00,0.00,0.00,0.00,0.00,0.00,0.00,0.00,0.00,0.00,0.00,0.00,0.00,0.00,0.00,0.00,0.00,0.00,0.00,0.00,0.00,0.00,0.00,0.00,0.00,0.00,0.00,0.00,0.00,0.00,18.35, -3.62, -16.82, -9.53,2.43,296.73,16.99, -7.04,259.28, -25.11,25.29, -2.02, -17.14, -0.63, -31.00, -4.87,11.91, -10.77,10.43, -20.82,6.20, -34.09,2.03, -31.55, -0.49,20.62, -4.16, -22.02, -12.20,9.31, -14.08,6.70, -17.49,4.73, -23.75,7.48, -19.60,3.77, -24.77,3.78, -29.42,1.84, -21.15,6.13, -30.58, -6.89, -27.75,0.24, -10.68,16.90, -18.79, -16.00, -11.97, -18.00, -4.38, -27.69, -2.08, -18.61,7.38, -12.48, -18.71, -4.79, -28.39, -5.07, -19.36,9.83, -10.88, -15.46, -5.64, -20.67,9.23, -19.51, -16.10, -9.75, -29.03,8.74, -15.40, -16.99, -0.79, -6.21, -11.00, -10.82,1.93, -7.78, -6.63, -0.46, -5.80,,,,,,,,,,,,
CWP1B1:KW,(                ),kW,39.2,39.2,39.2,39.2,39.2,39.2,39.2,39.2,39.2,39.2,39.2,39.2,39.2,39.2,39.2,39.2,39.2,39.2,39.2,39.2,39.2,39.2,39.2,39.2,39.2,39.2,39.2,39.2,39.2,39.2,39.2,39.2,39.2,39.2,39.2,39.2,39.2,39.2,39.2,39.2,39.2,39.2,39.2,39.2,39.2,39.2,39.2,39.2,39.2,39.2,39.2,39.2,39.2,39.2,39.2,39.2,39.2,39.2,39.2,39.2,39.2,39.2,39.2,39.2,39.2,39.2,39.2,39.2,39.2,39.2,39.2,39.2,39.2,39.2,39.2,39.2,39.2,39.2,39.2,39.2,39.2,39.2,39.2,39.2,39.2,39.2,39.2,39.2,39.2,39.2,39.2,39.2,39.2,39.2,39.2,39.2,39.2,39.2,39.2,39.2,39.2,39.2,39.2,39.2,39.2,39.2,39.2,39.2,39.2,39.2,39.2,39.2,39.2,39.2,39.2,39.2,39.2,39.2,39.2,39.2,39.2,39.2,39.2,39.2,39.2,39.2,39.2,39.2,39.2,39.2,39.2,39.2,,,,,,,,,,,,
CWP2B1:KW,(                ),kW,0.0,0.0,0.0,0.0,0.0,0.0,0.0,0.0,0.0,0.0,0.0,0.0,0.0,0.0,0.0,0.0,0.0,0.0,0.0,0.0,0.0,0.0,0.0,0.0,0.0,0.0,0.0,0.0,0.0,0.0,0.0,0.0,0.0,0.0,0.0,0.0,0.0,0.0,0.0,0.0,0.0,0.0,0.0,0.0,0.0,0.0,0.0,0.0,0.0,0.0,0.0,0.0,0.0,0.0,0.0,0.0,0.0,0.0,0.0,0.0,0.0,0.0,0.0,0.0,0.0,0.0,0.0,0.0,0.0,0.0,0.0,0.0,0.0,0.0,0.0,0.0,0.0,0.0,0.0,0.0,0.0,0.0,0.0,0.0,0.0,0.0,0.0,0.0,0.0,0.0,0.0,0.0,0.0,0.0,0.0,0.0,0.0,0.0,0.0,0.0,0.0,0.0,0.0,0.0,0.0,0.0,0.0,0.0,0.0,0.0,0.0,0.0,0.0,0.0,0.0,0.0,0.0,0.0,0.0,0.0,0.0,0.0,0.0,0.0,0.0,0.0,0.0,0.0,0.0,0.0,0.0,0.0,,,,,,,,,,,,
CWP3B1:KW,(                ),kW,0.0,0.0,0.0,0.0,0.0,0.0,0.0,0.0,0.0,0.0,0.0,0.0,0.0,0.0,0.0,0.0,0.0,0.0,0.0,0.0,0.0,0.0,0.0,0.0,0.0,0.0,0.0,0.0,0.0,0.0,0.0,0.0,0.0,0.0,0.0,0.0,0.0,0.0,0.0,0.0,0.0,0.0,0.0,0.0,0.0,0.0,0.0,0.0,0.0,0.0,0.0,0.0,0.0,0.0,0.0,0.0,0.0,0.0,0.0,0.0,0.0,0.0,0.0,0.0,0.0,0.0,0.0,0.0,0.0,0.0,0.0,0.0,0.0,0.0,0.0,0.0,0.0,0.0,0.0,0.0,0.0,0.0,0.0,0.0,0.0,0.0,0.0,0.0,0.0,0.0,0.0,0.0,0.0,0.0,0.0,0.0,0.0,0.0,0.0,0.0,0.0,0.0,0.0,0.0,0.0,0.0,0.0,0.0,0.0,0.0,0.0,0.0,0.0,0.0,0.0,0.0,0.0,0.0,0.0,0.0,0.0,0.0,0.0,0.0,0.0,0.0,0.0,0.0,0.0,0.0,0.0,0.0,,,,,,,,,,,,
CWPB1-ALL.KW,(冷卻水泵系統功率),,39.2,39.2,39.2,39.2,39.2,39.2,39.2,39.2,39.2,39.2,39.2,39.2,39.2,39.2,39.2,39.2,39.2,39.2,39.2,39.2,39.2,39.2,39.2,39.2,39.2,39.2,39.2,39.2,39.2,39.2,39.2,39.2,39.2,39.2,39.2,39.2,39.2,39.2,39.2,39.2,39.2,39.2,39.2,39.2,39.2,39.2,39.2,39.2,39.2,39.2,39.2,39.2,39.2,39.2,39.2,39.2,39.2,39.2,39.2,39.2,39.2,39.2,39.2,39.2,39.2,39.2,39.2,39.2,39.2,39.2,39.2,39.2,39.2,39.2,39.2,39.2,39.2,39.2,39.2,39.2,39.2,39.2,39.2,39.2,39.2,39.2,39.2,39.2,39.2,39.2,39.2,39.2,39.2,39.2,39.2,39.2,39.2,39.2,39.2,39.2,39.2,39.2,39.2,39.2,39.2,39.2,39.2,39.2,39.2,39.2,39.2,39.2,39.2,39.2,39.2,39.2,39.2,39.2,39.2,39.2,39.2,39.2,39.2,39.2,39.2,39.2,39.2,39.2,39.2,39.2,39.2,39.2,,,,,,,,,,,,
CHP1B1:KW,(                ),kW,14.6,14.6,14.6,14.6,14.6,14.6,14.6,14.6,14.6,14.6,14.6,14.6,14.6,14.6,14.6,14.6,14.6,14.6,14.6,14.6,14.6,14.6,14.6,14.6,14.6,14.6,14.6,14.6,14.6,14.6,14.6,14.6,14.6,14.6,14.6,14.6,14.6,14.6,14.6,14.6,14.6,14.6,14.6,14.6,14.6,14.6,14.6,14.6,14.6,14.6,14.6,14.6,14.6,14.6,14.6,14.6,14.6,14.6,14.6,14.6,14.6,14.6,14.6,14.6,14.6,14.6,14.6,14.6,14.6,14.6,14.6,14.6,14.6,14.6,14.6,14.6,14.6,14.6,14.6,14.6,14.6,14.6,14.6,14.6,14.6,14.6,14.6,14.6,14.6,14.6,14.6,14.6,14.6,14.6,14.6,14.6,14.6,14.6,14.6,14.6,14.6,14.6,14.6,14.6,14.6,14.6,14.6,14.6,14.6,14.6,14.6,14.6,14.6,14.6,14.6,14.6,14.6,14.6,14.6,14.6,14.6,14.6,14.6,14.6,14.6,14.6,14.6,14.6,14.6,14.6,14.6,14.6,,,,,,,,,,,,
CHP2B1:KW,(                ),kW,0.0,0.0,0.0,0.0,0.0,0.0,0.0,0.0,0.0,0.0,0.0,0.0,0.0,0.0,0.0,0.0,0.0,0.0,0.0,0.0,0.0,0.0,0.0,0.0,0.0,0.0,0.0,0.0,0.0,0.0,0.0,0.0,0.0,0.0,0.0,0.0,0.0,0.0,0.0,0.0,0.0,0.0,0.0,0.0,0.0,0.0,0.0,0.0,0.0,0.0,0.0,0.0,0.0,0.0,0.0,0.0,0.0,0.0,0.0,0.0,0.0,0.0,0.0,0.0,0.0,0.0,0.0,0.0,0.0,0.0,0.0,0.0,0.0,0.0,0.0,0.0,0.0,0.0,0.0,0.0,0.0,0.0,0.0,0.0,0.0,0.0,0.0,0.0,0.0,0.0,0.0,0.0,0.0,0.0,0.0,0.0,0.0,0.0,0.0,0.0,0.0,0.0,0.0,0.0,0.0,0.0,0.0,0.0,0.0,0.0,0.0,0.0,0.0,0.0,0.0,0.0,0.0,0.0,0.0,0.0,0.0,0.0,0.0,0.0,0.0,0.0,0.0,0.0,0.0,0.0,0.0,0.0,,,,,,,,,,,,
CHP3B1:KW,(                ),kW,0.0,0.0,0.0,0.0,0.0,0.0,0.0,0.0,0.0,0.0,0.0,0.0,0.0,0.0,0.0,0.0,0.0,0.0,0.0,0.0,0.0,0.0,0.0,0.0,0.0,0.0,0.0,0.0,0.0,0.0,0.0,0.0,0.0,0.0,0.0,0.0,0.0,0.0,0.0,0.0,0.0,0.0,0.0,0.0,0.0,0.0,0.0,0.0,0.0,0.0,0.0,0.0,0.0,0.0,0.0,0.0,0.0,0.0,0.0,0.0,0.0,0.0,0.0,0.0,0.0,0.0,0.0,0.0,0.0,0.0,0.0,0.0,0.0,0.0,0.0,0.0,0.0,0.0,0.0,0.0,0.0,0.0,0.0,0.0,0.0,0.0,0.0,0.0,0.0,0.0,0.0,0.0,0.0,0.0,0.0,0.0,0.0,0.0,0.0,0.0,0.0,0.0,0.0,0.0,0.0,0.0,0.0,0.0,0.0,0.0,0.0,0.0,0.0,0.0,0.0,0.0,0.0,0.0,0.0,0.0,0.0,0.0,0.0,0.0,0.0,0.0,0.0,0.0,0.0,0.0,0.0,0.0,,,,,,,,,,,,
CHPB1-ALL.KW,(冰水泵系統功率  ),,14.6,14.6,14.6,14.6,14.6,14.6,14.6,14.6,14.6,14.6,14.6,14.6,14.6,14.6,14.6,14.6,14.6,14.6,14.6,14.6,14.6,14.6,14.6,14.6,14.6,14.6,14.6,14.6,14.6,14.6,14.6,14.6,14.6,14.6,14.6,14.6,14.6,14.6,14.6,14.6,14.6,14.6,14.6,14.6,14.6,14.6,14.6,14.6,14.6,14.6,14.6,14.6,14.6,14.6,14.6,14.6,14.6,14.6,14.6,14.6,14.6,14.6,14.6,14.6,14.6,14.6,14.6,14.6,14.6,14.6,14.6,14.6,14.6,14.6,14.6,14.6,14.6,14.6,14.6,14.6,14.6,14.6,14.6,14.6,14.6,14.6,14.6,14.6,14.6,14.6,14.6,14.6,14.6,14.6,14.6,14.6,14.6,14.6,14.6,14.6,14.6,14.6,14.6,14.6,14.6,14.6,14.6,14.6,14.6,14.6,14.6,14.6,14.6,14.6,14.6,14.6,14.6,14.6,14.6,14.6,14.6,14.6,14.6,14.6,14.6,14.6,14.6,14.6,14.6,14.6,14.6,14.6,,,,,,,,,,,,
MGCBAB2.KWH,(度數            ),kW h,264237936,264238000,264238048,264238112,264238160,264238208,264238256,264238320,264238400,264238480,264238528,264238576,264238640,264238704,264238736,264238784,264238816,264238864,264238896,264238944,264238976,264239008,264239040,264239072,264239120,264239152,264239200,264239248,264239296,264239328,264239392,264239440,264239488,264239536,264239600,264239648,264239712,264239760,264239840,264239904,264239968,264240016,264240064,264240096,264240160,264240208,264240256,264240304,264240336,264240416,264240480,264240560,264240656,264240816,264241008,264241280,264241584,264241888,264242240,264242528,264242896,264243200,264243536,264243824,264244096,264244416,264244736,264245040,264245328,264245680,264245840,264246352,264246672,264246976,264247264,264247600,264247936,264248272,264248608,264248880,264249168,264249520,264249840,264250128,264250464,264250800,264251120,264251440,264251808,264252160,264252464,264252800,264253136,264253472,264253792,264254128,264254416,264254768,264255056,264255376,264255680,264255952,264256288,264256608,264256944,264257248,264257600,264257936,264258288,264258608,264258960,264259280,264259584,264259936,264260256,264260608,264260896,264261200,264261584,264261936,264262256,264262560,264262768,264263072,264263328,264263600,264263872,264264112,264264336,264264576,264264752,264264912,,,,,,,,,,,,
MGCBAB2:HZ,(                ),Hz,60,60,59,60,60,59,60,59,60,60,59,59,59,59,60,59,60,60,60,60,60,59,60,60,59,60,59,60,60,59,60,59,60,59,59,59,59,59,60,59,60,60,60,60,60,60,60,59,59,60,60,60,60,60,59,60,60,60,60,60,60,59,60,60,60,59,60,60,60,59,60,60,59,60,60,60,60,60,60,60,60,60,60,60,60,60,59,60,60,59,60,60,59,59,60,60,60,60,59,59,60,60,60,60,60,59,60,60,60,60,60,59,59,60,60,60,60,59,60,60,59,60,60,60,60,60,60,60,59,59,60,60,,,,,,,,,,,,
MGCBAB2:IR,(                ),A,8,10,8,8,8,7,10,9,11,10,9,8,9,9,6,6,6,6,6,6,5,5,5,5,5,5,8,7,7,6,8,7,5,8,10,9,7,10,11,9,8,7,6,6,8,8,7,6,8,9,12,15,16,29,35,40,51,51,51,54,50,50,50,50,48,47,47,47,50,53,53,54,52,43,52,53,52,49,49,48,51,49,49,49,52,51,54,55,53,52,53,54,52,53,54,51,49,48,50,50,49,49,48,48,53,51,53,54,52,52,49,54,53,50,51,51,50,52,53,53,47,41,38,42,42,41,41,40,37,26,26,28,,,,,,,,,,,,
MGCBAB2:IS,(                ),A,7,9,7,7,7,6,9,8,10,9,8,7,8,8,5,5,5,5,5,5,5,5,5,5,5,5,7,7,6,6,8,6,4,7,9,8,6,10,10,9,8,7,5,5,8,7,6,6,7,8,11,15,15,28,34,39,51,51,51,54,50,50,50,50,47,47,47,47,49,52,53,53,51,42,52,52,51,48,48,48,50,49,48,48,52,50,53,54,52,51,52,53,51,52,53,50,49,48,49,49,48,49,47,48,52,51,52,52,51,51,48,53,52,49,50,51,50,51,52,52,46,40,37,40,41,40,39,39,36,24,24,26,,,,,,,,,,,,
MGCBAB2:IT,(                ),A,9,11,9,9,8,8,10,9,11,10,9,8,9,9,6,6,6,6,6,6,6,6,6,6,6,6,8,8,7,6,9,7,5,8,10,9,7,10,11,10,9,8,6,6,9,8,7,7,9,9,12,15,16,29,35,40,50,50,50,53,49,50,49,49,47,46,47,46,49,52,53,53,51,42,52,52,51,49,48,47,50,49,48,48,51,50,53,54,52,51,52,53,51,52,53,50,48,48,49,49,48,49,47,48,52,51,53,53,51,51,49,53,52,49,50,51,50,51,53,52,47,41,38,41,42,41,40,40,37,26,26,28,,,,,,,,,,,,
MGCBAB2:KW,(                ),kW,331.0,406.0,315.0,341.0,310.0,288.0,390.0,351.0,439.0,405.0,348.0,316.0,367.0,342.0,240.0,236.0,237.0,232.0,230.0,219.0,211.0,212.0,212.0,215.0,215.0,209.0,320.0,299.0,270.0,245.0,333.0,282.0,202.0,318.0,397.0,363.0,267.0,405.0,445.0,369.0,352.0,299.0,230.0,226.0,343.0,310.0,285.0,261.0,326.0,344.0,470.0,598.0,609.0,1136.0,1353.0,1527.0,1948.0,1961.0,1936.0,2065.0,1912.0,1910.0,1892.0,1906.0,1812.0,1767.0,1781.0,1770.0,1891.0,2024.0,2032.0,2050.0,1997.0,1636.0,2006.0,2040.0,1998.0,1885.0,1864.0,1824.0,1930.0,1889.0,1861.0,1843.0,1992.0,1948.0,2053.0,2091.0,2023.0,1969.0,2001.0,2052.0,1978.0,2017.0,2043.0,1929.0,1859.0,1836.0,1916.0,1903.0,1869.0,1851.0,1819.0,1840.0,2008.0,1965.0,2038.0,2070.0,2004.0,1997.0,1877.0,2096.0,2055.0,1926.0,1960.0,1980.0,1941.0,1991.0,2060.0,2052.0,1806.0,1588.0,1466.0,1611.0,1609.0,1598.0,1572.0,1551.0,1429.0,988.0,991.0,1056.0,,,,,,,,,,,,
MGCBAB2:PF,(                ),, -33.77, -33.76, -33.76, -33.77, -33.77, -33.77, -33.77, -33.77, -33.76, -33.76, -33.76, -33.76, -33.76, -33.77, -33.77, -33.77, -33.77, -33.77, -33.77, -33.77, -33.77, -33.77, -33.77, -33.77, -33.77, -33.77, -33.77, -33.76, -33.76, -33.76, -33.76, -33.76, -33.76, -33.76, -33.76, -33.76, -33.76, -33.76, -33.76, -33.76, -33.76, -33.76, -33.77, -33.77, -33.76, -33.77, -33.77, -33.77, -0.99, -0.98, -0.99, -0.97, -0.97, -0.97, -0.96, -0.95, -0.95, -0.95, -0.94, -0.95, -0.95, -0.95, -0.95, -0.95, -0.94, -0.94, -0.94, -0.94, -0.95, -0.95, -0.95, -0.95, -0.95, -0.94, -0.95, -0.95, -0.95, -0.94, -0.94, -0.94, -0.95, -0.95, -0.95, -0.94, -0.95, -0.95, -0.95, -0.95, -0.95, -0.95, -0.95, -0.95, -0.95, -0.95, -0.95, -0.95, -0.94, -0.94, -0.95, -0.95, -0.94, -0.94, -0.94, -0.94, -0.94, -0.94, -0.95, -0.95, -0.95, -0.95, -0.94, -0.95, -0.95, -0.95, -0.95, -0.95, -0.95, -0.94, -0.95, -0.95, -0.96, -0.95, -0.95, -0.96, -0.96, -0.96, -0.95, -0.95, -0.94, -0.96, -0.95, -0.94,,,,,,,,,,,,
MGCBAB2:VRS,(                ),kV,23.6,23.5,23.5,23.5,23.5,23.6,23.6,23.5,23.6,23.6,23.6,23.6,23.6,23.6,23.6,23.6,23.6,23.6,23.6,23.6,23.6,23.6,23.7,23.6,23.6,23.6,23.6,23.7,23.6,23.7,23.7,23.6,23.7,23.6,23.7,23.6,23.6,23.6,23.5,23.5,23.5,23.5,23.4,23.5,23.6,23.7,23.7,23.6,23.5,23.6,23.5,23.5,23.4,23.4,23.3,23.3,23.2,23.3,23.3,23.3,23.2,23.1,23.1,23.2,23.2,23.1,23.1,23.1,23.1,23.1,23.1,23.2,23.4,23.4,23.4,23.4,23.4,23.5,23.3,23.2,23.2,23.2,23.2,23.2,23.2,23.2,23.2,23.2,23.2,23.2,23.2,23.2,23.2,23.2,23.2,23.2,23.3,23.3,23.3,23.3,23.3,23.3,23.4,23.4,23.4,23.4,23.4,23.4,23.4,23.4,23.4,23.5,23.4,23.4,23.5,23.5,23.5,23.5,23.5,23.5,23.4,23.3,23.3,23.3,23.4,23.4,23.4,23.5,23.5,23.6,23.5,23.6,,,,,,,,,,,,
MGCBAB2:VST,(                ),kV,23.6,23.6,23.6,23.6,23.6,23.6,23.6,23.6,23.6,23.6,23.6,23.6,23.7,23.6,23.7,23.6,23.6,23.6,23.6,23.6,23.7,23.6,23.7,23.7,23.7,23.6,23.7,23.7,23.7,23.7,23.7,23.7,23.7,23.6,23.7,23.6,23.6,23.7,23.6,23.6,23.5,23.5,23.5,23.6,23.6,23.8,23.7,23.7,23.6,23.6,23.6,23.5,23.5,23.5,23.4,23.3,23.3,23.3,23.4,23.3,23.1,23.2,23.2,23.2,23.2,23.1,23.2,23.1,23.1,23.2,23.1,23.2,23.4,23.5,23.4,23.5,23.5,23.5,23.3,23.2,23.3,23.2,23.2,23.2,23.2,23.2,23.2,23.2,23.2,23.2,23.3,23.3,23.2,23.3,23.3,23.3,23.2,23.3,23.3,23.4,23.4,23.3,23.4,23.4,23.4,23.5,23.4,23.5,23.5,23.5,23.5,23.5,23.5,23.5,23.5,23.5,23.5,23.6,23.5,23.6,23.5,23.4,23.4,23.4,23.5,23.4,23.5,23.5,23.5,23.7,23.6,23.6,,,,,,,,,,,,
MGCBAB2:VTR,(                ),kV,23.6,23.5,23.6,23.7,23.6,23.6,23.6,23.6,23.6,23.6,23.4,23.6,23.6,23.6,23.6,23.6,23.7,23.6,23.6,23.6,23.6,23.7,23.7,23.6,23.7,23.7,23.7,23.6,23.7,23.7,23.6,23.6,23.7,23.7,23.7,23.7,23.6,23.5,23.6,23.5,23.5,23.5,23.4,23.6,23.6,23.7,23.7,23.6,23.6,23.6,23.6,23.5,23.5,23.5,23.4,23.3,23.3,23.4,23.3,23.3,23.3,23.2,23.1,23.2,23.2,23.2,23.2,23.1,23.1,23.2,23.3,23.3,23.4,23.5,23.5,23.5,23.5,23.5,23.4,23.4,23.3,23.3,23.2,23.3,23.2,23.2,23.2,23.2,23.3,23.3,23.3,23.3,23.3,23.2,23.3,23.3,23.2,23.4,23.4,23.4,23.4,23.4,23.5,23.5,23.5,23.5,23.5,23.5,23.5,23.5,23.5,23.5,23.5,23.5,23.5,23.6,23.5,23.6,23.6,23.6,23.5,23.3,23.4,23.4,23.5,23.4,23.5,23.5,23.5,23.6,23.7,23.7,,,,,,,,,,,,
MLAB2-1.KWH,(度數            ),kW h,23625116,23625122,23625130,23625138,23625144,23625152,23625158,23625166,23625172,23625180,23625186,23625194,23625202,23625208,23625216,23625224,23625230,23625238,23625246,23625252,23625260,23625266,23625274,23625280,23625288,23625296,23625302,23625308,23625316,23625324,23625330,23625338,23625344,23625352,23625358,23625366,23625372,23625380,23625386,23625394,23625400,23625408,23625414,23625422,23625430,23625438,23625446,23625454,23625462,23625486,23625502,23625522,23625540,23625558,23625578,23625598,23625616,23625634,23625654,23625670,23625692,23625710,23625732,23625750,23625768,23625792,23625812,23625832,23625854,23625876,23625886,23625916,23625936,23625958,23625978,23625998,23626020,23626042,23626062,23626082,23626100,23626124,23626146,23626164,23626186,23626202,23626228,23626248,23626270,23626290,23626310,23626330,23626352,23626374,23626394,23626414,23626432,23626456,23626476,23626498,23626516,23626536,23626558,23626580,23626600,23626622,23626642,23626662,23626686,23626708,23626734,23626762,23626784,23626812,23626838,23626862,23626888,23626912,23626940,23626966,23626990,23627018,23627036,23627068,23627092,23627120,23627146,23627170,23627196,23627222,23627248,23627272,,,,,,,,,,,,
MLAB2-1:HZ,(                ),Hz,60,60,59,60,59,60,60,59,60,60,60,59,60,59,59,60,60,60,59,60,60,59,60,59,59,60,59,60,60,59,60,59,59,59,60,59,59,59,60,59,60,60,60,60,60,60,60,59,59,59,60,59,60,59,59,60,60,60,60,60,60,59,60,60,60,59,60,60,60,59,60,59,59,60,60,60,60,60,60,60,59,60,59,60,60,60,59,60,60,59,60,60,59,59,60,60,60,60,59,59,60,59,60,60,60,59,59,60,60,59,59,60,59,60,60,60,60,60,60,60,59,59,60,60,60,59,60,60,59,59,60,60,,,,,,,,,,,,
MLAB2-1:IR,(                ),A,79,81,79,78,79,79,78,77,77,78,78,77,78,78,80,81,79,77,76,77,77,78,77,77,78,79,79,79,76,78,78,74,74,74,73,76,79,78,77,77,79,79,80,88,89,88,88,90,194,197,201,196,197,200,201,198,199,198,203,203,215,217,219,234,232,232,235,236,235,231,234,234,233,234,235,233,232,233,233,233,233,233,234,235,233,237,234,235,234,236,232,237,234,232,233,233,233,233,233,231,234,236,231,233,234,229,232,234,260,262,272,273,273,270,272,270,271,268,271,269,272,272,272,268,270,270,271,273,271,268,268,270,,,,,,,,,,,,
MLAB2-1:IS,(                ),A,70,70,70,70,71,71,69,70,70,73,72,71,71,74,74,72,72,72,69,70,69,72,69,72,71,71,71,71,70,74,70,67,69,69,70,70,74,68,69,72,69,71,72,75,76,75,74,74,180,185,187,183,185,189,186,185,185,184,189,188,191,192,191,200,198,201,201,200,200,203,201,198,202,204,200,200,198,199,201,199,198,200,202,206,202,203,203,202,205,205,201,200,206,201,201,199,200,201,202,205,202,204,201,201,199,198,200,202,239,237,252,255,251,252,251,247,245,247,246,247,248,251,248,248,250,249,250,250,246,245,248,245,,,,,,,,,,,,
MLAB2-1:IT,(                ),A,56,55,55,55,59,58,55,56,56,59,57,56,55,59,57,60,56,59,55,55,54,58,54,55,55,55,57,56,55,61,56,53,53,52,55,53,56,55,52,55,52,52,53,57,59,56,56,57,154,159,160,156,158,160,162,158,157,155,160,163,167,169,167,167,166,167,173,168,169,171,167,167,168,172,168,168,169,168,167,168,168,168,170,169,167,169,171,166,173,168,167,167,172,170,167,166,167,170,167,173,170,168,168,169,167,165,166,169,198,197,213,220,213,211,212,213,207,207,207,208,211,208,212,208,209,209,208,210,209,209,209,212,,,,,,,,,,,,
MLAB2-1:KW,(                ),kW,43.0,43.0,43.0,42.0,44.0,43.0,42.0,42.0,42.0,44.0,43.0,43.0,43.0,44.0,44.0,45.0,43.0,43.0,42.0,42.0,42.0,43.0,42.0,42.0,43.0,43.0,43.0,43.0,42.0,45.0,43.0,41.0,41.0,41.0,42.0,42.0,44.0,43.0,42.0,43.0,43.0,43.0,44.0,46.0,48.0,46.0,46.0,47.0,109.0,112.0,114.0,111.0,113.0,114.0,113.0,111.0,112.0,112.0,114.0,114.0,117.0,118.0,118.0,124.0,123.0,123.0,125.0,125.0,124.0,125.0,123.0,123.0,125.0,127.0,126.0,125.0,124.0,125.0,124.0,124.0,123.0,125.0,125.0,126.0,124.0,125.0,125.0,124.0,127.0,125.0,124.0,125.0,126.0,124.0,124.0,123.0,124.0,125.0,124.0,126.0,125.0,125.0,124.0,125.0,125.0,123.0,124.0,125.0,145.0,145.0,156.0,158.0,156.0,155.0,156.0,154.0,153.0,152.0,153.0,153.0,154.0,154.0,154.0,153.0,154.0,153.0,154.0,155.0,153.0,154.0,153.0,154.0,,,,,,,,,,,,
MLAB2-1:PF,(                ),, -0.95, -0.96, -0.95, -0.95, -0.95, -0.95, -0.95, -0.95, -0.95, -0.95, -0.95, -0.95, -0.95, -0.95, -0.94, -0.95, -0.95, -0.95, -0.95, -0.95, -0.95, -0.95, -0.95, -0.95, -0.95, -0.95, -0.95, -0.95, -0.95, -0.95, -0.95, -0.95, -0.95, -0.95, -0.96, -0.96, -0.96, -0.96, -0.96, -0.96, -0.96, -0.96, -0.97, -0.96, -0.96, -0.96, -0.96, -0.96, -0.94, -0.94, -0.94, -0.94, -0.95, -0.95, -0.95, -0.95, -0.95, -0.95, -0.95, -0.95, -0.95, -0.95, -0.95, -0.95, -0.95, -0.95, -0.95, -0.95, -0.95, -0.95, -0.95, -0.95, -0.95, -0.95, -0.95, -0.95, -0.95, -0.95, -0.95, -0.95, -0.95, -0.95, -0.95, -0.95, -0.95, -0.95, -0.95, -0.95, -0.95, -0.95, -0.95, -0.95, -0.95, -0.95, -0.95, -0.95, -0.95, -0.95, -0.95, -0.95, -0.95, -0.95, -0.95, -0.95, -0.95, -0.95, -0.95, -0.95, -0.95, -0.95, -0.96, -0.96, -0.96, -0.96, -0.96, -0.96, -0.96, -0.96, -0.96, -0.96, -0.96, -0.96, -0.96, -0.96, -0.96, -0.96, -0.96, -0.96, -0.96, -0.96, -0.96, -0.96,,,,,,,,,,,,
MLAB2-1:VRS,(                ),V,382.0,381.0,382.0,382.0,382.0,382.0,382.0,382.0,382.0,383.0,382.0,382.0,382.0,383.0,383.0,383.0,383.0,382.0,383.0,382.0,382.0,383.0,384.0,383.0,383.0,383.0,383.0,383.0,384.0,384.0,384.0,384.0,383.0,383.0,384.0,383.0,382.0,382.0,382.0,381.0,381.0,381.0,380.0,381.0,382.0,384.0,384.0,382.0,380.0,381.0,381.0,380.0,379.0,379.0,377.0,377.0,377.0,377.0,377.0,376.0,375.0,375.0,375.0,375.0,375.0,374.0,375.0,374.0,374.0,374.0,374.0,375.0,378.0,379.0,379.0,380.0,379.0,380.0,377.0,376.0,376.0,376.0,375.0,376.0,375.0,375.0,375.0,376.0,376.0,376.0,376.0,375.0,376.0,376.0,376.0,376.0,377.0,377.0,377.0,377.0,377.0,378.0,379.0,379.0,379.0,380.0,380.0,379.0,379.0,379.0,380.0,380.0,379.0,380.0,380.0,380.0,380.0,381.0,380.0,381.0,379.0,377.0,377.0,378.0,379.0,379.0,380.0,380.0,380.0,381.0,381.0,382.0,,,,,,,,,,,,
MLAB2-1:VST,(                ),V,382.0,381.0,381.0,382.0,382.0,382.0,382.0,382.0,382.0,382.0,382.0,382.0,382.0,382.0,383.0,383.0,383.0,382.0,382.0,382.0,382.0,383.0,384.0,383.0,383.0,383.0,383.0,383.0,383.0,383.0,383.0,383.0,383.0,383.0,383.0,383.0,382.0,382.0,382.0,381.0,381.0,381.0,380.0,381.0,382.0,384.0,384.0,382.0,380.0,381.0,381.0,380.0,378.0,378.0,377.0,376.0,376.0,376.0,376.0,376.0,374.0,374.0,374.0,374.0,375.0,374.0,374.0,373.0,373.0,373.0,373.0,375.0,378.0,379.0,378.0,379.0,379.0,379.0,376.0,375.0,375.0,375.0,374.0,375.0,375.0,375.0,374.0,375.0,375.0,376.0,375.0,375.0,375.0,375.0,376.0,376.0,376.0,376.0,376.0,377.0,377.0,377.0,378.0,378.0,378.0,379.0,379.0,379.0,378.0,378.0,379.0,379.0,379.0,379.0,379.0,380.0,380.0,380.0,379.0,380.0,379.0,377.0,377.0,377.0,378.0,378.0,379.0,379.0,380.0,381.0,381.0,381.0,,,,,,,,,,,,
MLAB2-1:VTR,(                ),V,382.0,381.0,382.0,382.0,382.0,382.0,382.0,382.0,382.0,383.0,382.0,383.0,382.0,383.0,383.0,383.0,383.0,382.0,383.0,382.0,383.0,383.0,384.0,383.0,383.0,383.0,383.0,383.0,384.0,383.0,384.0,383.0,383.0,383.0,383.0,383.0,382.0,382.0,382.0,382.0,381.0,381.0,380.0,381.0,383.0,384.0,384.0,383.0,381.0,381.0,382.0,380.0,379.0,379.0,378.0,377.0,377.0,377.0,377.0,376.0,375.0,375.0,375.0,375.0,375.0,374.0,375.0,374.0,374.0,374.0,374.0,376.0,378.0,380.0,379.0,380.0,379.0,380.0,377.0,376.0,376.0,376.0,375.0,376.0,375.0,375.0,375.0,376.0,376.0,376.0,376.0,375.0,376.0,375.0,376.0,377.0,377.0,377.0,377.0,378.0,378.0,378.0,379.0,379.0,379.0,380.0,379.0,379.0,379.0,379.0,380.0,379.0,379.0,380.0,380.0,380.0,381.0,381.0,381.0,381.0,379.0,377.0,378.0,378.0,379.0,379.0,380.0,380.0,381.0,382.0,382.0,383.0,,,,,,,,,,,,
MLAB2-2.KWH,(度數            ),kW h,0,0,0,0,0,0,0,0,0,0,0,0,0,0,0,0,0,0,0,0,0,0,0,0,0,0,0,0,0,0,0,0,0,0,0,0,0,0,0,0,0,0,0,0,0,0,0,0,0,0,0,0,0,0,0,0,0,0,0,0,0,0,0,0,0,0,0,0,0,0,0,0,0,0,0,0,0,0,0,0,0,0,0,0,0,0,0,0,0,0,0,0,0,0,0,0,0,0,0,0,0,0,0,0,0,0,0,0,0,0,0,0,0,0,0,0,0,0,0,0,0,0,0,0,0,0,0,0,0,0,0,0,,,,,,,,,,,,
MLAB2-2:HZ,(                ),Hz,0,0,0,0,0,0,0,0,0,0,0,0,0,0,0,0,0,0,0,0,0,0,0,0,0,0,0,0,0,0,0,0,0,0,0,0,0,0,0,0,0,0,0,0,0,0,0,0,0,0,0,0,0,0,0,0,0,0,0,0,0,0,0,0,0,0,0,0,0,0,0,0,0,0,0,0,0,0,0,0,0,0,0,0,0,0,0,0,0,0,0,0,0,0,0,0,0,0,0,0,0,0,0,0,0,0,0,0,0,0,0,0,0,0,0,0,0,0,0,0,0,0,0,0,0,0,0,0,0,0,0,0,,,,,,,,,,,,
MLAB2-2:IR,(                ),A,0,0,0,0,0,0,0,0,0,0,0,0,0,0,0,0,0,0,0,0,0,0,0,0,0,0,0,0,0,0,0,0,0,0,0,0,0,0,0,0,0,0,0,0,0,0,0,0,0,0,0,0,0,0,0,0,0,0,0,0,0,0,0,0,0,0,0,0,0,0,0,0,0,0,0,0,0,0,0,0,0,0,0,0,0,0,0,0,0,0,0,0,0,0,0,0,0,0,0,0,0,0,0,0,0,0,0,0,0,0,0,0,0,0,0,0,0,0,0,0,0,0,0,0,0,0,0,0,0,0,0,0,,,,,,,,,,,,
MLAB2-2:IS,(                ),A,0,0,0,0,0,0,0,0,0,0,0,0,0,0,0,0,0,0,0,0,0,0,0,0,0,0,0,0,0,0,0,0,0,0,0,0,0,0,0,0,0,0,0,0,0,0,0,0,0,0,0,0,0,0,0,0,0,0,0,0,0,0,0,0,0,0,0,0,0,0,0,0,0,0,0,0,0,0,0,0,0,0,0,0,0,0,0,0,0,0,0,0,0,0,0,0,0,0,0,0,0,0,0,0,0,0,0,0,0,0,0,0,0,0,0,0,0,0,0,0,0,0,0,0,0,0,0,0,0,0,0,0,,,,,,,,,,,,
MLAB2-2:IT,(                ),A,0,0,0,0,0,0,0,0,0,0,0,0,0,0,0,0,0,0,0,0,0,0,0,0,0,0,0,0,0,0,0,0,0,0,0,0,0,0,0,0,0,0,0,0,0,0,0,0,0,0,0,0,0,0,0,0,0,0,0,0,0,0,0,0,0,0,0,0,0,0,0,0,0,0,0,0,0,0,0,0,0,0,0,0,0,0,0,0,0,0,0,0,0,0,0,0,0,0,0,0,0,0,0,0,0,0,0,0,0,0,0,0,0,0,0,0,0,0,0,0,0,0,0,0,0,0,0,0,0,0,0,0,,,,,,,,,,,,
MLAB2-2:KW,(                ),kW,0.0,0.0,0.0,0.0,0.0,0.0,0.0,0.0,0.0,0.0,0.0,0.0,0.0,0.0,0.0,0.0,0.0,0.0,0.0,0.0,0.0,0.0,0.0,0.0,0.0,0.0,0.0,0.0,0.0,0.0,0.0,0.0,0.0,0.0,0.0,0.0,0.0,0.0,0.0,0.0,0.0,0.0,0.0,0.0,0.0,0.0,0.0,0.0,0.0,0.0,0.0,0.0,0.0,0.0,0.0,0.0,0.0,0.0,0.0,0.0,0.0,0.0,0.0,0.0,0.0,0.0,0.0,0.0,0.0,0.0,0.0,0.0,0.0,0.0,0.0,0.0,0.0,0.0,0.0,0.0,0.0,0.0,0.0,0.0,0.0,0.0,0.0,0.0,0.0,0.0,0.0,0.0,0.0,0.0,0.0,0.0,0.0,0.0,0.0,0.0,0.0,0.0,0.0,0.0,0.0,0.0,0.0,0.0,0.0,0.0,0.0,0.0,0.0,0.0,0.0,0.0,0.0,0.0,0.0,0.0,0.0,0.0,0.0,0.0,0.0,0.0,0.0,0.0,0.0,0.0,0.0,0.0,,,,,,,,,,,,
MLAB2-2:PF,(                ),, -32.77, -32.77, -32.77, -32.77, -32.77, -32.77, -32.77, -32.77, -32.77, -32.77, -32.77, -32.77, -32.77, -32.77, -32.77, -32.77, -32.77, -32.77, -32.77, -32.77, -32.77, -32.77, -32.77, -32.77, -32.77, -32.77, -32.77, -32.77, -32.77, -32.77, -32.77, -32.77, -32.77, -32.77, -32.77, -32.77, -32.77, -32.77, -32.77, -32.77, -32.77, -32.77, -32.77, -32.77, -32.77, -32.77, -32.77, -32.77, -32.77, -32.77, -32.77, -32.77, -32.77, -32.77, -32.77, -32.77, -32.77, -32.77, -32.77, -32.77, -32.77, -32.77, -32.77, -32.77, -32.77, -32.77, -32.77, -32.77, -32.77, -32.77, -32.77, -32.77, -32.77, -32.77, -32.77, -32.77, -32.77, -32.77, -32.77, -32.77, -32.77, -32.77, -32.77, -32.77, -32.77, -32.77, -32.77, -32.77, -32.77, -32.77, -32.77, -32.77, -32.77, -32.77, -32.77, -32.77, -32.77, -32.77, -32.77, -32.77, -32.77, -32.77, -32.77, -32.77, -32.77, -32.77, -32.77, -32.77, -32.77, -32.77, -32.77, -32.77, -32.77, -32.77, -32.77, -32.77, -32.77, -32.77, -32.77, -32.77, -32.77, -32.77, -32.77, -32.77, -32.77, -32.77, -32.77, -32.77, -32.77, -32.77, -32.77, -32.77,,,,,,,,,,,,
MLAB2-2:VRS,(                ),V,0.0,0.0,0.0,0.0,0.0,0.0,0.0,0.0,0.0,0.0,0.0,0.0,0.0,0.0,0.0,0.0,0.0,0.0,0.0,0.0,0.0,0.0,0.0,0.0,0.0,0.0,0.0,0.0,0.0,0.0,0.0,0.0,0.0,0.0,0.0,0.0,0.0,0.0,0.0,0.0,0.0,0.0,0.0,0.0,0.0,0.0,0.0,0.0,0.0,0.0,0.0,0.0,0.0,0.0,0.0,0.0,0.0,0.0,0.0,0.0,0.0,0.0,0.0,0.0,0.0,0.0,0.0,0.0,0.0,0.0,0.0,0.0,0.0,0.0,0.0,0.0,0.0,0.0,0.0,0.0,0.0,0.0,0.0,0.0,0.0,0.0,0.0,0.0,0.0,0.0,0.0,0.0,0.0,0.0,0.0,0.0,0.0,0.0,0.0,0.0,0.0,0.0,0.0,0.0,0.0,0.0,0.0,0.0,0.0,0.0,0.0,0.0,0.0,0.0,0.0,0.0,0.0,0.0,0.0,0.0,0.0,0.0,0.0,0.0,0.0,0.0,0.0,0.0,0.0,0.0,0.0,0.0,,,,,,,,,,,,
MLAB2-2:VST,(                ),V,0.0,0.0,0.0,0.0,0.0,0.0,0.0,0.0,0.0,0.0,0.0,0.0,0.0,0.0,0.0,0.0,0.0,0.0,0.0,0.0,0.0,0.0,0.0,0.0,0.0,0.0,0.0,0.0,0.0,0.0,0.0,0.0,0.0,0.0,0.0,0.0,0.0,0.0,0.0,0.0,0.0,0.0,0.0,0.0,0.0,0.0,0.0,0.0,0.0,0.0,0.0,0.0,0.0,0.0,0.0,0.0,0.0,0.0,0.0,0.0,0.0,0.0,0.0,0.0,0.0,0.0,0.0,0.0,0.0,0.0,0.0,0.0,0.0,0.0,0.0,0.0,0.0,0.0,0.0,0.0,0.0,0.0,0.0,0.0,0.0,0.0,0.0,0.0,0.0,0.0,0.0,0.0,0.0,0.0,0.0,0.0,0.0,0.0,0.0,0.0,0.0,0.0,0.0,0.0,0.0,0.0,0.0,0.0,0.0,0.0,0.0,0.0,0.0,0.0,0.0,0.0,0.0,0.0,0.0,0.0,0.0,0.0,0.0,0.0,0.0,0.0,0.0,0.0,0.0,0.0,0.0,0.0,,,,,,,,,,,,
MLAB2-2:VTR,(                ),V,0.0,0.0,0.0,0.0,0.0,0.0,0.0,0.0,0.0,0.0,0.0,0.0,0.0,0.0,0.0,0.0,0.0,0.0,0.0,0.0,0.0,0.0,0.0,0.0,0.0,0.0,0.0,0.0,0.0,0.0,0.0,0.0,0.0,0.0,0.0,0.0,0.0,0.0,0.0,0.0,0.0,0.0,0.0,0.0,0.0,0.0,0.0,0.0,0.0,0.0,0.0,0.0,0.0,0.0,0.0,0.0,0.0,0.0,0.0,0.0,0.0,0.0,0.0,0.0,0.0,0.0,0.0,0.0,0.0,0.0,0.0,0.0,0.0,0.0,0.0,0.0,0.0,0.0,0.0,0.0,0.0,0.0,0.0,0.0,0.0,0.0,0.0,0.0,0.0,0.0,0.0,0.0,0.0,0.0,0.0,0.0,0.0,0.0,0.0,0.0,0.0,0.0,0.0,0.0,0.0,0.0,0.0,0.0,0.0,0.0,0.0,0.0,0.0,0.0,0.0,0.0,0.0,0.0,0.0,0.0,0.0,0.0,0.0,0.0,0.0,0.0,0.0,0.0,0.0,0.0,0.0,0.0,,,,,,,,,,,,
EMLAB2-1.KWH,(度數            ),kW h,23870126,23870132,23870140,23870146,23870154,23870164,23870170,23870180,23870186,23870192,23870196,23870200,23870206,23870210,23870214,23870218,23870224,23870228,23870232,23870236,23870242,23870246,23870250,23870254,23870260,23870264,23870268,23870274,23870278,23870284,23870288,23870292,23870296,23870302,23870306,23870310,23870316,23870320,23870324,23870328,23870336,23870342,23870348,23870354,23870360,23870364,23870368,23870372,23870376,23870382,23870386,23870392,23870396,23870400,23870406,23870412,23870422,23870440,23870456,23870470,23870484,23870490,23870494,23870500,23870504,23870510,23870516,23870520,23870526,23870532,23870534,23870544,23870558,23870574,23870588,23870602,23870618,23870630,23870638,23870646,23870654,23870662,23870668,23870674,23870680,23870684,23870698,23870716,23870734,23870750,23870768,23870774,23870780,23870786,23870794,23870802,23870810,23870818,23870824,23870830,23870836,23870840,23870846,23870860,23870874,23870888,23870904,23870916,23870928,23870934,23870940,23870946,23870950,23870956,23870962,23870970,23870978,23870986,23871008,23871026,23871044,23871062,23871076,23871080,23871086,23871092,23871096,23871102,23871106,23871114,23871122,23871134,,,,,,,,,,,,
EMLAB2-1:HZ,(                ),Hz,59,59,59,60,59,60,60,60,59,60,59,59,60,59,60,60,60,60,59,60,60,59,60,59,59,60,59,59,60,59,60,59,60,59,60,59,59,59,60,59,60,60,60,60,60,60,60,60,59,59,60,59,60,60,59,60,60,60,60,60,59,59,60,60,60,59,60,60,60,59,60,59,59,60,60,60,60,60,60,59,59,60,59,60,60,59,59,60,60,60,60,60,59,60,60,60,60,60,60,59,59,60,60,60,59,59,60,59,59,59,59,60,60,60,60,60,60,60,60,60,59,59,59,60,60,60,60,60,59,59,60,60,,,,,,,,,,,,
EMLAB2-1:IR,(                ),A,67,72,68,88,80,86,86,67,67,56,60,56,56,56,60,56,60,56,56,59,55,56,60,56,60,56,59,56,59,56,56,56,55,56,56,57,56,56,57,71,70,70,70,70,57,56,57,59,57,58,57,58,63,69,66,66,171,178,170,175,62,67,63,62,66,63,66,62,68,68,68,159,153,159,160,153,159,81,87,82,87,67,67,68,63,67,171,177,172,177,57,68,64,86,81,80,85,70,65,69,65,68,59,155,159,154,161,154,65,68,65,68,57,64,88,85,77,196,190,173,166,174,65,66,60,66,54,66,68,81,76,176,,,,,,,,,,,,
EMLAB2-1:IS,(                ),A,49,47,47,75,70,75,73,47,43,34,31,32,32,32,35,32,37,32,31,37,31,32,32,33,39,32,38,32,37,32,32,34,29,32,32,32,32,32,32,52,51,51,48,51,32,31,32,32,32,26,33,32,26,38,35,28,152,158,153,158,31,39,33,35,39,36,40,34,42,41,41,150,143,149,142,142,148,56,68,61,66,43,43,44,40,44,159,166,157,163,34,46,41,66,66,62,65,59,43,45,37,42,36,144,147,142,148,136,38,42,36,41,32,39,62,61,56,181,174,153,158,160,34,42,42,40,32,41,52,58,50,166,,,,,,,,,,,,
EMLAB2-1:IT,(                ),A,54,66,61,84,83,78,78,54,54,39,43,40,39,46,51,46,51,44,40,51,45,44,50,45,47,45,50,42,49,45,42,45,45,44,41,42,44,42,41,63,63,62,63,62,44,41,43,41,40,42,47,42,41,49,48,47,171,175,172,173,50,55,52,52,54,57,53,52,57,59,53,167,156,160,159,159,164,77,86,83,86,64,62,63,61,61,180,182,175,178,59,68,60,85,82,78,78,79,54,57,51,61,50,155,160,152,161,152,49,63,57,60,54,51,77,71,75,198,189,172,173,176,53,59,56,52,44,49,69,69,64,176,,,,,,,,,,,,
EMLAB2-1:KW,(                ),kW,36.0,39.0,37.0,53.0,50.0,51.0,51.0,35.0,35.0,27.0,28.0,26.0,26.0,28.0,31.0,28.0,31.0,27.0,26.0,31.0,27.0,27.0,30.0,28.0,31.0,27.0,31.0,27.0,30.0,28.0,27.0,28.0,27.0,27.0,27.0,27.0,27.0,27.0,27.0,40.0,39.0,39.0,38.0,39.0,28.0,27.0,28.0,28.0,27.0,26.0,28.0,27.0,27.0,33.0,31.0,29.0,102.0,105.0,103.0,104.0,29.0,33.0,30.0,30.0,33.0,32.0,33.0,30.0,35.0,35.0,34.0,92.0,88.0,91.0,89.0,88.0,92.0,46.0,53.0,48.0,51.0,36.0,36.0,37.0,34.0,36.0,108.0,109.0,104.0,108.0,31.0,38.0,34.0,50.0,49.0,47.0,48.0,44.0,34.0,36.0,32.0,36.0,30.0,88.0,90.0,87.0,91.0,85.0,32.0,37.0,33.0,36.0,30.0,32.0,49.0,46.0,45.0,119.0,115.0,104.0,103.0,105.0,32.0,35.0,33.0,33.0,26.0,33.0,40.0,45.0,41.0,100.0,,,,,,,,,,,,
EMLAB2-1:PF,(                ),, -1.00, -1.00, -1.00, -0.99, -0.99, -0.99, -0.99, -33.77, -33.77, -33.76, -33.76, -33.76, -33.76, -33.76, -33.76, -33.76, -33.76, -33.74, -33.76, -33.76, -33.76, -33.76, -33.76, -33.76, -33.76, -33.76, -33.76, -33.76, -33.76, -33.76, -33.76, -33.74, -33.76, -33.76, -33.76, -33.76, -33.76, -33.76, -33.74, -1.00, -33.77, -33.77, -33.77, -33.77, -33.76, -33.74, -33.76, -33.76, -33.76, -33.76, -33.76, -33.74, -33.74, -33.76, -33.76, -33.74, -0.95, -0.95, -0.95, -0.95, -33.74, -33.76, -33.74, -33.75, -33.76, -33.76, -33.76, -33.75, -33.76, -33.76, -33.76, -0.90, -0.89, -0.89, -0.89, -0.89, -0.89, -33.77, -1.00, -1.00, -1.00, -33.76, -33.76, -33.76, -33.76, -33.76, -0.95, -0.96, -0.96, -0.95, -33.76, -33.76, -33.76, -1.00, -33.77, -33.77, -1.00, -33.77, -33.76, -33.76, -33.76, -33.76, -33.76, -0.89, -0.89, -0.89, -0.89, -0.88, -33.75, -33.76, -33.76, -33.76, -33.76, -33.76, -1.00, -1.00, -1.00, -0.94, -0.95, -0.95, -0.95, -0.95, -33.76, -33.76, -33.76, -33.76, -33.74, -33.76, -33.77, -1.00, -33.77, -0.88,,,,,,,,,,,,
EMLAB2-1:VRS,(                ),V,382.0,381.0,381.0,382.0,381.0,381.0,382.0,382.0,382.0,383.0,382.0,383.0,382.0,383.0,382.0,383.0,383.0,383.0,383.0,382.0,383.0,383.0,384.0,383.0,383.0,383.0,384.0,383.0,384.0,384.0,383.0,384.0,383.0,383.0,384.0,383.0,383.0,382.0,382.0,382.0,382.0,381.0,380.0,381.0,382.0,385.0,384.0,383.0,381.0,383.0,382.0,381.0,380.0,380.0,379.0,377.0,376.0,377.0,377.0,377.0,377.0,376.0,376.0,377.0,376.0,375.0,376.0,375.0,375.0,375.0,375.0,376.0,378.0,379.0,379.0,379.0,379.0,381.0,377.0,377.0,376.0,376.0,376.0,377.0,377.0,377.0,376.0,377.0,376.0,376.0,376.0,376.0,377.0,377.0,377.0,377.0,378.0,378.0,378.0,378.0,379.0,379.0,380.0,379.0,380.0,380.0,379.0,379.0,380.0,380.0,381.0,381.0,381.0,381.0,381.0,381.0,381.0,381.0,381.0,381.0,379.0,378.0,379.0,379.0,380.0,380.0,380.0,381.0,381.0,382.0,383.0,382.0,,,,,,,,,,,,
EMLAB2-1:VST,(                ),V,382.0,381.0,381.0,381.0,381.0,381.0,381.0,382.0,382.0,383.0,382.0,383.0,382.0,383.0,382.0,382.0,383.0,382.0,383.0,382.0,383.0,383.0,384.0,383.0,383.0,383.0,384.0,383.0,384.0,384.0,383.0,383.0,383.0,383.0,384.0,383.0,382.0,382.0,382.0,382.0,381.0,381.0,380.0,381.0,382.0,384.0,383.0,382.0,382.0,382.0,382.0,380.0,379.0,379.0,379.0,377.0,375.0,377.0,376.0,377.0,376.0,375.0,375.0,376.0,375.0,374.0,375.0,374.0,374.0,374.0,374.0,375.0,377.0,379.0,378.0,379.0,378.0,380.0,377.0,377.0,375.0,376.0,375.0,376.0,376.0,376.0,375.0,375.0,375.0,376.0,376.0,376.0,376.0,376.0,376.0,376.0,377.0,377.0,377.0,377.0,378.0,378.0,379.0,378.0,378.0,379.0,378.0,379.0,379.0,380.0,380.0,380.0,380.0,380.0,380.0,381.0,381.0,380.0,380.0,381.0,379.0,377.0,378.0,378.0,379.0,380.0,380.0,380.0,380.0,382.0,382.0,381.0,,,,,,,,,,,,
EMLAB2-1:VTR,(                ),V,383.0,382.0,382.0,382.0,382.0,382.0,382.0,382.0,383.0,383.0,382.0,383.0,382.0,383.0,383.0,382.0,383.0,383.0,384.0,382.0,383.0,383.0,384.0,383.0,383.0,383.0,384.0,383.0,384.0,384.0,383.0,383.0,383.0,383.0,384.0,383.0,382.0,382.0,382.0,382.0,382.0,381.0,380.0,381.0,382.0,385.0,384.0,383.0,382.0,382.0,382.0,381.0,381.0,380.0,379.0,378.0,376.0,378.0,377.0,377.0,376.0,376.0,376.0,376.0,376.0,375.0,376.0,375.0,375.0,375.0,375.0,375.0,378.0,380.0,379.0,380.0,379.0,381.0,378.0,378.0,376.0,377.0,376.0,377.0,376.0,377.0,375.0,376.0,375.0,376.0,376.0,376.0,377.0,376.0,377.0,377.0,378.0,378.0,378.0,378.0,379.0,379.0,380.0,378.0,379.0,379.0,379.0,379.0,380.0,381.0,381.0,380.0,380.0,381.0,381.0,381.0,381.0,381.0,381.0,381.0,379.0,377.0,379.0,378.0,380.0,381.0,380.0,381.0,381.0,383.0,383.0,382.0,,,,,,,,,,,,
MGCBARF.KWH,(度數            ),,38.8319,38.8319,38.8319,38.8319,38.8320,38.8320,38.8320,38.8320,38.8321,38.8321,38.8321,38.8322,38.8322,38.8322,38.8323,38.8323,38.8323,38.8323,38.8323,38.8323,38.8323,38.8324,38.8324,38.8324,38.8324,38.8324,38.8324,38.8325,38.8325,38.8325,38.8325,38.8326,38.8326,38.8326,38.8326,38.8327,38.8327,38.8327,38.8328,38.8328,38.8328,38.8329,38.8329,38.8329,38.8329,38.8329,38.8330,38.8330,38.8330,38.8330,38.8330,38.8331,38.8331,38.8332,38.8333,38.8335,38.8337,38.8339,38.8341,38.8342,38.8345,38.8347,38.8348,38.8350,38.8352,38.8354,38.8356,38.8358,38.8359,38.8361,38.8362,38.8366,38.8368,38.8369,38.8371,38.8373,38.8375,38.8377,38.8379,38.8381,38.8382,38.8384,38.8386,38.8388,38.8390,38.8392,38.8394,38.8396,38.8398,38.8400,38.8402,38.8404,38.8406,38.8408,38.8410,38.8412,38.8414,38.8416,38.8418,38.8420,38.8422,38.8423,38.8425,38.8427,38.8429,38.8431,38.8433,38.8435,38.8437,38.8439,38.8441,38.8443,38.8445,38.8447,38.8449,38.8451,38.8453,38.8454,38.8457,38.8459,38.8461,38.8462,38.8464,38.8465,38.8467,38.8468,38.8470,38.8471,38.8473,38.8474,38.8475,38.8476,,,,,,,,,,,,
MGCBARF:F,(                ),Hz,60,60,60,60,60,60,60,60,60,60,60,60,60,60,60,60,60,60,60,60,60,60,60,60,60,60,60,60,60,60,60,60,60,60,60,60,60,60,60,60,60,60,60,60,60,60,60,60,60,60,60,60,60,60,60,60,60,60,60,60,60,60,60,60,60,60,60,60,60,60,60,60,60,60,60,60,60,60,60,60,60,60,60,60,60,60,60,60,60,60,60,60,60,60,60,60,60,60,60,60,60,60,60,60,60,60,60,60,60,60,60,60,60,60,60,60,60,60,60,60,60,60,60,60,60,60,60,60,60,60,60,60,,,,,,,,,,,,
MGCBARF:I1,(                ),A,3.8,5.1,3.7,3.5,3.0,2.9,5.4,4.3,6.3,5.1,4.3,3.8,4.9,4.2,2.8,2.4,2.4,2.4,2.4,2.1,2.1,2.1,2.0,2.1,2.1,2.0,3.7,3.4,2.9,2.5,4.0,3.3,1.9,3.8,5.0,4.6,2.9,5.1,5.8,4.4,4.0,3.3,2.1,2.0,4.1,3.6,3.1,2.7,2.8,3.2,5.1,7.7,7.4,16.2,20.2,24.4,30.0,30.0,30.2,31.0,30.7,30.2,30.4,29.7,28.7,28.2,28.8,28.4,30.8,33.0,32.9,32.1,30.5,25.0,30.6,31.6,30.9,30.0,29.4,29.1,30.5,30.5,29.7,29.3,32.0,30.8,30.9,32.0,31.0,30.2,31.6,32.3,31.5,31.5,31.3,31.0,29.3,28.6,31.1,30.2,29.2,29.5,28.7,28.2,30.9,30.3,31.9,32.0,31.8,31.2,29.2,32.5,32.0,30.7,30.2,30.2,29.6,29.5,30.9,30.6,26.9,22.8,22.3,24.2,23.9,23.7,23.5,22.8,21.3,13.2,13.3,13.5,,,,,,,,,,,,
MGCBARF:I2,(                ),A,3.5,4.7,3.4,3.2,2.8,2.6,5.2,4.2,6.1,4.8,4.0,3.5,4.7,4.0,2.6,2.3,2.3,2.3,2.2,1.9,1.9,1.9,1.9,1.9,1.9,1.9,3.5,3.3,2.8,2.4,3.8,3.1,1.8,3.7,4.9,4.4,2.8,5.1,5.7,4.2,3.9,3.1,2.0,1.9,3.9,3.4,3.0,2.6,2.6,2.8,4.8,7.4,7.1,16.0,20.1,24.6,30.4,30.4,30.7,31.3,31.1,30.6,30.8,30.1,29.0,28.5,28.8,28.5,30.8,32.8,32.8,32.4,30.5,24.8,30.6,31.6,30.7,30.1,29.5,29.2,30.5,30.4,29.7,29.4,32.0,30.8,30.8,31.9,30.9,30.2,31.5,32.2,31.3,31.4,31.3,31.0,29.2,28.7,31.1,30.2,29.2,29.5,28.6,28.1,30.6,30.1,31.6,31.6,31.6,30.8,28.9,32.2,31.8,30.4,30.0,30.3,29.5,29.3,30.6,30.5,26.4,22.4,21.9,23.8,23.6,23.3,23.0,22.4,20.9,12.5,12.5,12.7,,,,,,,,,,,,
MGCBARF:I3,(                ),A,4.4,5.6,4.2,4.0,3.6,3.4,5.9,4.9,6.7,5.6,4.8,4.2,5.3,4.5,3.2,2.9,2.8,2.8,2.8,2.5,2.5,2.5,2.4,2.5,2.5,2.4,4.1,3.9,3.4,3.0,4.3,3.6,2.3,4.2,5.4,4.9,3.3,5.6,6.3,4.8,4.4,3.7,2.6,2.5,4.5,4.0,3.6,3.2,3.3,3.5,5.5,8.0,7.7,16.5,20.3,24.6,30.0,29.8,30.1,30.8,30.6,30.1,30.4,29.6,28.6,28.1,28.6,28.2,30.7,32.7,32.7,31.9,30.3,25.0,30.4,31.4,30.6,29.9,29.3,28.9,30.2,30.2,29.4,29.0,31.5,30.6,30.7,31.6,30.8,30.0,31.2,32.0,31.2,31.2,31.1,30.8,29.0,28.3,31.0,29.9,29.0,29.3,28.5,27.9,30.6,30.0,31.6,31.7,31.6,31.0,29.1,32.3,31.9,30.4,30.1,30.1,29.5,29.4,30.7,30.4,26.9,23.0,22.6,24.4,24.1,23.8,23.6,23.1,21.5,13.7,13.7,13.9,,,,,,,,,,,,
MGCBARF:KW,(                ),kW,160.0,206.7,152.2,144.3,126.3,120.7,223.8,178.0,255.8,212.3,177.7,154.1,200.8,172.2,116.0,100.7,100.7,100.8,99.9,88.6,87.3,86.5,86.0,87.5,87.6,85.5,154.0,144.7,123.9,107.9,165.0,135.5,81.0,160.1,209.5,188.8,121.7,215.4,242.5,180.6,166.9,135.7,89.7,87.3,169.9,150.6,131.7,116.5,116.1,126.0,208.4,302.0,290.9,639.1,782.1,940.3,1156.8,1155.9,1168.2,1195.4,1178.8,1158.8,1170.3,1137.8,1091.5,1066.2,1087.1,1069.2,1173.1,1262.3,1262.1,1231.9,1175.4,952.6,1184.1,1218.7,1183.9,1157.0,1123.9,1120.8,1161.2,1148.0,1132.7,1112.9,1221.1,1182.4,1176.9,1226.4,1189.0,1149.7,1207.0,1256.3,1205.3,1207.3,1201.0,1188.2,1115.1,1093.2,1195.7,1157.0,1122.0,1124.6,1090.8,1075.7,1190.7,1165.7,1232.1,1236.2,1220.3,1204.6,1119.0,1261.8,1242.2,1176.4,1163.5,1168.2,1142.0,1133.3,1200.0,1185.6,1044.9,881.4,860.9,940.9,923.2,920.2,913.4,877.0,821.9,515.7,509.9,513.8,,,,,,,,,,,,
MGCBARF:PF,(                ),,1.01,1.01,1.01,1.01,1.02,1.02,1.01,1.01,1.00,1.01,1.01,1.01,1.01,1.01,1.02,1.02,1.02,1.02,1.02,1.01,1.02,1.01,1.01,1.02,1.02,1.01,1.01,1.01,1.01,1.01,1.01,1.01,1.02,1.01,1.01,1.01,1.01,1.00,1.00,1.01,1.01,1.01,1.01,1.01,1.00,1.00,1.01,1.01,0.99,0.97,0.99,0.97,0.96,0.97,0.96,0.95,0.95,0.95,0.95,0.95,0.95,0.95,0.95,0.95,0.94,0.94,0.94,0.94,0.95,0.95,0.96,0.95,0.95,0.94,0.95,0.95,0.95,0.95,0.94,0.94,0.95,0.94,0.95,0.94,0.95,0.95,0.95,0.96,0.96,0.95,0.95,0.95,0.95,0.95,0.95,0.95,0.95,0.95,0.95,0.95,0.95,0.94,0.94,0.94,0.95,0.95,0.95,0.95,0.95,0.95,0.94,0.96,0.96,0.95,0.95,0.95,0.95,0.94,0.95,0.95,0.96,0.95,0.95,0.96,0.96,0.96,0.96,0.95,0.95,0.96,0.94,0.94,,,,,,,,,,,,
MGCBARF:V12,(                ),kV,23.6,23.5,23.5,23.6,23.5,23.5,23.6,23.5,23.5,23.6,23.5,23.6,23.6,23.6,23.6,23.6,23.6,23.6,23.6,23.6,23.6,23.6,23.7,23.6,23.6,23.6,23.6,23.6,23.8,23.6,23.6,23.6,23.7,23.7,23.7,23.7,23.6,23.6,23.6,23.6,23.5,23.5,23.4,23.5,23.6,23.7,23.6,23.6,23.4,23.6,23.6,23.5,23.4,23.4,23.3,23.2,23.2,23.3,23.4,23.2,23.1,23.1,23.1,23.2,23.2,23.1,23.2,23.1,23.1,23.1,23.2,23.2,23.4,23.4,23.5,23.5,23.5,23.5,23.3,23.3,23.3,23.3,23.2,23.2,23.2,23.2,23.2,23.2,23.2,23.2,23.2,23.2,23.3,23.3,23.3,23.3,23.3,23.4,23.3,23.4,23.4,23.4,23.5,23.5,23.5,23.5,23.5,23.5,23.5,23.5,23.5,23.5,23.5,23.5,23.5,23.6,23.6,23.6,23.6,23.6,23.5,23.4,23.4,23.4,23.5,23.5,23.5,23.6,23.6,23.6,23.6,23.7,,,,,,,,,,,,
MGCBARF:V23,(                ),kV,23.7,23.6,23.6,23.7,23.7,23.7,23.7,23.6,23.7,23.7,23.7,23.7,23.7,23.7,23.7,23.7,23.7,23.7,23.7,23.7,23.7,23.7,23.8,23.7,23.7,23.7,23.8,23.7,23.8,23.7,23.7,23.7,23.7,23.7,23.8,23.7,23.7,23.6,23.7,23.6,23.6,23.6,23.5,23.6,23.7,23.8,23.8,23.7,23.6,23.7,23.7,23.6,23.5,23.5,23.4,23.3,23.3,23.4,23.4,23.3,23.3,23.2,23.2,23.3,23.3,23.2,23.2,23.2,23.2,23.1,23.2,23.3,23.4,23.5,23.5,23.5,23.5,23.6,23.4,23.3,23.3,23.3,23.2,23.3,23.2,23.3,23.2,23.3,23.3,23.3,23.2,23.2,23.3,23.3,23.3,23.4,23.4,23.4,23.4,23.4,23.4,23.4,23.5,23.5,23.5,23.5,23.5,23.5,23.5,23.5,23.5,23.5,23.5,23.5,23.6,23.6,23.6,23.6,23.6,23.6,23.5,23.4,23.5,23.5,23.5,23.5,23.5,23.6,23.6,23.7,23.7,23.7,,,,,,,,,,,,
MGCBARF:V31,(                ),kV,23.7,23.6,23.7,23.7,23.7,23.7,23.7,23.7,23.7,23.7,23.7,23.7,23.7,23.7,23.7,23.7,23.7,23.7,23.8,23.7,23.7,23.7,23.8,23.8,23.7,23.8,23.8,23.8,23.8,23.8,23.8,23.7,23.7,23.7,23.8,23.7,23.7,23.7,23.7,23.6,23.6,23.6,23.6,23.6,23.7,23.8,23.8,23.7,23.6,23.7,23.7,23.6,23.5,23.5,23.5,23.4,23.4,23.4,23.4,23.4,23.3,23.3,23.3,23.3,23.3,23.2,23.3,23.2,23.2,23.2,23.3,23.3,23.5,23.6,23.6,23.6,23.6,23.6,23.4,23.4,23.3,23.4,23.3,23.4,23.3,23.3,23.3,23.4,23.3,23.4,23.3,23.3,23.3,23.3,23.3,23.4,23.4,23.4,23.4,23.5,23.5,23.5,23.6,23.5,23.6,23.6,23.6,23.6,23.5,23.6,23.6,23.6,23.6,23.6,23.6,23.6,23.6,23.6,23.7,23.7,23.5,23.4,23.5,23.5,23.5,23.5,23.6,23.6,23.6,23.7,23.7,23.8,,,,,,,,,,,,
MPA1:HZ,(                ),Hz,60,60,60,60,60,60,59,59,59,60,59,59,59,59,60,60,60,60,59,60,60,59,60,59,59,60,59,60,60,59,60,59,59,59,59,59,59,59,60,60,60,59,60,60,60,60,60,60,59,60,60,60,59,60,59,60,60,59,60,60,60,59,60,59,60,59,60,60,60,59,60,59,59,60,60,60,60,60,60,60,59,59,59,59,60,59,59,60,60,59,60,59,59,59,59,59,60,60,60,59,59,59,59,60,59,59,60,60,59,59,60,59,59,59,59,59,60,60,60,60,59,59,60,60,60,59,60,60,59,59,60,59,,,,,,,,,,,,
MPA1:IR,(                ),A,8,7,7,8,7,7,7,7,7,7,7,7,8,8,8,7,6,7,8,7,7,8,7,8,7,7,8,8,7,7,8,8,8,7,7,8,8,7,7,8,8,8,7,7,8,8,7,7,8,8,8,69,19,606,639,638,679,687,692,697,693,698,700,700,699,701,700,702,696,692,687,692,684,682,678,677,682,682,686,686,689,692,692,684,691,686,690,683,689,684,686,686,692,690,692,689,689,690,692,689,686,689,690,692,693,687,694,692,690,692,693,688,692,690,692,693,689,690,692,687,690,645,641,635,633,630,630,631,632,587,586,587,,,,,,,,,,,,
MPA1:IS,(                ),A,11,11,9,11,11,11,9,9,11,11,10,10,11,11,11,9,9,11,11,9,10,11,11,11,10,9,11,11,10,10,12,11,11,10,10,12,11,10,10,11,11,11,9,9,11,11,9,10,11,11,11,70,21,598,630,628,669,678,684,688,683,688,687,690,688,690,686,690,679,679,676,680,671,672,665,668,671,668,675,678,676,676,679,673,684,677,680,676,675,676,680,676,681,680,682,682,679,682,677,680,676,681,677,676,675,671,679,679,674,674,674,674,679,677,678,680,677,677,674,678,686,636,627,625,625,624,618,618,621,572,570,568,,,,,,,,,,,,
MPA1:IT,(                ),A,8,7,8,7,8,9,7,8,8,7,8,8,7,8,8,7,7,8,7,7,8,8,7,8,8,7,7,8,8,7,8,8,7,7,8,8,7,8,8,7,8,8,6,7,8,7,7,8,8,7,8,68,18,616,645,643,683,690,697,701,696,701,700,704,700,705,700,698,695,695,692,694,686,685,680,681,680,683,688,692,690,691,692,687,692,689,689,688,688,687,690,689,693,693,696,697,694,696,697,694,691,695,691,689,692,689,694,693,692,693,693,688,698,694,696,697,696,696,693,692,700,654,648,645,645,643,637,640,640,600,598,596,,,,,,,,,,,,
MPA1:KW,(                ),kW,4.5,3.8,3.8,3.8,4.4,4.4,3.1,3.8,4.4,3.7,3.8,3.8,3.8,4.5,4.5,3.1,3.1,4.4,3.8,3.1,3.8,4.5,3.8,4.5,3.8,3.1,3.8,4.5,3.8,3.2,4.5,4.5,3.8,3.2,3.9,4.5,3.8,3.8,3.9,3.8,4.5,4.4,3.2,3.1,4.4,3.9,3.2,3.8,4.5,3.8,4.5,30.1,8.1,374.9,391.4,388.4,410.7,417.0,420.5,422.8,418.1,420.7,420.4,422.4,420.6,420.5,419.2,419.4,415.4,413.7,412.8,415.3,413.9,414.3,411.4,411.7,413.1,414.3,413.8,414.5,413.9,414.6,415.0,411.7,415.0,413.5,414.2,413.1,413.1,413.1,415.2,412.4,416.2,415.2,417.6,417.5,416.0,418.6,418.1,417.7,415.8,418.4,418.5,418.0,419.4,417.3,419.6,419.9,417.3,418.6,419.1,417.0,420.2,419.6,421.1,421.7,420.8,420.3,420.4,419.9,422.0,393.3,390.4,388.5,388.1,387.0,384.8,386.5,387.5,362.7,362.2,362.0,,,,,,,,,,,,
MPA1:KWH,(                ),,12294968,12294969,12294969,12294970,12294970,12294971,12294972,12294972,12294974,12294975,12294975,12294976,12294976,12294976,12294977,12294978,12294978,12294979,12294979,12294980,12294981,12294981,12294982,12294983,12294983,12294984,12294984,12294985,12294986,12294986,12294987,12294988,12294989,12294989,12294990,12294990,12294991,12294992,12294992,12294993,12294994,12294994,12294995,12294995,12294996,12294997,12294998,12294998,12294999,12294999,12295000,12295002,12295005,12295043,12295105,12295173,12295242,12295306,12295378,12295441,12295521,12295594,12295660,12295733,12295787,12295874,12295940,12296012,12296077,12296148,12296182,12296287,12296359,12296425,12296494,12296555,12296633,12296698,12296770,12296834,12296896,12296974,12297045,12297110,12297182,12297253,12297321,12297392,12297457,12297528,12297592,12297661,12297732,12297804,12297877,12297940,12298003,12298081,12298154,12298220,12298292,12298347,12298433,12298498,12298571,12298644,12298707,12298776,12298849,12298915,12298987,12299059,12299121,12299201,12299266,12299339,12299405,12299467,12299546,12299619,12299686,12299755,12299821,12299885,12299952,12300013,12300080,12300146,12300204,12300270,12300333,12300390,,,,,,,,,,,,
MPA1:PF,(                ),,0.74,0.68,0.70,0.68,0.74,0.74,0.62,0.69,0.74,0.67,0.69,0.69,0.68,0.74,0.74,0.62,0.62,0.74,0.68,0.62,0.69,0.74,0.68,0.74,0.69,0.61,0.68,0.74,0.69,0.61,0.74,0.74,0.67,0.62,0.69,0.73,0.67,0.69,0.70,0.68,0.74,0.73,0.62,0.62,0.74,0.68,0.62,0.69,0.74,0.68,0.74,0.66,0.64,0.93,0.93,0.93,0.93,0.93,0.93,0.93,0.93,0.93,0.93,0.93,0.93,0.92,0.92,0.92,0.92,0.92,0.92,0.92,0.92,0.92,0.92,0.92,0.92,0.92,0.92,0.92,0.92,0.92,0.92,0.92,0.92,0.92,0.92,0.92,0.92,0.92,0.92,0.92,0.92,0.92,0.92,0.92,0.92,0.92,0.92,0.92,0.92,0.92,0.92,0.92,0.92,0.92,0.92,0.92,0.92,0.92,0.92,0.92,0.92,0.92,0.92,0.92,0.92,0.92,0.92,0.92,0.92,0.93,0.93,0.93,0.93,0.93,0.93,0.93,0.93,0.93,0.93,0.93,,,,,,,,,,,,
MPA1:VRS,(                ),V,385.4,383.3,383.9,384.3,384.4,384.4,384.4,384.3,384.8,385.2,384.5,384.7,384.5,385.3,385.3,385.1,385.3,385.3,385.4,384.9,385.3,385.2,386.1,385.8,386.1,385.8,386.1,386.0,386.5,386.1,385.4,385.6,385.6,385.3,386.1,385.3,385.0,384.4,384.4,384.0,383.5,383.4,382.8,383.3,385.1,386.8,386.6,385.4,383.3,384.9,384.9,382.8,381.7,381.6,379.5,378.5,378.4,379.3,379.2,378.7,377.7,377.8,376.3,377.1,377.3,376.3,375.7,375.7,376.2,375.9,377.1,377.3,380.3,381.2,381.0,381.7,381.7,382.4,379.3,378.2,377.8,377.8,377.6,378.7,376.7,378.3,377.6,377.9,377.9,378.6,378.3,376.9,377.8,377.4,378.2,378.8,379.1,379.6,379.4,380.1,380.1,379.7,381.8,380.9,381.6,381.4,381.2,381.6,381.4,381.9,382.5,381.7,381.2,382.2,382.5,382.6,383.3,382.4,382.8,383.5,381.2,379.7,380.5,380.3,380.9,381.2,381.5,382.9,382.5,383.8,384.1,384.7,,,,,,,,,,,,
MPA1:VST,(                ),V,385.4,383.3,383.8,384.2,384.2,384.4,384.5,384.2,384.7,385.1,384.4,384.6,384.4,384.9,385.2,385.1,385.4,385.2,385.1,384.9,385.2,385.1,386.1,385.7,385.9,385.5,386.0,385.8,386.5,386.0,385.2,385.4,385.6,385.2,386.0,385.2,384.8,384.4,384.3,384.1,383.2,383.2,382.6,383.3,384.8,386.9,386.4,385.3,382.8,384.4,384.5,382.6,381.4,382.0,381.1,378.7,378.2,379.5,379.2,378.9,377.6,377.2,376.9,377.2,376.5,376.2,375.9,375.9,375.3,375.2,376.6,377.3,379.6,380.5,381.2,380.8,380.9,381.6,379.1,378.6,377.4,377.9,376.9,377.9,376.8,377.5,376.4,378.5,376.6,378.2,378.1,377.5,377.3,377.5,377.1,378.2,379.0,379.8,378.4,378.9,378.6,378.8,381.1,381.4,380.5,382.4,381.1,381.2,380.5,381.2,381.4,381.4,381.8,381.9,382.7,381.9,382.6,382.2,381.9,382.7,381.4,379.0,380.4,380.5,381.3,381.6,381.9,382.2,382.7,383.0,384.1,384.0,,,,,,,,,,,,
MPA1:VTR,(                ),V,385.9,383.8,384.7,384.8,384.7,384.8,384.8,384.6,385.0,385.4,384.8,384.8,384.7,385.7,385.4,385.3,385.5,385.4,385.7,385.1,385.3,385.2,386.1,385.9,386.1,385.7,386.2,386.1,386.6,386.0,385.4,385.6,385.8,385.3,386.0,385.4,384.9,384.4,384.5,384.3,383.5,383.4,382.9,383.6,385.2,387.3,386.9,385.6,383.4,385.1,385.1,383.2,382.3,381.1,380.3,378.8,378.7,379.6,379.2,378.5,377.3,376.4,377.1,377.9,377.4,375.8,376.6,376.4,376.7,375.4,376.1,377.6,380.2,382.1,381.9,381.5,381.9,382.6,378.5,378.0,378.3,377.9,377.0,378.2,377.2,378.2,378.1,378.0,378.0,378.7,378.6,377.2,378.1,377.3,378.7,378.5,378.3,379.1,378.8,379.4,380.2,380.2,380.3,380.9,381.8,382.0,380.5,381.4,380.9,381.5,381.7,381.4,381.0,381.5,382.9,382.1,382.6,382.6,383.6,383.2,381.6,379.6,381.0,380.5,381.3,381.8,381.2,382.6,383.0,384.1,384.1,385.5,,,,,,,,,,,,
MPA2:HZ,(                ),Hz,60,60,60,60,60,60,60,59,59,60,59,59,59,59,60,60,60,60,59,60,60,59,60,59,59,60,59,60,60,59,60,59,59,59,59,59,59,59,60,60,60,59,60,60,60,60,60,60,59,60,60,60,59,60,59,60,60,59,60,60,60,60,60,59,60,59,60,60,60,59,60,59,59,60,60,60,60,60,60,60,59,59,59,60,60,59,59,60,60,59,60,59,59,59,59,59,60,60,59,59,59,59,60,60,59,59,60,60,60,59,60,59,59,59,59,59,60,60,60,60,59,59,60,60,60,59,60,60,59,59,60,59,,,,,,,,,,,,
MPA2:IR,(                ),A,53,79,79,79,79,78,79,79,79,79,80,79,79,79,79,79,78,78,79,52,52,52,52,52,52,52,52,52,52,53,52,52,52,52,52,52,52,52,53,52,53,52,53,52,52,52,52,52,52,52,52,242,284,384,811,1052,1539,1530,1544,1553,1548,1543,1549,1553,1549,1542,1541,1543,1545,1543,1552,1530,1524,1032,1534,1525,1512,1512,1532,1523,1536,1536,1529,1526,1548,1524,1539,1536,1530,1532,1553,1529,1533,1549,1528,1538,1529,1519,1528,1536,1524,1529,1532,1512,1544,1526,1519,1521,1529,1518,1531,1523,1519,1538,1536,1528,1533,1541,1524,1531,988,912,931,917,917,911,908,911,899,289,306,312,,,,,,,,,,,,
MPA2:IS,(                ),A,47,74,74,74,74,74,74,74,74,74,75,74,74,74,74,74,74,74,74,47,47,47,47,47,47,47,47,47,47,47,47,47,47,47,47,47,47,47,47,47,47,47,47,47,47,47,46,47,47,46,47,246,292,399,854,1119,1651,1646,1660,1669,1663,1658,1658,1665,1659,1655,1647,1650,1651,1653,1661,1642,1631,1098,1639,1635,1621,1620,1642,1635,1645,1641,1636,1637,1664,1636,1648,1650,1637,1646,1668,1641,1641,1661,1639,1652,1642,1632,1635,1647,1631,1641,1637,1618,1648,1632,1623,1628,1633,1619,1630,1630,1624,1648,1646,1636,1644,1653,1628,1643,1051,968,983,973,974,971,963,962,952,300,315,322,,,,,,,,,,,,
MPA2:IT,(                ),A,49,77,76,76,77,76,76,76,76,75,76,76,75,75,75,75,76,76,76,49,48,48,48,48,48,48,48,48,49,48,48,48,48,48,48,48,48,48,48,48,48,48,48,48,48,48,48,48,48,48,48,241,286,387,827,1096,1612,1606,1618,1628,1619,1619,1619,1628,1616,1614,1605,1613,1617,1614,1626,1605,1595,1072,1601,1599,1581,1583,1603,1597,1605,1602,1596,1597,1619,1595,1607,1608,1595,1603,1626,1605,1601,1618,1601,1612,1602,1591,1601,1607,1595,1607,1597,1578,1608,1593,1584,1587,1597,1585,1597,1593,1591,1609,1611,1600,1608,1619,1597,1608,1030,953,968,960,961,956,945,950,938,290,308,314,,,,,,,,,,,,
MPA2:KW,(                ),kW,27.8,43.7,43.6,43.5,43.6,43.4,43.6,43.4,43.6,43.5,43.8,43.5,43.5,43.5,43.6,43.5,43.6,43.6,43.6,27.8,27.7,27.6,27.7,27.7,27.7,27.7,27.6,27.7,27.8,27.7,27.6,27.6,27.5,27.6,27.7,27.5,27.5,27.6,27.8,27.5,27.7,27.6,27.7,27.6,27.6,27.3,27.4,27.5,27.5,27.3,27.5,135.8,159.8,234.0,504.6,651.2,967.1,964.9,971.1,977.1,969.7,967.1,967.7,973.0,967.9,962.6,959.9,962.1,962.6,961.6,968.3,958.1,960.7,641.5,967.9,964.8,955.8,958.1,963.0,955.2,961.2,959.3,953.9,958.2,969.0,955.3,962.3,964.1,956.9,963.1,975.1,958.1,959.0,969.5,959.4,967.3,961.7,955.6,959.9,966.2,958.9,964.0,965.5,953.6,973.9,963.8,956.0,960.4,962.4,958.2,965.1,962.8,960.5,973.5,973.6,967.8,972.0,977.3,967.1,973.7,616.3,567.8,579.0,572.8,574.1,571.6,567.3,569.7,563.3,174.1,172.5,176.2,,,,,,,,,,,,
MPA2:KWH,(                ),,19612086,19612092,19612100,19612106,19612114,19612122,19612128,19612136,19612144,19612150,19612158,19612166,19612172,19612180,19612186,19612194,19612202,19612208,19612216,19612220,19612226,19612230,19612234,19612240,19612244,19612248,19612252,19612256,19612262,19612266,19612272,19612276,19612280,19612286,19612288,19612294,19612300,19612304,19612308,19612312,19612318,19612322,19612326,19612330,19612336,19612340,19612344,19612350,19612354,19612358,19612364,19612374,19612402,19612436,19612486,19612596,19612746,19612898,19613062,19613204,19613388,19613558,19613710,19613878,19614004,19614202,19614352,19614520,19614670,19614834,19614916,19615158,19615324,19615444,19615588,19615730,19615912,19616062,19616228,19616376,19616518,19616700,19616866,19617016,19617184,19617346,19617504,19617670,19617820,19617986,19618136,19618294,19618460,19618626,19618792,19618940,19619082,19619266,19619430,19619582,19619748,19619874,19620072,19620222,19620390,19620556,19620704,19620862,19621028,19621180,19621346,19621510,19621652,19621834,19621988,19622156,19622306,19622450,19622634,19622802,19622942,19623038,19623138,19623232,19623330,19623422,19623520,19623618,19623702,19623778,19623808,19623836,,,,,,,,,,,,
MPA2:PF,(                ),,0.84,0.86,0.86,0.86,0.86,0.86,0.86,0.86,0.86,0.86,0.86,0.86,0.86,0.86,0.86,0.86,0.86,0.86,0.86,0.84,0.84,0.84,0.84,0.84,0.84,0.84,0.84,0.84,0.84,0.84,0.84,0.84,0.84,0.84,0.84,0.84,0.84,0.84,0.85,0.85,0.85,0.85,0.85,0.85,0.84,0.84,0.84,0.84,0.84,0.84,0.84,0.84,0.84,0.91,0.93,0.92,0.93,0.93,0.93,0.93,0.93,0.93,0.93,0.93,0.93,0.93,0.93,0.93,0.93,0.93,0.93,0.93,0.93,0.91,0.93,0.93,0.93,0.93,0.93,0.93,0.93,0.93,0.93,0.93,0.93,0.93,0.93,0.93,0.93,0.93,0.93,0.93,0.93,0.93,0.93,0.93,0.93,0.93,0.93,0.93,0.93,0.93,0.93,0.93,0.93,0.93,0.93,0.93,0.93,0.93,0.93,0.93,0.93,0.93,0.93,0.93,0.93,0.93,0.93,0.93,0.92,0.92,0.92,0.92,0.92,0.92,0.92,0.92,0.92,0.89,0.84,0.84,,,,,,,,,,,,
MPA2:VRS,(                ),V,385.3,383.2,384.0,384.3,384.1,384.3,384.4,384.2,384.6,385.2,384.5,384.5,384.5,385.3,385.2,385.0,385.3,385.2,385.2,384.8,385.3,385.0,385.9,385.7,386.0,385.7,386.1,385.9,386.0,386.1,385.4,385.6,385.5,385.3,385.9,385.4,384.8,384.4,384.3,383.7,383.7,383.3,382.6,383.3,384.9,386.8,386.6,385.4,383.5,384.8,384.8,382.3,381.1,381.6,379.0,377.6,375.7,377.2,376.6,375.7,374.9,374.8,374.2,375.3,374.8,373.4,375.0,373.5,374.6,372.9,373.3,375.1,378.1,380.1,378.7,379.5,380.1,379.9,377.6,374.8,375.4,375.1,374.2,377.0,374.7,375.0,375.7,376.2,375.4,377.2,376.4,375.6,374.8,375.1,375.7,376.2,376.0,376.8,376.6,377.7,378.2,377.5,378.6,378.9,379.2,379.7,378.1,379.0,378.8,380.8,380.5,379.3,378.9,379.5,380.4,380.8,380.0,380.3,380.7,381.4,379.5,378.5,379.3,379.5,380.0,380.1,380.7,380.9,382.1,384.4,384.0,384.8,,,,,,,,,,,,
MPA2:VST,(                ),V,385.3,383.2,383.9,384.1,384.1,384.3,384.3,384.0,384.5,385.1,384.4,384.4,384.4,385.0,385.1,385.0,385.3,385.2,384.9,384.8,385.3,385.0,385.9,385.6,385.9,385.4,385.9,385.8,386.0,385.9,385.2,385.4,385.4,385.2,385.8,385.2,384.7,384.3,384.3,383.8,383.3,383.0,382.4,383.3,384.6,386.9,386.3,385.3,382.9,384.4,384.4,381.8,381.0,381.2,379.1,375.6,375.4,376.1,374.8,375.6,374.3,373.5,373.9,373.7,374.4,373.0,373.7,373.3,371.9,372.9,373.3,372.5,377.3,379.4,378.3,377.9,378.6,379.6,376.3,374.0,373.6,373.4,372.7,376.0,374.3,375.1,374.4,374.9,374.9,376.2,375.0,373.9,375.1,374.9,375.4,375.8,376.1,375.1,375.1,376.4,376.0,376.3,378.0,377.6,378.5,378.5,377.0,378.3,376.8,378.7,377.9,378.7,377.0,379.1,379.0,379.7,378.5,378.8,380.0,380.0,379.7,377.0,378.9,379.0,379.2,380.0,378.9,381.2,380.8,384.2,383.8,384.3,,,,,,,,,,,,
MPA2:VTR,(                ),V,385.7,383.7,384.6,384.6,384.5,384.5,384.5,384.3,384.7,385.3,384.7,384.5,384.5,385.6,385.2,385.1,385.4,385.2,385.5,384.9,385.2,385.0,385.8,385.7,385.8,385.5,386.0,385.9,386.0,385.9,385.3,385.5,385.4,385.2,385.7,385.2,384.6,384.2,384.3,383.8,383.6,383.1,382.6,383.4,385.0,387.0,386.8,385.4,383.4,385.0,384.9,382.3,381.3,381.6,379.3,377.2,375.5,375.9,376.0,376.1,373.6,374.0,374.0,374.5,374.6,373.0,372.9,373.4,372.8,372.7,373.1,374.5,377.9,379.7,378.6,378.7,378.1,379.9,375.2,375.7,375.1,375.5,374.6,374.7,374.1,375.4,374.3,375.0,375.2,374.8,375.3,373.7,374.7,374.6,375.6,376.1,376.1,376.7,376.4,376.4,376.1,376.7,378.5,377.9,379.0,378.6,378.3,378.8,377.5,378.0,378.5,378.9,378.8,379.0,379.4,379.1,379.9,379.5,380.4,380.3,379.6,378.1,379.5,379.3,379.9,379.6,380.5,381.4,381.2,384.6,384.3,385.0,,,,,,,,,,,,
MLARF-1.PF,(                ),,0.98,0.98,0.97,0.97,0.96,0.97,0.99,0.99,0.99,0.99,0.98,0.97,0.99,0.99,0.92,0.91,0.91,0.90,0.91,0.90,0.90,0.89,0.89,0.92,0.91,0.89,0.99,0.99,0.98,0.98,0.99,0.98,0.87,0.99,0.99,0.98,0.97,0.99,0.99,0.99,0.99,0.98,0.93,0.93,0.99,0.99,0.97,0.98,0.97,0.97,0.99,0.99,0.99,0.99,0.98,0.99,0.99,0.99,0.99,0.99,0.99,0.99,0.99,0.99,0.97,0.96,0.96,0.96,0.99,1.00,1.00,0.99,0.99,0.99,0.99,0.99,0.99,0.99,0.98,0.98,0.99,0.99,0.98,0.98,1.00,0.99,0.99,1.00,0.99,0.99,0.99,1.00,0.99,0.99,0.99,0.98,0.98,0.97,0.99,0.99,0.98,0.98,0.97,0.97,0.99,0.99,0.99,0.99,0.99,0.99,0.98,1.00,0.99,0.99,0.99,0.99,0.99,0.98,0.99,0.99,1.00,0.99,0.98,0.99,0.99,0.99,0.99,0.99,0.98,0.98,0.98,0.98,,,,,,,,,,,,
MLARF-1:HZ,(                ),Hz,60,60,60,60,60,60,60,59,59,60,59,59,59,59,60,60,60,60,59,60,60,59,60,59,59,60,59,60,60,59,60,59,59,59,59,59,59,59,60,60,60,59,60,60,60,60,60,60,59,60,60,60,59,60,59,60,60,59,60,60,60,60,60,59,60,59,60,60,60,59,60,59,59,60,60,60,60,60,60,60,59,59,59,59,60,59,59,59,60,59,60,59,59,59,59,59,60,60,59,59,59,59,60,60,59,59,60,60,60,59,60,59,59,59,59,59,60,60,60,60,59,59,60,60,60,59,60,60,59,59,60,59,,,,,,,,,,,,
MLARF-1:IR,(                ),A,214,302,194,170,131,122,255,207,357,317,238,179,248,211,57,53,52,50,49,49,49,45,44,45,46,44,195,170,133,97,226,162,42,208,322,276,127,328,389,265,229,161,55,53,232,182,146,104,91,86,262,261,208,346,239,304,267,314,277,377,329,313,268,229,123,88,131,120,305,516,522,454,334,312,365,426,391,286,208,179,327,274,236,200,438,390,389,503,417,320,454,512,448,412,425,342,234,149,387,313,255,216,154,154,334,334,463,483,462,455,243,564,519,305,334,356,282,254,377,375,562,354,295,504,455,460,439,357,216,196,194,192,,,,,,,,,,,,
MLARF-1:IS,(                ),A,150,239,134,110,67,57,210,159,314,271,191,134,225,185,26,24,24,23,25,23,23,23,24,24,24,24,174,149,111,75,206,139,18,194,303,257,105,312,374,246,210,140,35,31,211,163,124,82,61,58,240,238,187,323,217,282,246,295,253,352,304,289,241,209,99,65,76,74,259,443,454,411,287,267,320,356,320,219,153,125,284,231,189,158,389,333,317,432,344,249,381,440,377,341,356,272,159,78,314,261,187,144,86,85,265,260,378,385,379,355,155,472,427,214,235,273,187,156,280,281,464,260,197,407,361,363,342,262,119,97,94,91,,,,,,,,,,,,
MLARF-1:IT,(                ),A,163,235,135,113,77,68,219,168,308,267,186,133,213,173,27,26,28,28,32,29,28,27,27,30,29,26,176,151,112,76,192,125,18,192,289,243,105,345,361,232,196,128,35,30,194,145,112,81,62,49,232,229,176,299,195,273,238,273,237,333,293,265,229,182,72,36,41,40,225,403,415,369,247,226,277,325,286,198,131,97,239,184,146,120,345,299,287,397,313,228,340,401,337,301,314,233,121,50,272,210,155,118,58,57,224,220,344,341,335,312,123,427,384,168,195,233,161,129,236,239,426,235,174,370,326,326,302,223,98,74,72,70,,,,,,,,,,,,
MLARF-1:KW,(                ),kW,115.3,169.0,99.7,84.4,58.6,52.9,150.2,116.6,214.9,188.4,134.3,96.1,150.8,125.1,22.4,20.8,21.2,20.4,21.4,20.1,19.9,19.0,18.8,20.2,19.8,18.6,120.1,103.1,77.4,53.9,137.0,93.3,15.1,130.7,201.5,170.0,72.6,216.5,247.6,162.4,138.9,92.8,25.7,23.5,140.4,108.1,82.9,58.0,46.0,41.5,161.4,159.5,124.6,211.5,140.4,186.6,163.0,191.1,166.4,230.6,200.1,187.5,159.2,133.8,62.5,39.4,52.1,48.9,170.5,294.0,300.8,267.8,188.5,175.6,210.0,241.8,218.3,153.6,106.0,86.2,184.3,149.0,122.5,102.7,254.2,221.5,214.5,289.0,232.1,172.7,255.0,293.5,251.7,228.0,237.1,182.6,110.5,59.6,211.6,170.2,128.9,103.0,63.9,63.4,180.0,178.2,258.9,264.3,256.8,245.1,113.4,320.8,291.5,149.3,167.1,187.9,137.4,117.1,196.1,196.7,318.2,184.5,144.3,279.4,248.8,250.8,236.6,183.6,93.8,79.8,78.4,77.2,,,,,,,,,,,,
MLARF-1:KWH,(                ),,6674793,6674815,6674840,6674856,6674868,6674876,6674889,6674914,6674951,6674983,6675011,6675030,6675046,6675069,6675075,6675078,6675082,6675086,6675089,6675093,6675096,6675099,6675103,6675106,6675109,6675113,6675126,6675142,6675160,6675172,6675195,6675214,6675221,6675238,6675270,6675300,6675323,6675342,6675378,6675418,6675444,6675466,6675475,6675479,6675490,6675512,6675527,6675539,6675548,6675555,6675571,6675599,6675625,6675658,6675687,6675711,6675741,6675766,6675801,6675832,6675872,6675905,6675932,6675958,6675968,6675976,6675983,6675992,6676004,6676051,6676075,6676146,6676186,6676217,6676247,6676274,6676315,6676344,6676366,6676380,6676395,6676425,6676449,6676466,6676494,6676534,6676569,6676609,6676654,6676689,6676725,6676766,6676813,6676846,6676894,6676925,6676947,6676966,6676986,6677016,6677041,6677057,6677071,6677080,6677103,6677135,6677173,6677218,6677262,6677301,6677332,6677361,6677407,6677444,6677468,6677495,6677519,6677538,6677572,6677606,6677654,6677708,6677736,6677767,6677808,6677849,6677889,6677924,6677940,6677966,6677979,6677991,,,,,,,,,,,,
MLARF-1:PF,(                ),, -0.98, -0.98, -0.97, -0.97, -0.96, -0.97, -0.99, -0.99, -0.99, -0.99, -0.98, -0.97, -0.99, -0.99, -0.92, -0.91, -0.91,0.90,0.91, -0.90,0.90,0.89,0.89,0.92,0.91,0.89, -0.99, -0.99, -0.98, -0.98, -0.99, -0.98, -0.87, -0.99, -0.99, -0.98, -0.97, -0.99, -0.99, -0.99, -0.99, -0.98, -0.93, -0.93, -0.99, -0.99, -0.97, -0.98, -0.97, -0.97, -0.99, -0.99, -0.99, -0.99, -0.98, -0.99, -0.99, -0.99, -0.99, -0.99, -0.99, -0.99, -0.99, -0.99, -0.97, -0.96, -0.96,0.96, -0.99, -1.00, -1.00, -0.99, -0.99, -0.99, -0.99, -0.99, -0.99, -0.99, -0.98, -0.98, -0.99, -0.99, -0.98, -0.98, -1.00, -0.99, -0.99, -1.00, -0.99, -0.99, -0.99, -1.00, -0.99, -0.99, -0.99, -0.98, -0.98, -0.97, -0.99, -0.99, -0.98, -0.98, -0.97, -0.97, -0.99, -0.99, -0.99, -0.99, -0.99, -0.99, -0.98, -1.00, -0.99, -0.99, -0.99, -0.99, -0.99, -0.98, -0.99, -0.99, -1.00, -0.99, -0.98, -0.99, -0.99, -0.99, -0.99, -0.99, -0.98, -0.98, -0.98, -0.98,,,,,,,,,,,,
MLARF-1:VRS,(                ),V,384.9,382.9,383.8,384.0,383.9,384.0,383.5,383.8,384.2,384.6,384.1,384.3,384.2,385.1,385.1,385.0,385.1,385.0,385.1,384.6,385.0,385.0,385.7,385.6,385.4,385.6,385.8,385.8,386.0,386.0,385.3,385.4,385.5,385.1,385.5,385.2,384.7,383.8,383.8,383.1,383.3,383.1,382.6,383.2,384.7,386.8,386.4,385.3,383.3,384.6,384.3,382.4,381.6,381.8,381.3,379.4,379.1,380.0,379.6,379.0,378.0,377.7,377.3,378.2,378.1,377.0,377.0,376.6,376.6,375.7,376.3,377.6,381.0,382.1,381.7,381.6,381.9,382.8,379.6,379.0,378.5,378.3,378.0,378.9,377.5,378.2,378.1,377.6,378.0,379.1,378.6,377.4,378.1,378.1,378.4,379.1,379.5,380.1,379.3,380.2,380.4,380.3,381.8,381.7,382.0,382.3,381.1,381.5,381.3,382.1,382.6,381.6,381.7,382.4,382.9,382.8,383.1,382.8,383.1,383.3,380.9,379.4,380.7,380.1,380.9,381.4,381.5,382.5,382.8,384.0,384.1,384.7,,,,,,,,,,,,
MLARF-1:VST,(                ),V,384.9,383.1,383.6,383.9,383.9,384.0,383.5,383.8,384.2,384.6,383.9,384.2,383.9,384.5,384.8,384.7,385.0,384.7,384.5,384.7,384.8,384.8,385.3,385.3,385.3,384.9,385.5,385.4,385.8,385.6,384.9,385.1,385.2,384.9,385.2,384.9,384.5,383.7,383.6,382.9,382.8,382.7,382.1,383.1,384.2,386.6,385.9,385.0,382.6,384.0,383.9,381.9,381.2,381.3,380.7,378.6,378.2,379.4,378.8,378.3,377.2,376.9,376.3,377.2,376.8,376.0,376.0,375.7,375.6,375.0,375.7,376.9,380.1,381.3,380.6,381.0,381.2,382.0,378.9,378.4,377.5,377.2,376.9,378.0,376.9,377.6,377.2,377.0,377.2,378.3,378.0,376.7,377.2,377.3,377.6,378.5,378.9,379.4,378.4,379.3,379.4,379.8,380.6,380.8,380.9,381.5,380.4,381.1,380.6,381.5,381.7,381.1,381.1,381.7,382.4,382.3,382.7,382.4,382.5,382.9,380.8,379.4,380.5,380.2,380.9,381.5,381.6,382.2,382.6,383.9,383.9,384.6,,,,,,,,,,,,
MLARF-1:VTR,(                ),V,385.7,383.9,384.8,384.8,384.7,384.7,384.0,384.3,384.7,385.2,384.7,384.7,384.5,385.6,385.3,385.1,385.4,385.2,385.3,384.9,385.1,385.1,385.7,385.6,385.5,385.4,385.9,385.7,385.8,385.7,385.3,385.4,385.6,385.1,385.6,385.3,384.6,383.5,383.9,383.3,383.5,382.9,382.6,383.6,384.9,387.2,386.7,385.3,383.4,385.0,384.7,382.9,382.3,382.3,381.8,379.8,379.3,380.2,379.9,379.2,378.1,378.0,377.6,378.6,378.1,377.1,377.3,377.2,377.1,376.5,377.1,378.3,381.4,382.7,382.2,382.4,382.7,383.5,380.1,379.7,379.0,378.8,378.4,379.3,377.9,378.8,378.6,378.2,378.6,379.5,379.2,378.1,378.7,378.7,379.1,379.7,380.1,380.6,380.1,380.7,380.9,381.0,382.0,381.9,382.5,382.9,381.7,382.4,381.9,382.9,383.2,382.3,382.5,383.1,383.9,383.6,384.0,383.8,384.3,384.3,381.9,380.3,381.8,381.4,382.2,382.6,382.8,383.7,384.0,385.5,385.7,386.3,,,,,,,,,,,,
MPARF:HZ,(                ),Hz,60,60,60,60,60,60,60,59,59,60,59,59,59,59,60,60,60,60,59,60,60,59,60,59,59,60,59,60,60,59,60,59,59,59,59,59,59,59,60,60,60,59,60,60,60,60,60,60,59,59,60,60,59,60,59,60,60,59,60,60,60,60,60,59,60,59,60,60,60,59,60,59,59,60,60,60,60,60,60,60,60,59,59,60,60,60,59,59,60,59,60,59,59,59,59,60,60,59,59,59,59,59,60,60,59,59,60,60,60,59,60,59,59,59,59,59,60,60,60,60,59,59,60,60,60,59,60,60,59,59,60,59,,,,,,,,,,,,
MPARF:IR,(                ),A,137,130,118,122,130,114,154,139,122,120,118,121,143,117,148,120,119,120,118,119,115,117,115,116,115,115,115,117,109,111,111,112,110,111,113,112,112,114,114,114,110,111,113,111,116,119,118,122,149,173,173,207,209,201,170,217,220,165,202,173,174,173,229,190,236,200,214,206,252,267,217,228,227,203,203,243,203,221,226,234,201,207,233,223,197,206,203,199,265,197,207,211,195,207,196,234,206,222,195,191,215,235,211,234,237,229,239,233,201,195,198,201,206,256,208,205,271,218,243,208,243,200,197,191,205,203,219,210,288,230,225,230,,,,,,,,,,,,
MPARF:IS,(                ),A,88,81,76,79,90,77,112,98,84,83,79,82,105,81,111,83,83,81,82,83,81,83,81,82,81,81,80,81,78,80,79,81,79,80,81,82,78,78,78,79,77,78,78,78,78,77,77,77,93,115,116,145,150,142,111,165,161,108,135,108,115,114,170,131,171,134,148,138,190,212,147,160,158,141,140,178,134,152,158,171,138,144,170,168,140,146,139,130,202,132,136,134,128,144,133,176,143,159,136,127,148,166,147,167,171,165,174,175,127,135,133,137,141,189,143,142,206,159,176,148,179,135,135,128,145,139,153,146,226,169,173,180,,,,,,,,,,,,
MPARF:IT,(                ),A,145,138,133,138,146,130,168,151,137,135,131,134,153,129,154,132,131,133,130,131,129,131,129,128,128,128,128,130,124,125,125,127,125,126,127,127,125,126,127,127,127,127,130,131,130,131,130,133,144,162,160,195,195,184,156,204,209,151,187,152,168,167,221,179,225,184,197,189,238,249,201,211,210,193,187,231,189,204,209,221,183,190,217,211,183,194,187,182,255,175,190,193,175,190,179,222,195,211,184,177,205,218,192,216,218,212,226,220,187,184,185,185,191,236,189,187,254,199,223,194,233,188,188,182,196,186,205,194,274,214,210,220,,,,,,,,,,,,
MPARF:KW,(                ),kW,76.2,70.9,62.3,64.5,71.6,60.7,87.4,76.9,64.6,65.8,63.2,66.4,80.7,64.2,84.8,65.5,65.0,65.5,63.8,64.1,61.2,61.7,61.4,61.3,60.9,60.9,60.8,62.2,56.6,58.3,58.2,58.5,57.0,57.9,58.7,59.0,59.1,59.9,60.0,60.2,58.8,59.5,60.4,59.1,61.3,65.1,64.5,66.2,82.9,96.8,95.3,116.3,118.9,112.6,93.4,125.5,126.7,90.3,112.3,92.4,97.2,96.3,132.1,105.6,134.1,108.7,117.1,111.7,142.7,153.5,118.9,126.0,126.4,114.1,112.5,139.8,112.1,123.5,125.7,133.2,110.4,114.0,131.1,127.9,109.7,115.4,111.6,108.2,152.3,106.6,112.6,113.6,105.1,114.1,107.1,134.3,115.1,125.5,108.9,105.0,120.8,131.2,116.9,131.5,133.3,130.1,136.8,133.7,109.5,109.4,110.2,110.1,114.3,144.5,115.0,113.3,150.6,122.6,136.6,117.3,140.4,110.2,110.4,106.4,115.8,112.0,122.4,116.7,168.1,129.9,128.5,133.9,,,,,,,,,,,,
MPARF:KWH,(                ),,5915528,5915539,5915551,5915563,5915574,5915584,5915593,5915605,5915616,5915626,5915638,5915649,5915661,5915671,5915683,5915693,5915704,5915714,5915726,5915737,5915747,5915758,5915767,5915778,5915788,5915799,5915809,5915817,5915829,5915839,5915849,5915858,5915868,5915877,5915887,5915896,5915906,5915917,5915925,5915936,5915946,5915958,5915967,5915976,5915989,5916000,5916011,5916023,5916035,5916051,5916067,5916084,5916102,5916118,5916135,5916152,5916170,5916186,5916204,5916220,5916240,5916258,5916274,5916294,5916309,5916333,5916352,5916373,5916393,5916414,5916424,5916455,5916476,5916496,5916517,5916535,5916558,5916577,5916598,5916616,5916633,5916656,5916676,5916696,5916717,5916738,5916758,5916777,5916798,5916818,5916837,5916857,5916878,5916899,5916921,5916940,5916958,5916982,5917002,5917021,5917042,5917057,5917082,5917101,5917121,5917141,5917159,5917179,5917200,5917219,5917240,5917260,5917277,5917301,5917319,5917340,5917359,5917378,5917400,5917421,5917440,5917461,5917481,5917501,5917521,5917541,5917563,5917584,5917603,5917625,5917646,5917666,,,,,,,,,,,,
MPARF:PF,(                ),, -0.93, -0.92, -0.86, -0.86, -0.88, -0.85, -0.91, -0.89, -0.87, -0.88, -0.87, -0.89, -0.91, -0.88, -0.92, -0.88, -0.88, -0.88, -0.87, -0.87, -0.85, -0.84, -0.85, -0.85, -0.84, -0.85, -0.85, -0.85, -0.82, -0.83, -0.83, -0.82, -0.82, -0.82, -0.82, -0.83, -0.85, -0.85, -0.85, -0.85, -0.85, -0.85, -0.85, -0.84, -0.85, -0.89, -0.89, -0.90, -0.97,0.97,0.96,0.96,0.98,0.97,0.98,0.98,0.99,0.98,0.98,0.98,0.98,0.98,0.98,0.97,0.98,0.97,0.97,0.97,0.97,0.97,0.97,0.97,0.97,0.97,0.97,0.98,0.97,0.97,0.97,0.98,0.97,0.97,0.97,0.98,0.97,0.97,0.97,0.97,0.97,0.97,0.97,0.97,0.97,0.97,0.97,0.98,0.97,0.97,0.97,0.97,0.97,0.97,0.97,0.97,0.97,0.98,0.98,0.97,0.97,0.97,0.97,0.97,0.97,0.96,0.97,0.96,0.97,0.97,0.97,0.97,0.98,0.97,0.97,0.97,0.97,0.96,0.97,0.96,0.97,0.96,0.96,0.96,,,,,,,,,,,,
MPARF:VRS,(                ),V,384.2,382.2,382.9,383.6,383.3,383.5,383.0,383.3,384.0,384.4,383.8,383.7,383.5,384.4,384.3,384.2,384.6,384.4,384.5,384.1,384.6,384.5,385.2,385.1,385.2,384.7,385.5,385.2,385.4,385.5,384.8,385.0,385.0,384.6,385.2,384.9,384.0,383.6,383.8,382.9,382.8,382.5,382.0,382.5,384.3,386.1,385.4,384.5,382.3,383.1,382.9,380.9,379.9,380.3,379.6,377.8,377.6,378.5,377.8,377.9,376.7,376.3,375.8,376.7,376.2,375.1,375.2,375.0,374.9,374.7,375.2,376.4,379.4,380.4,380.2,380.3,380.6,381.2,378.0,377.5,377.1,376.7,376.2,377.1,376.3,376.7,376.8,376.8,376.4,377.6,377.5,376.5,377.0,376.6,377.3,377.4,378.0,378.3,378.0,378.7,378.8,378.6,380.2,380.2,380.6,380.9,379.9,380.4,380.2,381.0,381.1,380.8,380.6,380.8,381.5,381.3,381.3,381.4,381.5,382.0,379.9,378.1,379.4,379.2,379.8,380.2,380.3,381.2,380.9,382.4,382.4,383.2,,,,,,,,,,,,
MPARF:VST,(                ),V,385.1,383.2,383.9,384.4,384.1,384.5,383.9,384.1,384.8,385.2,384.5,384.4,384.2,384.9,384.9,385.0,385.4,385.1,385.0,384.9,385.4,385.3,386.1,385.7,385.9,385.2,386.1,385.8,386.2,386.1,385.3,385.7,385.7,385.4,385.9,385.5,384.7,384.3,384.5,383.7,383.3,383.2,382.6,383.4,384.8,387.1,386.0,385.3,382.6,383.5,383.3,381.4,380.6,380.9,380.2,377.8,377.7,378.9,378.1,378.0,376.9,376.6,375.9,376.8,376.3,375.4,375.4,375.2,375.1,374.8,375.5,376.9,379.7,380.8,380.2,380.5,380.9,381.4,378.3,377.9,377.2,376.8,376.1,377.5,376.6,376.9,376.9,377.1,376.4,377.8,377.8,376.7,377.0,376.7,377.4,377.6,378.2,378.6,378.0,379.0,378.8,379.0,380.1,380.2,380.6,381.2,380.1,380.6,380.4,381.0,381.0,381.1,380.8,381.1,381.9,381.6,381.7,381.8,381.8,382.4,380.4,378.8,379.7,379.9,380.5,381.0,381.0,381.5,381.5,383.0,383.0,383.7,,,,,,,,,,,,
MPARF:VTR,(                ),V,384.6,382.7,383.9,384.1,383.7,384.0,383.3,383.5,384.2,384.6,384.0,383.8,383.7,384.8,384.5,384.3,384.8,384.5,384.9,384.2,384.6,384.5,385.2,385.1,385.2,384.5,385.5,385.3,385.5,385.4,384.7,385.0,385.0,384.7,385.1,384.9,383.9,383.5,383.9,383.0,382.8,382.4,382.1,382.8,384.4,386.5,385.7,384.7,382.3,383.3,383.0,381.4,380.6,380.7,380.0,378.1,377.8,378.5,378.0,377.8,376.6,376.3,375.9,376.9,376.3,375.3,375.3,375.3,375.3,374.8,375.5,376.8,379.6,380.7,380.4,380.5,380.9,381.4,378.1,377.8,377.3,376.9,376.2,377.3,376.4,376.9,376.9,376.8,376.3,377.5,377.5,376.5,377.0,376.8,377.4,377.4,378.0,378.4,378.1,378.9,378.7,378.8,380.0,380.0,380.6,380.9,379.8,380.1,380.1,380.9,381.0,380.7,380.7,380.7,381.7,381.4,381.4,381.5,382.0,382.2,380.0,378.3,379.5,379.5,380.2,380.6,380.7,381.5,381.5,383.1,383.1,383.8,,,,,,,,,,,,
MGCBB.KWH,(度數            ),,138.160,138.160,138.160,138.160,138.160,138.160,138.160,138.160,138.161,138.161,138.161,138.161,138.161,138.161,138.161,138.161,138.161,138.161,138.162,138.162,138.162,138.162,138.162,138.162,138.162,138.162,138.162,138.162,138.162,138.163,138.163,138.163,138.163,138.163,138.163,138.163,138.163,138.163,138.163,138.163,138.163,138.164,138.164,138.164,138.164,138.164,138.164,138.164,138.164,138.164,138.165,138.165,138.165,138.165,138.165,138.166,138.166,138.166,138.167,138.167,138.167,138.168,138.168,138.169,138.169,138.169,138.170,138.171,138.171,138.172,138.172,138.173,138.173,138.174,138.174,138.175,138.176,138.176,138.177,138.177,138.178,138.178,138.179,138.179,138.180,138.181,138.181,138.182,138.182,138.183,138.183,138.184,138.184,138.185,138.185,138.186,138.186,138.187,138.188,138.188,138.189,138.189,138.190,138.190,138.191,138.191,138.192,138.192,138.193,138.194,138.194,138.195,138.195,138.196,138.197,138.197,138.198,138.198,138.199,138.199,138.200,138.201,138.201,138.202,138.202,138.203,138.203,138.204,138.204,138.205,138.205,138.206,,,,,,,,,,,,
MGCBB:F,(                ),Hz,60,60,60,60,60,60,60,60,60,60,60,60,60,60,60,60,60,60,60,60,60,60,60,60,60,60,60,60,60,60,60,60,60,60,60,60,60,60,60,60,60,60,60,60,60,60,60,60,60,60,60,60,60,60,60,60,60,60,60,60,60,60,60,60,60,60,60,60,60,60,60,60,60,60,60,60,60,60,60,60,60,60,60,60,60,60,60,60,60,60,60,60,60,60,60,60,60,60,60,60,60,60,60,60,60,60,60,60,60,60,60,60,60,60,60,60,60,60,60,60,60,60,60,60,60,60,60,60,60,60,60,60,,,,,,,,,,,,
MGCBB:I1,(                ),A,20.2,18.8,16.2,14.4,14.5,13.5,14.3,15.6,15.0,14.6,14.0,14.2,14.7,13.8,14.1,13.3,13.8,14.0,12.8,13.2,14.1,13.2,12.9,14.4,12.5,13.0,12.9,11.8,11.4,12.4,12.2,11.4,11.1,14.5,12.8,13.3,12.6,14.4,13.6,13.7,12.9,13.0,12.4,12.5,17.3,16.7,14.3,14.9,18.4,21.2,22.3,25.7,28.1,29.5,37.7,39.4,45.2,50.7,53.6,54.4,60.2,63.4,63.9,73.7,71.3,77.0,82.6,83.4,82.0,86.6,85.2,84.6,85.7,86.8,87.0,90.2,86.6,84.6,84.8,85.6,87.5,90.4,85.8,87.1,86.3,84.6,88.2,85.5,83.9,81.9,80.7,78.7,83.9,83.9,82.8,80.8,81.0,77.8,79.6,82.0,81.5,83.1,81.7,83.7,83.1,81.5,88.3,88.3,89.4,86.8,87.3,91.9,88.1,87.8,89.0,90.1,87.3,87.4,85.8,84.5,86.2,85.6,86.7,86.3,85.2,84.5,80.6,77.2,76.1,70.7,70.3,66.5,,,,,,,,,,,,
MGCBB:I2,(                ),A,21.4,19.6,17.0,14.7,15.0,14.6,14.8,16.6,15.6,15.3,14.5,15.0,14.5,14.0,14.3,13.9,14.4,14.4,13.7,13.4,14.1,13.7,13.2,14.8,13.2,13.5,12.9,11.8,12.0,12.3,11.6,11.1,11.3,14.5,13.0,12.5,12.6,14.6,13.9,14.1,13.6,13.3,12.8,12.7,18.2,17.2,14.5,15.4,18.9,22.2,23.3,26.1,29.7,30.1,39.0,39.5,45.7,51.6,54.9,54.8,60.9,64.5,63.8,72.6,71.5,76.1,81.1,83.1,81.2,86.3,84.2,84.3,85.6,86.9,86.0,89.4,85.8,83.8,83.2,85.8,87.4,90.0,85.8,86.4,86.5,85.1,88.7,85.5,82.9,80.9,80.2,78.5,83.4,82.5,81.6,79.9,79.0,76.7,78.1,81.3,80.2,81.8,80.1,82.8,82.2,80.6,87.9,88.1,88.3,86.2,86.2,91.5,88.3,87.7,88.9,90.4,87.2,86.5,84.9,83.9,86.1,85.6,86.1,85.4,84.7,84.5,80.5,77.0,76.3,70.8,70.5,65.2,,,,,,,,,,,,
MGCBB:I3,(                ),A,21.5,20.5,17.3,16.0,15.8,15.4,15.9,17.4,16.1,15.9,15.2,15.5,15.8,15.2,15.4,14.4,15.1,15.3,14.5,14.3,15.4,14.5,14.2,15.5,14.0,14.1,14.0,13.1,12.7,13.4,13.1,11.9,12.1,15.4,14.3,14.2,13.6,15.4,14.6,15.1,14.1,14.0,13.8,14.3,19.0,18.3,15.5,16.1,20.2,22.5,23.5,27.1,30.3,31.7,40.1,42.0,46.6,51.7,55.3,55.7,61.2,65.4,65.3,75.0,72.8,78.4,82.8,85.2,82.3,87.6,86.7,86.2,86.3,87.5,87.1,90.5,86.5,85.8,85.4,87.4,89.4,91.5,86.6,87.4,87.9,86.6,91.0,86.9,85.2,83.3,82.8,80.9,86.0,85.5,84.8,83.0,81.9,79.5,81.3,84.1,83.4,85.4,82.9,84.5,83.8,82.8,90.0,90.1,90.7,88.5,89.2,93.9,91.0,90.0,91.4,90.9,87.9,88.2,87.5,86.3,87.6,87.1,87.9,87.8,86.1,85.6,81.4,78.5,77.3,71.9,71.2,67.3,,,,,,,,,,,,
MGCBB:KW,(                ),kW,839.6,780.3,668.8,583.5,587.7,564.0,584.9,652.5,613.2,603.3,571.1,583.9,586.3,561.4,572.3,535.7,564.8,568.2,528.9,532.8,564.7,531.3,520.6,588.2,512.6,531.1,518.2,481.0,470.7,493.2,475.6,445.7,452.6,587.2,530.8,522.2,503.2,584.2,555.5,566.1,531.0,527.7,511.9,507.8,730.2,694.4,584.8,610.1,747.5,866.2,909.1,1025.2,1152.4,1192.2,1542.3,1574.2,1797.1,1986.7,2128.7,2150.9,2346.5,2461.1,2478.6,2859.5,2797.8,2987.6,3181.4,3260.4,3147.8,3373.2,3317.3,3307.5,3364.9,3429.4,3399.1,3548.6,3396.5,3323.1,3294.4,3366.6,3437.8,3516.9,3349.7,3392.0,3385.2,3323.4,3481.9,3348.7,3266.3,3195.3,3159.5,3079.4,3283.0,3255.7,3226.3,3159.0,3134.6,3045.1,3115.1,3231.2,3189.6,3256.9,3194.4,3289.1,3251.1,3204.1,3499.5,3500.7,3517.7,3437.1,3435.9,3648.6,3509.8,3500.7,3544.6,3575.1,3452.6,3453.7,3390.8,3345.7,3387.6,3362.4,3407.7,3394.4,3343.2,3336.7,3176.2,3044.7,3014.6,2793.8,2767.9,2625.1,,,,,,,,,,,,
MGCBB:PF,(                ),,0.97,0.98,0.97,0.95,0.95,0.95,0.95,0.97,0.96,0.96,0.96,0.95,0.96,0.96,0.95,0.95,0.95,0.95,0.94,0.96,0.95,0.94,0.95,0.96,0.95,0.96,0.95,0.95,0.95,0.94,0.94,0.95,0.95,0.96,0.96,0.96,0.95,0.96,0.97,0.97,0.96,0.96,0.96,0.94,0.98,0.97,0.95,0.96,0.95,0.96,0.96,0.96,0.97,0.97,0.97,0.96,0.97,0.96,0.96,0.96,0.96,0.96,0.96,0.96,0.96,0.96,0.96,0.96,0.96,0.97,0.97,0.96,0.96,0.97,0.96,0.96,0.96,0.96,0.96,0.96,0.97,0.97,0.97,0.97,0.97,0.96,0.97,0.97,0.96,0.96,0.96,0.96,0.97,0.97,0.96,0.96,0.96,0.96,0.97,0.97,0.96,0.96,0.96,0.96,0.96,0.96,0.97,0.97,0.97,0.96,0.97,0.97,0.97,0.97,0.97,0.97,0.96,0.97,0.96,0.96,0.96,0.96,0.97,0.97,0.96,0.96,0.96,0.96,0.96,0.96,0.96,0.96,,,,,,,,,,,,
MGCBB:V12,(                ),kV,23.7,23.6,23.6,23.6,23.6,23.6,23.6,23.6,23.6,23.7,23.7,23.6,23.6,23.7,23.7,23.7,23.7,23.7,23.7,23.6,23.7,23.7,23.7,23.7,23.7,23.7,23.7,23.7,23.7,23.7,23.7,23.7,23.7,23.7,23.7,23.7,23.6,23.6,23.6,23.6,23.6,23.6,23.5,23.6,23.7,23.8,23.7,23.7,23.6,23.7,23.6,23.5,23.5,23.5,23.5,23.3,23.3,23.4,23.3,23.3,23.2,23.2,23.2,23.3,23.2,23.2,23.2,23.2,23.2,23.1,23.2,23.3,23.4,23.5,23.5,23.5,23.5,23.5,23.3,23.3,23.3,23.2,23.2,23.3,23.2,23.2,23.3,23.3,23.3,23.3,23.3,23.3,23.3,23.3,23.3,23.3,23.3,23.3,23.3,23.4,23.4,23.4,23.4,23.5,23.5,23.5,23.5,23.5,23.5,23.5,23.5,23.5,23.5,23.5,23.6,23.5,23.6,23.6,23.6,23.6,23.5,23.4,23.4,23.4,23.5,23.5,23.5,23.5,23.6,23.7,23.6,23.7,,,,,,,,,,,,
MGCBB:V23,(                ),kV,23.7,23.6,23.7,23.7,23.7,23.7,23.7,23.7,23.7,23.7,23.7,23.7,23.7,23.7,23.7,23.7,23.8,23.7,23.7,23.7,23.7,23.8,23.8,23.8,23.7,23.7,23.8,23.8,23.8,23.8,23.8,23.7,23.8,23.7,23.8,23.8,23.7,23.7,23.7,23.6,23.6,23.6,23.6,23.6,23.7,23.8,23.8,23.7,23.6,23.7,23.7,23.6,23.6,23.6,23.5,23.4,23.4,23.4,23.4,23.4,23.3,23.3,23.3,23.3,23.3,23.3,23.3,23.2,23.2,23.2,23.3,23.3,23.5,23.6,23.6,23.6,23.6,23.6,23.4,23.4,23.4,23.3,23.3,23.4,23.3,23.3,23.3,23.3,23.4,23.4,23.3,23.3,23.3,23.4,23.4,23.4,23.4,23.4,23.4,23.4,23.5,23.5,23.5,23.5,23.6,23.6,23.6,23.6,23.5,23.6,23.6,23.6,23.6,23.6,23.6,23.6,23.6,23.6,23.7,23.7,23.6,23.4,23.5,23.5,23.5,23.6,23.6,23.6,23.6,23.7,23.7,23.8,,,,,,,,,,,,
MGCBB:V31,(                ),kV,23.7,23.6,23.6,23.6,23.6,23.6,23.6,23.6,23.7,23.7,23.7,23.7,23.7,23.7,23.7,23.7,23.7,23.7,23.7,23.7,23.7,23.7,23.8,23.7,23.7,23.7,23.7,23.8,23.8,23.8,23.7,23.7,23.7,23.7,23.8,23.7,23.7,23.7,23.7,23.6,23.6,23.6,23.6,23.6,23.7,23.8,23.7,23.7,23.6,23.7,23.7,23.5,23.5,23.5,23.5,23.3,23.3,23.4,23.3,23.3,23.3,23.2,23.2,23.3,23.2,23.2,23.2,23.2,23.2,23.2,23.2,23.3,23.5,23.5,23.5,23.5,23.5,23.5,23.4,23.3,23.3,23.3,23.3,23.3,23.3,23.3,23.3,23.3,23.3,23.3,23.3,23.3,23.3,23.3,23.3,23.3,23.4,23.4,23.3,23.4,23.4,23.4,23.5,23.5,23.5,23.5,23.5,23.5,23.5,23.5,23.5,23.5,23.5,23.6,23.6,23.6,23.6,23.6,23.6,23.6,23.5,23.4,23.4,23.4,23.5,23.5,23.5,23.5,23.6,23.6,23.6,23.7,,,,,,,,,,,,
MLB1-1:HZ,(                ),Hz,60,60,59,60,60,60,60,59,59,60,59,59,59,59,60,60,60,60,59,60,60,59,60,59,59,60,59,60,60,59,60,59,59,59,59,59,59,59,60,60,60,59,60,60,60,60,60,60,60,60,60,60,59,60,59,60,60,59,60,60,60,59,60,60,60,59,60,60,60,59,59,59,59,60,60,60,60,60,60,60,59,59,59,60,60,60,59,59,60,59,60,59,59,59,59,59,60,60,59,59,59,59,60,60,59,59,60,60,59,59,60,59,59,59,59,59,60,60,60,60,59,59,60,60,60,60,60,60,59,59,60,60,,,,,,,,,,,,
MLB1-1:IR,(                ),A,697,655,502,469,472,412,469,525,489,507,493,475,526,487,493,431,454,488,443,449,492,411,434,506,420,421,411,362,369,422,406,342,355,534,463,455,433,495,466,469,428,411,440,440,675,639,518,515,516,668,659,730,738,802,1057,962,1002,1114,1291,1236,1351,1362,1262,1546,1377,1382,1539,1492,1354,1544,1471,1615,1565,1569,1556,1744,1564,1496,1471,1459,1630,1635,1533,1596,1571,1458,1764,1683,1532,1538,1520,1493,1566,1581,1567,1490,1474,1331,1379,1558,1520,1513,1507,1433,1434,1359,1716,1734,1602,1576,1475,1768,1570,1689,1637,1706,1582,1626,1643,1572,1739,1654,1742,1751,1682,1697,1691,1519,1438,1383,1353,1324,,,,,,,,,,,,
MLB1-1:IS,(                ),A,729,643,536,433,439,396,446,531,514,471,458,465,459,415,425,387,427,440,410,418,421,414,406,519,385,425,394,344,335,351,315,324,302,459,387,390,364,508,463,447,414,402,381,363,653,611,445,462,475,661,667,747,771,744,1081,877,1009,1178,1326,1300,1341,1330,1227,1509,1356,1290,1498,1408,1366,1519,1451,1616,1611,1613,1568,1690,1546,1389,1375,1364,1569,1607,1471,1586,1519,1472,1669,1665,1509,1439,1435,1448,1552,1533,1476,1426,1411,1234,1333,1498,1469,1431,1405,1404,1428,1364,1668,1663,1492,1508,1388,1706,1521,1601,1642,1706,1562,1553,1557,1489,1664,1601,1672,1589,1540,1544,1604,1470,1380,1344,1360,1225,,,,,,,,,,,,
MLB1-1:IT,(                ),A,732,632,489,458,450,411,427,539,488,457,442,463,437,423,440,389,430,459,401,423,451,421,423,509,395,408,385,342,323,336,302,285,314,459,399,389,370,449,441,452,418,376,369,377,646,601,444,470,453,637,629,718,735,761,1092,928,1020,1132,1286,1235,1310,1329,1227,1475,1321,1273,1481,1413,1332,1532,1420,1564,1488,1529,1486,1584,1476,1373,1328,1372,1554,1581,1483,1558,1533,1422,1727,1640,1482,1423,1435,1439,1475,1517,1496,1435,1338,1260,1344,1573,1496,1463,1405,1347,1403,1299,1601,1692,1489,1464,1428,1738,1578,1669,1624,1678,1552,1552,1556,1480,1723,1561,1657,1557,1537,1553,1565,1495,1389,1337,1363,1234,,,,,,,,,,,,
MLB1-1:KW,(                ),kW,466.8,416.2,325.9,282.2,280.2,252.8,276.8,341.7,318.4,301.8,289.6,291.9,295.9,275.2,282.1,248.0,273.0,287.6,252.2,266.2,280.0,253.3,261.6,326.7,247.0,266.3,248.0,218.9,211.7,228.3,205.3,193.2,201.7,312.3,267.0,260.5,242.9,311.5,294.4,292.7,266.2,250.8,247.2,237.7,429.4,401.6,293.2,301.8,298.2,416.7,415.1,448.6,474.3,484.9,693.9,584.0,645.9,719.7,825.9,797.1,831.5,831.9,764.4,940.7,838.9,808.5,937.5,880.2,827.8,953.8,900.1,999.4,975.7,991.8,969.3,1058.6,963.2,888.2,859.5,866.3,992.7,1011.3,927.6,993.5,964.2,898.8,1082.0,1045.0,939.4,913.3,912.5,909.7,955.5,964.3,943.5,901.7,875.2,799.2,853.8,983.4,938.8,921.0,902.0,873.0,889.6,846.1,1054.0,1076.8,961.2,952.7,899.6,1105.7,985.4,1063.1,1038.6,1083.8,990.7,1001.4,1003.3,955.9,1083.5,1009.8,1070.4,1032.6,1002.0,1009.3,1028.3,945.2,887.1,854.5,854.7,802.9,,,,,,,,,,,,
MLB1-1:KWH,(                ),,33509378,33509442,33509506,33509562,33509610,33509654,33509690,33509758,33509808,33509862,33509914,33509964,33510012,33510056,33510104,33510148,33510196,33510242,33510288,33510338,33510378,33510422,33510462,33510524,33510574,33510624,33510662,33510698,33510740,33510780,33510814,33510846,33510880,33510920,33510970,33511012,33511054,33511096,33511142,33511194,33511240,33511286,33511322,33511358,33511414,33511486,33511542,33511592,33511642,33511696,33511760,33511832,33511914,33511986,33512078,33512196,33512312,33512416,33512558,33512674,33512832,33512958,33513098,33513252,33513366,33513536,33513672,33513826,33513960,33514112,33514190,33514426,33514582,33514750,33514922,33515070,33515260,33515410,33515562,33515690,33515820,33516004,33516172,33516324,33516496,33516652,33516804,33516966,33517134,33517296,33517440,33517590,33517744,33517906,33518070,33518212,33518346,33518504,33518638,33518774,33518938,33519062,33519232,33519386,33519536,33519686,33519840,33520006,33520178,33520330,33520486,33520662,33520816,33521016,33521182,33521368,33521528,33521674,33521864,33522036,33522192,33522372,33522546,33522718,33522892,33523046,33523220,33523374,33523526,33523676,33523826,33523950,,,,,,,,,,,,
MLB1-1:PF,(                ),,0.98,0.98,0.97,0.94,0.93,0.94,0.93,0.97,0.97,0.95,0.94,0.94,0.94,0.94,0.94,0.93,0.94,0.94,0.91,0.93,0.93,0.92,0.93,0.96,0.93,0.96,0.94,0.94,0.93,0.93,0.90,0.92,0.93,0.97,0.96,0.95,0.94,0.97,0.97,0.97,0.96,0.96,0.94,0.91,0.99,0.98,0.94,0.95,0.94,0.96,0.96,0.93,0.96,0.96,0.98,0.97,0.98,0.97,0.98,0.97,0.96,0.96,0.95,0.96,0.96,0.95,0.96,0.96,0.95,0.97,0.96,0.97,0.96,0.97,0.96,0.97,0.96,0.96,0.95,0.95,0.97,0.97,0.96,0.97,0.97,0.96,0.97,0.97,0.96,0.96,0.96,0.96,0.96,0.96,0.96,0.96,0.96,0.96,0.97,0.98,0.96,0.96,0.96,0.96,0.96,0.96,0.97,0.97,0.96,0.96,0.96,0.97,0.97,0.97,0.97,0.97,0.97,0.97,0.97,0.96,0.97,0.97,0.97,0.97,0.97,0.97,0.97,0.97,0.96,0.96,0.96,0.96,,,,,,,,,,,,
MLB1-1:VRS,(                ),V,382.9,381.4,381.8,382.3,382.0,382.6,382.1,382.5,382.8,383.1,382.8,382.8,382.5,382.7,382.7,383.3,383.6,382.8,382.8,382.7,383.1,384.0,384.4,383.7,383.9,384.1,383.9,384.6,384.5,384.1,383.9,384.0,384.4,383.5,384.2,383.7,383.1,382.7,382.7,382.3,382.0,382.0,380.5,381.8,381.8,385.0,383.7,383.0,381.0,382.2,382.1,379.4,379.1,378.8,378.3,376.1,376.1,376.7,375.5,375.4,373.1,372.9,372.4,372.9,373.2,371.5,371.8,371.3,371.6,371.4,371.7,373.0,375.6,377.1,376.8,376.5,377.0,377.1,374.1,373.9,373.3,372.7,372.6,373.7,372.7,372.9,372.3,373.4,373.1,373.5,373.3,373.2,372.9,373.3,373.1,373.5,374.4,375.2,375.2,375.6,374.9,375.1,376.2,376.5,376.9,377.8,376.3,376.8,376.3,376.6,376.9,376.9,377.2,377.2,377.8,377.8,377.9,378.0,377.2,378.2,376.4,374.9,375.3,375.3,376.1,376.5,377.2,377.7,378.2,379.6,379.3,380.6,,,,,,,,,,,,
MLB1-1:VST,(                ),V,383.3,381.8,382.3,382.9,382.5,382.7,382.4,382.7,382.8,383.5,383.1,383.0,382.9,383.5,383.1,383.3,383.7,383.0,383.3,382.8,383.3,384.0,384.3,383.7,383.9,384.0,383.9,384.7,384.5,384.1,384.2,383.9,384.5,383.9,384.3,383.9,383.1,382.6,382.8,382.4,382.1,381.9,380.9,382.2,382.4,385.2,384.5,383.3,381.5,382.6,382.7,379.8,379.8,379.6,379.2,377.5,377.0,377.1,376.0,375.9,373.8,373.8,373.6,374.1,374.2,372.5,372.8,372.4,372.6,372.4,372.7,373.8,376.0,377.5,377.7,377.4,377.8,378.3,375.1,375.0,374.4,374.4,373.6,374.4,373.6,373.7,373.7,374.0,374.1,374.4,374.2,374.0,373.7,374.2,374.3,374.3,375.1,376.3,376.3,376.8,376.1,376.1,377.4,377.0,377.7,378.4,377.1,377.8,377.2,377.6,378.3,378.0,378.2,378.4,378.8,378.5,378.7,379.0,378.7,379.3,377.5,375.7,376.5,376.5,377.2,377.7,377.9,378.7,379.4,380.8,380.4,381.9,,,,,,,,,,,,
MLB1-1:VTR,(                ),V,383.2,381.9,382.2,383.0,382.5,382.6,382.6,382.9,383.2,383.7,383.4,383.4,383.4,383.7,383.4,383.6,384.1,383.3,383.4,383.1,383.6,384.2,384.6,384.1,384.2,384.5,384.3,384.9,384.9,384.8,384.7,384.5,384.8,384.2,384.8,384.3,383.7,383.3,383.2,382.6,382.3,382.4,381.3,382.2,382.7,385.3,384.7,383.6,381.9,382.9,382.9,380.0,380.0,379.6,378.9,377.2,377.1,377.4,376.3,376.4,374.2,373.9,373.7,374.3,374.6,372.8,373.2,372.6,372.7,372.4,372.9,374.0,376.7,377.8,378.1,378.1,378.2,378.6,375.6,375.2,374.6,374.6,374.0,374.7,373.9,374.1,373.5,374.5,374.4,375.0,374.5,374.3,374.2,374.5,374.3,374.5,375.8,376.5,376.4,376.6,376.2,376.2,377.9,377.7,378.1,379.1,377.8,378.0,377.7,378.2,378.6,378.0,378.2,378.4,378.9,378.9,378.8,379.2,378.8,379.6,377.3,376.0,376.5,376.7,377.2,377.6,378.2,378.5,379.3,380.5,380.0,381.7,,,,,,,,,,,,
MLB2-1:HZ,(                ),Hz,60,60,59,60,60,60,60,59,59,60,59,59,59,59,60,60,60,60,59,60,60,59,60,59,59,60,59,60,60,59,60,59,59,59,59,59,59,59,60,60,60,59,60,60,60,60,59,60,60,60,60,60,59,60,59,60,60,59,60,60,60,59,60,60,60,59,60,60,60,59,60,59,59,60,60,60,60,60,60,60,59,59,59,60,60,60,59,59,60,59,60,59,59,59,59,60,60,60,59,59,59,59,60,60,59,59,60,60,59,59,60,59,59,59,59,59,60,59,60,60,59,59,60,60,60,60,60,60,59,59,60,60,,,,,,,,,,,,
MLB2-1:IR,(                ),A,100,104,99,99,104,107,108,102,98,100,104,96,95,98,98,96,99,97,97,92,94,98,98,93,93,94,99,93,94,93,94,95,100,98,102,101,99,105,93,91,94,96,99,95,92,96,97,97,96,88,106,106,109,115,196,287,300,439,451,402,448,520,518,751,731,887,1043,1070,989,1071,1078,1070,1040,1182,1115,1108,1104,1156,1140,1062,1142,1136,1043,1096,1094,1069,1110,1102,1064,1073,1031,1019,1020,1082,1162,1130,1150,1120,1163,1111,1077,1174,1088,1080,1084,1051,1104,1165,1286,1155,1246,1238,1260,1206,1216,1156,1134,1201,1068,1069,1061,1057,1006,1089,1030,1070,1018,988,1082,947,939,895,,,,,,,,,,,,
MLB2-1:IS,(                ),A,72,75,78,70,76,72,71,77,70,85,75,69,71,68,70,70,73,68,70,66,70,69,67,68,68,72,73,66,69,68,67,73,67,82,72,69,70,70,71,67,69,65,69,64,70,64,69,66,64,61,70,72,70,68,156,232,248,394,395,353,409,480,489,679,696,853,961,990,927,995,988,979,998,1104,1054,1070,1071,1069,1054,1023,1048,1049,982,1030,1042,1039,1042,1021,962,996,939,948,954,973,1034,1014,1000,1013,1038,1049,966,1046,975,973,999,989,1035,1097,1179,1077,1180,1151,1137,1137,1094,1056,1006,1098,987,995,994,991,940,1007,957,968,959,909,1029,890,883,822,,,,,,,,,,,,
MLB2-1:IT,(                ),A,110,136,137,132,136,142,138,137,132,128,110,112,107,102,94,104,98,99,91,93,98,90,93,93,96,92,95,94,90,99,93,96,93,94,96,96,99,111,93,97,91,95,95,91,124,117,122,122,117,118,124,127,124,128,215,299,310,470,468,427,496,520,516,664,682,879,986,997,948,1020,1013,1012,999,1115,1066,1061,1070,1113,1059,1057,1058,1064,1000,1032,1054,1034,1072,1023,982,1010,971,971,992,1019,1090,1078,1065,1087,1096,1058,985,1060,988,954,999,999,1088,1126,1255,1145,1267,1199,1207,1179,1146,1089,1064,1141,1055,1049,1008,1002,987,1061,990,1030,1015,959,1079,939,923,881,,,,,,,,,,,,
MLB2-1:KW,(                ),kW,56.5,64.0,64.1,60.7,64.5,66.2,64.2,64.1,60.7,63.7,57.3,55.0,54.3,52.7,51.4,54.0,53.9,51.7,50.4,47.9,51.0,49.7,50.8,48.0,49.0,49.6,53.4,48.7,48.9,50.6,49.4,51.6,51.2,54.3,53.1,52.2,53.7,57.5,49.7,48.8,49.2,49.3,51.0,47.5,56.6,55.6,57.8,58.0,54.4,52.9,60.9,63.3,62.9,66.4,122.3,171.9,180.4,271.3,273.6,243.1,276.9,312.7,315.0,434.2,434.7,532.1,604.2,618.6,575.5,626.1,624.2,621.6,620.6,704.6,667.9,667.9,669.1,690.5,667.1,642.0,663.7,664.8,614.1,643.4,650.0,639.0,657.5,642.3,609.9,626.7,594.3,593.6,600.2,626.4,674.1,659.8,659.5,661.1,677.9,660.9,617.1,675.0,623.2,614.9,631.3,623.0,665.6,702.4,776.5,699.9,771.3,748.7,751.8,734.8,719.8,683.8,660.9,715.7,639.3,640.1,625.6,622.3,595.6,646.2,607.6,627.5,612.5,581.7,658.3,565.0,556.4,544.1,,,,,,,,,,,,
MLB2-1:KWH,(                ),,16937098,16937106,16937118,16937130,16937140,16937150,16937160,16937172,16937180,16937192,16937202,16937210,16937220,16937228,16937238,16937246,16937256,16937264,16937272,16937282,16937290,16937298,16937304,16937314,16937322,16937332,16937338,16937346,16937356,16937366,16937374,16937382,16937392,16937400,16937410,16937418,16937426,16937434,16937442,16937452,16937460,16937468,16937476,16937484,16937494,16937504,16937514,16937524,16937532,16937542,16937552,16937562,16937572,16937582,16937596,16937620,16937652,16937684,16937730,16937770,16937818,16937864,16937918,16937982,16938036,16938136,16938224,16938328,16938422,16938526,16938578,16938738,16938838,16938952,16939066,16939166,16939294,16939402,16939514,16939616,16939712,16939832,16939944,16940042,16940152,16940260,16940362,16940460,16940568,16940676,16940772,16940874,16940976,16941086,16941202,16941304,16941402,16941530,16941644,16941748,16941862,16941946,16942070,16942182,16942290,16942398,16942498,16942610,16942734,16942850,16942978,16943110,16943224,16943370,16943488,16943612,16943716,16943814,16943940,16944052,16944156,16944266,16944374,16944472,16944584,16944682,16944788,16944882,16944984,16945090,16945188,16945274,,,,,,,,,,,,
MLB2-1:PF,(                ),, -0.90, -0.92, -0.92, -0.91, -0.92, -0.93, -0.91, -0.91, -0.91, -0.92, -0.89, -0.89, -0.89, -0.88, -0.88, -0.90, -0.90, -0.88, -0.88, -0.86, -0.87, -0.87, -0.88, -0.85, -0.86, -0.86, -0.90, -0.87, -0.87, -0.87, -0.87, -0.88, -0.89, -0.89, -0.88, -0.89, -0.91, -0.91, -0.87, -0.86, -0.87, -0.87, -0.88, -0.86, -0.89, -0.90, -0.90, -0.91, -0.89, -0.89, -0.92, -0.94, -0.94, -0.97,0.98,0.96,0.96,0.95,0.95,0.94,0.94,0.95,0.95,0.95,0.95,0.94,0.94,0.94,0.93,0.94,0.94,0.94,0.94,0.95,0.94,0.94,0.94,0.95,0.95,0.94,0.94,0.95,0.94,0.94,0.94,0.94,0.94,0.94,0.94,0.94,0.93,0.93,0.94,0.94,0.95,0.95,0.95,0.95,0.95,0.94,0.94,0.95,0.94,0.94,0.94,0.94,0.95,0.95,0.96,0.95,0.96,0.95,0.95,0.95,0.95,0.95,0.94,0.95,0.94,0.94,0.94,0.94,0.93,0.94,0.94,0.94,0.94,0.93,0.94,0.93,0.92,0.95,,,,,,,,,,,,
MLB2-1:VRS,(                ),V,384.7,383.3,383.3,384.1,383.7,383.9,383.8,384.1,384.3,384.8,384.2,384.5,384.2,384.4,384.6,384.6,385.2,384.6,384.7,384.4,385.0,385.6,385.8,385.4,385.3,385.4,385.3,385.8,386.0,385.6,385.3,385.3,385.8,385.2,385.4,385.2,384.3,384.1,384.0,383.7,383.4,383.1,382.0,383.5,383.5,386.7,385.5,384.8,382.9,384.3,384.2,382.0,381.2,381.3,380.4,378.2,377.9,378.6,377.5,377.6,375.7,375.3,374.9,375.2,375.0,373.0,372.8,372.3,372.3,372.1,372.4,373.9,376.5,377.5,377.5,377.8,377.8,377.9,375.1,374.8,373.9,374.0,373.7,374.4,373.5,373.5,373.3,374.3,373.9,374.4,374.1,374.1,373.5,374.3,373.9,374.0,375.0,375.3,374.9,375.8,375.6,375.7,376.9,377.0,377.6,378.1,377.2,377.8,376.8,377.5,377.5,377.8,377.5,378.1,378.5,378.6,378.6,378.6,378.6,379.3,377.6,376.1,376.6,376.2,377.2,377.7,378.2,378.4,378.8,380.1,379.8,381.4,,,,,,,,,,,,
MLB2-1:VST,(                ),V,385.2,383.8,384.1,384.7,384.3,384.3,384.2,384.5,384.5,385.0,384.5,384.8,384.4,385.1,384.8,385.0,385.3,384.8,385.3,384.5,385.0,385.7,385.9,385.5,385.4,385.5,385.4,385.5,386.0,385.6,385.5,385.4,385.8,385.2,385.4,385.3,384.4,384.2,384.1,383.7,383.6,383.1,382.3,383.7,384.0,387.0,386.2,385.0,383.5,385.0,384.9,382.7,382.1,382.0,381.2,379.2,378.8,379.2,378.2,378.3,376.4,376.1,375.9,376.4,376.0,373.9,373.7,373.5,373.6,373.2,373.6,374.9,377.2,378.5,378.7,378.7,378.7,379.1,376.1,375.8,375.1,375.2,374.6,375.2,374.2,374.4,374.5,375.0,375.1,375.2,375.0,375.0,374.6,375.4,375.2,375.2,376.0,376.3,376.3,376.8,376.8,376.8,378.0,377.9,378.5,378.9,378.1,378.6,377.9,378.6,378.8,378.8,378.8,379.0,379.7,379.5,379.8,379.6,379.9,380.4,378.4,376.8,377.6,377.2,378.1,378.6,379.0,379.5,380.0,381.4,381.1,382.7,,,,,,,,,,,,
MLB2-1:VTR,(                ),V,385.0,383.5,383.5,384.4,384.0,384.0,383.7,384.3,384.5,385.1,384.6,384.9,384.6,385.0,385.0,385.2,385.5,385.0,385.3,384.7,385.4,386.0,386.1,385.8,385.7,386.0,385.8,385.8,386.3,386.1,385.9,385.7,386.2,385.6,385.9,385.6,384.9,384.5,384.3,383.8,383.9,383.6,382.5,383.9,384.0,386.7,386.0,385.0,383.6,384.9,384.8,382.6,381.9,381.9,381.1,378.9,378.7,379.0,378.2,378.1,376.4,376.3,376.0,376.7,376.4,374.0,374.0,373.6,373.5,373.3,373.6,374.9,377.4,378.6,378.8,378.8,378.8,379.1,376.2,375.8,375.4,375.5,375.0,375.5,374.5,374.7,374.6,375.5,375.3,375.7,375.3,375.1,374.8,375.6,375.2,375.2,376.3,376.4,376.3,377.0,377.1,377.1,378.7,378.5,379.1,379.3,378.3,378.9,378.0,378.7,378.7,379.0,378.7,379.2,379.7,379.8,379.7,379.8,379.6,380.3,378.6,376.9,377.3,376.9,378.0,378.3,378.8,379.3,379.6,380.9,380.6,382.2,,,,,,,,,,,,
MLB3-1:HZ,(                ),Hz,60,60,59,60,60,60,60,59,59,60,59,59,59,59,60,60,60,60,59,60,60,59,60,59,59,60,59,60,60,59,60,59,59,59,59,59,59,59,60,60,60,59,60,60,60,60,59,59,60,60,60,60,59,60,59,60,60,59,60,60,60,59,60,60,60,59,60,60,60,59,60,59,59,60,60,60,60,60,60,60,59,59,59,60,60,60,59,59,60,59,60,60,59,59,59,60,60,60,59,59,59,59,60,60,60,59,60,60,59,59,60,59,59,59,60,59,60,60,60,60,59,59,60,60,60,60,60,60,59,59,60,60,,,,,,,,,,,,
MLB3-1:IR,(                ),A,255,223,211,172,164,160,144,171,162,143,128,145,152,146,153,126,150,144,137,151,173,142,156,155,134,150,148,168,113,128,154,147,136,147,140,186,148,153,141,167,138,162,140,161,174,153,153,133,194,165,211,217,305,341,427,528,674,720,794,894,1002,1111,1206,1220,1217,1248,1269,1301,1337,1414,1447,1298,1327,1379,1383,1378,1399,1339,1428,1465,1391,1431,1377,1307,1349,1368,1347,1303,1350,1297,1327,1248,1331,1405,1285,1305,1276,1248,1282,1199,1254,1266,1258,1392,1345,1398,1356,1302,1390,1422,1399,1410,1429,1342,1447,1428,1408,1334,1375,1389,1287,1286,1331,1310,1317,1315,1179,1179,1154,1137,1110,1062,,,,,,,,,,,,
MLB3-1:IS,(                ),A,266,239,232,159,183,157,178,165,183,166,162,154,163,166,169,139,164,148,158,151,166,170,153,157,174,173,158,149,160,156,150,168,164,171,149,143,157,145,159,168,162,168,148,164,191,163,205,190,171,188,215,183,303,345,389,499,666,725,791,854,1013,1067,1113,1149,1145,1231,1264,1260,1263,1344,1369,1207,1317,1275,1345,1328,1352,1290,1335,1439,1325,1375,1354,1317,1379,1259,1306,1285,1294,1274,1279,1181,1272,1299,1270,1257,1230,1225,1201,1143,1182,1211,1214,1322,1336,1296,1274,1236,1294,1337,1331,1346,1294,1268,1329,1429,1415,1300,1239,1293,1212,1277,1328,1316,1369,1411,1257,1218,1193,1133,1090,1048,,,,,,,,,,,,
MLB3-1:IT,(                ),A,261,258,230,190,196,209,177,185,181,182,178,178,193,201,188,192,190,171,222,155,152,188,161,163,185,174,172,163,177,176,143,158,163,163,190,157,174,172,175,194,159,165,160,185,214,190,183,188,244,202,229,202,367,412,464,536,674,729,803,867,974,1107,1159,1195,1250,1244,1221,1275,1246,1337,1385,1228,1360,1333,1300,1339,1319,1311,1342,1455,1365,1369,1349,1312,1312,1420,1356,1323,1334,1278,1317,1262,1357,1321,1278,1252,1244,1230,1203,1215,1228,1278,1254,1409,1275,1329,1348,1261,1324,1351,1316,1355,1337,1256,1359,1394,1399,1288,1298,1338,1275,1353,1394,1367,1350,1351,1182,1217,1196,1181,1098,1013,,,,,,,,,,,,
MLB3-1:KW,(                ),kW,165.0,152.7,141.3,105.2,110.5,105.0,101.1,104.9,104.5,100.7,94.4,98.4,104.6,105.4,105.3,93.1,103.7,93.9,104.9,95.2,102.4,103.5,97.1,97.4,102.3,100.8,99.7,98.5,94.2,95.4,92.5,97.8,94.8,97.7,98.6,100.1,97.0,96.9,98.2,109.9,93.6,101.4,91.1,105.4,121.7,105.7,113.0,106.6,128.3,114.8,137.4,126.4,204.9,228.8,268.4,331.2,419.4,453.2,500.3,546.8,623.4,688.5,727.8,746.7,754.8,777.6,780.5,797.3,799.2,853.5,877.4,777.9,841.7,842.0,851.2,854.8,860.6,831.5,862.8,918.4,855.8,877.8,855.8,823.4,843.9,847.3,838.0,817.4,833.2,805.5,822.8,771.0,829.2,843.3,802.4,796.7,784.9,776.8,773.0,745.1,767.7,786.8,783.6,871.1,834.1,850.6,838.6,801.6,846.2,870.8,856.6,872.0,857.9,815.6,874.9,900.0,897.3,829.7,827.3,851.9,794.8,824.5,854.0,840.9,852.1,863.2,762.3,760.5,747.1,731.9,696.9,658.3,,,,,,,,,,,,
MLB3-1:KWH,(                ),,28188972,28188996,28189020,28189040,28189060,28189076,28189090,28189110,28189130,28189146,28189162,28189180,28189196,28189216,28189232,28189248,28189266,28189282,28189302,28189318,28189332,28189350,28189366,28189386,28189400,28189418,28189434,28189448,28189466,28189484,28189500,28189514,28189532,28189548,28189568,28189580,28189596,28189612,28189628,28189648,28189664,28189680,28189696,28189710,28189732,28189750,28189766,28189784,28189804,28189826,28189846,28189868,28189900,28189934,28189972,28190020,28190084,28190154,28190232,28190308,28190416,28190516,28190642,28190766,28190862,28191026,28191150,28191290,28191418,28191560,28191630,28191838,28191968,28192118,28192262,28192386,28192552,28192682,28192826,28192960,28193090,28193254,28193404,28193530,28193672,28193816,28193956,28194086,28194228,28194366,28194490,28194622,28194758,28194902,28195042,28195164,28195286,28195428,28195560,28195684,28195814,28195912,28196062,28196206,28196360,28196506,28196638,28196770,28196914,28197048,28197196,28197342,28197470,28197630,28197762,28197920,28198058,28198188,28198350,28198502,28198634,28198780,28198920,28199060,28199208,28199340,28199484,28199604,28199728,28199860,28199984,28200090,,,,,,,,,,,,
MLB3-1:PF,(                ),,0.95,0.95,0.95,0.91,0.92,0.90,0.92,0.91,0.90,0.92,0.91,0.93,0.93,0.93,0.93,0.92,0.93,0.91,0.91,0.94,0.94,0.93,0.93,0.92,0.93,0.91,0.94,0.92,0.94,0.93,0.93,0.93,0.92,0.92,0.93,0.93,0.92,0.93,0.93,0.94,0.92,0.93,0.92,0.93,0.95,0.94,0.94,0.95,0.95,0.93,0.95,0.95,0.96,0.95,0.96,0.97,0.96,0.96,0.96,0.96,0.96,0.97,0.97,0.97,0.97,0.96,0.96,0.97,0.97,0.97,0.97,0.96,0.97,0.97,0.97,0.97,0.97,0.97,0.97,0.97,0.97,0.97,0.97,0.97,0.97,0.97,0.97,0.97,0.97,0.97,0.97,0.97,0.97,0.97,0.97,0.97,0.96,0.97,0.97,0.96,0.96,0.96,0.96,0.97,0.97,0.97,0.97,0.97,0.97,0.97,0.97,0.97,0.97,0.96,0.97,0.97,0.97,0.97,0.97,0.97,0.96,0.97,0.97,0.97,0.97,0.97,0.96,0.96,0.96,0.96,0.96,0.96,,,,,,,,,,,,
MLB3-1:VRS,(                ),V,383.9,382.6,382.5,383.2,383.1,383.2,383.1,383.3,383.6,384.3,383.5,384.0,383.6,383.9,383.9,384.4,384.6,384.1,384.3,383.9,384.2,385.0,385.2,384.7,384.9,384.7,384.8,384.7,385.4,385.1,384.8,384.8,385.2,384.5,384.9,384.7,383.8,383.7,383.4,383.0,382.7,382.5,381.5,383.0,382.9,386.1,385.0,384.3,382.1,383.6,383.5,381.4,380.5,380.2,379.6,377.5,376.5,377.7,376.7,376.1,374.5,374.0,373.1,374.1,373.8,372.3,372.8,372.3,372.0,371.7,372.2,373.9,376.5,377.6,377.5,377.6,377.6,378.1,374.8,374.5,373.9,374.0,373.5,374.4,373.6,373.4,373.4,374.3,373.9,374.5,374.0,374.1,373.3,374.0,374.2,374.1,375.2,375.5,375.3,376.0,375.7,376.0,377.1,376.9,377.4,377.8,377.2,377.9,377.1,377.5,377.6,378.1,377.6,378.2,378.4,378.6,378.9,378.8,378.4,379.1,377.8,376.3,376.5,376.5,377.3,378.1,378.7,378.7,379.1,380.6,380.1,381.0,,,,,,,,,,,,
MLB3-1:VST,(                ),V,384.2,382.8,383.1,383.8,383.4,383.5,383.2,383.6,383.6,384.4,383.6,384.2,383.8,384.4,383.9,384.4,384.6,384.1,384.8,383.8,384.2,385.0,385.1,384.8,384.8,384.7,384.9,385.0,385.3,384.9,384.9,384.7,385.1,384.4,384.8,385.0,383.7,383.7,383.3,383.0,382.8,382.5,381.7,383.0,383.2,386.3,385.4,384.2,382.7,384.1,384.1,382.2,381.3,380.8,380.5,378.6,377.4,378.2,377.3,376.9,374.9,374.9,374.3,375.3,375.1,373.1,373.6,373.4,373.2,372.9,373.5,375.0,377.1,378.7,378.5,378.6,378.4,379.0,376.0,375.4,375.0,375.2,374.5,375.0,373.9,374.8,374.6,375.0,374.9,375.1,374.9,375.2,374.7,375.1,375.1,375.0,376.0,376.3,376.4,377.1,376.9,376.9,378.2,377.9,378.2,378.8,378.1,378.7,378.0,378.3,378.7,378.8,378.9,378.9,379.6,379.1,379.5,379.6,379.9,380.1,378.5,376.9,377.3,377.1,377.8,378.0,378.8,379.2,379.9,381.6,381.3,382.1,,,,,,,,,,,,
MLB3-1:VTR,(                ),V,383.9,382.4,382.5,383.4,383.1,383.1,383.1,383.5,383.6,384.3,383.6,384.1,383.7,384.0,383.9,384.2,384.6,384.1,384.3,384.0,384.5,385.0,385.3,384.9,384.9,385.1,385.1,385.0,385.3,385.3,385.2,384.9,385.3,384.6,385.0,385.1,384.0,383.8,383.3,382.8,383.0,382.8,381.8,382.9,383.2,386.0,385.3,384.3,382.5,384.0,384.0,381.9,380.7,380.2,380.0,378.3,377.5,378.1,377.3,377.0,375.2,374.7,374.2,375.0,374.7,373.2,373.9,373.3,373.2,372.9,373.3,374.8,376.9,378.3,378.7,378.5,378.6,379.0,375.9,375.2,374.9,375.2,374.6,375.1,374.3,374.2,374.4,375.0,374.8,375.4,374.9,374.8,374.3,375.1,375.1,375.0,376.1,376.3,376.5,376.8,376.8,376.7,378.3,377.7,378.7,378.9,378.0,378.9,378.1,378.6,379.1,378.9,378.7,379.3,379.4,379.4,379.4,379.7,379.5,380.0,378.4,376.6,376.8,376.6,377.6,377.9,378.8,378.9,379.5,380.8,380.7,381.8,,,,,,,,,,,,
MLB4-1:HZ,(                ),Hz,60,60,59,60,60,60,60,59,59,60,59,59,59,59,59,60,60,60,59,60,60,59,60,59,59,60,59,60,60,59,60,59,59,59,59,59,59,59,60,60,60,59,60,60,60,60,60,59,60,60,60,59,59,60,59,60,60,59,60,60,60,59,60,60,60,59,60,60,60,59,59,59,59,60,60,60,60,60,60,60,59,59,59,60,60,60,59,59,60,59,60,59,59,59,59,60,60,60,59,59,59,59,60,60,59,59,60,60,59,59,60,59,59,59,60,59,60,59,60,60,59,59,60,60,60,60,60,60,59,59,60,60,,,,,,,,,,,,
MLB4-1:IR,(                ),A,171,175,167,168,156,158,167,165,161,159,155,148,159,149,149,163,158,159,134,134,153,143,131,140,130,140,148,160,131,147,150,133,134,147,131,127,132,134,138,149,144,156,129,129,136,145,136,159,372,378,391,533,571,590,648,705,761,730,732,783,803,846,897,976,1072,1232,1208,1332,1335,1274,1256,1200,1245,1202,1209,1280,1220,1212,1243,1242,1214,1273,1242,1270,1257,1286,1249,1152,1136,1125,1119,1114,1242,1124,1164,1147,1137,1122,1133,1198,1178,1209,1223,1280,1213,1203,1226,1246,1236,1205,1233,1230,1197,1205,1236,1129,1190,1170,1227,1234,1166,1195,1200,1185,1164,1097,1014,937,917,845,850,817,,,,,,,,,,,,
MLB4-1:IS,(                ),A,178,165,150,166,162,160,147,153,157,161,142,171,149,143,143,176,152,152,121,140,150,128,115,122,116,124,117,121,124,139,162,106,108,150,129,123,116,128,125,128,115,141,133,127,121,132,129,169,361,381,395,532,552,581,605,653,762,736,709,734,830,832,875,897,1042,1102,1139,1241,1285,1224,1189,1170,1191,1155,1121,1178,1164,1213,1212,1177,1158,1276,1237,1226,1228,1249,1180,1091,1109,1027,1046,1017,1151,1054,1035,1008,1038,1036,1043,1073,1101,1096,1142,1208,1129,1136,1204,1187,1237,1166,1126,1189,1157,1173,1170,1121,1162,1179,1231,1143,1171,1178,1167,1118,1116,1104,1002,883,904,812,837,774,,,,,,,,,,,,
MLB4-1:IT,(                ),A,201,198,171,165,168,181,189,198,170,167,174,179,168,163,176,171,179,188,165,157,169,154,146,152,163,152,150,134,157,146,155,132,136,144,146,134,144,161,141,121,153,180,165,160,156,170,159,164,388,397,419,554,611,606,661,710,755,740,789,804,909,895,915,1009,1124,1187,1191,1371,1371,1333,1307,1271,1316,1236,1236,1319,1290,1287,1309,1279,1314,1325,1350,1299,1349,1340,1290,1168,1185,1141,1163,1174,1256,1155,1104,1143,1132,1103,1134,1160,1188,1230,1234,1302,1251,1261,1271,1261,1257,1245,1218,1273,1253,1252,1337,1211,1209,1259,1248,1270,1224,1259,1205,1238,1218,1169,1089,983,942,871,864,833,,,,,,,,,,,,
MLB4-1:KW,(                ),kW,112.7,110.2,99.6,101.2,100.4,102.1,104.8,106.2,101.4,102.9,98.9,103.6,99.7,94.9,97.9,106.7,101.6,103.8,88.6,90.1,99.3,86.0,77.9,83.4,82.7,83.0,82.5,83.5,84.5,86.1,94.5,75.0,77.4,89.2,80.9,76.4,77.8,84.3,81.5,80.8,82.1,96.3,88.7,84.6,84.7,92.7,87.2,103.2,228.2,238.4,247.5,336.2,360.2,370.1,402.1,429.1,477.2,459.0,461.8,482.4,530.4,535.5,562.1,607.2,685.0,743.1,747.4,834.2,843.7,809.5,794.4,771.0,801.7,769.5,763.4,810.7,786.6,795.6,800.8,785.8,782.9,825.0,812.3,806.5,813.4,822.5,788.7,724.4,726.8,697.6,705.2,699.1,782.7,706.2,699.8,698.8,702.2,691.9,702.1,729.7,736.6,752.6,769.5,812.0,769.8,772.2,793.4,792.8,799.5,774.6,765.6,791.5,772.4,778.7,799.9,743.0,763.3,775.6,794.2,784.4,762.3,772.8,761.6,755.4,746.2,720.0,667.1,602.9,595.4,543.3,547.6,520.1,,,,,,,,,,,,
MLB4-1:KWH,(                ),,22781610,22781626,22781644,22781662,22781680,22781696,22781710,22781730,22781746,22781764,22781782,22781800,22781816,22781832,22781848,22781864,22781882,22781898,22781916,22781932,22781946,22781960,22781972,22781988,22782000,22782016,22782028,22782040,22782056,22782070,22782084,22782098,22782112,22782124,22782138,22782152,22782166,22782180,22782192,22782206,22782220,22782236,22782252,22782264,22782280,22782298,22782310,22782328,22782354,22782398,22782436,22782486,22782546,22782600,22782666,22782738,22782816,22782888,22782968,22783042,22783136,22783220,22783316,22783414,22783496,22783634,22783748,22783882,22784010,22784148,22784216,22784414,22784538,22784672,22784810,22784926,22785076,22785200,22785336,22785460,22785580,22785728,22785868,22785994,22786132,22786270,22786396,22786512,22786640,22786768,22786878,22786996,22787120,22787246,22787370,22787476,22787578,22787710,22787830,22787940,22788066,22788166,22788312,22788448,22788584,22788718,22788840,22788968,22789102,22789226,22789364,22789498,22789616,22789766,22789890,22790024,22790142,22790256,22790402,22790538,22790662,22790796,22790928,22791050,22791182,22791300,22791424,22791516,22791616,22791716,22791808,22791894,,,,,,,,,,,,
MLB4-1:PF,(                ),,0.93,0.93,0.92,0.92,0.93,0.93,0.94,0.93,0.94,0.95,0.95,0.94,0.95,0.94,0.95,0.94,0.94,0.94,0.95,0.95,0.95,0.91,0.90,0.91,0.91,0.90,0.90,0.91,0.92,0.90,0.91,0.91,0.92,0.91,0.90,0.90,0.90,0.90,0.91,0.92,0.90,0.92,0.94,0.92,0.93,0.93,0.93,0.95,0.92,0.93,0.93,0.94,0.95,0.95,0.96,0.95,0.96,0.95,0.95,0.96,0.96,0.96,0.97,0.97,0.98,0.98,0.98,0.98,0.98,0.98,0.98,0.98,0.98,0.98,0.98,0.98,0.98,0.98,0.98,0.98,0.98,0.98,0.98,0.98,0.98,0.98,0.98,0.98,0.98,0.98,0.98,0.98,0.98,0.98,0.98,0.98,0.98,0.98,0.98,0.98,0.98,0.98,0.98,0.98,0.98,0.98,0.98,0.98,0.98,0.98,0.98,0.98,0.98,0.98,0.98,0.98,0.98,0.98,0.98,0.98,0.98,0.98,0.98,0.98,0.98,0.98,0.98,0.98,0.98,0.97,0.97,0.97,,,,,,,,,,,,
MLB4-1:VRS,(                ),V,383.6,382.4,382.1,382.8,382.7,382.8,382.6,383.1,383.3,383.9,383.1,383.6,383.2,383.5,383.4,383.9,384.1,383.6,384.0,383.5,383.9,384.5,384.9,384.3,384.5,384.5,384.3,384.4,384.9,384.4,384.4,384.4,385.1,384.1,384.5,384.4,383.3,383.2,383.0,382.6,382.3,382.1,381.1,382.6,382.9,385.7,384.7,383.5,381.3,382.8,382.5,380.2,379.4,379.2,378.9,376.8,376.4,377.6,376.4,376.2,375.0,374.5,373.6,374.6,374.5,372.8,373.3,372.6,372.2,372.3,373.4,374.6,376.9,378.5,378.1,378.2,378.1,378.7,375.7,375.2,374.7,374.8,374.2,374.8,374.2,374.0,373.9,375.3,374.7,374.8,375.0,374.6,374.1,375.1,374.7,374.8,375.8,376.1,376.0,376.2,376.2,376.4,377.6,377.5,378.1,378.6,377.9,378.4,377.8,378.1,378.0,378.6,378.4,378.9,379.2,379.6,379.4,379.8,379.0,379.9,378.5,376.5,377.0,377.0,377.7,378.6,379.3,379.8,380.2,381.4,381.0,381.9,,,,,,,,,,,,
MLB4-1:VST,(                ),V,383.8,382.6,382.7,383.1,382.9,382.9,382.7,383.2,383.2,383.9,383.2,383.5,383.3,383.9,383.4,383.8,384.0,383.5,384.5,383.3,383.8,384.5,384.7,384.3,384.5,384.4,384.4,384.4,384.8,384.3,384.1,384.3,385.1,383.9,384.3,384.3,383.2,383.0,383.0,382.4,382.4,382.0,381.2,382.6,383.3,385.8,385.1,383.3,381.6,383.2,382.8,380.8,380.1,380.0,379.8,377.7,377.1,378.0,377.3,377.0,375.4,375.5,374.8,376.0,375.7,374.1,374.3,374.0,373.6,373.6,374.6,375.8,377.9,379.4,379.4,379.5,379.4,379.7,376.7,376.3,375.8,375.7,375.1,375.7,374.9,375.1,375.3,376.1,375.8,376.0,376.0,375.8,375.3,376.1,376.0,376.1,376.9,377.1,377.3,377.5,377.4,377.7,378.8,378.4,379.3,379.6,378.6,379.2,378.5,379.1,379.5,379.4,379.5,379.7,380.5,380.2,380.4,380.4,380.0,381.0,379.0,377.1,377.9,378.1,378.7,379.1,380.1,380.7,381.2,382.6,382.2,383.2,,,,,,,,,,,,
MLB4-1:VTR,(                ),V,383.5,382.2,382.2,383.0,382.7,382.7,382.5,383.1,383.2,384.0,383.1,383.6,383.4,383.7,383.4,384.0,384.0,383.7,384.2,383.5,384.0,384.6,384.8,384.4,384.6,384.8,384.6,384.7,384.9,384.7,384.6,384.6,385.4,384.3,384.8,384.5,383.5,383.2,383.1,382.6,382.5,382.3,381.2,382.6,383.3,385.6,384.9,383.5,381.6,382.9,382.8,380.5,379.6,379.7,379.4,377.5,377.3,378.1,376.8,376.7,375.0,375.1,374.6,375.5,375.3,373.9,374.2,373.3,373.0,373.1,374.0,375.2,377.4,379.2,379.1,378.9,378.8,379.3,376.1,375.8,375.2,375.6,374.7,375.6,374.6,374.6,374.7,376.0,375.5,375.8,375.6,375.3,375.1,375.8,375.8,375.6,376.7,377.1,376.9,377.4,377.3,377.2,378.7,378.4,379.0,379.3,378.7,379.3,378.6,379.0,379.4,379.3,379.1,379.5,379.7,380.0,380.2,380.1,380.1,380.5,378.8,376.7,377.6,377.3,378.0,378.6,379.6,380.2,380.8,381.9,381.6,382.7,,,,,,,,,,,,
ACMP-1:HZ,(                ),Hz,60,60,59,60,60,59,60,59,59,60,59,59,59,59,60,60,60,60,59,60,60,59,60,59,59,60,59,60,60,59,60,59,59,59,59,59,59,59,60,59,60,59,60,60,60,60,59,59,59,60,60,59,60,60,59,60,60,59,60,60,60,59,60,60,60,59,60,59,60,59,60,59,59,60,60,60,60,59,60,60,59,60,59,60,60,60,59,59,59,59,60,60,59,59,59,60,60,60,59,59,59,59,60,60,59,59,60,60,59,59,59,60,60,59,60,59,60,59,60,60,59,59,59,60,60,60,60,60,59,59,59,60,,,,,,,,,,,,
ACMP-1:IR,(                ),A,7.7,7.4,6.8,7.6,7.4,7.4,6.7,6.8,7.4,7.6,6.8,6.9,7.7,7.7,7.6,6.6,6.7,7.5,7.7,6.8,6.8,7.6,7.6,7.7,7.0,7.0,7.8,7.8,6.9,7.1,7.8,7.6,7.9,7.0,7.2,7.9,8.0,7.0,7.0,7.8,8.0,8.0,7.3,7.1,8.1,7.9,7.2,7.1,7.9,7.9,7.8,68.4,19.7,605.9,637.3,638.4,683.0,689.4,698.1,697.2,696.2,700.7,707.4,704.3,702.1,704.2,704.5,703.4,693.1,691.4,691.4,688.8,684.3,680.5,682.2,683.1,681.2,681.6,686.8,685.6,693.6,690.7,690.3,686.4,690.6,693.2,690.5,690.0,689.6,686.6,690.8,688.9,692.7,693.0,696.1,692.1,691.8,693.7,693.4,690.0,689.1,693.8,695.6,692.6,694.6,688.7,695.9,692.5,690.0,694.0,695.4,688.9,694.0,691.2,693.0,693.5,691.4,692.2,691.6,691.8,692.3,646.0,641.2,636.1,636.9,630.0,632.4,634.1,636.5,588.5,589.6,590.1,,,,,,,,,,,,
ACMP-1:IS,(                ),A,11,10,9,10,11,11,9,9,11,10,9,9,10,11,11,9,9,11,10,9,9,11,10,11,9,9,11,11,10,9,11,11,11,9,10,11,11,10,9,10,11,11,9,9,11,11,9,10,11,10,11,70,21,596,628,625,668,679,690,688,684,689,690,690,689,690,688,687,673,678,676,677,672,671,669,669,669,669,672,675,680,676,678,673,682,682,676,678,674,677,679,676,679,681,682,682,679,685,677,676,676,682,679,673,677,672,679,679,673,673,674,674,677,675,677,680,677,674,674,679,684,634,628,624,624,624,620,620,619,571,570,568,,,,,,,,,,,,
ACMP-1:IT,(                ),A,8,7,8,7,8,8,7,8,8,7,8,8,7,8,8,7,7,8,7,7,8,8,7,8,8,7,7,8,8,6,8,8,6,7,8,8,6,8,8,6,8,8,6,6,8,7,6,8,8,6,8,68,18,612,642,641,682,692,695,697,694,701,702,704,700,703,702,702,691,692,694,691,683,685,681,682,681,683,687,687,692,690,690,687,691,693,690,689,687,686,689,689,693,692,697,697,695,697,695,692,691,697,693,689,693,686,692,693,689,693,694,689,696,693,696,697,695,695,694,696,701,653,649,645,644,642,638,640,640,600,599,597,,,,,,,,,,,,
ACMP-1:KW,(                ),kW,4.5,3.7,3.7,3.7,4.4,4.4,3.1,3.8,4.4,3.8,3.7,3.7,3.8,4.4,4.5,3.1,3.1,4.4,3.8,3.1,3.8,4.5,3.8,4.5,3.8,3.1,3.8,4.5,3.9,3.1,4.5,4.5,3.8,3.2,3.8,4.5,3.8,3.8,3.8,3.8,4.5,4.5,3.1,3.1,4.5,3.9,3.2,3.9,4.5,3.8,4.5,30.3,8.4,380.1,396.7,393.6,417.9,425.4,428.4,428.8,425.2,428.8,429.3,428.9,427.5,427.6,427.4,426.4,418.8,419.7,420.4,419.5,419.3,420.3,419.2,419.7,418.6,420.8,419.5,419.6,422.1,420.4,420.8,418.9,422.3,422.6,419.9,421.8,419.9,419.8,421.3,419.9,421.4,422.3,425.3,423.8,421.5,425.4,424.4,423.4,422.3,425.5,426.2,424.1,427.1,423.4,426.6,426.3,423.1,425.2,426.3,423.9,427.3,425.7,427.4,427.8,427.2,426.9,426.7,428.4,428.8,398.6,396.4,394.2,394.8,393.4,392.1,393.2,393.7,368.5,369.0,368.4,,,,,,,,,,,,
ACMP-1:KWH,(                ),,12466893,12466894,12466894,12466895,12466896,12466896,12466897,12466897,12466898,12466899,12466899,12466900,12466901,12466901,12466902,12466903,12466903,12466904,12466905,12466905,12466906,12466906,12466907,12466908,12466908,12466909,12466910,12466910,12466911,12466912,12466912,12466913,12466914,12466914,12466915,12466915,12466916,12466917,12466917,12466918,12466920,12466920,12466921,12466921,12466922,12466923,12466923,12466923,12466924,12466925,12466925,12466927,12466930,12466969,12467032,12467101,12467171,12467237,12467310,12467374,12467455,12467522,12467596,12467670,12467725,12467813,12467880,12467954,12468020,12468091,12468126,12468233,12468299,12468373,12468443,12468505,12468585,12468650,12468723,12468788,12468851,12468930,12469003,12469069,12469142,12469213,12469282,12469348,12469420,12469493,12469558,12469627,12469700,12469773,12469846,12469912,12469974,12470055,12470128,12470195,12470269,12470324,12470404,12470478,12470552,12470625,12470691,12470761,12470834,12470901,12470976,12471047,12471110,12471191,12471258,12471332,12471400,12471462,12471543,12471617,12471684,12471754,12471822,12471886,12471956,12472017,12472086,12472145,12472211,12472278,12472342,12472399,,,,,,,,,,,,
ACMP-1:PF,(                ),,0.74,0.68,0.69,0.67,0.74,0.73,0.61,0.69,0.74,0.67,0.68,0.69,0.68,0.74,0.73,0.61,0.61,0.73,0.67,0.61,0.68,0.74,0.67,0.74,0.69,0.61,0.67,0.73,0.69,0.61,0.74,0.74,0.67,0.61,0.68,0.73,0.67,0.69,0.69,0.68,0.74,0.74,0.62,0.62,0.73,0.68,0.61,0.69,0.74,0.68,0.74,0.65,0.64,0.94,0.93,0.93,0.92,0.93,0.93,0.93,0.92,0.93,0.93,0.92,0.92,0.92,0.92,0.92,0.92,0.92,0.92,0.92,0.92,0.92,0.92,0.92,0.92,0.92,0.92,0.92,0.92,0.92,0.92,0.92,0.92,0.92,0.92,0.92,0.92,0.92,0.92,0.92,0.92,0.92,0.92,0.92,0.92,0.92,0.92,0.92,0.92,0.92,0.92,0.92,0.92,0.92,0.92,0.92,0.92,0.92,0.92,0.92,0.92,0.92,0.92,0.92,0.92,0.92,0.92,0.92,0.92,0.93,0.93,0.93,0.93,0.93,0.93,0.92,0.92,0.93,0.93,0.93,,,,,,,,,,,,
ACMP-1:VRS,(                ),V,392.4,391.1,390.8,391.7,391.4,391.3,391.3,391.7,391.8,392.5,391.5,392.2,392.1,392.2,392.1,392.3,392.5,392.2,392.7,392.0,392.7,393.0,393.5,393.0,393.2,393.4,393.3,393.1,393.5,393.3,393.2,393.0,393.6,392.6,393.2,393.0,392.0,391.7,391.5,390.9,391.0,390.9,389.6,391.0,391.6,394.1,393.3,392.2,390.8,392.3,392.2,389.8,389.3,387.2,386.4,384.6,384.7,385.5,384.3,384.3,382.8,382.6,382.0,382.9,384.2,381.6,382.7,381.4,381.3,381.2,382.9,384.2,386.3,387.4,388.1,387.4,386.6,389.0,383.6,384.3,383.0,384.2,383.2,384.3,383.0,383.1,383.3,383.9,384.1,384.5,384.1,383.8,383.5,384.5,383.5,384.1,385.2,385.3,385.0,385.3,385.8,386.2,387.5,387.6,387.0,387.6,387.2,388.8,386.3,387.1,388.1,387.7,387.2,387.1,388.1,388.5,388.5,389.1,388.2,389.7,387.6,386.1,386.4,386.5,386.8,386.9,387.7,388.6,387.4,390.1,389.3,390.9,,,,,,,,,,,,
ACMP-1:VST,(                ),V,392.3,391.3,390.6,392.0,391.6,391.8,390.8,391.2,392.1,392.6,391.4,391.8,391.4,392.1,392.0,392.1,392.4,391.8,392.2,392.3,392.8,392.5,393.7,393.3,393.3,393.6,393.5,393.0,393.4,393.3,393.3,392.8,393.5,392.4,393.3,393.0,391.6,391.8,391.4,391.3,390.5,390.7,389.5,391.1,391.0,394.4,393.4,391.9,390.4,391.6,391.9,389.6,388.9,387.8,387.1,386.1,386.0,386.5,384.3,384.1,384.4,385.2,382.4,384.4,382.2,382.9,382.4,383.1,381.3,383.6,383.0,383.1,384.9,386.9,385.9,386.7,387.6,388.5,386.1,385.0,383.9,383.6,383.7,384.9,384.6,382.9,383.3,386.3,384.7,384.5,382.6,384.2,381.7,383.1,385.4,384.2,386.4,383.5,386.5,387.0,385.0,384.2,386.0,387.6,388.1,388.1,387.3,387.6,388.8,387.2,387.8,388.8,388.7,389.9,389.7,387.6,389.1,389.9,390.7,388.6,387.6,385.5,385.9,386.3,387.4,388.9,387.7,388.9,390.3,390.0,390.8,390.3,,,,,,,,,,,,
ACMP-1:VTR,(                ),V,392.8,391.6,391.4,392.2,392.0,391.8,391.4,391.8,392.1,392.8,391.8,392.2,392.1,392.6,392.3,392.5,392.5,392.2,393.0,392.1,392.6,393.0,393.5,393.1,393.2,393.4,393.3,393.1,393.5,393.2,393.1,392.9,393.6,392.6,393.1,393.0,391.7,391.7,391.6,391.0,390.9,390.9,389.8,391.2,391.7,394.6,393.7,392.3,390.8,392.4,392.4,390.1,389.5,388.5,386.9,384.9,384.5,386.7,385.3,385.4,383.6,383.6,382.8,381.1,381.8,382.6,383.1,382.4,383.3,381.4,382.5,382.0,386.6,388.2,386.9,387.9,386.2,387.3,384.1,385.4,383.2,383.3,384.2,384.0,383.6,383.9,382.0,384.8,385.7,383.8,384.4,383.7,383.7,383.1,384.6,384.1,384.9,384.7,384.3,386.1,385.0,384.3,386.9,386.4,387.8,388.4,387.1,385.1,385.3,388.5,387.4,385.4,388.4,386.5,384.7,387.7,388.7,387.7,389.2,389.0,386.3,385.5,386.5,385.6,386.3,387.6,388.5,388.9,390.1,389.6,391.7,391.4,,,,,,,,,,,,
ACMP-2:HZ,(                ),Hz,60,60,59,60,60,59,60,59,59,60,59,59,59,59,60,60,60,60,59,59,60,59,60,59,59,60,59,60,60,59,60,59,59,59,59,59,59,59,60,59,60,59,60,60,60,60,59,60,59,60,60,59,60,60,59,60,60,59,60,60,60,59,60,60,60,59,60,60,60,59,60,59,59,60,60,60,59,60,60,60,59,59,59,60,60,60,59,59,60,59,60,59,59,59,59,60,60,60,59,59,59,59,60,60,59,59,60,60,60,60,59,60,59,59,59,59,60,59,60,60,59,59,60,60,60,60,60,60,59,59,60,60,,,,,,,,,,,,
ACMP-2:IR,(                ),A,53,79,79,79,79,79,79,79,79,79,79,79,79,79,79,79,79,79,79,53,52,52,52,52,52,53,53,53,53,53,53,52,53,52,53,52,53,52,53,52,53,53,53,53,53,52,52,52,53,52,52,243,287,413,848,1053,1543,1531,1549,1562,1551,1548,1554,1556,1548,1543,1546,1542,1548,1547,1549,1530,1525,1034,1535,1524,1515,1516,1537,1528,1536,1538,1529,1528,1550,1531,1539,1532,1528,1539,1551,1530,1535,1547,1529,1543,1532,1523,1527,1537,1527,1534,1542,1512,1551,1529,1519,1524,1530,1524,1533,1525,1522,1541,1539,1527,1536,1544,1529,1535,988,914,930,920,920,913,910,912,904,311,306,313,,,,,,,,,,,,
ACMP-2:IS,(                ),A,47,74,74,74,74,74,74,74,74,74,74,74,74,74,75,74,74,74,74,47,47,47,47,47,47,47,47,47,47,47,47,47,47,47,47,47,47,47,47,47,47,47,47,47,47,46,46,47,46,46,46,246,295,429,892,1119,1650,1646,1662,1677,1666,1661,1661,1663,1656,1653,1649,1646,1650,1655,1657,1639,1635,1097,1640,1630,1624,1622,1645,1636,1644,1641,1636,1638,1665,1640,1646,1642,1634,1650,1662,1641,1641,1658,1637,1656,1643,1634,1635,1646,1634,1644,1644,1616,1657,1637,1622,1630,1636,1625,1628,1632,1626,1648,1645,1637,1646,1654,1629,1644,1048,968,984,974,972,973,965,963,948,323,315,322,,,,,,,,,,,,
ACMP-2:IT,(                ),A,49,77,76,76,76,76,76,76,76,76,76,75,76,75,76,76,76,76,75,48,48,48,48,48,48,48,48,48,49,48,48,48,48,48,47,48,48,48,48,48,48,48,48,48,48,48,48,48,48,48,48,241,289,419,872,1093,1610,1603,1617,1633,1621,1619,1619,1625,1612,1611,1607,1610,1615,1613,1617,1598,1592,1071,1597,1594,1583,1583,1604,1595,1604,1603,1592,1596,1617,1597,1604,1596,1594,1604,1620,1602,1601,1615,1597,1614,1602,1593,1597,1606,1594,1608,1603,1575,1615,1593,1579,1589,1595,1585,1595,1592,1589,1610,1607,1599,1610,1615,1596,1610,1028,950,970,960,959,956,946,950,936,315,308,314,,,,,,,,,,,,
ACMP-2:KW,(                ),kW,28.4,44.4,44.3,44.4,44.4,44.2,44.3,44.3,44.4,44.4,44.5,44.3,44.4,44.3,44.5,44.3,44.4,44.4,44.3,28.3,28.2,28.2,28.3,28.2,28.1,28.3,28.3,28.3,28.5,28.3,28.3,28.2,28.3,28.2,28.2,28.2,28.1,28.1,28.4,28.2,28.2,28.2,28.3,28.2,28.3,27.9,27.9,28.0,28.0,27.9,28.0,138.4,164.8,238.4,521.6,659.3,978.0,978.2,986.2,993.2,982.7,980.4,981.2,984.1,979.2,973.7,974.2,969.9,974.7,974.8,978.7,970.1,971.2,650.8,976.5,973.8,968.1,968.3,975.2,968.1,975.4,971.3,967.4,967.2,981.9,969.8,971.4,970.3,966.3,975.7,980.9,970.1,969.9,979.6,969.3,978.9,972.2,968.8,972.6,978.6,969.3,977.1,981.3,964.4,988.8,977.9,968.7,971.5,974.9,971.1,979.0,975.2,971.5,986.3,986.0,979.1,986.0,990.9,977.0,984.3,624.6,577.3,587.4,582.3,582.3,581.4,577.6,578.0,571.4,179.0,175.7,179.9,,,,,,,,,,,,
ACMP-2:KWH,(                ),,19886990,19886996,19887004,19887012,19887020,19887026,19887032,19887040,19887048,19887056,19887062,19887070,19887078,19887084,19887092,19887100,19887108,19887114,19887122,19887128,19887132,19887136,19887140,19887146,19887150,19887156,19887160,19887164,19887170,19887174,19887180,19887184,19887188,19887194,19887198,19887202,19887208,19887212,19887216,19887222,19887226,19887230,19887236,19887240,19887244,19887250,19887254,19887258,19887264,19887268,19887272,19887286,19887310,19887348,19887398,19887512,19887664,19887816,19887984,19888128,19888314,19888470,19888638,19888810,19888936,19889136,19889290,19889458,19889610,19889778,19889858,19890104,19890256,19890394,19890540,19890684,19890868,19891020,19891188,19891338,19891482,19891666,19891834,19891986,19892154,19892320,19892478,19892632,19892800,19892966,19893118,19893278,19893446,19893614,19893782,19893932,19894076,19894260,19894428,19894582,19894750,19894876,19895062,19895230,19895398,19895568,19895718,19895876,19896046,19896198,19896368,19896532,19896676,19896862,19897016,19897186,19897340,19897484,19897670,19897842,19897980,19898082,19898180,19898276,19898376,19898468,19898570,19898658,19898752,19898832,19898862,19898890,,,,,,,,,,,,
ACMP-2:PF,(                ),,0.84,0.86,0.86,0.86,0.86,0.86,0.86,0.86,0.86,0.86,0.86,0.86,0.86,0.86,0.86,0.86,0.86,0.86,0.86,0.84,0.84,0.84,0.84,0.84,0.84,0.84,0.84,0.84,0.84,0.84,0.84,0.84,0.84,0.84,0.84,0.84,0.84,0.84,0.85,0.85,0.85,0.85,0.85,0.85,0.84,0.84,0.84,0.84,0.85,0.84,0.84,0.84,0.84,0.84,0.90,0.92,0.93,0.93,0.93,0.93,0.93,0.93,0.93,0.93,0.93,0.93,0.93,0.93,0.93,0.93,0.93,0.93,0.93,0.91,0.93,0.93,0.93,0.93,0.93,0.93,0.93,0.93,0.93,0.93,0.93,0.93,0.93,0.93,0.93,0.93,0.93,0.93,0.93,0.93,0.93,0.93,0.93,0.93,0.93,0.93,0.93,0.93,0.93,0.93,0.93,0.93,0.93,0.93,0.93,0.93,0.93,0.93,0.93,0.93,0.93,0.93,0.93,0.93,0.93,0.93,0.92,0.92,0.92,0.92,0.92,0.92,0.92,0.92,0.92,0.83,0.84,0.84,,,,,,,,,,,,
ACMP-2:VRS,(                ),V,392.2,391.4,390.7,391.5,391.4,391.4,391.3,392.0,391.7,392.5,391.5,392.2,392.1,392.2,392.2,392.6,392.6,392.3,392.5,392.0,392.6,393.2,393.4,393.0,393.2,393.4,393.4,393.1,393.5,393.4,393.1,393.0,394.0,392.8,393.2,393.0,392.2,391.8,391.4,391.2,391.1,391.0,389.9,390.9,391.8,394.2,393.3,391.9,390.9,392.2,392.0,389.3,388.0,387.3,385.0,380.7,379.5,380.8,379.6,379.6,377.7,378.7,377.6,378.6,379.0,376.9,377.6,377.5,376.7,376.8,377.9,379.1,382.0,385.2,381.4,382.8,383.4,382.1,379.9,379.6,379.2,379.9,378.6,377.7,377.9,377.9,378.1,380.0,379.8,379.4,380.3,378.1,378.9,379.9,379.4,379.9,380.7,381.1,380.2,380.2,381.4,382.0,382.9,382.2,383.4,383.0,382.7,383.6,383.0,382.7,383.3,383.1,382.3,383.2,384.2,384.2,384.3,383.8,384.0,384.8,385.1,383.7,385.3,383.4,384.1,385.3,386.4,387.1,385.7,390.7,390.8,391.3,,,,,,,,,,,,
ACMP-2:VST,(                ),V,393.2,391.8,391.5,392.5,392.0,392.2,391.9,392.2,392.8,393.0,392.2,392.5,392.5,392.4,392.2,393.1,393.1,393.0,393.3,392.6,393.1,393.6,394.3,393.2,393.9,393.8,393.6,393.9,394.0,393.5,394.0,393.9,394.1,393.4,394.0,393.8,392.5,392.6,392.4,391.4,391.7,391.2,390.2,391.6,392.0,395.3,393.7,392.6,391.0,392.5,391.9,389.7,388.6,388.0,386.3,383.1,380.6,383.1,381.5,381.9,379.1,379.2,379.6,379.6,381.1,378.2,379.9,377.7,379.1,379.4,380.0,381.7,381.5,385.9,383.9,382.9,382.8,384.4,381.1,381.8,379.7,378.7,380.7,380.0,380.1,379.8,379.6,381.7,379.3,381.7,378.7,379.5,378.7,380.2,381.6,381.7,379.9,381.9,382.2,382.2,380.9,381.5,383.1,383.9,383.7,385.4,384.5,383.1,384.1,384.2,385.5,385.4,384.1,384.2,386.3,384.9,385.4,386.7,384.6,383.8,385.9,385.4,384.1,386.2,385.9,387.1,386.3,386.2,388.1,391.9,390.9,391.8,,,,,,,,,,,,
ACMP-2:VTR,(                ),V,392.6,391.5,391.4,392.0,391.9,391.6,391.5,392.0,392.1,392.7,391.5,392.1,392.1,392.6,392.1,392.7,392.6,392.2,392.9,392.0,392.6,393.2,393.4,393.0,393.2,393.1,393.3,393.1,393.5,393.1,393.0,393.0,393.7,392.7,393.0,393.1,391.9,391.8,391.7,391.2,391.1,390.9,389.8,391.2,391.9,394.5,393.7,392.2,391.0,392.5,392.0,388.7,388.3,388.0,385.6,380.8,378.2,381.5,381.3,379.2,378.8,377.7,377.7,378.0,378.5,378.0,377.8,375.1,377.3,376.7,378.4,378.7,382.4,384.7,379.7,383.0,382.5,382.0,380.1,378.2,379.8,378.2,378.5,377.8,378.8,379.5,377.8,376.9,377.5,378.5,377.0,379.1,378.4,378.1,378.3,376.9,378.6,379.2,381.4,381.5,378.4,379.4,381.7,382.6,380.9,383.5,382.9,380.0,380.1,382.6,384.7,383.0,382.6,384.0,383.4,383.0,383.1,384.0,383.6,383.2,384.9,383.9,383.4,384.7,384.0,386.0,386.0,384.2,386.8,391.4,390.9,391.5,,,,,,,,,,,,
GCB1:HZ,(                ),Hz,59,59,59,59,59,59,60,60,59,60,59,59,60,59,60,59,60,60,59,59,60,59,60,59,59,60,60,59,60,59,60,59,60,59,60,59,59,59,59,59,60,60,60,60,60,60,60,59,59,59,60,59,60,60,60,60,60,60,60,60,60,59,60,60,60,59,60,60,59,59,60,59,59,60,60,60,60,60,59,59,59,60,60,60,60,59,60,60,60,59,60,60,59,60,59,60,59,59,60,59,60,60,60,59,59,60,59,59,59,59,59,59,59,60,60,60,60,60,60,60,59,59,59,60,60,59,60,60,59,59,60,60,,,,,,,,,,,,
GCB1:IR,(                ),A,3,3,3,2,2,2,2,2,2,2,2,2,2,2,2,2,2,2,2,2,2,2,2,2,2,2,2,3,2,2,3,3,2,2,3,3,3,3,3,3,3,3,3,3,3,2,3,3,3,3,4,3,4,5,5,6,6,6,7,8,9,8,9,11,11,13,13,13,13,12,12,13,13,13,13,13,13,13,13,13,13,13,13,13,13,13,13,13,13,14,13,13,13,12,12,13,12,12,13,13,13,12,13,13,13,14,13,13,13,14,13,13,14,13,13,13,14,14,13,14,13,14,15,13,13,13,13,13,13,13,12,12,,,,,,,,,,,,
GCB1:IS,(                ),A,3,3,3,3,2,2,2,2,2,3,3,2,2,2,2,2,2,2,2,2,2,2,2,2,2,2,2,3,2,2,3,3,3,3,3,3,3,3,3,3,3,3,3,3,3,2,3,3,3,3,4,3,4,5,5,6,6,6,7,8,8,8,9,10,10,13,12,12,13,12,12,12,13,12,12,13,12,13,12,12,12,12,12,12,13,12,12,12,12,13,13,12,12,11,12,11,11,11,12,13,12,11,12,12,12,13,13,12,12,12,12,12,12,12,12,12,13,13,12,12,12,13,13,12,12,12,12,12,12,12,11,12,,,,,,,,,,,,
GCB1:IT,(                ),A,3,3,3,3,3,2,3,3,3,3,3,3,2,3,3,2,3,3,3,2,2,2,2,2,3,2,2,3,3,2,3,3,3,3,3,3,3,3,3,3,3,3,3,3,3,2,3,3,3,3,3,3,4,5,5,6,6,6,7,7,8,8,9,10,10,13,12,12,12,12,12,12,13,12,12,13,13,13,13,12,13,12,12,13,13,13,13,13,13,13,12,12,12,11,12,12,11,12,12,13,12,12,13,12,13,13,13,13,13,14,13,12,13,12,13,13,14,14,13,13,13,14,14,13,13,12,12,13,13,12,11,11,,,,,,,,,,,,
GCB1:KW,(                ),kW,77.9,86.2,81.1,77.0,78.6,72.3,74.6,76.6,76.6,77.4,79.9,73.9,72.5,75.4,77.8,70.1,76.8,72.4,75.6,73.5,69.3,75.1,72.9,70.9,76.8,74.8,69.9,84.2,75.5,70.7,79.8,81.1,80.4,77.6,82.4,82.5,85.1,77.9,76.7,75.1,77.6,73.3,80.5,86.5,84.2,72.4,80.3,93.6,87.0,82.9,91.8,86.3,93.4,137.7,126.7,149.5,138.5,155.1,164.5,185.1,203.5,181.5,197.9,223.0,225.8,273.6,264.0,264.3,271.4,260.0,263.3,256.6,283.6,275.5,275.8,276.2,268.0,282.5,277.5,271.5,280.7,264.3,268.4,276.7,277.3,272.8,269.5,269.9,272.1,282.9,274.0,272.2,263.1,253.3,259.0,258.0,251.7,259.3,265.4,300.9,266.1,259.6,273.6,274.3,279.5,289.4,288.8,286.0,274.2,291.2,270.7,275.6,290.6,277.0,281.2,280.3,294.0,299.9,285.4,284.3,284.4,316.1,321.3,270.0,294.2,274.2,277.0,284.1,283.4,276.8,255.1,261.0,,,,,,,,,,,,
GCB1:KWH,(                ),,8890346,8890359,8890375,8890388,8890401,8890414,8890425,8890440,8890452,8890465,8890477,8890488,8890502,8890515,8890529,8890541,8890553,8890564,8890578,8890590,8890602,8890615,8890626,8890640,8890651,8890664,8890676,8890686,8890700,8890712,8890725,8890739,8890749,8890764,8890778,8890793,8890807,8890818,8890831,8890846,8890859,8890872,8890886,8890899,8890915,8890929,8890941,8890956,8890967,8890985,8891000,8891015,8891029,8891047,8891066,8891092,8891114,8891141,8891168,8891191,8891228,8891257,8891290,8891325,8891361,8891408,8891454,8891497,8891543,8891589,8891613,8891677,8891724,8891774,8891823,8891864,8891912,8891961,8892004,8892051,8892093,8892146,8892190,8892236,8892287,8892335,8892375,8892424,8892472,8892516,8892563,8892602,8892652,8892698,8892738,8892784,8892819,8892869,8892914,8892960,8893006,8893041,8893092,8893139,8893187,8893232,8893279,8893321,8893374,8893418,8893464,8893509,8893552,8893605,8893654,8893699,8893750,8893792,8893847,8893894,8893945,8893996,8894048,8894091,8894140,8894188,8894238,8894282,8894324,8894375,8894418,8894462,,,,,,,,,,,,
GCB1:PF,(                ),, -0.80, -0.81, -0.82, -0.85, -0.85, -0.85, -0.83, -0.85, -0.84, -0.83, -0.84, -0.84, -0.85, -0.84, -0.84, -0.85, -0.85, -0.84, -0.85, -0.86, -0.86, -0.87, -0.87, -0.85, -0.87, -0.86, -0.86, -0.88, -0.85, -0.85, -0.85, -0.82, -0.82, -0.83, -0.80, -0.79, -0.79, -0.79, -0.79, -0.81, -0.80, -0.79, -0.77, -0.80, -0.79, -0.82, -0.80, -0.76, -0.76, -0.72, -0.71, -0.72, -0.71, -0.76, -0.73, -0.68, -0.68, -0.68, -0.67, -0.69, -0.68, -0.64, -0.63, -0.60, -0.60, -0.60, -0.60, -0.61, -0.61, -0.61, -0.61, -0.60, -0.61, -0.61, -0.61, -0.61, -0.60, -0.60, -0.61, -0.61, -0.60, -0.61, -0.61, -0.60, -0.60, -0.61, -0.60, -0.60, -0.60, -0.60, -0.60, -0.61, -0.60, -0.61, -0.61, -0.61, -0.60, -0.60, -0.60, -0.65, -0.61, -0.61, -0.61, -0.61, -0.61, -0.61, -0.60, -0.62, -0.61, -0.61, -0.61, -0.62, -0.61, -0.61, -0.61, -0.62, -0.60, -0.60, -0.61, -0.61, -0.61, -0.63, -0.63, -0.60, -0.64, -0.61, -0.60, -0.62, -0.62, -0.62, -0.62, -0.62,,,,,,,,,,,,
GCB1:VRS,(                ),V,21.1,21.0,21.0,21.1,21.0,21.0,21.1,21.1,21.1,21.1,21.1,21.1,21.1,21.1,21.1,21.1,21.1,21.0,21.1,21.1,21.1,21.1,21.2,21.1,21.1,21.1,21.1,21.1,21.1,21.1,21.2,21.1,21.2,21.1,21.1,21.1,21.1,21.1,21.0,21.0,21.0,21.0,20.9,21.0,21.1,21.2,21.2,21.1,21.0,21.0,21.0,20.9,20.9,20.9,20.9,20.8,20.7,20.8,20.8,20.8,20.7,20.7,20.6,20.7,20.7,20.6,20.7,20.6,20.6,20.6,20.6,20.7,20.9,20.9,20.9,21.0,20.9,21.0,20.8,20.8,20.8,20.7,20.7,20.7,20.7,20.7,20.7,20.7,20.8,20.8,20.7,20.7,20.7,20.8,20.8,20.8,20.8,20.8,20.8,20.8,20.8,20.8,20.9,20.9,20.9,20.9,20.9,20.9,20.9,21.0,20.9,20.9,20.9,21.0,21.0,21.0,21.0,21.0,21.0,21.0,20.9,20.9,20.8,20.8,20.9,20.9,20.9,21.0,21.0,21.1,21.0,21.1,,,,,,,,,,,,
GCB1:VST,(                ),V,21.0,20.9,21.0,21.0,21.0,20.9,21.0,21.0,21.0,21.1,21.0,21.0,21.0,21.0,21.1,21.0,21.0,20.9,21.0,21.0,21.1,21.1,21.1,21.0,21.1,21.0,21.1,21.1,21.1,21.1,21.1,21.0,21.1,21.0,21.1,21.1,21.0,21.0,21.0,20.9,20.9,20.9,20.8,21.0,21.0,21.2,21.1,21.0,21.0,21.0,21.0,20.9,20.8,20.9,20.8,20.7,20.7,20.8,20.8,20.8,20.6,20.6,20.6,20.6,20.7,20.5,20.7,20.5,20.6,20.6,20.6,20.7,20.9,20.9,20.9,20.9,20.9,20.9,20.8,20.8,20.7,20.6,20.7,20.6,20.6,20.7,20.6,20.6,20.7,20.7,20.6,20.7,20.7,20.7,20.7,20.7,20.8,20.7,20.8,20.8,20.7,20.8,20.8,20.9,20.9,20.9,20.8,20.9,20.9,20.9,20.8,20.8,20.9,20.9,21.0,20.9,21.0,21.0,20.9,21.0,20.9,20.8,20.8,20.8,20.9,20.9,20.8,21.0,20.9,21.1,21.0,21.1,,,,,,,,,,,,
GCB1:VTR,(                ),V,21.1,21.0,21.0,21.0,21.0,21.0,21.0,21.0,21.0,21.1,21.0,21.1,21.0,21.1,21.1,21.1,21.1,21.0,21.1,21.1,21.1,21.1,21.1,21.1,21.1,21.1,21.1,21.1,21.1,21.1,21.1,21.1,21.1,21.1,21.1,21.1,21.0,21.0,21.0,21.0,21.0,21.0,20.9,21.0,21.1,21.2,21.2,21.1,21.0,21.1,21.1,21.0,20.9,20.9,20.9,20.8,20.8,20.8,20.8,20.8,20.7,20.7,20.7,20.7,20.7,20.6,20.7,20.6,20.7,20.6,20.7,20.7,20.9,21.0,20.9,21.0,21.0,21.0,20.8,20.8,20.8,20.7,20.7,20.8,20.7,20.8,20.7,20.8,20.8,20.8,20.7,20.8,20.7,20.8,20.8,20.8,20.8,20.8,20.8,20.8,20.9,20.8,20.9,20.9,21.0,21.0,20.9,20.9,20.9,21.0,21.0,20.9,20.9,21.0,21.0,21.0,21.0,21.0,21.0,21.0,20.9,20.9,20.9,20.9,20.9,20.9,21.0,21.0,21.0,21.1,21.1,21.1,,,,,,,,,,,,
GCB2:HZ,(                ),Hz,59,59,59,59,59,60,60,60,59,60,59,60,60,59,60,59,60,60,59,59,60,60,60,59,59,60,60,59,60,59,60,59,60,59,60,59,59,59,59,59,60,60,60,59,60,60,60,59,59,60,60,59,60,60,60,60,60,60,60,60,60,59,60,59,59,59,60,60,59,59,60,60,59,60,60,60,60,60,59,60,59,60,60,60,60,59,60,60,59,59,60,59,59,60,59,60,59,59,60,59,60,60,60,59,59,59,59,59,59,59,59,60,59,60,60,60,60,60,60,60,59,59,59,60,60,60,60,60,59,59,60,60,,,,,,,,,,,,
GCB2:IR,(                ),A,1,1,1,1,1,1,1,1,1,1,1,1,1,1,1,1,1,1,1,1,1,1,1,1,1,1,1,1,1,1,1,1,1,0,0,0,0,0,0,0,0,0,0,0,0,5,5,10,11,14,3,9,10,4,4,21,21,14,22,15,22,17,18,17,17,25,17,24,17,23,17,23,17,20,17,17,24,17,24,17,23,17,24,17,25,17,23,16,24,17,25,17,24,16,17,19,17,19,17,22,16,23,17,16,18,16,23,17,23,16,16,18,16,22,16,16,18,16,22,16,16,19,17,20,16,16,18,16,18,15,21,15,,,,,,,,,,,,
GCB2:IS,(                ),A,1,0,1,1,0,1,1,1,1,0,0,1,0,1,1,1,1,1,1,0,0,1,1,0,1,1,0,0,0,0,0,1,1,0,0,0,0,0,0,0,0,0,0,0,0,5,5,9,10,14,3,8,10,4,4,21,21,14,21,15,22,17,19,17,17,25,17,24,17,23,17,23,17,20,17,17,24,17,24,17,23,17,24,17,25,17,23,17,25,17,25,17,24,16,17,19,17,19,17,22,17,23,17,17,18,16,23,17,23,16,16,18,16,22,16,16,19,16,22,16,16,19,17,20,16,16,18,16,18,15,21,15,,,,,,,,,,,,
GCB2:IT,(                ),A,1,1,1,1,1,1,1,1,1,1,1,1,1,1,1,1,1,1,1,1,1,1,1,1,1,1,1,1,1,1,1,1,1,0,0,0,0,0,0,0,0,0,0,0,0,5,5,9,10,13,3,8,10,4,5,21,20,14,21,14,21,16,18,16,16,24,17,23,16,23,16,22,17,19,16,16,23,16,23,16,22,16,24,16,24,16,23,16,24,16,24,16,23,16,16,18,17,18,16,21,16,22,16,16,18,16,22,16,23,16,15,18,16,21,16,16,18,16,21,15,16,18,16,19,16,16,17,16,17,15,21,15,,,,,,,,,,,,
GCB2:KW,(                ),kW,14.9,14.6,15.1,15.3,14.2,15.0,15.7,14.7,14.6,14.6,14.6,14.6,14.6,14.7,15.4,15.3,15.4,15.0,15.1,14.4,14.8,14.9,15.1,14.5,14.9,15.7,14.7,13.8,14.8,14.4,14.6,15.2,14.7,5.3,5.6,5.7,5.7,5.6,5.7,5.6,5.6,5.6,5.6,5.6,5.7,168.7,178.7,322.5,354.2,469.3,119.4,297.0,339.0,125.6,152.8,708.5,701.0,479.1,730.4,498.9,730.9,558.0,608.0,567.8,562.4,814.3,578.0,785.2,558.7,779.7,560.7,757.1,569.3,682.2,575.5,570.7,814.0,569.4,808.6,561.2,775.0,560.9,810.6,562.3,822.1,561.9,778.7,556.4,818.1,566.0,840.1,569.3,789.1,554.7,568.3,628.9,584.4,643.0,563.2,744.6,554.3,767.7,560.2,555.3,620.4,553.0,727.0,559.2,786.1,551.0,539.2,617.2,550.7,741.6,548.2,553.9,632.7,556.9,751.3,539.8,555.3,619.0,558.2,662.3,546.4,550.6,604.6,549.5,600.5,519.5,718.9,513.9,,,,,,,,,,,,
GCB2:KWH,(                ),,16050791,16050791,16050791,16050800,16050800,16050800,16050800,16050810,16050810,16050810,16050810,16050820,16050820,16050820,16050820,16050831,16050831,16050831,16050831,16050840,16050840,16050840,16050840,16050850,16050850,16050850,16050850,16050860,16050860,16050860,16050860,16050871,16050871,16050871,16050871,16050871,16050871,16050871,16050881,16050881,16050881,16050881,16050881,16050881,16050881,16050890,16050921,16050961,16051001,16051070,16051150,16051171,16051221,16051280,16051301,16051380,16051490,16051580,16051681,16051771,16051880,16052000,16052100,16052210,16052300,16052430,16052541,16052650,16052760,16052870,16052930,16053070,16053200,16053300,16053431,16053521,16053640,16053750,16053861,16053960,16054060,16054180,16054291,16054390,16054510,16054620,16054721,16054820,16054940,16055040,16055150,16055250,16055370,16055470,16055580,16055670,16055770,16055880,16055991,16056090,16056200,16056280,16056400,16056511,16056610,16056710,16056811,16056910,16057030,16057120,16057231,16057310,16057410,16057520,16057621,16057730,16057820,16057920,16058030,16058120,16058240,16058330,16058440,16058530,16058630,16058740,16058840,16058941,16059021,16059140,16059230,16059330,,,,,,,,,,,,
GCB2:PF,(                ),,0.76,0.76,0.77,0.77,0.75,0.76,0.78,0.76,0.76,0.76,0.76,0.76,0.76,0.76,0.77,0.77,0.77,0.76,0.77,0.75,0.76,0.76,0.76,0.75,0.76,0.79,0.77,0.75,0.76,0.75,0.75,0.77,0.76,0.75,0.75,0.76,0.76,0.76,0.76,0.77,0.77,0.77,0.77,0.77,0.77,0.96,0.96,0.93,0.93,0.94,0.97,0.96,0.96,0.98,0.94,0.94,0.94,0.96,0.95,0.96,0.94,0.95,0.93,0.95,0.94,0.94,0.94,0.94,0.94,0.94,0.94,0.94,0.94,0.95,0.96,0.94,0.94,0.94,0.94,0.94,0.94,0.94,0.94,0.94,0.94,0.94,0.94,0.94,0.94,0.94,0.94,0.94,0.94,0.94,0.94,0.95,0.94,0.95,0.94,0.94,0.94,0.94,0.94,0.94,0.95,0.94,0.88,0.94,0.94,0.94,0.94,0.95,0.94,0.94,0.94,0.94,0.95,0.94,0.94,0.94,0.94,0.93,0.94,0.95,0.94,0.96,0.95,0.94,0.95,0.94,0.94,0.94,,,,,,,,,,,,
GCB2:VRS,(                ),V,21.1,21.0,21.0,21.0,21.0,21.1,21.0,21.0,21.0,21.1,21.0,21.1,21.0,21.1,21.1,21.1,21.0,21.0,21.0,21.1,21.1,21.0,21.1,21.1,21.1,21.1,21.1,21.1,21.1,21.1,21.1,21.1,21.1,21.0,21.1,21.1,21.0,21.1,21.0,21.0,20.9,21.0,20.9,21.0,21.0,21.1,21.2,21.1,20.9,21.0,21.1,21.0,20.9,20.9,20.9,20.8,20.7,20.7,20.7,20.8,20.7,20.7,20.6,20.7,20.7,20.6,20.6,20.6,20.6,20.6,20.6,20.7,20.9,20.8,20.8,20.9,20.9,21.0,20.8,20.7,20.7,20.6,20.7,20.7,20.6,20.7,20.7,20.7,20.7,20.7,20.7,20.7,20.7,20.7,20.7,20.7,20.7,20.7,20.8,20.8,20.7,20.8,20.8,20.9,20.8,20.9,20.9,20.9,20.8,20.9,20.9,20.9,20.9,21.0,20.9,20.9,21.0,21.0,21.0,20.9,20.9,20.8,20.9,20.8,20.9,20.9,20.9,21.0,21.0,21.0,21.1,21.0,,,,,,,,,,,,
GCB2:VST,(                ),V,21.0,21.0,21.0,21.0,21.0,21.0,21.0,21.0,21.0,21.0,21.0,21.0,21.0,21.1,21.1,21.1,21.1,21.0,21.1,21.0,21.1,21.1,21.1,21.1,21.1,21.1,21.1,21.1,21.1,21.1,21.1,21.1,21.1,21.1,21.1,21.1,21.0,21.0,21.0,21.0,21.0,21.0,20.9,21.0,21.0,21.2,21.1,21.1,21.0,21.1,21.1,20.9,20.9,20.9,20.9,20.8,20.8,20.8,20.8,20.8,20.7,20.7,20.7,20.7,20.7,20.6,20.6,20.6,20.6,20.6,20.7,20.7,20.9,20.9,20.9,20.9,20.9,21.0,20.8,20.8,20.7,20.7,20.7,20.7,20.7,20.7,20.7,20.7,20.7,20.7,20.7,20.7,20.7,20.7,20.7,20.7,20.8,20.8,20.8,20.8,20.8,20.8,20.9,20.9,20.9,20.9,20.9,20.9,20.9,20.9,21.0,20.9,20.9,20.9,21.0,21.0,21.0,21.0,21.0,21.0,20.9,20.8,20.8,20.8,20.9,20.9,20.9,21.0,21.0,21.0,21.0,21.1,,,,,,,,,,,,
GCB2:VTR,(                ),V,21.1,21.0,21.0,21.0,21.0,21.1,21.0,21.1,21.0,21.1,21.0,21.1,21.1,21.1,21.1,21.1,21.1,21.1,21.0,21.1,21.1,21.1,21.2,21.1,21.2,21.2,21.2,21.1,21.2,21.2,21.2,21.1,21.1,21.1,21.1,21.2,21.0,21.1,21.0,21.0,21.0,21.1,21.0,21.0,21.0,21.2,21.2,21.1,20.9,21.1,21.1,21.0,20.8,20.9,20.9,20.8,20.8,20.8,20.7,20.8,20.7,20.7,20.7,20.7,20.7,20.6,20.6,20.6,20.6,20.6,20.6,20.7,20.9,20.9,20.9,21.0,21.0,21.0,20.8,20.8,20.8,20.7,20.7,20.8,20.7,20.7,20.7,20.8,20.8,20.7,20.7,20.8,20.8,20.8,20.7,20.7,20.8,20.8,20.8,20.8,20.8,20.8,20.8,20.9,20.9,21.0,20.9,20.9,20.9,21.0,20.9,21.0,21.0,21.0,20.9,21.0,21.0,21.0,21.0,21.0,20.9,20.9,20.9,20.8,20.9,20.9,20.9,21.0,21.0,21.0,21.1,21.1,,,,,,,,,,,,
PM:HZ,(                ),Hz,59,59,59,59,59,60,60,60,59,60,59,59,60,59,59,59,60,60,59,59,60,60,60,59,59,60,60,59,60,59,60,59,60,59,60,59,59,59,59,59,60,60,60,60,60,60,60,59,59,59,60,59,60,60,60,60,59,60,60,60,60,59,60,59,60,59,60,60,59,59,60,59,59,60,60,60,60,60,59,59,59,60,60,59,60,59,60,60,60,59,60,60,59,60,59,60,59,59,60,59,60,60,60,59,59,59,59,59,59,59,59,59,59,60,60,60,60,60,60,60,59,59,59,60,60,60,60,60,59,59,60,59,,,,,,,,,,,,
PM:IR,(                ),A,182,181,182,152,165,155,161,160,162,153,160,157,154,162,161,157,160,161,149,146,150,151,153,152,150,147,150,172,162,153,169,172,173,165,191,192,196,171,171,162,159,163,187,173,188,155,177,198,181,193,214,194,219,300,321,372,356,395,430,460,516,492,574,688,671,816,805,822,784,777,810,776,815,805,824,783,824,839,835,818,868,797,832,866,834,828,897,831,834,849,803,855,795,737,776,811,787,804,822,812,820,807,813,844,845,859,852,833,854,924,853,821,889,831,901,845,917,942,889,881,865,904,943,849,862,814,858,880,873,841,774,728,,,,,,,,,,,,
PM:IS,(                ),A,143,159,147,134,115,125,131,127,115,132,134,109,116,131,126,114,115,113,124,138,113,122,124,125,117,126,120,132,126,134,140,144,135,127,150,170,162,154,162,147,145,140,182,191,151,141,160,212,188,187,207,203,212,289,261,355,342,366,421,504,521,491,533,704,683,786,770,753,788,740,755,764,831,764,789,769,733,785,774,743,777,757,752,772,783,755,750,758,769,791,799,776,742,701,752,717,718,722,738,774,741,707,725,756,774,812,796,733,746,756,729,747,815,758,788,747,779,781,770,779,789,769,832,737,759,749,797,763,737,734,708,733,,,,,,,,,,,,
PM:IT,(                ),A,142,179,159,146,163,129,146,145,167,159,164,151,145,137,146,128,161,143,152,133,126,142,129,125,155,146,118,161,140,113,141,162,169,158,159,146,167,163,139,144,167,149,140,168,178,132,148,191,192,175,201,188,212,305,275,365,315,377,382,428,467,471,486,601,569,732,684,668,718,676,685,646,701,689,718,744,701,733,713,702,721,666,676,709,744,721,691,695,711,702,702,705,690,674,667,633,624,684,681,729,681,668,702,675,698,723,785,713,704,719,677,690,709,676,744,690,741,758,691,701,696,751,772,683,706,688,657,661,700,663,598,659,,,,,,,,,,,,
PM:KW,(                ),kW,95.1,104.6,98.0,84.8,86.5,80.4,87.7,84.8,88.4,88.7,90.9,82.5,81.7,85.7,89.0,78.8,86.1,82.8,83.5,81.6,76.1,80.4,79.0,79.4,81.5,81.9,75.7,87.8,83.8,78.3,88.8,96.7,96.5,89.9,102.7,105.1,107.8,100.7,97.2,91.6,95.9,92.7,105.5,108.3,106.3,87.3,99.9,126.1,116.9,118.4,133.2,124.2,136.5,185.9,179.8,232.6,215.1,242.3,263.3,296.3,319.0,310.5,336.0,415.3,401.6,485.8,469.5,464.4,474.7,453.1,467.3,454.4,493.7,474.8,491.1,484.4,476.6,499.8,486.2,472.1,495.3,461.7,469.9,490.9,492.9,480.7,488.1,476.8,483.2,489.5,479.5,485.3,462.5,431.8,455.1,447.7,441.6,459.7,467.2,480.3,468.7,455.1,470.4,478.3,487.4,506.7,514.0,479.5,484.2,506.9,477.0,476.0,509.8,477.0,512.3,480.2,517.0,527.3,497.4,503.4,495.3,509.8,536.0,476.7,488.0,473.3,488.4,486.6,486.8,471.8,435.6,445.9,,,,,,,,,,,,
PM:KWH,(                ),,14272369,14272384,14272404,14272418,14272432,14272448,14272459,14272476,14272491,14272505,14272520,14272533,14272547,14272562,14272576,14272591,14272605,14272618,14272633,14272646,14272661,14272671,14272684,14272701,14272712,14272726,14272740,14272750,14272765,14272778,14272793,14272809,14272821,14272838,14272855,14272874,14272891,14272907,14272922,14272941,14272959,14272974,14272991,14273008,14273028,14273046,14273060,14273078,14273094,14273118,14273140,14273162,14273183,14273208,14273234,14273273,14273308,14273347,14273389,14273427,14273485,14273534,14273589,14273648,14273711,14273796,14273877,14273952,14274034,14274113,14274154,14274265,14274347,14274434,14274510,14274590,14274673,14274759,14274836,14274918,14274990,14275082,14275159,14275240,14275328,14275412,14275483,14275568,14275652,14275730,14275810,14275879,14275967,14276039,14276118,14276196,14276256,14276342,14276422,14276502,14276583,14276643,14276731,14276813,14276895,14276973,14277057,14277129,14277222,14277298,14277381,14277457,14277530,14277621,14277707,14277785,14277872,14277948,14278045,14278126,14278214,14278302,14278392,14278466,14278550,14278635,14278719,14278795,14278867,14278955,14279027,14279105,,,,,,,,,,,,
PM:PF,(                ),,0.92,0.91,0.91,0.88,0.88,0.89,0.90,0.88,0.90,0.90,0.89,0.89,0.89,0.90,0.89,0.89,0.89,0.89,0.88,0.88,0.88,0.87,0.87,0.89,0.87,0.88,0.88,0.85,0.88,0.88,0.88,0.91,0.91,0.90,0.92,0.93,0.93,0.93,0.93,0.91,0.92,0.93,0.94,0.92,0.93,0.91,0.92,0.94,0.94,0.96,0.96,0.96,0.96,0.95,0.96,0.97,0.97,0.97,0.98,0.97,0.97,0.98,0.97,0.96,0.96,0.96,0.96,0.96,0.96,0.95,0.96,0.95,0.96,0.96,0.96,0.96,0.96,0.96,0.96,0.96,0.96,0.96,0.96,0.96,0.96,0.96,0.96,0.96,0.96,0.96,0.96,0.95,0.95,0.95,0.95,0.95,0.95,0.95,0.95,0.95,0.96,0.95,0.96,0.96,0.96,0.96,0.96,0.96,0.96,0.96,0.96,0.96,0.96,0.96,0.96,0.96,0.96,0.96,0.96,0.96,0.96,0.96,0.96,0.96,0.96,0.96,0.96,0.96,0.96,0.95,0.95,0.95,,,,,,,,,,,,
PM:VRS,(                ),V,384.1,383.1,383.6,383.9,383.7,383.9,384.0,383.8,384.3,384.7,384.0,384.2,383.8,384.3,384.7,384.8,385.1,384.8,384.8,384.7,385.2,385.1,385.8,385.4,385.6,385.4,385.6,385.5,385.7,385.6,385.7,384.9,385.6,385.0,385.6,385.2,384.0,384.0,384.0,383.6,383.2,383.2,382.0,383.2,383.9,386.8,386.0,384.7,383.6,384.5,384.2,382.7,381.1,380.7,379.8,378.2,377.6,379.0,378.2,378.3,376.8,376.6,375.7,376.5,376.8,374.8,375.1,373.8,374.6,374.6,375.3,376.6,379.4,380.5,380.1,380.7,380.0,380.9,377.6,377.7,376.5,376.2,375.8,376.6,376.3,376.4,375.6,376.6,376.3,377.0,376.1,376.2,376.5,377.2,376.7,376.9,378.1,377.2,377.6,377.6,378.1,378.2,379.7,379.5,379.7,380.6,379.7,379.9,379.5,379.8,380.2,380.4,380.1,380.5,380.3,381.0,380.9,381.1,380.9,381.8,379.9,378.3,378.3,378.8,379.3,380.4,380.6,380.7,381.3,382.5,382.7,383.3,,,,,,,,,,,,
PM:VST,(                ),V,384.4,383.3,384.2,384.2,384.1,384.1,384.2,384.0,384.4,384.7,384.2,384.5,384.0,384.8,384.8,385.0,385.1,384.9,385.1,384.5,385.1,385.0,385.6,385.4,385.5,385.2,385.6,385.3,385.6,385.3,385.7,384.8,385.5,384.8,385.4,385.1,383.8,383.8,383.7,383.4,383.2,383.0,382.0,382.9,384.1,386.7,386.3,384.5,383.3,384.8,384.6,383.0,381.6,381.2,380.7,378.9,378.5,379.5,378.6,378.2,377.0,377.1,376.5,377.0,377.2,375.4,375.8,374.8,375.2,375.2,375.9,376.9,379.6,380.9,380.8,381.2,381.1,381.7,378.3,378.3,377.3,376.9,376.5,377.3,376.7,377.3,376.7,377.2,377.2,377.4,376.3,376.9,377.2,377.7,377.2,377.6,378.7,378.2,378.6,378.2,379.0,379.0,380.5,380.2,380.5,381.2,380.2,380.7,380.4,381.1,381.2,380.9,380.9,381.2,381.4,381.6,382.0,382.3,382.0,382.7,380.5,379.2,379.3,379.6,380.1,380.9,380.9,381.7,382.4,383.6,383.6,383.9,,,,,,,,,,,,
PM:VTR,(                ),V,384.2,382.9,383.5,383.9,383.7,383.9,384.0,383.9,384.2,384.6,384.0,384.4,383.9,384.6,384.8,384.9,384.9,384.8,384.8,384.6,385.4,385.1,385.8,385.6,385.6,385.5,385.9,385.5,385.6,385.9,385.9,385.0,385.5,384.9,385.7,385.4,384.3,384.0,384.1,383.4,383.3,383.3,382.3,383.0,384.2,386.7,386.1,384.5,383.3,384.9,384.7,382.9,381.5,381.1,380.7,378.8,378.8,379.6,379.0,378.7,377.6,377.2,377.1,377.5,378.0,375.7,376.3,375.5,375.5,375.7,376.4,377.6,380.3,381.4,381.4,381.5,381.4,382.2,378.9,378.6,377.9,377.5,377.4,378.0,377.2,377.7,377.4,377.9,377.8,378.3,377.0,377.4,377.8,378.1,378.0,378.3,379.7,378.7,379.1,378.8,379.7,379.4,381.0,381.1,381.2,381.9,380.6,381.2,381.0,381.7,382.1,381.7,381.7,381.8,381.7,382.2,382.4,382.6,382.6,383.2,381.0,379.5,379.6,380.0,380.4,381.0,381.7,382.2,382.5,383.6,383.7,383.9,,,,,,,,,,,,
PAC:HZ,(                ),Hz,59,59,59,59,59,59,60,60,59,60,59,59,59,59,59,59,60,60,59,59,60,59,60,59,59,60,60,59,60,59,60,59,60,59,60,59,59,59,59,59,60,60,60,59,60,60,60,59,59,60,60,59,60,59,60,60,59,60,60,60,60,59,60,59,60,59,60,60,59,59,60,59,59,60,60,60,60,60,59,59,59,60,60,59,60,59,60,60,60,59,60,60,59,60,59,60,59,59,60,59,60,60,60,59,59,59,59,59,59,59,59,59,59,60,60,60,60,60,60,60,59,59,59,60,60,60,60,60,59,59,60,59,,,,,,,,,,,,
PAC:IR,(                ),A,31,31,31,31,29,31,31,31,30,31,31,29,31,31,31,31,31,31,29,32,31,31,31,31,29,32,32,31,32,32,32,31,31,9,11,11,11,11,11,11,11,11,11,11,11,289,304,570,626,821,204,509,583,215,273,1245,1238,837,1287,877,1286,975,1073,1019,985,1452,1027,1402,1004,1385,982,1326,986,1185,969,1000,1411,968,1424,990,1375,1002,1434,995,1437,982,1386,969,1449,1013,1484,997,1378,958,976,1109,1030,1114,976,1312,984,1339,983,974,1071,958,1413,969,1386,963,926,1059,961,1299,957,987,1085,972,1311,937,975,1097,996,1134,952,947,1060,961,1037,918,1253,889,,,,,,,,,,,,
PAC:IS,(                ),A,30,30,30,30,30,30,30,30,30,30,30,30,30,30,29,30,30,30,30,30,29,30,30,30,30,28,26,25,30,30,30,30,29,9,9,9,9,9,9,9,9,9,9,9,9,287,304,576,635,842,199,518,595,209,270,1277,1262,842,1301,887,1328,1019,1129,1042,1022,1498,1053,1432,1039,1424,1032,1377,1014,1232,1017,1037,1477,1011,1472,1025,1421,1036,1481,1027,1499,1026,1425,1008,1495,1032,1537,1037,1435,994,1026,1135,1057,1164,1012,1361,1016,1398,1025,1006,1109,1009,1455,1018,1434,1007,970,1099,995,1347,993,1001,1125,1001,1362,972,999,1151,1018,1192,977,967,1083,1000,1072,936,1294,914,,,,,,,,,,,,
PAC:IT,(                ),A,27,27,27,28,27,27,27,27,28,28,28,28,28,27,27,28,27,27,27,27,27,27,27,27,28,28,28,27,28,28,28,28,27,8,8,8,8,8,8,8,8,8,8,8,8,282,301,564,623,813,203,503,576,211,273,1240,1235,830,1270,871,1280,980,1082,1014,990,1453,1019,1392,1005,1384,985,1323,982,1182,965,997,1412,974,1424,979,1370,1001,1440,993,1433,983,1381,970,1455,999,1493,994,1374,961,980,1103,1024,1114,979,1309,991,1335,989,975,1074,962,1413,984,1384,964,938,1060,963,1300,958,982,1082,960,1311,936,973,1096,993,1134,950,937,1050,961,1035,912,1248,895,,,,,,,,,,,,
PAC:KW,(                ),kW,15.4,15.5,15.2,15.5,15.0,15.4,15.6,15.4,15.3,15.7,15.7,15.1,15.5,15.3,15.2,15.6,15.5,15.4,15.0,15.6,15.2,15.4,15.4,15.3,15.2,15.8,15.3,14.7,15.7,15.9,15.6,15.6,15.3,5.0,5.4,5.4,5.4,5.4,5.4,5.4,5.4,5.4,5.4,5.4,5.4,184.0,194.3,352.8,387.8,513.5,130.3,325.0,371.9,136.5,168.1,769.3,760.7,522.5,795.9,548.7,795.6,610.8,663.6,628.0,611.0,892.4,632.0,855.8,620.0,849.9,609.7,819.0,612.0,749.9,622.3,626.2,883.1,609.2,882.0,613.1,849.7,620.8,884.9,616.1,888.7,611.0,854.3,603.8,896.5,618.9,917.2,618.5,821.7,596.4,610.2,692.8,637.8,700.4,607.4,815.6,615.0,834.3,616.7,607.7,678.1,604.8,834.4,616.1,864.7,603.9,585.0,671.4,602.3,812.2,600.8,614.4,688.9,607.0,822.2,590.9,608.4,678.6,617.7,716.9,594.5,602.9,666.3,601.2,655.1,573.3,784.1,559.4,,,,,,,,,,,,
PAC:KWH,(                ),,17510262,17510266,17510268,17510270,17510272,17510274,17510276,17510282,17510284,17510286,17510288,17510290,17510294,17510296,17510298,17510302,17510304,17510306,17510310,17510312,17510314,17510316,17510320,17510322,17510324,17510328,17510330,17510332,17510334,17510338,17510340,17510342,17510344,17510346,17510346,17510348,17510348,17510350,17510350,17510352,17510352,17510354,17510354,17510354,17510356,17510368,17510398,17510438,17510488,17510566,17510648,17510676,17510722,17510786,17510810,17510902,17511026,17511114,17511232,17511324,17511450,17511580,17511684,17511806,17511898,17512048,17512168,17512282,17512404,17512524,17512592,17512746,17512884,17512998,17513132,17513224,17513370,17513484,17513600,17513720,17513824,17513952,17514070,17514188,17514316,17514432,17514538,17514654,17514782,17514890,17515014,17515118,17515254,17515360,17515476,17515584,17515686,17515806,17515928,17516042,17516158,17516248,17516376,17516500,17516606,17516716,17516826,17516928,17517062,17517162,17517280,17517374,17517476,17517600,17517712,17517824,17517928,17518034,17518156,17518258,17518378,17518484,17518604,17518698,17518810,17518932,17519034,17519146,17519234,17519362,17519460,17519570,,,,,,,,,,,,
PAC:PF,(                ),,0.79,0.79,0.78,0.79,0.78,0.79,0.79,0.79,0.79,0.79,0.79,0.78,0.79,0.79,0.79,0.79,0.79,0.79,0.78,0.79,0.78,0.79,0.79,0.78,0.79,0.81,0.80,0.79,0.79,0.79,0.79,0.79,0.78,0.85,0.86,0.86,0.86,0.86,0.86,0.86,0.86,0.86,0.86,0.86,0.86,0.96,0.96,0.94,0.94,0.94,0.97,0.97,0.97,0.98,0.94,0.95,0.95,0.96,0.96,0.96,0.95,0.95,0.94,0.95,0.95,0.95,0.95,0.95,0.95,0.95,0.95,0.95,0.95,0.96,0.97,0.95,0.95,0.95,0.95,0.95,0.95,0.95,0.95,0.95,0.95,0.95,0.95,0.95,0.95,0.95,0.95,0.95,0.95,0.95,0.95,0.96,0.95,0.96,0.95,0.95,0.95,0.95,0.95,0.95,0.96,0.95,0.91,0.95,0.95,0.95,0.95,0.96,0.95,0.95,0.95,0.95,0.96,0.95,0.95,0.95,0.95,0.94,0.95,0.96,0.95,0.97,0.96,0.94,0.95,0.95,0.95,0.95,,,,,,,,,,,,
PAC:VRS,(                ),V,383.4,382.2,382.7,383.0,383.1,383.1,383.1,382.9,383.7,384.0,383.2,383.7,382.8,383.5,383.8,383.9,384.2,383.8,383.9,383.6,384.4,384.3,385.0,384.3,384.5,384.5,384.6,384.7,384.8,384.7,384.7,384.1,384.6,384.1,384.8,384.5,383.4,383.3,383.0,382.8,382.2,382.2,381.4,382.4,383.0,384.9,384.2,381.3,379.8,379.8,382.7,379.7,378.3,380.0,378.4,372.6,371.6,375.1,372.6,374.6,371.2,372.4,371.0,372.1,372.5,368.8,371.2,368.2,370.5,368.6,371.4,370.9,375.1,376.1,376.8,376.6,374.3,377.3,371.9,373.9,371.1,372.1,369.8,373.0,370.4,372.5,370.2,372.7,370.3,373.2,369.4,372.7,370.6,373.4,372.9,372.8,373.8,373.1,373.6,372.6,374.2,372.8,376.0,375.6,376.1,376.8,372.1,376.5,374.2,376.4,376.9,376.7,376.6,375.4,377.2,377.3,377.4,377.8,375.9,378.4,376.3,374.1,374.9,374.9,376.3,377.4,376.4,377.3,377.8,379.1,377.5,379.5,,,,,,,,,,,,
PAC:VST,(                ),V,383.8,382.5,383.2,383.4,383.4,383.2,383.1,383.0,383.7,383.9,383.3,383.9,382.9,383.9,383.8,383.9,384.1,383.7,384.2,383.5,384.2,384.2,384.8,384.2,384.5,384.3,384.6,384.6,384.6,384.5,384.7,383.8,384.6,384.0,384.8,384.4,383.3,383.1,382.8,382.6,382.4,382.1,381.6,382.5,383.2,384.6,384.3,381.4,379.5,380.2,383.1,380.1,378.9,380.2,379.0,372.9,372.4,375.3,372.8,375.2,371.4,372.5,371.2,372.7,373.0,369.0,371.4,368.8,371.0,369.2,371.6,371.1,375.4,376.0,377.3,376.8,374.6,377.4,371.9,374.0,371.2,372.6,370.2,373.1,370.2,372.8,370.7,373.3,370.4,373.3,369.9,373.1,370.9,373.3,373.0,373.4,374.2,373.4,374.1,373.1,374.5,373.1,376.1,376.0,376.1,376.9,372.6,376.5,374.3,376.5,377.1,376.8,377.2,375.5,377.7,377.2,377.6,377.9,376.2,378.8,376.7,373.8,375.6,374.7,376.4,377.5,376.7,377.4,378.1,379.8,378.1,380.1,,,,,,,,,,,,
PAC:VTR,(                ),V,383.8,382.5,383.0,383.6,383.5,383.5,383.3,383.4,384.1,384.3,383.7,384.3,383.4,384.1,384.2,384.3,384.5,384.2,384.4,383.9,384.8,384.7,385.3,384.8,385.0,385.1,385.2,385.2,385.2,385.3,385.4,384.6,385.1,384.6,385.5,384.9,384.1,383.8,383.5,383.3,382.8,382.7,382.0,382.9,383.7,385.2,384.3,381.8,380.0,380.7,383.3,380.3,378.9,380.3,379.2,372.6,372.9,376.1,373.3,375.3,372.1,373.1,371.8,373.2,373.2,369.4,372.0,369.4,371.3,369.4,372.1,371.4,376.3,377.0,378.0,377.0,374.9,378.1,372.9,374.7,371.8,373.3,371.0,373.4,370.8,373.8,371.4,373.7,371.4,374.1,370.6,373.3,372.1,373.9,374.1,373.8,374.9,374.0,374.9,373.5,375.5,373.6,376.4,376.9,376.9,377.9,373.0,376.8,375.0,377.5,378.1,377.3,377.5,376.1,378.2,378.0,378.0,378.7,376.9,379.0,376.8,374.8,375.5,375.0,376.5,377.9,377.3,378.1,378.0,379.5,377.8,380.1,,,,,,,,,,,,
CH1B1:KWH,(                ),,4433714,4433714,4433714,4433714,4433714,4433714,4433714,4433714,4433714,4433714,4433714,4433714,4433714,4433714,4433714,4433714,4433714,4433714,4433714,4433714,4433714,4433714,4433714,4433714,4433714,4433714,4433714,4433714,4433714,4433714,4433714,4433714,4433714,4433714,4433714,4433714,4433714,4433714,4433714,4433714,4433714,4433714,4433714,4433714,4433714,4433714,4433714,4433714,4433714,4433714,4433714,4433714,4433714,4433714,4433714,4433714,4433714,4433714,4433714,4433714,4433714,4433714,4433714,4433714,4433714,4433714,4433714,4433714,4433714,4433714,4433714,4433714,4433714,4433714,4433714,4433714,4433714,4433714,4433714,4433714,4433714,4433714,4433714,4433714,4433714,4433714,4433714,4433714,4433714,4433714,4433714,4433714,4433714,4433714,4433714,4433714,4433714,4433714,4433714,4433714,4433714,4433714,4433714,4433714,4433714,4433714,4433714,4433714,4433714,4433714,4433714,4433714,4433714,4433714,4433714,4433714,4433714,4433714,4433714,4433714,4433714,4433714,4433714,4433714,4433714,4433714,4433714,4433714,4433714,4433714,4433714,4433714,,,,,,,,,,,,
CH2B1:KWH,(                ),,3323912,3323912,3323912,3323912,3323912,3323912,3323912,3323912,3323912,3323912,3323912,3323912,3323912,3323912,3323912,3323912,3323912,3323912,3323912,3323912,3323912,3323912,3323912,3323912,3323912,3323912,3323912,3323912,3323912,3323912,3323912,3323912,3323912,3323912,3323912,3323912,3323912,3323912,3323912,3323912,3323912,3323912,3323912,3323912,3323912,3323912,3323912,3323912,3323912,3323912,3323912,3323912,3323912,3323912,3323912,3323912,3323912,3323912,3323912,3323912,3323912,3323912,3323912,3323912,3323912,3323912,3323912,3323912,3323912,3323912,3323912,3323912,3323912,3323912,3323912,3323912,3323912,3323912,3323912,3323912,3323912,3323912,3323912,3323912,3323912,3323912,3323912,3323912,3323912,3323912,3323912,3323912,3323912,3323912,3323912,3323912,3323912,3323912,3323912,3323912,3323912,3323912,3323912,3323912,3323912,3323912,3323912,3323912,3323912,3323912,3323912,3323912,3323912,3323912,3323912,3323912,3323912,3323912,3323912,3323912,3323912,3323912,3323912,3323912,3323912,3323912,3323912,3323912,3323912,3323912,3323912,3323912,,,,,,,,,,,,
CHP1B1:KWH,(                ),,313214,313214,313214,313214,313214,313214,313214,313214,313214,313214,313214,313214,313214,313214,313214,313214,313214,313214,313214,313214,313214,313214,313214,313214,313214,313214,313214,313214,313214,313214,313214,313214,313214,313214,313214,313214,313214,313214,313214,313214,313214,313214,313214,313214,313214,313214,313214,313214,313214,313214,313214,313214,313214,313214,313214,313214,313214,313214,313214,313214,313214,313214,313214,313214,313214,313214,313214,313214,313214,313214,313214,313214,313214,313214,313214,313214,313214,313214,313214,313214,313214,313214,313214,313214,313214,313214,313214,313214,313214,313214,313214,313214,313214,313214,313214,313214,313214,313214,313214,313214,313214,313214,313214,313214,313214,313214,313214,313214,313214,313214,313214,313214,313214,313214,313214,313214,313214,313214,313214,313214,313214,313214,313214,313214,313214,313214,313214,313214,313214,313214,313214,313214,,,,,,,,,,,,
CHP2B1:KWH,(                ),,259932,259932,259932,259932,259932,259932,259932,259932,259932,259932,259932,259932,259932,259932,259932,259932,259932,259932,259932,259932,259932,259932,259932,259932,259932,259932,259932,259932,259932,259932,259932,259932,259932,259932,259932,259932,259932,259932,259932,259932,259932,259932,259932,259932,259932,259932,259932,259932,259932,259932,259932,259932,259932,259932,259932,259932,259932,259932,259932,259932,259932,259932,259932,259932,259932,259932,259932,259932,259932,259932,259932,259932,259932,259932,259932,259932,259932,259932,259932,259932,259932,259932,259932,259932,259932,259932,259932,259932,259932,259932,259932,259932,259932,259932,259932,259932,259932,259932,259932,259932,259932,259932,259932,259932,259932,259932,259932,259932,259932,259932,259932,259932,259932,259932,259932,259932,259932,259932,259932,259932,259932,259932,259932,259932,259932,259932,259932,259932,259932,259932,259932,259932,,,,,,,,,,,,
CHP3B1:KWH,(                ),,4159,4159,4159,4159,4159,4159,4159,4159,4159,4159,4159,4159,4159,4159,4159,4159,4159,4159,4159,4159,4159,4159,4159,4159,4159,4159,4159,4159,4159,4159,4159,4159,4159,4159,4159,4159,4159,4159,4159,4159,4159,4159,4159,4159,4159,4159,4159,4159,4159,4159,4159,4159,4159,4159,4159,4159,4159,4159,4159,4159,4159,4159,4159,4159,4159,4159,4159,4159,4159,4159,4159,4159,4159,4159,4159,4159,4159,4159,4159,4159,4159,4159,4159,4159,4159,4159,4159,4159,4159,4159,4159,4159,4159,4159,4159,4159,4159,4159,4159,4159,4159,4159,4159,4159,4159,4159,4159,4159,4159,4159,4159,4159,4159,4159,4159,4159,4159,4159,4159,4159,4159,4159,4159,4159,4159,4159,4159,4159,4159,4159,4159,4159,,,,,,,,,,,,
CT1B1:KW,(                ),kW,8.2,8.2,8.2,8.2,8.2,8.2,8.2,8.2,8.2,8.2,8.2,8.2,8.2,8.2,8.2,8.2,8.2,8.2,8.2,8.2,8.2,8.2,8.2,8.2,8.2,8.2,8.2,8.2,8.2,8.2,8.2,8.2,8.2,8.2,8.2,8.2,8.2,8.2,8.2,8.2,8.2,8.2,8.2,8.2,8.2,8.2,8.2,8.2,8.2,8.2,8.2,8.2,8.2,8.2,8.2,8.2,8.2,8.2,8.2,8.2,8.2,8.2,8.2,8.2,8.2,8.2,8.2,8.2,8.2,8.2,8.2,8.2,8.2,8.2,8.2,8.2,8.2,8.2,8.2,8.2,8.2,8.2,8.2,8.2,8.2,8.2,8.2,8.2,8.2,8.2,8.2,8.2,8.2,8.2,8.2,8.2,8.2,8.2,8.2,8.2,8.2,8.2,8.2,8.2,8.2,8.2,8.2,8.2,8.2,8.2,8.2,8.2,8.2,8.2,8.2,8.2,8.2,8.2,8.2,8.2,8.2,8.2,8.2,8.2,8.2,8.2,8.2,8.2,8.2,8.2,8.2,8.2,,,,,,,,,,,,
CT1B1:KWH,(                ),,244843,244843,244843,244843,244843,244843,244843,244843,244843,244843,244843,244843,244843,244843,244843,244843,244843,244843,244843,244843,244843,244843,244843,244843,244843,244843,244843,244843,244843,244843,244843,244843,244843,244843,244843,244843,244843,244843,244843,244843,244843,244843,244843,244843,244843,244843,244843,244843,244843,244843,244843,244843,244843,244843,244843,244843,244843,244843,244843,244843,244843,244843,244843,244843,244843,244843,244843,244843,244843,244843,244843,244843,244843,244843,244843,244843,244843,244843,244843,244843,244843,244843,244843,244843,244843,244843,244843,244843,244843,244843,244843,244843,244843,244843,244843,244843,244843,244843,244843,244843,244843,244843,244843,244843,244843,244843,244843,244843,244843,244843,244843,244843,244843,244843,244843,244843,244843,244843,244843,244843,244843,244843,244843,244843,244843,244843,244843,244843,244843,244843,244843,244843,,,,,,,,,,,,
CT2B1:KW,(                ),kW,0.0,0.0,0.0,0.0,0.0,0.0,0.0,0.0,0.0,0.0,0.0,0.0,0.0,0.0,0.0,0.0,0.0,0.0,0.0,0.0,0.0,0.0,0.0,0.0,0.0,0.0,0.0,0.0,0.0,0.0,0.0,0.0,0.0,0.0,0.0,0.0,0.0,0.0,0.0,0.0,0.0,0.0,0.0,0.0,0.0,0.0,0.0,0.0,0.0,0.0,0.0,0.0,0.0,0.0,0.0,0.0,0.0,0.0,0.0,0.0,0.0,0.0,0.0,0.0,0.0,0.0,0.0,0.0,0.0,0.0,0.0,0.0,0.0,0.0,0.0,0.0,0.0,0.0,0.0,0.0,0.0,0.0,0.0,0.0,0.0,0.0,0.0,0.0,0.0,0.0,0.0,0.0,0.0,0.0,0.0,0.0,0.0,0.0,0.0,0.0,0.0,0.0,0.0,0.0,0.0,0.0,0.0,0.0,0.0,0.0,0.0,0.0,0.0,0.0,0.0,0.0,0.0,0.0,0.0,0.0,0.0,0.0,0.0,0.0,0.0,0.0,0.0,0.0,0.0,0.0,0.0,0.0,,,,,,,,,,,,
CT2B1:KWH,(                ),,111175,111175,111175,111175,111175,111175,111175,111175,111175,111175,111175,111175,111175,111175,111175,111175,111175,111175,111175,111175,111175,111175,111175,111175,111175,111175,111175,111175,111175,111175,111175,111175,111175,111175,111175,111175,111175,111175,111175,111175,111175,111175,111175,111175,111175,111175,111175,111175,111175,111175,111175,111175,111175,111175,111175,111175,111175,111175,111175,111175,111175,111175,111175,111175,111175,111175,111175,111175,111175,111175,111175,111175,111175,111175,111175,111175,111175,111175,111175,111175,111175,111175,111175,111175,111175,111175,111175,111175,111175,111175,111175,111175,111175,111175,111175,111175,111175,111175,111175,111175,111175,111175,111175,111175,111175,111175,111175,111175,111175,111175,111175,111175,111175,111175,111175,111175,111175,111175,111175,111175,111175,111175,111175,111175,111175,111175,111175,111175,111175,111175,111175,111175,,,,,,,,,,,,
CWP1B1:KWH,(                ),,839195,839195,839195,839195,839195,839195,839195,839195,839195,839195,839195,839195,839195,839195,839195,839195,839195,839195,839195,839195,839195,839195,839195,839195,839195,839195,839195,839195,839195,839195,839195,839195,839195,839195,839195,839195,839195,839195,839195,839195,839195,839195,839195,839195,839195,839195,839195,839195,839195,839195,839195,839195,839195,839195,839195,839195,839195,839195,839195,839195,839195,839195,839195,839195,839195,839195,839195,839195,839195,839195,839195,839195,839195,839195,839195,839195,839195,839195,839195,839195,839195,839195,839195,839195,839195,839195,839195,839195,839195,839195,839195,839195,839195,839195,839195,839195,839195,839195,839195,839195,839195,839195,839195,839195,839195,839195,839195,839195,839195,839195,839195,839195,839195,839195,839195,839195,839195,839195,839195,839195,839195,839195,839195,839195,839195,839195,839195,839195,839195,839195,839195,839195,,,,,,,,,,,,
CWP2B1:KWH,(                ),,705224,705224,705224,705224,705224,705224,705224,705224,705224,705224,705224,705224,705224,705224,705224,705224,705224,705224,705224,705224,705224,705224,705224,705224,705224,705224,705224,705224,705224,705224,705224,705224,705224,705224,705224,705224,705224,705224,705224,705224,705224,705224,705224,705224,705224,705224,705224,705224,705224,705224,705224,705224,705224,705224,705224,705224,705224,705224,705224,705224,705224,705224,705224,705224,705224,705224,705224,705224,705224,705224,705224,705224,705224,705224,705224,705224,705224,705224,705224,705224,705224,705224,705224,705224,705224,705224,705224,705224,705224,705224,705224,705224,705224,705224,705224,705224,705224,705224,705224,705224,705224,705224,705224,705224,705224,705224,705224,705224,705224,705224,705224,705224,705224,705224,705224,705224,705224,705224,705224,705224,705224,705224,705224,705224,705224,705224,705224,705224,705224,705224,705224,705224,,,,,,,,,,,,
CWP3B1:KWH,(                ),,10,10,10,10,10,10,10,10,10,10,10,10,10,10,10,10,10,10,10,10,10,10,10,10,10,10,10,10,10,10,10,10,10,10,10,10,10,10,10,10,10,10,10,10,10,10,10,10,10,10,10,10,10,10,10,10,10,10,10,10,10,10,10,10,10,10,10,10,10,10,10,10,10,10,10,10,10,10,10,10,10,10,10,10,10,10,10,10,10,10,10,10,10,10,10,10,10,10,10,10,10,10,10,10,10,10,10,10,10,10,10,10,10,10,10,10,10,10,10,10,10,10,10,10,10,10,10,10,10,10,10,10,,,,,,,,,,,,
CH1F7.KWH,(度數            ),kW h,617562,617562,617562,617562,617562,617562,617562,617562,617562,617562,617562,617562,617562,617562,617562,617562,617562,617562,617562,617562,617562,617562,617562,617562,617562,617562,617562,617562,617562,617562,617562,617562,617562,617562,617562,617562,617562,617562,617562,617562,617562,617562,617562,617562,617562,617562,617562,617562,617562,617562,617562,617562,617562,617594,617645,617696,617747,617798,617851,617903,617956,618009,618062,618115,618168,618220,618273,618324,618376,618428,618453,618531,618583,618634,618685,618737,618788,618840,618891,618942,618994,619046,619097,619148,619200,619252,619303,619354,619406,619457,619509,619560,619612,619664,619716,619769,619821,619873,619925,619977,620030,620081,620134,620186,620239,620291,620344,620394,620448,620499,620552,620604,620657,620709,620762,620814,620867,620920,620972,621024,621077,621130,621181,621233,621285,621336,621388,621438,621489,621540,621591,621643,,,,,,,,,,,,
CH2F7:KWH,(                ),,3661916,3661917,3661917,3661917,3661917,3661917,3661917,3661917,3661917,3661917,3661917,3661917,3661917,3661917,3661918,3661918,3661918,3661918,3661918,3661918,3661918,3661918,3661918,3661918,3661918,3661918,3661918,3661918,3661918,3661918,3661918,3661919,3661919,3661919,3661919,3661919,3661919,3661919,3661919,3661919,3661919,3661919,3661920,3661920,3661920,3661920,3661920,3661920,3661920,3661920,3661920,3661920,3661920,3661920,3661920,3661920,3661920,3661920,3661920,3661920,3661920,3661921,3661921,3661921,3661921,3661921,3661921,3661921,3661921,3661921,3661921,3661921,3661922,3661922,3661922,3661922,3661922,3661922,3661922,3661922,3661922,3661922,3661922,3661922,3661922,3661922,3661922,3661922,3661922,3661922,3661923,3661923,3661923,3661923,3661923,3661923,3661923,3661923,3661923,3661923,3661923,3661923,3661923,3661924,3661924,3661924,3661924,3661924,3661924,3661924,3661924,3661924,3661924,3661924,3661924,3661925,3661925,3661925,3661925,3661925,3661925,3661925,3661925,3661925,3661925,3661925,3661925,3661925,3661925,3661925,3661925,3661925,,,,,,,,,,,,
CH3F7:KWH,(                ),,1616744,1616744,1616744,1616744,1616744,1616745,1616745,1616745,1616745,1616745,1616745,1616745,1616745,1616745,1616745,1616745,1616745,1616745,1616745,1616745,1616745,1616745,1616745,1616746,1616746,1616746,1616746,1616746,1616746,1616746,1616746,1616746,1616746,1616746,1616746,1616746,1616746,1616746,1616746,1616746,1616747,1616747,1616747,1616747,1616747,1616747,1616747,1616747,1616747,1616747,1616747,1616747,1616747,1616747,1616747,1616748,1616748,1616748,1616748,1616748,1616748,1616748,1616748,1616748,1616748,1616748,1616748,1616748,1616749,1616749,1616749,1616749,1616749,1616749,1616749,1616749,1616749,1616749,1616749,1616749,1616749,1616749,1616750,1616750,1616750,1616750,1616750,1616750,1616750,1616750,1616750,1616750,1616750,1616750,1616750,1616750,1616750,1616750,1616750,1616751,1616751,1616751,1616751,1616751,1616751,1616751,1616751,1616751,1616751,1616751,1616751,1616751,1616751,1616751,1616751,1616752,1616752,1616752,1616752,1616752,1616752,1616752,1616752,1616752,1616752,1616752,1616752,1616752,1616752,1616753,1616753,1616753,,,,,,,,,,,,
CH4F7.KWH,(度數            ),kW h,648437,648437,648437,648437,648437,648437,648437,648437,648437,648437,648437,648437,648437,648437,648437,648437,648437,648437,648437,648437,648437,648437,648437,648437,648437,648437,648437,648437,648437,648437,648437,648437,648437,648437,648437,648437,648437,648437,648437,648437,648437,648437,648437,648437,648437,648437,648437,648437,648437,648437,648437,648437,648437,648437,648443,648491,648541,648590,648640,648689,648738,648787,648837,648886,648935,648985,649034,649083,649132,649181,649205,649279,649329,649377,649427,649476,649525,649574,649623,649672,649721,649771,649820,649868,649918,649967,650015,650064,650113,650163,650212,650262,650311,650360,650410,650459,650508,650557,650607,650656,650705,650755,650804,650853,650903,650952,651002,651050,651100,651148,651198,651248,651297,651346,651397,651447,651497,651548,651597,651648,651698,651748,651798,651847,651896,651945,651995,652044,652092,652121,652121,652121,,,,,,,,,,,,
CH5F7.KWH,(度數            ),kW h,656401,656401,656401,656401,656401,656401,656401,656401,656401,656401,656401,656401,656401,656401,656401,656401,656401,656401,656401,656401,656401,656401,656401,656401,656401,656401,656401,656401,656401,656401,656401,656401,656401,656401,656401,656401,656401,656401,656401,656401,656401,656401,656401,656401,656401,656401,656401,656401,656401,656401,656401,656401,656401,656401,656401,656401,656435,656485,656534,656584,656634,656683,656734,656783,656833,656882,656932,656979,657029,657078,657102,657176,657225,657253,657285,657334,657383,657431,657480,657528,657577,657625,657674,657722,657771,657819,657867,657916,657964,658013,658062,658111,658159,658208,658258,658306,658355,658404,658452,658501,658550,658599,658647,658696,658745,658794,658843,658890,658939,658987,659036,659085,659134,659182,659232,659282,659331,659382,659431,659480,659512,659512,659512,659512,659512,659512,659512,659512,659512,659512,659512,659512,,,,,,,,,,,,
CHP1F7:KWH,(                ),,539202,539202,539202,539202,539202,539202,539202,539202,539202,539202,539202,539202,539202,539202,539202,539202,539202,539202,539202,539202,539202,539202,539202,539202,539202,539202,539202,539202,539202,539202,539202,539202,539202,539202,539202,539202,539202,539202,539202,539202,539202,539202,539202,539202,539202,539202,539202,539202,539202,539202,539202,539205,539210,539215,539220,539226,539231,539236,539242,539246,539252,539257,539263,539268,539273,539278,539284,539289,539294,539299,539302,539310,539315,539321,539325,539330,539336,539342,539347,539352,539357,539363,539367,539373,539378,539383,539388,539394,539399,539404,539410,539414,539420,539425,539431,539436,539440,539446,539452,539457,539462,539468,539473,539478,539483,539489,539494,539499,539505,539510,539515,539520,539525,539531,539536,539541,539547,539552,539557,539562,539568,539573,539578,539583,539589,539594,539599,539605,539609,539615,539620,539626,,,,,,,,,,,,
CHP2F7:KWH,(                ),,242191,242191,242191,242191,242191,242191,242191,242191,242191,242191,242191,242191,242191,242191,242191,242191,242191,242191,242191,242191,242191,242191,242191,242191,242191,242191,242191,242191,242191,242191,242191,242191,242191,242191,242191,242191,242191,242191,242191,242191,242191,242191,242191,242191,242191,242191,242191,242191,242191,242191,242191,242191,242191,242191,242191,242191,242191,242191,242191,242191,242191,242191,242191,242191,242191,242191,242191,242191,242191,242191,242191,242191,242191,242191,242191,242191,242191,242191,242191,242191,242191,242191,242191,242191,242191,242191,242191,242191,242191,242191,242191,242191,242191,242191,242191,242191,242191,242191,242191,242191,242191,242191,242191,242191,242191,242191,242191,242191,242191,242191,242191,242191,242191,242191,242191,242191,242191,242191,242191,242191,242191,242191,242191,242191,242191,242191,242191,242191,242191,242191,242191,242191,,,,,,,,,,,,
CHP3F7:KWH,(                ),,122477,122477,122477,122477,122477,122477,122477,122477,122477,122477,122477,122477,122477,122477,122477,122477,122477,122477,122477,122477,122477,122477,122477,122477,122477,122477,122477,122477,122477,122477,122477,122477,122477,122477,122477,122477,122477,122477,122477,122477,122477,122477,122477,122477,122477,122477,122477,122477,122477,122477,122477,122477,122477,122477,122477,122477,122477,122477,122477,122477,122477,122477,122477,122477,122477,122477,122477,122477,122477,122477,122477,122477,122477,122477,122477,122477,122477,122477,122477,122477,122477,122477,122477,122477,122477,122477,122477,122477,122477,122477,122477,122477,122477,122477,122477,122477,122477,122477,122477,122477,122477,122477,122477,122477,122477,122477,122477,122477,122477,122477,122477,122477,122477,122477,122477,122477,122477,122477,122477,122477,122477,122477,122477,122477,122477,122477,122477,122477,122477,122477,122477,122477,,,,,,,,,,,,
CHP4F7:KWH,(                ),,527029,527029,527029,527029,527029,527029,527029,527029,527029,527029,527029,527029,527029,527029,527029,527029,527029,527029,527029,527029,527029,527029,527029,527029,527029,527029,527029,527029,527029,527029,527029,527029,527029,527029,527029,527029,527029,527029,527029,527029,527029,527029,527029,527029,527029,527029,527029,527029,527029,527029,527029,527029,527029,527033,527038,527044,527049,527054,527059,527063,527069,527074,527080,527084,527090,527095,527100,527105,527110,527115,527117,527125,527130,527136,527140,527145,527151,527156,527161,527166,527171,527177,527181,527187,527191,527197,527202,527207,527212,527217,527222,527227,527233,527237,527243,527248,527252,527258,527263,527268,527273,527279,527284,527289,527294,527299,527304,527309,527315,527319,527324,527329,527334,527340,527345,527350,527355,527361,527366,527370,527376,527381,527386,527391,527396,527401,527406,527411,527416,527421,527421,527421,,,,,,,,,,,,
CHP5F7:KWH,(                ),,545979,545979,545979,545979,545979,545979,545979,545979,545979,545979,545979,545979,545979,545979,545979,545979,545979,545979,545979,545979,545979,545979,545979,545979,545979,545979,545979,545979,545979,545979,545979,545979,545979,545979,545979,545979,545979,545979,545979,545979,545979,545979,545979,545979,545979,545979,545979,545979,545979,545979,545979,545979,545979,545979,545981,545987,545992,545997,546002,546006,546012,546017,546022,546027,546032,546037,546042,546047,546052,546057,546060,546067,546072,546078,546082,546087,546093,546098,546103,546108,546113,546118,546123,546128,546133,546138,546143,546148,546153,546158,546163,546168,546174,546178,546184,546189,546193,546198,546204,546209,546214,546219,546224,546229,546234,546239,546244,546249,546255,546259,546264,546269,546274,546280,546285,546290,546295,546300,546305,546310,546315,546315,546315,546315,546315,546315,546315,546315,546315,546315,546315,546315,,,,,,,,,,,,
CWP1F7:KWH,(                ),,542917,542917,542917,542917,542917,542917,542917,542917,542917,542917,542917,542917,542917,542917,542917,542917,542917,542917,542917,542917,542917,542917,542917,542917,542917,542917,542917,542917,542917,542917,542917,542917,542917,542917,542917,542917,542917,542917,542917,542917,542917,542917,542917,542917,542917,542917,542917,542917,542917,542917,542917,542919,542924,542929,542934,542940,542944,542950,542955,542959,542964,542970,542975,542980,542985,542990,542995,543000,543005,543010,543012,543020,543025,543030,543035,543039,543045,543050,543055,543060,543066,543071,543075,543081,543085,543090,543095,543101,543105,543111,543116,543120,543126,543131,543136,543141,543145,543151,543156,543161,543166,543171,543176,543181,543186,543191,543197,543201,543207,543212,543216,543221,543226,543232,543237,543242,543247,543252,543257,543262,543267,543272,543277,543282,543287,543293,543297,543303,543307,543313,543318,543323,,,,,,,,,,,,
CWP2F7:KWH,(                ),,273418,273418,273418,273418,273418,273418,273418,273418,273418,273418,273418,273418,273418,273418,273418,273418,273418,273418,273418,273418,273418,273418,273418,273418,273418,273418,273418,273418,273418,273418,273418,273418,273418,273418,273418,273418,273418,273418,273418,273418,273418,273418,273418,273418,273418,273418,273418,273418,273418,273418,273418,273418,273418,273418,273418,273418,273418,273418,273418,273418,273418,273418,273418,273418,273418,273418,273418,273418,273418,273418,273418,273418,273418,273418,273418,273418,273418,273418,273418,273418,273418,273418,273418,273418,273418,273418,273418,273418,273418,273418,273418,273418,273418,273418,273418,273418,273418,273418,273418,273418,273418,273418,273418,273418,273418,273418,273418,273418,273418,273418,273418,273418,273418,273418,273418,273418,273418,273418,273418,273418,273418,273418,273418,273418,273418,273418,273418,273418,273418,273418,273418,273418,,,,,,,,,,,,
CWP3F7:KWH,(                ),,147546,147546,147546,147546,147546,147546,147546,147546,147546,147546,147546,147546,147546,147546,147546,147546,147546,147546,147546,147546,147546,147546,147546,147546,147546,147546,147546,147546,147546,147546,147546,147546,147546,147546,147546,147546,147546,147546,147546,147546,147546,147546,147546,147546,147546,147546,147546,147546,147546,147546,147546,147546,147546,147546,147546,147546,147546,147546,147546,147546,147546,147546,147546,147546,147546,147546,147546,147546,147546,147546,147546,147546,147546,147546,147546,147546,147546,147546,147546,147546,147546,147546,147546,147546,147546,147546,147546,147546,147546,147546,147546,147546,147546,147546,147546,147546,147546,147546,147546,147546,147546,147546,147546,147546,147546,147546,147546,147546,147546,147546,147546,147546,147546,147546,147546,147546,147546,147546,147546,147546,147546,147546,147546,147546,147546,147546,147546,147546,147546,147546,147546,147546,,,,,,,,,,,,
CWP4F7:KWH,(                ),,581480,581480,581480,581480,581480,581480,581480,581480,581480,581480,581480,581480,581480,581480,581480,581480,581480,581480,581480,581480,581480,581480,581480,581480,581480,581480,581480,581480,581480,581480,581480,581480,581480,581480,581480,581480,581480,581480,581480,581480,581480,581480,581480,581480,581480,581480,581480,581480,581480,581480,581480,581480,581480,581484,581488,581494,581499,581504,581509,581513,581518,581523,581528,581533,581538,581543,581548,581552,581558,581562,581565,581572,581577,581582,581587,581591,581597,581602,581606,581612,581617,581621,581626,581631,581636,581641,581646,581651,581655,581660,581665,581670,581675,581680,581685,581689,581694,581699,581704,581710,581714,581719,581724,581729,581734,581739,581744,581748,581753,581759,581763,581768,581772,581778,581783,581788,581793,581798,581803,581807,581813,581817,581822,581827,581832,581837,581842,581847,581851,581856,581856,581856,,,,,,,,,,,,
CWP5F7:KWH,(                ),,643439,643439,643439,643439,643439,643439,643439,643439,643439,643439,643439,643439,643439,643439,643439,643439,643439,643439,643439,643439,643439,643439,643439,643439,643439,643439,643439,643439,643439,643439,643439,643439,643439,643439,643439,643439,643439,643439,643439,643439,643439,643439,643439,643439,643439,643439,643439,643439,643439,643439,643439,643439,643439,643439,643441,643448,643454,643460,643466,643470,643477,643483,643489,643495,643501,643507,643513,643518,643524,643530,643533,643541,643548,643554,643559,643564,643571,643577,643583,643589,643595,643601,643606,643612,643618,643624,643629,643635,643641,643647,643653,643658,643665,643670,643676,643682,643687,643694,643700,643706,643711,643717,643723,643729,643735,643741,643747,643752,643759,643764,643770,643776,643781,643788,643794,643799,643805,643811,643817,643823,643829,643829,643829,643829,643829,643829,643829,643829,643829,643829,643829,643829,,,,,,,,,,,,
CT1-1.KWH,(度數            ),kW h,11986,11986,11986,11986,11986,11986,11986,11986,11986,11986,11986,11986,11986,11986,11986,11986,11986,11986,11986,11986,11986,11986,11986,11986,11986,11986,11986,11986,11986,11986,11986,11986,11986,11986,11986,11986,11986,11986,11986,11986,11986,11986,11986,11986,11986,11986,11986,11986,11986,11986,11986,11986,11987,11988,11989,11990,11991,11992,11993,11994,11996,11997,11998,11999,12000,12001,12002,12004,12005,12006,12006,12008,12009,12010,12012,12013,12014,12015,12016,12017,12018,12019,12021,12022,12023,12024,12025,12026,12027,12029,12030,12031,12032,12033,12034,12035,12036,12038,12039,12040,12041,12042,12043,12045,12046,12047,12048,12049,12050,12051,12052,12054,12055,12056,12057,12058,12059,12061,12062,12063,12064,12065,12066,12067,12069,12070,12071,12072,12073,12074,12075,12077,,,,,,,,,,,,
CT1-1:KW,(                ),kW,0.0,0.0,0.0,0.0,0.0,0.0,0.0,0.0,0.0,0.0,0.0,0.0,0.0,0.0,0.0,0.0,0.0,0.0,0.0,0.0,0.0,0.0,0.0,0.0,0.0,0.0,0.0,0.0,0.0,0.0,0.0,0.0,0.0,0.0,0.0,0.0,0.0,0.0,0.0,0.0,0.0,0.0,0.0,0.0,0.0,0.0,0.0,0.0,0.0,0.0,0.0,7.1,1.3,7.0,6.8,6.7,7.0,6.8,6.8,6.9,6.8,6.9,6.8,7.0,6.7,6.8,6.8,6.7,6.8,6.8,6.7,6.9,6.5,7.0,6.7,6.8,6.9,6.9,6.8,6.8,6.9,6.8,6.8,6.8,6.8,6.7,7.0,6.9,6.9,6.8,6.7,6.8,6.8,7.0,6.9,6.8,6.8,6.9,6.9,6.8,6.6,6.8,7.0,6.7,6.9,6.8,6.7,6.9,6.8,6.8,6.9,6.9,6.9,6.8,6.9,7.0,6.9,6.8,7.0,6.9,6.8,6.8,6.8,6.8,6.8,6.9,6.8,6.8,6.9,6.8,6.9,7.0,,,,,,,,,,,,
CT1-2.KWH,(度數            ),kW h,14363,14363,14363,14363,14363,14363,14363,14363,14363,14363,14363,14363,14363,14363,14363,14363,14363,14363,14363,14363,14363,14363,14363,14363,14363,14363,14363,14363,14363,14363,14363,14363,14363,14363,14363,14363,14363,14363,14363,14363,14363,14363,14363,14363,14363,14363,14363,14363,14363,14363,14363,14363,14364,14365,14366,14367,14368,14369,14370,14371,14373,14374,14375,14376,14377,14378,14379,14380,14382,14383,14383,14385,14386,14387,14388,14389,14391,14392,14393,14394,14395,14396,14397,14398,14400,14401,14402,14403,14404,14405,14406,14407,14409,14410,14411,14412,14413,14414,14415,14417,14418,14419,14420,14421,14422,14423,14424,14426,14427,14428,14429,14430,14431,14432,14433,14435,14436,14437,14438,14439,14440,14441,14443,14444,14445,14446,14447,14448,14449,14450,14452,14453,,,,,,,,,,,,
CT1-2:KW,(                ),kW,0.0,0.0,0.0,0.0,0.0,0.0,0.0,0.0,0.0,0.0,0.0,0.0,0.0,0.0,0.0,0.0,0.0,0.0,0.0,0.0,0.0,0.0,0.0,0.0,0.0,0.0,0.0,0.0,0.0,0.0,0.0,0.0,0.0,0.0,0.0,0.0,0.0,0.0,0.0,0.0,0.0,0.0,0.0,0.0,0.0,0.0,0.0,0.0,0.0,0.0,0.0,6.8,1.2,6.8,6.8,6.7,6.8,6.7,6.7,6.7,6.7,6.8,6.8,6.8,6.5,6.7,6.8,6.7,6.7,6.7,6.6,6.8,6.6,6.7,6.9,6.9,6.7,6.8,6.6,6.8,6.8,6.7,6.7,6.8,6.7,6.8,6.8,6.8,6.8,6.8,6.8,6.8,6.7,6.7,6.9,6.8,6.8,6.7,6.8,6.8,6.6,6.7,6.7,6.9,6.8,6.8,6.6,6.8,6.8,6.8,6.8,6.8,6.8,6.8,6.9,6.8,6.7,6.8,6.8,6.8,6.8,6.9,6.7,6.9,6.9,6.7,6.8,6.9,6.8,6.8,6.9,6.7,,,,,,,,,,,,
CT1-3.KWH,(度數            ),kW h,11682,11682,11682,11682,11682,11682,11682,11682,11682,11682,11682,11682,11682,11682,11682,11682,11682,11682,11682,11682,11682,11682,11682,11682,11682,11682,11682,11682,11682,11682,11682,11682,11682,11682,11682,11682,11682,11682,11682,11682,11682,11682,11682,11682,11682,11682,11682,11682,11682,11682,11682,11683,11683,11684,11685,11686,11688,11689,11690,11691,11692,11693,11694,11695,11697,11698,11699,11700,11701,11702,11703,11705,11706,11707,11708,11709,11710,11711,11712,11714,11715,11716,11717,11718,11719,11720,11722,11723,11724,11725,11726,11727,11728,11729,11731,11732,11733,11734,11735,11736,11737,11739,11740,11741,11742,11743,11744,11745,11747,11748,11749,11750,11751,11752,11753,11755,11756,11757,11758,11759,11760,11761,11763,11764,11765,11766,11767,11768,11769,11771,11772,11773,,,,,,,,,,,,
CT1-3:KW,(                ),kW,0.0,0.0,0.0,0.0,0.0,0.0,0.0,0.0,0.0,0.0,0.0,0.0,0.0,0.0,0.0,0.0,0.0,0.0,0.0,0.0,0.0,0.0,0.0,0.0,0.0,0.0,0.0,0.0,0.0,0.0,0.0,0.0,0.0,0.0,0.0,0.0,0.0,0.0,0.0,0.0,0.0,0.0,0.0,0.0,0.0,0.0,0.0,0.0,0.0,0.0,0.0,7.1,1.2,6.8,6.9,6.8,6.9,6.9,6.8,6.8,6.8,6.8,6.8,6.8,6.7,6.8,6.7,6.8,6.8,6.8,6.6,6.8,6.7,6.7,6.9,6.9,6.8,6.8,6.7,6.7,6.7,6.7,7.0,6.7,6.7,6.8,6.7,6.7,6.8,6.7,6.8,6.8,6.9,6.8,6.9,6.8,6.8,6.8,6.8,6.8,6.8,6.8,6.8,6.8,6.9,6.9,6.8,6.8,6.8,6.9,6.9,6.9,6.9,6.8,6.8,6.9,7.0,6.8,6.9,6.9,6.9,6.9,6.9,6.9,6.9,6.9,6.8,6.9,6.8,6.8,6.8,6.8,,,,,,,,,,,,
CT1-4.KWH,(度數            ),kW h,14679,14679,14679,14679,14679,14679,14679,14679,14679,14679,14679,14679,14679,14679,14679,14679,14679,14679,14679,14679,14679,14679,14679,14679,14679,14679,14679,14679,14679,14679,14679,14679,14679,14679,14679,14679,14679,14679,14679,14679,14679,14679,14679,14679,14679,14679,14679,14679,14679,14679,14679,14679,14680,14681,14682,14683,14684,14685,14686,14688,14689,14690,14691,14692,14693,14694,14695,14697,14698,14699,14699,14701,14702,14703,14705,14706,14707,14708,14709,14710,14711,14713,14714,14715,14716,14717,14718,14719,14720,14722,14723,14724,14725,14726,14727,14728,14729,14731,14732,14733,14734,14735,14736,14737,14739,14740,14741,14742,14743,14744,14745,14747,14748,14749,14750,14751,14752,14753,14755,14756,14757,14758,14759,14760,14761,14763,14764,14765,14766,14767,14768,14769,,,,,,,,,,,,
CT1-4:KW,(                ),kW,0.0,0.0,0.0,0.0,0.0,0.0,0.0,0.0,0.0,0.0,0.0,0.0,0.0,0.0,0.0,0.0,0.0,0.0,0.0,0.0,0.0,0.0,0.0,0.0,0.0,0.0,0.0,0.0,0.0,0.0,0.0,0.0,0.0,0.0,0.0,0.0,0.0,0.0,0.0,0.0,0.0,0.0,0.0,0.0,0.0,0.0,0.0,0.0,0.0,0.0,0.0,7.3,1.3,6.9,6.8,6.8,6.8,6.8,6.8,6.9,6.8,6.8,6.9,6.8,6.8,6.8,6.7,6.7,6.7,6.8,6.8,7.0,6.8,6.8,6.7,6.7,6.7,6.8,6.8,6.8,6.8,6.7,6.8,6.6,6.8,6.8,6.8,6.9,6.9,6.8,6.7,6.8,6.8,6.8,6.9,6.7,6.8,6.8,6.8,6.9,6.8,6.9,6.8,6.8,6.7,6.7,6.8,6.8,6.9,6.8,6.9,7.0,6.8,6.8,6.8,6.8,6.8,6.9,6.9,6.9,6.9,6.9,6.9,6.9,6.9,6.9,6.9,7.1,6.8,6.9,7.0,6.9,,,,,,,,,,,,
CT1-ALL.KW,(冷卻水塔系統功率),,0.0,0.0,0.0,0.0,0.0,0.0,0.0,0.0,0.0,0.0,0.0,0.0,0.0,0.0,0.0,0.0,0.0,0.0,0.0,0.0,0.0,0.0,0.0,0.0,0.0,0.0,0.0,0.0,0.0,0.0,0.0,0.0,0.0,0.0,0.0,0.0,0.0,0.0,0.0,0.0,0.0,0.0,0.0,0.0,0.0,0.0,0.0,0.0,0.0,0.0,0.0,28.2,5.0,27.4,27.3,27.1,27.6,27.2,27.1,27.3,27.1,27.3,27.2,27.4,26.8,27.1,26.9,27.0,27.0,27.1,26.7,27.5,26.7,27.2,27.2,27.3,27.2,27.3,26.9,27.1,27.2,26.9,27.3,27.0,27.1,27.1,27.2,27.3,27.4,27.1,27.0,27.2,27.1,27.3,27.6,27.2,27.2,27.1,27.4,27.2,26.8,27.3,27.4,27.2,27.3,27.2,27.0,27.4,27.3,27.2,27.5,27.6,27.3,27.3,27.4,27.5,27.5,27.3,27.6,27.5,27.4,27.6,27.3,27.4,27.5,27.4,27.3,27.7,27.4,27.3,27.5,27.4,,,,,,,,,,,,
CT1-ALL.KWH,(度數            ),kW h,52712,52712,52712,52712,52712,52712,52712,52712,52712,52712,52712,52712,52712,52712,52712,52712,52712,52712,52712,52712,52712,52712,52712,52712,52712,52712,52712,52712,52712,52712,52712,52712,52712,52712,52712,52712,52712,52712,52712,52712,52712,52712,52712,52712,52712,52712,52712,52712,52712,52712,52712,52713,52716,52719,52723,52728,52732,52737,52741,52746,52750,52755,52759,52764,52769,52773,52778,52782,52787,52791,52793,52800,52805,52809,52814,52818,52823,52827,52832,52836,52841,52846,52850,52855,52859,52864,52868,52873,52877,52882,52886,52891,52895,52900,52904,52909,52913,52918,52923,52927,52932,52936,52941,52945,52950,52954,52959,52963,52968,52972,52977,52982,52986,52991,52995,53000,53005,53009,53014,53018,53023,53027,53032,53037,53041,53046,53050,53055,53059,53064,53069,53073,,,,,,,,,,,,
CT2-1.KWH,(度數            ),kW h,11932,11932,11932,11932,11932,11932,11932,11932,11932,11932,11932,11932,11932,11932,11932,11932,11932,11932,11932,11932,11932,11932,11932,11932,11932,11932,11932,11932,11932,11932,11932,11932,11932,11932,11932,11932,11932,11932,11932,11932,11932,11932,11932,11932,11932,11932,11932,11932,11932,11932,11932,11932,11932,11932,11932,11932,11932,11932,11932,11932,11932,11932,11932,11932,11932,11932,11932,11932,11932,11932,11932,11932,11932,11932,11932,11932,11932,11932,11932,11932,11932,11932,11932,11932,11932,11932,11932,11932,11932,11932,11932,11932,11932,11932,11932,11932,11932,11932,11932,11932,11932,11932,11932,11932,11932,11932,11932,11932,11932,11932,11932,11932,11932,11932,11932,11932,11932,11932,11932,11932,11932,11932,11932,11932,11932,11932,11932,11932,11932,11932,11932,11932,,,,,,,,,,,,
CT2-1:KW,(                ),kW,0.0,0.0,0.0,0.0,0.0,0.0,0.0,0.0,0.0,0.0,0.0,0.0,0.0,0.0,0.0,0.0,0.0,0.0,0.0,0.0,0.0,0.0,0.0,0.0,0.0,0.0,0.0,0.0,0.0,0.0,0.0,0.0,0.0,0.0,0.0,0.0,0.0,0.0,0.0,0.0,0.0,0.0,0.0,0.0,0.0,0.0,0.0,0.0,0.0,0.0,0.0,0.0,0.0,0.0,0.0,0.0,0.0,0.0,0.0,0.0,0.0,0.0,0.0,0.0,0.0,0.0,0.0,0.0,0.0,0.0,0.0,0.0,0.0,0.0,0.0,0.0,0.0,0.0,0.0,0.0,0.0,0.0,0.0,0.0,0.0,0.0,0.0,0.0,0.0,0.0,0.0,0.0,0.0,0.0,0.0,0.0,0.0,0.0,0.0,0.0,0.0,0.0,0.0,0.0,0.0,0.0,0.0,0.0,0.0,0.0,0.0,0.0,0.0,0.0,0.0,0.0,0.0,0.0,0.0,0.0,0.0,0.0,0.0,0.0,0.0,0.0,0.0,0.0,0.0,0.0,0.0,0.0,,,,,,,,,,,,
CT2-2.KWH,(度數            ),kW h,11600,11600,11600,11600,11600,11600,11600,11600,11600,11600,11600,11600,11600,11600,11600,11600,11600,11600,11600,11600,11600,11600,11600,11600,11600,11600,11600,11600,11600,11600,11600,11600,11600,11600,11600,11600,11600,11600,11600,11600,11600,11600,11600,11600,11600,11600,11600,11600,11600,11600,11600,11600,11600,11600,11600,11600,11600,11600,11600,11600,11600,11600,11600,11600,11600,11600,11600,11600,11600,11600,11600,11600,11600,11600,11600,11600,11600,11600,11600,11600,11600,11600,11600,11600,11600,11600,11600,11600,11600,11600,11600,11600,11600,11600,11600,11600,11600,11600,11600,11600,11600,11600,11600,11600,11600,11600,11600,11600,11600,11600,11600,11600,11600,11600,11600,11600,11600,11600,11600,11600,11600,11600,11600,11600,11600,11600,11600,11600,11600,11600,11600,11600,,,,,,,,,,,,
CT2-2:KW,(                ),kW,0.0,0.0,0.0,0.0,0.0,0.0,0.0,0.0,0.0,0.0,0.0,0.0,0.0,0.0,0.0,0.0,0.0,0.0,0.0,0.0,0.0,0.0,0.0,0.0,0.0,0.0,0.0,0.0,0.0,0.0,0.0,0.0,0.0,0.0,0.0,0.0,0.0,0.0,0.0,0.0,0.0,0.0,0.0,0.0,0.0,0.0,0.0,0.0,0.0,0.0,0.0,0.0,0.0,0.0,0.0,0.0,0.0,0.0,0.0,0.0,0.0,0.0,0.0,0.0,0.0,0.0,0.0,0.0,0.0,0.0,0.0,0.0,0.0,0.0,0.0,0.0,0.0,0.0,0.0,0.0,0.0,0.0,0.0,0.0,0.0,0.0,0.0,0.0,0.0,0.0,0.0,0.0,0.0,0.0,0.0,0.0,0.0,0.0,0.0,0.0,0.0,0.0,0.0,0.0,0.0,0.0,0.0,0.0,0.0,0.0,0.0,0.0,0.0,0.0,0.0,0.0,0.0,0.0,0.0,0.0,0.0,0.0,0.0,0.0,0.0,0.0,0.0,0.0,0.0,0.0,0.0,0.0,,,,,,,,,,,,
CT2-3.KWH,(度數            ),kW h,11415,11415,11415,11415,11415,11415,11415,11415,11415,11415,11415,11415,11415,11415,11415,11415,11415,11415,11415,11415,11415,11415,11415,11415,11415,11415,11415,11415,11415,11415,11415,11415,11415,11415,11415,11415,11415,11415,11415,11415,11415,11415,11415,11415,11415,11415,11415,11415,11415,11415,11415,11415,11415,11415,11415,11415,11415,11415,11415,11415,11415,11415,11415,11415,11415,11415,11415,11415,11415,11415,11415,11415,11415,11415,11415,11415,11415,11415,11415,11415,11415,11415,11415,11415,11415,11415,11415,11415,11415,11415,11415,11415,11415,11415,11415,11415,11415,11415,11415,11415,11415,11415,11415,11415,11415,11415,11415,11415,11415,11415,11415,11415,11415,11415,11415,11415,11415,11415,11415,11415,11415,11415,11415,11415,11415,11415,11415,11415,11415,11415,11415,11415,,,,,,,,,,,,
CT2-3:KW,(                ),kW,0.0,0.0,0.0,0.0,0.0,0.0,0.0,0.0,0.0,0.0,0.0,0.0,0.0,0.0,0.0,0.0,0.0,0.0,0.0,0.0,0.0,0.0,0.0,0.0,0.0,0.0,0.0,0.0,0.0,0.0,0.0,0.0,0.0,0.0,0.0,0.0,0.0,0.0,0.0,0.0,0.0,0.0,0.0,0.0,0.0,0.0,0.0,0.0,0.0,0.0,0.0,0.0,0.0,0.0,0.0,0.0,0.0,0.0,0.0,0.0,0.0,0.0,0.0,0.0,0.0,0.0,0.0,0.0,0.0,0.0,0.0,0.0,0.0,0.0,0.0,0.0,0.0,0.0,0.0,0.0,0.0,0.0,0.0,0.0,0.0,0.0,0.0,0.0,0.0,0.0,0.0,0.0,0.0,0.0,0.0,0.0,0.0,0.0,0.0,0.0,0.0,0.0,0.0,0.0,0.0,0.0,0.0,0.0,0.0,0.0,0.0,0.0,0.0,0.0,0.0,0.0,0.0,0.0,0.0,0.0,0.0,0.0,0.0,0.0,0.0,0.0,0.0,0.0,0.0,0.0,0.0,0.0,,,,,,,,,,,,
CT2-4.KWH,(度數            ),kW h,11759,11759,11759,11759,11759,11759,11759,11759,11759,11759,11759,11759,11759,11759,11759,11759,11759,11759,11759,11759,11759,11759,11759,11759,11759,11759,11759,11759,11759,11759,11759,11759,11759,11759,11759,11759,11759,11759,11759,11759,11759,11759,11759,11759,11759,11759,11759,11759,11759,11759,11759,11759,11759,11759,11759,11759,11759,11759,11759,11759,11759,11759,11759,11759,11759,11759,11759,11759,11759,11759,11759,11759,11759,11759,11759,11759,11759,11759,11759,11759,11759,11759,11759,11759,11759,11759,11759,11759,11759,11759,11759,11759,11759,11759,11759,11759,11759,11759,11759,11759,11759,11759,11759,11759,11759,11759,11759,11759,11759,11759,11759,11759,11759,11759,11759,11759,11759,11759,11759,11759,11759,11759,11759,11759,11759,11759,11759,11759,11759,11759,11759,11759,,,,,,,,,,,,
CT2-4:KW,(                ),kW,0.0,0.0,0.0,0.0,0.0,0.0,0.0,0.0,0.0,0.0,0.0,0.0,0.0,0.0,0.0,0.0,0.0,0.0,0.0,0.0,0.0,0.0,0.0,0.0,0.0,0.0,0.0,0.0,0.0,0.0,0.0,0.0,0.0,0.0,0.0,0.0,0.0,0.0,0.0,0.0,0.0,0.0,0.0,0.0,0.0,0.0,0.0,0.0,0.0,0.0,0.0,0.0,0.0,0.0,0.0,0.0,0.0,0.0,0.0,0.0,0.0,0.0,0.0,0.0,0.0,0.0,0.0,0.0,0.0,0.0,0.0,0.0,0.0,0.0,0.0,0.0,0.0,0.0,0.0,0.0,0.0,0.0,0.0,0.0,0.0,0.0,0.0,0.0,0.0,0.0,0.0,0.0,0.0,0.0,0.0,0.0,0.0,0.0,0.0,0.0,0.0,0.0,0.0,0.0,0.0,0.0,0.0,0.0,0.0,0.0,0.0,0.0,0.0,0.0,0.0,0.0,0.0,0.0,0.0,0.0,0.0,0.0,0.0,0.0,0.0,0.0,0.0,0.0,0.0,0.0,0.0,0.0,,,,,,,,,,,,
CT2-ALL.KW,(冷卻水塔系統功率),,0.0,0.0,0.0,0.0,0.0,0.0,0.0,0.0,0.0,0.0,0.0,0.0,0.0,0.0,0.0,0.0,0.0,0.0,0.0,0.0,0.0,0.0,0.0,0.0,0.0,0.0,0.0,0.0,0.0,0.0,0.0,0.0,0.0,0.0,0.0,0.0,0.0,0.0,0.0,0.0,0.0,0.0,0.0,0.0,0.0,0.0,0.0,0.0,0.0,0.0,0.0,0.0,0.0,0.0,0.0,0.0,0.0,0.0,0.0,0.0,0.0,0.0,0.0,0.0,0.0,0.0,0.0,0.0,0.0,0.0,0.0,0.0,0.0,0.0,0.0,0.0,0.0,0.0,0.0,0.0,0.0,0.0,0.0,0.0,0.0,0.0,0.0,0.0,0.0,0.0,0.0,0.0,0.0,0.0,0.0,0.0,0.0,0.0,0.0,0.0,0.0,0.0,0.0,0.0,0.0,0.0,0.0,0.0,0.0,0.0,0.0,0.0,0.0,0.0,0.0,0.0,0.0,0.0,0.0,0.0,0.0,0.0,0.0,0.0,0.0,0.0,0.0,0.0,0.0,0.0,0.0,0.0,,,,,,,,,,,,
CT2-ALL.KWH,(度數            ),kW h,46707,46707,46707,46707,46707,46707,46707,46707,46707,46707,46707,46707,46707,46707,46707,46707,46707,46707,46707,46707,46707,46707,46707,46707,46707,46707,46707,46707,46707,46707,46707,46707,46707,46707,46707,46707,46707,46707,46707,46707,46707,46707,46707,46707,46707,46707,46707,46707,46707,46707,46707,46707,46707,46707,46707,46707,46707,46707,46707,46707,46707,46707,46707,46707,46707,46707,46707,46707,46707,46707,46707,46707,46707,46707,46707,46707,46707,46707,46707,46707,46707,46707,46707,46707,46707,46707,46707,46707,46707,46707,46707,46707,46707,46707,46707,46707,46707,46707,46707,46707,46707,46707,46707,46707,46707,46707,46707,46707,46707,46707,46707,46707,46707,46707,46707,46707,46707,46707,46707,46707,46707,46707,46707,46707,46707,46707,46707,46707,46707,46707,46707,46707,,,,,,,,,,,,
CT3-1.KWH,(度數            ),kW h,6605,6605,6605,6605,6605,6605,6605,6605,6605,6605,6605,6605,6605,6605,6605,6605,6605,6605,6605,6605,6605,6605,6605,6605,6605,6605,6605,6605,6605,6605,6605,6605,6605,6605,6605,6605,6605,6605,6605,6605,6605,6605,6605,6605,6605,6605,6605,6605,6605,6605,6605,6605,6605,6605,6605,6605,6605,6605,6605,6605,6605,6605,6605,6605,6605,6605,6605,6605,6605,6605,6605,6605,6605,6605,6605,6605,6605,6605,6605,6605,6605,6605,6605,6605,6605,6605,6605,6605,6605,6605,6605,6605,6605,6605,6605,6605,6605,6605,6605,6605,6605,6605,6605,6605,6605,6605,6605,6605,6605,6605,6605,6605,6605,6605,6605,6605,6605,6605,6605,6605,6605,6605,6605,6605,6605,6605,6605,6605,6605,6605,6605,6605,,,,,,,,,,,,
CT3-1:KW,(                ),kW,0.0,0.0,0.0,0.0,0.0,0.0,0.0,0.0,0.0,0.0,0.0,0.0,0.0,0.0,0.0,0.0,0.0,0.0,0.0,0.0,0.0,0.0,0.0,0.0,0.0,0.0,0.0,0.0,0.0,0.0,0.0,0.0,0.0,0.0,0.0,0.0,0.0,0.0,0.0,0.0,0.0,0.0,0.0,0.0,0.0,0.0,0.0,0.0,0.0,0.0,0.0,0.0,0.0,0.0,0.0,0.0,0.0,0.0,0.0,0.0,0.0,0.0,0.0,0.0,0.0,0.0,0.0,0.0,0.0,0.0,0.0,0.0,0.0,0.0,0.0,0.0,0.0,0.0,0.0,0.0,0.0,0.0,0.0,0.0,0.0,0.0,0.0,0.0,0.0,0.0,0.0,0.0,0.0,0.0,0.0,0.0,0.0,0.0,0.0,0.0,0.0,0.0,0.0,0.0,0.0,0.0,0.0,0.0,0.0,0.0,0.0,0.0,0.0,0.0,0.0,0.0,0.0,0.0,0.0,0.0,0.0,0.0,0.0,0.0,0.0,0.0,0.0,0.0,0.0,0.0,0.0,0.0,,,,,,,,,,,,
CT3-2.KWH,(度數            ),kW h,7411,7411,7411,7411,7411,7411,7411,7411,7411,7411,7411,7411,7411,7411,7411,7411,7411,7411,7411,7411,7411,7411,7411,7411,7411,7411,7411,7411,7411,7411,7411,7411,7411,7411,7411,7411,7411,7411,7411,7411,7411,7411,7411,7411,7411,7411,7411,7411,7411,7411,7411,7411,7411,7411,7411,7411,7411,7411,7411,7411,7411,7411,7411,7411,7411,7411,7411,7411,7411,7411,7411,7411,7411,7411,7411,7411,7411,7411,7411,7411,7411,7411,7411,7411,7411,7411,7411,7411,7411,7411,7411,7411,7411,7411,7411,7411,7411,7411,7411,7411,7411,7411,7411,7411,7411,7411,7411,7411,7411,7411,7411,7411,7411,7411,7411,7411,7411,7411,7411,7411,7411,7411,7411,7411,7411,7411,7411,7411,7411,7411,7411,7411,,,,,,,,,,,,
CT3-2:KW,(                ),kW,0.0,0.0,0.0,0.0,0.0,0.0,0.0,0.0,0.0,0.0,0.0,0.0,0.0,0.0,0.0,0.0,0.0,0.0,0.0,0.0,0.0,0.0,0.0,0.0,0.0,0.0,0.0,0.0,0.0,0.0,0.0,0.0,0.0,0.0,0.0,0.0,0.0,0.0,0.0,0.0,0.0,0.0,0.0,0.0,0.0,0.0,0.0,0.0,0.0,0.0,0.0,0.0,0.0,0.0,0.0,0.0,0.0,0.0,0.0,0.0,0.0,0.0,0.0,0.0,0.0,0.0,0.0,0.0,0.0,0.0,0.0,0.0,0.0,0.0,0.0,0.0,0.0,0.0,0.0,0.0,0.0,0.0,0.0,0.0,0.0,0.0,0.0,0.0,0.0,0.0,0.0,0.0,0.0,0.0,0.0,0.0,0.0,0.0,0.0,0.0,0.0,0.0,0.0,0.0,0.0,0.0,0.0,0.0,0.0,0.0,0.0,0.0,0.0,0.0,0.0,0.0,0.0,0.0,0.0,0.0,0.0,0.0,0.0,0.0,0.0,0.0,0.0,0.0,0.0,0.0,0.0,0.0,,,,,,,,,,,,
CT3-3.KWH,(度數            ),kW h,7755,7755,7755,7755,7755,7755,7755,7755,7755,7755,7755,7755,7755,7755,7755,7755,7755,7755,7755,7755,7755,7755,7755,7755,7755,7755,7755,7755,7755,7755,7755,7755,7755,7755,7755,7755,7755,7755,7755,7755,7755,7755,7755,7755,7755,7755,7755,7755,7755,7755,7755,7755,7755,7755,7755,7755,7755,7755,7755,7755,7755,7755,7755,7755,7755,7755,7755,7755,7755,7755,7755,7755,7755,7755,7755,7755,7755,7755,7755,7755,7755,7755,7755,7755,7755,7755,7755,7755,7755,7755,7755,7755,7755,7755,7755,7755,7755,7755,7755,7755,7755,7755,7755,7755,7755,7755,7755,7755,7755,7755,7755,7755,7755,7755,7755,7755,7755,7755,7755,7755,7755,7755,7755,7755,7755,7755,7755,7755,7755,7755,7755,7755,,,,,,,,,,,,
CT3-3:KW,(                ),kW,0.0,0.0,0.0,0.0,0.0,0.0,0.0,0.0,0.0,0.0,0.0,0.0,0.0,0.0,0.0,0.0,0.0,0.0,0.0,0.0,0.0,0.0,0.0,0.0,0.0,0.0,0.0,0.0,0.0,0.0,0.0,0.0,0.0,0.0,0.0,0.0,0.0,0.0,0.0,0.0,0.0,0.0,0.0,0.0,0.0,0.0,0.0,0.0,0.0,0.0,0.0,0.0,0.0,0.0,0.0,0.0,0.0,0.0,0.0,0.0,0.0,0.0,0.0,0.0,0.0,0.0,0.0,0.0,0.0,0.0,0.0,0.0,0.0,0.0,0.0,0.0,0.0,0.0,0.0,0.0,0.0,0.0,0.0,0.0,0.0,0.0,0.0,0.0,0.0,0.0,0.0,0.0,0.0,0.0,0.0,0.0,0.0,0.0,0.0,0.0,0.0,0.0,0.0,0.0,0.0,0.0,0.0,0.0,0.0,0.0,0.0,0.0,0.0,0.0,0.0,0.0,0.0,0.0,0.0,0.0,0.0,0.0,0.0,0.0,0.0,0.0,0.0,0.0,0.0,0.0,0.0,0.0,,,,,,,,,,,,
CT3-4.KWH,(度數            ),kW h,7813,7813,7813,7813,7813,7813,7813,7813,7813,7813,7813,7813,7813,7813,7813,7813,7813,7813,7813,7813,7813,7813,7813,7813,7813,7813,7813,7813,7813,7813,7813,7813,7813,7813,7813,7813,7813,7813,7813,7813,7813,7813,7813,7813,7813,7813,7813,7813,7813,7813,7813,7813,7813,7813,7813,7813,7813,7813,7813,7813,7813,7813,7813,7813,7813,7813,7813,7813,7813,7813,7813,7813,7813,7813,7813,7813,7813,7813,7813,7813,7813,7813,7813,7813,7813,7813,7813,7813,7813,7813,7813,7813,7813,7813,7813,7813,7813,7813,7813,7813,7813,7813,7813,7813,7813,7813,7813,7813,7813,7813,7813,7813,7813,7813,7813,7813,7813,7813,7813,7813,7813,7813,7813,7813,7813,7813,7813,7813,7813,7813,7813,7813,,,,,,,,,,,,
CT3-4:KW,(                ),kW,0.0,0.0,0.0,0.0,0.0,0.0,0.0,0.0,0.0,0.0,0.0,0.0,0.0,0.0,0.0,0.0,0.0,0.0,0.0,0.0,0.0,0.0,0.0,0.0,0.0,0.0,0.0,0.0,0.0,0.0,0.0,0.0,0.0,0.0,0.0,0.0,0.0,0.0,0.0,0.0,0.0,0.0,0.0,0.0,0.0,0.0,0.0,0.0,0.0,0.0,0.0,0.0,0.0,0.0,0.0,0.0,0.0,0.0,0.0,0.0,0.0,0.0,0.0,0.0,0.0,0.0,0.0,0.0,0.0,0.0,0.0,0.0,0.0,0.0,0.0,0.0,0.0,0.0,0.0,0.0,0.0,0.0,0.0,0.0,0.0,0.0,0.0,0.0,0.0,0.0,0.0,0.0,0.0,0.0,0.0,0.0,0.0,0.0,0.0,0.0,0.0,0.0,0.0,0.0,0.0,0.0,0.0,0.0,0.0,0.0,0.0,0.0,0.0,0.0,0.0,0.0,0.0,0.0,0.0,0.0,0.0,0.0,0.0,0.0,0.0,0.0,0.0,0.0,0.0,0.0,0.0,0.0,,,,,,,,,,,,
CT3-ALL.KW,(冷卻水塔系統功率),,0.0,0.0,0.0,0.0,0.0,0.0,0.0,0.0,0.0,0.0,0.0,0.0,0.0,0.0,0.0,0.0,0.0,0.0,0.0,0.0,0.0,0.0,0.0,0.0,0.0,0.0,0.0,0.0,0.0,0.0,0.0,0.0,0.0,0.0,0.0,0.0,0.0,0.0,0.0,0.0,0.0,0.0,0.0,0.0,0.0,0.0,0.0,0.0,0.0,0.0,0.0,0.0,0.0,0.0,0.0,0.0,0.0,0.0,0.0,0.0,0.0,0.0,0.0,0.0,0.0,0.0,0.0,0.0,0.0,0.0,0.0,0.0,0.0,0.0,0.0,0.0,0.0,0.0,0.0,0.0,0.0,0.0,0.0,0.0,0.0,0.0,0.0,0.0,0.0,0.0,0.0,0.0,0.0,0.0,0.0,0.0,0.0,0.0,0.0,0.0,0.0,0.0,0.0,0.0,0.0,0.0,0.0,0.0,0.0,0.0,0.0,0.0,0.0,0.0,0.0,0.0,0.0,0.0,0.0,0.0,0.0,0.0,0.0,0.0,0.0,0.0,0.0,0.0,0.0,0.0,0.0,0.0,,,,,,,,,,,,
CT3-ALL.KWH,(度數            ),kW h,29586,29586,29586,29586,29586,29586,29586,29586,29586,29586,29586,29586,29586,29586,29586,29586,29586,29586,29586,29586,29586,29586,29586,29586,29586,29586,29586,29586,29586,29586,29586,29586,29586,29586,29586,29586,29586,29586,29586,29586,29586,29586,29586,29586,29586,29586,29586,29586,29586,29586,29586,29586,29586,29586,29586,29586,29586,29586,29586,29586,29586,29586,29586,29586,29586,29586,29586,29586,29586,29586,29586,29586,29586,29586,29586,29586,29586,29586,29586,29586,29586,29586,29586,29586,29586,29586,29586,29586,29586,29586,29586,29586,29586,29586,29586,29586,29586,29586,29586,29586,29586,29586,29586,29586,29586,29586,29586,29586,29586,29586,29586,29586,29586,29586,29586,29586,29586,29586,29586,29586,29586,29586,29586,29586,29586,29586,29586,29586,29586,29586,29586,29586,,,,,,,,,,,,
CT4-1.KWH,(度數            ),kW h,13581,13581,13581,13581,13581,13581,13581,13581,13581,13581,13581,13581,13581,13581,13581,13581,13581,13581,13581,13581,13581,13581,13581,13581,13581,13581,13581,13581,13581,13581,13581,13581,13581,13581,13581,13581,13581,13581,13581,13581,13581,13581,13581,13581,13581,13581,13581,13581,13581,13581,13581,13581,13581,13581,13582,13583,13584,13585,13586,13587,13588,13589,13590,13591,13593,13594,13595,13596,13597,13598,13599,13600,13601,13603,13604,13605,13606,13607,13608,13609,13610,13611,13612,13614,13615,13616,13617,13618,13619,13620,13621,13622,13623,13625,13626,13627,13628,13629,13630,13631,13632,13633,13635,13636,13637,13638,13639,13640,13641,13642,13643,13644,13646,13647,13648,13649,13650,13651,13652,13653,13654,13656,13657,13658,13659,13660,13661,13662,13663,13664,13664,13664,,,,,,,,,,,,
CT4-1:KW,(                ),kW,0.0,0.0,0.0,0.0,0.0,0.0,0.0,0.0,0.0,0.0,0.0,0.0,0.0,0.0,0.0,0.0,0.0,0.0,0.0,0.0,0.0,0.0,0.0,0.0,0.0,0.0,0.0,0.0,0.0,0.0,0.0,0.0,0.0,0.0,0.0,0.0,0.0,0.0,0.0,0.0,0.0,0.0,0.0,0.0,0.0,0.0,0.0,0.0,0.0,0.0,0.0,0.0,0.0,1.1,1.2,6.7,6.6,6.7,6.6,6.7,6.6,6.6,6.4,6.6,6.5,6.6,6.5,6.6,6.6,6.5,6.6,6.7,6.4,6.6,6.6,6.6,6.6,6.7,6.6,6.6,6.5,6.6,6.6,6.5,6.5,6.6,6.6,6.6,6.8,6.7,6.6,6.6,6.6,6.6,6.7,6.6,6.9,6.6,6.6,6.5,6.6,6.5,6.6,6.8,6.6,6.4,6.6,6.6,6.6,6.6,6.7,6.8,6.6,6.8,6.9,6.7,6.7,6.8,6.8,6.8,6.6,6.6,6.7,6.7,6.7,6.6,6.7,6.7,6.6,0.0,0.0,0.0,,,,,,,,,,,,
CT4-2.KWH,(度數            ),kW h,8397,8397,8397,8397,8397,8397,8397,8397,8397,8397,8397,8397,8397,8397,8397,8397,8397,8397,8397,8397,8397,8397,8397,8397,8397,8397,8397,8397,8397,8397,8397,8397,8397,8397,8397,8397,8397,8397,8397,8397,8397,8397,8397,8397,8397,8397,8397,8397,8397,8397,8397,8397,8397,8397,8398,8398,8399,8399,8400,8400,8401,8402,8402,8403,8403,8404,8404,8405,8405,8406,8406,8407,8408,8408,8409,8409,8410,8410,8411,8412,8412,8413,8413,8414,8414,8415,8416,8416,8417,8417,8418,8418,8419,8419,8420,8421,8421,8422,8422,8423,8423,8424,8425,8425,8426,8426,8427,8427,8428,8428,8429,8430,8430,8431,8431,8432,8432,8433,8434,8434,8435,8435,8436,8436,8437,8437,8438,8439,8439,8440,8440,8440,,,,,,,,,,,,
CT4-2:KW,(                ),kW,0.0,0.0,0.0,0.0,0.0,0.0,0.0,0.0,0.0,0.0,0.0,0.0,0.0,0.0,0.0,0.0,0.0,0.0,0.0,0.0,0.0,0.0,0.0,0.0,0.0,0.0,0.0,0.0,0.0,0.0,0.0,0.0,0.0,0.0,0.0,0.0,0.0,0.0,0.0,0.0,0.0,0.0,0.0,0.0,0.0,0.0,0.0,0.0,0.0,0.0,0.0,0.0,0.0,0.7,0.7,3.3,3.3,3.3,3.4,3.2,3.4,3.2,3.4,3.3,3.2,3.2,3.3,3.5,3.4,3.5,3.4,3.4,3.2,3.2,3.3,3.5,3.3,3.4,3.3,3.4,3.5,3.3,3.3,3.4,3.5,3.4,3.3,3.2,3.4,3.4,3.5,3.3,3.5,3.1,3.4,3.4,3.2,3.3,3.4,3.5,3.4,3.3,3.3,3.2,3.4,3.5,3.4,3.4,3.5,3.4,3.3,3.3,3.5,3.3,3.4,3.4,3.5,3.3,3.5,3.4,3.3,3.4,3.3,3.3,3.2,3.4,3.4,3.3,3.3,0.0,0.0,0.0,,,,,,,,,,,,
CT4-3.KWH,(度數            ),kW h,12877,12877,12877,12877,12877,12877,12877,12877,12877,12877,12877,12877,12877,12877,12877,12877,12877,12877,12877,12877,12877,12877,12877,12877,12877,12877,12877,12877,12877,12877,12877,12877,12877,12877,12877,12877,12877,12877,12877,12877,12877,12877,12877,12877,12877,12877,12877,12877,12877,12877,12877,12877,12877,12878,12878,12879,12880,12881,12882,12883,12885,12886,12887,12888,12889,12890,12891,12892,12893,12894,12895,12896,12898,12899,12900,12901,12902,12903,12904,12905,12906,12907,12908,12909,12910,12912,12913,12914,12915,12916,12917,12918,12919,12920,12921,12922,12923,12925,12926,12927,12928,12929,12930,12931,12932,12933,12934,12935,12936,12937,12939,12940,12941,12942,12943,12944,12945,12946,12947,12948,12949,12951,12952,12953,12954,12955,12956,12957,12958,12959,12959,12959,,,,,,,,,,,,
CT4-3:KW,(                ),kW,0.0,0.0,0.0,0.0,0.0,0.0,0.0,0.0,0.0,0.0,0.0,0.0,0.0,0.0,0.0,0.0,0.0,0.0,0.0,0.0,0.0,0.0,0.0,0.0,0.0,0.0,0.0,0.0,0.0,0.0,0.0,0.0,0.0,0.0,0.0,0.0,0.0,0.0,0.0,0.0,0.0,0.0,0.0,0.0,0.0,0.0,0.0,0.0,0.0,0.0,0.0,0.0,0.0,1.2,1.1,6.6,6.6,6.3,6.5,6.5,6.5,6.3,6.4,6.6,6.5,6.7,6.6,6.5,6.6,6.5,6.6,6.5,6.5,6.5,6.3,6.5,6.4,6.4,6.5,6.5,6.4,6.4,6.4,6.4,6.4,6.6,6.5,6.4,6.6,6.6,6.6,6.4,6.5,6.6,6.5,6.4,6.4,6.5,6.5,6.4,6.5,6.6,6.4,6.5,6.6,6.5,6.5,6.5,6.6,6.5,6.4,6.5,6.5,6.5,6.7,6.6,6.5,6.5,6.5,6.4,6.5,6.6,6.5,6.5,6.5,6.5,6.5,6.5,6.3,0.0,0.0,0.0,,,,,,,,,,,,
CT4-4.KWH,(度數            ),kW h,10954,10954,10954,10954,10954,10954,10954,10954,10954,10954,10954,10954,10954,10954,10954,10954,10954,10954,10954,10954,10954,10954,10954,10954,10954,10954,10954,10954,10954,10954,10954,10954,10954,10954,10954,10954,10954,10954,10954,10954,10954,10954,10954,10954,10954,10954,10954,10954,10954,10954,10954,10954,10954,10955,10955,10956,10957,10959,10960,10961,10962,10963,10964,10965,10966,10967,10968,10969,10971,10972,10972,10974,10975,10976,10977,10978,10979,10980,10981,10983,10984,10985,10986,10987,10988,10989,10990,10991,10992,10993,10995,10996,10997,10998,10999,11000,11001,11002,11003,11004,11006,11007,11008,11009,11010,11011,11012,11013,11014,11015,11016,11018,11019,11020,11021,11022,11023,11024,11025,11026,11027,11028,11030,11031,11032,11033,11034,11035,11036,11037,11037,11037,,,,,,,,,,,,
CT4-4:KW,(                ),kW,0.0,0.0,0.0,0.0,0.0,0.0,0.0,0.0,0.0,0.0,0.0,0.0,0.0,0.0,0.0,0.0,0.0,0.0,0.0,0.0,0.0,0.0,0.0,0.0,0.0,0.0,0.0,0.0,0.0,0.0,0.0,0.0,0.0,0.0,0.0,0.0,0.0,0.0,0.0,0.0,0.0,0.0,0.0,0.0,0.0,0.0,0.0,0.0,0.0,0.0,0.0,0.0,0.0,1.2,1.2,6.5,6.7,6.6,6.6,6.7,6.5,6.6,6.7,6.6,6.5,6.5,6.8,6.6,6.5,6.5,6.3,6.7,6.6,6.6,6.6,6.5,6.7,6.5,6.7,6.6,6.7,6.5,6.5,6.6,6.8,6.5,6.5,6.6,6.5,6.6,6.4,6.4,6.6,6.7,6.6,6.7,6.8,6.6,6.6,6.6,6.5,6.4,6.4,6.7,6.7,6.4,6.4,6.7,6.5,6.7,6.5,6.7,6.5,6.5,6.8,6.5,6.7,6.8,6.4,6.5,6.7,6.7,6.5,6.5,6.7,6.6,6.5,6.6,6.4,0.0,0.0,0.0,,,,,,,,,,,,
CT4-ALL.KW,(冷卻水塔系統功率),,0.0,0.0,0.0,0.0,0.0,0.0,0.0,0.0,0.0,0.0,0.0,0.0,0.0,0.0,0.0,0.0,0.0,0.0,0.0,0.0,0.0,0.0,0.0,0.0,0.0,0.0,0.0,0.0,0.0,0.0,0.0,0.0,0.0,0.0,0.0,0.0,0.0,0.0,0.0,0.0,0.0,0.0,0.0,0.0,0.0,0.0,0.0,0.0,0.0,0.0,0.0,0.0,0.0,4.2,4.3,23.0,23.2,23.0,23.1,23.0,23.2,22.8,23.0,23.1,22.8,23.0,23.2,23.3,23.1,23.0,23.0,23.3,22.7,22.9,22.9,23.1,23.0,22.9,23.1,23.2,23.1,22.9,22.8,22.9,23.2,23.1,22.9,22.9,23.3,23.2,23.1,22.8,23.2,23.1,23.1,23.1,23.3,23.0,23.0,23.0,23.0,22.8,22.7,23.1,23.2,22.9,22.9,23.3,23.1,23.2,22.9,23.3,23.1,23.1,23.7,23.2,23.4,23.4,23.3,23.1,23.1,23.3,23.0,23.0,23.1,23.1,23.1,23.1,22.6,0.0,0.0,0.0,,,,,,,,,,,,
CT4-ALL.KWH,(度數            ),kW h,45811,45811,45811,45811,45811,45811,45811,45811,45811,45811,45811,45811,45811,45811,45811,45811,45811,45811,45811,45811,45811,45811,45811,45811,45811,45811,45811,45811,45811,45811,45811,45811,45811,45811,45811,45811,45811,45811,45811,45811,45811,45811,45811,45811,45811,45811,45811,45811,45811,45811,45811,45811,45811,45814,45814,45818,45822,45825,45829,45833,45837,45841,45845,45849,45852,45856,45860,45864,45868,45871,45873,45879,45883,45887,45891,45895,45898,45902,45906,45910,45914,45918,45921,45925,45929,45933,45937,45941,45944,45948,45952,45956,45960,45964,45967,45971,45975,45979,45983,45987,45990,45994,45998,46002,46006,46010,46014,46017,46021,46025,46029,46033,46037,46040,46044,46048,46052,46056,46060,46064,46067,46071,46075,46079,46083,46087,46091,46094,46098,46102,46102,46102,,,,,,,,,,,,
CT5-1.KWH,(度數            ),kW h,14736,14736,14736,14736,14736,14736,14736,14736,14736,14736,14736,14736,14736,14736,14736,14736,14736,14736,14736,14736,14736,14736,14736,14736,14736,14736,14736,14736,14736,14736,14736,14736,14736,14736,14736,14736,14736,14736,14736,14736,14736,14736,14736,14736,14736,14736,14736,14736,14736,14736,14736,14736,14736,14736,14736,14736,14737,14738,14739,14740,14741,14742,14744,14745,14746,14747,14748,14749,14750,14751,14752,14753,14754,14755,14756,14757,14758,14760,14761,14762,14763,14764,14765,14766,14767,14768,14769,14770,14771,14773,14774,14775,14776,14777,14778,14779,14780,14781,14782,14783,14784,14785,14787,14788,14789,14790,14791,14792,14793,14794,14795,14796,14797,14798,14800,14801,14802,14803,14804,14805,14806,14806,14806,14806,14806,14806,14806,14806,14806,14806,14806,14806,,,,,,,,,,,,
CT5-1:KW,(                ),kW,0.0,0.0,0.0,0.0,0.0,0.0,0.0,0.0,0.0,0.0,0.0,0.0,0.0,0.0,0.0,0.0,0.0,0.0,0.0,0.0,0.0,0.0,0.0,0.0,0.0,0.0,0.0,0.0,0.0,0.0,0.0,0.0,0.0,0.0,0.0,0.0,0.0,0.0,0.0,0.0,0.0,0.0,0.0,0.0,0.0,0.0,0.0,0.0,0.0,0.0,0.0,0.0,0.0,0.0,6.7,1.2,6.6,6.6,6.3,6.6,6.7,6.4,6.5,6.6,6.4,6.6,6.4,6.4,6.6,6.6,6.7,6.6,6.2,6.3,6.3,6.5,6.6,6.5,6.6,6.6,6.3,6.5,6.5,6.2,6.7,6.8,6.5,6.4,6.6,6.4,6.4,6.4,6.6,6.5,6.5,6.5,6.6,6.4,6.5,6.6,6.7,6.4,6.3,6.4,6.4,6.2,6.6,6.7,6.4,6.4,6.5,6.6,6.5,6.3,6.5,6.6,6.8,6.8,6.7,6.6,0.0,0.0,0.0,0.0,0.0,0.0,0.0,0.0,0.0,0.0,0.0,0.0,,,,,,,,,,,,
CT5-2.KWH,(度數            ),kW h,14094,14094,14094,14094,14094,14094,14094,14094,14094,14094,14094,14094,14094,14094,14094,14094,14094,14094,14094,14094,14094,14094,14094,14094,14094,14094,14094,14094,14094,14094,14094,14094,14094,14094,14094,14094,14094,14094,14094,14094,14094,14094,14094,14094,14094,14094,14094,14094,14094,14094,14094,14094,14094,14094,14094,14095,14095,14096,14097,14098,14099,14100,14101,14102,14104,14105,14106,14107,14108,14109,14109,14111,14112,14113,14114,14115,14116,14117,14118,14119,14120,14121,14122,14123,14124,14125,14126,14127,14128,14129,14130,14131,14132,14134,14135,14136,14137,14138,14139,14140,14141,14142,14143,14144,14145,14146,14147,14148,14149,14150,14151,14152,14153,14154,14155,14156,14158,14159,14160,14161,14162,14162,14162,14162,14162,14162,14162,14162,14162,14162,14162,14162,,,,,,,,,,,,
CT5-2:KW,(                ),kW,0.0,0.0,0.0,0.0,0.0,0.0,0.0,0.0,0.0,0.0,0.0,0.0,0.0,0.0,0.0,0.0,0.0,0.0,0.0,0.0,0.0,0.0,0.0,0.0,0.0,0.0,0.0,0.0,0.0,0.0,0.0,0.0,0.0,0.0,0.0,0.0,0.0,0.0,0.0,0.0,0.0,0.0,0.0,0.0,0.0,0.0,0.0,0.0,0.0,0.0,0.0,0.0,0.0,0.0,6.2,1.1,6.4,6.6,6.3,5.9,6.5,6.2,6.3,6.3,6.0,6.4,6.1,6.2,6.2,6.3,6.6,6.3,6.3,6.0,6.2,5.9,6.3,6.2,6.1,6.2,6.1,6.3,5.9,6.2,6.4,6.4,6.3,6.3,6.1,6.3,6.3,6.4,6.4,6.3,6.3,6.2,6.1,6.1,6.0,6.0,6.5,6.7,6.2,6.1,6.3,6.6,6.2,6.1,6.1,6.4,6.3,6.2,6.3,6.5,6.2,6.6,6.5,6.2,6.5,6.5,0.0,0.0,0.0,0.0,0.0,0.0,0.0,0.0,0.0,0.0,0.0,0.0,,,,,,,,,,,,
CT5-3.KWH,(度數            ),kW h,12821,12821,12821,12821,12821,12821,12821,12821,12821,12821,12821,12821,12821,12821,12821,12821,12821,12821,12821,12821,12821,12821,12821,12821,12821,12821,12821,12821,12821,12821,12821,12821,12821,12821,12821,12821,12821,12821,12821,12821,12821,12821,12821,12821,12821,12821,12821,12821,12821,12821,12821,12821,12821,12821,12822,12822,12823,12824,12825,12826,12827,12828,12829,12830,12831,12832,12833,12834,12835,12836,12836,12838,12839,12840,12841,12842,12843,12844,12845,12846,12847,12848,12849,12850,12851,12852,12853,12854,12855,12856,12857,12858,12859,12860,12861,12862,12863,12864,12865,12866,12867,12868,12869,12870,12871,12872,12873,12874,12875,12876,12877,12878,12879,12880,12881,12882,12883,12884,12885,12886,12887,12887,12887,12887,12887,12887,12887,12887,12887,12887,12887,12887,,,,,,,,,,,,
CT5-3:KW,(                ),kW,0.0,0.0,0.0,0.0,0.0,0.0,0.0,0.0,0.0,0.0,0.0,0.0,0.0,0.0,0.0,0.0,0.0,0.0,0.0,0.0,0.0,0.0,0.0,0.0,0.0,0.0,0.0,0.0,0.0,0.0,0.0,0.0,0.0,0.0,0.0,0.0,0.0,0.0,0.0,0.0,0.0,0.0,0.0,0.0,0.0,0.0,0.0,0.0,0.0,0.0,0.0,0.0,0.0,0.0,6.0,1.1,6.0,6.3,6.2,6.0,6.0,6.0,6.1,6.0,5.9,6.1,6.1,6.2,5.9,6.0,6.1,6.0,5.9,6.1,6.1,6.1,6.1,6.1,6.0,5.9,6.1,5.9,6.0,5.9,6.1,6.1,5.8,6.1,6.0,6.0,6.1,6.0,5.9,6.1,6.0,6.1,6.2,6.0,5.9,5.9,6.0,6.0,6.1,6.1,6.0,6.1,6.1,6.1,6.1,6.1,6.0,6.1,6.3,5.9,5.9,6.1,6.0,6.2,6.3,6.0,0.0,0.0,0.0,0.0,0.0,0.0,0.0,0.0,0.0,0.0,0.0,0.0,,,,,,,,,,,,
CT5-4.KWH,(度數            ),kW h,14246,14246,14246,14246,14246,14246,14246,14246,14246,14246,14246,14246,14246,14246,14246,14246,14246,14246,14246,14246,14246,14246,14246,14246,14246,14246,14246,14246,14246,14246,14246,14246,14246,14246,14246,14246,14246,14246,14246,14246,14246,14246,14246,14246,14246,14246,14246,14246,14246,14246,14246,14246,14246,14246,14246,14246,14247,14248,14249,14250,14251,14252,14253,14254,14255,14256,14258,14259,14260,14261,14261,14263,14264,14265,14266,14267,14268,14269,14270,14271,14272,14273,14274,14275,14276,14277,14278,14279,14281,14282,14283,14284,14285,14286,14287,14288,14289,14290,14291,14292,14293,14294,14295,14296,14297,14298,14300,14301,14302,14303,14304,14305,14306,14307,14308,14309,14310,14311,14312,14313,14314,14314,14314,14314,14314,14314,14314,14314,14314,14314,14314,14314,,,,,,,,,,,,
CT5-4:KW,(                ),kW,0.0,0.0,0.0,0.0,0.0,0.0,0.0,0.0,0.0,0.0,0.0,0.0,0.0,0.0,0.0,0.0,0.0,0.0,0.0,0.0,0.0,0.0,0.0,0.0,0.0,0.0,0.0,0.0,0.0,0.0,0.0,0.0,0.0,0.0,0.0,0.0,0.0,0.0,0.0,0.0,0.0,0.0,0.0,0.0,0.0,0.0,0.0,0.0,0.0,0.0,0.0,0.0,0.0,0.0,6.7,0.9,6.6,6.4,6.5,6.3,6.5,6.3,6.1,6.3,6.5,6.2,6.3,6.5,6.4,6.5,6.3,6.5,6.4,6.5,6.5,6.3,6.2,6.2,6.4,6.5,6.3,6.1,6.1,6.3,6.1,6.4,6.6,6.3,6.1,6.2,6.3,6.0,6.4,6.5,6.3,6.4,6.5,6.2,6.5,6.3,6.4,6.4,6.2,6.3,6.2,6.3,6.4,6.5,6.3,6.4,6.4,6.2,6.5,6.4,6.4,6.2,6.2,6.4,6.4,6.2,0.0,0.0,0.0,0.0,0.0,0.0,0.0,0.0,0.0,0.0,0.0,0.0,,,,,,,,,,,,
CT5-ALL.KW,(冷卻水塔系統功率),,0.0,0.0,0.0,0.0,0.0,0.0,0.0,0.0,0.0,0.0,0.0,0.0,0.0,0.0,0.0,0.0,0.0,0.0,0.0,0.0,0.0,0.0,0.0,0.0,0.0,0.0,0.0,0.0,0.0,0.0,0.0,0.0,0.0,0.0,0.0,0.0,0.0,0.0,0.0,0.0,0.0,0.0,0.0,0.0,0.0,0.0,0.0,0.0,0.0,0.0,0.0,0.0,0.0,0.0,25.6,4.2,25.6,25.9,24.9,24.8,25.7,24.9,25.0,25.2,24.7,25.3,24.8,25.2,25.2,25.3,25.8,25.5,24.9,24.9,25.1,24.7,25.2,25.1,25.1,25.2,24.8,24.8,24.5,24.7,25.4,25.7,25.2,25.1,24.8,25.0,25.1,24.9,25.4,25.4,25.1,25.2,25.5,24.7,25.0,24.8,25.5,25.5,24.9,24.9,24.9,25.2,25.3,25.4,25.0,25.4,25.2,25.1,25.5,25.1,25.0,25.5,25.5,25.6,25.9,25.2,0.0,0.0,0.0,0.0,0.0,0.0,0.0,0.0,0.0,0.0,0.0,0.0,,,,,,,,,,,,
CT5-ALL.KWH,(度數            ),kW h,55898,55898,55898,55898,55898,55898,55898,55898,55898,55898,55898,55898,55898,55898,55898,55898,55898,55898,55898,55898,55898,55898,55898,55898,55898,55898,55898,55898,55898,55898,55898,55898,55898,55898,55898,55898,55898,55898,55898,55898,55898,55898,55898,55898,55898,55898,55898,55898,55898,55898,55898,55898,55898,55898,55899,55901,55903,55908,55912,55916,55920,55924,55929,55933,55937,55941,55945,55949,55954,55958,55960,55966,55970,55974,55978,55982,55986,55991,55995,55999,56003,56007,56011,56016,56020,56024,56028,56032,56036,56041,56045,56049,56053,56057,56062,56066,56070,56074,56078,56082,56087,56091,56095,56099,56103,56108,56112,56116,56120,56124,56129,56133,56137,56141,56145,56150,56154,56158,56162,56167,56171,56171,56171,56171,56171,56171,56171,56171,56171,56171,56171,56171,,,,,,,,,,,,
CTB1-ALL.KW,(冷卻水塔系統功率),,8.2,8.2,8.2,8.2,8.2,8.2,8.2,8.2,8.2,8.2,8.2,8.2,8.2,8.2,8.2,8.2,8.2,8.2,8.2,8.2,8.2,8.2,8.2,8.2,8.2,8.2,8.2,8.2,8.2,8.2,8.2,8.2,8.2,8.2,8.2,8.2,8.2,8.2,8.2,8.2,8.2,8.2,8.2,8.2,8.2,8.2,8.2,8.2,8.2,8.2,8.2,8.2,8.2,8.2,8.2,8.2,8.2,8.2,8.2,8.2,8.2,8.2,8.2,8.2,8.2,8.2,8.2,8.2,8.2,8.2,8.2,8.2,8.2,8.2,8.2,8.2,8.2,8.2,8.2,8.2,8.2,8.2,8.2,8.2,8.2,8.2,8.2,8.2,8.2,8.2,8.2,8.2,8.2,8.2,8.2,8.2,8.2,8.2,8.2,8.2,8.2,8.2,8.2,8.2,8.2,8.2,8.2,8.2,8.2,8.2,8.2,8.2,8.2,8.2,8.2,8.2,8.2,8.2,8.2,8.2,8.2,8.2,8.2,8.2,8.2,8.2,8.2,8.2,8.2,8.2,8.2,8.2,,,,,,,,,,,,
ZP1F7:KW,(                ),kW,0.0,16.4,16.3,16.5,16.4,16.5,16.4,16.5,16.2,16.3,16.4,16.2,16.4,16.5,16.2,16.3,16.5,16.5,12.5,0.0,0.0,0.0,0.0,0.0,0.0,0.0,0.0,0.0,0.0,0.0,0.0,0.0,0.0,0.0,0.0,0.0,0.0,0.0,0.0,0.0,0.0,0.0,0.0,0.0,0.0,0.0,0.0,0.0,0.0,0.0,0.0,10.1,7.3,7.6,6.9,8.3,9.0,9.1,8.8,9.1,8.7,8.6,9.5,8.9,8.3,8.7,8.8,8.6,8.8,8.6,8.2,8.8,8.7,8.5,9.2,8.7,8.4,8.7,8.6,8.8,8.5,8.2,8.4,8.7,8.3,8.8,8.6,8.6,8.5,9.2,8.2,8.3,8.9,8.5,8.9,8.6,8.7,8.4,8.8,8.4,8.7,8.6,8.3,8.8,9.1,8.6,9.0,9.0,8.5,9.2,8.8,8.5,9.0,8.7,8.5,8.5,8.9,8.3,9.2,8.7,7.7,8.0,7.7,8.0,8.3,7.5,8.1,8.5,8.5,7.3,7.5,7.6,,,,,,,,,,,,
ZP1F7:KWH,(                ),,594096,594097,594100,594103,594105,594108,594110,594114,594116,594119,594122,594124,594127,594130,594133,594135,594138,594141,594144,594144,594144,594144,594144,594144,594144,594144,594144,594144,594144,594144,594144,594144,594144,594144,594144,594144,594144,594144,594144,594144,594144,594144,594144,594144,594144,594144,594144,594144,594144,594144,594144,594145,594146,594147,594148,594150,594151,594153,594154,594155,594157,594158,594160,594161,594163,594164,594166,594167,594169,594170,594171,594173,594174,594176,594177,594178,594180,594182,594183,594184,594186,594187,594189,594190,594192,594193,594195,594196,594197,594199,594200,594202,594203,594205,594206,594208,594209,594210,594212,594213,594215,594216,594218,594219,594221,594222,594224,594225,594226,594228,594229,594231,594232,594234,594235,594237,594238,594240,594241,594243,594244,594245,594247,594248,594249,594251,594252,594253,594255,594256,594257,594259,,,,,,,,,,,,
ZP2F7:KW,(                ),kW,0.0,0.0,0.0,0.0,0.0,0.0,0.0,0.0,0.0,0.0,0.0,0.0,0.0,0.0,0.0,0.0,0.0,0.0,0.0,0.0,0.0,0.0,0.0,0.0,0.0,0.0,0.0,0.0,0.0,0.0,0.0,0.0,0.0,0.0,0.0,0.0,0.0,0.0,0.0,0.0,0.0,0.0,0.0,0.0,0.0,0.0,0.0,0.0,0.0,0.0,0.0,9.9,7.4,7.7,6.9,8.5,8.9,9.0,8.7,8.9,8.6,8.4,9.4,9.0,8.3,8.7,8.7,8.6,8.8,8.6,8.2,8.8,8.6,8.4,9.2,8.6,8.2,8.7,8.4,8.7,8.7,8.2,8.3,8.7,8.4,8.7,8.6,8.6,8.6,9.1,8.3,8.2,8.8,8.4,8.9,8.5,8.7,8.5,8.9,8.4,8.8,8.5,8.4,8.7,9.0,8.5,9.0,9.0,8.5,9.3,8.9,8.4,9.0,8.8,8.4,8.5,8.8,8.4,9.0,8.7,7.9,7.8,7.7,7.9,8.2,7.4,8.2,8.3,8.5,7.2,7.5,7.5,,,,,,,,,,,,
ZP2F7:KWH,(                ),,529525,529525,529525,529525,529525,529525,529525,529525,529525,529525,529525,529525,529525,529525,529525,529525,529525,529525,529525,529525,529525,529525,529525,529525,529525,529525,529525,529525,529525,529525,529525,529525,529525,529525,529525,529525,529525,529525,529525,529525,529525,529525,529525,529525,529525,529525,529525,529525,529525,529525,529525,529525,529527,529528,529529,529531,529532,529533,529535,529536,529538,529539,529541,529542,529544,529545,529547,529548,529549,529551,529552,529554,529555,529557,529558,529559,529561,529562,529564,529565,529567,529568,529569,529571,529572,529574,529575,529577,529578,529580,529581,529582,529584,529585,529587,529588,529589,529591,529593,529594,529595,529597,529598,529600,529601,529603,529604,529605,529607,529609,529610,529611,529613,529614,529616,529617,529619,529620,529622,529623,529625,529626,529627,529628,529630,529631,529632,529634,529635,529636,529638,529639,,,,,,,,,,,,
ZP3F7:KW,(                ),kW,0.0,0.0,0.0,0.0,0.0,0.0,0.0,0.0,0.0,0.0,0.0,0.0,0.0,0.0,0.0,0.0,0.0,0.0,0.0,0.0,0.0,0.0,0.0,0.0,0.0,0.0,0.0,0.0,0.0,0.0,0.0,0.0,0.0,0.0,0.0,0.0,0.0,0.0,0.0,0.0,0.0,0.0,0.0,0.0,0.0,0.0,0.0,0.0,0.0,0.0,0.0,9.9,7.2,7.5,6.7,0.0,0.0,0.0,0.0,0.0,0.0,0.0,0.0,0.0,0.0,0.0,0.0,0.0,0.0,0.0,0.0,0.0,0.0,0.0,0.0,0.0,0.0,0.0,0.0,0.0,0.0,0.0,0.0,0.0,0.0,0.0,0.0,0.0,0.0,0.0,0.0,0.0,0.0,0.0,0.0,0.0,0.0,0.0,0.0,0.0,0.0,0.0,0.0,0.0,0.0,0.0,0.0,0.0,0.0,0.0,0.0,0.0,0.0,0.0,0.0,0.0,0.0,0.0,0.0,0.0,0.0,0.0,0.0,0.0,0.0,0.0,0.0,0.0,0.0,0.0,0.0,0.0,,,,,,,,,,,,
ZP3F7:KWH,(                ),,323037,323037,323037,323037,323037,323037,323037,323037,323037,323037,323037,323037,323037,323037,323037,323037,323037,323037,323037,323037,323037,323037,323037,323037,323037,323037,323037,323037,323037,323037,323037,323037,323037,323037,323037,323037,323037,323037,323037,323037,323037,323037,323037,323037,323037,323037,323037,323037,323037,323037,323037,323037,323039,323040,323041,323042,323042,323042,323042,323042,323042,323042,323042,323042,323042,323042,323042,323042,323042,323042,323042,323042,323042,323042,323042,323042,323042,323042,323042,323042,323042,323042,323042,323042,323042,323042,323042,323042,323042,323042,323042,323042,323042,323042,323042,323042,323042,323042,323042,323042,323042,323042,323042,323042,323042,323042,323042,323042,323042,323042,323042,323042,323042,323042,323042,323042,323042,323042,323042,323042,323042,323042,323042,323042,323042,323042,323042,323042,323042,323042,323042,323042,,,,,,,,,,,,
ZP4F7:KW,(                ),kW,0.0,0.0,0.0,0.0,0.0,0.0,0.0,0.0,0.0,0.0,0.0,0.0,0.0,0.0,0.0,0.0,0.0,0.0,0.0, -0.0,0.0,0.0,0.0,0.0,0.0,0.1,0.0,0.0,0.0,0.0,0.0,0.0,0.0,0.0,0.0,0.0,0.0,0.0,0.0,0.0,0.0,0.0,0.0,0.0,0.0,0.0,0.0,0.0,0.0,0.0,0.0,18.7,14.6,14.3,12.4,11.0,11.5,11.5,11.3,11.6,11.4,11.1,12.1,11.6,11.0,11.5,11.4,11.0,11.1,11.1,10.5,11.0,10.9,10.7,11.3,10.8,10.6,10.9,10.3,11.1,11.0,10.5,10.5,11.1,10.5,10.8,10.8,10.8,10.6,11.3,10.4,10.6,11.0,10.8,11.1,10.7,10.9,10.4,11.1,10.7,11.2,11.1,10.5,11.1,11.1,10.7,11.0,11.0,10.5,11.4,10.9,10.6,11.1,10.9,10.4,10.8,11.2,10.6,11.5,10.9,10.0,10.5,10.1,10.1,10.5,9.6,9.9,10.2,10.7,9.4,9.9,9.5,,,,,,,,,,,,
ZP4F7:KWH,(                ),,790658,790658,790658,790658,790658,790658,790658,790658,790658,790658,790658,790658,790658,790658,790658,790658,790658,790658,790658,790658,790658,790658,790658,790658,790658,790658,790658,790658,790658,790658,790658,790658,790658,790658,790658,790658,790658,790658,790658,790658,790658,790658,790658,790658,790658,790658,790658,790658,790658,790658,790658,790659,790662,790665,790667,790669,790671,790673,790674,790676,790678,790680,790682,790684,790686,790688,790690,790692,790693,790695,790696,790699,790701,790702,790704,790706,790708,790710,790712,790713,790715,790717,790719,790721,790722,790724,790726,790728,790729,790731,790733,790735,790737,790739,790741,790742,790744,790746,790748,790750,790751,790753,790755,790757,790759,790760,790762,790764,790766,790768,790770,790771,790773,790775,790777,790779,790780,790782,790784,790786,790788,790789,790791,790793,790794,790796,790798,790800,790801,790803,790805,790806,,,,,,,,,,,,
ZP5F7:KW,(                ),kW,0.0,0.0,0.0,0.0,0.0,0.0,0.0,0.0,0.0,0.0,0.0,0.0,0.0,0.0,0.0,0.0,0.0,0.0,0.0,0.0,0.0,0.0,0.0,0.0,0.0,0.0,0.0,0.0,0.0,0.0,0.0,0.0,0.0,0.0,0.0,0.0,0.0,0.0,0.0,0.0,0.0,0.0,0.0,0.0,0.0,0.0,0.0,0.0,0.0,0.0,0.0,0.0,14.8,14.3,12.6,11.3,11.6,11.6,11.5,11.7,11.8,11.3,12.1,11.8,11.1,11.5,11.4,11.2,11.3,11.2,10.6,11.2,11.1,10.9,11.4,10.9,10.8,11.0,10.5,11.1,11.1,10.5,10.8,11.2,10.5,11.1,11.1,10.9,10.8,11.6,10.5,10.8,11.2,10.8,11.2,11.1,11.1,10.6,11.2,10.7,11.2,11.2,10.8,11.2,11.4,10.8,11.3,11.1,10.7,11.4,11.0,10.7,11.2,11.2,10.8,10.9,11.5,10.8,11.3,11.0,10.3,10.6,10.3,10.1,10.6,9.6,10.1,10.4,10.7,9.5,9.9,9.6,,,,,,,,,,,,
ZP5F7:KWH,(                ),,721150,721150,721150,721150,721150,721150,721150,721150,721150,721150,721150,721150,721150,721150,721150,721150,721150,721150,721150,721150,721150,721150,721150,721150,721150,721150,721150,721150,721150,721150,721150,721150,721150,721150,721150,721150,721150,721150,721150,721150,721150,721150,721150,721150,721150,721150,721150,721150,721150,721150,721150,721150,721151,721153,721155,721157,721159,721161,721163,721165,721167,721169,721171,721173,721175,721176,721178,721180,721182,721184,721185,721188,721190,721191,721193,721195,721197,721199,721200,721202,721204,721206,721208,721210,721211,721213,721215,721217,721219,721221,721223,721224,721226,721228,721230,721232,721233,721235,721237,721239,721241,721243,721245,721247,721248,721250,721252,721254,721256,721257,721259,721261,721263,721265,721266,721268,721270,721272,721274,721276,721278,721279,721281,721283,721285,721286,721288,721290,721291,721293,721295,721296,,,,,,,,,,,,
ZP6F7:KW,(                ),kW,0.0,0.0,0.0,0.0,0.0,0.0,0.0,0.0,0.0,0.0,0.0,0.0,0.0,0.0,0.0,0.0,0.0,0.0,0.0,0.0,0.0,0.0,0.0,0.0,0.0,0.0,0.0,0.0,0.0,0.0,0.0,0.0,0.0,0.0,0.0,0.0,0.0,0.0,0.0,0.0,0.0,0.0,0.0,0.0,0.0,0.0,0.0,0.0,0.0,0.0,0.0,0.0,0.0,0.0,0.0,0.0,0.0,0.0,0.0,0.0,0.0,0.0,0.0,0.0,0.0,0.0,0.0,0.0,0.0,0.0,0.0,0.0,0.0,0.0,0.0,0.0,0.0,0.0,0.0,0.0,0.0,0.0,0.0,0.0,0.0,0.0,0.0,0.0,0.0,0.0,0.0,0.0,0.0,0.0,0.0,0.0,0.0,0.0,0.0,0.0,0.0,0.0,0.0,0.0,0.0,0.0,0.0,0.0,0.0,0.0,0.0,0.0,0.0,0.0,0.0,0.0,0.0,0.0,0.0,0.0,0.0,0.0,0.0,0.0,0.0,0.0,0.0,0.0,0.0,0.0,0.0,0.0,,,,,,,,,,,,
ZP6F7:KWH,(                ),,334825,334825,334825,334825,334825,334825,334825,334825,334825,334825,334825,334825,334825,334825,334825,334825,334825,334825,334825,334825,334825,334825,334825,334825,334825,334825,334825,334825,334825,334825,334825,334825,334825,334825,334825,334825,334825,334825,334825,334825,334825,334825,334825,334825,334825,334825,334825,334825,334825,334825,334825,334825,334825,334825,334825,334825,334825,334825,334825,334825,334825,334825,334825,334825,334825,334825,334825,334825,334825,334825,334825,334825,334825,334825,334825,334825,334825,334825,334825,334825,334825,334825,334825,334825,334825,334825,334825,334825,334825,334825,334825,334825,334825,334825,334825,334825,334825,334825,334825,334825,334825,334825,334825,334825,334825,334825,334825,334825,334825,334825,334825,334825,334825,334825,334825,334825,334825,334825,334825,334825,334825,334825,334825,334825,334825,334825,334825,334825,334825,334825,334825,334825,,,,,,,,,,,,
ZP7F7:KW,(                ),kW,0.0,0.0,0.0,0.0,0.0,0.0,0.0,0.0,0.0,0.0,0.0,0.0,0.0,0.0,0.0,0.0,0.0,0.0,0.0,0.0,0.0,0.0,0.0,0.0,0.0,0.0,0.0,0.0,0.0,0.0,0.0,0.0,0.0,0.0,0.0,0.0,0.0,0.0,0.0,0.0,0.0,0.0,0.0,0.0,0.0,0.0,0.0,0.0,0.0,0.0,0.0,0.0,11.7,12.1,10.3,8.1,8.4,8.6,13.9,15.4,9.2,8.2,15.2,9.7,8.2,8.8,8.2,14.0,13.1,9.3,8.3,8.9,8.9,8.1,15.6,10.1,8.6,8.4,7.9,15.4,11.0,8.2,8.0,8.6,7.9,15.3,11.3,8.7,8.1,15.5,9.2,8.2,8.5,8.0,15.4,10.9,8.9,7.9,8.3,7.8,15.4,10.3,8.0,11.7,15.4,8.4,8.3,8.3,7.8,15.4,9.6,8.1,14.4,10.8,8.2,8.0,8.5,7.8,15.3,9.6,7.5,14.7,12.5,7.8,15.2,13.5,8.3,12.9,15.3,7.4,13.1,15.4,,,,,,,,,,,,
ZP7F7:KWH,(                ),,424203,424203,424203,424203,424203,424203,424203,424203,424203,424203,424203,424203,424203,424203,424203,424203,424203,424203,424203,424203,424203,424203,424203,424203,424203,424203,424203,424203,424203,424203,424203,424203,424203,424203,424203,424203,424203,424203,424203,424203,424203,424203,424203,424203,424203,424203,424203,424203,424203,424203,424203,424203,424205,424207,424209,424211,424212,424214,424215,424217,424219,424221,424223,424225,424226,424228,424229,424231,424233,424235,424236,424238,424239,424241,424243,424245,424246,424248,424249,424251,424253,424255,424256,424258,424259,424261,424263,424265,424266,424269,424271,424272,424273,424275,424277,424279,424280,424282,424283,424285,424287,424289,424290,424292,424294,424296,424297,424299,424300,424302,424304,424306,424307,424310,424311,424313,424314,424316,424318,424320,424321,424323,424326,424327,424329,424332,424333,424335,424337,424339,424340,424343,,,,,,,,,,,,
ZP8F7:KW,(                ),kW,0.0,0.0,0.0,0.0,0.0,0.0,0.0,0.0,0.0,0.0,0.0,0.0,0.0,0.0,0.0,0.0,0.0,0.0,0.0,0.0,0.0,0.0,0.0,0.0,0.0,0.0,0.0,0.0,0.0,0.0,0.0,0.0,0.0,0.0,0.0,0.0,0.0,0.0,0.0,0.0,0.0,0.0,0.0,0.0,0.0,0.0,0.0,0.0,0.0,0.0,0.0,0.0,12.2,12.7,10.6,8.5,8.9,8.9,0.0,8.5,9.6,8.4,0.0,10.0,8.8,8.9,8.7,0.0,13.7,9.6,8.6,9.3,9.3,8.3,0.0,10.7,8.9,8.8,8.2,0.0,11.6,8.7,8.6,8.9,8.2,0.0,11.6,9.1,8.4,0.2,9.4,8.6,9.0,8.3,0.0,11.5,9.4,8.3,8.6,8.0,0.0,10.6,8.3,0.0,6.5,8.8,8.6,8.5,8.0,0.0,10.1,8.4,0.0,11.2,8.6,8.4,8.8,8.1,0.0,10.1,7.7,0.0,12.9,8.0,0.0,14.2,8.7,0.0,0.0,7.7,0.0,0.0,,,,,,,,,,,,
ZP8F7:KWH,(                ),,444560,444560,444560,444560,444560,444560,444560,444560,444560,444560,444560,444560,444560,444560,444560,444560,444560,444560,444560,444560,444560,444560,444560,444560,444560,444560,444560,444560,444560,444560,444560,444560,444560,444560,444560,444560,444560,444560,444560,444560,444560,444560,444560,444560,444560,444560,444560,444560,444560,444560,444560,444560,444562,444565,444566,444568,444569,444571,444572,444572,444574,444575,444576,444577,444579,444580,444582,444583,444583,444585,444585,444588,444589,444591,444591,444592,444594,444596,444597,444597,444598,444600,444602,444603,444604,444605,444606,444608,444609,444609,444611,444612,444614,444615,444616,444617,444618,444620,444621,444623,444623,444624,444626,444627,444627,444629,444631,444632,444633,444634,444635,444636,444637,444638,444640,444641,444643,444644,444644,444645,444647,444647,444648,444649,444650,444650,444652,444652,444652,444654,444654,444654,,,,,,,,,,,,
ZP9F7:KW,(                ),kW,0.0,0.0,0.0,0.0,0.0,0.0,0.0,0.0,0.0,0.0,0.0,0.0,0.0,0.0,0.0,0.0,0.0,0.0,0.0,0.0,0.0,0.0,0.0,0.0,0.0,0.0,0.0,0.0,0.0,0.0,0.0,0.0,0.0,0.0,0.0,0.0,0.0,0.0,0.0,0.0,0.0,0.0,0.0,0.0,0.0,0.0,0.0,0.0,0.0,0.0,0.0,0.0,0.0,0.0,0.0,0.0,0.0,0.0,0.0,0.0,0.0,0.0,0.0,0.0,0.0,0.0,0.0,0.0,0.0,0.0,0.0,0.0,0.0,0.0,0.0,0.0,0.0,0.0,0.0,0.0,0.0,0.0,0.0,0.0,0.0,0.0,0.0,0.0,0.0,0.0,0.0,0.0,0.0,0.0,0.0,0.0,0.0,0.0,0.0,0.0,0.0,0.0,0.0,0.0,0.0,0.0,0.0,0.0,0.0,0.0,0.0,0.0,0.0,0.0,0.0,0.0,0.0,0.0,0.0,0.0,0.0,0.0,0.0,0.0,0.0,0.0,0.0,0.0,0.0,0.0,0.0,0.0,,,,,,,,,,,,
ZP9F7:KWH,(                ),,245607,245607,245607,245607,245607,245607,245607,245607,245607,245607,245607,245607,245607,245607,245607,245607,245607,245607,245607,245607,245607,245607,245607,245607,245607,245607,245607,245607,245607,245607,245607,245607,245607,245607,245607,245607,245607,245607,245607,245607,245607,245607,245607,245607,245607,245607,245607,245607,245607,245607,245607,245607,245607,245607,245607,245607,245607,245607,245607,245607,245607,245607,245607,245607,245607,245607,245607,245607,245607,245607,245607,245607,245607,245607,245607,245607,245607,245607,245607,245607,245607,245607,245607,245607,245607,245607,245607,245607,245607,245607,245607,245607,245607,245607,245607,245607,245607,245607,245607,245607,245607,245607,245607,245607,245607,245607,245607,245607,245607,245607,245607,245607,245607,245607,245607,245607,245607,245607,245607,245607,245607,245607,245607,245607,245607,245607,245607,245607,245607,245607,245607,245607,,,,,,,,,,,,
ZP10F7:KW,(                ),kW,0.0,0.0,0.0,0.0,0.0,0.0,0.0,0.0,0.0,0.0,0.0,0.0,0.0,0.0,0.0,0.0,0.0,0.0,0.0,0.0,0.0,0.0,0.0,0.0,0.0,0.0,0.0,0.0,0.0,0.0,0.0,0.0,0.0,0.0,0.0,0.0,0.0,0.0,0.0,0.0,0.0,0.0,0.0,0.0,0.0,0.0,0.0,0.0,0.0,0.0,0.0,0.0,0.0,0.0,23.3,14.9,14.8,14.1,14.0,14.6,13.8,13.6,14.7,13.9,13.4,14.4,13.5,13.7,13.2,13.4,12.9,13.4,13.4,13.3,13.8,13.8,13.6,13.5,13.0,13.7,13.2,13.3,13.2,13.5,13.4,13.4,13.3,13.5,13.1,14.4,12.7,13.2,13.0,12.9,13.2,13.6,13.5,13.3,13.4,13.0,13.4,13.3,12.7,13.6,14.0,12.6,13.4,13.3,12.6,14.1,13.1,12.7,13.5,13.2,12.6,13.5,13.6,12.6,14.3,13.4,12.2,13.0,12.0,12.3,12.5,11.8,12.3,12.8,12.8,12.0,11.9,12.0,,,,,,,,,,,,
ZP10F7:KWH,(                ),,563473,563473,563473,563473,563473,563473,563473,563473,563473,563473,563473,563473,563473,563473,563473,563473,563473,563473,563473,563473,563473,563473,563473,563473,563473,563473,563473,563473,563473,563473,563473,563473,563473,563473,563473,563473,563473,563473,563473,563473,563473,563473,563473,563473,563473,563473,563473,563473,563473,563473,563473,563473,563473,563473,563474,563477,563480,563482,563484,563487,563489,563491,563494,563496,563499,563501,563503,563505,563507,563510,563511,563514,563517,563519,563521,563523,563526,563528,563530,563532,563534,563537,563539,563541,563543,563546,563548,563550,563552,563555,563557,563559,563561,563564,563566,563568,563570,563572,563575,563577,563579,563581,563584,563586,563588,563590,563593,563595,563597,563599,563601,563603,563605,563608,563610,563612,563615,563617,563619,563621,563624,563626,563628,563630,563632,563634,563636,563638,563640,563642,563644,563646,,,,,,,,,,,,
ZP11F7:KW,(                ),kW,0.0,0.0,0.0,0.0,0.0,0.0,0.0,0.0,0.0,0.0,0.0,0.0,0.0,0.0,0.0,0.0,0.0,0.0,0.0,0.0,0.0,0.0,0.0,0.0,0.0,0.0,0.0,0.0,0.0,0.0,0.0,0.0,0.0,0.0,0.0,0.0,0.0,0.0,0.0,0.0,0.0,0.0,0.0,0.0,0.0,0.0,0.0,0.0,0.0,0.0,0.0,0.0,0.0,0.0,0.0,15.0,14.7,14.0,13.6,14.2,13.7,13.3,14.4,13.6,13.2,13.8,13.3,13.3,12.8,13.1,12.7,13.1,13.1,12.9,13.5,13.5,13.2,13.2,12.7,13.3,12.9,13.1,12.8,13.1,13.2,13.0,13.0,13.3,12.8,14.1,12.5,12.9,12.8,12.7,13.0,13.3,13.2,13.0,13.1,12.7,13.1,13.0,12.5,13.2,13.7,12.3,13.1,13.1,12.4,14.0,12.8,12.6,13.2,13.0,12.3,13.1,13.4,12.4,14.0,13.1,11.9,12.8,11.8,12.1,12.3,11.6,12.0,12.5,12.5,11.5,11.7,11.7,,,,,,,,,,,,
ZP11F7:KWH,(                ),,413223,413223,413223,413223,413223,413223,413223,413223,413223,413223,413223,413223,413223,413223,413223,413223,413223,413223,413223,413223,413223,413223,413223,413223,413223,413223,413223,413223,413223,413223,413223,413223,413223,413223,413223,413223,413223,413223,413223,413223,413223,413223,413223,413223,413223,413223,413223,413223,413223,413223,413223,413223,413223,413223,413223,413225,413228,413230,413232,413234,413237,413239,413242,413244,413246,413248,413251,413253,413255,413257,413258,413261,413264,413266,413268,413270,413273,413275,413277,413279,413281,413284,413286,413288,413290,413292,413294,413297,413299,413301,413303,413305,413307,413310,413312,413314,413316,413318,413321,413323,413325,413327,413329,413331,413334,413336,413338,413340,413342,413345,413347,413349,413351,413353,413355,413357,413360,413362,413364,413366,413368,413370,413372,413374,413376,413379,413380,413382,413384,413386,413388,413390,,,,,,,,,,,,
ZP12F7:KW,(                ),kW,0.0,0.0,0.0,0.0,0.0,0.0,0.0,0.0,0.0,0.0,0.0,0.0,0.0,0.0,0.0,0.0,0.0,0.0,0.0,0.0,0.0,0.0,0.0,0.0,0.0,0.0,0.0,0.0,0.0,0.0,0.0,0.0,0.0,0.0,0.0,0.0,0.0,0.0,0.0,0.0,0.0,0.0,0.0,0.0,0.0,0.0,0.0,0.0,0.0,0.0,0.0,0.0,0.0,0.0,0.0,0.0,0.0,0.0,0.0,0.0,0.0,0.0,0.0,0.0,0.0,0.0,0.0,0.0,0.0,0.0,0.0,0.0,0.0,0.0,0.0,0.0,0.0,0.0,0.0,0.0,0.0,0.0,0.0,0.0,0.0,0.0,0.0,0.0,0.0,0.0,0.0,0.0,0.0,0.0,0.0,0.0,0.0,0.0,0.0,0.0,0.0,0.0,0.0,0.0,0.0,0.0,0.0,0.0,0.0,0.0,0.0,0.0,0.0,0.0,0.0,0.0,0.0,0.0,0.0,0.0,0.0,0.0,0.0,0.0,0.0,0.0,0.0,0.0,0.0,0.0,0.0,0.0,,,,,,,,,,,,
ZP12F7:KWH,(                ),,251196,251196,251196,251196,251196,251196,251196,251196,251196,251196,251196,251196,251196,251196,251196,251196,251196,251196,251196,251196,251196,251196,251196,251196,251196,251196,251196,251196,251196,251196,251196,251196,251196,251196,251196,251196,251196,251196,251196,251196,251196,251196,251196,251196,251196,251196,251196,251196,251196,251196,251196,251196,251196,251196,251196,251196,251196,251196,251196,251196,251196,251196,251196,251196,251196,251196,251196,251196,251196,251196,251196,251196,251196,251196,251196,251196,251196,251196,251196,251196,251196,251196,251196,251196,251196,251196,251196,251196,251196,251196,251196,251196,251196,251196,251196,251196,251196,251196,251196,251196,251196,251196,251196,251196,251196,251196,251196,251196,251196,251196,251196,251196,251196,251196,251196,251196,251196,251196,251196,251196,251196,251196,251196,251196,251196,251196,251196,251196,251196,251196,251196,251196,,,,,,,,,,,,
ZP13F7:KW,(                ),kW,0.0,0.0,0.0,0.0,0.0,0.0,0.0,0.0,0.0,0.0,0.0,0.0,0.0,0.0,0.0,0.0,0.0,0.0,0.0,0.0,0.0,0.0,0.0,0.0,0.0,0.0,0.0,0.0,0.0,0.0,0.0,0.0,0.0,0.0,0.0,0.0,0.0,0.0,0.0,0.0,0.0,0.0,0.0,0.0,0.0,0.0,0.0,0.0,0.0,0.0,0.0,0.0,0.0,0.0,21.7,11.1,19.4,21.5,11.5,17.9,21.5,11.4,19.8,21.6,11.1,19.1,21.6,11.3,18.4,21.5,16.0,18.4,21.6,11.0,21.6,21.5,10.5,21.4,15.5,10.8,18.8,17.9,10.6,21.4,17.3,10.8,20.5,21.6,10.8,21.5,16.4,10.8,21.0,16.8,10.5,21.2,21.6,10.5,21.4,14.1,10.5,21.6,15.0,10.9,21.6,14.3,14.5,21.4,13.5,14.6,21.6,14.0,10.3,21.5,13.8,9.9,21.4,12.8,15.0,21.6,12.8,14.3,20.0,21.3,21.5,9.9,16.5,21.3,21.6,9.4,15.9,18.3,,,,,,,,,,,,
ZP13F7:KWH,(                ),,534192,534192,534192,534192,534192,534192,534192,534192,534192,534192,534192,534192,534192,534192,534192,534192,534192,534192,534192,534192,534192,534192,534192,534192,534192,534192,534192,534192,534192,534192,534192,534192,534192,534192,534192,534192,534192,534192,534192,534192,534192,534192,534192,534192,534192,534192,534192,534192,534192,534192,534192,534192,534192,534192,534194,534197,534199,534202,534205,534207,534211,534213,534216,534219,534222,534224,534228,534230,534232,534236,534237,534241,534244,534247,534249,534252,534255,534258,534261,534263,534265,534270,534272,534274,534278,534280,534282,534286,534288,534291,534295,534296,534299,534303,534305,534307,534311,534313,534316,534319,534321,534324,534328,534330,534333,534336,534338,534341,534344,534346,534349,534353,534354,534358,534361,534363,534366,534369,534371,534374,534378,534379,534383,534386,534390,534392,534394,534397,534401,534403,534405,534408,,,,,,,,,,,,
ZP14F7:KW,(                ),kW,0.0,0.0,0.0,0.0,0.0,0.0,0.0,0.0,0.0,0.0,0.0,0.0,0.0,0.0,0.0,0.0,0.0,0.0,0.0,0.0,0.0,0.0,0.0,0.0,0.0,0.0,0.0,0.0,0.0,0.0,0.0,0.0,0.0,0.0,0.0,0.0,0.0,0.0,0.0,0.0,0.0,0.0,0.0,0.0,0.0,0.0,0.0,0.0,0.0,0.0,0.0,0.0,0.0,0.0,0.0,11.6,0.0,0.0,12.0,0.0,0.0,12.0,0.0,0.0,11.7,0.0,0.0,11.8,0.0,0.0,16.5,0.0,0.0,11.5,0.0,0.0,11.0,0.0,16.1,11.3,0.0,18.4,10.9,0.0,18.0,11.3,0.0,2.4,11.2,0.0,17.1,11.2,0.0,17.2,11.0,0.0,0.7,11.0,0.0,14.6,11.0,0.0,15.6,11.4,0.0,14.8,0.0,0.0,13.9,1.4,0.0,14.5,10.8,0.0,14.4,10.4,0.0,13.4,0.0,0.0,13.3,0.0,0.0,0.0,0.0,10.4,0.0,0.0,0.0,10.0,0.0,0.0,,,,,,,,,,,,
ZP14F7:KWH,(                ),,368535,368535,368535,368535,368535,368535,368535,368535,368535,368535,368535,368535,368535,368535,368535,368535,368535,368535,368535,368535,368535,368535,368535,368535,368535,368535,368535,368535,368535,368535,368535,368535,368535,368535,368535,368535,368535,368535,368535,368535,368535,368535,368535,368535,368535,368535,368535,368535,368535,368535,368535,368535,368535,368535,368535,368537,368538,368538,368540,368541,368541,368543,368544,368544,368546,368547,368547,368549,368550,368550,368550,368552,368552,368554,368555,368555,368557,368558,368558,368560,368561,368561,368563,368564,368564,368566,368567,368567,368569,368570,368570,368572,368573,368573,368576,368576,368576,368578,368579,368580,368582,368582,368582,368584,368585,368586,368588,368588,368589,368591,368591,368592,368593,368594,368595,368597,368597,368598,368600,368600,368601,368602,368602,368602,368602,368604,368605,368605,368605,368606,368607,368607,,,,,,,,,,,,
ZP15F7:KW,(                ),kW,0.0,0.0,0.0,0.0,0.0,0.0,0.0,0.0,0.0,0.0,0.0,0.0,0.0,0.0,0.0,0.0,0.0,0.0,0.0,0.0,0.0,0.0,0.0,0.0,0.0,0.0,0.0,0.0,0.0,0.0,0.0,0.0,0.0,0.0,0.0,0.0,0.0,0.0,0.0,0.0,0.0,0.0,0.0,0.0,0.0,0.0,0.0,0.0,0.0,0.0,0.0,0.0,0.0,0.0,0.0,0.0,0.0,0.0,0.0,0.0,0.0,0.0,0.0,0.0,0.0,0.0,0.0,0.0,0.0,0.0,0.0,0.0,0.0,0.0,0.0,0.0,0.0,0.0,0.0,0.0,0.0,0.0,0.0,0.0,0.0,0.0,0.0,0.0,0.0,0.0,0.0,0.0,0.0,0.0,0.0,0.0,0.0,0.0,0.0,0.0,0.0,0.0,0.0,0.0,0.0,0.0,0.0,0.0,0.0,0.0,0.0,0.0,0.0,0.0,0.0,0.0,0.0,0.0,0.0,0.0,0.0,0.0,0.0,0.0,0.0,0.0,0.0,0.0,0.0,0.0,0.0,0.0,,,,,,,,,,,,
ZP15F7:KWH,(                ),,222086,222086,222086,222086,222086,222086,222086,222086,222086,222086,222086,222086,222086,222086,222086,222086,222086,222086,222086,222086,222086,222086,222086,222086,222086,222086,222086,222086,222086,222086,222086,222086,222086,222086,222086,222086,222086,222086,222086,222086,222086,222086,222086,222086,222086,222086,222086,222086,222086,222086,222086,222086,222086,222086,222086,222086,222086,222086,222086,222086,222086,222086,222086,222086,222086,222086,222086,222086,222086,222086,222086,222086,222086,222086,222086,222086,222086,222086,222086,222086,222086,222086,222086,222086,222086,222086,222086,222086,222086,222086,222086,222086,222086,222086,222086,222086,222086,222086,222086,222086,222086,222086,222086,222086,222086,222086,222086,222086,222086,222086,222086,222086,222086,222086,222086,222086,222086,222086,222086,222086,222086,222086,222086,222086,222086,222086,222086,222086,222086,222086,222086,222086,,,,,,,,,,,,
