變數名稱,說明,單位,00:10:00,00:20:00,00:30:00,00:40:00,00:50:00,01:00:00,01:10:00,01:20:00,01:30:00,01:40:00,01:50:00,02:00:00,02:10:00,02:20:00,02:30:00,02:40:00,02:50:00,03:00:00,03:10:00,03:20:00,03:30:00,03:40:00,03:50:00,04:00:00,04:10:00,04:20:00,04:30:00,04:40:00,04:50:00,05:00:00,05:10:00,05:20:00,05:30:00,05:40:00,05:50:00,06:00:00,06:10:00,06:20:00,06:30:00,06:40:00,06:50:00,07:00:00,07:10:00,07:20:00,07:30:00,07:40:00,07:50:00,08:00:00,08:10:00,08:20:00,08:30:00,08:40:00,08:50:00,09:00:00,09:10:00,09:20:00,09:30:00,09:40:00,09:50:00,10:00:00,10:10:00,10:20:00,10:30:00,10:40:00,10:50:00,11:00:00,11:10:00,11:20:00,11:30:00,11:40:00,11:50:00,12:00:00,12:10:00,12:20:00,12:30:00,12:40:00,12:50:00,13:00:00,13:10:00,13:20:00,13:30:00,13:40:00,13:50:00,14:00:00,14:10:00,14:20:00,14:30:00,14:40:00,14:50:00,15:00:00,15:10:00,15:20:00,15:30:00,15:40:00,15:50:00,16:00:00,16:10:00,16:20:00,16:30:00,16:40:00,16:50:00,17:00:00,17:10:00,17:20:00,17:30:00,17:40:00,17:50:00,18:00:00,18:10:00,18:20:00,18:30:00,18:40:00,18:50:00,19:00:00,19:10:00,19:20:00,19:30:00,19:40:00,19:50:00,20:00:00,20:10:00,20:20:00,20:30:00,20:40:00,20:50:00,21:00:00,21:10:00,21:20:00,21:30:00,21:40:00,21:50:00,22:00:00,22:10:00,22:20:00,22:30:00,22:40:00,22:50:00,23:00:00,23:10:00,23:20:00,23:30:00,23:40:00,23:50:00,00:00:00
7F-CH-1.ST,(CH1出水溫度     ),DEG C,7.3,7.1,7.1,7.4,7.1,7.2,7.2,7.2,7.2,7.2,9.6,10.5,11.4,11.2,12.1,12.8,13.3,13.7,14.1,11.5,12.3,12.8,13.2,13.5,12.9,13.8,14.2,14.6,15.0,15.3,15.4,15.8,16.0,16.3,16.5,16.7,16.8,17.0,17.2,17.4,17.6,17.8,17.9,18.1,18.3,18.4,18.7,18.9,18.8,18.4,17.0,16.8,16.7,16.6,15.3,15.0,14.7,11.2,9.6,9.4,9.4,9.6,9.6,9.8,10.1,10.2,10.2,10.2,10.1,10.4,10.4,10.6,10.6,10.7,10.7,10.7,10.7,10.7,10.6,10.7,10.7,10.6,10.6,10.6,10.6,10.6,10.6,10.7,10.7,10.7,10.9,10.8,10.8,10.9,10.8,10.9,10.8,10.8,10.8,10.7,10.7,10.6,10.5,10.5,10.6,10.4,10.5,10.4,10.3,10.2,10.2,,,,,,,,,,,,,,,,,,,,,,,,,,,,,,,,,
7F-CH-2.ST,(CH2出水溫度     ),DEG C,9.8,9.6,9.4,9.3,9.3,9.2,9.1,9.1,9.1,9.1,9.2,10.8,11.6,11.5,12.4,13.1,13.5,13.9,14.3,11.7,12.5,13.0,13.4,13.8,13.4,14.0,14.4,14.8,15.2,15.5,15.6,15.8,16.1,16.4,16.6,16.8,16.9,17.1,17.3,17.5,17.7,17.9,18.0,18.2,18.4,18.5,18.7,19.0,19.0,18.9,17.3,17.1,17.0,11.9,10.8,10.5,10.1,10.2,9.6,9.6,9.4,9.6,9.6,9.7,10.0,10.2,10.1,10.2,10.1,10.7,10.8,10.6,10.6,10.9,10.7,10.8,10.6,10.6,10.6,10.7,10.6,10.6,10.6,10.6,10.5,10.6,10.7,10.7,10.8,10.7,10.8,10.8,10.7,10.8,10.8,10.8,10.8,10.7,10.7,10.6,10.5,10.5,10.4,10.5,10.5,10.4,10.4,10.4,10.2,10.2,10.2,,,,,,,,,,,,,,,,,,,,,,,,,,,,,,,,,
7F-CH-3.ST,(CH3出水溫度     ),DEG C,9.8,9.5,9.4,9.2,9.2,9.2,9.1,9.0,9.0,9.0,9.0,10.7,11.5,11.4,12.3,13.0,13.4,13.9,14.2,11.6,12.5,12.9,13.3,13.7,13.2,13.9,14.3,14.7,15.1,15.5,15.6,15.9,16.1,16.4,16.6,16.7,16.9,17.1,17.3,17.5,17.7,17.9,18.0,18.2,18.3,18.5,18.8,19.0,19.0,19.1,17.2,16.9,16.9,16.7,15.5,15.1,14.8,14.8,14.2,13.8,13.9,14.2,14.2,14.3,14.7,14.8,14.8,14.9,14.8,15.0,15.1,15.3,15.3,15.3,15.5,15.4,15.3,15.4,15.3,15.4,15.4,15.3,15.3,15.3,15.2,15.3,15.3,15.4,15.4,15.4,15.5,15.4,15.4,15.5,15.5,15.5,15.5,15.4,15.4,15.3,15.3,15.3,15.2,15.3,15.2,15.1,15.2,15.2,15.0,15.0,14.9,,,,,,,,,,,,,,,,,,,,,,,,,,,,,,,,,
7F-CH-4.ST,(CH4出水溫度     ),DEG C,9.5,9.3,9.1,9.0,9.0,8.9,8.9,8.8,8.8,8.8,9.4,10.5,11.4,11.4,12.1,12.8,13.2,13.7,14.0,11.4,12.2,12.7,13.1,13.5,13.2,13.7,14.1,14.5,14.9,15.2,15.4,15.8,16.0,16.2,16.4,16.6,16.8,17.0,17.2,17.4,17.5,17.7,17.9,18.0,18.2,18.4,18.6,18.8,18.7,18.3,16.9,16.7,16.6,16.5,15.3,14.9,14.6,14.6,14.0,13.6,13.7,13.9,14.0,14.1,14.4,14.5,14.6,14.7,14.6,14.8,14.8,15.1,15.1,15.0,15.3,15.2,15.1,15.1,15.0,15.1,15.2,15.1,15.1,15.0,15.0,15.1,15.0,15.1,15.1,15.1,15.2,15.2,15.2,15.3,15.2,15.3,15.2,15.2,15.2,15.1,15.0,15.0,14.9,15.0,15.0,14.9,14.9,14.9,14.8,14.7,14.7,,,,,,,,,,,,,,,,,,,,,,,,,,,,,,,,,
7F-CH-5.ST,(CH5出水溫度     ),DEG C,9.7,9.4,9.3,9.2,9.1,9.1,9.0,8.9,8.9,8.9,8.9,10.5,11.4,11.3,12.2,12.8,13.3,13.7,14.1,11.5,12.3,12.8,13.2,13.6,13.0,13.8,14.2,14.6,15.0,15.3,15.5,15.5,15.5,15.6,15.6,15.7,15.7,15.8,15.8,15.9,15.9,16.0,16.0,16.1,16.2,16.2,16.3,16.4,18.8,18.4,12.7,12.2,12.2,12.2,11.0,10.7,10.3,10.5,9.8,9.5,9.6,9.8,9.8,9.9,10.1,10.3,10.3,10.3,10.2,10.5,10.6,10.7,10.7,10.7,10.8,10.8,10.6,10.7,10.6,10.7,10.7,10.6,10.7,10.6,10.6,10.7,10.6,10.7,10.7,10.7,10.8,10.8,10.7,10.9,10.8,10.8,10.8,10.7,10.7,10.6,10.6,10.6,10.5,10.5,10.5,10.4,10.5,10.4,10.3,10.2,10.2,,,,,,,,,,,,,,,,,,,,,,,,,,,,,,,,,
7F-CH.ST,(冰水總出水溫度  ),DEG C,8.9,8.6,8.5,8.5,8.4,8.4,8.4,8.3,8.3,8.3,9.1,10.4,11.3,11.1,12.1,12.8,13.2,13.7,14.0,11.5,12.3,12.7,13.1,13.5,12.8,13.7,14.1,14.6,14.9,15.3,15.4,15.2,15.3,15.3,15.4,15.4,15.7,15.8,16.0,16.2,16.3,16.5,16.7,16.9,17.0,17.1,17.3,17.4,18.7,18.4,15.7,15.6,15.6,13.8,12.5,12.2,12.2,11.5,10.6,10.4,10.3,10.6,10.5,10.7,11.0,11.1,11.1,11.0,11.0,11.3,11.4,11.4,11.5,11.6,11.6,11.6,11.5,11.5,11.5,11.6,11.5,11.5,11.5,11.4,11.4,11.5,11.5,11.5,11.6,11.5,11.7,11.6,11.6,11.7,11.6,11.6,11.6,11.6,11.6,11.5,11.4,11.4,11.3,11.4,11.4,11.3,11.3,11.3,11.1,11.1,11.0,,,,,,,,,,,,,,,,,,,,,,,,,,,,,,,,,
7F-CH-1.RT,(CH1回水溫度     ),,9.7,9.5,9.3,9.2,9.2,9.1,9.0,9.0,9.0,9.0,9.7,10.7,11.5,11.6,12.3,13.0,13.4,13.8,14.2,11.6,12.4,12.9,13.3,13.6,13.4,13.9,14.3,14.7,15.1,15.4,15.5,16.0,16.2,16.4,16.6,16.8,17.0,17.1,17.3,17.5,17.7,17.9,18.0,18.2,18.4,18.6,18.8,19.0,18.7,18.6,17.1,16.9,16.8,16.7,15.5,15.1,14.8,14.8,14.1,13.8,13.9,14.1,14.2,14.3,14.7,14.7,14.8,14.9,14.8,15.0,15.1,15.3,15.3,15.3,15.5,15.4,15.3,15.3,15.3,15.4,15.4,15.3,15.3,15.2,15.2,15.3,15.3,15.3,15.3,15.4,15.5,15.4,15.4,15.5,15.5,15.5,15.4,15.4,15.4,15.3,15.3,15.3,15.2,15.2,15.2,15.1,15.2,15.1,15.0,14.9,14.9,,,,,,,,,,,,,,,,,,,,,,,,,,,,,,,,,
7F-CH-2.RT,(CH2回水溫度     ),,9.8,9.6,9.4,9.3,9.3,9.2,9.2,9.1,9.1,9.1,9.8,10.9,11.7,11.9,12.4,13.1,13.6,14.0,14.4,11.7,12.6,13.0,13.4,13.8,13.7,14.0,14.4,14.9,15.2,15.6,15.7,16.1,16.3,16.5,16.7,16.9,17.1,17.3,17.5,17.7,17.8,18.0,18.2,18.3,18.5,18.7,18.9,19.1,19.1,19.2,17.2,17.1,17.0,16.8,15.6,15.2,14.9,14.9,14.3,13.9,14.0,14.3,14.3,14.5,14.8,14.9,14.9,15.0,14.9,15.2,15.2,15.4,15.4,15.4,15.6,15.6,15.4,15.5,15.4,15.5,15.5,15.4,15.4,15.4,15.3,15.4,15.4,15.4,15.5,15.5,15.6,15.6,15.5,15.6,15.6,15.6,15.6,15.5,15.5,15.5,15.4,15.4,15.3,15.3,15.3,15.2,15.3,15.3,15.1,15.1,15.0,,,,,,,,,,,,,,,,,,,,,,,,,,,,,,,,,
7F-CH-3.RT,(CH3回水溫度     ),,9.8,9.5,9.4,9.2,9.2,9.2,9.1,9.0,9.0,9.0,9.7,10.8,11.6,11.8,12.3,13.1,13.5,13.9,14.3,11.6,12.5,12.9,13.3,13.7,13.6,14.0,14.4,14.8,15.2,15.5,15.6,16.0,16.2,16.5,16.7,16.8,17.0,17.2,17.4,17.6,17.8,17.9,18.1,18.3,18.4,18.6,18.9,19.0,19.1,19.1,17.2,17.0,16.9,16.7,15.6,15.1,14.8,14.8,14.2,13.8,13.9,14.2,14.2,14.4,14.7,14.8,14.8,14.9,14.8,15.1,15.1,15.3,15.3,15.3,15.5,15.5,15.4,15.4,15.3,15.4,15.4,15.3,15.3,15.3,15.2,15.3,15.3,15.4,15.4,15.4,15.5,15.5,15.5,15.5,15.5,15.5,15.5,15.4,15.4,15.4,15.3,15.3,15.2,15.3,15.3,15.2,15.2,15.2,15.0,15.0,15.0,,,,,,,,,,,,,,,,,,,,,,,,,,,,,,,,,
7F-CH-4.RT,(CH4回水溫度     ),,9.8,9.6,9.4,9.3,9.3,9.2,9.1,9.1,9.1,9.0,9.8,10.9,11.7,12.0,12.4,13.1,13.5,14.0,14.3,11.6,12.5,13.0,13.4,13.7,13.7,14.0,14.4,14.8,15.2,15.5,15.6,16.1,16.3,16.5,16.7,16.9,17.1,17.2,17.5,17.7,17.8,18.0,18.2,18.3,18.5,18.7,18.9,19.1,18.9,18.6,17.2,17.0,16.9,16.7,15.6,15.1,14.8,14.9,14.2,13.9,14.0,14.2,14.3,14.4,14.7,14.8,14.9,14.9,14.9,15.1,15.1,15.3,15.3,15.3,15.5,15.5,15.4,15.4,15.3,15.4,15.4,15.4,15.3,15.3,15.2,15.3,15.3,15.4,15.4,15.4,15.5,15.5,15.5,15.5,15.5,15.5,15.5,15.4,15.4,15.4,15.3,15.3,15.2,15.3,15.3,15.2,15.2,15.2,15.0,15.0,15.0,,,,,,,,,,,,,,,,,,,,,,,,,,,,,,,,,
7F-CH-5.RT,(CH5回水溫度     ),,9.6,9.4,9.2,9.1,9.1,9.0,9.0,8.9,8.9,8.9,9.5,10.7,11.5,11.7,12.2,12.9,13.3,13.8,14.2,11.5,12.3,12.8,13.2,13.6,13.5,13.8,14.2,14.6,15.0,15.4,15.5,15.5,15.6,15.6,15.7,15.7,15.7,15.8,15.8,15.9,15.9,15.9,16.0,16.1,16.1,16.2,16.3,16.4,18.8,18.3,17.0,16.9,16.8,16.6,15.5,15.0,14.7,14.8,14.1,13.8,13.9,14.1,14.2,14.3,14.5,14.7,14.7,14.8,14.7,14.9,15.0,15.2,15.2,15.2,15.4,15.3,15.2,15.2,15.2,15.3,15.3,15.2,15.2,15.1,15.1,15.2,15.1,15.2,15.2,15.2,15.4,15.3,15.3,15.4,15.3,15.4,15.3,15.3,15.3,15.2,15.1,15.1,15.1,15.1,15.1,15.0,15.0,15.0,14.8,14.8,14.8,,,,,,,,,,,,,,,,,,,,,,,,,,,,,,,,,
7F-CH.RT,(冰水總回水溫度  ),DEG C,9.4,9.1,9.0,8.8,8.8,8.8,8.7,8.6,8.6,8.6,9.7,10.7,11.5,11.8,12.1,12.9,13.3,13.7,14.1,11.5,12.3,12.8,13.2,13.5,13.6,13.8,14.3,14.7,15.0,15.4,15.5,15.9,16.1,16.3,16.5,16.7,16.8,17.0,17.2,17.4,17.6,17.8,17.9,18.1,18.3,18.5,18.7,18.8,18.6,18.1,17.1,16.7,16.5,16.3,14.9,14.8,14.4,14.1,13.4,13.1,13.1,13.8,13.6,14.1,15.0,14.5,14.7,14.9,14.9,15.0,15.0,15.3,15.3,15.3,15.4,15.4,15.3,15.3,15.3,15.3,15.3,15.3,15.3,15.2,15.2,15.2,15.3,15.3,15.3,15.4,15.4,15.5,15.5,15.5,15.5,15.5,15.5,15.5,15.4,15.4,15.3,15.3,15.2,15.3,15.3,15.2,15.2,15.2,15.1,15.1,15.0,,,,,,,,,,,,,,,,,,,,,,,,,,,,,,,,,
7F-CH-1.CHDT,(冰水溫差        ),DEG C,2.5,2.3,2.2,1.8,2.1,1.9,1.9,1.8,1.7,1.7,0.0,0.0,0.0,0.0,0.0,0.0,0.0,0.0,0.0,0.0,0.0,0.0,0.0,0.0,0.0,0.0,0.0,0.0,0.0,0.0,0.0,0.0,0.0,0.0,0.0,0.0,0.0,0.0,0.0,0.0,0.0,0.0,0.0,0.0,0.0,0.0,0.0,0.0,0.0,0.0,0.0,0.0,0.0,0.0,0.0,0.0,0.1,3.5,4.6,4.4,4.5,4.5,4.6,4.6,4.6,4.5,4.6,4.7,4.7,4.6,4.6,4.7,4.7,4.6,4.7,4.7,4.6,4.6,4.7,4.6,4.6,4.7,4.7,4.6,4.6,4.6,4.6,4.6,4.6,4.6,4.6,4.6,4.6,4.6,4.6,4.6,4.6,4.6,4.6,4.6,4.6,4.6,4.6,4.7,4.7,4.7,4.7,4.7,4.7,4.7,4.7,,,,,,,,,,,,,,,,,,,,,,,,,,,,,,,,,
7F-CH-2.CHDT,(冰水溫差        ),DEG C,0.0,0.0,0.0,0.0,0.0,0.0,0.0,0.0,0.0,0.0,0.0,0.0,0.0,0.0,0.0,0.0,0.0,0.0,0.0,0.0,0.0,0.0,0.0,0.0,0.0,0.0,0.0,0.0,0.0,0.0,0.0,0.0,0.0,0.0,0.0,0.0,0.0,0.0,0.0,0.0,0.0,0.0,0.0,0.0,0.0,0.0,0.0,0.0,0.0,0.0,0.0,0.0, -0.0,4.9,4.8,4.8,4.8,4.8,4.7,4.3,4.7,4.7,4.7,4.8,4.8,4.7,4.8,4.8,4.8,4.5,4.4,4.9,4.8,4.5,4.9,4.8,4.8,4.9,4.8,4.8,4.9,4.9,4.8,4.8,4.8,4.8,4.7,4.8,4.7,4.8,4.8,4.7,4.8,4.8,4.8,4.9,4.7,4.8,4.9,4.9,4.9,4.8,4.8,4.8,4.9,4.9,4.9,4.9,4.9,4.9,4.9,,,,,,,,,,,,,,,,,,,,,,,,,,,,,,,,,
7F-CH-3.CHDT,(冰水溫差        ),DEG C,0.0,0.0,0.0,0.0,0.0,0.0,0.0,0.0,0.0,0.0,0.0,0.0,0.0,0.0,0.0,0.0,0.0,0.0,0.0,0.0,0.0,0.0,0.0,0.0,0.0,0.0,0.0,0.0,0.0,0.0,0.0,0.0,0.0,0.0,0.0,0.0,0.0,0.0,0.0,0.0,0.0,0.0,0.0,0.0,0.0,0.0,0.0,0.0,0.0,0.0,0.0,0.0,0.0,0.0,0.0,0.0,0.0,0.0,0.0,0.0,0.0,0.0,0.0,0.0,0.0,0.0,0.0,0.0,0.0,0.0,0.0,0.0,0.0,0.0,0.0,0.0,0.0,0.0,0.0,0.0,0.0,0.0,0.0,0.0,0.0,0.0,0.0,0.0,0.0,0.0,0.0,0.0,0.0,0.0,0.0,0.0,0.0,0.0,0.0,0.0,0.0,0.0,0.0,0.0,0.0,0.0,0.0,0.0,0.0,0.0,0.0,,,,,,,,,,,,,,,,,,,,,,,,,,,,,,,,,
7F-CH-4.CHDT,(冰水溫差        ),DEG C,0.0,0.0,0.0,0.0,0.0,0.0,0.0,0.0,0.0,0.0,0.0,0.0,0.0,0.0,0.0,0.0,0.0,0.0,0.0,0.0,0.0,0.0,0.0,0.0,0.0,0.0,0.0,0.0,0.0,0.0,0.0,0.0,0.0,0.0,0.0,0.0,0.0,0.0,0.0,0.0,0.0,0.0,0.0,0.0,0.0,0.0,0.0,0.0,0.0,0.0,0.0,0.0,0.0,0.0,0.0,0.0,0.0,0.0,0.0,0.0,0.0,0.0,0.0,0.0,0.0,0.0,0.0,0.0,0.0,0.0,0.0,0.0,0.0,0.0,0.0,0.0,0.0,0.0,0.0,0.0,0.0,0.0,0.0,0.0,0.0,0.0,0.0,0.0,0.0,0.0,0.0,0.0,0.0,0.0,0.0,0.0,0.0,0.0,0.0,0.0,0.0,0.0,0.0,0.0,0.0,0.0,0.0,0.0,0.0,0.0,0.0,,,,,,,,,,,,,,,,,,,,,,,,,,,,,,,,,
7F-CH-5.CHDT,(冰水溫差        ),DEG C,0.0,0.0,0.0,0.0,0.0,0.0,0.0,0.0,0.0,0.0,0.0,0.0,0.0,0.0,0.0,0.0,0.0,0.0,0.0,0.0,0.0,0.0,0.0,0.0,0.0,0.0,0.0,0.0,0.0,0.0,0.0,0.0,0.0,0.0,0.0,0.0,0.0,0.0,0.0,0.0,0.0,0.0,0.0,0.0,0.0,0.0,0.0,0.0, -0.1, -0.1,4.3,4.7,4.5,4.4,4.4,4.3,4.4,4.4,4.3,4.3,4.4,4.3,4.4,4.4,4.4,4.4,4.5,4.5,4.5,4.4,4.3,4.5,4.5,4.5,4.6,4.5,4.6,4.5,4.5,4.5,4.6,4.6,4.5,4.5,4.5,4.5,4.5,4.5,4.5,4.5,4.5,4.5,4.5,4.5,4.5,4.5,4.5,4.5,4.5,4.6,4.5,4.5,4.6,4.6,4.6,4.5,4.6,4.6,4.6,4.6,4.6,,,,,,,,,,,,,,,,,,,,,,,,,,,,,,,,,
7F-CHSYS.CHDT,(冰水系統溫差    ),DEG C,0.5,0.5,0.5,0.3,0.4,0.3,0.4,0.3,0.3,0.3,0.5,0.3,0.2,0.7,0.0,0.1,0.1,0.1,0.1, -0.0,0.0,0.0,0.0,0.0,0.8,0.1,0.1,0.1,0.1,0.1,0.1,0.6,0.8,1.0,1.1,1.2,1.2,1.2,1.2,1.2,1.3,1.2,1.2,1.2,1.3,1.4,1.4,1.4, -0.2, -0.3,1.4,1.1,1.0,2.5,2.3,2.5,2.2,2.7,2.8,2.7,2.8,3.2,3.1,3.4,4.0,3.4,3.6,3.9,3.9,3.7,3.6,3.9,3.8,3.7,3.8,3.8,3.8,3.8,3.8,3.7,3.8,3.8,3.8,3.8,3.8,3.8,3.8,3.8,3.8,3.9,3.8,3.9,3.9,3.8,3.8,3.8,3.8,3.9,3.9,3.9,3.9,3.9,3.9,3.9,3.9,3.9,3.9,3.9,4.0,4.0,3.9,,,,,,,,,,,,,,,,,,,,,,,,,,,,,,,,,
7F-CH-1.FM,(CH1水流量       ),,6232,6194,6195,6217,6178,6189,6207,6196,6207,6183,1335,1339,1325,1761,1749,1323,1316,1318,1319,2529,2530,2538,2574,2526,1958,1959,1940,1938,1954,1961,824,761,760,753,760,748,767,754,785,760,761,771,776,758,767,744,756,754,0,0,3479,2773,3148,3237,2913,3001,6195,6198,6085,6097,6047,6150,6047,6044,6098,6082,6000,5964,5948,5961,5947,5989,6035,5971,5952,6013,6007,6004,6010,5987,5985,5994,5960,6015,5984,5989,6019,5971,6041,5971,5998,5983,5966,5984,5946,6005,6009,6018,6010,5988,5989,6017,5963,6029,6013,6016,5965,6005,5984,5942,6017,,,,,,,,,,,,,,,,,,,,,,,,,,,,,,,,,
7F-CH-2.FM,(CH2水流量       ),,3342,3332,3360,3298,3320,3306,3276,3268,3270,3276,906,935,992,1706,1689,1014,989,981,989,2654,2684,2685,2690,2678,1895,1893,1937,1910,1959,1934,20,20,20,20,20,20,20,20,20,20,20,20,20,20,20,20,20,20,20,20,4001,6757,6885,7098,6832,6821,6724,6814,6718,6767,6720,6789,6685,6699,6731,6796,6659,6573,6551,6599,6599,6670,6576,6628,6610,6621,6571,6626,6648,6603,6606,6637,6609,6637,6603,6654,6660,6576,6593,6595,6609,6643,6620,6634,6662,6612,6589,6628,6620,6646,6620,6603,6671,6624,6673,6634,6576,6693,6628,6624,6620,,,,,,,,,,,,,,,,,,,,,,,,,,,,,,,,,
7F-CH-3.FM,(CH3水流量       ),,1974,1932,1910,1868,1893,1917,1907,1993,1968,1956, -1, -1, -1,676,643, -1, -1, -3, -1,1307,1360,1343,1326,1396,828,834,824,803,792,884, -3,1, -1, -1, -1, -1, -1, -1, -1, -1, -3, -3, -1, -1, -1, -1, -1, -1,1, -1,2634,1845,2089,2424,1996,1979,1807,1879,1667,1765,1585,1785,1674,1735,1595,1826,1582,1346,1257,1259,1323,1224,1285,1264,1221,1342,1234,1314,1248,1242,1293,1290,1321,1343,1265,1287,1282,1260,1317,1309,1337,1298,1282,1267,1268,1281,1298,1284,1348,1281,1249,1289,1309,1289,1335,1328,1329,1320,1332,1326,1326,,,,,,,,,,,,,,,,,,,,,,,,,,,,,,,,,
7F-CH-4.FM,(CH4水流量       ),,3832,3698,3815,3787,3803,3792,3865,3842,3868,3759,1690,1773,1742,2367,2376,1804,1814,1831,1635,3228,3198,3295,3224,3262,2524,2645,2532,2632,2673,2610,1614,1153,1146,1181,1171,1168,1151,1032,1146,1190,1132,1182,1174,1184,1143,1195,1160,1184,15,15,4449,3607,3654,4103,3660,3859,3446,3631,3449,3599,3484,3649,3473,3440,3384,3501,3318,3203,3129,3132,3140,3174,3089,3085,3226,3201,3095,3092,3074,3131,3074,3053,3170,3196,3167,3004,3159,3165,3076,3090,3171,3148,3164,3214,3137,3148,3143,3067,3137,3240,3248,3228,3149,3148,3210,3196,3267,3095,3262,3014,3237,,,,,,,,,,,,,,,,,,,,,,,,,,,,,,,,,
7F-CH-5.FM,(CH5水流量       ),,2829,2996,2710,3014,3020,3046,3029,2843,2729,2804,914,937,951,1534,1621,996,1071,992,1020,2478,2648,2560,2495,2487,1851,1860,1990,2007,1853,1915,101,7,7,7,7,7,7,7,7,7,7,10,7,9,9,9,9,9,6129,6299,6814,6592,6695,6737,6374,6364,6151,6185,6142,6162,6017,6192,6056,6029,5856,6187,6093,6056,6032,6173,5942,6149,6053,5960,5895,5906,6034,6095,5943,6149,6115,6259,6026,6092,6059,6092,6096,6064,5926,5926,6073,6010,6003,6231,5901,6121,6076,6090,5898,5906,6029,6114,6040,5979,5979,6020,6070,5895,6190,6123,5993,,,,,,,,,,,,,,,,,,,,,,,,,,,,,,,,,
7F-CH.FM,(冰水總流量      ),,20776,20724,20563,20893,20697,20996,20446,20865,20762,20666,5702,5572,5524,8363,8318,5623,5637,5242,5750,12134,12110,12258,12333,12213,10559,10006,10632,9707,10009,10250,4891,20,20,17,17,17,17,17,17,17,17,17,17,17,17,17,17,17,4647,4647,23316,23625,24990,26372,23601,24526,27004,27905,27321,27324,26974,27482,27307,26004,26176,26888,25836,25801,25935,25815,26032,25753,25650,25915,25681,25660,25588,26025,26228,25867,25836,25726,25592,26269,25722,25825,25877,25585,25822,25867,25997,25794,25709,26056,25849,25684,26472,25812,25939,26155,26004,25863,26272,25856,26386,25904,26097,26379,26028,25880,25929,,,,,,,,,,,,,,,,,,,,,,,,,,,,,,,,,
7F-CW-1.ST,(CW1出水溫度     ),DEG C,31.7,31.0,30.6,29.9,29.9,29.8,29.6,29.4,29.3,29.2,26.9,26.6,26.7,26.8,26.8,26.8,26.8,26.9,26.9,26.9,26.9,26.9,27.0,27.0,27.0,27.0,27.0,27.0,27.0,27.0,27.1,27.1,27.1,27.1,27.1,27.1,27.1,27.1,27.1,27.1,27.1,27.1,27.1,27.1,27.1,27.1,27.1,27.1,27.1,27.1,27.1,27.1,27.1,27.2,27.2,27.2,26.9,28.1,35.5,35.9,35.7,35.7,35.7,36.0,36.1,36.1,36.2,36.0,36.2,36.4,36.4,36.0,36.0,36.2,36.2,36.3,36.4,36.5,36.5,36.7,36.6,36.5,36.5,36.5,36.5,36.6,36.6,36.6,36.7,36.7,36.8,36.8,36.8,36.8,36.8,36.8,36.7,36.7,36.7,36.6,36.6,36.6,36.5,36.5,36.4,36.3,36.3,36.1,36.0,36.0,35.9,,,,,,,,,,,,,,,,,,,,,,,,,,,,,,,,,
7F-CW-2.ST,(CW2出水溫度     ),DEG C,29.2,29.2,29.1,29.1,29.0,29.0,29.0,28.9,28.9,28.9,28.9,28.8,28.7,28.7,28.8,28.7,28.7,28.6,28.7,28.6,28.6,28.5,28.5,28.5,28.5,28.5,28.4,28.5,28.4,28.4,28.4,28.4,28.3,28.4,28.4,28.3,28.2,28.3,28.2,28.2,28.2,28.2,28.2,28.2,28.2,28.2,28.2,28.2,28.2,28.2,28.2,27.7,26.1,35.3,39.2,39.2,39.2,39.2,38.9,38.5,38.4,38.7,38.7,38.7,38.9,39.0,38.9,39.0,38.9,39.2,39.4,39.1,39.2,39.1,39.1,39.3,39.2,39.1,39.3,39.3,39.2,39.1,39.2,39.2,39.2,39.3,39.0,39.3,39.2,39.3,39.4,39.3,39.3,39.4,39.4,39.4,39.1,39.3,39.2,39.1,39.2,39.2,39.1,39.1,38.9,38.8,38.8,38.7,38.6,38.6,38.6,,,,,,,,,,,,,,,,,,,,,,,,,,,,,,,,,
7F-CW-3.ST,(CW3出水溫度     ),DEG C,29.4,29.4,29.3,29.3,29.3,29.3,29.3,29.3,29.3,29.2,29.2,29.2,29.2,29.2,29.2,29.2,29.2,29.1,29.1,29.1,29.1,29.1,29.1,29.1,29.1,29.0,29.0,29.0,29.0,29.0,29.0,29.0,29.0,29.0,28.9,28.9,28.9,28.9,28.9,28.9,28.9,28.9,28.9,28.9,28.9,28.9,28.9,28.8,28.8,28.8,28.8,28.8,28.8,28.8,28.8,28.8,28.8,28.8,28.8,28.8,28.8,28.8,28.8,28.9,28.9,28.9,28.9,28.9,29.0,29.0,29.0,29.0,29.1,29.1,29.1,29.1,29.2,29.2,29.2,29.2,29.3,29.3,29.3,29.4,29.4,29.4,29.5,29.5,29.5,29.6,29.6,29.6,29.7,29.7,29.8,29.8,29.8,29.9,29.9,29.9,30.0,30.0,30.0,30.1,30.1,30.2,30.2,30.2,30.3,30.3,30.3,,,,,,,,,,,,,,,,,,,,,,,,,,,,,,,,,
7F-CW-4.ST,(CW4出水溫度     ),DEG C,28.8,28.8,28.8,28.9,28.8,28.8,28.8,28.8,28.8,28.8,28.8,28.8,28.8,28.8,28.7,28.8,28.8,28.7,28.7,28.7,28.7,28.7,28.7,28.7,28.7,28.6,28.6,28.6,28.6,28.6,28.6,28.6,28.6,28.6,28.6,28.5,28.5,28.5,28.5,28.5,28.5,28.5,28.5,28.5,28.5,28.5,28.4,28.5,28.4,28.4,28.4,28.4,28.4,28.5,28.5,28.5,28.5,28.5,28.5,28.5,28.5,28.6,28.6,28.6,28.6,28.6,28.7,28.7,28.7,28.7,28.7,28.8,28.8,28.8,28.9,28.9,28.9,29.0,29.0,29.0,29.1,29.1,29.1,29.2,29.2,29.2,29.3,29.3,29.4,29.4,29.4,29.5,29.5,29.6,29.6,29.6,29.7,29.7,29.8,29.8,29.8,29.9,29.9,30.0,30.0,30.0,30.1,30.1,30.2,30.2,30.2,,,,,,,,,,,,,,,,,,,,,,,,,,,,,,,,,
7F-CW-5.ST,(CW5出水溫度     ),DEG C,28.8,28.8,28.8,28.8,28.8,28.8,28.8,28.8,28.8,28.8,28.8,28.8,28.8,28.8,28.8,28.7,28.7,28.7,28.7,28.7,28.7,28.7,28.7,28.7,28.6,28.6,28.6,28.6,28.6,28.6,28.6,28.6,28.6,28.6,28.6,28.6,28.5,28.5,28.5,28.5,28.5,28.5,28.5,28.5,28.5,28.5,28.5,28.4,26.8,25.5,33.1,34.4,34.6,34.6,34.6,34.3,34.2,34.5,34.3,34.2,34.1,34.1,34.0,34.0,34.1,34.3,34.2,34.3,34.2,34.7,35.3,34.8,34.9,35.2,34.6,34.6,34.4,34.4,34.5,34.6,34.3,34.4,34.4,34.3,34.4,34.5,34.4,34.5,34.5,34.6,34.6,34.6,34.5,34.6,34.7,34.6,34.5,34.5,34.5,34.3,34.4,34.3,34.3,34.2,34.2,34.1,34.1,33.9,33.9,33.8,33.8,,,,,,,,,,,,,,,,,,,,,,,,,,,,,,,,,
7F-CW.ST,(冷卻水總出水溫度),,31.7,31.0,30.6,29.9,29.9,29.8,29.6,29.4,29.3,29.2,0.0,0.0,0.0,0.0,0.0,0.0,0.0,0.0,0.0,0.0,0.0,0.0,0.0,0.0,0.0,0.0,0.0,0.0,0.0,0.0,0.0,0.0,0.0,0.0,0.0,0.0,0.0,0.0,0.0,0.0,0.0,0.0,0.0,0.0,0.0,0.0,0.0,0.0,26.8,25.5,33.1,31.1,30.4,34.9,36.9,36.8,33.4,33.9,36.2,36.2,36.1,36.2,36.2,36.2,36.3,36.5,36.4,36.4,36.5,36.8,37.1,36.6,36.7,36.9,36.6,36.7,36.7,36.7,36.8,36.8,36.7,36.7,36.7,36.7,36.7,36.8,36.7,36.8,36.8,36.8,36.9,36.9,36.9,36.9,37.0,36.9,36.8,36.9,36.8,36.7,36.7,36.7,36.6,36.6,36.5,36.4,36.4,36.2,36.2,36.1,36.1,,,,,,,,,,,,,,,,,,,,,,,,,,,,,,,,,
7F-CW-1.RT,(CW1回水溫度     ),,28.9,28.5,28.2,27.9,27.8,27.8,27.7,27.6,27.5,27.4,26.3,26.4,26.6,26.7,26.7,26.7,26.8,26.8,26.9,26.9,26.9,26.9,27.0,27.0,27.0,27.0,27.1,27.1,27.1,27.1,27.1,27.1,27.2,27.2,27.2,27.2,27.2,27.2,27.3,27.3,27.3,27.3,27.3,27.3,27.3,27.3,27.4,27.4,27.4,27.4,27.4,27.4,27.4,27.4,27.4,27.4,26.8,26.2,31.2,31.4,31.4,31.2,31.2,31.7,31.7,31.6,31.7,31.6,31.7,32.0,32.1,31.4,31.6,31.9,31.6,31.8,32.0,32.0,31.9,32.2,32.1,32.0,32.0,32.1,32.0,32.1,32.1,32.2,32.2,32.2,32.3,32.3,32.3,32.3,32.4,32.3,32.2,32.2,32.2,32.1,32.2,32.1,32.0,31.8,31.8,31.7,31.7,31.5,31.4,31.4,31.3,,,,,,,,,,,,,,,,,,,,,,,,,,,,,,,,,
7F-CW-2.RT,(CW2回水溫度     ),,29.4,29.4,29.5,29.5,29.5,29.5,29.5,29.5,29.5,29.5,29.5,29.4,29.4,29.4,29.4,29.4,29.4,29.4,29.4,29.3,29.3,29.3,29.3,29.3,29.3,29.3,29.3,29.3,29.3,29.2,29.2,29.2,29.2,29.2,29.2,29.2,29.2,29.2,29.2,29.1,29.1,29.1,29.1,29.1,29.1,29.1,29.1,29.1,29.1,29.0,29.0,27.7,26.1,30.7,33.7,33.7,33.7,33.7,33.5,33.5,33.2,33.4,33.3,33.3,33.5,33.6,33.5,33.6,33.5,34.2,34.5,33.7,33.8,34.0,33.6,33.9,33.7,33.7,33.9,33.9,33.7,33.6,33.8,33.8,33.8,33.9,33.7,33.9,33.9,33.9,34.0,33.9,33.8,34.0,34.0,33.9,33.7,33.9,33.7,33.6,33.7,33.8,33.7,33.6,33.5,33.3,33.2,33.1,33.1,33.0,33.2,,,,,,,,,,,,,,,,,,,,,,,,,,,,,,,,,
7F-CW-3.RT,(CW3回水溫度     ),,29.8,29.8,29.8,29.8,29.8,29.8,29.8,29.8,29.8,29.8,29.8,29.7,29.7,29.7,29.7,29.7,29.7,29.7,29.7,29.7,29.7,29.7,29.7,29.7,29.6,29.6,29.6,29.6,29.6,29.6,29.6,29.6,29.6,29.5,29.5,29.5,29.5,29.5,29.5,29.5,29.5,29.5,29.4,29.4,29.4,29.4,29.4,29.4,29.4,29.4,29.4,29.3,29.3,29.3,29.3,29.3,29.3,29.3,29.3,29.3,29.3,29.3,29.3,29.3,29.3,29.3,29.4,29.4,29.4,29.4,29.4,29.4,29.5,29.5,29.5,29.5,29.6,29.6,29.6,29.7,29.7,29.8,29.8,29.8,29.9,29.9,29.9,30.0,30.0,30.0,30.1,30.1,30.1,30.2,30.2,30.2,30.3,30.3,30.4,30.4,30.4,30.5,30.5,30.5,30.6,30.6,30.6,30.7,30.7,30.7,30.7,,,,,,,,,,,,,,,,,,,,,,,,,,,,,,,,,
7F-CW-4.RT,(CW4回水溫度     ),,30.1,30.1,30.1,30.1,30.1,30.0,30.0,30.0,30.0,30.0,30.0,29.9,29.9,29.9,29.9,29.8,29.8,29.8,29.8,29.8,29.7,29.7,29.7,29.7,29.7,29.7,29.6,29.6,29.6,29.6,29.6,29.5,29.5,29.5,29.5,29.5,29.4,29.4,29.4,29.4,29.3,29.3,29.3,29.3,29.3,29.3,29.2,29.2,29.2,29.2,29.2,29.2,29.2,29.2,29.2,29.2,29.2,29.2,29.2,29.2,29.3,29.3,29.3,29.4,29.4,29.4,29.5,29.5,29.5,29.6,29.6,29.7,29.7,29.7,29.8,29.8,29.9,29.9,29.9,30.0,30.0,30.1,30.1,30.1,30.2,30.2,30.3,30.3,30.4,30.4,30.5,30.5,30.6,30.6,30.6,30.7,30.7,30.8,30.8,30.9,30.9,31.0,31.0,31.0,31.1,31.1,31.2,31.2,31.2,31.3,31.3,,,,,,,,,,,,,,,,,,,,,,,,,,,,,,,,,
7F-CW-5.RT,(CW5回水溫度     ),,28.7,28.7,28.7,28.7,28.8,28.8,28.8,28.8,28.8,28.8,28.8,28.8,28.8,28.8,28.8,28.8,28.8,28.8,28.8,28.8,28.8,28.8,28.7,28.7,28.7,28.7,28.7,28.7,28.7,28.7,28.7,28.7,28.7,28.7,28.7,28.6,28.6,28.6,28.6,28.6,28.6,28.6,28.6,28.6,28.6,28.6,28.6,28.6,26.6,25.5,29.8,30.7,30.8,30.8,30.9,30.6,30.6,30.9,30.7,30.7,30.5,30.5,30.4,30.4,30.4,30.6,30.5,30.7,30.6,31.2,31.9,31.2,31.2,31.7,30.9,30.9,30.7,30.7,30.8,30.9,30.6,30.7,30.7,30.6,30.7,30.8,30.7,30.8,30.9,30.9,30.9,30.9,30.8,30.9,31.0,30.9,30.8,30.8,30.8,30.6,30.6,30.6,30.5,30.4,30.4,30.4,30.4,30.1,30.1,30.0,30.0,,,,,,,,,,,,,,,,,,,,,,,,,,,,,,,,,
7F-CW.RT,(冷卻水總回水溫度),,28.9,28.5,28.2,27.9,27.8,27.8,27.7,27.6,27.5,27.4,0.0,0.0,0.0,0.0,0.0,0.0,0.0,0.0,0.0,0.0,0.0,0.0,0.0,0.0,0.0,0.0,0.0,0.0,0.0,0.0,0.0,0.0,0.0,0.0,0.0,0.0,0.0,0.0,0.0,0.0,0.0,0.0,0.0,0.0,0.0,0.0,0.0,0.0,26.6,25.5,29.8,29.2,28.4,30.8,32.3,32.2,30.3,30.2,31.8,31.9,31.7,31.7,31.6,31.8,31.9,31.9,31.9,32.0,31.9,32.5,32.8,32.1,32.2,32.5,32.0,32.2,32.1,32.1,32.2,32.3,32.1,32.1,32.2,32.2,32.2,32.3,32.2,32.3,32.3,32.3,32.4,32.4,32.3,32.4,32.4,32.4,32.3,32.3,32.2,32.1,32.2,32.1,32.1,32.0,31.9,31.8,31.8,31.6,31.5,31.5,31.5,,,,,,,,,,,,,,,,,,,,,,,,,,,,,,,,,
7F-CH-1.CWDT,(冷卻水溫差      ),DEG C,2.8,2.5,2.3,2.0,2.1,2.0,1.9,1.9,1.8,1.8,0.0,0.0,0.0,0.0,0.0,0.0,0.0,0.0,0.0,0.0,0.0,0.0,0.0,0.0,0.0,0.0,0.0,0.0,0.0,0.0,0.0,0.0,0.0,0.0,0.0,0.0,0.0,0.0,0.0,0.0,0.0,0.0,0.0,0.0,0.0,0.0,0.0,0.0,0.0,0.0,0.0,0.0,0.0,0.0,0.0,0.0,0.1,2.0,4.3,4.5,4.3,4.5,4.5,4.3,4.4,4.5,4.5,4.4,4.5,4.3,4.3,4.5,4.4,4.3,4.6,4.5,4.4,4.5,4.6,4.5,4.5,4.5,4.5,4.5,4.5,4.5,4.5,4.4,4.4,4.5,4.4,4.4,4.5,4.5,4.5,4.5,4.5,4.5,4.5,4.5,4.5,4.5,4.6,4.6,4.6,4.6,4.6,4.6,4.6,4.6,4.6,,,,,,,,,,,,,,,,,,,,,,,,,,,,,,,,,
7F-CH-2.CWDT,(冷卻水溫差      ),DEG C,0.0,0.0,0.0,0.0,0.0,0.0,0.0,0.0,0.0,0.0,0.0,0.0,0.0,0.0,0.0,0.0,0.0,0.0,0.0,0.0,0.0,0.0,0.0,0.0,0.0,0.0,0.0,0.0,0.0,0.0,0.0,0.0,0.0,0.0,0.0,0.0,0.0,0.0,0.0,0.0,0.0,0.0,0.0,0.0,0.0,0.0,0.0,0.0,0.0,0.0,0.0, -0.0,0.0,4.6,5.4,5.5,5.5,5.5,5.4,5.1,5.3,5.4,5.4,5.4,5.4,5.5,5.4,5.4,5.4,5.0,4.9,5.4,5.4,5.1,5.5,5.3,5.4,5.5,5.4,5.4,5.5,5.5,5.4,5.4,5.4,5.4,5.3,5.4,5.3,5.4,5.4,5.3,5.4,5.4,5.5,5.5,5.4,5.4,5.5,5.5,5.5,5.4,5.5,5.5,5.5,5.5,5.6,5.6,5.5,5.5,5.5,,,,,,,,,,,,,,,,,,,,,,,,,,,,,,,,,
7F-CH-3.CWDT,(冷卻水溫差      ),DEG C,0.0,0.0,0.0,0.0,0.0,0.0,0.0,0.0,0.0,0.0,0.0,0.0,0.0,0.0,0.0,0.0,0.0,0.0,0.0,0.0,0.0,0.0,0.0,0.0,0.0,0.0,0.0,0.0,0.0,0.0,0.0,0.0,0.0,0.0,0.0,0.0,0.0,0.0,0.0,0.0,0.0,0.0,0.0,0.0,0.0,0.0,0.0,0.0,0.0,0.0,0.0,0.0,0.0,0.0,0.0,0.0,0.0,0.0,0.0,0.0,0.0,0.0,0.0,0.0,0.0,0.0,0.0,0.0,0.0,0.0,0.0,0.0,0.0,0.0,0.0,0.0,0.0,0.0,0.0,0.0,0.0,0.0,0.0,0.0,0.0,0.0,0.0,0.0,0.0,0.0,0.0,0.0,0.0,0.0,0.0,0.0,0.0,0.0,0.0,0.0,0.0,0.0,0.0,0.0,0.0,0.0,0.0,0.0,0.0,0.0,0.0,,,,,,,,,,,,,,,,,,,,,,,,,,,,,,,,,
7F-CH-4.CWDT,(冷卻水溫差      ),DEG C,0.0,0.0,0.0,0.0,0.0,0.0,0.0,0.0,0.0,0.0,0.0,0.0,0.0,0.0,0.0,0.0,0.0,0.0,0.0,0.0,0.0,0.0,0.0,0.0,0.0,0.0,0.0,0.0,0.0,0.0,0.0,0.0,0.0,0.0,0.0,0.0,0.0,0.0,0.0,0.0,0.0,0.0,0.0,0.0,0.0,0.0,0.0,0.0,0.0,0.0,0.0,0.0,0.0,0.0,0.0,0.0,0.0,0.0,0.0,0.0,0.0,0.0,0.0,0.0,0.0,0.0,0.0,0.0,0.0,0.0,0.0,0.0,0.0,0.0,0.0,0.0,0.0,0.0,0.0,0.0,0.0,0.0,0.0,0.0,0.0,0.0,0.0,0.0,0.0,0.0,0.0,0.0,0.0,0.0,0.0,0.0,0.0,0.0,0.0,0.0,0.0,0.0,0.0,0.0,0.0,0.0,0.0,0.0,0.0,0.0,0.0,,,,,,,,,,,,,,,,,,,,,,,,,,,,,,,,,
7F-CH-5.CWDT,(冷卻水溫差      ),DEG C,0.0,0.0,0.0,0.0,0.0,0.0,0.0,0.0,0.0,0.0,0.0,0.0,0.0,0.0,0.0,0.0,0.0,0.0,0.0,0.0,0.0,0.0,0.0,0.0,0.0,0.0,0.0,0.0,0.0,0.0,0.0,0.0,0.0,0.0,0.0,0.0,0.0,0.0,0.0,0.0,0.0,0.0,0.0,0.0,0.0,0.0,0.0,0.0,0.2,0.0,3.3,3.7,3.8,3.8,3.7,3.7,3.6,3.6,3.6,3.6,3.6,3.6,3.7,3.6,3.6,3.7,3.7,3.6,3.7,3.5,3.5,3.6,3.6,3.6,3.8,3.6,3.7,3.7,3.7,3.7,3.7,3.7,3.7,3.7,3.7,3.7,3.7,3.7,3.7,3.7,3.7,3.7,3.7,3.7,3.7,3.7,3.7,3.7,3.7,3.7,3.7,3.7,3.7,3.7,3.8,3.7,3.7,3.8,3.8,3.8,3.8,,,,,,,,,,,,,,,,,,,,,,,,,,,,,,,,,
7F-CHSYS.CWDT,(冷卻水系統溫差  ),DEG C,2.8,2.5,2.3,2.0,2.1,2.0,1.9,1.9,1.8,1.8,0.0,0.0,0.0,0.0,0.0,0.0,0.0,0.0,0.0,0.0,0.0,0.0,0.0,0.0,0.0,0.0,0.0,0.0,0.0,0.0,0.0,0.0,0.0,0.0,0.0,0.0,0.0,0.0,0.0,0.0,0.0,0.0,0.0,0.0,0.0,0.0,0.0,0.0,0.2,0.0,3.3,1.9,1.9,4.2,4.6,4.6,3.1,3.7,4.4,4.4,4.4,4.5,4.5,4.5,4.4,4.5,4.5,4.5,4.5,4.3,4.2,4.5,4.5,4.3,4.6,4.5,4.5,4.6,4.6,4.5,4.6,4.6,4.5,4.5,4.5,4.5,4.5,4.5,4.5,4.5,4.5,4.5,4.6,4.5,4.5,4.6,4.5,4.6,4.6,4.6,4.6,4.5,4.6,4.6,4.6,4.6,4.6,4.7,4.6,4.6,4.6,,,,,,,,,,,,,,,,,,,,,,,,,,,,,,,,,
7F-CW-1.FM,(CW1水流量       ),,8982,8785,8709,8487,8639,8449,8395,8464,8629,8524,18,17,17,15,15,15,15,15,15,15,15,15,15,15,15,15,15,15,15,15,15,15,15,15,15,18,15,15,15,15,15,15,15,15,15,15,15,15,15,15,14,15,17,17,17,17,8537,8201,8757,8656,8314,8928,8876,8940,8724,8768,8598,8687,8857,8664,8309,8789,8693,8674,8662,8723,8698,8654,8579,8520,8657,8501,8574,8609,8596,8264,8556,8476,8429,8481,8407,8659,8628,8645,8417,8439,8614,8299,8470,8606,8554,8601,8492,8560,8274,8310,8695,8778,8595,8876,8785,,,,,,,,,,,,,,,,,,,,,,,,,,,,,,,,,
7F-CW-2.FM,(CW2水流量       ),,15,15,15,15,15,15,17,15,17,17,12,14,14,14,14,14,14,14,14,14,14,14,12,15,12,12,14,14,14,14,14,12,12,12,12,12,12,15,12,12,12,12,12,12,12,12,15,15,14,14,14,14,17,14,16526,19290,9253,14248,7517,6271,5157,4003,2521,1385,1074,1792,2885,2923,4214,5257,6932,5810,5560,5181,5229,4407,3903,3831,4164,3474,3023,1028,15,17,17,17,18,18,15,693,3710,7081,6257,11765,18187,20281,17042,18523,18626,12714,10010,8267,7649,6756,5934,5504,5484,5104,5120,5395,4909,,,,,,,,,,,,,,,,,,,,,,,,,,,,,,,,,
7F-CW-3.FM,(CW3水流量       ),,21,21,21,21,21,21,18,18,21,21,18,18,18,18,18,18,18,18,18,18,18,18,18,18,21,18,18,18,18,18,18,21,18,18,18,18,21,18,18,18,18,18,18,18,18,18,18,18,18,18,18,18,21,21,21,18,21,18,18,21,21,21,21,21,21,18,21,21,21,21,21,21,21,21,21,21,21,24,21,23,21,24,24,24,23,24,23,23,21,24,24,24,24,23,23,23,23,26,23,26,23,26,26,26,23,23,24,23,23,23,23,,,,,,,,,,,,,,,,,,,,,,,,,,,,,,,,,
7F-CW-4.FM,(CW4水流量       ),,17,17,17,14,17,17,17,17,14,14,15,15,15,15,14,14,14,15,15,15,17,14,14,14,17,14,14,14,14,17,14,15,15,15,14,14,14,15,14,14,14,14,14,14,14,14,14,14,14,14,14,15,15,15,14,15,15,17,17,15,15,15,15,15,15,15,15,15,15,15,15,15,15,15,15,14,17,14,15,15,15,15,15,15,17,18,17,17,17,17,17,17,17,15,15,18,15,18,18,15,18,15,15,17,15,15,15,15,15,15,18,,,,,,,,,,,,,,,,,,,,,,,,,,,,,,,,,
7F-CW-5.FM,(CW5水流量       ),,18,15,17,17,17,14,17,17,17,14,15,15,15,12,15,14,17,14,12,15,15,15,12,15,15,14,15,12,12,15,14,15,12,15,12,14,14,15,15,15,15,12,12,15,12,15,15,12,8007,8145,8364,8292,8381,8387,8276,8224,8281,8282,8295,8134,8434,8285,8299,8426,8349,8268,8301,8164,8326,8207,8218,8435,8445,8365,8301,8239,8299,8256,8259,8285,8256,8362,8337,8270,8181,8271,8290,8251,8349,8362,8317,8324,8340,8445,8392,8367,8364,8223,8382,8264,8270,8324,8195,8207,8396,8392,8399,8303,8384,8235,8087,,,,,,,,,,,,,,,,,,,,,,,,,,,,,,,,,
7F-CW.FM,(冷卻水總流量    ),,8985,8849,8742,8526,8721,8504,8442,8542,8679,8654,81,81,81,79,78,76,79,78,76,79,81,78,73,73,85,74,78,74,78,84,76,78,74,78,76,78,78,81,76,76,76,73,73,76,76,76,76,76,8070,8170,8374,8312,8464,8479,24856,27567,26118,30726,24635,23153,21943,21192,19685,18771,18187,18864,19798,19742,21464,22160,23498,23062,22779,22218,22162,21323,20940,20764,21062,20320,19974,17929,16981,16937,16906,16628,16885,16787,16834,17548,20542,24089,23229,28878,34906,37421,34059,35048,35467,29629,26881,25142,24382,23598,22582,22274,22581,22234,22098,22579,21856,,,,,,,,,,,,,,,,,,,,,,,,,,,,,,,,,
CH1F7:KW,(                ),kW,181.0,173.0,164.0,138.0,150.0,140.0,138.0,133.0,129.0,131.0,0.0,0.0,0.0,0.0,0.0,0.0,0.0,0.0,0.0,0.0,0.0,0.0,0.0,0.0,0.0,0.0,0.0,0.0,0.0,0.0,0.0,0.0,0.0,0.0,0.0,0.0,0.0,0.0,0.0,0.0,0.0,0.0,0.0,0.0,0.0,0.0,0.0,0.0,0.0,0.0,0.0,0.0,0.0,0.0,0.0,0.0,0.0,140.0,322.0,317.0,315.0,315.0,316.0,315.0,312.0,310.0,316.0,313.0,318.0,311.0,307.0,311.0,309.0,309.0,311.0,311.0,308.0,312.0,312.0,313.0,316.0,314.0,312.0,314.0,313.0,316.0,312.0,314.0,314.0,315.0,313.0,314.0,312.0,316.0,313.0,312.0,310.0,315.0,314.0,311.0,316.0,313.0,313.0,313.0,311.0,315.0,317.0,314.0,312.0,312.0,311.0,,,,,,,,,,,,,,,,,,,,,,,,,,,,,,,,,
CH2F7:KW,(                ),kW,0.0,1.0,1.0,0.4,1.0,1.0,0.4,1.0,1.0,0.4,1.0,0.4,1.0,1.0,0.4,1.0,0.4,1.0,1.0,0.4,1.0,1.0,0.4,1.0,0.4,1.0,1.1,0.0,0.7,0.8,0.0,0.7,0.7,0.0,0.0,0.7,0.7,0.0,0.7,0.7,0.0,0.0,0.7,0.7,0.0,0.0,0.7,0.7,0.0,0.8,0.7,0.0,0.8,517.3,534.6,535.1,533.8,533.2,524.2,510.5,522.3,527.0,527.3,524.8,527.3,525.2,523.4,523.0,522.7,494.7,518.6,524.2,522.8,471.0,520.4,522.7,523.0,520.9,524.4,520.6,525.2,522.4,521.7,522.9,521.7,523.9,512.7,519.6,479.7,516.9,525.3,492.3,523.6,527.6,523.9,522.2,483.1,522.2,523.7,525.8,521.8,522.4,523.7,523.0,521.3,523.6,523.3,522.4,522.3,523.0,522.5,,,,,,,,,,,,,,,,,,,,,,,,,,,,,,,,,
CH3F7:KW,(                ),kW,0.7,0.7,0.0,0.0,0.7,0.7,0.0,0.0,0.7,0.7,0.7,0.0,0.7,0.7,0.7,0.0,0.0,0.7,0.7,0.0,0.0,0.7,0.7,0.7,0.0,0.0,0.7,0.7,0.0,0.0,0.7,0.7,0.0,0.0,0.7,0.7,0.7,0.0,0.0,0.7,0.7,0.0,0.0,0.7,0.7,0.7,0.0,0.0,0.7,0.7,0.0,0.0,0.7,0.7,0.7,0.0,0.0,0.7,0.7,0.7,0.0,0.0,0.7,0.7,0.0,0.0,0.7,0.7,0.7,0.0,0.0,0.7,0.7,0.7,0.0,0.7,0.7,0.7,0.0,0.0,0.7,0.7,0.7,0.0,0.0,0.7,0.7,0.7,0.0,0.0,0.7,0.7,0.7,0.0,0.0,0.7,0.7,0.0,0.0,0.7,0.7,0.7,0.0,0.0,0.7,0.7,0.7,0.0,0.0,0.7,0.7,,,,,,,,,,,,,,,,,,,,,,,,,,,,,,,,,
CH4F7:KW,(                ),kW,0.0,0.0,0.0,0.0,0.0,0.0,0.0,0.0,0.0,0.0,0.0,0.0,0.0,0.0,0.0,0.0,0.0,0.0,0.0,0.0,0.0,0.0,0.0,0.0,0.0,0.0,0.0,0.0,0.0,0.0,0.0,0.0,0.0,0.0,0.0,0.0,0.0,0.0,0.0,0.0,0.0,0.0,0.0,0.0,0.0,0.0,0.0,0.0,0.0,0.0,0.0,0.0,0.0,0.0,0.0,0.0,0.0,0.0,0.0,0.0,0.0,0.0,0.0,0.0,0.0,0.0,0.0,0.0,0.0,0.0,0.0,0.0,0.0,0.0,0.0,0.0,0.0,0.0,0.0,0.0,0.0,0.0,0.0,0.0,0.0,0.0,0.0,0.0,0.0,0.0,0.0,0.0,0.0,0.0,0.0,0.0,0.0,0.0,0.0,0.0,0.0,0.0,0.0,0.0,0.0,0.0,0.0,0.0,0.0,0.0,0.0,,,,,,,,,,,,,,,,,,,,,,,,,,,,,,,,,
CH5F7:KW,(                ),kW,0.0,0.0,0.0,0.0,0.0,0.0,0.0,0.0,0.0,0.0,0.0,0.0,0.0,0.0,0.0,0.0,0.0,0.0,0.0,0.0,0.0,0.0,0.0,0.0,0.0,0.0,0.0,0.0,0.0,0.0,0.0,0.0,0.0,0.0,0.0,0.0,0.0,0.0,0.0,0.0,0.0,0.0,0.0,0.0,0.0,0.0,0.0,0.0,0.0,0.0,293.0,290.0,287.0,287.0,291.0,292.0,292.0,293.0,293.0,294.0,298.0,296.0,295.0,293.0,294.0,292.0,291.0,296.0,290.0,302.0,295.0,295.0,290.0,298.0,292.0,294.0,292.0,291.0,294.0,293.0,295.0,293.0,292.0,294.0,293.0,292.0,293.0,292.0,293.0,294.0,293.0,293.0,293.0,295.0,294.0,292.0,290.0,292.0,291.0,293.0,293.0,294.0,292.0,291.0,292.0,295.0,293.0,291.0,292.0,293.0,292.0,,,,,,,,,,,,,,,,,,,,,,,,,,,,,,,,,
CHF7-ALL.KW,(冰機系統功率    ),,181.7,174.7,165.0,138.4,151.7,141.7,138.4,134.0,134.7,132.0,1.7,0.4,1.7,1.7,1.1,1.0,0.4,1.7,1.7,0.4,1.0,1.7,1.1,1.7,0.4,1.0,1.8,0.7,0.7,0.8,0.7,1.4,0.7,0.0,0.7,1.4,1.4,0.0,0.7,1.4,0.7,0.0,0.7,1.4,0.7,0.7,0.7,0.7,0.7,1.4,293.7,290.0,288.5,805.0,826.3,827.1,825.8,966.9,1139.8,1122.2,1135.3,1138.0,1139.0,1133.5,1133.3,1127.2,1131.0,1132.7,1131.4,1107.7,1120.6,1130.8,1122.5,1078.7,1123.4,1128.4,1123.6,1124.6,1130.4,1126.6,1136.9,1130.1,1126.4,1130.9,1127.7,1132.6,1118.4,1126.3,1086.7,1125.9,1131.9,1100.0,1129.3,1138.6,1130.9,1126.9,1083.8,1129.2,1128.7,1130.5,1131.4,1130.1,1128.7,1127.0,1124.9,1134.3,1133.9,1127.4,1126.3,1128.7,1126.2,,,,,,,,,,,,,,,,,,,,,,,,,,,,,,,,,
7F-CH-1.TON,(冷凍頓          ),,302,287,273,228,257,236,229,218,213,213,0,0,0,0,0,0,0,0,0,0,0,0,0,0,0,0,0,0,0,0,0,0,0,0,0,0,0,0,0,0,0,0,0,0,0,0,0,0,0,0,0,0,0,0,0,0,0,435,552,537,540,554,549,547,553,543,544,553,546,547,544,559,559,546,557,558,549,552,555,549,551,553,550,552,550,551,551,550,553,546,547,548,548,548,546,551,551,552,552,553,547,552,545,559,556,556,552,561,558,557,562,,,,,,,,,,,,,,,,,,,,,,,,,,,,,,,,,
7F-CH-2.TON,(冷凍頓          ),,0,0,0,0,0,0,0,0,0,0,0,0,0,0,0,0,0,0,0,0,0,0,0,0,0,0,0,0,0,0,0,0,0,0,0,0,0,0,0,0,0,0,0,0,0,0,0,0,0,0,0,0,0,692,654,643,645,645,623,579,623,629,629,634,636,633,632,628,629,588,579,644,632,597,637,631,629,641,632,629,635,639,633,634,627,634,616,624,618,630,633,627,635,631,638,637,619,636,639,643,637,634,642,637,644,641,639,648,642,641,641,,,,,,,,,,,,,,,,,,,,,,,,,,,,,,,,,
7F-CH-3.TON,(冷凍頓          ),,0,0,0,0,0,0,0,0,0,0,0,0,0,0,0,0,0,0,0,0,0,0,0,0,0,0,0,0,0,0,0,0,0,0,0,0,0,0,0,0,0,0,0,0,0,0,0,0,0,0,0,0,0,0,0,0,0,0,0,0,0,0,0,0,0,0,0,0,0,0,0,0,0,0,0,0,0,0,0,0,0,0,0,0,0,0,0,0,0,0,0,0,0,0,0,0,0,0,0,0,0,0,0,0,0,0,0,0,0,0,0,,,,,,,,,,,,,,,,,,,,,,,,,,,,,,,,,
7F-CH-4.TON,(冷凍頓          ),,0,0,0,0,0,0,0,0,0,0,0,0,0,0,0,0,0,0,0,0,0,0,0,0,0,0,0,0,0,0,0,0,0,0,0,0,0,0,0,0,0,0,0,0,0,0,0,0,0,0,0,0,0,0,0,0,0,0,0,0,0,0,0,0,0,0,0,0,0,0,0,0,0,0,0,0,0,0,0,0,0,0,0,0,0,0,0,0,0,0,0,0,0,0,0,0,0,0,0,0,0,0,0,0,0,0,0,0,0,0,0,,,,,,,,,,,,,,,,,,,,,,,,,,,,,,,,,
7F-CH-5.TON,(冷凍頓          ),,0,0,0,0,0,0,0,0,0,0,0,0,0,0,0,0,0,0,0,0,0,0,0,0,0,0,0,0,0,0,0,0,0,0,0,0,0,0,0,0,0,0,0,0,0,0,0,0,0,0,580,602,600,585,562,548,538,534,524,519,521,534,533,536,514,538,544,543,539,537,506,547,537,528,530,530,545,548,529,551,555,566,541,549,543,546,554,546,531,534,550,541,542,559,531,551,548,550,537,539,545,551,548,544,540,543,548,538,557,556,544,,,,,,,,,,,,,,,,,,,,,,,,,,,,,,,,,
7F-CHSYS.TON,(冷凍頓          ),,62,56,56,35,47,42,42,38,38,34,0,0,0,0,0,0,0,0,0,0,0,0,0,0,0,0,0,0,0,0,0,0,0,0,0,0,0,0,0,0,0,0,0,0,0,0,0,0,0,0,186,148,129,683,611,662,560,1026,1060,1019,1036,1232,1154,1267,1486,1284,1341,1419,1433,1358,1324,1444,1415,1380,1388,1407,1414,1410,1395,1389,1406,1431,1406,1408,1401,1398,1423,1414,1394,1425,1400,1437,1452,1440,1404,1432,1419,1462,1425,1444,1434,1430,1419,1447,1444,1452,1439,1434,1471,1488,1463,,,,,,,,,,,,,,,,,,,,,,,,,,,,,,,,,
7F-CH-1.KW/RT,(冰機效率        ),,0.00,0.00,0.00,0.00,0.00,0.00,0.00,0.00,0.00,0.00,0.00,0.00,0.00,0.00,0.00,0.00,0.00,0.00,0.00,0.00,0.00,0.00,0.00,0.00,0.00,0.00,0.00,0.00,0.00,0.00,0.00,0.00,0.00,0.00,0.00,0.00,0.00,0.00,0.00,0.00,0.00,0.00,0.00,0.00,0.00,0.00,0.00,0.00,0.00,0.00,0.00,0.00,0.00,0.00,0.00,0.00,0.00,0.00,0.00,0.00,0.00,0.00,0.00,0.00,0.00,0.00,0.00,0.00,0.00,0.00,0.00,0.00,0.00,0.00,0.00,0.00,0.00,0.00,0.00,0.00,0.00,0.00,0.00,0.00,0.00,0.00,0.00,0.00,0.00,0.00,0.00,0.00,0.00,0.00,0.00,0.00,0.00,0.00,0.00,0.00,0.00,0.00,0.00,0.00,0.00,0.00,0.00,0.00,0.00,0.00,0.00,,,,,,,,,,,,,,,,,,,,,,,,,,,,,,,,,
7F-CH-2.KW/RT,(冰機效率        ),,0.00,0.00,0.00,0.00,0.00,0.00,0.00,0.00,0.00,0.00,0.00,0.00,0.00,0.00,0.00,0.00,0.00,0.00,0.00,0.00,0.00,0.00,0.00,0.00,0.00,0.00,0.00,0.00,0.00,0.00,0.00,0.00,0.00,0.00,0.00,0.00,0.00,0.00,0.00,0.00,0.00,0.00,0.00,0.00,0.00,0.00,0.00,0.00,0.00,0.00,0.00,0.00,0.00,0.76,0.80,0.82,0.81,0.81,0.84,0.91,0.84,0.83,0.83,0.83,0.83,0.83,0.83,0.84,0.83,0.89,0.91,0.82,0.83,0.88,0.82,0.83,0.83,0.82,0.83,0.83,0.83,0.82,0.83,0.83,0.84,0.83,0.85,0.84,0.85,0.83,0.83,0.84,0.83,0.83,0.82,0.82,0.85,0.83,0.82,0.82,0.82,0.83,0.82,0.82,0.82,0.82,0.82,0.81,0.82,0.82,0.82,,,,,,,,,,,,,,,,,,,,,,,,,,,,,,,,,
7F-CH-3.KW/RT,(冰機效率        ),,0.00,0.00,0.00,0.00,0.00,0.00,0.00,0.00,0.00,0.00,0.00,0.00,0.00,0.00,0.00,0.00,0.00,0.00,0.00,0.00,0.00,0.00,0.00,0.00,0.00,0.00,0.00,0.00,0.00,0.00,0.00,0.00,0.00,0.00,0.00,0.00,0.00,0.00,0.00,0.00,0.00,0.00,0.00,0.00,0.00,0.00,0.00,0.00,0.00,0.00,0.00,0.00,0.00,0.00,0.00,0.00,0.00,0.00,0.00,0.00,0.00,0.00,0.00,0.00,0.00,0.00,0.00,0.00,0.00,0.00,0.00,0.00,0.00,0.00,0.00,0.00,0.00,0.00,0.00,0.00,0.00,0.00,0.00,0.00,0.00,0.00,0.00,0.00,0.00,0.00,0.00,0.00,0.00,0.00,0.00,0.00,0.00,0.00,0.00,0.00,0.00,0.00,0.00,0.00,0.00,0.00,0.00,0.00,0.00,0.00,0.00,,,,,,,,,,,,,,,,,,,,,,,,,,,,,,,,,
7F-CH-4.KW/RT,(冰機效率        ),,0.00,0.00,0.00,0.00,0.00,0.00,0.00,0.00,0.00,0.00,0.00,0.00,0.00,0.00,0.00,0.00,0.00,0.00,0.00,0.00,0.00,0.00,0.00,0.00,0.00,0.00,0.00,0.00,0.00,0.00,0.00,0.00,0.00,0.00,0.00,0.00,0.00,0.00,0.00,0.00,0.00,0.00,0.00,0.00,0.00,0.00,0.00,0.00,0.00,0.00,0.00,0.00,0.00,0.00,0.00,0.00,0.00,0.00,0.00,0.00,0.00,0.00,0.00,0.00,0.00,0.00,0.00,0.00,0.00,0.00,0.00,0.00,0.00,0.00,0.00,0.00,0.00,0.00,0.00,0.00,0.00,0.00,0.00,0.00,0.00,0.00,0.00,0.00,0.00,0.00,0.00,0.00,0.00,0.00,0.00,0.00,0.00,0.00,0.00,0.00,0.00,0.00,0.00,0.00,0.00,0.00,0.00,0.00,0.00,0.00,0.00,,,,,,,,,,,,,,,,,,,,,,,,,,,,,,,,,
7F-CH-5.KW/RT,(冰機效率        ),,0.00,0.00,0.00,0.00,0.00,0.00,0.00,0.00,0.00,0.00,0.00,0.00,0.00,0.00,0.00,0.00,0.00,0.00,0.00,0.00,0.00,0.00,0.00,0.00,0.00,0.00,0.00,0.00,0.00,0.00,0.00,0.00,0.00,0.00,0.00,0.00,0.00,0.00,0.00,0.00,0.00,0.00,0.00,0.00,0.00,0.00,0.00,0.00,0.00,0.00,0.50,0.48,0.48,0.49,0.51,0.53,0.54,0.54,0.55,0.56,0.55,0.54,0.54,0.54,0.56,0.54,0.53,0.53,0.54,0.54,0.57,0.53,0.54,0.55,0.54,0.55,0.53,0.53,0.55,0.52,0.52,0.51,0.53,0.53,0.53,0.53,0.52,0.53,0.54,0.54,0.53,0.53,0.53,0.52,0.54,0.52,0.53,0.52,0.54,0.54,0.53,0.52,0.53,0.53,0.53,0.53,0.53,0.54,0.52,0.52,0.53,,,,,,,,,,,,,,,,,,,,,,,,,,,,,,,,,
7F-CHSYS.KW/RT,(冰水系統效率    ),,17.78,19.79,19.83,31.09,23.26,26.09,26.07,28.14,28.66,31.88,0.00,0.00,0.00,0.00,0.00,0.00,0.00,0.00,0.00,0.00,0.00,0.00,0.00,0.00,0.00,0.00,0.00,0.00,0.00,0.00,0.00,0.00,0.00,0.00,0.00,0.00,0.00,0.00,0.00,0.00,0.00,0.00,0.00,0.00,0.00,0.00,0.00,0.00,0.00,0.00,5.96,7.50,8.63,1.63,1.82,1.68,1.99,1.09,1.05,1.09,1.07,0.90,0.96,0.88,0.75,0.87,0.83,0.78,0.78,0.82,0.84,0.77,0.79,0.81,0.80,0.79,0.79,0.79,0.80,0.80,0.79,0.78,0.79,0.79,0.79,0.80,0.78,0.79,0.80,0.78,0.80,0.77,0.77,0.77,0.79,0.78,0.78,0.76,0.78,0.77,0.78,0.78,0.78,0.77,0.77,0.77,0.77,0.78,0.76,0.75,0.76,,,,,,,,,,,,,,,,,,,,,,,,,,,,,,,,,
7F-CW-1.TON,(冷卻水冷凍頓    ),,494,438,399,340,364,335,322,312,312,305,0,0,0,0,0,0,0,0,0,0,0,0,0,0,0,0,0,0,0,0,0,0,0,0,0,0,0,0,0,0,0,0,0,0,0,0,0,0,0,0,0,0,0,0,0,0,0,323,747,772,712,799,793,767,755,781,764,765,794,743,712,788,759,740,783,783,765,775,788,753,775,764,764,762,777,739,761,745,743,756,741,764,762,771,750,774,774,742,758,774,755,763,764,784,750,762,789,807,789,812,805,,,,,,,,,,,,,,,,,,,,,,,,,,,,,,,,,
7F-CW-2.TON,(冷卻水冷凍頓    ),,0,0,0,0,0,0,0,0,0,0,0,0,0,0,0,0,0,0,0,0,0,0,0,0,0,0,0,0,0,0,0,0,0,0,0,0,0,0,0,0,0,0,0,0,0,0,0,0,0,0,0,0,0,1,1784,2112,1008,1556,803,631,540,427,270,148,114,193,311,312,453,523,678,628,593,521,567,467,421,415,445,370,329,111,1,1,1,1,1,1,1,74,400,751,678,1261,1972,2215,1813,1999,2039,1384,1085,889,831,731,644,601,605,563,561,592,535,,,,,,,,,,,,,,,,,,,,,,,,,,,,,,,,,
7F-CW-3.TON,(冷卻水冷凍頓    ),,0,0,0,0,0,0,0,0,0,0,0,0,0,0,0,0,0,0,0,0,0,0,0,0,0,0,0,0,0,0,0,0,0,0,0,0,0,0,0,0,0,0,0,0,0,0,0,0,0,0,0,0,0,0,0,0,0,0,0,0,0,0,0,0,0,0,0,0,0,0,0,0,0,0,0,0,0,0,0,0,0,0,0,0,0,0,0,0,0,0,0,0,0,0,0,0,0,0,0,0,0,0,0,0,0,0,0,0,0,0,0,,,,,,,,,,,,,,,,,,,,,,,,,,,,,,,,,
7F-CW-4.TON,(冷卻水冷凍頓    ),,0,0,0,0,0,0,0,0,0,0,0,0,0,0,0,0,0,0,0,0,0,0,0,0,0,0,0,0,0,0,0,0,0,0,0,0,0,0,0,0,0,0,0,0,0,0,0,0,0,0,0,0,0,0,0,0,0,0,0,0,0,0,0,0,0,0,0,0,0,0,0,0,0,0,0,0,0,0,0,0,0,0,0,0,0,0,0,0,0,0,0,0,0,0,0,0,0,0,0,0,0,0,0,0,0,0,0,0,0,0,0,,,,,,,,,,,,,,,,,,,,,,,,,,,,,,,,,
7F-CW-5.TON,(冷卻水冷凍頓    ),,0,0,0,0,0,0,0,0,0,0,0,0,0,0,0,0,0,0,0,0,0,0,0,0,0,0,0,0,0,0,0,0,0,0,0,0,0,0,0,0,0,0,0,0,0,0,0,0,0,0,556,615,628,627,604,598,595,588,598,578,608,599,601,609,598,602,601,591,602,568,567,611,609,591,619,595,612,608,599,604,609,616,612,606,597,605,605,606,607,615,612,611,613,617,616,616,617,604,619,611,613,610,609,612,621,621,622,622,623,614,604,,,,,,,,,,,,,,,,,,,,,,,,,,,,,,,,,
7F-CWSYS.TON,(冷凍頓          ),,492,441,401,340,366,336,324,314,315,309,0,0,0,0,0,0,0,0,0,0,0,0,0,0,0,0,0,0,0,0,0,0,0,0,0,0,0,0,0,0,0,0,0,0,0,0,0,0,25,2,555,308,320,708,2253,2517,1591,2260,2173,2015,1919,1898,1767,1660,1597,1702,1784,1756,1931,1877,1950,2072,2015,1901,2022,1906,1882,1875,1914,1823,1804,1631,1532,1519,1515,1486,1496,1502,1485,1578,1846,2150,2100,2580,3149,3380,3059,3179,3226,2698,2433,2264,2220,2167,2071,2042,2067,2053,2045,2082,2008,,,,,,,,,,,,,,,,,,,,,,,,,,,,,,,,,
7F-CH-1.HB,(                ),, -38.80, -34.32, -31.62, -32.98, -29.21, -29.37, -28.83, -29.90, -31.48, -29.96,0.00,0.00,0.00,0.00,0.00,0.00,0.00,0.00,0.00,0.00,0.00,0.00,0.00,0.00,0.00,0.00,0.00,0.00,0.00,0.00,0.00,0.00,0.00,0.00,0.00,0.00,0.00,0.00,0.00,0.00,0.00,0.00,0.00,0.00,0.00,0.00,0.00,0.00,0.00,0.00,0.00,0.00,0.00,0.00,0.00,0.00,0.00,34.31, -26.04, -30.35, -24.21, -30.59, -30.72, -28.68, -26.74, -30.48, -28.50, -27.74, -30.59, -26.36, -23.57, -28.98, -25.57, -26.27, -28.82, -28.73, -28.13, -28.83, -29.53, -27.11, -28.80, -27.54, -27.97, -26.85, -29.24, -25.46, -26.83, -26.18, -25.54, -27.72, -26.07, -28.31, -28.07, -28.95, -27.19, -28.86, -28.74, -25.60, -27.19, -28.50, -27.47, -27.65, -28.63, -28.69, -25.84, -27.02, -30.05, -30.52, -29.21, -31.39, -30.13,,,,,,,,,,,,,,,,,,,,,,,,,,,,,,,,,
7F-CH-2.HB,(                ),,0.00,0.00,0.00,0.00,0.00,0.00,0.00,0.00,0.00,0.00,0.00,0.00,0.00,0.00,0.00,0.00,0.00,0.00,0.00,0.00,0.00,0.00,0.00,0.00,0.00,0.00,0.00,0.00,0.00,0.00,0.00,0.00,0.00,0.00,0.00,0.00,0.00,0.00,0.00,0.00,0.00,0.00,0.00,0.00,0.00,0.00,0.00,0.00,0.00,0.00,0.00,0.00,0.00,64831.31, -54.96, -62.47, -21.21, -48.95, -3.74,15.35,42.99,82.17,188.30,428.20,587.63,304.24,151.14,148.91,72.01,41.09,7.52,26.34,31.83,43.43,38.81,67.11,84.98,90.41,75.47,110.24,138.73,606.40,46326.66,42190.21,42067.00,42373.69,38732.57,38654.80,46687.16,951.08,95.38,3.41,15.73, -38.07, -60.04, -64.50, -57.60, -60.71, -61.30, -42.72, -27.51, -11.89, -4.84,7.52,23.18,31.54,30.17,41.64,40.98,33.60,47.75,,,,,,,,,,,,,,,,,,,,,,,,,,,,,,,,,
7F-CH-3.HB,(                ),,0.00,0.00,0.00,0.00,0.00,0.00,0.00,0.00,0.00,0.00,0.00,0.00,0.00,0.00,0.00,0.00,0.00,0.00,0.00,0.00,0.00,0.00,0.00,0.00,0.00,0.00,0.00,0.00,0.00,0.00,0.00,0.00,0.00,0.00,0.00,0.00,0.00,0.00,0.00,0.00,0.00,0.00,0.00,0.00,0.00,0.00,0.00,0.00,0.00,0.00,0.00,0.00,0.00,0.00,0.00,0.00,0.00,0.00,0.00,0.00,0.00,0.00,0.00,0.00,0.00,0.00,0.00,0.00,0.00,0.00,0.00,0.00,0.00,0.00,0.00,0.00,0.00,0.00,0.00,0.00,0.00,0.00,0.00,0.00,0.00,0.00,0.00,0.00,0.00,0.00,0.00,0.00,0.00,0.00,0.00,0.00,0.00,0.00,0.00,0.00,0.00,0.00,0.00,0.00,0.00,0.00,0.00,0.00,0.00,0.00,0.00,,,,,,,,,,,,,,,,,,,,,,,,,,,,,,,,,
7F-CH-4.HB,(                ),,0.00,0.00,0.00,0.00,0.00,0.00,0.00,0.00,0.00,0.00,0.00,0.00,0.00,0.00,0.00,0.00,0.00,0.00,0.00,0.00,0.00,0.00,0.00,0.00,0.00,0.00,0.00,0.00,0.00,0.00,0.00,0.00,0.00,0.00,0.00,0.00,0.00,0.00,0.00,0.00,0.00,0.00,0.00,0.00,0.00,0.00,0.00,0.00,0.00,0.00,0.00,0.00,0.00,0.00,0.00,0.00,0.00,0.00,0.00,0.00,0.00,0.00,0.00,0.00,0.00,0.00,0.00,0.00,0.00,0.00,0.00,0.00,0.00,0.00,0.00,0.00,0.00,0.00,0.00,0.00,0.00,0.00,0.00,0.00,0.00,0.00,0.00,0.00,0.00,0.00,0.00,0.00,0.00,0.00,0.00,0.00,0.00,0.00,0.00,0.00,0.00,0.00,0.00,0.00,0.00,0.00,0.00,0.00,0.00,0.00,0.00,,,,,,,,,,,,,,,,,,,,,,,,,,,,,,,,,
7F-CH-5.HB,(                ),,0.00,0.00,0.00,0.00,0.00,0.00,0.00,0.00,0.00,0.00,0.00,0.00,0.00,0.00,0.00,0.00,0.00,0.00,0.00,0.00,0.00,0.00,0.00,0.00,0.00,0.00,0.00,0.00,0.00,0.00,0.00,0.00,0.00,0.00,0.00,0.00,0.00,0.00,0.00,0.00,0.00,0.00,0.00,0.00,0.00,0.00,0.00,0.00,0.00,0.00,19.23,11.23,8.64,6.40,6.58,5.36,4.28,4.78,1.44,4.01, -0.75,2.95,2.39,1.36, -0.28,2.99,2.87,5.72,3.55,8.99,3.69,2.94,2.55,3.24, -1.04,2.82,2.40,3.50,2.00,4.78,4.63,5.28,1.80,4.27,4.70,3.87,4.24,3.58,1.00,0.27,3.29,2.03,1.88,3.97, -0.38,2.72,2.12,4.78,0.13,1.65,2.38,3.94,3.55,2.32,0.12,0.69,1.12, -0.26,2.71,3.99,3.80,,,,,,,,,,,,,,,,,,,,,,,,,,,,,,,,,
7F-CHSYS.HB,(                ),, -22.98, -15.43, -7.13,3.43, -0.56,6.66,10.93,13.25,12.74,13.77,0.00,0.00,0.00,0.00,0.00,0.00,0.00,0.00,0.00,0.00,0.00,0.00,0.00,0.00,0.00,0.00,0.00,0.00,0.00,0.00,0.00,0.00,0.00,0.00,0.00,0.00,0.00,0.00,0.00,0.00,0.00,0.00,0.00,0.00,0.00,0.00,0.00,0.00,1147.83,15524.56, -9.30,50.84,39.15,41.15, -58.81, -61.10, -44.88, -40.60, -36.65, -33.67, -29.49, -18.42, -16.78, -4.56,12.87, -5.94, -7.47, -1.21, -9.33, -10.77, -15.83, -15.01, -14.06, -10.73, -15.68, -9.55, -8.03, -7.89, -10.55, -6.48, -4.49,7.15,12.49,13.67,13.38,15.37,15.69,15.20,15.19,10.36, -6.99, -18.42, -15.77, -31.90, -45.37, -48.24, -43.24, -44.03, -46.00, -34.72, -28.03, -22.83, -21.82, -18.61, -14.97, -13.38, -15.59, -14.76, -12.61, -13.32, -11.36,,,,,,,,,,,,,,,,,,,,,,,,,,,,,,,,,
CHP1F7:KW,(                ),kW,31.5,31.6,31.6,31.6,31.5,31.5,31.6,31.7,31.6,31.7,0.0,0.0,0.0,0.0,0.0,0.0,0.0,0.0,0.0,0.0,0.0,0.0,0.0,0.0,0.0,0.0,0.0,0.0,0.0,0.0,0.0,0.0,0.0,0.0,0.0,0.0,0.0,0.0,0.0,0.0,0.0,0.0,0.0,0.0,0.0,0.0,0.0,0.0,0.0,0.0,0.0,0.0,0.0,0.0,0.0,0.0,31.5,31.5,31.6,31.3,31.7,31.3,31.6,31.6,31.8,31.4,31.7,31.5,31.6,31.5,31.8,31.7,31.8,31.7,31.5,31.6,31.6,31.6,31.7,31.5,31.6,31.6,31.8,31.6,31.6,31.5,31.6,31.6,31.8,31.7,31.5,31.6,31.8,31.5,31.8,31.7,31.7,31.6,31.8,31.8,31.7,31.7,31.7,31.4,31.3,31.5,31.7,31.7,31.5,31.6,31.7,,,,,,,,,,,,,,,,,,,,,,,,,,,,,,,,,
CHP2F7:KW,(                ),kW,0.0,0.0,0.0,0.0,0.0,0.0,0.0,0.0,0.0,0.0,0.0,0.0,0.0,0.0,0.0,0.0,0.0,0.0,0.0,0.0,0.0,0.0,0.0,0.0,0.0,0.0,0.0,0.0,0.0,0.0,0.0,0.0,0.0,0.0,0.0,0.0,0.0,0.0,0.0,0.0,0.0,0.0,0.0,0.0,0.0,0.0,0.0,0.0,0.0,0.0,0.0,0.0,28.7,28.5,28.9,28.9,29.2,29.1,29.2,29.1,29.2,28.9,29.1,29.2,29.2,29.1,29.7,29.6,29.5,29.5,29.1,29.6,29.5,29.4,29.5,29.3,29.2,29.4,29.5,29.5,29.4,29.3,29.4,29.3,29.3,29.3,29.3,29.3,29.5,29.3,29.6,29.3,29.3,29.3,29.3,29.4,29.2,29.4,29.5,29.4,29.4,29.2,29.3,29.3,29.3,29.3,29.2,29.3,29.3,29.3,29.4,,,,,,,,,,,,,,,,,,,,,,,,,,,,,,,,,
CHP3F7:KW,(                ),kW,0.0,0.0,0.0,0.0,0.0,0.0,0.0,0.0,0.0,0.0,0.0,0.0,0.0,0.0,0.0,0.0,0.0,0.0,0.0,0.0,0.0,0.0,0.0,0.0,0.0,0.0,0.0,0.0,0.0,0.0,0.0,0.0,0.0,0.0,0.0,0.0,0.0,0.0,0.0,0.0,0.0,0.0,0.0,0.0,0.0,0.0,0.0,0.0,0.0,0.0,0.0,0.0,0.0,0.0,0.0,0.0,0.0,0.0,0.0,0.0,0.0,0.0,0.0,0.0,0.0,0.0,0.0,0.0,0.0,0.0,0.0,0.0,0.0,0.0,0.0,0.0,0.0,0.0,0.0,0.0,0.0,0.0,0.0,0.0,0.0,0.0,0.0,0.0,0.0,0.0,0.0,0.0,0.0,0.0,0.0,0.0,0.0,0.0,0.0,0.0,0.0,0.0,0.0,0.0,0.0,0.0,0.0,0.0,0.0,0.0,0.0,,,,,,,,,,,,,,,,,,,,,,,,,,,,,,,,,
CHP4F7:KW,(                ),kW,0.0,0.0,0.0,0.0,0.0,0.0,0.0,0.0,0.0,0.0,0.0,0.0,0.0,0.0,0.0,0.0,0.0,0.0,0.0,0.0,0.0,0.0,0.0,0.0,0.0,0.0,0.0,0.0,0.0,0.0,0.0,0.0,0.0,0.0,0.0,0.0,0.0,0.0,0.0,0.0,0.0,0.0,0.0,0.0,0.0,0.0,0.0,0.0,0.0,0.0,0.0,0.0,0.0,0.0,0.0,0.0,0.0,0.0,0.0,0.0,0.0,0.0,0.0,0.0,0.0,0.0,0.0,0.0,0.0,0.0,0.0,0.0,0.0,0.0,0.0,0.0,0.0,0.0,0.0,0.0,0.0,0.0,0.0,0.0,0.0,0.0,0.0,0.0,0.0,0.0,0.0,0.0,0.0,0.0,0.0,0.0,0.0,0.0,0.0,0.0,0.0,0.0,0.0,0.0,0.0,0.0,0.0,0.0,0.0,0.0,0.0,,,,,,,,,,,,,,,,,,,,,,,,,,,,,,,,,
CHP5F7:KW,(                ),kW,0.0,0.0,0.0,0.0,0.0,0.0,0.0,0.0,0.0,0.0,0.0,0.0,0.0,0.0,0.0,0.0,0.0,0.0,0.0,0.0,0.0,0.0,0.0,0.0,0.0,0.0,0.0,0.0,0.0,0.0,0.0,0.0,0.0,0.0,0.0,0.0,0.0,0.0,0.0,0.0,0.0,0.0,0.0,0.0,0.0,0.0,0.0,0.0,21.2,21.2,20.6,20.8,20.7,20.6,20.6,20.5,20.5,20.5,20.7,20.7,20.6,20.6,20.7,20.6,20.6,20.6,20.8,20.7,20.8,20.8,20.7,20.8,20.7,20.7,20.7,20.7,20.6,20.6,20.7,20.8,20.8,20.7,20.8,20.8,20.7,20.8,20.8,20.6,20.7,20.8,20.7,20.5,20.8,20.7,20.8,20.7,20.7,20.7,20.6,20.6,20.7,20.7,20.8,20.5,20.6,20.6,20.7,20.7,20.8,20.7,20.7,,,,,,,,,,,,,,,,,,,,,,,,,,,,,,,,,
CHPF7-ALL.KW,(冰水泵系統功率  ),,31.5,31.6,31.6,31.6,31.5,31.5,31.6,31.7,31.6,31.7,0.0,0.0,0.0,0.0,0.0,0.0,0.0,0.0,0.0,0.0,0.0,0.0,0.0,0.0,0.0,0.0,0.0,0.0,0.0,0.0,0.0,0.0,0.0,0.0,0.0,0.0,0.0,0.0,0.0,0.0,0.0,0.0,0.0,0.0,0.0,0.0,0.0,0.0,21.2,21.2,20.6,20.8,49.5,49.1,49.5,49.4,81.2,81.0,81.5,81.1,81.5,80.7,81.3,81.4,81.6,81.1,82.2,81.8,81.9,81.8,81.5,82.0,82.0,81.8,81.7,81.6,81.5,81.6,81.9,81.8,81.8,81.6,82.0,81.7,81.5,81.6,81.8,81.5,82.0,81.7,81.9,81.4,81.9,81.5,82.0,81.8,81.6,81.7,81.9,81.8,81.9,81.7,81.7,81.2,81.2,81.3,81.5,81.7,81.6,81.7,81.8,,,,,,,,,,,,,,,,,,,,,,,,,,,,,,,,,
CWP1F7:KW,(                ),kW,30.5,30.5,30.4,30.5,30.4,30.5,30.4,30.5,30.3,30.5,30.5,0.0,0.0,0.0,0.0,0.0,0.0,0.0,0.0,0.0,0.0,0.0,0.0,0.0,0.0,0.0,0.0,0.0,0.0,0.0,0.0,0.0,0.0,0.0,0.0,0.0,0.0,0.0,0.0,0.0,0.0,0.0,0.0,0.0,0.0,0.0,0.0,0.0,0.0,0.0,0.0,0.0,0.0,0.0,0.0,0.0,30.3,30.2,30.3,30.3,30.2,30.0,30.1,30.1,30.0,30.2,30.1,30.1,30.1,30.1,30.2,30.3,30.3,30.2,30.1,30.1,30.1,30.1,30.3,30.2,30.2,30.1,30.2,30.2,30.1,30.1,30.3,30.1,30.1,30.2,30.1,30.0,30.1,30.1,30.3,30.2,30.1,30.1,30.1,30.3,30.2,30.2,30.2,30.0,30.1,30.3,30.1,30.0,30.2,30.2,30.2,,,,,,,,,,,,,,,,,,,,,,,,,,,,,,,,,
CWP2F7:KW,(                ),kW,0.0,0.0,0.0,0.0,0.0,0.0,0.0,0.0,0.0,0.0,0.0,0.0,0.0,0.0,0.0,0.0,0.0,0.0,0.0,0.0,0.0,0.0,0.0,0.0,0.0,0.0,0.0,0.0,0.0,0.0,0.0,0.0,0.0,0.0,0.0,0.0,0.0,0.0,0.0,0.0,0.0,0.0,0.0,0.0,0.0,0.0,0.0,0.0,0.0,0.0,0.0,33.5,33.4,33.3,33.2,33.1,33.1,33.1,33.0,33.1,33.0,33.0,33.1,33.0,33.0,33.1,33.1,33.0,33.1,33.0,33.0,33.1,33.1,33.0,33.0,33.0,32.9,33.0,33.1,33.1,33.1,33.0,33.1,33.1,33.0,33.0,33.0,33.0,33.1,33.1,33.0,32.9,33.0,33.0,33.2,33.0,33.0,33.0,33.1,33.0,33.0,33.0,33.0,32.9,33.0,33.0,33.0,33.0,33.1,33.2,33.1,,,,,,,,,,,,,,,,,,,,,,,,,,,,,,,,,
CWP3F7:KW,(                ),kW,0.0,0.0,0.0,0.0,0.0,0.0,0.0,0.0,0.0,0.0,0.0,0.0,0.0,0.0,0.0,0.0,0.0,0.0,0.0,0.0,0.0,0.0,0.0,0.0,0.0,0.0,0.0,0.0,0.0,0.0,0.0,0.0,0.0,0.0,0.0,0.0,0.0,0.0,0.0,0.0,0.0,0.0,0.0,0.0,0.0,0.0,0.0,0.0,0.0,0.0,0.0,0.0,0.0,0.0,0.0,0.0,0.0,0.0,0.0,0.0,0.0,0.0,0.0,0.0,0.0,0.0,0.0,0.0,0.0,0.0,0.0,0.0,0.0,0.0,0.0,0.0,0.0,0.0,0.0,0.0,0.0,0.0,0.0,0.0,0.0,0.0,0.0,0.0,0.0,0.0,0.0,0.0,0.0,0.0,0.0,0.0,0.0,0.0,0.0,0.0,0.0,0.0,0.0,0.0,0.0,0.0,0.0,0.0,0.0,0.0,0.0,,,,,,,,,,,,,,,,,,,,,,,,,,,,,,,,,
CWP4F7:KW,(                ),kW,0.0,0.0,0.0,0.0,0.0,0.0,0.0,0.0,0.0,0.0,0.0,0.0,0.0,0.0,0.0,0.0,0.0,0.0,0.0,0.0,0.0,0.0,0.0,0.0,0.0,0.0,0.0,0.0,0.0,0.0,0.0,0.0,0.0,0.0,0.0,0.0,0.0,0.0,0.0,0.0,0.0,0.0,0.0,0.0,0.0,0.0,0.0,0.0,0.0,0.0,0.0,0.0,0.0,0.0,0.0,0.0,0.0,0.0,0.0,0.0,0.0,0.0,0.0,0.0,0.0,0.0,0.0,0.0,0.0,0.0,0.0,0.0,0.0,0.0,0.0,0.0,0.0,0.0,0.0,0.0,0.0,0.0,0.0,0.0,0.0,0.0,0.0,0.0,0.0,0.0,0.0,0.0,0.0,0.0,0.0,0.0,0.0,0.0,0.0,0.0,0.0,0.0,0.0,0.0,0.0,0.0,0.0,0.0,0.0,0.0,0.0,,,,,,,,,,,,,,,,,,,,,,,,,,,,,,,,,
CWP5F7:KW,(                ),kW,0.0,0.0,0.0,0.0,0.0,0.0,0.0,0.0,0.0,0.0,0.0,0.0,0.0,0.0,0.0,0.0,0.0,0.0,0.0,0.0,0.0,0.0,0.0,0.0,0.0,0.0,0.0,0.0,0.0,0.0,0.0,0.0,0.0,0.0,0.0,0.0,0.0,0.0,0.0,0.0,0.0,0.0,0.0,0.0,0.0,0.0,0.0,0.0,35.4,35.4,35.4,35.4,35.5,35.2,35.1,35.1,35.2,35.0,35.1,35.2,35.2,35.2,35.0,35.0,35.0,35.1,35.1,35.2,35.1,35.0,34.9,35.2,35.3,35.3,35.3,35.2,35.1,35.1,35.3,35.1,35.2,35.1,35.1,35.2,35.1,35.3,35.1,35.2,35.2,34.9,35.0,35.1,35.0,35.0,35.3,35.0,35.0,35.0,35.0,35.1,35.2,35.1,35.1,35.1,35.0,35.0,34.9,35.1,35.3,35.1,35.3,,,,,,,,,,,,,,,,,,,,,,,,,,,,,,,,,
CWPF7-ALL.KW,(冷卻水泵系統功率),,30.5,30.5,30.4,30.5,30.4,30.5,30.4,30.5,30.3,30.5,30.5,0.0,0.0,0.0,0.0,0.0,0.0,0.0,0.0,0.0,0.0,0.0,0.0,0.0,0.0,0.0,0.0,0.0,0.0,0.0,0.0,0.0,0.0,0.0,0.0,0.0,0.0,0.0,0.0,0.0,0.0,0.0,0.0,0.0,0.0,0.0,0.0,0.0,35.4,35.4,35.4,68.9,68.9,68.5,68.3,68.2,98.6,98.4,98.3,98.6,98.4,98.2,98.2,98.1,98.0,98.4,98.2,98.3,98.2,98.1,98.1,98.5,98.7,98.5,98.6,98.4,98.2,98.3,98.8,98.4,98.6,98.2,98.4,98.5,98.2,98.4,98.4,98.3,98.4,98.2,98.1,98.0,98.1,98.1,98.8,98.3,98.2,98.2,98.3,98.4,98.4,98.3,98.3,98.1,98.2,98.3,98.0,98.1,98.6,98.5,98.6,,,,,,,,,,,,,,,,,,,,,,,,,,,,,,,,,
CH-B1-1.CST,(冰水送水溫度    ),DEG C,10.56,10.57,10.60,10.61,10.65,10.69,10.70,10.75,10.79,10.80,10.83,10.87,10.90,10.92,10.97,11.01,11.05,11.07,11.11,11.13,11.16,11.20,11.24,11.24,11.31,11.32,11.35,11.37,11.37,11.40,11.44,11.43,11.52,11.53,11.56,11.56,11.60,11.68,11.72,11.77,11.81,11.83,11.92,11.95,12.03,16.78,11.19,8.50,7.40,7.63,7.54,7.30,7.72,8.12,8.61,8.75,8.64,8.43,8.79,8.88,8.95,9.20,9.45,9.64,9.69,9.73,9.74,9.76,9.82,9.92,9.96,10.00,10.05,10.10,10.17,10.19,10.38,10.41,10.58,10.69,10.82,10.30,8.89,7.95,7.14,8.08,7.48,7.53,7.96,7.25,8.09,7.42,7.62,7.95,7.16,8.18,7.51,7.62,8.09,7.22,8.09,7.69,7.59,8.14,7.15,7.89,7.50,7.46,7.72,7.30,7.61,,,,,,,,,,,,,,,,,,,,,,,,,,,,,,,,,
CH-B1-2.CST,(冰水送水溫度    ),DEG C,10.60,10.64,10.66,10.68,10.70,10.72,10.76,10.79,10.82,10.86,10.88,10.91,10.97,11.01,11.05,11.09,11.14,11.17,11.20,11.25,11.27,11.33,11.41,11.40,11.44,11.57,11.57,11.56,11.63,11.54,11.56,11.66,11.63,11.69,11.72,11.81,11.84,11.91,11.97,12.08,12.12,12.07,12.15,12.21,12.28,17.11,14.18,11.28,9.32,9.53,9.49,9.31,9.14,11.50,11.78,12.06,11.99,11.75,11.69,11.74,11.77,12.76,12.99,13.12,13.13,13.19,13.19,13.24,13.31,13.40,13.45,13.48,13.49,13.54,13.61,13.62,13.72,13.83,13.95,14.02,14.14,10.59,8.64,7.73,11.02,11.19,7.58,11.76,8.15,11.28,10.84,7.57,11.81,8.15,11.28,11.15,7.66,11.76,8.65,11.07,11.49,7.80,11.72,9.27,11.30,11.85,7.56,11.68,8.19,11.32,11.84,,,,,,,,,,,,,,,,,,,,,,,,,,,,,,,,,
CHW.ST,(冰水總出水溫度  ),DEG C,10.9,11.0,11.0,11.0,11.1,11.1,11.2,11.2,11.2,11.3,11.3,11.3,11.3,11.4,11.4,11.4,11.5,11.5,11.5,11.6,11.6,11.6,11.7,11.7,11.7,11.7,11.8,11.8,11.8,11.8,11.8,11.9,11.9,11.9,11.9,12.0,12.0,12.1,12.2,12.3,12.3,12.5,12.5,12.7,12.7,17.0,12.1,9.2,8.0,8.3,8.3,8.1,8.3,9.4,9.8,10.0,9.9,9.7,9.9,10.0,10.1,10.6,10.8,11.0,11.0,11.1,11.1,11.1,11.2,11.3,11.3,11.4,11.4,11.5,11.5,11.6,11.7,11.8,11.9,12.0,12.2,10.5,8.8,7.9,9.1,9.7,7.6,9.7,8.1,9.3,9.5,7.5,9.7,8.1,9.2,9.7,7.6,9.7,8.4,9.2,9.8,7.8,9.7,8.8,9.3,10.0,7.6,9.6,8.0,9.3,9.7,,,,,,,,,,,,,,,,,,,,,,,,,,,,,,,,,
CH-B1-1.CRT,(冰水進水溫度    ),DEG C,11.46,11.57,11.67,11.77,11.86,11.94,12.03,12.10,12.17,12.25,12.33,12.40,12.47,12.54,12.61,12.66,12.71,12.74,12.76,12.78,12.80,12.82,12.83,12.86,12.86,12.86,12.87,12.88,12.89,12.89,12.91,12.92,12.94,12.94,12.97,12.99,13.01,13.05,13.07,13.09,13.12,13.15,13.19,13.23,13.27,18.11,15.49,12.54,11.29,11.32,10.89,10.62,10.42,11.71,12.28,12.45,12.37,12.17,12.46,12.54,12.61,12.90,13.14,13.32,13.41,13.44,13.43,13.45,13.52,13.60,13.64,13.69,13.74,13.80,13.88,13.90,14.06,14.09,14.26,14.37,14.49,14.31,12.81,11.86,11.07,12.26,11.54,11.68,12.08,11.29,12.28,11.45,11.74,12.07,11.15,12.35,11.53,11.71,12.24,11.20,12.27,11.78,11.69,12.33,11.16,12.09,11.61,11.63,11.91,11.44,11.83,,,,,,,,,,,,,,,,,,,,,,,,,,,,,,,,,
CH-B1-2.CRT,(冰水進水溫度    ),DEG C,10.60,10.65,10.71,10.77,10.83,10.90,10.98,11.04,11.13,11.20,11.29,11.38,11.46,11.55,11.65,11.77,11.80,11.85,11.93,12.00,12.05,12.10,12.14,12.20,12.25,12.31,12.37,12.42,12.49,12.54,12.60,12.65,12.73,12.79,12.86,12.94,13.00,13.06,13.12,13.17,13.24,13.30,13.37,13.44,13.50,16.78,14.02,11.10,9.22,9.52,9.47,9.28,9.13,11.50,11.78,12.06,11.98,11.74,11.69,11.74,11.76,12.77,12.97,13.12,13.13,13.19,13.19,13.24,13.31,13.40,13.45,13.48,13.49,13.54,13.60,13.62,13.71,13.83,13.95,14.02,14.14,13.70,12.09,11.21,11.06,12.17,11.21,11.76,11.86,11.27,12.16,11.18,11.81,11.88,11.29,12.26,11.26,11.76,11.97,10.97,12.21,11.45,11.72,12.18,10.89,12.05,11.25,11.68,11.68,11.35,11.84,,,,,,,,,,,,,,,,,,,,,,,,,,,,,,,,,
CHW.RT,(冰水總回水溫度  ),DEG C,12.3,11.7,11.3,11.0,10.9,10.8,10.8,10.8,10.7,10.8,10.8,10.8,10.8,10.9,11.4,11.9,12.1,12.3,12.7,13.0,13.2,13.5,13.2,12.6,12.9,13.2,13.6,13.8,14.0,14.4,14.8,15.0,15.4,15.6,15.7,15.8,16.1,16.3,16.6,16.7,16.8,17.0,17.3,17.4,17.5,18.2,16.0,13.0,11.1,10.5,10.0,9.8,9.6,11.6,12.4,12.6,12.6,12.5,12.8,12.8,12.8,12.8,13.1,13.3,13.4,13.5,13.5,13.5,13.6,13.6,13.7,13.7,13.7,13.8,13.9,13.9,13.9,14.0,14.1,14.2,14.2,14.4,13.0,12.0,11.4,12.1,12.3,11.4,12.6,11.5,12.2,12.2,11.4,12.6,11.6,12.2,12.3,11.4,12.6,11.6,12.1,12.5,11.4,12.5,11.8,11.9,12.3,11.3,12.4,11.3,11.7,,,,,,,,,,,,,,,,,,,,,,,,,,,,,,,,,
CH-B1-1.CHDT,(冰水溫差        ),DEG C,0.9,1.0,1.1,1.2,1.2,1.3,1.3,1.4,1.4,1.4,1.5,1.5,1.6,1.6,1.6,1.6,1.7,1.7,1.6,1.7,1.6,1.6,1.6,1.6,1.5,1.5,1.5,1.5,1.5,1.5,1.5,1.5,1.4,1.4,1.4,1.4,1.4,1.4,1.4,1.3,1.3,1.3,1.3,1.3,1.2,1.3,4.3,4.0,3.9,3.7,3.3,3.3,2.7,3.6,3.7,3.7,3.7,3.7,3.7,3.7,3.7,3.7,3.7,3.7,3.7,3.7,3.7,3.7,3.7,3.7,3.7,3.7,3.7,3.7,3.7,3.7,3.7,3.7,3.7,3.7,3.7,4.0,3.9,3.9,3.9,4.2,4.1,4.2,4.1,4.0,4.2,4.0,4.1,4.1,4.0,4.2,4.0,4.1,4.1,4.0,4.2,4.1,4.1,4.2,4.0,4.2,4.1,4.2,4.2,4.1,4.2,,,,,,,,,,,,,,,,,,,,,,,,,,,,,,,,,
CH-B1-2.CHDT,(冰水溫差        ),DEG C, -0.0,0.0,0.1,0.1,0.1,0.2,0.2,0.3,0.3,0.3,0.4,0.5,0.5,0.5,0.6,0.7,0.7,0.7,0.7,0.8,0.8,0.8,0.7,0.8,0.8,0.7,0.8,0.9,0.9,1.0,1.0,1.0,1.1,1.1,1.1,1.1,1.2,1.1,1.1,1.1,1.1,1.2,1.2,1.2,1.2, -0.3, -0.2, -0.2, -0.1, -0.0, -0.0, -0.0, -0.0,0.0,0.0, -0.0, -0.0, -0.0, -0.0, -0.0, -0.0,0.0, -0.0, -0.0, -0.0, -0.0, -0.0, -0.0, -0.0, -0.0, -0.0, -0.0, -0.0, -0.0, -0.0, -0.0, -0.0, -0.0, -0.0, -0.0, -0.0,3.1,3.4,3.5,0.0,1.0,3.6,0.0,3.7, -0.0,1.3,3.6,0.0,3.7,0.0,1.1,3.6, -0.0,3.3, -0.1,0.7,3.7,0.0,2.9, -0.4,0.2,3.7,0.0,3.5,0.0,0.0,,,,,,,,,,,,,,,,,,,,,,,,,,,,,,,,,
CH-B1.CHDT,(冰水系統溫差    ),DEG C,1.4,0.8,0.3, -0.1, -0.2, -0.4, -0.4, -0.4, -0.5, -0.5, -0.5, -0.6, -0.5, -0.5,0.0,0.4,0.7,0.8,1.1,1.4,1.6,1.9,1.6,1.0,1.2,1.5,1.9,2.0,2.2,2.6,3.0,3.2,3.5,3.7,3.8,3.9,4.1,4.2,4.4,4.4,4.5,4.5,4.7,4.7,4.8,1.2,3.9,3.8,3.1,2.2,1.7,1.7,1.3,2.2,2.6,2.6,2.7,2.8,2.9,2.8,2.8,2.3,2.3,2.3,2.4,2.4,2.4,2.4,2.4,2.3,2.3,2.3,2.3,2.4,2.3,2.3,2.1,2.2,2.1,2.1,2.1,3.9,4.1,4.1,2.3,2.4,4.7,1.7,4.4,2.2,2.6,4.7,1.7,4.5,2.3,2.5,4.7,1.7,4.1,2.4,2.2,4.7,1.7,3.8,2.5,2.0,4.7,1.7,4.4,2.0,1.9,,,,,,,,,,,,,,,,,,,,,,,,,,,,,,,,,
CH-B1-1.CFM,(流量回受值      ),,8,8,8,8,6,8,8,8,6,8,8,8,8,8,8,8,8,6,6,8,6,8,8,8,7,7,7,7,7,7,7,7,7,7,6,6,8,6,6,6,8,7,7,7,7,5273,5089,4890,5053,4778,4851,4824,4911,4937,4857,4895,4844,4847,4924,4954,4960,4907,4977,4992,4943,4969,5003,5010,5011,4983,5015,4981,5025,5028,5045,5051,5058,5078,5104,5154,5086,4977,5179,5041,4871,4779,4757,4726,4803,4760,4804,4770,4739,4868,4784,4877,4808,4773,4848,4824,4772,4824,4801,4819,4745,4734,4733,4720,4735,4638,4675,,,,,,,,,,,,,,,,,,,,,,,,,,,,,,,,,
CH-B1-2.CFM,(流量回受值      ),,5,5,5,5,5,5,5,5,5,5,5,5,5,5,5,5,5,5,5,5,5,5,5,5,5,5,5,6,6,4,6,6,6,4,4,6,6,5,5,5,5,5,5,4,6,1739,1401,1164,1494,2292,2450,2547,2762,2682,2564,2540,2456,2440,2641,2657,2716,2644,2756,2777,2756,2759,2784,2768,2791,2807,2884,2849,2861,2820,2879,2859,2928,2985,2984,3046,3103,4490,4401,4180,3949,3878,3912,3873,3883,3883,3876,3899,3921,3919,3891,3884,3869,3874,3876,3937,3882,3924,3869,3855,3914,3883,3869,3841,3863,3823,3834,,,,,,,,,,,,,,,,,,,,,,,,,,,,,,,,,
CH-B1.CFM,(冰水系統總流量  ),,0,0,0,0,0,0,0,0,0,0,0,0,0,0,0,0,0,0,0,0,0,0,0,0,0,0,0,0,0,0,0,0,0,0,0,0,0,0,0,0,0,0,0,0,0,5260,5089,4890,5053,4778,4832,4824,4911,4937,4857,4876,4844,4864,4924,4954,4954,4897,4959,4992,4938,4968,5003,5010,5016,4983,5009,4981,5025,5028,5050,5049,5058,5088,5104,5134,5094,9467,9571,9212,8820,8657,8668,8609,8676,8654,8677,8657,8661,8788,8685,8758,8678,8653,8729,8761,8647,8748,8662,8675,8660,8617,8596,8562,8598,8465,8509,,,,,,,,,,,,,,,,,,,,,,,,,,,,,,,,,
CH-B1-1.CWST,(冷卻水進水溫度  ),DEG C,29.49,29.49,29.49,29.48,29.48,29.48,29.47,29.46,29.45,29.45,29.44,29.44,29.43,29.42,29.41,29.40,29.39,29.38,29.36,29.35,29.35,29.34,29.33,29.31,29.30,29.29,29.28,29.26,29.26,29.24,29.23,29.21,29.20,29.19,29.17,29.16,29.15,29.14,29.12,29.11,29.10,29.09,29.07,29.06,29.04,27.41,30.52,31.48,29.38,28.18,27.95,28.05,28.04,27.96,28.16,28.46,28.26,28.16,28.12,28.31,28.21,28.04,27.98,28.25,28.31,28.41,28.46,28.42,28.48,28.56,28.73,28.80,28.70,28.92,28.52,28.40,28.63,28.71,28.72,28.67,28.72,29.71,31.76,32.01,31.96,29.92,31.23,30.37,30.43,31.70,30.10,31.33,30.28,30.39,31.85,30.05,31.32,30.43,30.19,31.48,29.81,30.75,30.47,29.70,31.22,29.55,30.39,29.52,29.41,29.84,29.25,,,,,,,,,,,,,,,,,,,,,,,,,,,,,,,,,
CH-B1-2.CWST,(冷卻水進水溫度  ),DEG C,29.43,29.42,29.42,29.42,29.42,29.41,29.41,29.41,29.40,29.40,29.39,29.38,29.38,29.37,29.36,29.35,29.35,29.34,29.33,29.31,29.31,29.30,29.29,29.28,29.27,29.26,29.24,29.23,29.22,29.21,29.19,29.18,29.17,29.16,29.14,29.13,29.12,29.11,29.10,29.08,29.07,29.06,29.04,29.03,29.02,29.01,28.99,28.98,28.97,28.96,28.95,28.93,28.92,28.91,28.90,28.89,28.88,28.87,28.87,28.86,28.85,28.85,28.84,28.84,28.84,28.83,28.83,28.83,28.83,28.83,28.83,28.83,28.83,28.84,28.84,28.84,28.84,28.85,28.85,28.86,28.86,29.73,31.77,32.03,31.99,29.95,31.24,30.40,30.44,31.71,30.13,31.35,30.31,30.40,31.87,30.07,31.34,30.46,30.20,31.50,29.83,30.75,30.50,29.71,31.24,29.58,30.40,29.55,29.41,29.87,29.27,,,,,,,,,,,,,,,,,,,,,,,,,,,,,,,,,
CW.ST,(冷卻水總出水溫度),DEG C,29.44,29.43,29.42,29.39,29.37,29.34,29.30,29.26,29.23,29.19,29.14,29.11,29.07,29.03,28.99,28.95,28.91,28.88,28.84,28.81,28.77,28.74,28.70,28.67,28.64,28.60,28.57,28.54,28.50,28.47,28.44,28.41,28.38,28.35,28.31,28.28,28.25,28.22,28.19,28.16,28.13,28.11,28.08,28.05,28.02,28.38,34.38,34.99,32.90,31.69,31.28,31.29,30.73,31.52,31.75,32.05,31.89,31.73,31.74,31.91,31.83,31.72,31.67,31.94,32.01,32.10,32.16,32.12,32.16,32.26,32.42,32.52,32.42,32.61,32.26,32.14,32.38,32.45,32.48,32.47,32.50,33.50,35.70,35.93,34.03,32.52,35.06,32.48,34.19,33.71,32.79,35.21,32.40,34.23,33.86,32.67,35.24,32.55,33.86,33.57,32.12,34.59,32.57,33.18,33.33,31.69,34.25,31.64,33.11,31.95,31.34,,,,,,,,,,,,,,,,,,,,,,,,,,,,,,,,,
CH-B1-1.CWRT,(冷卻水出水溫度  ),,29.53,29.54,29.54,29.53,29.53,29.52,29.52,29.50,29.49,29.48,29.47,29.46,29.44,29.43,29.42,29.40,29.39,29.37,29.35,29.34,29.32,29.30,29.28,29.26,29.24,29.22,29.20,29.18,29.16,29.14,29.11,29.09,29.07,29.04,29.02,29.00,28.98,28.95,28.93,28.90,28.88,28.86,28.83,28.81,28.79,28.45,34.38,35.03,32.91,31.72,31.29,31.32,30.76,31.55,31.78,32.09,31.91,31.76,31.77,31.94,31.87,31.75,31.70,31.97,32.04,32.14,32.19,32.15,32.20,32.29,32.46,32.55,32.46,32.65,32.29,32.17,32.41,32.49,32.52,32.49,32.53,34.10,35.92,36.11,35.98,34.11,35.26,34.51,34.53,35.71,34.29,35.38,34.43,34.49,35.86,34.25,35.40,34.58,34.34,35.52,34.02,34.79,34.61,33.87,35.26,33.75,34.45,33.68,33.51,33.97,33.40,,,,,,,,,,,,,,,,,,,,,,,,,,,,,,,,,
CH-B1-2.CWRT,(冷卻水出水溫度  ),,29.55,29.55,29.54,29.54,29.53,29.52,29.51,29.50,29.49,29.48,29.47,29.45,29.44,29.42,29.41,29.39,29.38,29.36,29.34,29.32,29.31,29.29,29.28,29.26,29.24,29.22,29.21,29.18,29.17,29.15,29.13,29.11,29.09,29.07,29.05,29.03,29.01,29.00,28.98,28.96,28.93,28.92,28.90,28.87,28.85,28.83,28.81,29.50,30.05,30.50,30.46,30.41,30.39,30.38,30.40,30.46,30.55,30.63,30.68,30.73,30.77,30.80,30.84,30.86,30.89,30.94,30.99,31.03,31.09,31.11,31.11,31.20,31.28,31.33,31.37,31.43,31.44,31.43,31.47,31.51,31.56,33.07,35.63,35.88,32.15,31.01,35.04,30.54,34.06,31.82,31.44,35.18,30.45,34.15,31.99,31.23,35.20,30.61,33.57,31.79,30.40,34.55,30.62,32.65,31.63,29.72,34.21,29.70,32.89,30.03,29.38,,,,,,,,,,,,,,,,,,,,,,,,,,,,,,,,,
CW.RT,(冷卻水總回水溫度),DEG C,29.38,29.38,29.36,29.34,29.31,29.27,29.23,29.18,29.14,29.10,29.05,29.00,28.95,28.90,28.86,28.81,28.76,28.72,28.67,28.63,28.59,28.54,28.50,28.46,28.42,28.39,28.35,28.31,28.27,28.23,28.20,28.16,28.12,28.10,28.06,28.03,27.99,27.96,27.93,27.89,27.87,27.84,27.81,27.77,27.74,27.42,30.47,31.48,29.36,28.17,27.94,28.04,28.04,27.96,28.16,28.45,28.25,28.17,28.11,28.32,28.21,28.04,27.97,28.25,28.31,28.41,28.46,28.43,28.49,28.56,28.74,28.80,28.71,28.93,28.51,28.40,28.62,28.72,28.72,28.66,28.72,29.72,31.77,32.01,31.96,29.91,31.24,30.35,30.46,31.70,30.09,31.34,30.27,30.42,31.84,30.04,31.31,30.41,30.18,31.48,29.80,30.79,30.47,29.72,31.22,29.53,30.41,29.50,29.43,29.84,29.24,,,,,,,,,,,,,,,,,,,,,,,,,,,,,,,,,
CH-B1-1.CWDT,(冷卻水溫差      ),DEG C,0.0,0.1,0.0,0.1,0.1,0.0,0.0,0.0,0.0,0.0,0.0,0.0,0.0,0.0,0.0,0.0,0.0, -0.0, -0.0, -0.0, -0.0, -0.0, -0.0, -0.1, -0.1, -0.1, -0.1, -0.1, -0.1, -0.1, -0.1, -0.1, -0.1, -0.1, -0.2, -0.2, -0.2, -0.2, -0.2, -0.2, -0.2, -0.2, -0.2, -0.2, -0.3,1.0,3.9,3.5,3.5,3.5,3.3,3.3,2.7,3.6,3.6,3.6,3.6,3.6,3.7,3.6,3.7,3.7,3.7,3.7,3.7,3.7,3.7,3.7,3.7,3.7,3.7,3.7,3.8,3.7,3.8,3.8,3.8,3.8,3.8,3.8,3.8,4.4,4.2,4.1,4.0,4.2,4.0,4.1,4.1,4.0,4.2,4.0,4.2,4.1,4.0,4.2,4.1,4.2,4.2,4.0,4.2,4.0,4.1,4.2,4.0,4.2,4.1,4.2,4.1,4.1,4.2,,,,,,,,,,,,,,,,,,,,,,,,,,,,,,,,,
CH-B1-2.CWDT,(冷卻水溫差      ),DEG C,0.1,0.1,0.1,0.1,0.1,0.1,0.1,0.1,0.1,0.1,0.1,0.1,0.1,0.1,0.0,0.0,0.0,0.0,0.0,0.0,0.0, -0.0, -0.0, -0.0, -0.0, -0.0, -0.0, -0.0, -0.1, -0.1, -0.1, -0.1, -0.1, -0.1, -0.1, -0.1, -0.1, -0.1, -0.1, -0.1, -0.1, -0.1, -0.1, -0.2, -0.2, -0.2, -0.2,0.5,1.1,1.5,1.5,1.5,1.5,1.5,1.5,1.6,1.7,1.8,1.8,1.9,1.9,2.0,2.0,2.0,2.1,2.1,2.2,2.2,2.3,2.3,2.3,2.4,2.4,2.5,2.5,2.6,2.6,2.6,2.6,2.7,2.7,3.3,3.9,3.8,0.2,1.0,3.8,0.1,3.6,0.1,1.3,3.8,0.1,3.7,0.1,1.1,3.9,0.1,3.4,0.3,0.5,3.8,0.1,2.9,0.4,0.1,3.8,0.1,3.5,0.2,0.1,,,,,,,,,,,,,,,,,,,,,,,,,,,,,,,,,
CH-B1.CWDT,(冷卻水系統溫差  ),DEG C,0.1,0.1,0.1,0.1,0.1,0.1,0.1,0.1,0.1,0.1,0.1,0.1,0.1,0.1,0.1,0.1,0.2,0.2,0.2,0.2,0.2,0.2,0.2,0.2,0.2,0.2,0.2,0.2,0.2,0.2,0.2,0.2,0.3,0.2,0.3,0.3,0.3,0.3,0.3,0.3,0.3,0.3,0.3,0.3,0.3,1.0,3.9,3.5,3.5,3.5,3.3,3.2,2.7,3.6,3.6,3.6,3.6,3.6,3.6,3.6,3.6,3.7,3.7,3.7,3.7,3.7,3.7,3.7,3.7,3.7,3.7,3.7,3.7,3.7,3.7,3.7,3.8,3.7,3.8,3.8,3.8,3.8,3.9,3.9,2.1,2.6,3.8,2.1,3.7,2.0,2.7,3.9,2.1,3.8,2.0,2.6,3.9,2.1,3.7,2.1,2.3,3.8,2.1,3.5,2.1,2.2,3.8,2.1,3.7,2.1,2.1,,,,,,,,,,,,,,,,,,,,,,,,,,,,,,,,,
CH-B1-1.CWFM,(流量回受值      ),,5,5,5,5,5,5,5,5,7,5,5,5,5,5,5,7,6,4,6,6,5,5,7,5,5,5,5,5,5,5,5,5,5,5,5,5,5,5,5,5,5,5,5,5,5,5803,5875,5953,5887,5876,5840,5830,5826,5854,5872,5787,5867,5860,5878,5879,5825,5849,5816,5837,5815,5853,5829,5827,5842,5868,5840,5874,5882,5892,5849,5836,5830,5865,5883,5882,5898,5039,5033,5053,5056,5013,5001,4989,4994,5082,5054,5000,4969,5007,5040,5006,5003,5003,5011,4998,5025,5035,5009,5024,4936,5055,4993,5052,5024,4993,5026,,,,,,,,,,,,,,,,,,,,,,,,,,,,,,,,,
CH-B1-2.CWFM,(流量回受值      ),,0,0,0,0,0,0,0,0,0,0,0,0, -2,0,0,0,0,0,0,0,0,0,0,0,0,0,0,0,0,0,0,0,0,0,0,0,0,0,0,0,0,0,0,0,0,0,0,0,0,0, -2,0,0,0,0,0,0,0,0,0,0,0, -2,0,0,0,0,0,0,0,0,0,0,0,0,0, -2,0,0,0,0,5019,5059,5083,5026,4965,5038,4956,5005,5011,4976,5053,4959,4998,4988,4951,5037,4968,4998,4968,4960,5005,4963,4964,4937,4930,4974,4940,4980,4952,4924,,,,,,,,,,,,,,,,,,,,,,,,,,,,,,,,,
CH-B1.CWFM,(冷卻水系統總流量),,0,0,0,0,0,0,0,0,0,0,0,0,0,0,0,0,0,0,0,0,0,0,0,0,0,0,0,0,0,0,0,0,0,0,0,0,0,0,0,0,0,0,0,0,0,5803,5875,5953,5887,5876,5839,5830,5826,5854,5872,5782,5867,5864,5878,5879,5830,5826,5816,5837,5804,5858,5827,5827,5836,5868,5840,5874,5882,5892,5849,5845,5830,5862,5883,5881,5901,10058,10104,10147,10083,9979,10027,9934,10005,10093,10030,10050,9929,10005,10018,9944,10040,9967,9997,9973,9986,10040,9974,9989,9874,9986,9952,9989,10005,9955,9951,,,,,,,,,,,,,,,,,,,,,,,,,,,,,,,,,
CH1B1:KW,(                ),kW,0.5,0.5,0.5,0.5,0.5,0.5,0.5,0.5,0.5,0.5,0.5,0.5,0.5,0.5,0.5,0.5,0.5,0.5,0.5,0.5,0.5,0.5,0.5,0.5,0.5,0.5,0.5,0.5,0.5,0.5,0.5,0.5,0.5,0.5,0.5,0.5,0.5,0.5,0.5,0.5,0.5,0.5,0.5,0.5,0.5,0.5,0.5,0.5,0.5,0.5,0.5,0.5,0.5,0.5,0.5,0.5,0.5,0.5,0.5,0.5,0.5,0.5,0.5,0.5,0.5,0.5,0.5,0.5,0.5,0.5,0.5,0.5,0.5,0.5,0.5,0.5,0.5,0.5,0.5,0.5,0.5,0.5,0.5,0.5,0.5,0.5,0.5,0.5,0.5,0.5,0.5,0.5,0.5,0.5,0.5,0.5,0.5,0.5,0.5,0.5,0.5,0.5,0.5,0.5,0.5,0.5,0.5,0.5,0.5,0.5,0.5,,,,,,,,,,,,,,,,,,,,,,,,,,,,,,,,,
CH2B1:KW,(                ),kW,0.5,0.5,0.5,0.5,0.5,0.5,0.5,0.5,0.5,0.5,0.5,0.5,0.5,0.5,0.5,0.5,0.5,0.5,0.5,0.5,0.5,0.5,0.5,0.5,0.5,0.5,0.5,0.5,0.5,0.5,0.5,0.5,0.5,0.5,0.5,0.5,0.5,0.5,0.5,0.5,0.5,0.5,0.5,0.5,0.5,0.5,0.5,0.5,0.5,0.5,0.5,0.5,0.5,0.5,0.5,0.5,0.5,0.5,0.5,0.5,0.5,0.5,0.5,0.5,0.5,0.5,0.5,0.5,0.5,0.5,0.5,0.5,0.5,0.5,0.5,0.5,0.5,0.5,0.5,0.5,0.5,0.5,0.5,0.5,0.5,0.5,0.5,0.5,0.5,0.5,0.5,0.5,0.5,0.5,0.5,0.5,0.5,0.5,0.5,0.5,0.5,0.5,0.5,0.5,0.5,0.5,0.5,0.5,0.5,0.5,0.5,,,,,,,,,,,,,,,,,,,,,,,,,,,,,,,,,
CHB1-ALL.KW,(冰機系統功率    ),,1.1,1.1,1.1,1.1,1.1,1.1,1.1,1.1,1.1,1.1,1.1,1.1,1.1,1.1,1.1,1.1,1.1,1.1,1.1,1.1,1.1,1.1,1.1,1.1,1.1,1.1,1.1,1.1,1.1,1.1,1.1,1.1,1.1,1.1,1.1,1.1,1.1,1.1,1.1,1.1,1.1,1.1,1.1,1.1,1.1,1.1,1.1,1.1,1.1,1.1,1.1,1.1,1.1,1.1,1.1,1.1,1.1,1.1,1.1,1.1,1.1,1.1,1.1,1.1,1.1,1.1,1.1,1.1,1.1,1.1,1.1,1.1,1.1,1.1,1.1,1.1,1.1,1.1,1.1,1.1,1.1,1.1,1.1,1.1,1.1,1.1,1.1,1.1,1.1,1.1,1.1,1.1,1.1,1.1,1.1,1.1,1.1,1.1,1.1,1.1,1.1,1.1,1.1,1.1,1.1,1.1,1.1,1.1,1.1,1.1,1.1,,,,,,,,,,,,,,,,,,,,,,,,,,,,,,,,,
CH-B1-1.TON,(冷凍頓          ),,0,0,0,0,0,0,0,0,0,0,0,0,0,0,0,0,0,0,0,0,0,0,0,0,0,0,0,0,0,0,0,0,0,0,0,0,0,0,0,0,0,0,0,0,0,138,434,392,389,349,322,317,262,351,354,357,357,360,358,359,359,359,363,365,364,364,366,368,368,364,365,364,368,369,371,372,369,371,372,374,371,396,402,390,380,396,382,389,392,381,399,381,387,399,380,403,383,386,399,379,397,391,389,400,377,394,386,391,393,380,391,,,,,,,,,,,,,,,,,,,,,,,,,,,,,,,,,
CH-B1-2.TON,(冷凍頓          ),,0,0,0,0,0,0,0,0,0,0,0,0,0,0,0,0,0,0,0,0,0,0,0,0,0,0,0,0,0,0,0,0,0,0,0,0,0,0,0,0,0,0,0,0,0,0,0,0,0,0,0,0,0,0,0,0,0,0,0,0,0,0,0,0,0,0,0,0,0,0,0,0,0,0,0,0,0,0,0,0,0,277,300,288,2,75,282,0,284,0,100,279,0,289,0,84,276,0,255,0,54,284,0,222,0,11,283,0,267,1,0,,,,,,,,,,,,,,,,,,,,,,,,,,,,,,,,,
CH-B1.TON,(冰水系統冷凍頓  ),,0,0,0,0,0,0,0,0,0,0,0,0,0,0,0,0,0,0,0,0,0,0,0,0,0,0,0,0,0,0,0,0,0,0,0,0,0,0,0,0,0,0,0,0,0,123,392,368,305,205,164,161,125,217,251,251,260,271,286,277,271,219,225,229,235,234,236,237,239,230,232,230,231,238,234,231,213,220,214,214,209,729,785,750,401,420,813,295,765,384,452,803,291,783,404,436,812,285,716,412,384,824,288,648,421,335,807,292,750,328,327,,,,,,,,,,,,,,,,,,,,,,,,,,,,,,,,,
CH-B1-1.KW/RT,(冰機效率        ),,0.00,0.00,0.00,0.00,0.00,0.00,0.00,0.00,0.00,0.00,0.00,0.00,0.00,0.00,0.00,0.00,0.00,0.00,0.00,0.00,0.00,0.00,0.00,0.00,0.00,0.00,0.00,0.00,0.00,0.00,0.00,0.00,0.00,0.00,0.00,0.00,0.00,0.00,0.00,0.00,0.00,0.00,0.00,0.00,0.00,0.00,0.00,0.00,0.00,0.00,0.00,0.00,0.00,0.00,0.00,0.00,0.00,0.00,0.00,0.00,0.00,0.00,0.00,0.00,0.00,0.00,0.00,0.00,0.00,0.00,0.00,0.00,0.00,0.00,0.00,0.00,0.00,0.00,0.00,0.00,0.00,0.00,0.00,0.00,0.00,0.00,0.00,0.00,0.00,0.00,0.00,0.00,0.00,0.00,0.00,0.00,0.00,0.00,0.00,0.00,0.00,0.00,0.00,0.00,0.00,0.00,0.00,0.00,0.00,0.00,0.00,,,,,,,,,,,,,,,,,,,,,,,,,,,,,,,,,
CH-B1-2.KW/RT,(冰機效率        ),,0.00,0.00,0.00,0.00,0.00,0.00,0.00,0.00,0.00,0.00,0.00,0.00,0.00,0.00,0.00,0.00,0.00,0.00,0.00,0.00,0.00,0.00,0.00,0.00,0.00,0.00,0.00,0.00,0.00,0.00,0.00,0.00,0.00,0.00,0.00,0.00,0.00,0.00,0.00,0.00,0.00,0.00,0.00,0.00,0.00,0.00,0.00,0.00,0.00,0.00,0.00,0.00,0.00,0.00,0.00,0.00,0.00,0.00,0.00,0.00,0.00,0.00,0.00,0.00,0.00,0.00,0.00,0.00,0.00,0.00,0.00,0.00,0.00,0.00,0.00,0.00,0.00,0.00,0.00,0.00,0.00,0.00,0.00,0.00,0.00,0.00,0.00,0.00,0.00,0.00,0.00,0.00,0.00,0.00,0.00,0.00,0.00,0.00,0.00,0.00,0.00,0.00,0.00,0.00,0.00,0.00,0.00,0.00,0.00,0.00,0.00,,,,,,,,,,,,,,,,,,,,,,,,,,,,,,,,,
CH-B1.KW/RT,(冰水系統效率    ),,0.00,0.00,0.00,0.00,0.00,0.00,0.00,0.00,0.00,0.00,0.00,0.00,0.00,0.00,0.00,0.00,0.00,0.00,0.00,0.00,0.00,0.00,0.00,0.00,0.00,0.00,0.00,0.00,0.00,0.00,0.00,0.00,0.00,0.00,0.00,0.00,0.00,0.00,0.00,0.00,0.00,0.00,0.00,0.00,0.00,0.00,0.00,0.00,0.00,0.00,0.00,0.00,0.00,0.00,0.00,0.00,0.00,0.00,0.00,0.00,0.00,0.00,0.00,0.00,0.00,0.00,0.00,0.00,0.00,0.00,0.00,0.00,0.00,0.00,0.00,0.00,0.00,0.00,0.00,0.00,0.00,0.00,0.00,0.00,0.00,0.00,0.00,0.00,0.00,0.00,0.00,0.00,0.00,0.00,0.00,0.00,0.00,0.00,0.00,0.00,0.00,0.00,0.00,0.00,0.00,0.00,0.00,0.00,0.00,0.00,0.00,,,,,,,,,,,,,,,,,,,,,,,,,,,,,,,,,
CW-B1-1.TON,(冷凍頓          ),,0,0,0,0,0,0,0,0,0,0,0,0,0,0,0,0,0,0,0,0,0,0,0,0,0,0,0,0,0,0,0,0,0,0,0,0,0,0,0,0,0,0,0,0,0,119,449,418,412,413,386,378,314,417,422,416,424,419,425,424,423,429,429,430,430,432,430,430,431,435,432,436,437,435,437,436,438,439,442,446,446,438,415,410,403,416,400,409,407,405,419,401,409,406,401,416,405,412,412,400,421,404,410,415,395,420,401,417,409,408,414,,,,,,,,,,,,,,,,,,,,,,,,,,,,,,,,,
CW-B1-2.TON,(冷凍頓          ),,0,0,0,0,0,0,0,0,0,0,0,0,0,0,0,0,0,0,0,0,0,0,0,0,0,0,0,0,0,0,0,0,0,0,0,0,0,0,0,0,0,0,0,0,0,0,0,0,0,0,0,0,0,0,0,0,0,0,0,0,0,0,0,0,0,0,0,0,0,0,0,0,0,0,0,0,0,0,0,0,0,331,387,388,16,103,379,14,358,11,127,383,13,370,12,112,385,14,332,30,53,377,12,288,40,12,375,14,342,15,10,,,,,,,,,,,,,,,,,,,,,,,,,,,,,,,,,
CW-B1.TON,(冷卻水系統冷凍頓),,0,0,0,0,0,0,0,0,0,0,0,0,0,0,0,0,0,0,0,0,0,0,0,0,0,0,0,0,0,0,0,0,0,0,0,0,0,0,0,0,0,0,0,0,0,110,455,414,412,410,388,375,310,413,417,412,423,414,424,418,419,425,426,427,426,427,427,426,425,430,427,434,434,429,435,433,435,434,438,444,442,753,787,788,414,516,760,419,740,404,535,772,419,752,400,517,782,423,728,413,457,757,416,685,417,426,757,425,730,417,415,,,,,,,,,,,,,,,,,,,,,,,,,,,,,,,,,
CH-B1-1.HB,(                ),,0.00,0.00,0.00,0.00,0.00,0.00,0.00,0.00,0.00,0.00,0.00,0.00,0.00,0.00,0.00,0.00,0.00,0.00,0.00,0.00,0.00,0.00,0.00,0.00,0.00,0.00,0.00,0.00,0.00,0.00,0.00,0.00,0.00,0.00,0.00,0.00,0.00,0.00,0.00,0.00,0.00,0.00,0.00,0.00,0.00,16.19, -3.39, -6.15, -5.42, -15.44, -16.71, -16.10, -16.42, -15.65, -16.12, -14.16, -15.80, -14.09, -15.77, -15.06, -15.23, -16.30, -15.17, -15.13, -15.37, -15.60, -14.74, -14.40, -14.58, -16.11, -15.45, -16.52, -15.86, -14.94, -15.11, -14.78, -15.60, -15.43, -15.77, -15.96, -16.77, -9.55, -3.29, -5.07, -5.75, -5.15, -4.03, -4.98, -3.61, -5.87, -4.83, -4.93, -5.25, -1.80, -5.20, -2.88, -5.56, -6.10, -3.16, -5.18, -5.64, -3.08, -5.16, -3.61, -4.42, -6.16, -3.71, -6.19, -3.90, -6.80, -5.67,,,,,,,,,,,,,,,,,,,,,,,,,,,,,,,,,
CH-B1-2.HB,(                ),,0.00,0.00,0.00,0.00,0.00,0.00,0.00,0.00,0.00,0.00,0.00,0.00,0.00,0.00,0.00,0.00,0.00,0.00,0.00,0.00,0.00,0.00,0.00,0.00,0.00,0.00,0.00,0.00,0.00,0.00,0.00,0.00,0.00,0.00,0.00,0.00,0.00,0.00,0.00,0.00,0.00,0.00,0.00,0.00,0.00,0.00,0.00,0.00,0.00,0.00,0.00,0.00,0.00,0.00,0.00,0.00,0.00,0.00,0.00,0.00,0.00,0.00,0.00,0.00,0.00,0.00,0.00,0.00,0.00,0.00,0.00,0.00,0.00,0.00,0.00,0.00,0.00,0.00,0.00,0.00,0.00, -16.20, -22.42, -25.41, -81.87, -27.38, -25.51, -97.38, -20.54, -98.60, -21.20, -27.23, -98.35, -21.84, -91.20, -24.83, -28.16, -98.94, -23.49, -99.50,1.03, -24.66, -93.90, -23.05, -99.62, -11.51, -24.45, -96.11, -22.40, -85.84, -94.97,,,,,,,,,,,,,,,,,,,,,,,,,,,,,,,,,
CH-B1.HB,(                ),,0.00,0.00,0.00,0.00,0.00,0.00,0.00,0.00,0.00,0.00,0.00,0.00,0.00,0.00,0.00,0.00,0.00,0.00,0.00,0.00,0.00,0.00,0.00,0.00,0.00,0.00,0.00,0.00,0.00,0.00,0.00,0.00,0.00,0.00,0.00,0.00,0.00,0.00,0.00,0.00,0.00,0.00,0.00,0.00,0.00,12.44, -13.78, -10.88, -25.70, -49.95, -57.59, -57.12, -59.41, -47.67, -39.64, -38.81, -38.43, -34.45, -32.08, -33.51, -35.06, -48.45, -47.17, -46.28, -44.66, -44.99, -44.50, -44.35, -43.50, -46.41, -45.55, -46.71, -46.62, -44.36, -46.07, -46.55, -50.75, -49.25, -51.06, -51.65, -52.58, -3.10, -0.24, -4.37, -3.05, -18.45,6.97, -29.45,3.16, -4.83, -15.38,4.15, -30.47,4.17,0.94, -15.48,3.73, -32.38, -1.75, -0.24, -15.91,8.87, -30.59, -5.43,1.25, -21.29,6.63, -31.20,2.48, -21.27, -21.08,,,,,,,,,,,,,,,,,,,,,,,,,,,,,,,,,
CWP1B1:KW,(                ),kW,39.2,39.2,39.2,39.2,39.2,39.2,39.2,39.2,39.2,39.2,39.2,39.2,39.2,39.2,39.2,39.2,39.2,39.2,39.2,39.2,39.2,39.2,39.2,39.2,39.2,39.2,39.2,39.2,39.2,39.2,39.2,39.2,39.2,39.2,39.2,39.2,39.2,39.2,39.2,39.2,39.2,39.2,39.2,39.2,39.2,39.2,39.2,39.2,39.2,39.2,39.2,39.2,39.2,39.2,39.2,39.2,39.2,39.2,39.2,39.2,39.2,39.2,39.2,39.2,39.2,39.2,39.2,39.2,39.2,39.2,39.2,39.2,39.2,39.2,39.2,39.2,39.2,39.2,39.2,39.2,39.2,39.2,39.2,39.2,39.2,39.2,39.2,39.2,39.2,39.2,39.2,39.2,39.2,39.2,39.2,39.2,39.2,39.2,39.2,39.2,39.2,39.2,39.2,39.2,39.2,39.2,39.2,39.2,39.2,39.2,39.2,,,,,,,,,,,,,,,,,,,,,,,,,,,,,,,,,
CWP2B1:KW,(                ),kW,0.0,0.0,0.0,0.0,0.0,0.0,0.0,0.0,0.0,0.0,0.0,0.0,0.0,0.0,0.0,0.0,0.0,0.0,0.0,0.0,0.0,0.0,0.0,0.0,0.0,0.0,0.0,0.0,0.0,0.0,0.0,0.0,0.0,0.0,0.0,0.0,0.0,0.0,0.0,0.0,0.0,0.0,0.0,0.0,0.0,0.0,0.0,0.0,0.0,0.0,0.0,0.0,0.0,0.0,0.0,0.0,0.0,0.0,0.0,0.0,0.0,0.0,0.0,0.0,0.0,0.0,0.0,0.0,0.0,0.0,0.0,0.0,0.0,0.0,0.0,0.0,0.0,0.0,0.0,0.0,0.0,0.0,0.0,0.0,0.0,0.0,0.0,0.0,0.0,0.0,0.0,0.0,0.0,0.0,0.0,0.0,0.0,0.0,0.0,0.0,0.0,0.0,0.0,0.0,0.0,0.0,0.0,0.0,0.0,0.0,0.0,,,,,,,,,,,,,,,,,,,,,,,,,,,,,,,,,
CWP3B1:KW,(                ),kW,0.0,0.0,0.0,0.0,0.0,0.0,0.0,0.0,0.0,0.0,0.0,0.0,0.0,0.0,0.0,0.0,0.0,0.0,0.0,0.0,0.0,0.0,0.0,0.0,0.0,0.0,0.0,0.0,0.0,0.0,0.0,0.0,0.0,0.0,0.0,0.0,0.0,0.0,0.0,0.0,0.0,0.0,0.0,0.0,0.0,0.0,0.0,0.0,0.0,0.0,0.0,0.0,0.0,0.0,0.0,0.0,0.0,0.0,0.0,0.0,0.0,0.0,0.0,0.0,0.0,0.0,0.0,0.0,0.0,0.0,0.0,0.0,0.0,0.0,0.0,0.0,0.0,0.0,0.0,0.0,0.0,0.0,0.0,0.0,0.0,0.0,0.0,0.0,0.0,0.0,0.0,0.0,0.0,0.0,0.0,0.0,0.0,0.0,0.0,0.0,0.0,0.0,0.0,0.0,0.0,0.0,0.0,0.0,0.0,0.0,0.0,,,,,,,,,,,,,,,,,,,,,,,,,,,,,,,,,
CWPB1-ALL.KW,(冷卻水泵系統功率),,39.2,39.2,39.2,39.2,39.2,39.2,39.2,39.2,39.2,39.2,39.2,39.2,39.2,39.2,39.2,39.2,39.2,39.2,39.2,39.2,39.2,39.2,39.2,39.2,39.2,39.2,39.2,39.2,39.2,39.2,39.2,39.2,39.2,39.2,39.2,39.2,39.2,39.2,39.2,39.2,39.2,39.2,39.2,39.2,39.2,39.2,39.2,39.2,39.2,39.2,39.2,39.2,39.2,39.2,39.2,39.2,39.2,39.2,39.2,39.2,39.2,39.2,39.2,39.2,39.2,39.2,39.2,39.2,39.2,39.2,39.2,39.2,39.2,39.2,39.2,39.2,39.2,39.2,39.2,39.2,39.2,39.2,39.2,39.2,39.2,39.2,39.2,39.2,39.2,39.2,39.2,39.2,39.2,39.2,39.2,39.2,39.2,39.2,39.2,39.2,39.2,39.2,39.2,39.2,39.2,39.2,39.2,39.2,39.2,39.2,39.2,,,,,,,,,,,,,,,,,,,,,,,,,,,,,,,,,
CHP1B1:KW,(                ),kW,14.6,14.6,14.6,14.6,14.6,14.6,14.6,14.6,14.6,14.6,14.6,14.6,14.6,14.6,14.6,14.6,14.6,14.6,14.6,14.6,14.6,14.6,14.6,14.6,14.6,14.6,14.6,14.6,14.6,14.6,14.6,14.6,14.6,14.6,14.6,14.6,14.6,14.6,14.6,14.6,14.6,14.6,14.6,14.6,14.6,14.6,14.6,14.6,14.6,14.6,14.6,14.6,14.6,14.6,14.6,14.6,14.6,14.6,14.6,14.6,14.6,14.6,14.6,14.6,14.6,14.6,14.6,14.6,14.6,14.6,14.6,14.6,14.6,14.6,14.6,14.6,14.6,14.6,14.6,14.6,14.6,14.6,14.6,14.6,14.6,14.6,14.6,14.6,14.6,14.6,14.6,14.6,14.6,14.6,14.6,14.6,14.6,14.6,14.6,14.6,14.6,14.6,14.6,14.6,14.6,14.6,14.6,14.6,14.6,14.6,14.6,,,,,,,,,,,,,,,,,,,,,,,,,,,,,,,,,
CHP2B1:KW,(                ),kW,0.0,0.0,0.0,0.0,0.0,0.0,0.0,0.0,0.0,0.0,0.0,0.0,0.0,0.0,0.0,0.0,0.0,0.0,0.0,0.0,0.0,0.0,0.0,0.0,0.0,0.0,0.0,0.0,0.0,0.0,0.0,0.0,0.0,0.0,0.0,0.0,0.0,0.0,0.0,0.0,0.0,0.0,0.0,0.0,0.0,0.0,0.0,0.0,0.0,0.0,0.0,0.0,0.0,0.0,0.0,0.0,0.0,0.0,0.0,0.0,0.0,0.0,0.0,0.0,0.0,0.0,0.0,0.0,0.0,0.0,0.0,0.0,0.0,0.0,0.0,0.0,0.0,0.0,0.0,0.0,0.0,0.0,0.0,0.0,0.0,0.0,0.0,0.0,0.0,0.0,0.0,0.0,0.0,0.0,0.0,0.0,0.0,0.0,0.0,0.0,0.0,0.0,0.0,0.0,0.0,0.0,0.0,0.0,0.0,0.0,0.0,,,,,,,,,,,,,,,,,,,,,,,,,,,,,,,,,
CHP3B1:KW,(                ),kW,0.0,0.0,0.0,0.0,0.0,0.0,0.0,0.0,0.0,0.0,0.0,0.0,0.0,0.0,0.0,0.0,0.0,0.0,0.0,0.0,0.0,0.0,0.0,0.0,0.0,0.0,0.0,0.0,0.0,0.0,0.0,0.0,0.0,0.0,0.0,0.0,0.0,0.0,0.0,0.0,0.0,0.0,0.0,0.0,0.0,0.0,0.0,0.0,0.0,0.0,0.0,0.0,0.0,0.0,0.0,0.0,0.0,0.0,0.0,0.0,0.0,0.0,0.0,0.0,0.0,0.0,0.0,0.0,0.0,0.0,0.0,0.0,0.0,0.0,0.0,0.0,0.0,0.0,0.0,0.0,0.0,0.0,0.0,0.0,0.0,0.0,0.0,0.0,0.0,0.0,0.0,0.0,0.0,0.0,0.0,0.0,0.0,0.0,0.0,0.0,0.0,0.0,0.0,0.0,0.0,0.0,0.0,0.0,0.0,0.0,0.0,,,,,,,,,,,,,,,,,,,,,,,,,,,,,,,,,
CHPB1-ALL.KW,(冰水泵系統功率  ),,14.6,14.6,14.6,14.6,14.6,14.6,14.6,14.6,14.6,14.6,14.6,14.6,14.6,14.6,14.6,14.6,14.6,14.6,14.6,14.6,14.6,14.6,14.6,14.6,14.6,14.6,14.6,14.6,14.6,14.6,14.6,14.6,14.6,14.6,14.6,14.6,14.6,14.6,14.6,14.6,14.6,14.6,14.6,14.6,14.6,14.6,14.6,14.6,14.6,14.6,14.6,14.6,14.6,14.6,14.6,14.6,14.6,14.6,14.6,14.6,14.6,14.6,14.6,14.6,14.6,14.6,14.6,14.6,14.6,14.6,14.6,14.6,14.6,14.6,14.6,14.6,14.6,14.6,14.6,14.6,14.6,14.6,14.6,14.6,14.6,14.6,14.6,14.6,14.6,14.6,14.6,14.6,14.6,14.6,14.6,14.6,14.6,14.6,14.6,14.6,14.6,14.6,14.6,14.6,14.6,14.6,14.6,14.6,14.6,14.6,14.6,,,,,,,,,,,,,,,,,,,,,,,,,,,,,,,,,
MGCBAB2.KWH,(度數            ),kW h,264176960,264177088,264177200,264177280,264177408,264177536,264177648,264177760,264177872,264177968,264178048,264178080,264178112,264178160,264178176,264178224,264178256,264178288,264178336,264178368,264178416,264178448,264178496,264178544,264178576,264178608,264178656,264178704,264178752,264178800,264178832,264178880,264178896,264178928,264178976,264179008,264179040,264179072,264179104,264179136,264179200,264179248,264179296,264179344,264179408,264179472,264179536,264179584,264179632,264179712,264179840,264180016,264180208,264180416,264180688,264180944,264181184,264181488,264181808,264182160,264182496,264182768,264183168,264183504,264183872,264184208,264184576,264184928,264185296,264185648,264185808,264186368,264186656,264187056,264187360,264187712,264188032,264188368,264188784,264189152,264189488,264189856,264190208,264190560,264190928,264191280,264191648,264192016,264192320,264192672,264193040,264193392,264193760,264194080,264194496,264194880,264195232,264195616,264195968,264196320,264196640,264197008,264197376,264197728,264198096,264198464,264198800,264199168,264199536,264199856,264200048,,,,,,,,,,,,,,,,,,,,,,,,,,,,,,,,,
MGCBAB2:HZ,(                ),Hz,59,60,59,60,59,60,60,60,60,60,59,60,60,59,59,60,59,60,59,60,60,60,60,60,59,60,60,60,59,60,60,60,59,59,60,60,60,59,60,60,60,59,59,60,60,60,60,59,59,59,60,60,60,59,60,59,59,59,60,60,59,59,59,59,59,60,59,60,60,60,59,60,60,60,59,59,60,59,60,59,60,59,60,59,59,60,60,59,60,59,59,59,60,59,60,60,60,59,60,60,59,60,59,59,59,59,59,60,60,60,60,,,,,,,,,,,,,,,,,,,,,,,,,,,,,,,,,
MGCBAB2:IR,(                ),A,18,20,16,17,16,19,17,18,16,14,6,6,6,6,6,5,5,5,5,6,6,6,6,7,6,6,8,7,7,6,6,5,5,5,5,5,5,5,5,8,7,9,8,7,9,9,9,6,10,12,25,28,29,42,40,40,43,48,55,54,53,53,53,56,57,57,57,57,58,59,56,55,55,53,54,54,56,59,58,57,56,56,59,56,57,59,57,56,54,56,58,59,58,60,56,62,59,58,55,57,56,58,57,62,58,57,57,58,59,55,57,,,,,,,,,,,,,,,,,,,,,,,,,,,,,,,,,
MGCBAB2:IS,(                ),A,17,19,16,16,16,18,17,17,15,13,5,5,5,5,5,5,5,5,5,6,6,6,6,7,6,5,8,7,6,6,5,5,4,4,4,4,5,5,5,7,6,8,7,7,8,9,8,5,10,11,25,28,29,41,40,40,42,48,55,54,53,53,52,55,57,57,57,56,57,58,55,54,54,53,53,53,55,59,58,56,55,55,58,55,57,58,56,55,53,55,58,58,58,59,55,61,58,57,54,56,55,57,56,60,57,56,56,57,57,54,56,,,,,,,,,,,,,,,,,,,,,,,,,,,,,,,,,
MGCBAB2:IT,(                ),A,19,20,17,18,17,19,18,18,16,14,6,6,6,6,6,6,6,6,6,7,7,7,7,7,7,6,9,7,7,7,6,5,5,5,5,5,6,6,6,8,7,9,8,8,9,10,9,6,11,12,25,28,28,41,40,40,42,47,54,53,52,52,52,55,56,56,56,56,57,58,55,54,54,52,53,53,55,58,57,56,55,55,58,55,56,58,56,55,53,55,58,58,57,58,55,61,58,57,54,56,55,57,56,60,57,56,56,57,58,54,57,,,,,,,,,,,,,,,,,,,,,,,,,,,,,,,,,
MGCBAB2:KW,(                ),kW,704.0,779.0,635.0,667.0,634.0,722.0,679.0,691.0,612.0,531.0,228.0,222.0,220.0,231.0,227.0,209.0,210.0,216.0,211.0,247.0,251.0,249.0,247.0,262.0,257.0,230.0,324.0,281.0,270.0,254.0,220.0,203.0,200.0,197.0,198.0,197.0,212.0,211.0,214.0,334.0,274.0,351.0,322.0,300.0,342.0,371.0,349.0,244.0,413.0,486.0,989.0,1094.0,1120.0,1613.0,1536.0,1535.0,1628.0,1831.0,2080.0,2046.0,2015.0,2000.0,1990.0,2095.0,2158.0,2146.0,2146.0,2130.0,2176.0,2209.0,2080.0,2055.0,2054.0,2010.0,2026.0,2015.0,2107.0,2233.0,2192.0,2129.0,2104.0,2084.0,2208.0,2098.0,2167.0,2212.0,2156.0,2104.0,2037.0,2084.0,2170.0,2229.0,2181.0,2242.0,2097.0,2316.0,2232.0,2191.0,2054.0,2137.0,2111.0,2173.0,2162.0,2328.0,2173.0,2140.0,2139.0,2194.0,2196.0,2044.0,2165.0,,,,,,,,,,,,,,,,,,,,,,,,,,,,,,,,,
MGCBAB2:PF,(                ),, -0.95, -0.96, -0.94, -0.95, -0.94, -0.96, -0.95, -0.95, -0.95, -0.93, -33.76, -33.76, -33.77, -33.77, -33.77, -33.77, -33.77, -33.77, -33.77, -33.77, -33.77, -33.77, -33.77, -33.77, -33.77, -33.77, -33.77, -33.77, -33.77, -33.77, -33.77, -33.77, -33.77, -33.76, -33.77, -33.77, -33.77, -33.77, -33.77, -33.77, -33.76, -33.76, -33.77, -33.76, -1.00, -1.00, -1.00, -33.77, -0.98, -0.99, -0.96, -0.96, -0.96, -0.95, -0.95, -0.95, -0.94, -0.94, -0.94, -0.94, -0.94, -0.94, -0.94, -0.95, -0.94, -0.94, -0.94, -0.94, -0.94, -0.94, -0.94, -0.94, -0.94, -0.94, -0.94, -0.94, -0.94, -0.94, -0.94, -0.94, -0.94, -0.94, -0.94, -0.94, -0.95, -0.95, -0.95, -0.94, -0.94, -0.93, -0.94, -0.94, -0.94, -0.94, -0.94, -0.95, -0.94, -0.94, -0.94, -0.95, -0.94, -0.95, -0.95, -0.95, -0.94, -0.94, -0.94, -0.94, -0.95, -0.94, -0.95,,,,,,,,,,,,,,,,,,,,,,,,,,,,,,,,,
MGCBAB2:VRS,(                ),kV,23.5,23.5,23.5,23.4,23.4,23.4,23.4,23.4,23.4,23.4,23.5,23.5,23.5,23.5,23.5,23.5,23.5,23.5,23.5,23.5,23.5,23.5,23.5,23.5,23.6,23.6,23.6,23.6,23.6,23.6,23.6,23.6,23.6,23.6,23.6,23.5,23.5,23.5,23.5,23.5,23.5,23.5,23.4,23.5,23.5,23.4,23.5,23.6,23.6,23.6,23.5,23.5,23.5,23.5,23.4,23.4,23.3,23.3,23.2,23.3,23.2,23.2,23.2,23.2,23.1,23.1,23.1,23.1,23.0,23.1,23.1,23.1,23.1,23.1,23.1,23.1,23.1,23.1,23.0,23.0,23.1,23.0,23.0,23.0,23.1,23.0,23.0,23.1,23.1,23.1,23.0,23.0,23.1,23.0,23.1,23.1,23.1,23.1,23.1,23.1,23.2,23.1,23.1,23.1,23.1,23.1,23.1,23.1,23.0,23.0,23.1,,,,,,,,,,,,,,,,,,,,,,,,,,,,,,,,,
MGCBAB2:VST,(                ),kV,23.5,23.6,23.6,23.4,23.4,23.4,23.4,23.5,23.5,23.4,23.5,23.5,23.5,23.5,23.6,23.5,23.6,23.5,23.5,23.5,23.5,23.5,23.7,23.6,23.6,23.6,23.6,23.6,23.6,23.6,23.6,23.6,23.6,23.6,23.5,23.6,23.5,23.5,23.6,23.6,23.6,23.5,23.5,23.5,23.5,23.5,23.5,23.6,23.6,23.6,23.5,23.5,23.6,23.4,23.4,23.4,23.4,23.3,23.3,23.3,23.3,23.2,23.2,23.2,23.2,23.2,23.1,23.1,23.1,23.1,23.1,23.1,23.1,23.1,23.1,23.1,23.1,23.1,23.1,23.0,23.1,23.0,23.0,23.0,23.1,23.1,23.1,23.1,23.1,23.1,23.1,23.1,23.1,23.1,23.1,23.2,23.1,23.1,23.2,23.2,23.2,23.2,23.1,23.2,23.2,23.2,23.1,23.1,23.1,23.1,23.1,,,,,,,,,,,,,,,,,,,,,,,,,,,,,,,,,
MGCBAB2:VTR,(                ),kV,23.5,23.5,23.5,23.5,23.3,23.4,23.5,23.4,23.4,23.4,23.5,23.5,23.5,23.5,23.6,23.5,23.5,23.6,23.5,23.5,23.6,23.6,23.5,23.5,23.6,23.6,23.6,23.6,23.6,23.6,23.6,23.6,23.6,23.6,23.7,23.6,23.6,23.5,23.5,23.6,23.6,23.5,23.5,23.4,23.5,23.4,23.5,23.5,23.6,23.6,23.5,23.5,23.5,23.4,23.3,23.5,23.4,23.3,23.3,23.3,23.3,23.3,23.2,23.2,23.2,23.1,23.2,23.1,23.1,23.0,23.1,23.1,23.2,23.1,23.2,23.2,23.2,23.2,23.1,23.1,23.1,23.1,23.1,23.1,23.1,23.1,23.1,23.1,23.1,23.1,23.0,23.1,23.1,23.1,23.2,23.2,23.2,23.2,23.1,23.2,23.2,23.1,23.1,23.1,23.2,23.2,23.1,23.1,23.1,23.1,23.1,,,,,,,,,,,,,,,,,,,,,,,,,,,,,,,,,
MLAB2-1.KWH,(度數            ),kW h,23620392,23620396,23620402,23620406,23620412,23620416,23620420,23620426,23620430,23620436,23620440,23620446,23620450,23620456,23620460,23620466,23620470,23620476,23620480,23620484,23620490,23620494,23620500,23620504,23620508,23620514,23620520,23620524,23620528,23620534,23620538,23620544,23620548,23620552,23620556,23620560,23620566,23620570,23620576,23620580,23620584,23620590,23620596,23620600,23620606,23620610,23620618,23620622,23620634,23620652,23620670,23620688,23620708,23620728,23620744,23620764,23620780,23620802,23620820,23620838,23620858,23620874,23620896,23620916,23620938,23620956,23620978,23620998,23621018,23621038,23621048,23621080,23621098,23621120,23621140,23621162,23621180,23621198,23621222,23621242,23621262,23621282,23621304,23621324,23621344,23621364,23621386,23621406,23621424,23621446,23621466,23621488,23621506,23621524,23621548,23621570,23621588,23621610,23621630,23621648,23621670,23621690,23621710,23621730,23621750,23621772,23621790,23621812,23621834,23621856,23621868,,,,,,,,,,,,,,,,,,,,,,,,,,,,,,,,,
MLAB2-1:HZ,(                ),Hz,60,59,59,60,59,60,60,60,60,60,59,59,59,59,59,59,59,59,59,59,60,60,60,60,59,60,60,60,59,60,60,60,59,59,60,60,59,59,60,60,60,59,59,60,60,60,60,59,60,59,59,60,60,59,59,59,59,59,60,60,59,59,59,59,59,60,60,60,59,60,59,60,60,60,60,59,60,59,60,59,60,59,60,59,59,60,60,60,60,59,60,59,60,59,60,60,60,59,60,60,60,59,59,59,59,59,59,59,60,60,60,,,,,,,,,,,,,,,,,,,,,,,,,,,,,,,,,
MLAB2-1:IR,(                ),A,61,58,58,58,59,58,58,58,58,60,60,60,63,63,63,64,65,65,61,61,62,61,60,60,61,61,59,60,61,60,60,60,58,59,59,58,60,60,62,61,60,60,65,71,71,70,71,71,196,195,197,198,198,198,199,198,200,197,200,201,216,215,216,232,234,234,231,235,233,233,231,231,231,230,233,233,232,232,229,234,231,236,234,231,234,234,235,232,231,232,233,233,233,231,233,232,235,233,232,229,234,230,232,233,233,233,232,230,263,266,263,,,,,,,,,,,,,,,,,,,,,,,,,,,,,,,,,
MLAB2-1:IS,(                ),A,46,45,45,43,43,45,46,44,45,46,46,46,53,52,52,54,54,53,55,53,54,52,54,53,54,51,52,53,52,50,51,49,49,49,51,49,53,52,56,52,53,52,56,57,59,58,59,58,182,182,187,184,187,186,187,187,184,186,189,188,188,191,191,200,199,201,201,203,199,204,200,197,203,195,200,203,197,199,198,199,200,203,201,202,199,198,201,200,203,201,200,200,204,201,198,202,200,201,197,199,199,197,199,200,197,198,199,197,237,236,235,,,,,,,,,,,,,,,,,,,,,,,,,,,,,,,,,
MLAB2-1:IT,(                ),A,32,31,33,30,31,30,33,31,31,31,30,30,42,42,42,43,43,42,46,41,42,43,42,42,43,41,42,43,42,40,44,39,39,41,41,39,40,39,42,39,39,39,40,41,42,43,45,43,158,155,161,157,161,156,158,159,158,158,160,158,159,161,163,161,162,162,166,164,164,168,161,165,163,160,163,169,163,163,162,162,161,161,163,162,162,161,166,162,162,162,165,161,168,162,165,163,162,162,162,162,161,161,161,163,162,162,162,162,195,198,195,,,,,,,,,,,,,,,,,,,,,,,,,,,,,,,,,
MLAB2-1:KW,(                ),kW,30.0,29.0,30.0,28.0,29.0,29.0,30.0,29.0,29.0,30.0,30.0,30.0,29.0,29.0,29.0,30.0,30.0,30.0,30.0,29.0,29.0,29.0,29.0,28.0,29.0,28.0,28.0,29.0,29.0,28.0,29.0,28.0,27.0,28.0,29.0,27.0,29.0,28.0,31.0,29.0,29.0,28.0,31.0,32.0,33.0,33.0,34.0,33.0,111.0,111.0,113.0,112.0,113.0,111.0,112.0,112.0,112.0,112.0,113.0,113.0,115.0,116.0,117.0,121.0,122.0,122.0,123.0,123.0,122.0,124.0,122.0,121.0,122.0,120.0,122.0,124.0,122.0,122.0,121.0,122.0,121.0,123.0,123.0,122.0,122.0,122.0,123.0,122.0,123.0,122.0,122.0,122.0,124.0,122.0,123.0,122.0,122.0,122.0,122.0,121.0,122.0,120.0,121.0,122.0,121.0,122.0,122.0,120.0,142.0,144.0,143.0,,,,,,,,,,,,,,,,,,,,,,,,,,,,,,,,,
MLAB2-1:PF,(                ),, -33.75, -33.75, -33.75, -33.75, -33.75, -33.75, -33.75, -33.75, -33.75, -33.76, -33.76, -33.76, -0.85, -0.85, -0.85, -0.85, -0.85, -0.85, -0.86, -0.85, -0.85, -0.84, -0.85, -0.84, -0.84, -0.85, -0.84, -0.84, -0.85, -0.85, -0.86, -0.86, -0.85, -0.86, -0.86, -0.85, -0.86, -0.86, -0.88, -0.86, -0.86, -0.86, -0.88, -0.88, -0.88, -0.89, -0.88, -0.88, -0.94, -0.94, -0.94, -0.94, -0.94, -0.94, -0.95, -0.95, -0.95, -0.95, -0.95, -0.95, -0.94, -0.94, -0.95, -0.95, -0.95, -0.95, -0.95, -0.95, -0.95, -0.95, -0.95, -0.95, -0.95, -0.95, -0.95, -0.95, -0.95, -0.95, -0.95, -0.95, -0.95, -0.95, -0.95, -0.95, -0.95, -0.95, -0.95, -0.95, -0.95, -0.95, -0.95, -0.95, -0.95, -0.95, -0.95, -0.95, -0.95, -0.95, -0.95, -0.95, -0.95, -0.95, -0.95, -0.95, -0.95, -0.95, -0.95, -0.95, -0.95, -0.96, -0.96,,,,,,,,,,,,,,,,,,,,,,,,,,,,,,,,,
MLAB2-1:VRS,(                ),V,381.0,382.0,381.0,380.0,380.0,379.0,379.0,380.0,380.0,380.0,381.0,380.0,380.0,380.0,381.0,381.0,381.0,381.0,381.0,381.0,382.0,381.0,381.0,382.0,382.0,382.0,382.0,382.0,382.0,382.0,382.0,382.0,382.0,382.0,382.0,382.0,382.0,381.0,381.0,382.0,381.0,380.0,380.0,380.0,381.0,380.0,381.0,382.0,382.0,381.0,381.0,380.0,380.0,379.0,378.0,379.0,378.0,377.0,376.0,377.0,376.0,376.0,376.0,375.0,374.0,374.0,374.0,373.0,373.0,373.0,373.0,374.0,374.0,373.0,374.0,373.0,374.0,374.0,373.0,372.0,373.0,373.0,372.0,373.0,373.0,373.0,373.0,374.0,373.0,374.0,373.0,373.0,373.0,373.0,374.0,374.0,374.0,374.0,374.0,374.0,375.0,374.0,374.0,374.0,375.0,374.0,374.0,374.0,373.0,373.0,373.0,,,,,,,,,,,,,,,,,,,,,,,,,,,,,,,,,
MLAB2-1:VST,(                ),V,381.0,381.0,381.0,380.0,380.0,380.0,379.0,380.0,380.0,380.0,381.0,381.0,380.0,380.0,381.0,381.0,381.0,381.0,381.0,381.0,382.0,381.0,381.0,382.0,382.0,382.0,382.0,382.0,382.0,382.0,382.0,382.0,382.0,382.0,382.0,381.0,382.0,381.0,381.0,382.0,381.0,380.0,380.0,380.0,381.0,380.0,381.0,382.0,382.0,381.0,380.0,380.0,380.0,379.0,378.0,378.0,377.0,377.0,375.0,377.0,375.0,375.0,375.0,375.0,374.0,374.0,374.0,373.0,373.0,373.0,373.0,373.0,374.0,373.0,373.0,373.0,373.0,373.0,373.0,372.0,373.0,372.0,372.0,372.0,373.0,372.0,372.0,373.0,373.0,373.0,373.0,373.0,373.0,373.0,373.0,374.0,373.0,374.0,374.0,374.0,375.0,374.0,373.0,373.0,374.0,374.0,373.0,373.0,372.0,372.0,373.0,,,,,,,,,,,,,,,,,,,,,,,,,,,,,,,,,
MLAB2-1:VTR,(                ),V,381.0,382.0,382.0,380.0,380.0,379.0,379.0,380.0,380.0,380.0,381.0,380.0,380.0,381.0,381.0,381.0,381.0,381.0,381.0,381.0,382.0,381.0,381.0,381.0,382.0,382.0,382.0,382.0,382.0,382.0,381.0,382.0,382.0,382.0,382.0,381.0,382.0,381.0,381.0,381.0,381.0,380.0,381.0,380.0,381.0,380.0,381.0,382.0,382.0,381.0,381.0,380.0,380.0,380.0,378.0,378.0,378.0,377.0,376.0,377.0,376.0,376.0,376.0,375.0,375.0,374.0,374.0,374.0,373.0,373.0,373.0,374.0,374.0,374.0,374.0,374.0,374.0,374.0,373.0,373.0,373.0,373.0,373.0,373.0,373.0,373.0,373.0,374.0,373.0,374.0,373.0,373.0,374.0,373.0,374.0,374.0,374.0,374.0,375.0,375.0,376.0,374.0,374.0,374.0,374.0,374.0,375.0,374.0,373.0,373.0,373.0,,,,,,,,,,,,,,,,,,,,,,,,,,,,,,,,,
MLAB2-2.KWH,(度數            ),kW h,0,0,0,0,0,0,0,0,0,0,0,0,0,0,0,0,0,0,0,0,0,0,0,0,0,0,0,0,0,0,0,0,0,0,0,0,0,0,0,0,0,0,0,0,0,0,0,0,0,0,0,0,0,0,0,0,0,0,0,0,0,0,0,0,0,0,0,0,0,0,0,0,0,0,0,0,0,0,0,0,0,0,0,0,0,0,0,0,0,0,0,0,0,0,0,0,0,0,0,0,0,0,0,0,0,0,0,0,0,0,0,,,,,,,,,,,,,,,,,,,,,,,,,,,,,,,,,
MLAB2-2:HZ,(                ),Hz,0,0,0,0,0,0,0,0,0,0,0,0,0,0,0,0,0,0,0,0,0,0,0,0,0,0,0,0,0,0,0,0,0,0,0,0,0,0,0,0,0,0,0,0,0,0,0,0,0,0,0,0,0,0,0,0,0,0,0,0,0,0,0,0,0,0,0,0,0,0,0,0,0,0,0,0,0,0,0,0,0,0,0,0,0,0,0,0,0,0,0,0,0,0,0,0,0,0,0,0,0,0,0,0,0,0,0,0,0,0,0,,,,,,,,,,,,,,,,,,,,,,,,,,,,,,,,,
MLAB2-2:IR,(                ),A,0,0,0,0,0,0,0,0,0,0,0,0,0,0,0,0,0,0,0,0,0,0,0,0,0,0,0,0,0,0,0,0,0,0,0,0,0,0,0,0,0,0,0,0,0,0,0,0,0,0,0,0,0,0,0,0,0,0,0,0,0,0,0,0,0,0,0,0,0,0,0,0,0,0,0,0,0,0,0,0,0,0,0,0,0,0,0,0,0,0,0,0,0,0,0,0,0,0,0,0,0,0,0,0,0,0,0,0,0,0,0,,,,,,,,,,,,,,,,,,,,,,,,,,,,,,,,,
MLAB2-2:IS,(                ),A,0,0,0,0,0,0,0,0,0,0,0,0,0,0,0,0,0,0,0,0,0,0,0,0,0,0,0,0,0,0,0,0,0,0,0,0,0,0,0,0,0,0,0,0,0,0,0,0,0,0,0,0,0,0,0,0,0,0,0,0,0,0,0,0,0,0,0,0,0,0,0,0,0,0,0,0,0,0,0,0,0,0,0,0,0,0,0,0,0,0,0,0,0,0,0,0,0,0,0,0,0,0,0,0,0,0,0,0,0,0,0,,,,,,,,,,,,,,,,,,,,,,,,,,,,,,,,,
MLAB2-2:IT,(                ),A,0,0,0,0,0,0,0,0,0,0,0,0,0,0,0,0,0,0,0,0,0,0,0,0,0,0,0,0,0,0,0,0,0,0,0,0,0,0,0,0,0,0,0,0,0,0,0,0,0,0,0,0,0,0,0,0,0,0,0,0,0,0,0,0,0,0,0,0,0,0,0,0,0,0,0,0,0,0,0,0,0,0,0,0,0,0,0,0,0,0,0,0,0,0,0,0,0,0,0,0,0,0,0,0,0,0,0,0,0,0,0,,,,,,,,,,,,,,,,,,,,,,,,,,,,,,,,,
MLAB2-2:KW,(                ),kW,0.0,0.0,0.0,0.0,0.0,0.0,0.0,0.0,0.0,0.0,0.0,0.0,0.0,0.0,0.0,0.0,0.0,0.0,0.0,0.0,0.0,0.0,0.0,0.0,0.0,0.0,0.0,0.0,0.0,0.0,0.0,0.0,0.0,0.0,0.0,0.0,0.0,0.0,0.0,0.0,0.0,0.0,0.0,0.0,0.0,0.0,0.0,0.0,0.0,0.0,0.0,0.0,0.0,0.0,0.0,0.0,0.0,0.0,0.0,0.0,0.0,0.0,0.0,0.0,0.0,0.0,0.0,0.0,0.0,0.0,0.0,0.0,0.0,0.0,0.0,0.0,0.0,0.0,0.0,0.0,0.0,0.0,0.0,0.0,0.0,0.0,0.0,0.0,0.0,0.0,0.0,0.0,0.0,0.0,0.0,0.0,0.0,0.0,0.0,0.0,0.0,0.0,0.0,0.0,0.0,0.0,0.0,0.0,0.0,0.0,0.0,,,,,,,,,,,,,,,,,,,,,,,,,,,,,,,,,
MLAB2-2:PF,(                ),, -32.77, -32.77, -32.77, -32.77, -32.77, -32.77, -32.77, -32.77, -32.77, -32.77, -32.77, -32.77, -32.77, -32.77, -32.77, -32.77, -32.77, -32.77, -32.77, -32.77, -32.77, -32.77, -32.77, -32.77, -32.77, -32.77, -32.77, -32.77, -32.77, -32.77, -32.77, -32.77, -32.77, -32.77, -32.77, -32.77, -32.77, -32.77, -32.77, -32.77, -32.77, -32.77, -32.77, -32.77, -32.77, -32.77, -32.77, -32.77, -32.77, -32.77, -32.77, -32.77, -32.77, -32.77, -32.77, -32.77, -32.77, -32.77, -32.77, -32.77, -32.77, -32.77, -32.77, -32.77, -32.77, -32.77, -32.77, -32.77, -32.77, -32.77, -32.77, -32.77, -32.77, -32.77, -32.77, -32.77, -32.77, -32.77, -32.77, -32.77, -32.77, -32.77, -32.77, -32.77, -32.77, -32.77, -32.77, -32.77, -32.77, -32.77, -32.77, -32.77, -32.77, -32.77, -32.77, -32.77, -32.77, -32.77, -32.77, -32.77, -32.77, -32.77, -32.77, -32.77, -32.77, -32.77, -32.77, -32.77, -32.77, -32.77, -32.77,,,,,,,,,,,,,,,,,,,,,,,,,,,,,,,,,
MLAB2-2:VRS,(                ),V,0.0,0.0,0.0,0.0,0.0,0.0,0.0,0.0,0.0,0.0,0.0,0.0,0.0,0.0,0.0,0.0,0.0,0.0,0.0,0.0,0.0,0.0,0.0,0.0,0.0,0.0,0.0,0.0,0.0,0.0,0.0,0.0,0.0,0.0,0.0,0.0,0.0,0.0,0.0,0.0,0.0,0.0,0.0,0.0,0.0,0.0,0.0,0.0,0.0,0.0,0.0,0.0,0.0,0.0,0.0,0.0,0.0,0.0,0.0,0.0,0.0,0.0,0.0,0.0,0.0,0.0,0.0,0.0,0.0,0.0,0.0,0.0,0.0,0.0,0.0,0.0,0.0,0.0,0.0,0.0,0.0,0.0,0.0,0.0,0.0,0.0,0.0,0.0,0.0,0.0,0.0,0.0,0.0,0.0,0.0,0.0,0.0,0.0,0.0,0.0,0.0,0.0,0.0,0.0,0.0,0.0,0.0,0.0,0.0,0.0,0.0,,,,,,,,,,,,,,,,,,,,,,,,,,,,,,,,,
MLAB2-2:VST,(                ),V,0.0,0.0,0.0,0.0,0.0,0.0,0.0,0.0,0.0,0.0,0.0,0.0,0.0,0.0,0.0,0.0,0.0,0.0,0.0,0.0,0.0,0.0,0.0,0.0,0.0,0.0,0.0,0.0,0.0,0.0,0.0,0.0,0.0,0.0,0.0,0.0,0.0,0.0,0.0,0.0,0.0,0.0,0.0,0.0,0.0,0.0,0.0,0.0,0.0,0.0,0.0,0.0,0.0,0.0,0.0,0.0,0.0,0.0,0.0,0.0,0.0,0.0,0.0,0.0,0.0,0.0,0.0,0.0,0.0,0.0,0.0,0.0,0.0,0.0,0.0,0.0,0.0,0.0,0.0,0.0,0.0,0.0,0.0,0.0,0.0,0.0,0.0,0.0,0.0,0.0,0.0,0.0,0.0,0.0,0.0,0.0,0.0,0.0,0.0,0.0,0.0,0.0,0.0,0.0,0.0,0.0,0.0,0.0,0.0,0.0,0.0,,,,,,,,,,,,,,,,,,,,,,,,,,,,,,,,,
MLAB2-2:VTR,(                ),V,0.0,0.0,0.0,0.0,0.0,0.0,0.0,0.0,0.0,0.0,0.0,0.0,0.0,0.0,0.0,0.0,0.0,0.0,0.0,0.0,0.0,0.0,0.0,0.0,0.0,0.0,0.0,0.0,0.0,0.0,0.0,0.0,0.0,0.0,0.0,0.0,0.0,0.0,0.0,0.0,0.0,0.0,0.0,0.0,0.0,0.0,0.0,0.0,0.0,0.0,0.0,0.0,0.0,0.0,0.0,0.0,0.0,0.0,0.0,0.0,0.0,0.0,0.0,0.0,0.0,0.0,0.0,0.0,0.0,0.0,0.0,0.0,0.0,0.0,0.0,0.0,0.0,0.0,0.0,0.0,0.0,0.0,0.0,0.0,0.0,0.0,0.0,0.0,0.0,0.0,0.0,0.0,0.0,0.0,0.0,0.0,0.0,0.0,0.0,0.0,0.0,0.0,0.0,0.0,0.0,0.0,0.0,0.0,0.0,0.0,0.0,,,,,,,,,,,,,,,,,,,,,,,,,,,,,,,,,
EMLAB2-1.KWH,(度數            ),kW h,23867684,23867692,23867700,23867708,23867716,23867722,23867728,23867734,23867740,23867744,23867750,23867754,23867758,23867762,23867768,23867772,23867776,23867780,23867786,23867790,23867794,23867798,23867804,23867808,23867812,23867816,23867822,23867826,23867830,23867834,23867838,23867844,23867848,23867852,23867858,23867862,23867868,23867876,23867882,23867888,23867892,23867898,23867902,23867908,23867918,23867930,23867948,23867964,23867968,23867972,23867978,23867982,23867986,23867992,23867996,23868000,23868006,23868010,23868016,23868020,23868026,23868030,23868036,23868040,23868050,23868064,23868080,23868092,23868108,23868122,23868126,23868136,23868142,23868150,23868158,23868164,23868172,23868184,23868202,23868220,23868236,23868254,23868272,23868280,23868286,23868292,23868296,23868304,23868312,23868326,23868346,23868362,23868378,23868392,23868408,23868422,23868438,23868446,23868450,23868458,23868466,23868474,23868480,23868492,23868508,23868530,23868548,23868568,23868588,23868600,23868602,,,,,,,,,,,,,,,,,,,,,,,,,,,,,,,,,
EMLAB2-1:HZ,(                ),Hz,60,60,59,60,59,60,59,60,60,60,59,59,59,59,59,59,59,59,59,60,60,60,60,60,59,60,60,60,59,60,59,60,59,59,60,60,60,59,60,60,60,59,60,60,60,60,60,59,59,60,60,60,60,59,59,59,59,59,60,60,59,59,59,59,59,60,60,60,59,60,60,60,60,60,59,59,60,60,60,59,60,59,60,60,60,60,60,59,60,60,60,59,60,59,60,60,60,59,59,59,60,60,59,59,59,59,59,59,60,60,60,,,,,,,,,,,,,,,,,,,,,,,,,,,,,,,,,
EMLAB2-1:IR,(                ),A,87,80,86,82,66,66,65,68,65,56,54,55,55,55,55,51,56,60,57,56,54,57,56,58,56,60,56,51,60,57,56,54,59,56,56,56,71,72,77,73,56,55,56,55,160,160,166,57,56,56,54,57,61,62,58,63,60,62,60,65,66,61,61,65,145,153,158,145,159,154,66,80,82,76,74,75,67,176,174,175,169,176,176,65,65,67,56,85,86,183,182,176,154,159,145,160,151,67,59,78,74,82,81,196,189,195,195,189,169,65,66,,,,,,,,,,,,,,,,,,,,,,,,,,,,,,,,,
EMLAB2-1:IS,(                ),A,74,67,75,67,47,46,47,54,47,25,37,33,33,29,32,25,32,36,31,31,32,32,25,39,33,32,31,32,36,32,32,36,35,33,32,32,54,56,58,54,31,31,32,31,150,144,156,32,32,32,30,32,39,32,31,36,32,37,35,36,40,38,32,41,137,143,148,137,147,143,40,58,61,53,60,56,39,159,162,159,149,161,160,40,33,41,33,66,57,174,174,168,147,153,145,153,147,46,42,56,54,60,52,181,182,180,177,174,159,40,40,,,,,,,,,,,,,,,,,,,,,,,,,,,,,,,,,
EMLAB2-1:IT,(                ),A,86,78,84,77,56,62,54,66,59,44,49,42,44,44,45,45,45,44,38,39,45,39,39,50,42,46,44,43,46,40,39,45,42,42,42,40,66,71,74,65,45,44,43,44,161,160,165,40,40,41,39,39,45,40,40,44,40,53,49,53,52,53,47,55,154,153,156,148,157,156,53,76,76,68,74,71,54,176,177,173,171,174,174,53,54,54,49,80,75,188,191,184,159,162,156,161,164,65,60,75,75,71,75,196,199,197,190,185,174,51,58,,,,,,,,,,,,,,,,,,,,,,,,,,,,,,,,,
EMLAB2-1:KW,(                ),kW,52.0,48.0,52.0,48.0,36.0,37.0,35.0,40.0,36.0,26.0,29.0,27.0,27.0,26.0,27.0,24.0,27.0,29.0,26.0,26.0,27.0,26.0,25.0,31.0,27.0,29.0,27.0,25.0,30.0,27.0,26.0,28.0,28.0,27.0,27.0,26.0,41.0,42.0,45.0,41.0,27.0,27.0,27.0,27.0,98.0,96.0,101.0,27.0,26.0,27.0,25.0,26.0,30.0,28.0,26.0,30.0,27.0,32.0,30.0,32.0,33.0,32.0,29.0,34.0,83.0,86.0,88.0,82.0,88.0,87.0,33.0,42.0,46.0,41.0,44.0,43.0,33.0,105.0,105.0,104.0,100.0,105.0,105.0,33.0,32.0,34.0,28.0,49.0,46.0,105.0,106.0,101.0,89.0,91.0,86.0,92.0,89.0,37.0,33.0,44.0,43.0,45.0,44.0,117.0,116.0,117.0,115.0,112.0,102.0,32.0,34.0,,,,,,,,,,,,,,,,,,,,,,,,,,,,,,,,,
EMLAB2-1:PF,(                ),, -0.99, -0.99, -0.99, -0.99, -33.77, -33.77, -33.77, -1.00, -33.77, -33.76, -33.76, -33.74, -33.76, -33.76, -33.76, -33.76, -33.76, -33.76, -33.74, -33.76, -33.76, -33.74, -33.76, -33.76, -33.76, -33.76, -33.76, -33.76, -33.76, -33.76, -33.76, -33.76, -33.76, -33.76, -33.76, -33.76, -1.00, -1.00, -1.00, -33.77, -33.76, -33.76, -33.76, -33.76, -0.95, -0.95, -0.95, -33.76, -33.76, -33.76, -33.76, -33.76, -33.76, -33.74, -33.74, -33.76, -33.76, -33.76, -33.76, -33.76, -33.76, -33.76, -33.74, -33.76, -0.88, -0.89, -0.89, -0.89, -0.89, -0.89, -33.76, -33.77, -1.00, -33.77, -1.00, -33.77, -33.76, -0.95, -0.95, -0.95, -0.95, -0.95, -0.95, -33.76, -33.76, -33.76, -33.76, -1.00, -1.00, -0.89, -0.90, -0.89, -0.90, -0.89, -0.89, -0.90, -0.90, -33.76, -33.76, -33.77, -1.00, -1.00, -1.00, -0.95, -0.95, -0.95, -0.95, -0.95, -0.95, -33.76, -33.76,,,,,,,,,,,,,,,,,,,,,,,,,,,,,,,,,
EMLAB2-1:VRS,(                ),V,381.0,381.0,381.0,379.0,379.0,379.0,380.0,380.0,380.0,380.0,380.0,381.0,381.0,381.0,381.0,381.0,381.0,382.0,382.0,382.0,382.0,382.0,381.0,382.0,382.0,382.0,382.0,382.0,382.0,382.0,382.0,382.0,382.0,382.0,382.0,382.0,382.0,381.0,382.0,381.0,381.0,381.0,381.0,381.0,380.0,379.0,381.0,382.0,383.0,382.0,381.0,381.0,381.0,381.0,379.0,379.0,379.0,378.0,377.0,378.0,377.0,377.0,377.0,376.0,375.0,374.0,374.0,374.0,373.0,373.0,375.0,375.0,375.0,374.0,374.0,374.0,375.0,374.0,374.0,373.0,374.0,373.0,372.0,374.0,375.0,374.0,375.0,374.0,374.0,373.0,373.0,373.0,374.0,373.0,374.0,374.0,374.0,375.0,375.0,375.0,376.0,374.0,375.0,374.0,374.0,374.0,374.0,374.0,373.0,375.0,375.0,,,,,,,,,,,,,,,,,,,,,,,,,,,,,,,,,
EMLAB2-1:VST,(                ),V,380.0,381.0,381.0,379.0,379.0,379.0,380.0,379.0,380.0,380.0,380.0,381.0,381.0,381.0,381.0,381.0,381.0,381.0,381.0,381.0,382.0,382.0,381.0,382.0,382.0,382.0,382.0,382.0,382.0,382.0,382.0,382.0,382.0,382.0,382.0,382.0,382.0,381.0,381.0,382.0,381.0,381.0,381.0,380.0,380.0,380.0,381.0,382.0,383.0,382.0,380.0,381.0,381.0,380.0,378.0,378.0,378.0,377.0,377.0,377.0,376.0,376.0,376.0,375.0,375.0,374.0,374.0,373.0,372.0,373.0,374.0,374.0,375.0,374.0,373.0,374.0,374.0,374.0,373.0,372.0,374.0,372.0,372.0,373.0,374.0,373.0,374.0,374.0,373.0,373.0,372.0,373.0,373.0,372.0,373.0,374.0,373.0,375.0,375.0,375.0,376.0,375.0,375.0,373.0,373.0,374.0,374.0,373.0,372.0,374.0,374.0,,,,,,,,,,,,,,,,,,,,,,,,,,,,,,,,,
EMLAB2-1:VTR,(                ),V,381.0,381.0,381.0,379.0,379.0,380.0,380.0,379.0,380.0,380.0,380.0,381.0,381.0,381.0,381.0,381.0,381.0,381.0,382.0,381.0,381.0,382.0,381.0,382.0,382.0,382.0,382.0,382.0,382.0,382.0,382.0,382.0,382.0,382.0,382.0,381.0,382.0,381.0,382.0,381.0,382.0,381.0,381.0,381.0,380.0,379.0,381.0,382.0,383.0,382.0,381.0,381.0,381.0,380.0,378.0,379.0,378.0,378.0,377.0,377.0,377.0,377.0,377.0,376.0,375.0,374.0,374.0,374.0,373.0,373.0,374.0,375.0,375.0,375.0,374.0,374.0,375.0,374.0,373.0,373.0,374.0,373.0,372.0,373.0,374.0,374.0,374.0,374.0,374.0,373.0,373.0,373.0,374.0,372.0,374.0,375.0,374.0,375.0,375.0,375.0,376.0,375.0,375.0,373.0,374.0,374.0,374.0,374.0,373.0,374.0,374.0,,,,,,,,,,,,,,,,,,,,,,,,,,,,,,,,,
MGCBARF.KWH,(度數            ),,38.7963,38.7964,38.7965,38.7965,38.7966,38.7967,38.7967,38.7968,38.7969,38.7969,38.7970,38.7970,38.7970,38.7970,38.7970,38.7970,38.7971,38.7971,38.7971,38.7971,38.7971,38.7971,38.7972,38.7972,38.7972,38.7972,38.7972,38.7973,38.7973,38.7973,38.7973,38.7973,38.7974,38.7974,38.7974,38.7974,38.7974,38.7974,38.7975,38.7975,38.7975,38.7975,38.7975,38.7976,38.7976,38.7976,38.7976,38.7977,38.7977,38.7977,38.7978,38.7979,38.7980,38.7981,38.7983,38.7984,38.7986,38.7988,38.7990,38.7992,38.7994,38.7996,38.7998,38.8000,38.8002,38.8005,38.8007,38.8009,38.8011,38.8013,38.8014,38.8017,38.8019,38.8022,38.8024,38.8026,38.8028,38.8030,38.8032,38.8034,38.8036,38.8038,38.8041,38.8043,38.8045,38.8047,38.8049,38.8052,38.8054,38.8056,38.8058,38.8060,38.8062,38.8064,38.8066,38.8069,38.8071,38.8073,38.8075,38.8078,38.8080,38.8082,38.8084,38.8086,38.8088,38.8091,38.8093,38.8095,38.8097,38.8099,38.8100,,,,,,,,,,,,,,,,,,,,,,,,,,,,,,,,,
MGCBARF:F,(                ),Hz,60,60,60,60,60,60,60,60,60,60,60,60,60,60,60,60,60,60,60,60,60,60,60,60,60,60,60,60,60,60,60,60,60,60,60,60,60,60,60,60,60,60,60,60,60,60,60,60,60,60,60,60,60,60,60,60,60,60,60,60,60,60,60,60,60,60,60,60,60,60,60,60,60,60,60,60,60,60,60,60,60,60,60,60,60,60,60,60,60,60,60,60,60,60,60,60,60,60,60,60,60,60,60,60,60,60,60,60,60,60,60,,,,,,,,,,,,,,,,,,,,,,,,,,,,,,,,,
MGCBARF:I1,(                ),A,10.4,11.7,9.4,10.2,9.7,11.0,10.2,10.1,9.2,8.6,2.6,2.5,2.5,2.7,2.7,2.3,2.3,2.3,2.3,3.1,3.1,3.1,3.1,3.1,2.7,2.7,4.0,3.5,3.2,3.1,2.6,2.2,2.1,2.1,2.1,2.1,2.1,2.0,2.0,3.9,3.3,4.0,4.1,3.7,3.2,3.6,3.1,2.7,4.3,4.7,14.9,16.2,15.9,25.3,24.1,23.9,25.9,29.3,33.2,31.7,32.5,32.4,32.3,34.1,33.9,33.9,34.0,34.5,35.0,33.4,33.4,33.5,33.1,32.5,32.9,33.0,34.5,35.0,34.5,33.5,33.1,33.0,34.6,34.3,35.1,36.4,34.8,33.9,32.4,32.7,34.2,35.3,34.1,34.3,33.1,36.6,36.0,35.8,33.4,34.6,33.9,35.0,34.9,36.3,34.4,33.3,33.4,34.6,35.0,33.2,35.0,,,,,,,,,,,,,,,,,,,,,,,,,,,,,,,,,
MGCBARF:I2,(                ),A,10.1,11.3,9.1,9.8,9.3,10.6,10.0,9.9,9.0,8.3,2.3,2.2,2.3,2.6,2.5,2.1,2.1,2.2,2.2,2.9,3.0,2.9,3.0,3.0,2.6,2.6,3.9,3.4,3.1,3.0,2.5,2.0,2.0,1.9,2.0,2.0,1.9,1.9,1.9,3.8,3.2,3.9,3.9,3.5,3.0,3.5,3.0,2.6,4.0,4.4,14.9,16.2,16.1,25.4,24.2,24.0,26.0,29.5,33.5,32.1,32.8,32.8,32.4,34.1,34.1,34.0,34.0,34.5,35.0,33.3,33.5,33.6,33.2,32.6,32.9,33.2,34.6,35.0,34.5,33.5,33.1,32.9,34.6,34.4,35.1,36.4,34.8,34.0,32.5,32.9,34.2,35.3,34.1,34.4,33.1,36.5,35.9,35.9,33.7,34.7,34.0,35.0,34.7,36.1,34.1,33.1,33.1,34.3,34.5,32.8,34.5,,,,,,,,,,,,,,,,,,,,,,,,,,,,,,,,,
MGCBARF:I3,(                ),A,10.9,12.1,9.9,10.6,10.1,11.4,10.6,10.5,9.6,8.9,3.0,2.9,2.8,3.1,3.1,2.7,2.7,2.7,2.7,3.5,3.5,3.4,3.5,3.5,3.1,3.1,4.5,3.9,3.6,3.5,3.0,2.6,2.5,2.5,2.5,2.5,2.5,2.5,2.4,4.3,3.8,4.4,4.5,4.1,3.6,4.1,3.6,3.2,4.6,5.1,15.0,16.2,16.0,25.3,24.0,23.9,25.7,29.0,33.0,31.5,32.2,32.1,32.1,33.8,33.7,33.7,33.5,34.1,34.6,32.9,33.0,33.2,32.8,32.2,32.7,32.7,34.4,34.6,34.1,33.0,32.7,32.6,34.2,34.0,34.7,35.9,34.4,33.6,32.0,32.4,33.9,34.9,33.9,34.0,32.9,36.2,35.6,35.6,33.2,34.2,33.6,34.6,34.5,35.8,34.1,33.1,32.9,34.3,34.7,33.0,34.7,,,,,,,,,,,,,,,,,,,,,,,,,,,,,,,,,
MGCBARF:KW,(                ),kW,407.0,460.2,362.5,396.8,375.6,430.3,397.8,395.9,357.0,322.1,104.7,101.6,101.2,111.5,107.4,94.7,93.3,95.1,96.0,121.2,122.7,120.2,122.1,122.0,108.2,109.4,165.5,143.4,131.5,125.7,108.3,91.2,88.5,87.1,88.7,88.5,87.4,86.1,85.5,162.9,138.6,166.7,168.4,152.8,132.0,151.3,131.5,115.3,172.7,190.0,584.7,636.6,626.1,987.2,928.7,920.2,987.7,1117.6,1268.3,1216.3,1236.5,1228.2,1222.5,1291.9,1288.7,1283.1,1282.9,1299.7,1319.6,1258.8,1262.0,1256.5,1248.1,1223.4,1238.2,1241.6,1296.0,1324.2,1302.4,1253.2,1240.4,1233.5,1303.0,1293.8,1319.0,1379.4,1330.1,1283.2,1210.7,1225.2,1288.5,1331.5,1287.6,1297.1,1246.5,1392.8,1369.4,1365.6,1264.7,1317.2,1288.0,1328.4,1320.7,1378.2,1283.0,1252.8,1250.0,1301.4,1313.1,1241.5,1320.2,,,,,,,,,,,,,,,,,,,,,,,,,,,,,,,,,
MGCBARF:PF,(                ),,0.95,0.96,0.94,0.95,0.96,0.96,0.96,0.97,0.95,0.92,1.02,1.03,1.02,1.05,1.04,1.03,1.03,1.03,1.02,1.07,1.06,1.07,1.06,1.06,1.05,1.04,1.03,1.03,1.03,1.04,1.03,1.01,1.02,1.02,1.02,1.02,1.01,1.02,1.02,1.01,1.01,1.01,1.00,1.01,1.01,1.01,1.01,1.01,0.98,0.98,0.96,0.96,0.96,0.96,0.95,0.95,0.94,0.94,0.94,0.94,0.94,0.94,0.94,0.94,0.94,0.94,0.94,0.94,0.95,0.94,0.95,0.94,0.94,0.94,0.94,0.93,0.94,0.95,0.95,0.94,0.94,0.94,0.94,0.94,0.95,0.95,0.95,0.95,0.94,0.94,0.94,0.95,0.94,0.94,0.94,0.95,0.95,0.95,0.94,0.95,0.94,0.95,0.95,0.95,0.94,0.94,0.94,0.94,0.95,0.94,0.95,,,,,,,,,,,,,,,,,,,,,,,,,,,,,,,,,
MGCBARF:V12,(                ),kV,23.6,23.6,23.5,23.5,23.5,23.5,23.5,23.5,23.5,23.5,23.6,23.6,23.6,23.6,23.6,23.6,23.6,23.6,23.6,23.6,23.6,23.6,23.6,23.6,23.6,23.6,23.7,23.7,23.7,23.7,23.7,23.6,23.7,23.7,23.7,23.7,23.6,23.6,23.6,23.6,23.6,23.6,23.5,23.5,23.6,23.6,23.6,23.7,23.7,23.6,23.6,23.5,23.6,23.5,23.4,23.5,23.4,23.4,23.3,23.4,23.3,23.3,23.3,23.2,23.2,23.2,23.2,23.1,23.1,23.2,23.2,23.2,23.2,23.2,23.2,23.2,23.2,23.1,23.1,23.1,23.1,23.1,23.1,23.1,23.1,23.1,23.1,23.1,23.1,23.1,23.1,23.1,23.2,23.1,23.2,23.2,23.2,23.2,23.2,23.2,23.2,23.2,23.2,23.2,23.2,23.2,23.2,23.1,23.1,23.1,23.1,,,,,,,,,,,,,,,,,,,,,,,,,,,,,,,,,
MGCBARF:V23,(                ),kV,23.6,23.6,23.5,23.5,23.5,23.5,23.5,23.5,23.6,23.5,23.6,23.6,23.6,23.6,23.6,23.6,23.6,23.6,23.6,23.6,23.6,23.6,23.6,23.6,23.6,23.6,23.7,23.7,23.7,23.7,23.7,23.7,23.7,23.7,23.7,23.7,23.6,23.6,23.6,23.6,23.6,23.6,23.6,23.6,23.6,23.6,23.6,23.7,23.7,23.6,23.6,23.6,23.6,23.5,23.4,23.5,23.4,23.4,23.3,23.4,23.3,23.3,23.3,23.2,23.3,23.2,23.2,23.2,23.1,23.2,23.2,23.2,23.2,23.2,23.2,23.2,23.2,23.1,23.2,23.1,23.1,23.1,23.1,23.1,23.1,23.1,23.1,23.2,23.1,23.2,23.1,23.1,23.2,23.1,23.2,23.2,23.2,23.2,23.2,23.3,23.3,23.2,23.2,23.2,23.2,23.2,23.2,23.2,23.1,23.2,23.2,,,,,,,,,,,,,,,,,,,,,,,,,,,,,,,,,
MGCBARF:V31,(                ),kV,23.6,23.6,23.5,23.5,23.5,23.5,23.5,23.5,23.5,23.5,23.6,23.6,23.6,23.6,23.6,23.6,23.6,23.6,23.6,23.6,23.6,23.6,23.6,23.7,23.6,23.6,23.7,23.7,23.7,23.7,23.7,23.7,23.7,23.7,23.7,23.7,23.6,23.7,23.6,23.6,23.6,23.6,23.6,23.5,23.6,23.6,23.6,23.7,23.7,23.7,23.6,23.6,23.6,23.6,23.5,23.5,23.5,23.4,23.4,23.4,23.4,23.3,23.4,23.3,23.3,23.2,23.2,23.2,23.2,23.2,23.2,23.2,23.2,23.2,23.2,23.2,23.2,23.2,23.2,23.1,23.2,23.2,23.1,23.2,23.2,23.1,23.2,23.2,23.1,23.2,23.2,23.1,23.2,23.2,23.2,23.3,23.2,23.2,23.2,23.3,23.3,23.3,23.2,23.2,23.2,23.2,23.2,23.2,23.2,23.2,23.2,,,,,,,,,,,,,,,,,,,,,,,,,,,,,,,,,
MPA1:HZ,(                ),Hz,60,59,59,60,59,60,60,59,59,60,59,60,59,59,60,59,59,59,59,59,60,60,60,60,59,60,60,60,59,59,60,59,59,59,59,60,59,59,60,60,60,59,59,60,60,60,60,60,59,60,60,60,60,59,59,59,59,59,59,60,59,59,59,59,59,60,59,60,59,60,59,60,60,60,60,59,59,59,60,59,59,59,60,60,60,60,60,59,60,60,60,59,60,59,60,60,60,59,60,60,59,60,59,59,59,59,59,59,60,60,60,,,,,,,,,,,,,,,,,,,,,,,,,,,,,,,,,
MPA1:IR,(                ),A,360,348,341,306,320,305,295,287,283,285,7,7,7,7,7,7,7,7,7,7,7,7,7,7,6,7,8,7,7,7,7,7,7,7,7,7,8,7,7,7,8,7,7,7,8,8,7,7,67,67,64,64,118,920,955,954,999,1282,1541,1496,1537,1543,1545,1544,1546,1544,1542,1544,1546,1490,1456,1536,1529,1468,1534,1533,1535,1540,1538,1536,1546,1547,1549,1538,1541,1555,1538,1489,1498,1533,1549,1549,1543,1533,1542,1544,1558,1536,1540,1536,1536,1544,1542,1538,1549,1545,1545,1542,1552,1552,1550,,,,,,,,,,,,,,,,,,,,,,,,,,,,,,,,,
MPA1:IS,(                ),A,354,344,337,300,317,303,294,287,286,284,12,10,12,12,12,11,10,12,12,10,11,12,12,12,10,12,13,11,10,10,11,11,10,9,11,11,11,9,10,11,11,9,10,11,11,11,10,10,68,69,65,65,120,931,970,967,1011,1313,1578,1542,1568,1583,1577,1579,1578,1578,1582,1578,1581,1522,1493,1571,1567,1501,1564,1574,1567,1579,1580,1578,1580,1579,1583,1575,1577,1591,1571,1527,1536,1574,1584,1588,1578,1570,1571,1579,1589,1572,1579,1577,1574,1582,1571,1573,1570,1572,1572,1571,1577,1575,1573,,,,,,,,,,,,,,,,,,,,,,,,,,,,,,,,,
MPA1:IT,(                ),A,368,355,352,312,327,312,302,295,291,286,9,8,9,9,8,9,8,10,9,8,9,8,8,9,8,9,10,7,8,8,7,8,8,7,7,8,8,7,8,8,7,7,8,8,7,7,8,8,63,64,62,61,115,921,956,958,1004,1293,1561,1519,1553,1564,1561,1561,1568,1567,1563,1565,1565,1506,1479,1558,1552,1486,1554,1557,1558,1563,1561,1558,1562,1563,1566,1561,1562,1572,1556,1511,1522,1557,1568,1570,1565,1555,1562,1562,1574,1560,1566,1561,1561,1562,1558,1557,1555,1560,1557,1559,1564,1564,1562,,,,,,,,,,,,,,,,,,,,,,,,,,,,,,,,,
MPA1:KW,(                ),kW,216.5,208.4,204.3,179.3,189.4,178.9,173.3,169.4,167.0,165.8,4.6,3.3,4.6,4.6,3.9,4.0,3.3,4.7,4.6,3.4,4.1,4.0,4.0,4.7,3.3,4.7,4.8,3.7,3.8,3.7,3.7,4.4,3.7,3.1,3.7,4.4,4.5,3.1,3.8,4.4,3.7,3.1,3.7,4.4,3.7,3.7,3.8,3.7,28.9,29.8,28.5,28.1,55.3,575.9,594.9,595.1,622.7,805.9,955.0,932.5,952.1,957.3,954.3,952.7,954.5,951.2,950.3,949.1,949.6,916.3,899.2,946.0,943.5,905.7,942.3,944.8,944.7,948.6,946.7,943.8,947.1,946.3,948.5,944.3,947.5,953.1,943.9,917.2,921.7,943.9,950.8,952.0,948.4,942.5,947.6,950.6,957.2,946.7,950.7,950.2,950.4,951.9,947.9,945.9,946.9,950.0,946.7,947.3,948.9,950.2,950.2,,,,,,,,,,,,,,,,,,,,,,,,,,,,,,,,,
MPA1:KWH,(                ),,12277406,12277441,12277475,12277500,12277534,12277566,12277596,12277623,12277653,12277679,12277698,12277699,12277700,12277700,12277701,12277702,12277702,12277703,12277704,12277704,12277705,12277706,12277707,12277707,12277708,12277709,12277709,12277710,12277711,12277711,12277712,12277712,12277713,12277714,12277714,12277715,12277716,12277716,12277717,12277718,12277718,12277719,12277719,12277720,12277721,12277721,12277722,12277723,12277724,12277729,12277734,12277739,12277748,12277788,12277890,12277982,12278072,12278194,12278357,12278507,12278666,12278830,12278986,12279136,12279301,12279466,12279614,12279769,12279934,12280097,12280157,12280404,12280544,12280719,12280866,12281029,12281194,12281315,12281495,12281659,12281823,12281972,12282134,12282288,12282452,12282602,12282763,12282924,12283063,12283226,12283391,12283555,12283701,12283841,12284020,12284185,12284333,12284497,12284659,12284815,12284964,12285128,12285292,12285454,12285595,12285760,12285924,12286072,12286234,12286375,12286478,,,,,,,,,,,,,,,,,,,,,,,,,,,,,,,,,
MPA1:PF,(                ),,0.90,0.90,0.90,0.89,0.89,0.89,0.88,0.88,0.88,0.88,0.72,0.61,0.73,0.72,0.66,0.68,0.61,0.72,0.72,0.61,0.68,0.67,0.66,0.72,0.60,0.72,0.71,0.67,0.69,0.69,0.67,0.74,0.68,0.61,0.67,0.73,0.73,0.61,0.69,0.74,0.67,0.62,0.69,0.74,0.67,0.68,0.69,0.69,0.66,0.67,0.67,0.67,0.71,0.95,0.94,0.94,0.94,0.95,0.94,0.94,0.94,0.94,0.94,0.94,0.94,0.94,0.94,0.94,0.94,0.94,0.94,0.94,0.94,0.94,0.94,0.94,0.94,0.94,0.94,0.94,0.94,0.94,0.94,0.94,0.94,0.94,0.94,0.94,0.94,0.94,0.94,0.94,0.94,0.94,0.94,0.94,0.94,0.94,0.94,0.94,0.94,0.94,0.94,0.94,0.94,0.94,0.94,0.94,0.94,0.94,0.94,,,,,,,,,,,,,,,,,,,,,,,,,,,,,,,,,
MPA1:VRS,(                ),V,383.0,383.2,381.7,381.8,382.0,380.8,381.0,381.6,382.3,381.5,382.8,383.2,383.0,383.0,383.1,383.6,383.3,383.8,383.6,383.6,384.2,383.7,384.2,384.1,384.2,384.4,384.7,384.5,384.3,385.0,384.8,384.6,384.7,384.6,384.4,384.8,384.5,384.0,384.0,383.9,383.9,383.2,383.1,382.5,383.8,382.4,383.9,385.0,384.6,384.1,383.5,383.2,383.4,380.4,378.7,379.2,379.0,377.0,375.3,376.3,375.9,375.6,374.8,374.5,373.6,373.8,372.9,373.1,372.2,372.4,373.4,373.1,373.5,373.5,372.4,372.7,373.3,373.0,372.4,372.1,371.4,371.2,371.3,371.4,372.2,371.0,372.0,372.3,371.5,372.1,372.4,371.9,372.5,372.4,373.0,373.5,372.9,372.7,373.0,373.5,374.3,373.1,373.6,373.0,373.0,373.1,372.6,371.9,372.1,373.0,372.3,,,,,,,,,,,,,,,,,,,,,,,,,,,,,,,,,
MPA1:VST,(                ),V,383.4,383.3,381.8,381.1,381.7,380.2,381.6,381.9,382.2,381.5,382.7,383.3,383.1,383.1,383.2,383.6,383.4,383.7,383.7,383.6,384.2,383.8,384.1,384.1,384.2,384.4,384.6,384.7,384.2,384.9,384.7,384.7,384.6,384.6,384.3,384.7,384.4,384.0,384.0,384.0,383.6,383.0,382.8,382.6,383.7,382.6,383.8,385.1,384.4,384.0,383.0,383.2,383.3,380.4,378.5,378.9,378.6,376.4,374.0,375.5,375.7,375.2,374.1,373.3,374.7,373.1,373.4,372.4,371.9,372.9,372.5,373.0,373.0,373.5,372.8,372.5,372.5,372.2,371.8,371.2,371.4,370.5,371.2,372.1,372.2,371.8,371.9,372.6,372.4,372.3,371.4,372.6,371.2,371.7,373.0,372.6,373.6,373.3,373.4,374.4,374.4,373.9,373.6,372.2,372.0,372.9,372.4,372.4,371.1,372.5,372.2,,,,,,,,,,,,,,,,,,,,,,,,,,,,,,,,,
MPA1:VTR,(                ),V,382.7,383.4,380.9,381.7,381.8,381.2,381.0,381.7,381.4,382.0,382.8,383.3,383.0,383.2,383.2,383.6,383.3,383.7,383.8,383.5,384.2,383.7,384.1,384.0,384.1,384.3,384.5,384.4,384.2,384.7,384.6,384.4,384.4,384.4,384.2,384.6,384.4,383.8,383.8,383.8,383.8,383.1,383.1,382.5,383.7,382.4,384.1,385.0,384.5,384.1,383.2,383.8,383.6,380.3,378.4,379.0,378.4,376.7,375.1,375.5,375.2,374.5,375.1,374.4,373.8,372.3,372.4,371.7,372.2,372.3,372.8,373.2,373.4,373.4,372.6,372.4,372.8,372.2,372.4,370.9,371.5,371.9,371.3,371.3,372.3,371.2,372.0,372.5,371.7,372.1,372.5,371.9,372.4,371.8,372.6,373.6,373.0,373.2,373.4,373.7,373.9,373.2,372.9,372.4,372.7,372.2,372.4,372.4,372.4,372.2,372.5,,,,,,,,,,,,,,,,,,,,,,,,,,,,,,,,,
MPA2:HZ,(                ),Hz,60,59,59,60,59,60,60,59,59,60,59,60,59,59,60,59,59,59,59,59,60,60,60,60,59,60,60,60,59,59,60,59,59,59,59,60,59,59,60,60,60,59,59,60,60,60,60,60,59,59,60,60,60,59,59,59,59,59,59,60,59,59,60,59,59,60,59,60,59,60,59,60,60,60,60,59,59,59,60,59,59,59,60,60,60,60,60,59,60,60,60,59,60,59,60,60,60,59,60,60,59,59,59,59,59,59,59,59,60,60,59,,,,,,,,,,,,,,,,,,,,,,,,,,,,,,,,,
MPA2:IR,(                ),A,320,321,321,322,322,322,322,322,320,320,80,79,79,108,109,79,79,79,79,157,157,157,156,156,119,120,119,120,120,120,88,52,52,52,52,52,52,52,52,52,52,52,52,52,53,52,52,52,143,143,814,895,905,915,901,909,1034,1038,1036,1039,1043,1048,1046,1038,1041,1044,1038,1045,1044,1044,1044,1040,1040,1046,1044,1041,1041,1042,1041,1042,1043,1048,1048,1047,1043,1046,1048,1037,1046,1039,1044,1044,1043,1044,1046,1042,1044,1037,1039,1038,1038,1038,1043,1042,1052,1047,1045,1046,1047,1051,1049,,,,,,,,,,,,,,,,,,,,,,,,,,,,,,,,,
MPA2:IS,(                ),A,327,327,326,328,328,329,328,328,329,329,75,75,75,105,107,75,75,75,75,157,157,156,157,157,117,117,117,117,117,117,84,48,47,47,47,47,47,48,47,47,47,47,47,47,47,47,47,47,141,142,867,952,966,978,968,977,1111,1115,1111,1120,1118,1128,1119,1112,1114,1119,1117,1117,1118,1117,1120,1113,1116,1124,1114,1120,1113,1116,1119,1118,1116,1119,1122,1123,1117,1121,1122,1115,1122,1118,1114,1119,1115,1121,1114,1115,1114,1112,1114,1116,1113,1112,1113,1115,1114,1115,1113,1116,1114,1116,1115,,,,,,,,,,,,,,,,,,,,,,,,,,,,,,,,,
MPA2:IT,(                ),A,322,322,322,322,323,323,322,323,323,323,76,76,76,107,107,77,77,76,76,157,157,157,157,157,118,118,117,117,117,117,86,48,48,48,48,48,48,48,48,48,48,48,48,49,48,48,48,48,140,141,859,940,952,964,951,960,1084,1087,1083,1092,1090,1099,1093,1084,1091,1093,1090,1094,1095,1090,1095,1092,1094,1095,1090,1095,1092,1092,1095,1090,1092,1094,1095,1096,1093,1095,1097,1091,1096,1092,1092,1093,1092,1095,1093,1088,1087,1091,1090,1091,1088,1085,1087,1090,1087,1090,1088,1094,1089,1096,1089,,,,,,,,,,,,,,,,,,,,,,,,,,,,,,,,,
MPA2:KW,(                ),kW,180.7,180.8,180.3,180.4,180.7,180.6,180.7,181.2,180.7,181.0,43.7,43.7,43.6,58.6,58.8,43.9,43.7,43.5,43.7,84.5,84.3,84.3,84.5,84.4,65.0,65.1,64.8,64.9,64.8,64.9,48.9,27.7,27.5,27.7,27.8,27.6,27.7,27.7,27.7,27.6,27.6,27.6,27.6,27.7,27.7,27.3,27.4,27.3,90.9,91.4,516.3,563.5,572.3,576.6,567.4,572.5,645.1,646.3,643.3,647.4,648.1,650.5,647.5,641.3,643.9,643.9,641.4,643.7,643.0,642.0,644.7,642.4,643.5,647.0,642.3,643.5,642.3,642.1,642.6,641.1,642.1,643.8,643.8,645.0,643.1,643.9,645.4,640.8,644.1,641.8,642.0,642.6,642.3,644.3,644.2,643.0,642.5,641.3,642.7,643.4,642.9,640.7,642.6,642.1,643.7,643.6,642.0,644.2,642.1,645.1,643.9,,,,,,,,,,,,,,,,,,,,,,,,,,,,,,,,,
MPA2:KWH,(                ),,19589508,19589536,19589566,19589588,19589624,19589656,19589686,19589716,19589746,19589776,19589802,19589808,19589816,19589824,19589834,19589842,19589850,19589858,19589864,19589874,19589890,19589906,19589918,19589932,19589944,19589956,19589966,19589976,19589988,19589998,19590008,19590012,19590016,19590022,19590026,19590030,19590036,19590040,19590044,19590050,19590052,19590058,19590064,19590068,19590072,19590076,19590082,19590086,19590094,19590110,19590178,19590254,19590352,19590454,19590552,19590640,19590732,19590854,19590966,19591068,19591180,19591290,19591398,19591498,19591610,19591722,19591820,19591926,19592036,19592148,19592190,19592358,19592454,19592576,19592678,19592788,19592900,19592982,19593104,19593216,19593328,19593428,19593538,19593644,19593754,19593854,19593966,19594076,19594172,19594282,19594394,19594506,19594604,19594700,19594822,19594934,19595034,19595146,19595256,19595360,19595462,19595572,19595684,19595794,19595888,19596000,19596112,19596212,19596322,19596416,19596488,,,,,,,,,,,,,,,,,,,,,,,,,,,,,,,,,
MPA2:PF,(                ),,0.84,0.84,0.85,0.84,0.84,0.84,0.85,0.85,0.84,0.85,0.86,0.86,0.86,0.83,0.83,0.86,0.86,0.86,0.86,0.81,0.81,0.81,0.81,0.81,0.83,0.83,0.83,0.83,0.83,0.83,0.85,0.84,0.84,0.84,0.84,0.84,0.84,0.85,0.85,0.85,0.85,0.85,0.85,0.85,0.85,0.85,0.84,0.84,0.97,0.97,0.92,0.92,0.92,0.92,0.92,0.92,0.91,0.92,0.92,0.91,0.92,0.92,0.92,0.91,0.92,0.92,0.91,0.92,0.92,0.92,0.92,0.92,0.92,0.92,0.92,0.92,0.92,0.92,0.92,0.92,0.92,0.92,0.92,0.92,0.92,0.92,0.92,0.92,0.92,0.92,0.92,0.92,0.92,0.92,0.92,0.92,0.92,0.92,0.92,0.92,0.92,0.92,0.92,0.92,0.92,0.92,0.92,0.92,0.92,0.92,0.92,,,,,,,,,,,,,,,,,,,,,,,,,,,,,,,,,
MPA2:VRS,(                ),V,382.6,382.8,381.0,381.2,381.0,380.6,380.9,381.3,381.6,381.6,382.7,383.0,383.0,382.8,383.0,383.5,383.2,383.7,383.5,383.4,383.9,383.4,383.9,384.1,384.0,384.3,384.4,384.3,384.1,384.8,384.7,384.5,384.5,384.4,384.4,384.7,384.4,384.0,384.0,383.8,383.7,383.2,382.9,382.3,383.8,382.2,383.9,384.9,384.5,384.1,381.6,381.6,381.8,380.9,379.9,380.2,379.2,378.2,376.6,376.9,377.6,376.2,377.3,376.2,376.1,374.3,374.8,374.1,373.9,374.6,374.0,374.5,374.7,374.4,373.8,373.5,374.7,373.8,373.1,373.1,374.3,373.0,373.4,372.9,374.3,373.5,374.1,374.0,373.0,373.9,374.6,373.0,374.1,374.1,374.7,374.7,374.4,374.4,374.6,375.7,375.2,374.7,375.5,375.0,374.7,374.0,374.0,373.8,373.7,375.0,374.9,,,,,,,,,,,,,,,,,,,,,,,,,,,,,,,,,
MPA2:VST,(                ),V,382.7,382.7,380.9,381.2,380.9,380.6,380.9,381.5,381.6,381.6,382.6,383.1,383.1,383.0,383.1,383.5,383.3,383.6,383.5,383.5,384.0,383.5,383.8,384.0,383.9,384.1,384.4,384.6,384.0,384.6,384.6,384.5,384.4,384.5,384.2,384.7,384.3,383.8,384.0,384.0,383.3,382.9,382.6,382.5,383.7,382.5,383.8,385.0,384.2,383.8,381.5,380.8,380.7,380.9,378.8,378.4,378.3,377.1,376.4,377.0,376.5,376.0,375.6,375.3,374.8,374.2,374.1,373.5,372.0,372.8,374.1,373.4,374.1,374.3,373.6,373.7,373.6,373.6,373.5,372.8,372.5,373.0,372.2,372.9,373.8,372.8,372.9,373.3,372.9,373.1,373.1,373.4,373.1,373.1,373.8,374.5,374.2,374.6,374.6,375.2,375.3,374.7,374.3,373.4,373.5,373.8,373.7,373.8,372.2,373.3,373.4,,,,,,,,,,,,,,,,,,,,,,,,,,,,,,,,,
MPA2:VTR,(                ),V,382.8,383.1,381.2,381.0,380.9,380.4,380.7,381.2,381.6,381.4,382.6,383.1,382.9,382.8,382.8,383.3,383.0,383.5,383.5,383.2,383.8,383.4,383.7,383.6,383.8,384.0,384.2,384.1,383.9,384.3,384.4,384.2,384.1,384.2,384.0,384.5,384.1,383.5,383.7,383.6,383.4,382.9,382.8,382.3,383.6,382.2,384.0,384.7,384.3,383.9,381.6,380.4,381.5,381.1,378.3,378.6,378.1,377.0,376.2,377.0,376.4,376.0,375.6,375.2,375.4,374.1,374.1,373.2,373.1,372.8,373.9,374.0,373.6,374.3,374.0,373.3,374.0,373.8,373.0,372.8,372.4,372.9,372.3,373.1,373.0,372.1,372.9,373.2,373.2,373.2,372.6,372.8,373.3,373.2,374.3,374.8,374.4,374.7,374.9,374.4,375.5,374.7,374.6,373.1,373.7,374.0,373.6,373.9,373.7,373.4,373.7,,,,,,,,,,,,,,,,,,,,,,,,,,,,,,,,,
MLARF-1.PF,(                ),,0.98,0.99,0.97,0.98,0.97,0.99,0.99,0.99,0.97,0.94,0.94,0.93,0.92,0.91,0.91,0.90,0.90,0.92,0.92,0.91,0.91,0.89,0.90,0.89,0.89,0.89,0.98,0.97,0.97,0.97,0.96,0.95,0.94,0.93,0.94,0.93,0.93,0.92,0.91,0.99,0.98,0.99,0.99,0.99,0.98,0.98,0.98,0.97,0.97,0.98,0.99,0.99,0.99,0.99,0.98,0.98,0.97,0.96,0.99,0.98,0.97,0.97,0.97,0.99,0.99,0.99,0.99,0.99,0.99,0.99,0.99,0.99,0.98,0.98,0.98,0.98,0.99,0.99,0.99,0.99,0.98,0.98,0.99,0.99,0.99,0.99,0.99,0.98,0.98,0.98,0.99,0.99,0.99,0.99,0.98,1.00,0.99,0.99,0.98,0.99,0.99,0.99,0.99,0.99,0.99,0.98,0.98,0.99,0.99,0.98,0.98,,,,,,,,,,,,,,,,,,,,,,,,,,,,,,,,,
MLARF-1:HZ,(                ),Hz,60,59,59,60,59,60,60,59,59,60,59,60,59,59,60,59,59,59,59,59,60,59,60,60,59,60,60,60,59,59,60,59,59,59,59,60,60,59,60,60,60,59,59,60,60,60,60,60,59,60,60,60,60,59,59,59,59,59,59,60,59,59,59,59,59,60,59,60,59,60,59,60,60,60,60,59,59,59,60,59,59,59,60,60,60,60,60,59,60,60,59,59,60,59,60,60,60,59,60,60,59,59,59,59,59,59,59,59,60,60,60,,,,,,,,,,,,,,,,,,,,,,,,,,,,,,,,,
MLARF-1:IR,(                ),A,213,340,141,237,194,339,262,261,183,79,79,75,54,51,55,52,49,50,51,49,51,47,50,47,49,50,167,124,101,84,71,65,61,56,56,54,53,52,50,218,167,285,233,198,157,188,148,106,88,86,264,363,288,258,134,116,110,82,221,187,155,123,115,291,280,259,274,260,304,273,303,205,192,169,157,149,268,365,319,210,181,157,302,285,348,432,391,269,144,134,268,333,225,279,157,493,414,383,203,317,280,369,350,464,263,211,180,323,314,186,370,,,,,,,,,,,,,,,,,,,,,,,,,,,,,,,,,
MLARF-1:IS,(                ),A,148,278,74,174,129,274,215,214,134,29,31,28,33,29,27,25,24,26,27,22,25,23,27,25,25,25,143,101,76,59,46,40,35,32,32,29,29,26,26,194,141,266,213,173,128,164,123,81,60,58,236,337,259,230,110,86,78,54,193,159,131,98,85,238,236,214,228,215,257,227,255,162,149,123,108,99,223,318,270,166,132,109,259,243,304,388,344,221,97,88,226,286,177,234,112,450,371,337,162,281,229,322,302,399,204,145,131,240,222,92,277,,,,,,,,,,,,,,,,,,,,,,,,,,,,,,,,,
MLARF-1:IT,(                ),A,154,270,81,165,124,269,220,219,138,34,35,33,34,29,30,29,27,34,35,29,31,25,30,28,27,27,143,100,76,57,46,39,36,33,32,30,29,28,27,194,141,251,195,157,116,163,121,80,61,109,213,315,244,221,103,80,72,47,187,151,118,84,71,212,209,191,185,172,215,188,215,129,109,91,78,67,193,272,225,120,88,67,227,210,260,343,299,178,64,57,195,247,156,215,79,403,327,294,117,225,192,278,246,360,180,119,85,203,183,65,242,,,,,,,,,,,,,,,,,,,,,,,,,,,,,,,,,
MLARF-1:KW,(                ),kW,111.5,194.6,63.0,124.7,95.6,192.0,151.8,151.4,97.7,29.3,30.1,28.1,24.6,21.8,22.4,21.3,20.1,22.4,23.2,20.1,21.6,18.7,21.4,19.8,19.8,20.3,98.8,70.0,54.1,42.9,34.7,30.2,27.4,24.9,24.9,23.2,22.9,21.7,20.9,133.3,97.9,175.7,140.4,115.2,86.8,112.0,84.7,57.7,45.1,54.8,156.3,222.4,172.8,154.7,74.7,60.5,55.8,38.4,129.8,106.8,86.0,64.6,57.9,160.1,156.9,142.9,148.1,138.7,166.9,147.8,166.6,106.5,95.9,81.8,72.8,67.1,147.4,205.8,174.9,106.1,85.4,70.9,169.5,158.7,195.6,250.1,222.4,142.7,64.7,59.1,148.3,185.3,119.9,156.6,73.8,291.4,240.1,218.7,102.9,177.5,150.9,208.8,193.7,264.1,138.6,101.0,84.6,165.0,154.1,73.1,189.6,,,,,,,,,,,,,,,,,,,,,,,,,,,,,,,,,
MLARF-1:KWH,(                ),,6668726,6668758,6668777,6668785,6668806,6668838,6668863,6668887,6668910,6668920,6668925,6668930,6668934,6668939,6668942,6668946,6668949,6668953,6668956,6668960,6668964,6668967,6668970,6668973,6668976,6668980,6668984,6668997,6669007,6669015,6669022,6669028,6669032,6669036,6669040,6669044,6669049,6669052,6669056,6669068,6669082,6669099,6669123,6669146,6669162,6669187,6669204,6669216,6669224,6669232,6669258,6669282,6669315,6669342,6669366,6669376,6669384,6669393,6669408,6669426,6669443,6669455,6669466,6669484,6669511,6669538,6669566,6669592,6669614,6669642,6669652,6669686,6669700,6669717,6669729,6669741,6669764,6669792,6669828,6669852,6669868,6669881,6669898,6669925,6669962,6669990,6670031,6670061,6670079,6670090,6670105,6670138,6670160,6670183,6670205,6670243,6670286,6670328,6670349,6670367,6670392,6670417,6670452,6670486,6670512,6670532,6670548,6670563,6670592,6670609,6670624,,,,,,,,,,,,,,,,,,,,,,,,,,,,,,,,,
MLARF-1:PF,(                ),, -0.98, -0.99, -0.97, -0.98, -0.97, -0.99, -0.99, -0.99, -0.97, -0.94, -0.94, -0.93,0.92, -0.91,0.91,0.90, -0.90,0.92,0.92,0.91,0.91, -0.89,0.90,0.89,0.89,0.90, -0.98, -0.97, -0.97, -0.97, -0.96, -0.95, -0.94, -0.93, -0.94, -0.93, -0.93, -0.92, -0.91, -0.99, -0.98, -0.99, -0.99, -0.99, -0.98, -0.98, -0.98, -0.97, -0.97, -0.98, -0.99, -0.99, -0.99, -0.99, -0.98, -0.98, -0.97, -0.96, -0.99, -0.98, -0.97, -0.97, -0.97, -0.99, -0.99, -0.99, -0.99, -0.99, -0.99, -0.99, -0.99, -0.99, -0.98, -0.98, -0.98, -0.98, -0.99, -0.99, -0.99, -0.99, -0.98, -0.98, -0.99, -0.99, -0.99, -0.99, -0.99, -0.98, -0.98, -0.98, -0.99, -0.99, -0.99, -0.99, -0.98, -1.00, -0.99, -0.99, -0.98, -0.99, -0.99, -0.99, -0.99, -0.99, -0.99, -0.98, -0.98, -0.99, -0.99, -0.98, -0.98,,,,,,,,,,,,,,,,,,,,,,,,,,,,,,,,,
MLARF-1:VRS,(                ),V,383.0,383.1,381.5,381.4,381.2,380.6,381.0,381.5,382.0,382.0,382.4,382.9,382.8,382.8,382.8,383.3,383.1,383.5,383.6,383.2,384.0,383.4,383.8,383.9,383.9,384.1,384.3,384.4,384.2,384.5,384.6,384.5,384.5,384.1,384.2,384.5,384.4,383.7,383.9,383.5,383.5,382.8,382.7,382.2,383.6,382.2,383.9,384.6,384.3,384.0,382.9,382.8,383.2,382.6,381.0,381.3,381.5,380.2,378.9,379.5,379.5,378.9,378.9,377.7,377.6,376.7,376.4,376.0,375.6,375.7,376.0,376.6,376.9,376.9,376.2,376.2,376.4,375.8,375.5,375.1,375.3,375.7,374.8,375.1,375.9,374.8,375.5,376.0,375.5,375.9,375.6,375.3,375.7,375.4,376.5,376.4,376.6,376.7,377.0,377.2,377.8,376.7,376.9,375.8,376.8,376.4,376.6,376.0,375.5,376.1,376.3,,,,,,,,,,,,,,,,,,,,,,,,,,,,,,,,,
MLARF-1:VST,(                ),V,383.1,383.3,381.5,381.3,381.3,380.7,381.2,381.7,382.1,382.0,382.3,382.9,382.8,382.8,382.8,383.2,382.7,383.2,383.5,383.1,383.8,383.3,383.6,383.6,383.7,384.0,384.1,384.3,383.7,384.4,384.2,384.4,384.1,384.0,383.9,384.2,384.0,383.5,383.7,383.6,383.0,382.3,382.2,382.2,383.3,382.3,383.6,384.6,383.9,383.9,382.5,382.2,382.8,382.2,380.6,380.9,380.9,379.5,378.2,379.1,378.7,378.3,378.0,377.2,377.0,376.1,375.9,375.3,374.9,375.1,375.6,376.1,376.4,376.4,375.5,375.9,375.8,375.3,375.2,374.7,374.7,375.0,374.0,374.5,375.3,374.2,374.8,375.6,375.0,375.5,375.0,374.9,375.1,374.9,375.7,375.9,375.9,376.4,376.6,376.9,377.4,376.4,376.2,375.4,375.8,375.9,375.7,375.6,374.9,375.6,375.8,,,,,,,,,,,,,,,,,,,,,,,,,,,,,,,,,
MLARF-1:VTR,(                ),V,383.8,383.9,382.1,382.2,381.8,381.3,381.5,382.0,382.4,382.2,382.7,383.2,382.9,383.0,382.9,383.4,382.8,383.3,383.6,383.1,384.0,383.5,383.7,383.8,383.8,384.1,384.1,384.3,383.8,384.3,384.3,384.3,384.1,384.1,384.0,384.4,384.2,383.6,383.7,383.6,383.2,382.7,382.7,382.4,383.5,382.3,383.9,384.5,384.4,383.7,383.1,382.9,383.6,382.9,380.8,381.4,381.3,380.2,379.1,379.6,379.3,378.8,379.0,378.1,378.1,377.0,376.9,376.4,376.2,376.1,376.5,377.1,377.4,377.3,376.7,376.7,377.0,376.4,376.1,375.6,375.8,376.1,375.1,375.5,376.4,375.1,376.1,376.6,375.9,376.3,376.1,375.8,376.2,375.8,377.0,376.9,377.1,377.5,377.7,377.8,378.5,377.3,377.5,376.3,376.9,376.9,377.0,376.8,376.3,376.9,377.0,,,,,,,,,,,,,,,,,,,,,,,,,,,,,,,,,
MPARF:HZ,(                ),Hz,60,59,59,60,59,60,60,59,59,60,59,60,59,59,60,59,59,59,59,59,60,60,60,60,59,60,60,60,59,59,60,59,59,59,59,60,60,59,60,60,60,59,59,60,60,60,60,60,59,59,60,60,60,59,59,59,59,59,59,60,59,59,59,59,59,60,59,60,59,60,59,60,60,60,60,59,59,59,60,59,59,59,60,60,60,60,60,59,60,59,60,59,60,59,60,60,60,59,60,60,59,59,59,59,59,59,59,59,60,60,60,,,,,,,,,,,,,,,,,,,,,,,,,,,,,,,,,
MPARF:IR,(                ),A,122,122,118,137,121,111,108,136,108,116,117,136,120,111,109,108,109,106,108,108,108,106,106,107,108,114,113,110,111,112,111,110,111,113,114,113,111,112,109,112,111,113,114,115,116,118,121,119,131,162,204,173,169,191,180,172,178,210,181,177,202,177,178,200,204,203,231,229,243,210,211,200,205,248,210,206,227,207,235,245,220,234,215,215,211,240,210,232,209,219,211,254,251,227,245,226,218,253,235,220,217,216,219,241,235,224,230,234,277,219,214,,,,,,,,,,,,,,,,,,,,,,,,,,,,,,,,,
MPARF:IS,(                ),A,78,80,78,96,83,75,75,96,74,76,78,99,83,77,76,75,76,74,77,77,78,76,76,77,78,82,81,79,78,79,79,80,79,80,81,82,77,77,76,77,76,77,76,76,77,75,77,75,78,108,151,112,107,126,110,107,110,140,115,113,129,112,113,126,129,133,174,150,170,139,139,139,136,182,148,132,156,133,158,166,155,165,141,143,133,167,138,166,131,140,139,180,170,158,169,150,149,176,163,136,145,140,138,166,154,139,145,161,195,140,135,,,,,,,,,,,,,,,,,,,,,,,,,,,,,,,,,
MPARF:IT,(                ),A,137,134,136,155,139,130,127,150,128,134,128,150,134,126,125,124,126,123,126,126,125,124,124,125,126,130,130,126,127,128,126,126,127,129,129,129,126,127,125,126,126,128,127,129,130,128,132,130,128,153,193,160,155,176,158,152,160,195,169,166,184,163,167,179,186,184,209,209,226,188,187,183,190,236,195,191,212,188,217,221,200,211,190,194,191,225,192,214,192,196,185,235,234,203,221,207,201,234,216,202,198,197,196,217,210,205,200,217,258,203,195,,,,,,,,,,,,,,,,,,,,,,,,,,,,,,,,,
MPARF:KW,(                ),kW,67.8,67.6,63.9,76.2,63.1,58.1,56.7,74.6,57.0,62.3,59.9,68.1,64.0,58.8,56.4,54.8,59.2,53.8,54.8,54.7,55.0,53.6,53.4,54.0,55.2,58.4,58.1,56.6,57.1,57.5,57.0,56.3,56.4,57.7,59.4,60.0,58.3,58.9,57.3,58.6,58.0,59.3,60.3,61.2,61.6,64.1,66.2,64.8,72.4,91.2,117.2,95.6,92.4,106.4,95.9,92.3,95.9,116.5,99.1,97.3,109.7,96.3,97.7,106.6,109.9,109.5,128.7,123.5,134.9,112.2,112.3,109.4,111.7,141.0,116.3,111.2,125.7,110.9,128.5,132.6,120.4,127.5,113.8,115.5,112.3,133.1,113.4,128.4,111.7,116.5,112.0,140.6,137.6,122.5,133.0,122.0,119.3,140.1,129.1,117.6,118.1,116.5,116.5,131.7,125.7,119.2,120.0,128.6,153.6,118.0,114.0,,,,,,,,,,,,,,,,,,,,,,,,,,,,,,,,,
MPARF:KWH,(                ),,5910838,5910849,5910861,5910869,5910881,5910891,5910902,5910911,5910921,5910931,5910942,5910952,5910962,5910973,5910982,5910992,5911002,5911012,5911020,5911029,5911039,5911049,5911058,5911067,5911077,5911086,5911095,5911105,5911115,5911124,5911134,5911144,5911153,5911162,5911172,5911181,5911192,5911201,5911211,5911222,5911229,5911240,5911251,5911262,5911272,5911282,5911293,5911306,5911316,5911332,5911348,5911363,5911381,5911399,5911417,5911433,5911448,5911467,5911485,5911501,5911519,5911536,5911554,5911571,5911590,5911610,5911628,5911648,5911669,5911690,5911697,5911729,5911746,5911769,5911788,5911809,5911829,5911844,5911867,5911887,5911908,5911927,5911947,5911967,5911987,5912006,5912027,5912048,5912066,5912087,5912109,5912130,5912150,5912169,5912193,5912215,5912235,5912257,5912278,5912298,5912317,5912337,5912359,5912380,5912398,5912420,5912441,5912461,5912482,5912501,5912514,,,,,,,,,,,,,,,,,,,,,,,,,,,,,,,,,
MPARF:PF,(                ),, -0.91, -0.91, -0.87, -0.89, -0.85, -0.83, -0.83, -0.89, -0.83, -0.87, -0.85, -0.87, -0.86, -0.85, -0.82, -0.81, -0.83, -0.80, -0.80, -0.80, -0.80, -0.79, -0.79, -0.79, -0.80, -0.81, -0.81, -0.81, -0.81, -0.82, -0.81, -0.80, -0.80, -0.81, -0.83, -0.83, -0.84, -0.84, -0.83, -0.84, -0.84, -0.84, -0.86, -0.87, -0.86, -0.91, -0.90, -0.90, -0.97,0.98,0.97,0.98,0.97,0.98,0.98,0.98,0.98,0.98,0.98,0.98,0.98,0.98,0.98,0.97,0.97,0.97,0.97,0.97,0.98,0.97,0.97,0.97,0.97,0.98,0.97,0.97,0.98,0.97,0.98,0.97,0.97,0.97,0.97,0.97,0.97,0.98,0.97,0.97,0.97,0.97,0.97,0.97,0.97,0.96,0.97,0.97,0.97,0.97,0.97,0.97,0.97,0.97,0.97,0.98,0.97,0.97,0.97,0.97,0.98,0.97,0.97,,,,,,,,,,,,,,,,,,,,,,,,,,,,,,,,,
MPARF:VRS,(                ),V,382.2,382.8,380.8,380.6,380.8,380.5,380.8,381.3,381.5,381.4,382.0,382.1,382.2,382.2,382.4,382.6,382.5,383.0,383.1,382.9,383.4,383.0,383.5,383.3,383.4,383.7,383.8,384.0,383.5,384.0,384.0,384.0,384.0,383.6,383.7,384.0,383.9,383.3,383.2,383.3,383.0,382.4,382.3,381.6,382.9,381.4,383.2,383.5,383.2,382.6,381.5,381.6,381.8,381.1,379.4,379.6,379.8,378.5,377.4,378.0,377.6,377.4,377.4,376.2,376.1,375.3,374.8,374.3,374.2,374.1,374.6,374.7,375.1,375.1,374.5,374.2,374.7,374.4,373.9,373.4,374.0,373.6,373.3,373.6,374.1,373.3,374.1,374.1,373.8,374.2,374.2,373.5,374.0,373.7,374.8,375.0,375.3,375.0,375.0,375.5,376.0,375.1,375.4,374.6,375.0,374.7,374.7,374.6,374.0,374.6,374.9,,,,,,,,,,,,,,,,,,,,,,,,,,,,,,,,,
MPARF:VST,(                ),V,383.2,383.7,381.8,381.5,381.8,381.4,381.7,382.3,382.6,382.4,382.9,383.1,383.2,383.1,383.3,383.5,383.4,383.8,383.9,383.7,384.2,383.8,384.2,384.1,384.2,384.5,384.6,384.9,384.3,384.8,384.7,384.9,384.7,384.6,384.4,384.8,384.6,384.1,384.1,384.3,383.5,383.1,382.9,382.7,383.7,382.5,383.9,384.5,383.7,383.2,382.0,382.1,382.3,381.7,380.0,380.0,380.2,378.9,377.7,378.7,378.0,377.8,377.5,376.7,376.7,375.8,375.4,374.8,374.7,374.7,375.3,375.2,375.9,375.8,375.1,375.1,375.2,375.1,374.8,374.2,374.6,374.2,373.8,374.2,374.7,373.9,374.5,374.9,374.4,375.2,374.9,374.2,374.7,374.3,375.3,375.6,375.7,375.9,375.9,376.4,376.8,376.1,375.9,375.3,375.0,375.3,375.2,375.2,374.4,375.1,375.3,,,,,,,,,,,,,,,,,,,,,,,,,,,,,,,,,
MPARF:VTR,(                ),V,382.6,383.0,381.2,380.9,381.0,380.7,380.9,381.4,381.7,381.5,382.3,382.4,382.3,382.4,382.4,382.6,382.5,382.9,383.2,382.8,383.4,383.0,383.4,383.1,383.3,383.6,383.7,383.9,383.4,383.8,383.9,383.9,383.7,383.6,383.5,383.9,383.7,383.1,383.1,383.2,382.9,382.3,382.3,381.7,382.8,381.5,383.2,383.5,383.2,382.4,381.5,381.5,381.9,381.2,379.3,379.5,379.7,378.4,377.5,377.9,377.6,377.3,377.4,376.4,376.5,375.5,374.9,374.5,374.4,374.2,374.8,375.0,375.4,375.2,374.9,374.5,375.1,374.6,374.2,373.6,374.1,373.8,373.5,373.9,374.3,373.4,374.2,374.3,374.1,374.4,374.5,373.7,374.3,373.9,375.1,375.2,375.3,375.4,375.6,375.9,376.4,375.4,375.6,374.8,374.8,374.9,374.9,374.8,374.0,374.6,374.9,,,,,,,,,,,,,,,,,,,,,,,,,,,,,,,,,
MGCBB.KWH,(度數            ),,138.058,138.058,138.058,138.058,138.058,138.059,138.059,138.059,138.059,138.059,138.059,138.059,138.059,138.059,138.059,138.060,138.060,138.060,138.060,138.060,138.060,138.060,138.060,138.060,138.060,138.061,138.061,138.061,138.061,138.061,138.061,138.061,138.061,138.061,138.061,138.061,138.062,138.062,138.062,138.062,138.062,138.062,138.062,138.062,138.062,138.062,138.062,138.063,138.063,138.063,138.063,138.063,138.063,138.064,138.064,138.064,138.064,138.065,138.065,138.065,138.066,138.066,138.067,138.067,138.068,138.068,138.069,138.069,138.070,138.070,138.071,138.072,138.072,138.073,138.073,138.074,138.075,138.075,138.076,138.077,138.077,138.078,138.078,138.079,138.080,138.080,138.081,138.082,138.082,138.083,138.083,138.084,138.085,138.085,138.086,138.086,138.087,138.088,138.088,138.089,138.089,138.090,138.091,138.091,138.092,138.093,138.093,138.094,138.094,138.095,138.095,,,,,,,,,,,,,,,,,,,,,,,,,,,,,,,,,
MGCBB:F,(                ),Hz,60,60,60,60,60,60,60,60,60,60,60,60,60,60,60,60,60,60,60,60,60,60,60,60,60,60,60,60,60,60,60,60,60,60,60,60,60,60,60,60,60,60,60,60,60,60,60,60,60,60,60,60,60,60,60,60,60,60,60,60,60,60,60,60,60,60,60,60,60,60,60,60,60,60,60,60,60,60,60,60,60,60,60,60,60,60,60,60,60,60,60,60,60,60,60,60,60,60,60,60,60,60,60,60,60,60,60,60,60,60,60,,,,,,,,,,,,,,,,,,,,,,,,,,,,,,,,,
MGCBB:I1,(                ),A,18.6,18.5,18.8,18.4,20.2,19.9,16.7,15.7,16.1,16.1,15.1,14.6,13.7,13.4,13.4,13.7,16.1,15.9,16.5,14.7,13.7,13.1,13.6,12.8,13.7,12.1,13.5,14.3,12.8,14.0,12.6,12.4,11.8,12.5,15.0,14.2,11.5,13.1,13.0,11.4,12.7,12.5,13.3,13.4,15.6,16.4,19.6,18.6,18.0,17.7,22.9,28.2,33.4,36.7,42.9,44.9,46.0,52.5,52.9,56.0,63.7,70.1,73.8,75.9,76.8,80.4,81.2,85.7,85.5,88.9,88.2,90.3,94.3,101.1,97.6,97.7,93.3,96.1,96.9,97.2,95.5,95.5,97.5,98.0,95.5,97.1,93.5,93.0,95.3,94.0,93.4,96.6,97.4,96.3,95.4,94.6,93.8,91.6,93.0,94.2,91.3,91.7,96.1,97.5,95.3,96.1,96.4,97.9,99.7,102.7,97.5,,,,,,,,,,,,,,,,,,,,,,,,,,,,,,,,,
MGCBB:I2,(                ),A,19.4,19.7,19.9,19.3,20.9,20.6,18.1,16.8,17.0,16.8,15.6,15.0,14.3,14.0,13.6,13.9,16.3,16.3,16.3,14.7,13.8,13.4,13.5,13.2,13.9,12.5,13.8,14.5,13.0,14.7,12.7,12.8,11.7,12.5,15.4,14.7,11.6,13.4,13.2,11.8,12.7,12.7,13.4,13.6,15.5,17.5,20.6,19.7,18.8,18.4,22.6,27.7,33.9,36.9,43.5,44.7,45.9,52.6,53.4,55.8,63.0,70.1,72.7,74.8,76.7,78.5,80.4,85.7,84.4,88.9,87.6,89.9,93.5,101.2,98.0,97.7,92.8,95.0,96.4,97.1,95.1,95.1,96.6,95.8,94.3,95.7,92.0,93.8,95.1,94.0,93.5,95.8,97.9,95.3,95.1,94.3,93.4,91.0,92.8,94.7,91.7,91.6,95.6,96.3,93.8,96.2,96.8,97.9,98.1,101.4,97.5,,,,,,,,,,,,,,,,,,,,,,,,,,,,,,,,,
MGCBB:I3,(                ),A,20.3,19.8,19.9,20.1,21.8,20.6,18.1,16.8,17.9,17.4,16.7,16.2,15.6,15.2,15.2,15.0,17.7,17.1,17.8,15.9,15.2,14.8,14.9,14.2,14.9,13.5,14.5,15.5,14.1,15.3,13.9,13.6,12.8,13.7,16.4,15.7,12.8,14.2,14.6,12.8,13.8,13.6,14.4,14.8,16.6,18.5,21.5,20.1,20.0,19.0,23.8,29.4,35.2,38.0,44.2,46.2,47.2,53.9,54.9,57.3,65.1,71.7,75.3,77.0,78.7,82.1,83.5,88.0,86.5,90.2,88.8,91.1,96.2,102.7,98.2,99.6,95.1,97.3,97.5,98.1,95.3,96.9,98.1,98.1,96.0,97.1,94.2,95.2,95.9,95.4,95.1,97.7,98.8,97.1,96.3,96.0,95.5,92.7,95.0,95.8,93.1,93.5,98.1,99.7,96.3,97.7,97.4,98.9,100.7,103.4,98.6,,,,,,,,,,,,,,,,,,,,,,,,,,,,,,,,,
MGCBB:KW,(                ),kW,770.0,772.3,775.8,760.2,828.6,808.2,700.7,650.5,674.3,660.6,623.0,594.2,566.3,554.6,550.0,554.7,660.5,650.7,662.8,592.5,552.5,537.0,560.3,514.1,552.0,493.6,541.6,571.5,510.2,573.3,506.5,504.9,466.2,502.7,620.5,583.4,459.3,527.4,525.3,466.9,508.3,504.3,530.2,541.6,622.1,692.9,825.6,777.2,753.3,722.8,895.1,1118.4,1337.7,1450.6,1651.4,1748.7,1792.7,2057.2,2070.0,2164.9,2469.9,2755.8,2891.1,2961.3,3031.7,3109.7,3165.9,3360.2,3319.4,3463.8,3428.4,3512.8,3680.3,3977.9,3816.3,3837.0,3639.2,3727.4,3770.9,3769.9,3704.9,3709.8,3778.7,3774.3,3680.9,3746.4,3608.4,3654.8,3692.6,3663.7,3627.1,3759.3,3816.2,3729.2,3725.8,3698.8,3674.5,3586.5,3662.4,3692.4,3580.7,3589.1,3766.6,3819.7,3699.8,3757.6,3780.1,3825.3,3875.1,4004.5,3815.8,,,,,,,,,,,,,,,,,,,,,,,,,,,,,,,,,
MGCBB:PF,(                ),,0.97,0.97,0.97,0.97,0.97,0.98,0.98,0.97,0.97,0.97,0.96,0.96,0.96,0.96,0.96,0.96,0.97,0.97,0.96,0.96,0.95,0.95,0.95,0.94,0.95,0.95,0.95,0.94,0.94,0.95,0.95,0.95,0.94,0.95,0.97,0.96,0.94,0.95,0.94,0.95,0.95,0.96,0.94,0.95,0.96,0.98,0.98,0.98,0.97,0.96,0.95,0.96,0.95,0.96,0.94,0.95,0.96,0.96,0.95,0.95,0.96,0.96,0.97,0.97,0.97,0.96,0.96,0.97,0.97,0.97,0.97,0.97,0.97,0.97,0.97,0.97,0.97,0.97,0.97,0.97,0.97,0.97,0.97,0.97,0.97,0.97,0.97,0.97,0.97,0.97,0.97,0.97,0.97,0.97,0.97,0.97,0.97,0.97,0.97,0.97,0.97,0.97,0.97,0.97,0.97,0.97,0.97,0.97,0.97,0.97,0.97,,,,,,,,,,,,,,,,,,,,,,,,,,,,,,,,,
MGCBB:V12,(                ),kV,23.6,23.6,23.5,23.5,23.5,23.4,23.5,23.5,23.5,23.5,23.5,23.6,23.6,23.6,23.6,23.6,23.5,23.6,23.6,23.6,23.6,23.6,23.6,23.6,23.6,23.6,23.6,23.6,23.6,23.6,23.6,23.6,23.6,23.6,23.6,23.6,23.6,23.6,23.6,23.6,23.6,23.6,23.5,23.5,23.6,23.5,23.6,23.6,23.7,23.6,23.6,23.5,23.6,23.5,23.4,23.4,23.4,23.4,23.3,23.4,23.3,23.3,23.3,23.2,23.2,23.2,23.2,23.1,23.1,23.1,23.1,23.2,23.2,23.2,23.1,23.1,23.1,23.1,23.1,23.1,23.1,23.1,23.1,23.1,23.1,23.1,23.1,23.1,23.1,23.1,23.1,23.1,23.1,23.1,23.2,23.2,23.2,23.2,23.2,23.2,23.2,23.2,23.2,23.2,23.1,23.2,23.2,23.2,23.1,23.1,23.1,,,,,,,,,,,,,,,,,,,,,,,,,,,,,,,,,
MGCBB:V23,(                ),kV,23.6,23.6,23.5,23.5,23.5,23.5,23.5,23.5,23.6,23.5,23.6,23.6,23.6,23.6,23.6,23.6,23.6,23.6,23.6,23.6,23.6,23.6,23.6,23.7,23.7,23.7,23.7,23.7,23.7,23.7,23.7,23.7,23.7,23.7,23.7,23.7,23.7,23.6,23.6,23.6,23.6,23.6,23.6,23.6,23.6,23.5,23.7,23.7,23.7,23.6,23.6,23.6,23.6,23.6,23.4,23.5,23.5,23.4,23.4,23.4,23.4,23.3,23.3,23.3,23.3,23.3,23.2,23.2,23.2,23.2,23.2,23.2,23.2,23.2,23.2,23.2,23.2,23.2,23.2,23.1,23.2,23.2,23.1,23.1,23.2,23.2,23.2,23.2,23.2,23.2,23.2,23.2,23.2,23.2,23.2,23.2,23.2,23.2,23.3,23.3,23.3,23.2,23.3,23.2,23.2,23.2,23.2,23.2,23.2,23.2,23.2,,,,,,,,,,,,,,,,,,,,,,,,,,,,,,,,,
MGCBB:V31,(                ),kV,23.6,23.6,23.5,23.5,23.5,23.5,23.5,23.5,23.5,23.5,23.6,23.6,23.6,23.6,23.6,23.6,23.6,23.6,23.6,23.6,23.6,23.6,23.6,23.6,23.7,23.7,23.7,23.7,23.6,23.7,23.7,23.7,23.7,23.7,23.7,23.7,23.6,23.6,23.6,23.6,23.6,23.6,23.6,23.6,23.6,23.5,23.6,23.7,23.7,23.6,23.6,23.6,23.6,23.5,23.4,23.5,23.5,23.4,23.3,23.4,23.3,23.3,23.3,23.3,23.3,23.2,23.2,23.2,23.1,23.1,23.2,23.2,23.2,23.2,23.2,23.1,23.2,23.2,23.1,23.1,23.2,23.1,23.1,23.1,23.1,23.1,23.1,23.2,23.1,23.1,23.2,23.1,23.1,23.1,23.2,23.2,23.2,23.2,23.2,23.2,23.2,23.2,23.2,23.2,23.2,23.2,23.2,23.2,23.1,23.2,23.2,,,,,,,,,,,,,,,,,,,,,,,,,,,,,,,,,
MLB1-1:HZ,(                ),Hz,60,59,59,60,59,60,60,60,59,60,59,60,59,59,59,59,59,59,59,59,60,60,60,60,59,60,60,60,59,59,60,60,59,59,59,60,60,59,60,60,60,59,59,60,60,60,60,60,59,59,60,60,60,59,59,59,59,59,59,60,59,59,59,59,60,60,59,60,59,60,59,60,60,60,60,59,59,59,60,59,59,59,60,60,60,60,60,59,60,59,60,59,60,59,60,60,60,59,60,60,59,59,59,59,59,59,59,59,60,60,60,,,,,,,,,,,,,,,,,,,,,,,,,,,,,,,,,
MLB1-1:IR,(                ),A,670,648,620,630,754,750,587,544,561,561,538,493,468,465,469,484,607,587,633,539,492,472,516,428,488,408,446,510,427,490,403,392,368,427,559,515,383,416,427,344,416,407,443,457,571,608,784,724,671,593,590,782,788,776,910,934,920,1012,1063,1022,1320,1508,1420,1377,1403,1472,1377,1426,1505,1482,1494,1658,1877,2028,1898,1838,1702,1730,1847,1788,1751,1755,1819,1914,1793,1778,1775,1629,1797,1677,1600,1844,1911,1932,1851,1897,1842,1847,1899,1859,1788,1871,2009,2028,1970,1784,1795,1795,1989,1930,1802,,,,,,,,,,,,,,,,,,,,,,,,,,,,,,,,,
MLB1-1:IS,(                ),A,658,688,682,599,731,765,635,540,518,519,508,445,442,390,397,444,542,587,578,512,435,426,464,419,446,372,454,470,411,477,368,382,316,368,528,464,340,413,383,297,389,388,407,417,521,582,767,740,632,579,604,706,705,746,887,882,918,999,1028,933,1214,1426,1353,1319,1365,1382,1340,1334,1424,1526,1539,1665,1820,2015,1967,1795,1635,1654,1750,1749,1794,1729,1717,1743,1754,1783,1632,1647,1732,1616,1565,1915,1997,1900,1876,1829,1851,1835,1859,1867,1844,1863,1886,1880,1796,1741,1799,1813,1861,1939,1786,,,,,,,,,,,,,,,,,,,,,,,,,,,,,,,,,
MLB1-1:IT,(                ),A,651,646,625,622,725,728,572,541,534,492,506,453,443,423,438,417,564,593,562,487,466,454,463,419,465,399,451,471,390,475,353,376,311,374,533,470,340,391,407,321,386,352,388,404,515,625,795,718,642,600,544,683,723,754,862,864,883,968,1010,936,1237,1492,1355,1304,1328,1399,1339,1393,1433,1514,1512,1624,1810,1986,1924,1813,1674,1726,1793,1817,1795,1709,1732,1775,1646,1662,1650,1648,1690,1649,1598,1760,1965,1845,1829,1821,1831,1841,1905,1846,1785,1804,1926,1915,1848,1765,1776,1787,1856,1847,1753,,,,,,,,,,,,,,,,,,,,,,,,,,,,,,,,,
MLB1-1:KW,(                ),kW,421.9,427.4,414.7,393.2,472.8,481.6,385.8,347.3,345.0,331.9,324.6,285.0,278.4,263.7,266.8,277.6,367.1,376.2,376.2,323.5,287.9,278.5,298.5,252.9,287.9,242.6,278.2,296.1,247.1,299.4,231.5,239.0,200.9,241.2,350.3,308.0,211.4,251.8,250.3,196.0,245.6,236.8,250.7,260.3,335.2,389.6,509.8,472.3,416.8,366.7,355.0,455.0,464.7,473.5,543.9,566.1,573.6,624.4,648.9,604.1,785.9,934.0,865.2,836.7,858.3,885.8,841.4,858.5,904.9,940.0,946.4,1024.5,1149.6,1267.4,1213.2,1136.8,1038.9,1056.5,1123.2,1112.9,1115.0,1079.2,1092.3,1128.9,1077.9,1083.3,1042.7,1016.3,1079.3,1020.2,976.9,1147.2,1229.8,1183.8,1164.7,1158.7,1155.9,1152.3,1185.3,1164.9,1134.1,1155.9,1220.3,1219.9,1173.4,1102.9,1118.7,1124.1,1192.7,1194.9,1116.5,,,,,,,,,,,,,,,,,,,,,,,,,,,,,,,,,
MLB1-1:KWH,(                ),,33475862,33475936,33476006,33476068,33476140,33476224,33476310,33476366,33476426,33476482,33476538,33476586,33476638,33476682,33476726,33476770,33476822,33476890,33476946,33476994,33477048,33477092,33477142,33477188,33477222,33477274,33477318,33477362,33477408,33477450,33477498,33477536,33477576,33477612,33477662,33477710,33477756,33477792,33477834,33477870,33477900,33477944,33477990,33478038,33478086,33478150,33478224,33478310,33478378,33478446,33478508,33478562,33478642,33478724,33478810,33478898,33478982,33479096,33479208,33479306,33479434,33479576,33479724,33479856,33480008,33480156,33480286,33480424,33480580,33480744,33480802,33481066,33481228,33481452,33481652,33481862,33482054,33482192,33482394,33482588,33482790,33482964,33483148,33483332,33483524,33483698,33483876,33484054,33484206,33484384,33484564,33484752,33484934,33485114,33485342,33485540,33485728,33485934,33486132,33486324,33486508,33486708,33486912,33487100,33487286,33487486,33487678,33487852,33488046,33488220,33488346,,,,,,,,,,,,,,,,,,,,,,,,,,,,,,,,,
MLB1-1:PF,(                ),,0.97,0.98,0.98,0.97,0.98,0.98,0.98,0.97,0.97,0.96,0.95,0.93,0.93,0.94,0.93,0.94,0.97,0.97,0.96,0.96,0.94,0.93,0.94,0.91,0.93,0.93,0.93,0.92,0.91,0.94,0.93,0.94,0.91,0.93,0.98,0.96,0.90,0.94,0.93,0.92,0.94,0.94,0.92,0.93,0.95,0.98,0.99,0.98,0.97,0.94,0.93,0.95,0.95,0.95,0.94,0.97,0.97,0.96,0.96,0.96,0.96,0.98,0.97,0.97,0.97,0.97,0.96,0.96,0.97,0.97,0.97,0.97,0.97,0.98,0.98,0.97,0.97,0.97,0.97,0.97,0.97,0.97,0.97,0.97,0.97,0.97,0.96,0.96,0.97,0.96,0.96,0.97,0.98,0.98,0.98,0.97,0.97,0.97,0.97,0.97,0.97,0.97,0.98,0.98,0.97,0.97,0.97,0.97,0.98,0.98,0.97,,,,,,,,,,,,,,,,,,,,,,,,,,,,,,,,,
MLB1-1:VRS,(                ),V,381.3,381.6,381.7,379.2,379.0,379.2,380.3,380.8,380.9,380.7,380.3,381.1,381.2,381.0,381.1,381.4,381.6,381.6,381.6,381.4,382.3,381.8,382.1,382.1,382.3,382.9,382.8,382.6,382.3,382.3,382.8,383.2,382.9,382.8,382.8,382.2,382.2,382.3,382.1,382.8,382.0,381.6,380.7,380.8,381.7,380.8,381.5,382.7,382.9,381.2,380.6,380.1,380.6,379.5,377.3,378.0,377.7,376.1,375.2,376.2,374.4,374.2,373.7,373.3,373.2,372.3,372.8,371.3,370.9,371.1,371.5,371.2,371.0,371.0,370.8,370.5,370.7,370.3,370.2,369.9,371.0,370.3,369.2,369.1,369.9,370.0,369.6,370.9,370.1,370.8,370.4,370.2,370.4,369.9,371.1,371.0,371.2,371.1,371.4,371.7,372.3,371.1,370.9,370.5,370.3,371.2,371.1,371.5,369.9,370.1,370.9,,,,,,,,,,,,,,,,,,,,,,,,,,,,,,,,,
MLB1-1:VST,(                ),V,381.7,381.6,381.8,379.7,379.3,379.3,380.1,380.8,380.9,380.7,380.5,381.1,381.1,381.2,381.4,381.4,381.7,381.6,381.7,381.4,382.3,381.8,382.2,381.8,382.3,382.7,382.5,382.3,381.9,382.0,382.6,382.7,382.6,382.7,382.6,382.1,381.9,381.8,381.9,382.4,382.2,381.4,380.9,380.7,381.8,380.7,381.9,382.3,383.3,381.4,380.6,380.7,381.5,379.9,377.5,378.5,378.1,376.5,375.9,376.6,375.1,374.9,374.7,373.9,373.8,373.2,373.2,372.3,371.8,371.4,371.8,371.8,371.9,371.8,371.5,371.2,371.8,371.2,371.2,370.6,371.6,371.0,370.4,370.5,370.5,370.4,370.8,371.3,370.7,371.4,371.3,370.3,371.0,370.4,371.9,371.9,371.9,371.8,372.4,372.3,372.9,371.7,372.1,371.4,371.7,372.0,371.7,372.0,371.1,370.9,371.5,,,,,,,,,,,,,,,,,,,,,,,,,,,,,,,,,
MLB1-1:VTR,(                ),V,381.7,381.8,382.1,379.7,379.6,379.7,380.6,381.1,381.2,381.3,380.8,381.4,381.5,381.3,381.8,382.1,382.1,381.9,382.1,382.0,382.7,382.2,382.8,382.3,382.8,383.1,383.1,383.0,382.4,382.7,383.3,383.3,383.5,382.9,383.4,382.7,382.6,382.4,382.3,382.8,382.6,382.2,381.5,381.2,382.3,380.8,382.0,382.7,383.6,381.7,381.5,381.2,381.7,380.2,377.9,379.0,378.8,377.1,376.3,377.1,375.5,374.9,374.9,374.2,374.1,373.4,373.5,372.3,372.0,371.6,372.1,371.9,371.9,371.9,371.5,371.2,371.6,371.1,371.1,370.6,371.5,371.2,370.6,370.6,371.2,371.2,371.0,371.3,371.0,371.4,371.1,371.0,370.9,370.9,372.2,372.1,372.1,371.6,371.9,372.3,372.8,371.9,372.1,371.7,372.2,372.1,372.0,372.1,371.5,371.5,372.0,,,,,,,,,,,,,,,,,,,,,,,,,,,,,,,,,
MLB2-1:HZ,(                ),Hz,60,59,59,60,59,60,60,60,59,60,59,60,59,59,59,59,59,59,59,59,60,60,60,60,59,60,60,60,59,59,60,60,59,59,59,60,59,59,60,60,60,59,59,60,60,60,60,60,59,59,60,60,60,59,59,59,59,59,59,60,59,59,59,59,60,60,59,60,59,60,59,60,60,60,60,59,59,59,60,59,59,59,60,60,60,60,60,59,60,59,60,59,60,59,60,60,60,59,60,60,59,59,59,59,59,59,59,59,60,60,60,,,,,,,,,,,,,,,,,,,,,,,,,,,,,,,,,
MLB2-1:IR,(                ),A,111,105,104,95,95,97,98,97,98,99,98,104,95,100,92,95,103,101,104,96,101,102,93,102,99,96,100,99,100,99,100,102,94,98,99,101,94,132,102,107,107,101,106,97,99,104,98,102,104,103,239,226,230,238,417,436,431,435,453,544,682,674,759,899,1011,1047,1016,1056,1013,1070,1079,1097,1110,1291,1243,1230,1240,1315,1288,1262,1274,1277,1253,1300,1206,1182,1114,1177,1194,1284,1321,1246,1254,1182,1186,1140,1196,1158,1097,1171,1104,1137,1253,1417,1205,1318,1365,1417,1382,1459,1397,,,,,,,,,,,,,,,,,,,,,,,,,,,,,,,,,
MLB2-1:IS,(                ),A,77,75,81,79,75,79,76,79,83,80,83,82,78,80,77,77,78,82,80,77,78,77,75,78,77,75,81,80,78,78,74,75,77,76,78,79,73,79,75,80,82,74,72,70,71,72,75,72,74,69,191,190,196,210,372,393,389,396,411,490,603,582,675,792,901,940,935,983,976,1049,1059,1040,1057,1262,1182,1170,1162,1227,1215,1211,1188,1175,1202,1176,1125,1089,1050,1076,1110,1184,1214,1142,1153,1055,1087,1097,1138,1086,1038,1080,1006,1030,1134,1323,1145,1229,1291,1336,1274,1366,1338,,,,,,,,,,,,,,,,,,,,,,,,,,,,,,,,,
MLB2-1:IT,(                ),A,117,114,121,110,122,118,117,115,121,112,111,130,104,108,106,99,105,107,104,103,104,101,100,105,100,100,106,98,97,100,107,96,101,98,102,103,96,100,110,103,113,104,102,101,96,103,104,100,104,99,215,207,225,221,395,413,414,412,435,514,643,605,722,812,911,979,975,1018,991,1041,1035,1043,1074,1260,1179,1171,1149,1200,1177,1158,1127,1170,1153,1171,1116,1119,1106,1167,1198,1259,1317,1223,1265,1157,1196,1192,1176,1158,1120,1166,1089,1095,1206,1311,1148,1236,1332,1414,1332,1424,1385,,,,,,,,,,,,,,,,,,,,,,,,,,,,,,,,,
MLB2-1:KW,(                ),kW,62.4,59.6,63.5,57.1,59.8,58.9,58.6,58.6,61.9,58.8,56.1,64.0,53.3,56.0,52.2,50.2,56.3,57.7,57.4,53.2,55.9,55.0,51.1,57.1,53.8,53.0,56.9,54.3,53.6,54.5,55.5,52.5,53.1,52.3,54.1,56.7,50.5,61.9,58.6,57.4,61.8,55.6,55.9,51.3,52.0,55.9,55.3,55.0,58.1,55.3,139.0,134.4,139.9,143.9,222.2,253.1,252.0,252.5,262.9,320.2,398.6,381.1,447.8,510.6,574.5,596.7,587.4,616.9,598.7,639.5,643.0,644.3,659.0,786.1,738.8,730.4,728.0,768.7,754.8,742.9,735.7,741.8,737.6,745.6,703.2,689.8,663.2,696.8,714.0,765.4,791.4,738.6,755.7,692.0,709.7,702.7,718.9,694.5,662.3,697.7,650.7,662.8,737.2,837.9,716.1,780.7,826.0,866.3,824.8,881.8,854.1,,,,,,,,,,,,,,,,,,,,,,,,,,,,,,,,,
MLB2-1:KWH,(                ),,16919024,16919034,16919044,16919054,16919064,16919076,16919086,16919094,16919106,16919114,16919124,16919134,16919144,16919154,16919162,16919172,16919180,16919190,16919198,16919208,16919218,16919226,16919236,16919246,16919252,16919262,16919272,16919282,16919290,16919298,16919308,16919318,16919326,16919334,16919344,16919352,16919362,16919370,16919380,16919390,16919398,16919408,16919418,16919426,16919436,16919444,16919452,16919462,16919472,16919480,16919498,16919518,16919542,16919568,16919598,16919636,16919672,16919722,16919766,16919808,16919868,16919936,16920004,16920076,16920168,16920268,16920360,16920460,16920566,16920674,16920716,16920884,16920982,16921116,16921234,16921356,16921482,16921580,16921722,16921848,16921974,16922084,16922206,16922324,16922448,16922558,16922678,16922796,16922900,16923030,16923166,16923294,16923408,16923514,16923648,16923770,16923878,16923998,16924116,16924226,16924334,16924446,16924566,16924684,16924806,16924938,16925078,16925210,16925354,16925480,16925558,,,,,,,,,,,,,,,,,,,,,,,,,,,,,,,,,
MLB2-1:PF,(                ),, -0.93, -0.92, -0.93, -0.91, -0.93, -0.91, -0.91, -0.91, -0.93, -0.91, -0.87, -0.92, -0.87, -0.88, -0.86, -0.84, -0.89, -0.90, -0.90, -0.87, -0.89, -0.89, -0.86, -0.90, -0.88, -0.88, -0.89, -0.88, -0.88, -0.89, -0.89, -0.87, -0.88, -0.87, -0.87, -0.90, -0.87, -0.90, -0.92, -0.90, -0.92, -0.90, -0.91, -0.87, -0.88, -0.91, -0.90, -0.91, -0.93, -0.92,0.97,0.98,0.97,0.98,0.86,0.93,0.93,0.93,0.93,0.95,0.95,0.94,0.96,0.94,0.94,0.93,0.93,0.94,0.94,0.94,0.94,0.94,0.94,0.96,0.95,0.95,0.95,0.96,0.96,0.95,0.95,0.95,0.95,0.95,0.95,0.95,0.94,0.95,0.95,0.96,0.96,0.95,0.96,0.95,0.95,0.95,0.95,0.95,0.94,0.95,0.94,0.94,0.95,0.96,0.95,0.96,0.96,0.97,0.96,0.97,0.96,,,,,,,,,,,,,,,,,,,,,,,,,,,,,,,,,
MLB2-1:VRS,(                ),V,383.2,383.3,383.3,381.1,381.2,381.2,381.7,382.4,382.6,382.5,382.1,382.7,382.9,382.5,383.1,383.2,383.5,383.5,383.6,383.5,384.1,383.5,384.3,383.9,384.2,384.5,384.5,384.6,383.9,383.9,384.4,384.5,384.4,384.4,384.3,383.9,383.6,383.5,383.8,384.0,383.5,382.9,382.3,382.7,383.5,382.6,383.6,384.5,384.9,383.3,382.4,382.2,382.8,381.6,378.5,379.5,378.9,377.7,377.0,377.6,376.2,376.0,375.4,374.1,373.5,372.9,373.1,371.9,371.5,371.7,372.0,372.4,372.6,372.1,371.8,371.4,371.7,371.1,371.4,371.0,371.8,371.0,370.7,370.3,370.9,371.2,371.1,371.5,371.2,371.7,371.3,371.1,371.2,371.0,372.1,372.6,372.4,372.2,372.8,372.8,373.5,372.3,372.2,371.5,371.8,372.2,371.9,372.2,370.9,371.0,371.7,,,,,,,,,,,,,,,,,,,,,,,,,,,,,,,,,
MLB2-1:VST,(                ),V,383.6,383.6,383.7,381.4,381.4,381.4,381.8,382.4,382.4,382.4,382.2,382.8,382.8,382.5,383.0,383.2,383.3,383.4,383.6,383.4,384.0,383.4,384.2,383.6,384.1,384.4,384.4,384.3,383.7,383.6,384.3,384.2,384.1,384.1,384.2,383.7,383.5,383.4,383.6,383.7,383.7,382.9,382.6,382.5,383.6,382.4,383.7,384.2,385.1,383.5,382.5,382.6,383.2,381.8,378.6,379.7,379.3,378.0,377.5,377.8,376.9,376.6,376.5,374.8,374.4,373.8,373.8,372.7,372.2,372.2,372.3,373.1,373.2,372.7,372.7,372.1,372.7,371.9,371.9,371.4,372.4,371.9,371.4,371.3,371.7,372.1,372.1,372.4,372.1,372.4,372.4,371.9,372.8,372.0,373.5,373.4,373.1,373.1,373.7,373.7,374.6,373.1,373.2,372.2,372.7,373.0,372.8,373.1,372.1,372.1,372.6,,,,,,,,,,,,,,,,,,,,,,,,,,,,,,,,,
MLB2-1:VTR,(                ),V,383.5,383.6,383.7,381.4,381.4,381.5,381.9,382.6,382.6,382.7,382.5,382.8,383.1,382.6,383.3,383.6,383.6,383.8,383.8,383.7,384.3,383.8,384.6,384.1,384.5,384.8,384.8,384.8,384.3,384.2,384.7,384.7,384.8,384.5,384.7,384.1,383.9,384.1,384.0,384.1,384.1,383.4,382.9,382.7,383.9,382.5,383.9,384.6,385.3,383.8,382.9,382.9,383.2,382.1,379.1,379.9,379.7,378.2,377.7,378.1,377.2,376.9,376.6,375.2,374.6,374.0,373.8,372.9,372.4,372.4,372.6,373.2,373.2,372.9,372.7,372.2,372.8,372.2,372.2,372.0,373.0,372.2,371.9,371.6,372.1,372.2,372.2,372.2,371.8,372.2,372.1,371.9,372.5,372.0,373.3,373.3,373.3,372.7,373.2,373.4,374.3,373.1,373.2,372.6,373.2,373.4,372.9,373.0,372.3,372.3,372.6,,,,,,,,,,,,,,,,,,,,,,,,,,,,,,,,,
MLB3-1:HZ,(                ),Hz,60,59,59,60,59,60,60,60,59,60,59,60,59,59,59,59,59,59,59,59,60,60,60,60,59,60,60,60,59,59,60,59,59,59,59,60,60,59,60,60,60,59,59,60,60,60,60,60,59,59,60,60,60,59,59,59,59,59,59,60,59,59,59,59,59,60,59,60,59,60,59,60,60,60,60,59,60,59,60,59,59,59,60,60,60,60,60,59,60,59,60,59,60,59,60,60,60,59,60,60,59,59,59,59,59,59,59,59,60,60,60,,,,,,,,,,,,,,,,,,,,,,,,,,,,,,,,,
MLB3-1:IR,(                ),A,198,170,206,212,198,152,128,129,167,161,162,141,141,135,151,132,160,144,157,144,145,154,137,151,160,132,143,142,143,138,148,124,132,148,145,138,139,140,146,155,162,142,137,161,162,168,185,153,169,180,291,344,440,464,597,616,708,886,966,1119,1130,1216,1321,1313,1273,1372,1461,1485,1452,1493,1518,1480,1543,1620,1494,1630,1582,1605,1618,1604,1486,1581,1639,1559,1592,1623,1591,1633,1583,1552,1488,1553,1480,1573,1547,1547,1495,1367,1440,1476,1401,1412,1457,1538,1495,1551,1427,1531,1562,1635,1532,,,,,,,,,,,,,,,,,,,,,,,,,,,,,,,,,
MLB3-1:IS,(                ),A,186,189,179,234,208,191,166,175,163,209,133,142,125,144,126,130,170,142,147,127,129,141,139,131,154,137,138,138,125,161,117,142,146,161,130,138,117,157,141,158,128,126,163,139,163,189,196,161,170,174,237,294,416,469,599,573,657,873,885,1092,1030,1178,1193,1221,1202,1231,1302,1413,1339,1383,1434,1377,1470,1529,1510,1492,1475,1542,1559,1525,1493,1525,1527,1533,1485,1550,1526,1607,1533,1530,1454,1458,1407,1497,1470,1459,1385,1332,1343,1463,1354,1386,1398,1427,1411,1509,1416,1469,1465,1502,1501,,,,,,,,,,,,,,,,,,,,,,,,,,,,,,,,,
MLB3-1:IT,(                ),A,241,226,232,240,222,204,202,167,206,233,170,168,185,187,170,186,190,176,192,172,165,183,168,161,161,167,158,175,172,190,189,175,169,162,177,177,165,171,158,160,138,158,161,189,175,221,213,203,216,228,303,352,477,504,659,630,651,879,951,1131,1062,1162,1222,1220,1255,1270,1368,1428,1387,1457,1424,1396,1516,1545,1501,1586,1470,1505,1543,1522,1465,1553,1547,1516,1484,1551,1471,1600,1529,1486,1456,1501,1432,1467,1473,1448,1391,1318,1340,1435,1380,1411,1410,1500,1459,1534,1370,1494,1443,1539,1490,,,,,,,,,,,,,,,,,,,,,,,,,,,,,,,,,
MLB3-1:KW,(                ),kW,130.1,122.5,126.8,144.1,132.8,112.3,101.3,93.7,108.8,125.9,94.5,91.0,91.6,95.9,91.8,91.6,108.0,94.9,102.9,90.7,89.8,97.9,90.9,90.5,97.7,88.5,89.6,92.9,90.3,100.5,92.5,89.3,92.5,96.7,93.9,93.5,86.8,96.0,91.2,97.2,87.4,89.1,94.7,101.5,105.2,120.2,126.0,108.5,115.0,122.5,171.2,209.5,277.8,295.9,381.3,374.8,416.1,548.7,582.1,674.3,670.1,745.2,786.3,787.4,783.1,807.5,863.8,904.8,871.0,905.2,916.0,889.0,948.4,983.6,945.2,986.6,949.0,972.0,987.6,972.3,928.5,972.7,984.2,961.2,952.9,987.5,957.6,1013.6,971.2,955.8,917.4,942.3,900.9,947.0,940.5,933.0,893.5,837.2,860.1,914.5,864.3,879.7,891.5,932.7,910.5,962.5,878.7,940.3,931.8,979.3,946.8,,,,,,,,,,,,,,,,,,,,,,,,,,,,,,,,,
MLB3-1:KWH,(                ),,28164396,28164414,28164434,28164454,28164482,28164504,28164522,28164538,28164556,28164572,28164588,28164604,28164622,28164640,28164652,28164670,28164686,28164704,28164718,28164734,28164752,28164766,28164782,28164798,28164812,28164830,28164844,28164860,28164876,28164894,28164908,28164924,28164940,28164954,28164968,28164984,28165000,28165014,28165030,28165046,28165058,28165078,28165090,28165108,28165126,28165142,28165164,28165180,28165198,28165218,28165246,28165272,28165314,28165370,28165430,28165492,28165550,28165636,28165734,28165834,28165946,28166062,28166188,28166312,28166448,28166586,28166718,28166864,28167018,28167172,28167230,28167468,28167600,28167782,28167934,28168100,28168250,28168388,28168574,28168746,28168914,28169060,28169226,28169386,28169554,28169710,28169880,28170048,28170194,28170362,28170526,28170690,28170836,28170976,28171150,28171310,28171454,28171604,28171748,28171898,28172038,28172192,28172346,28172490,28172636,28172798,28172958,28173104,28173268,28173410,28173514,,,,,,,,,,,,,,,,,,,,,,,,,,,,,,,,,
MLB3-1:PF,(                ),,0.94,0.95,0.93,0.96,0.96,0.93,0.93,0.90,0.92,0.95,0.92,0.92,0.92,0.93,0.93,0.93,0.94,0.93,0.94,0.93,0.92,0.93,0.92,0.92,0.93,0.92,0.92,0.92,0.93,0.93,0.92,0.92,0.93,0.93,0.94,0.93,0.93,0.93,0.92,0.93,0.92,0.95,0.93,0.94,0.95,0.94,0.96,0.95,0.93,0.95,0.93,0.96,0.94,0.94,0.94,0.94,0.94,0.96,0.96,0.93,0.96,0.97,0.97,0.97,0.97,0.97,0.97,0.97,0.97,0.97,0.97,0.97,0.97,0.97,0.97,0.98,0.97,0.97,0.98,0.98,0.97,0.97,0.98,0.97,0.97,0.97,0.97,0.98,0.97,0.97,0.97,0.97,0.97,0.97,0.97,0.97,0.97,0.97,0.97,0.97,0.97,0.97,0.97,0.97,0.97,0.97,0.97,0.97,0.97,0.97,0.97,,,,,,,,,,,,,,,,,,,,,,,,,,,,,,,,,
MLB3-1:VRS,(                ),V,382.5,382.8,382.6,380.4,380.6,380.8,381.3,381.8,381.8,382.1,381.4,382.2,382.3,381.9,382.4,382.4,382.9,382.7,382.9,382.8,383.5,383.0,383.5,383.2,383.6,384.0,383.8,384.0,383.3,383.3,383.7,384.0,383.8,383.7,383.9,383.2,383.0,382.9,383.2,383.3,382.9,382.4,381.8,382.1,383.0,382.0,382.9,384.0,384.3,382.9,381.9,381.8,381.8,380.5,378.4,378.9,377.8,376.4,375.6,375.2,375.1,375.0,374.2,373.6,373.6,372.7,372.8,371.6,371.0,371.3,371.6,371.6,372.3,371.9,371.9,371.2,371.9,371.1,371.0,370.8,371.9,370.5,370.3,370.4,370.8,371.0,370.8,371.3,371.0,371.8,371.2,371.3,371.6,370.9,372.0,372.3,372.2,372.3,372.6,372.9,373.5,372.8,372.4,371.5,371.5,372.2,372.1,372.2,370.9,371.2,371.7,,,,,,,,,,,,,,,,,,,,,,,,,,,,,,,,,
MLB3-1:VST,(                ),V,382.8,382.8,383.0,380.6,380.7,380.5,381.3,381.5,381.7,381.7,381.5,382.1,382.3,381.9,382.4,382.4,382.6,382.7,383.0,382.7,383.3,382.9,383.4,383.1,383.5,383.8,383.7,383.7,383.1,382.9,383.7,383.6,383.5,383.4,383.7,383.0,382.9,382.7,383.0,383.0,383.2,382.4,381.9,381.9,382.9,381.6,383.1,383.7,384.6,383.1,382.4,382.4,382.4,380.7,378.5,379.4,378.5,377.0,376.4,375.5,375.9,375.3,375.3,374.3,374.5,373.7,373.7,372.3,372.0,372.0,372.2,372.4,373.0,372.5,372.6,372.2,373.2,371.8,371.5,371.3,372.2,371.3,371.2,371.0,371.6,371.6,371.5,371.8,371.7,372.0,371.9,371.9,372.5,371.5,373.1,373.0,373.2,372.9,373.4,373.3,374.2,373.1,373.2,372.4,372.5,372.9,372.7,372.9,371.8,372.2,372.3,,,,,,,,,,,,,,,,,,,,,,,,,,,,,,,,,
MLB3-1:VTR,(                ),V,382.3,382.6,382.7,380.5,380.7,380.7,381.1,381.6,381.6,381.8,381.6,382.0,382.2,381.7,382.4,382.4,382.7,382.9,382.9,382.8,383.5,383.0,383.6,383.4,383.8,384.0,384.0,383.9,383.4,383.3,383.7,383.9,383.9,383.5,384.0,383.2,383.1,383.0,383.3,383.2,383.5,382.6,382.1,381.8,383.1,381.4,383.0,383.8,384.4,383.0,382.3,382.2,382.1,380.7,378.6,379.3,378.9,377.0,376.3,375.3,375.9,375.6,375.3,374.6,374.2,373.7,373.5,372.4,371.9,371.9,372.3,372.4,372.6,372.5,372.2,371.6,373.1,371.9,371.4,371.4,372.2,371.3,371.2,371.1,371.6,371.8,371.8,371.6,371.5,372.1,371.8,371.8,372.3,371.7,373.0,373.1,373.3,372.8,373.3,373.2,373.9,372.8,373.1,372.3,372.7,372.7,373.0,372.9,372.2,372.4,372.6,,,,,,,,,,,,,,,,,,,,,,,,,,,,,,,,,
MLB4-1:HZ,(                ),Hz,60,59,59,60,59,60,60,60,60,60,59,60,59,59,59,59,59,59,59,59,60,60,60,60,59,60,60,60,59,59,60,60,59,59,59,60,60,59,60,60,60,59,59,60,60,60,60,60,59,59,60,60,60,59,59,59,59,59,59,60,59,59,59,59,60,60,59,60,59,60,59,60,60,60,60,59,60,59,60,59,59,59,60,60,60,60,60,59,60,59,60,59,60,59,60,60,60,59,60,60,59,59,59,59,59,59,59,59,60,60,60,,,,,,,,,,,,,,,,,,,,,,,,,,,,,,,,,
MLB4-1:IR,(                ),A,187,195,186,183,186,186,178,165,179,160,166,184,165,147,167,159,151,141,158,158,138,125,149,130,137,138,148,141,147,134,159,165,146,135,146,138,138,138,158,136,133,153,154,139,140,142,140,151,182,189,296,423,600,767,673,746,742,844,787,815,802,846,1071,1082,1114,1103,1207,1321,1297,1339,1284,1288,1269,1214,1233,1267,1204,1266,1232,1261,1267,1222,1276,1266,1225,1314,1260,1193,1227,1235,1249,1228,1182,1190,1218,1221,1171,1196,1241,1237,1208,1164,1175,1197,1251,1178,1253,1198,1230,1248,1211,,,,,,,,,,,,,,,,,,,,,,,,,,,,,,,,,
MLB4-1:IS,(                ),A,185,206,185,190,196,195,175,176,198,167,185,170,174,163,154,158,143,133,124,133,121,117,124,118,111,126,119,144,128,114,141,134,130,112,133,136,118,124,145,129,119,129,126,146,141,142,157,143,169,210,291,418,607,761,657,698,730,806,774,786,816,886,1032,1049,1098,1063,1159,1307,1257,1269,1226,1258,1180,1181,1214,1277,1176,1230,1276,1270,1228,1165,1280,1250,1198,1269,1233,1165,1249,1187,1260,1185,1180,1173,1136,1201,1163,1168,1219,1227,1157,1107,1146,1130,1173,1209,1238,1168,1202,1249,1156,,,,,,,,,,,,,,,,,,,,,,,,,,,,,,,,,
MLB4-1:IT,(                ),A,204,230,205,225,229,206,214,211,222,191,207,198,195,189,187,182,172,143,156,168,156,161,156,165,153,140,145,146,161,159,158,162,165,150,159,164,148,170,161,159,157,174,184,175,171,177,177,185,207,213,318,426,654,767,666,761,801,899,849,859,857,958,1115,1163,1237,1161,1263,1428,1326,1350,1300,1335,1261,1287,1289,1323,1230,1331,1313,1304,1311,1284,1351,1304,1325,1367,1305,1271,1261,1266,1296,1265,1248,1243,1222,1291,1244,1212,1299,1324,1259,1221,1229,1233,1246,1282,1315,1221,1263,1281,1221,,,,,,,,,,,,,,,,,,,,,,,,,,,,,,,,,
MLB4-1:KW,(                ),kW,119.1,129.9,120.1,123.6,124.5,121.0,117.5,115.4,125.1,109.6,118.0,116.4,112.2,104.6,106.7,104.7,94.2,85.3,89.1,92.7,84.7,82.4,86.9,83.3,80.6,81.0,84.4,87.4,88.0,84.1,91.7,91.3,88.7,80.8,87.9,88.1,80.5,85.9,92.5,84.6,81.7,92.5,94.4,94.4,93.0,94.3,96.8,99.8,118.2,130.0,192.0,270.7,386.7,484.6,414.8,459.1,474.3,532.3,497.8,510.2,514.0,564.1,681.7,697.9,728.4,700.8,766.9,857.1,817.6,836.2,804.6,820.3,784.0,777.8,787.9,816.7,762.8,807.6,805.5,808.4,804.8,776.8,823.7,804.0,793.8,833.1,804.0,768.3,789.4,780.1,804.8,777.0,763.3,761.5,758.2,787.7,757.7,756.9,797.1,803.8,769.5,739.4,751.9,752.7,777.2,784.8,806.1,759.4,779.6,799.3,758.3,,,,,,,,,,,,,,,,,,,,,,,,,,,,,,,,,
MLB4-1:KWH,(                ),,22760058,22760078,22760096,22760114,22760138,22760158,22760180,22760198,22760218,22760238,22760258,22760276,22760296,22760318,22760332,22760350,22760368,22760384,22760398,22760412,22760428,22760442,22760456,22760470,22760482,22760498,22760510,22760526,22760540,22760554,22760568,22760584,22760598,22760612,22760628,22760640,22760656,22760670,22760684,22760700,22760710,22760728,22760746,22760762,22760776,22760792,22760806,22760824,22760840,22760862,22760888,22760922,22760980,22761054,22761132,22761200,22761270,22761360,22761448,22761526,22761614,22761706,22761804,22761912,22762032,22762154,22762268,22762402,22762540,22762680,22762732,22762944,22763062,22763216,22763342,22763482,22763608,22763732,22763884,22764022,22764146,22764284,22764420,22764552,22764690,22764814,22764954,22765088,22765204,22765338,22765474,22765612,22765728,22765840,22765984,22766116,22766234,22766364,22766494,22766620,22766738,22766868,22766998,22767116,22767244,22767378,22767514,22767636,22767768,22767880,22767964,,,,,,,,,,,,,,,,,,,,,,,,,,,,,,,,,
MLB4-1:PF,(                ),,0.94,0.93,0.95,0.94,0.93,0.94,0.94,0.95,0.95,0.96,0.96,0.96,0.95,0.95,0.95,0.95,0.92,0.93,0.92,0.92,0.92,0.93,0.92,0.91,0.91,0.91,0.93,0.92,0.91,0.93,0.90,0.90,0.91,0.92,0.91,0.91,0.90,0.90,0.90,0.90,0.91,0.92,0.92,0.93,0.93,0.93,0.92,0.94,0.95,0.96,0.96,0.97,0.94,0.96,0.95,0.95,0.96,0.96,0.95,0.95,0.96,0.97,0.98,0.98,0.98,0.98,0.98,0.98,0.98,0.98,0.98,0.98,0.98,0.98,0.98,0.98,0.98,0.98,0.98,0.98,0.98,0.98,0.98,0.98,0.98,0.98,0.98,0.98,0.98,0.98,0.98,0.98,0.98,0.98,0.98,0.98,0.98,0.98,0.98,0.98,0.98,0.98,0.98,0.98,0.98,0.98,0.98,0.98,0.98,0.98,0.98,,,,,,,,,,,,,,,,,,,,,,,,,,,,,,,,,
MLB4-1:VRS,(                ),V,382.1,381.9,382.4,380.0,380.1,380.3,380.8,380.9,381.4,381.6,381.2,381.7,381.9,381.4,382.0,381.9,382.2,382.3,382.4,382.2,383.0,382.5,383.1,382.9,383.1,383.4,383.2,383.5,382.8,382.8,383.1,383.3,383.1,383.3,383.3,383.0,382.6,382.4,382.6,382.7,382.6,381.8,381.3,381.8,382.5,381.4,382.5,383.4,383.8,382.2,381.6,381.3,381.2,379.7,378.5,378.4,377.6,376.6,375.7,376.5,375.8,375.8,374.7,374.2,373.8,373.4,373.6,372.2,371.5,372.1,372.5,372.5,373.0,373.0,372.6,372.5,373.0,372.2,372.4,371.8,373.0,372.1,371.6,371.3,371.7,372.1,372.0,372.8,372.2,372.8,372.3,372.3,372.7,372.2,373.2,373.6,373.4,373.3,373.7,374.0,374.6,373.7,373.5,372.8,372.8,373.6,373.0,373.4,372.0,372.5,372.7,,,,,,,,,,,,,,,,,,,,,,,,,,,,,,,,,
MLB4-1:VST,(                ),V,382.2,381.9,382.6,380.2,380.0,380.2,380.7,380.6,381.1,381.4,381.0,381.5,381.6,381.2,381.8,381.7,381.9,382.1,382.3,382.0,382.7,382.3,382.8,382.6,382.9,383.1,382.9,383.0,382.5,382.5,382.9,382.9,382.7,383.0,383.0,382.5,382.2,382.1,382.2,382.1,382.6,381.7,381.4,381.4,382.3,380.9,382.3,383.1,384.0,382.2,381.6,381.5,381.6,379.9,378.5,379.0,378.2,377.2,376.3,376.6,376.3,375.9,375.8,374.9,374.7,374.3,374.3,373.1,372.4,372.7,373.1,373.3,373.8,373.7,373.5,373.0,374.1,372.8,372.7,372.2,373.8,372.9,372.2,372.0,372.4,372.6,372.9,373.3,372.7,373.3,372.9,372.8,373.6,372.7,374.4,374.4,374.1,374.0,374.4,374.5,375.3,374.4,374.3,373.5,373.8,374.0,373.7,374.0,372.9,373.2,373.5,,,,,,,,,,,,,,,,,,,,,,,,,,,,,,,,,
MLB4-1:VTR,(                ),V,381.9,381.8,382.4,380.0,379.9,380.2,380.6,380.6,381.1,381.6,381.1,381.5,381.7,381.2,382.0,381.9,382.1,382.4,382.4,382.2,383.0,382.4,383.1,382.9,383.2,383.5,383.3,383.4,382.9,382.9,383.2,383.3,383.2,383.1,383.4,382.9,382.6,382.4,382.5,382.4,382.9,381.9,381.4,381.5,382.5,380.8,382.5,383.2,384.0,382.3,381.7,381.3,381.3,380.0,378.6,378.9,378.2,377.0,376.1,376.7,376.1,375.9,375.5,374.4,374.0,373.9,373.9,372.5,372.0,372.5,372.7,372.9,373.5,373.2,373.0,372.6,373.8,372.4,372.3,372.1,373.7,372.6,371.9,371.8,372.1,372.3,372.7,372.9,372.6,372.9,372.7,372.7,373.1,372.6,374.1,373.9,373.8,373.7,373.8,373.9,374.7,373.8,374.0,373.5,374.0,373.8,373.5,373.8,372.8,373.3,373.5,,,,,,,,,,,,,,,,,,,,,,,,,,,,,,,,,
ACMP-1:HZ,(                ),Hz,60,59,59,60,59,60,60,60,59,60,59,60,59,59,59,59,59,59,59,59,60,60,60,60,59,60,60,60,59,59,60,60,59,59,59,60,60,59,60,60,60,59,59,60,60,60,60,60,59,59,60,60,60,59,59,59,59,59,59,60,59,59,59,59,59,59,60,60,59,60,59,60,60,60,60,59,60,59,60,59,59,59,60,60,60,60,60,59,60,60,60,59,60,59,60,60,60,60,60,60,60,59,59,59,59,59,59,59,60,60,60,,,,,,,,,,,,,,,,,,,,,,,,,,,,,,,,,
ACMP-1:IR,(                ),A,361.8,348.8,336.0,306.9,322.1,303.8,295.4,289.0,281.1,283.7,7.7,6.7,7.4,7.5,7.4,6.7,6.7,7.4,7.6,6.7,6.9,7.3,7.5,7.5,6.7,7.6,7.5,7.4,6.7,6.7,7.7,7.4,6.8,6.8,7.5,7.6,7.7,6.9,6.8,7.4,7.7,6.8,7.0,7.5,7.7,7.6,6.9,6.9,68.9,67.2,63.1,64.5,118.3,955.2,983.0,983.1,1029.0,1328.5,1545.6,1515.4,1538.4,1547.1,1548.9,1547.4,1547.2,1548.8,1542.3,1550.2,1550.7,1498.0,1549.8,1538.5,1541.8,1538.5,1536.3,1538.6,1535.6,1540.3,1544.6,1537.5,1551.2,1546.3,1551.0,1548.2,1545.8,1550.3,1525.5,1555.4,1543.3,1536.3,1552.3,1503.0,1546.2,1554.5,1548.8,1548.2,1500.0,1536.5,1546.6,1542.9,1537.3,1535.0,1544.9,1546.7,1556.2,1546.6,1549.0,1542.1,1553.5,1553.8,1554.4,,,,,,,,,,,,,,,,,,,,,,,,,,,,,,,,,
ACMP-1:IS,(                ),A,358,345,331,302,318,301,293,289,284,283,12,10,12,12,11,10,10,12,12,10,11,12,12,12,10,12,13,10,9,9,11,11,10,9,11,11,11,9,9,11,10,9,9,11,10,10,9,9,70,69,64,64,120,966,996,993,1036,1359,1576,1558,1570,1582,1574,1580,1579,1578,1582,1581,1582,1532,1587,1572,1575,1571,1567,1574,1561,1573,1584,1573,1581,1578,1583,1580,1576,1585,1556,1595,1575,1577,1581,1537,1577,1588,1576,1579,1531,1571,1581,1581,1571,1575,1577,1577,1577,1573,1576,1570,1572,1575,1574,,,,,,,,,,,,,,,,,,,,,,,,,,,,,,,,,
ACMP-1:IT,(                ),A,371,357,345,314,329,310,301,296,288,286,9,8,9,9,8,9,8,9,9,8,9,9,8,9,8,9,10,7,8,8,7,8,8,7,7,8,8,6,8,8,6,7,8,8,6,7,8,8,65,65,61,61,115,956,983,985,1030,1341,1561,1534,1551,1562,1562,1563,1567,1566,1563,1568,1567,1514,1568,1561,1561,1554,1558,1559,1552,1560,1567,1556,1565,1561,1566,1566,1563,1567,1540,1576,1562,1563,1570,1519,1565,1572,1568,1564,1515,1561,1570,1566,1557,1558,1562,1558,1559,1559,1560,1560,1561,1562,1562,,,,,,,,,,,,,,,,,,,,,,,,,,,,,,,,,
ACMP-1:KW,(                ),kW,222.1,213.1,204.9,183.3,193.9,182.0,176.3,172.7,168.6,168.7,4.7,3.3,4.7,4.7,4.0,4.0,3.4,4.6,4.7,3.3,4.0,4.7,4.0,4.7,3.3,4.7,4.8,3.8,3.7,3.7,3.7,4.4,3.8,3.1,3.7,4.4,4.4,3.1,3.8,4.4,3.7,3.1,3.8,4.4,3.7,3.7,3.7,3.8,30.6,30.5,28.4,28.3,56.4,589.0,602.7,603.7,629.6,830.0,966.8,955.1,960.9,966.4,966.8,962.7,963.0,962.8,960.8,962.0,959.6,929.7,961.6,956.7,961.2,955.4,954.5,957.2,953.9,958.9,957.5,955.4,963.7,958.0,958.4,956.3,959.3,961.1,944.6,967.2,958.0,957.2,962.2,932.6,961.2,964.9,962.2,963.0,932.6,958.5,964.2,962.9,960.7,956.2,959.6,957.8,960.3,960.8,960.2,959.7,958.0,959.4,958.6,,,,,,,,,,,,,,,,,,,,,,,,,,,,,,,,,
ACMP-1:KWH,(                ),,12449105,12449140,12449173,12449201,12449235,12449267,12449299,12449326,12449355,12449384,12449402,12449403,12449404,12449404,12449405,12449406,12449406,12449407,12449408,12449408,12449409,12449410,12449410,12449411,12449412,12449412,12449413,12449414,12449415,12449415,12449416,12449416,12449417,12449418,12449418,12449419,12449420,12449420,12449421,12449422,12449422,12449423,12449423,12449424,12449425,12449425,12449427,12449428,12449429,12449434,12449439,12449443,12449452,12449494,12449599,12449691,12449783,12449906,12450071,12450221,12450384,12450549,12450709,12450859,12451026,12451193,12451341,12451499,12451666,12451832,12451892,12452141,12452283,12452460,12452609,12452774,12452921,12453063,12453245,12453411,12453562,12453727,12453891,12454048,12454213,12454364,12454528,12454691,12454832,12455012,12455163,12455329,12455476,12455619,12455800,12455966,12456116,12456282,12456446,12456604,12456754,12456921,12457087,12457236,12457393,12457559,12457725,12457877,12458039,12458182,12458286,,,,,,,,,,,,,,,,,,,,,,,,,,,,,,,,,
ACMP-1:PF,(                ),,0.91,0.90,0.90,0.89,0.89,0.89,0.88,0.88,0.88,0.88,0.72,0.61,0.72,0.72,0.66,0.67,0.60,0.72,0.72,0.60,0.67,0.72,0.66,0.72,0.60,0.72,0.71,0.67,0.68,0.68,0.67,0.73,0.68,0.61,0.67,0.73,0.73,0.61,0.68,0.73,0.67,0.61,0.69,0.73,0.67,0.67,0.69,0.68,0.66,0.67,0.67,0.66,0.71,0.92,0.92,0.92,0.92,0.94,0.94,0.94,0.94,0.94,0.94,0.94,0.94,0.94,0.94,0.94,0.94,0.94,0.94,0.94,0.94,0.94,0.94,0.94,0.94,0.94,0.94,0.94,0.94,0.94,0.94,0.94,0.94,0.94,0.94,0.94,0.94,0.94,0.94,0.94,0.94,0.94,0.94,0.94,0.94,0.94,0.94,0.94,0.94,0.94,0.94,0.94,0.94,0.94,0.94,0.94,0.94,0.94,0.94,,,,,,,,,,,,,,,,,,,,,,,,,,,,,,,,,
ACMP-1:VRS,(                ),V,390.1,390.0,389.8,388.2,388.2,388.3,387.9,388.3,389.3,389.3,389.9,390.2,390.4,389.9,390.7,390.4,390.8,390.8,391.2,391.0,391.6,391.3,391.8,391.6,391.7,392.0,392.0,392.0,391.4,391.5,392.1,391.9,391.9,391.7,392.0,391.7,391.4,391.2,391.5,391.0,391.4,390.7,390.2,390.1,391.1,389.7,391.1,391.9,392.3,390.8,390.8,390.3,390.7,385.2,383.5,384.2,382.7,381.6,378.8,379.9,378.9,378.8,377.6,377.8,377.7,377.0,376.3,376.1,375.1,376.3,376.4,376.9,376.2,376.5,377.0,376.0,376.8,376.3,374.1,376.2,376.3,375.4,375.1,375.0,375.5,375.9,375.6,375.4,374.7,376.7,375.8,376.9,376.5,376.0,377.5,377.0,377.3,375.9,376.6,377.4,377.9,377.8,377.1,376.7,376.8,376.4,376.8,376.6,374.7,376.2,375.7,,,,,,,,,,,,,,,,,,,,,,,,,,,,,,,,,
ACMP-1:VST,(                ),V,389.5,390.5,391.6,387.7,387.8,388.8,388.8,388.8,388.7,390.1,390.2,390.6,390.8,389.6,390.7,390.2,390.7,390.8,390.8,391.3,391.4,391.5,391.8,391.8,391.6,391.8,392.2,392.4,391.3,391.7,391.8,391.7,391.8,391.6,391.5,392.1,391.6,391.1,391.3,391.2,391.4,390.6,389.7,390.2,390.9,389.9,390.9,392.3,392.9,390.9,389.7,390.3,390.3,385.9,384.3,384.6,383.6,381.4,379.6,382.0,379.4,379.4,381.0,376.5,377.4,377.5,378.1,377.2,375.0,375.4,375.9,377.1,379.4,376.6,376.8,377.5,378.5,376.5,376.4,376.8,378.0,376.6,374.9,374.5,377.6,376.3,375.2,377.3,378.1,375.9,377.4,375.9,377.4,377.4,376.5,378.0,376.3,379.5,378.2,378.7,379.2,377.4,376.1,376.0,375.5,379.2,377.6,379.3,377.8,375.7,377.5,,,,,,,,,,,,,,,,,,,,,,,,,,,,,,,,,
ACMP-1:VTR,(                ),V,388.2,389.0,390.8,386.3,387.9,387.2,389.1,387.9,388.0,388.6,389.9,390.2,390.4,390.0,390.6,390.3,390.7,390.6,391.1,391.0,391.5,391.3,391.7,391.4,391.5,391.9,391.6,391.7,391.1,391.2,391.9,391.6,391.6,391.5,391.7,391.7,391.2,390.9,391.2,390.8,391.4,390.5,390.2,390.1,391.0,389.8,391.1,391.9,392.6,390.7,390.3,390.4,391.0,384.5,382.3,383.6,381.7,380.1,378.2,379.8,377.5,376.3,378.6,376.9,375.8,376.3,375.3,374.7,375.2,375.3,374.5,374.7,376.9,376.7,374.5,376.2,375.9,374.7,373.0,374.5,377.0,375.0,374.3,373.8,374.6,374.2,375.7,375.5,375.8,375.2,374.8,373.9,376.3,374.4,375.5,376.3,376.5,376.5,376.8,375.8,378.1,373.9,376.2,375.0,375.9,375.7,375.2,375.8,374.2,376.3,372.8,,,,,,,,,,,,,,,,,,,,,,,,,,,,,,,,,
ACMP-2:HZ,(                ),Hz,60,59,59,60,59,60,60,60,60,60,59,60,59,59,59,59,59,59,59,59,60,60,60,60,59,60,60,60,59,59,60,60,59,59,59,60,59,59,60,60,60,59,59,59,60,60,60,60,59,59,60,60,60,59,59,59,59,59,59,60,59,59,59,59,59,60,59,60,60,60,59,60,60,60,60,59,60,59,60,59,60,59,60,60,59,60,60,59,60,60,60,59,60,59,60,60,60,59,60,60,60,59,59,59,59,59,59,59,60,60,60,,,,,,,,,,,,,,,,,,,,,,,,,,,,,,,,,
ACMP-2:IR,(                ),A,322,322,321,323,323,322,322,322,320,321,80,79,79,109,109,80,79,79,79,157,157,157,156,157,120,120,120,119,119,120,79,52,52,52,53,52,53,52,52,52,53,52,53,53,53,52,52,52,174,174,813,900,912,919,904,913,1040,1038,1038,1043,1050,1047,1047,1037,1047,1047,1039,1048,1047,1045,1046,1047,1045,1050,1045,1046,1048,1048,1046,1045,1048,1048,1050,1051,1047,1047,1048,1040,1046,1038,1049,1048,1044,1047,1048,1044,1050,1041,1041,1040,1040,1042,1045,1047,1054,1049,1048,1042,1052,1055,1052,,,,,,,,,,,,,,,,,,,,,,,,,,,,,,,,,
ACMP-2:IS,(                ),A,327,328,327,329,328,329,329,329,327,329,75,75,75,106,106,75,75,75,75,157,157,156,157,157,116,117,117,117,117,116,75,47,47,47,47,47,47,47,47,47,47,47,47,47,47,47,47,47,174,174,867,956,971,982,970,975,1111,1112,1110,1122,1125,1125,1118,1110,1119,1118,1117,1118,1118,1118,1122,1118,1119,1123,1113,1119,1115,1120,1120,1119,1117,1119,1122,1121,1118,1120,1119,1117,1119,1115,1117,1123,1114,1120,1116,1113,1120,1114,1114,1116,1112,1118,1114,1119,1115,1116,1114,1111,1114,1117,1115,,,,,,,,,,,,,,,,,,,,,,,,,,,,,,,,,
ACMP-2:IT,(                ),A,322,323,322,323,323,325,323,324,323,323,76,76,76,107,106,77,77,76,76,157,157,157,157,157,117,117,117,118,117,117,76,48,48,48,48,48,48,48,48,48,48,48,48,49,48,48,48,48,171,171,858,943,957,964,951,958,1084,1086,1084,1091,1094,1093,1092,1083,1093,1092,1088,1095,1093,1087,1095,1095,1093,1097,1090,1094,1091,1094,1094,1089,1090,1090,1094,1094,1093,1093,1091,1090,1093,1089,1095,1094,1090,1093,1093,1089,1093,1092,1093,1090,1088,1090,1086,1088,1085,1090,1087,1087,1089,1093,1088,,,,,,,,,,,,,,,,,,,,,,,,,,,,,,,,,
ACMP-2:KW,(                ),kW,184.4,184.6,184.6,184.6,184.2,185.0,184.7,184.7,184.3,184.8,44.5,44.6,44.5,59.7,59.7,44.6,44.7,44.5,44.5,86.0,86.0,85.8,86.1,86.1,66.1,66.2,66.1,66.1,65.9,66.1,44.4,28.2,28.3,28.2,28.4,28.3,28.3,28.2,28.2,28.2,28.3,28.1,28.1,28.3,28.4,27.8,27.9,27.9,92.8,93.1,523.9,574.9,584.3,586.3,576.2,582.1,654.6,655.2,653.4,657.5,658.8,658.7,656.4,649.3,654.7,653.5,651.8,653.6,652.7,651.3,654.3,654.7,654.0,656.3,652.3,654.3,653.6,654.4,653.5,651.9,654.6,652.2,654.2,653.7,652.6,654.3,653.2,650.3,652.9,650.8,653.1,653.2,651.3,653.4,654.4,651.9,655.4,651.4,653.3,653.1,652.3,653.5,651.5,652.6,653.3,654.6,653.3,651.4,652.4,655.1,652.9,,,,,,,,,,,,,,,,,,,,,,,,,,,,,,,,,
ACMP-2:KWH,(                ),,19864090,19864120,19864148,19864174,19864210,19864242,19864274,19864302,19864334,19864362,19864390,19864398,19864404,19864414,19864422,19864432,19864440,19864448,19864454,19864466,19864482,19864494,19864510,19864524,19864532,19864548,19864558,19864570,19864580,19864590,19864600,19864606,19864610,19864614,19864618,19864624,19864628,19864634,19864638,19864644,19864646,19864652,19864658,19864662,19864666,19864672,19864676,19864680,19864690,19864704,19864776,19864852,19864952,19865056,19865156,19865246,19865340,19865464,19865576,19865680,19865794,19865906,19866014,19866116,19866230,19866344,19866444,19866550,19866664,19866778,19866820,19866990,19867088,19867212,19867314,19867428,19867528,19867624,19867748,19867860,19867964,19868078,19868188,19868296,19868408,19868510,19868624,19868736,19868832,19868954,19869056,19869170,19869272,19869368,19869492,19869606,19869708,19869822,19869932,19870040,19870142,19870252,19870368,19870468,19870576,19870688,19870802,19870904,19871016,19871112,19871184,,,,,,,,,,,,,,,,,,,,,,,,,,,,,,,,,
ACMP-2:PF,(                ),,0.84,0.84,0.84,0.85,0.84,0.85,0.85,0.85,0.85,0.85,0.86,0.86,0.86,0.83,0.82,0.85,0.86,0.86,0.85,0.81,0.81,0.81,0.81,0.81,0.83,0.83,0.83,0.82,0.82,0.83,0.85,0.84,0.84,0.84,0.84,0.85,0.85,0.85,0.85,0.85,0.84,0.84,0.85,0.85,0.85,0.85,0.84,0.84,0.79,0.79,0.92,0.92,0.92,0.92,0.92,0.92,0.91,0.91,0.92,0.92,0.92,0.92,0.92,0.91,0.92,0.92,0.92,0.92,0.92,0.92,0.92,0.92,0.92,0.92,0.92,0.92,0.92,0.92,0.92,0.92,0.92,0.92,0.92,0.92,0.92,0.92,0.92,0.92,0.92,0.92,0.92,0.92,0.92,0.92,0.92,0.92,0.92,0.92,0.92,0.92,0.92,0.92,0.92,0.92,0.92,0.92,0.92,0.92,0.92,0.92,0.92,,,,,,,,,,,,,,,,,,,,,,,,,,,,,,,,,
ACMP-2:VRS,(                ),V,389.2,389.2,390.2,387.1,387.3,387.5,387.9,388.0,388.4,388.5,389.9,390.1,390.2,390.0,390.7,390.6,391.0,391.0,391.2,390.7,391.0,391.1,391.4,391.3,391.4,391.8,391.8,391.9,391.9,391.4,391.8,391.9,392.1,391.6,392.1,391.8,391.5,391.2,391.1,391.1,391.6,390.6,390.2,390.1,391.0,389.6,391.4,392.0,392.6,391.4,387.7,386.2,386.6,385.3,383.4,385.3,383.6,382.5,381.0,381.5,380.2,381.1,381.3,380.0,379.3,379.7,379.5,379.0,378.1,378.4,378.9,378.6,379.5,380.4,379.4,378.6,379.3,378.4,378.7,377.6,379.3,378.2,378.0,377.6,379.0,378.5,378.2,378.1,378.1,379.0,378.5,380.1,380.0,378.4,380.0,380.5,379.9,378.5,379.2,379.8,380.5,379.5,379.4,379.1,378.6,379.3,378.9,379.2,378.6,379.4,379.1,,,,,,,,,,,,,,,,,,,,,,,,,,,,,,,,,
ACMP-2:VST,(                ),V,390.5,390.5,391.1,388.6,388.1,389.0,389.0,389.0,389.4,389.9,390.8,390.9,391.5,390.3,391.7,391.1,391.8,392.2,391.7,391.0,391.6,391.9,392.1,392.1,392.1,392.9,392.3,393.0,392.4,392.0,392.7,393.1,392.6,392.8,392.9,392.6,392.0,391.9,392.0,392.0,391.4,391.0,390.8,391.2,391.6,390.8,391.8,392.3,392.5,391.3,388.1,387.1,388.0,387.4,385.4,385.8,383.9,384.0,383.4,382.6,382.2,382.5,381.1,380.9,380.7,380.3,381.0,379.0,379.1,379.7,379.1,380.1,380.0,379.4,380.0,380.0,380.4,379.8,379.5,379.6,380.8,378.2,378.7,378.7,378.2,379.4,379.4,378.9,379.2,380.0,378.9,378.7,378.7,379.0,379.9,379.7,380.2,380.4,380.9,381.5,381.5,380.9,379.7,379.8,380.5,381.3,380.9,381.1,379.0,379.7,379.0,,,,,,,,,,,,,,,,,,,,,,,,,,,,,,,,,
ACMP-2:VTR,(                ),V,389.8,389.7,390.6,387.4,387.5,387.9,388.1,387.7,388.6,388.5,389.8,390.3,390.3,389.9,390.6,390.6,391.0,391.1,391.2,390.3,391.0,390.7,391.1,391.0,391.2,391.7,391.8,391.8,391.6,391.1,391.4,391.8,391.8,391.6,392.0,391.6,391.2,391.0,390.9,391.1,391.5,390.5,390.1,390.3,391.0,389.7,391.4,391.8,392.3,391.1,386.8,385.9,386.9,385.0,382.7,384.4,381.7,383.0,381.5,381.4,379.8,381.0,380.1,380.1,379.6,379.2,379.7,377.4,378.0,378.4,378.0,379.2,378.1,377.1,379.5,378.7,378.9,379.3,378.8,378.3,380.0,377.5,378.3,377.8,376.8,379.0,378.0,377.5,378.0,378.7,377.2,375.0,377.1,377.6,378.3,377.9,378.7,378.2,379.9,379.7,379.8,380.4,379.1,378.2,378.8,380.3,379.9,380.0,377.8,378.2,378.3,,,,,,,,,,,,,,,,,,,,,,,,,,,,,,,,,
GCB1:HZ,(                ),Hz,60,60,59,60,59,60,60,60,60,60,59,59,60,59,59,60,60,59,59,59,60,60,60,60,59,60,60,60,59,60,59,59,59,60,60,60,60,59,60,60,60,59,60,60,60,60,60,59,59,59,60,60,60,59,59,59,59,59,59,60,59,59,59,59,59,60,60,60,59,60,59,60,60,60,59,59,60,60,60,59,60,59,59,60,60,60,60,59,60,60,60,59,60,59,60,60,60,60,59,60,60,59,60,59,59,59,59,59,60,60,60,,,,,,,,,,,,,,,,,,,,,,,,,,,,,,,,,
GCB1:IR,(                ),A,3,3,3,3,2,2,2,2,2,2,2,2,2,2,3,3,2,2,2,2,3,2,2,2,2,3,3,2,2,2,2,2,2,3,3,3,3,3,3,3,3,3,3,3,3,3,3,4,3,3,4,3,3,4,5,6,6,6,7,9,9,9,11,12,12,13,12,13,14,13,15,13,13,13,13,13,14,15,14,14,14,13,14,14,13,14,14,14,14,14,14,14,13,13,14,13,13,13,13,13,13,13,14,14,14,14,14,14,14,14,14,,,,,,,,,,,,,,,,,,,,,,,,,,,,,,,,,
GCB1:IS,(                ),A,3,3,3,3,2,2,2,2,3,2,2,2,2,2,2,2,2,2,2,2,2,3,2,2,2,3,2,2,2,2,2,3,2,2,3,3,3,3,3,3,3,3,3,3,3,3,3,4,3,3,4,4,4,4,5,6,6,6,7,8,9,9,11,12,12,12,12,13,13,12,13,13,12,12,12,12,13,13,13,13,13,13,13,14,13,13,14,13,13,14,13,13,12,13,14,12,12,12,12,13,13,13,13,13,13,13,13,13,14,12,13,,,,,,,,,,,,,,,,,,,,,,,,,,,,,,,,,
GCB1:IT,(                ),A,3,3,3,3,3,2,2,2,2,2,2,2,2,2,2,2,3,2,2,2,2,3,2,3,2,3,3,3,2,2,3,3,3,3,3,3,3,3,3,3,3,3,3,3,3,3,3,4,3,3,4,4,4,4,5,6,6,6,7,8,9,9,11,11,11,12,12,13,13,12,13,13,12,12,13,12,13,14,14,13,13,13,13,14,13,13,14,13,14,14,14,14,13,13,14,13,12,13,12,13,12,13,13,13,13,14,14,14,14,14,13,,,,,,,,,,,,,,,,,,,,,,,,,,,,,,,,,
GCB1:KW,(                ),kW,82.8,87.4,86.1,81.2,75.6,75.0,73.3,70.9,78.5,70.2,68.7,72.3,73.7,70.4,74.8,75.2,77.1,76.1,70.3,71.8,77.0,82.0,70.5,74.7,76.7,82.1,78.8,77.2,73.3,73.6,76.8,77.6,75.5,79.2,85.3,89.9,81.8,86.3,87.5,77.8,79.2,81.0,84.2,77.5,82.0,85.7,85.1,107.9,89.0,87.3,99.7,99.3,97.1,107.8,135.5,151.5,146.8,150.8,165.3,196.2,204.6,205.5,241.2,250.3,248.7,267.5,263.8,278.7,291.3,274.2,289.8,274.0,269.0,272.4,277.5,273.1,287.8,302.8,296.0,295.5,298.0,278.3,300.5,301.7,288.0,280.3,300.3,286.3,292.3,299.7,296.7,302.0,280.0,285.6,314.2,285.4,277.2,276.9,278.4,284.3,281.3,280.9,292.1,296.4,289.2,300.8,298.8,296.5,301.1,291.2,294.7,,,,,,,,,,,,,,,,,,,,,,,,,,,,,,,,,
GCB1:KWH,(                ),,8881399,8881415,8881428,8881440,8881455,8881469,8881480,8881493,8881506,8881517,8881530,8881543,8881557,8881568,8881579,8881593,8881606,8881618,8881630,8881640,8881656,8881668,8881681,8881693,8881705,8881719,8881733,8881745,8881758,8881770,8881783,8881797,8881809,8881823,8881836,8881849,8881866,8881879,8881894,8881906,8881918,8881934,8881947,8881961,8881976,8881991,8882004,8882018,8882034,8882048,8882064,8882079,8882097,8882113,8882134,8882157,8882180,8882208,8882233,8882264,8882299,8882325,8882367,8882410,8882454,8882495,8882540,8882581,8882636,8882679,8882697,8882769,8882814,8882863,8882911,8882959,8883003,8883046,8883101,8883152,8883199,8883250,8883299,8883342,8883392,8883443,8883488,8883536,8883585,8883636,8883686,8883733,8883784,8883829,8883885,8883931,8883981,8884029,8884065,8884117,8884167,8884216,8884260,8884310,8884352,8884407,8884453,8884502,8884554,8884598,8884626,,,,,,,,,,,,,,,,,,,,,,,,,,,,,,,,,
GCB1:PF,(                ),, -0.82, -0.80, -0.79, -0.86, -0.86, -0.88, -0.86, -0.87, -0.87, -0.85, -0.86, -0.86, -0.87, -0.85, -0.84, -0.86, -0.87, -0.87, -0.86, -0.85, -0.86, -0.87, -0.87, -0.86, -0.87, -0.87, -0.85, -0.85, -0.87, -0.87, -0.84, -0.83, -0.83, -0.83, -0.80, -0.81, -0.79, -0.80, -0.78, -0.82, -0.82, -0.81, -0.80, -0.80, -0.80, -0.77, -0.81, -0.83, -0.81, -0.79, -0.76, -0.77, -0.77, -0.75, -0.72, -0.70, -0.69, -0.68, -0.67, -0.65, -0.64, -0.62, -0.60, -0.59, -0.60, -0.61, -0.60, -0.61, -0.60, -0.61, -0.59, -0.60, -0.60, -0.60, -0.61, -0.61, -0.61, -0.61, -0.61, -0.63, -0.61, -0.61, -0.63, -0.61, -0.61, -0.61, -0.61, -0.60, -0.60, -0.61, -0.61, -0.61, -0.61, -0.61, -0.63, -0.61, -0.61, -0.61, -0.62, -0.61, -0.62, -0.61, -0.61, -0.63, -0.61, -0.62, -0.61, -0.61, -0.61, -0.62, -0.62,,,,,,,,,,,,,,,,,,,,,,,,,,,,,,,,,
GCB1:VRS,(                ),V,21.0,21.0,21.0,20.9,20.9,20.9,20.9,21.0,21.0,21.0,20.9,21.0,21.0,21.0,21.0,21.0,21.1,21.0,21.0,21.0,21.1,21.0,21.1,21.1,21.1,21.1,21.1,21.1,21.0,21.1,21.1,21.0,21.1,21.1,21.0,21.1,21.1,21.0,21.0,21.0,21.1,21.0,21.0,21.0,21.0,21.0,21.0,21.1,21.0,21.1,21.0,21.0,21.0,20.9,20.9,20.9,20.9,20.8,20.8,20.8,20.8,20.7,20.7,20.7,20.7,20.7,20.7,20.6,20.6,20.6,20.6,20.6,20.6,20.7,20.6,20.6,20.6,20.6,20.6,20.6,20.6,20.5,20.6,20.6,20.6,20.6,20.5,20.6,20.6,20.6,20.6,20.6,20.6,20.6,20.6,20.7,20.7,20.7,20.6,20.7,20.7,20.6,20.7,20.6,20.7,20.6,20.6,20.6,20.6,20.6,20.6,,,,,,,,,,,,,,,,,,,,,,,,,,,,,,,,,
GCB1:VST,(                ),V,21.0,20.9,21.0,20.9,20.8,20.9,20.9,20.9,20.9,20.9,20.9,20.9,20.9,20.9,21.0,20.9,21.0,21.0,21.0,20.9,21.0,20.9,21.0,21.0,21.0,21.0,21.0,21.1,21.0,21.0,21.0,20.9,21.1,21.0,21.0,21.0,21.0,21.0,20.9,21.0,21.0,21.0,20.9,20.9,21.0,20.9,21.0,21.0,21.0,21.0,20.9,20.8,21.0,20.9,20.8,20.8,20.8,20.8,20.7,20.8,20.7,20.7,20.7,20.7,20.7,20.6,20.6,20.6,20.5,20.5,20.5,20.5,20.5,20.6,20.5,20.6,20.6,20.6,20.5,20.5,20.6,20.5,20.5,20.5,20.5,20.5,20.4,20.6,20.5,20.6,20.5,20.6,20.6,20.5,20.6,20.6,20.6,20.7,20.6,20.6,20.6,20.6,20.6,20.5,20.6,20.6,20.6,20.6,20.5,20.5,20.5,,,,,,,,,,,,,,,,,,,,,,,,,,,,,,,,,
GCB1:VTR,(                ),V,21.0,21.0,21.0,20.9,20.9,20.9,20.9,20.9,20.9,20.9,20.9,21.0,21.0,21.0,21.0,21.0,21.0,21.0,21.0,21.0,21.0,21.0,21.0,21.0,21.0,21.0,21.0,21.0,21.0,21.0,21.0,21.0,21.1,21.1,21.0,21.0,21.0,21.0,21.0,21.0,21.0,21.0,20.9,20.9,21.0,20.9,21.0,21.0,21.1,21.0,21.0,21.0,21.0,20.9,20.8,20.9,20.9,20.8,20.7,20.8,20.7,20.7,20.7,20.7,20.7,20.7,20.6,20.6,20.6,20.6,20.6,20.6,20.6,20.6,20.6,20.6,20.6,20.6,20.6,20.6,20.6,20.6,20.6,20.6,20.6,20.6,20.6,20.6,20.6,20.6,20.6,20.6,20.6,20.6,20.7,20.7,20.7,20.7,20.7,20.7,20.7,20.6,20.7,20.6,20.7,20.6,20.7,20.6,20.6,20.6,20.6,,,,,,,,,,,,,,,,,,,,,,,,,,,,,,,,,
GCB2:HZ,(                ),Hz,60,60,59,60,59,60,60,60,60,60,59,59,60,59,59,60,60,59,59,59,60,60,60,60,59,60,60,60,59,60,60,60,59,60,59,60,60,59,60,60,60,59,60,60,60,60,60,59,59,59,60,60,60,59,59,59,59,59,59,60,59,59,59,59,59,60,60,60,59,60,59,60,60,60,59,59,60,59,60,59,60,59,60,59,60,60,60,59,60,60,60,59,60,59,60,60,60,59,59,59,60,59,60,59,59,59,59,59,59,60,60,,,,,,,,,,,,,,,,,,,,,,,,,,,,,,,,,
GCB2:IR,(                ),A,0,0,0,0,0,0,0,0,0,0,0,0,0,0,0,0,0,0,0,0,0,0,0,0,0,0,0,0,0,0,0,0,0,0,0,0,0,0,0,0,0,0,0,0,0,5,11,10,11,11,12,11,11,12,13,13,12,15,15,15,15,16,16,16,16,17,17,16,16,17,17,17,17,17,17,17,17,17,17,17,18,25,26,26,18,20,25,18,24,17,21,25,18,24,18,20,25,18,23,23,18,26,17,23,25,17,25,18,24,17,17,,,,,,,,,,,,,,,,,,,,,,,,,,,,,,,,,
GCB2:IS,(                ),A,0,0,0,0,0,0,0,0,0,0,0,0,0,0,0,0,0,0,0,0,0,0,0,0,0,0,0,0,0,0,0,0,0,0,0,0,0,0,0,0,0,0,0,0,0,5,10,10,10,11,12,11,11,12,12,12,12,14,15,15,15,16,16,16,16,17,17,16,17,17,17,17,17,17,17,17,17,17,17,17,18,25,26,26,18,20,26,17,24,17,21,25,18,24,18,19,25,18,23,22,18,25,17,23,25,18,25,18,24,17,17,,,,,,,,,,,,,,,,,,,,,,,,,,,,,,,,,
GCB2:IT,(                ),A,0,0,0,0,0,0,0,0,0,0,0,0,0,0,0,0,0,0,0,0,0,0,0,0,0,0,0,0,0,0,0,0,0,0,0,0,0,0,0,0,0,0,0,0,0,5,10,10,10,11,11,11,11,12,12,12,12,14,15,15,15,16,15,16,16,16,16,16,16,16,16,17,17,16,16,17,17,17,17,17,17,25,25,25,17,19,25,17,23,17,20,24,17,23,17,19,25,17,22,22,17,25,17,22,24,17,24,17,23,17,17,,,,,,,,,,,,,,,,,,,,,,,,,,,,,,,,,
GCB2:KW,(                ),kW,5.2,5.2,5.2,5.1,5.1,5.1,5.2,5.1,5.2,5.1,5.2,5.3,5.1,5.1,5.2,5.2,5.2,5.2,5.2,5.1,5.2,5.2,5.2,5.2,5.2,5.2,5.2,5.2,5.2,5.2,5.2,5.2,5.2,5.2,5.2,5.2,5.1,5.2,5.2,5.2,5.3,4.6,5.2,5.2,5.2,166.2,356.3,348.8,364.0,390.5,396.1,382.2,371.8,416.9,424.1,424.1,420.0,486.8,501.4,512.1,508.0,538.1,532.6,545.4,553.7,559.7,562.0,545.6,552.3,560.2,557.3,569.3,574.9,570.5,561.1,561.8,560.7,558.3,568.6,556.6,582.1,844.9,859.8,867.7,586.9,643.6,846.2,584.0,806.5,580.3,681.8,841.6,593.2,796.1,600.7,662.9,842.3,604.9,773.8,748.3,594.6,849.1,579.4,769.4,842.2,583.7,842.0,590.8,799.8,576.5,568.6,,,,,,,,,,,,,,,,,,,,,,,,,,,,,,,,,
GCB2:KWH,(                ),,16032790,16032790,16032790,16032790,16032790,16032790,16032790,16032790,16032790,16032790,16032790,16032790,16032800,16032800,16032800,16032800,16032800,16032800,16032800,16032800,16032800,16032800,16032800,16032810,16032810,16032810,16032810,16032810,16032810,16032810,16032810,16032810,16032810,16032810,16032810,16032820,16032820,16032820,16032820,16032820,16032820,16032820,16032820,16032820,16032820,16032831,16032880,16032940,16033001,16033060,16033131,16033180,16033260,16033330,16033400,16033471,16033530,16033620,16033690,16033780,16033870,16033941,16034040,16034140,16034231,16034321,16034411,16034500,16034600,16034690,16034720,16034871,16034961,16035060,16035160,16035250,16035341,16035420,16035530,16035630,16035720,16035830,16035981,16036111,16036250,16036350,16036480,16036590,16036700,16036841,16036940,16037070,16037181,16037280,16037431,16037521,16037660,16037771,16037861,16038020,16038121,16038251,16038360,16038470,16038591,16038711,16038830,16038940,16039061,16039160,16039220,,,,,,,,,,,,,,,,,,,,,,,,,,,,,,,,,
GCB2:PF,(                ),,0.75,0.75,0.75,0.76,0.76,0.76,0.76,0.76,0.76,0.75,0.81,0.80,0.75,0.75,0.75,0.76,0.75,0.75,0.75,0.75,0.75,0.75,0.75,0.75,0.75,0.75,0.75,0.75,0.75,0.75,0.75,0.75,0.75,0.75,0.75,0.75,0.75,0.75,0.75,0.75,0.81,0.76,0.81,0.76,0.75,0.96,0.93,0.93,0.95,0.94,0.95,0.95,0.95,0.95,0.94,0.94,0.94,0.93,0.93,0.93,0.93,0.95,0.95,0.95,0.95,0.95,0.95,0.95,0.95,0.95,0.95,0.95,0.95,0.95,0.95,0.93,0.93,0.93,0.93,0.93,0.93,0.94,0.94,0.94,0.94,0.93,0.94,0.94,0.94,0.94,0.93,0.94,0.94,0.94,0.94,0.95,0.94,0.95,0.94,0.94,0.94,0.94,0.94,0.94,0.94,0.94,0.94,0.94,0.94,0.94,0.94,,,,,,,,,,,,,,,,,,,,,,,,,,,,,,,,,
GCB2:VRS,(                ),V,21.0,21.0,21.0,20.9,20.8,20.9,20.9,20.9,21.0,20.9,20.9,21.0,21.0,20.9,21.0,21.0,21.0,21.0,21.1,21.0,21.0,21.0,21.0,21.0,21.1,21.0,21.0,21.0,21.0,21.1,21.1,21.0,21.0,21.0,21.0,21.1,21.0,21.0,21.0,21.0,21.0,20.9,20.9,21.0,21.0,20.9,21.0,21.0,21.0,21.0,21.0,21.0,21.0,21.0,20.8,20.9,20.9,20.8,20.7,20.8,20.7,20.7,20.7,20.7,20.7,20.6,20.7,20.6,20.6,20.6,20.6,20.6,20.6,20.7,20.6,20.6,20.5,20.5,20.6,20.5,20.6,20.6,20.5,20.5,20.6,20.5,20.5,20.6,20.6,20.6,20.5,20.6,20.6,20.6,20.6,20.7,20.6,20.7,20.7,20.7,20.7,20.6,20.6,20.6,20.6,20.6,20.6,20.6,20.5,20.6,20.6,,,,,,,,,,,,,,,,,,,,,,,,,,,,,,,,,
GCB2:VST,(                ),V,21.0,21.0,21.0,20.9,20.9,20.9,20.9,20.9,20.9,20.9,20.9,21.0,20.9,20.9,21.0,20.9,21.0,21.0,21.0,21.0,21.0,21.0,21.0,21.0,21.0,21.0,21.0,21.0,21.0,21.0,21.0,21.0,21.0,21.0,21.0,21.0,21.0,21.0,21.0,21.0,21.0,20.9,20.9,20.9,21.0,20.9,21.0,21.0,21.0,21.0,20.9,20.9,21.0,20.9,20.8,20.8,20.8,20.8,20.7,20.8,20.8,20.7,20.7,20.7,20.7,20.6,20.6,20.6,20.6,20.6,20.6,20.6,20.6,20.6,20.6,20.6,20.6,20.6,20.6,20.5,20.6,20.5,20.5,20.5,20.6,20.5,20.6,20.6,20.6,20.6,20.6,20.6,20.6,20.5,20.6,20.7,20.6,20.6,20.6,20.7,20.7,20.6,20.7,20.6,20.6,20.6,20.6,20.6,20.6,20.6,20.6,,,,,,,,,,,,,,,,,,,,,,,,,,,,,,,,,
GCB2:VTR,(                ),V,21.1,21.1,21.0,20.9,20.9,20.9,20.9,20.9,21.0,21.0,20.9,21.0,21.0,20.9,21.0,21.0,21.0,21.0,21.1,21.0,21.1,21.0,21.1,21.1,21.1,21.0,21.0,21.1,21.1,21.1,21.1,21.1,21.1,21.1,21.0,21.1,21.1,21.1,21.0,21.1,21.0,21.0,20.9,21.0,21.0,20.9,21.0,21.0,21.0,21.0,21.0,20.9,21.0,20.9,20.8,20.9,20.9,20.9,20.8,20.9,20.7,20.7,20.7,20.7,20.7,20.7,20.7,20.6,20.6,20.6,20.6,20.6,20.6,20.7,20.7,20.7,20.6,20.6,20.6,20.5,20.6,20.6,20.5,20.5,20.6,20.6,20.6,20.6,20.6,20.6,20.5,20.6,20.6,20.6,20.6,20.7,20.6,20.7,20.6,20.7,20.7,20.7,20.7,20.7,20.6,20.6,20.7,20.6,20.6,20.6,20.7,,,,,,,,,,,,,,,,,,,,,,,,,,,,,,,,,
PM:HZ,(                ),Hz,60,60,59,60,59,60,60,60,60,60,59,59,60,59,59,60,60,59,59,59,60,60,60,60,59,60,60,60,60,60,59,59,59,60,59,60,60,59,60,60,60,59,60,60,60,60,60,59,59,59,60,60,60,59,59,59,59,59,59,59,59,59,59,59,59,60,60,60,59,60,59,60,60,60,59,59,60,60,60,59,60,59,60,60,60,60,60,59,60,60,60,59,60,59,60,60,60,59,59,60,60,59,60,59,59,59,59,59,59,60,60,,,,,,,,,,,,,,,,,,,,,,,,,,,,,,,,,
PM:IR,(                ),A,190,184,185,163,153,152,157,147,158,152,154,161,150,155,172,164,161,154,152,155,170,163,155,168,151,158,168,161,151,164,172,164,177,179,208,194,186,182,196,169,166,160,188,170,180,183,169,219,196,181,207,204,205,249,305,337,346,370,434,523,517,559,704,727,720,760,761,801,863,808,913,812,811,802,837,786,859,948,880,856,904,814,845,894,846,850,890,848,895,866,890,896,848,840,855,868,806,842,817,800,784,817,868,856,860,878,881,877,872,919,883,,,,,,,,,,,,,,,,,,,,,,,,,,,,,,,,,
PM:IS,(                ),A,157,184,160,147,124,134,118,101,135,117,119,123,111,113,137,141,113,129,107,122,135,129,113,112,134,140,134,126,116,115,123,129,119,135,166,166,153,166,187,149,149,158,170,161,159,178,170,197,172,187,215,199,188,228,307,366,371,376,425,537,577,585,699,758,738,782,784,815,844,794,858,803,787,802,783,798,822,859,835,839,861,794,835,813,803,813,867,832,831,851,818,833,780,795,845,771,771,784,770,760,766,770,833,808,828,815,809,832,827,777,817,,,,,,,,,,,,,,,,,,,,,,,,,,,,,,,,,
PM:IT,(                ),A,146,163,182,149,152,133,131,145,148,133,116,125,152,132,122,121,156,137,134,130,125,164,123,139,140,155,144,152,141,129,150,159,148,149,144,178,163,173,168,143,159,169,159,139,141,181,173,212,168,170,221,230,219,226,308,360,337,355,377,446,498,519,625,662,654,706,705,735,726,701,730,708,711,704,698,699,733,752,782,733,736,739,748,824,759,729,775,725,755,802,781,779,755,764,801,719,715,694,704,731,739,732,773,732,737,792,775,781,802,733,741,,,,,,,,,,,,,,,,,,,,,,,,,,,,,,,,,
PM:KW,(                ),kW,99.1,108.0,107.7,88.5,82.4,79.4,78.1,74.7,84.6,78.4,75.5,79.3,79.5,78.2,85.4,82.6,82.5,80.6,76.1,79.3,83.2,87.3,75.1,81.6,81.4,86.7,87.5,85.7,78.9,78.6,87.9,90.1,88.4,92.9,105.7,109.6,102.8,106.2,114.0,91.7,94.9,97.8,104.7,95.1,96.6,112.0,103.3,124.8,108.2,110.6,133.8,131.0,126.4,146.7,193.8,225.8,224.5,234.2,263.8,323.8,340.2,356.1,428.4,451.4,444.6,467.6,467.0,489.7,506.9,479.1,523.8,484.2,481.3,481.2,483.1,475.2,504.4,535.5,522.1,503.5,522.3,487.5,502.8,527.8,501.1,497.5,528.8,501.8,517.7,527.0,519.3,523.2,496.3,498.7,521.7,491.4,476.5,483.8,476.1,478.0,477.4,483.4,518.9,497.6,506.8,518.9,515.3,520.7,521.2,505.8,508.8,,,,,,,,,,,,,,,,,,,,,,,,,,,,,,,,,
PM:KWH,(                ),,14257902,14257921,14257938,14257952,14257968,14257984,14257996,14258009,14258025,14258036,14258050,14258065,14258078,14258091,14258103,14258119,14258133,14258145,14258159,14258169,14258187,14258200,14258214,14258226,14258240,14258254,14258269,14258283,14258297,14258311,14258324,14258340,14258355,14258370,14258386,14258402,14258424,14258440,14258458,14258473,14258488,14258507,14258524,14258540,14258559,14258579,14258594,14258612,14258630,14258648,14258669,14258688,14258712,14258736,14258763,14258799,14258833,14258875,14258913,14258964,14259021,14259066,14259139,14259217,14259295,14259366,14259446,14259519,14259612,14259690,14259721,14259848,14259928,14260014,14260099,14260183,14260259,14260334,14260430,14260519,14260601,14260690,14260775,14260851,14260938,14261025,14261105,14261189,14261274,14261365,14261453,14261534,14261623,14261700,14261798,14261876,14261964,14262047,14262109,14262200,14262284,14262369,14262446,14262532,14262606,14262701,14262781,14262870,14262949,14263035,14263082,,,,,,,,,,,,,,,,,,,,,,,,,,,,,,,,,
PM:PF,(                ),,0.91,0.92,0.93,0.87,0.87,0.86,0.87,0.86,0.87,0.88,0.88,0.88,0.87,0.88,0.89,0.88,0.87,0.87,0.87,0.88,0.87,0.87,0.87,0.88,0.86,0.86,0.88,0.88,0.87,0.87,0.89,0.90,0.90,0.90,0.92,0.91,0.92,0.92,0.94,0.90,0.90,0.91,0.92,0.91,0.91,0.94,0.91,0.90,0.91,0.93,0.94,0.94,0.94,0.95,0.96,0.97,0.97,0.97,0.98,0.98,0.98,0.98,0.97,0.97,0.97,0.96,0.96,0.96,0.96,0.96,0.97,0.96,0.96,0.96,0.96,0.96,0.96,0.97,0.97,0.96,0.97,0.96,0.96,0.97,0.96,0.96,0.97,0.96,0.97,0.97,0.97,0.97,0.96,0.96,0.96,0.96,0.96,0.96,0.96,0.96,0.96,0.96,0.97,0.96,0.96,0.97,0.97,0.97,0.96,0.96,0.96,,,,,,,,,,,,,,,,,,,,,,,,,,,,,,,,,
PM:VRS,(                ),V,383.3,383.0,383.2,381.5,381.3,381.4,381.7,381.9,382.3,382.3,382.2,383.1,383.2,382.7,383.3,382.9,383.4,383.1,383.8,383.5,384.0,383.5,383.7,383.8,384.4,384.2,384.0,384.5,384.1,384.2,383.9,384.4,384.4,384.4,383.6,384.1,383.6,383.5,383.6,383.7,383.5,382.8,382.1,382.6,383.4,382.7,383.6,384.0,384.5,383.7,382.1,382.2,383.0,381.5,379.8,380.4,380.0,379.0,378.2,379.0,377.9,377.9,376.8,376.2,376.3,375.5,375.4,374.6,373.6,374.5,374.4,374.7,375.3,375.2,374.5,374.8,374.5,373.8,374.3,373.2,374.2,373.6,373.2,373.3,373.7,373.5,373.5,374.6,373.8,374.7,373.8,374.0,374.4,373.9,374.8,375.3,375.0,375.6,375.0,376.0,376.4,375.3,375.3,374.0,374.7,374.3,374.3,374.8,373.6,373.8,374.2,,,,,,,,,,,,,,,,,,,,,,,,,,,,,,,,,
PM:VST,(                ),V,383.4,382.9,383.3,381.4,381.1,381.2,381.7,381.7,382.0,382.1,382.1,383.0,382.9,382.7,383.0,382.6,383.1,382.8,383.7,383.2,383.7,383.3,383.5,383.6,384.0,383.8,383.8,384.1,383.8,383.8,383.7,383.9,384.2,384.1,383.3,383.6,383.2,382.9,383.1,383.1,383.3,382.2,381.9,382.2,383.2,382.0,383.3,383.7,384.4,383.5,382.1,382.3,383.0,381.6,379.6,380.3,380.0,378.9,378.3,378.9,377.7,377.7,377.2,376.2,376.4,375.6,375.5,374.7,374.0,374.5,374.6,375.0,375.4,375.0,375.3,374.9,375.1,374.2,374.6,373.1,374.4,373.9,373.5,373.8,374.2,373.8,373.9,374.5,374.2,374.6,374.4,374.2,375.1,374.0,375.4,375.9,375.3,375.8,375.4,376.3,376.6,375.5,375.7,374.2,374.8,374.8,375.2,375.1,374.3,374.7,374.7,,,,,,,,,,,,,,,,,,,,,,,,,,,,,,,,,
PM:VTR,(                ),V,383.3,383.0,383.0,381.4,381.1,381.4,381.7,381.7,382.1,382.5,382.3,383.1,382.9,382.6,383.6,383.0,383.2,383.2,383.7,383.5,384.1,383.3,383.8,383.9,384.4,384.1,384.1,384.4,384.1,384.3,384.0,384.3,384.5,384.5,383.9,384.1,383.7,383.4,383.7,383.8,383.6,382.7,382.3,382.5,383.6,382.2,383.5,384.0,384.7,383.9,382.5,382.4,382.9,382.0,380.1,380.5,380.6,379.4,378.9,379.6,378.5,378.4,377.8,376.9,377.1,376.1,375.7,375.2,374.7,375.3,375.5,375.4,375.8,375.8,376.0,375.4,375.6,375.1,375.0,373.9,375.6,374.5,374.0,373.9,374.6,374.6,374.6,375.2,374.7,374.9,374.7,374.7,375.4,374.4,375.6,376.3,375.7,376.3,375.9,376.5,376.8,375.7,376.3,374.9,375.6,375.2,375.8,375.6,374.7,375.4,375.5,,,,,,,,,,,,,,,,,,,,,,,,,,,,,,,,,
PAC:HZ,(                ),Hz,60,60,59,60,59,60,60,60,60,60,59,60,59,59,59,60,60,59,59,59,60,60,60,60,59,60,60,60,60,60,59,59,59,60,59,60,60,59,60,60,60,59,60,60,60,60,60,59,59,59,60,60,60,59,59,59,59,59,59,59,59,59,59,59,59,60,60,60,59,60,59,60,60,60,59,59,60,60,60,59,60,59,59,60,60,60,60,59,60,60,60,60,60,59,60,60,59,59,59,60,60,59,60,59,59,60,59,59,59,60,60,,,,,,,,,,,,,,,,,,,,,,,,,,,,,,,,,
PAC:IR,(                ),A,9,9,9,9,9,9,9,9,9,9,9,9,9,9,9,9,9,9,9,9,9,9,9,9,9,9,9,9,9,9,9,9,9,9,9,9,9,9,9,9,9,9,9,9,9,289,624,616,627,683,693,672,652,747,753,749,742,879,900,914,908,938,932,955,967,989,978,959,971,976,981,973,1016,1014,972,999,989,1015,1029,1013,1028,1497,1528,1550,1050,1178,1484,1032,1413,1036,1221,1506,1040,1406,1058,1150,1496,1059,1362,1036,1046,1504,1027,1369,1480,1187,1487,1035,1415,1018,1000,,,,,,,,,,,,,,,,,,,,,,,,,,,,,,,,,
PAC:IS,(                ),A,9,9,9,9,9,9,9,9,9,9,8,8,9,9,9,9,9,9,9,9,9,9,9,9,9,9,9,9,9,9,9,9,9,9,9,9,9,9,9,9,8,5,8,9,9,287,636,625,634,688,699,678,651,726,753,750,744,871,905,919,917,959,966,994,1006,1020,1011,990,1000,1012,1001,1006,1041,1030,1020,1031,1035,1050,1050,1034,1065,1542,1577,1590,1087,1203,1542,1068,1458,1068,1270,1554,1087,1450,1095,1199,1551,1104,1419,1074,1084,1559,1062,1419,1539,1235,1526,1072,1454,1059,1040,,,,,,,,,,,,,,,,,,,,,,,,,,,,,,,,,
PAC:IT,(                ),A,8,8,8,8,8,8,8,8,8,8,8,8,8,8,8,8,8,8,8,8,8,8,8,8,8,8,8,8,8,8,8,8,8,8,8,8,8,8,8,8,8,8,8,8,8,282,621,609,621,677,690,667,650,726,746,744,743,863,897,895,896,940,941,945,970,977,972,953,969,968,975,972,1005,1008,974,1000,995,1015,1026,1009,1020,1494,1532,1544,1048,1168,1487,1025,1409,1041,1216,1493,1039,1395,1064,1147,1493,1057,1359,1030,1040,1493,1031,1369,1477,1192,1485,1031,1403,1021,1006,,,,,,,,,,,,,,,,,,,,,,,,,,,,,,,,,
PAC:KW,(                ),kW,4.9,4.9,4.9,4.8,4.8,4.8,4.9,4.8,4.9,4.9,5.0,5.0,4.8,4.8,4.9,4.8,4.9,4.9,4.8,4.8,4.9,4.8,4.9,4.9,4.9,4.9,4.9,4.9,4.9,4.9,4.9,4.8,4.9,4.9,4.8,4.9,4.9,4.9,4.9,4.9,5.0,4.2,5.0,4.9,4.9,181.9,388.0,382.1,397.9,426.3,433.1,420.3,407.5,457.4,464.2,462.4,459.6,532.2,547.1,552.5,548.7,584.7,592.3,594.8,606.5,611.3,608.4,594.7,602.1,606.3,606.6,605.6,630.6,628.3,609.5,608.0,605.4,618.4,624.1,611.7,625.4,919.4,934.6,945.1,646.6,712.8,910.7,634.7,865.9,642.0,746.1,920.0,645.0,858.8,656.4,719.3,918.4,658.4,839.3,655.3,648.5,924.4,636.1,841.9,911.8,684.9,911.2,639.3,864.6,628.2,618.5,,,,,,,,,,,,,,,,,,,,,,,,,,,,,,,,,
PAC:KWH,(                ),,17490644,17490644,17490644,17490644,17490644,17490646,17490646,17490648,17490648,17490648,17490650,17490650,17490654,17490654,17490654,17490656,17490656,17490658,17490658,17490658,17490660,17490660,17490662,17490662,17490662,17490664,17490664,17490666,17490666,17490666,17490668,17490668,17490670,17490670,17490670,17490672,17490672,17490674,17490674,17490676,17490676,17490676,17490678,17490678,17490680,17490690,17490740,17490808,17490876,17490940,17491012,17491072,17491156,17491232,17491306,17491384,17491454,17491544,17491632,17491730,17491824,17491900,17492010,17492114,17492218,17492312,17492416,17492506,17492620,17492716,17492756,17492916,17493016,17493120,17493228,17493334,17493428,17493518,17493634,17493744,17493840,17493966,17494126,17494266,17494420,17494532,17494666,17494790,17494896,17495058,17495170,17495308,17495428,17495538,17495702,17495804,17495952,17496080,17496172,17496344,17496454,17496600,17496722,17496838,17496972,17497096,17497240,17497350,17497462,17497596,17497654,,,,,,,,,,,,,,,,,,,,,,,,,,,,,,,,,
PAC:PF,(                ),,0.85,0.85,0.85,0.85,0.85,0.86,0.86,0.85,0.85,0.85,0.92,0.92,0.85,0.85,0.85,0.85,0.85,0.85,0.85,0.85,0.85,0.85,0.85,0.85,0.85,0.85,0.85,0.85,0.85,0.85,0.85,0.85,0.85,0.85,0.85,0.85,0.85,0.85,0.85,0.85,0.92,0.89,0.92,0.85,0.85,0.96,0.94,0.94,0.96,0.95,0.95,0.95,0.95,0.95,0.95,0.95,0.95,0.94,0.94,0.94,0.93,0.95,0.96,0.96,0.96,0.96,0.96,0.96,0.96,0.96,0.96,0.96,0.96,0.96,0.96,0.94,0.94,0.94,0.94,0.94,0.94,0.95,0.95,0.95,0.95,0.94,0.95,0.95,0.95,0.95,0.94,0.95,0.95,0.95,0.95,0.96,0.95,0.95,0.95,0.97,0.95,0.95,0.95,0.95,0.95,0.89,0.95,0.95,0.95,0.95,0.95,,,,,,,,,,,,,,,,,,,,,,,,,,,,,,,,,
PAC:VRS,(                ),V,382.5,382.3,382.4,380.9,380.3,380.6,380.9,381.1,381.6,381.7,381.3,382.4,382.2,382.0,382.7,382.3,382.6,382.5,383.0,382.9,383.1,382.8,383.1,383.1,383.5,383.4,383.4,383.8,383.3,383.4,383.3,383.5,383.6,383.9,383.0,383.1,382.8,382.7,382.8,383.0,382.7,382.1,381.2,381.8,382.6,381.0,380.0,380.6,381.2,379.7,378.8,378.4,379.6,377.7,375.7,376.2,376.5,374.9,373.8,374.6,373.5,374.1,373.0,372.0,372.5,371.7,371.9,370.8,370.4,370.9,371.2,371.4,371.5,371.3,371.6,370.1,370.3,369.7,370.1,369.5,369.9,367.6,366.8,367.2,369.8,368.8,367.8,370.5,368.0,370.5,368.9,368.1,370.2,368.1,371.1,370.8,368.7,371.8,369.4,372.7,372.6,369.2,371.0,368.7,368.8,368.0,368.6,370.9,367.9,370.3,370.5,,,,,,,,,,,,,,,,,,,,,,,,,,,,,,,,,
PAC:VST,(                ),V,382.6,382.3,382.5,380.9,380.2,380.5,380.7,380.8,381.4,381.4,381.2,382.2,381.8,381.7,382.4,382.1,382.3,382.2,382.8,382.5,382.9,382.5,382.8,382.6,383.2,383.0,383.1,383.3,383.0,383.1,382.9,383.0,383.3,383.6,382.6,382.7,382.6,382.3,382.4,382.5,382.8,381.7,381.1,381.5,382.5,380.3,379.8,380.5,381.3,379.8,378.7,378.8,379.8,378.1,376.4,377.2,376.5,374.9,373.9,374.8,373.3,373.9,373.2,372.3,372.2,371.7,371.6,371.5,370.3,371.0,371.1,371.4,371.2,371.7,371.3,370.9,371.2,370.4,370.6,369.0,370.1,368.0,367.3,367.2,369.9,369.1,367.6,370.4,368.2,370.8,368.9,367.9,371.0,367.8,371.5,371.1,368.8,371.7,369.7,372.6,372.4,369.1,371.7,368.6,368.4,368.0,368.8,371.2,368.5,370.3,370.4,,,,,,,,,,,,,,,,,,,,,,,,,,,,,,,,,
PAC:VTR,(                ),V,382.9,382.7,382.8,381.2,380.7,381.0,381.2,381.3,381.8,382.0,381.7,382.7,382.4,382.3,383.0,382.6,382.9,382.9,383.4,383.2,383.5,383.1,383.5,383.5,384.0,383.7,383.8,384.1,383.7,384.0,383.6,383.9,384.1,384.2,383.5,383.6,383.4,383.1,383.3,383.3,383.3,382.5,381.8,382.0,383.1,380.6,380.2,381.1,381.6,380.4,379.0,379.5,379.5,378.6,376.6,377.4,377.2,374.9,373.7,375.0,374.6,373.9,373.7,373.2,373.2,372.6,371.5,371.6,370.7,371.5,371.1,371.1,372.2,371.7,371.9,371.2,371.4,370.7,370.5,369.6,371.1,368.2,367.9,367.6,370.5,369.4,368.4,371.0,368.6,371.0,369.7,368.3,371.2,368.6,371.9,371.7,369.1,371.9,369.8,373.2,372.7,369.3,372.0,369.5,369.4,368.8,369.5,371.5,369.1,371.2,371.6,,,,,,,,,,,,,,,,,,,,,,,,,,,,,,,,,
CH1B1:KWH,(                ),,4433714,4433714,4433714,4433714,4433714,4433714,4433714,4433714,4433714,4433714,4433714,4433714,4433714,4433714,4433714,4433714,4433714,4433714,4433714,4433714,4433714,4433714,4433714,4433714,4433714,4433714,4433714,4433714,4433714,4433714,4433714,4433714,4433714,4433714,4433714,4433714,4433714,4433714,4433714,4433714,4433714,4433714,4433714,4433714,4433714,4433714,4433714,4433714,4433714,4433714,4433714,4433714,4433714,4433714,4433714,4433714,4433714,4433714,4433714,4433714,4433714,4433714,4433714,4433714,4433714,4433714,4433714,4433714,4433714,4433714,4433714,4433714,4433714,4433714,4433714,4433714,4433714,4433714,4433714,4433714,4433714,4433714,4433714,4433714,4433714,4433714,4433714,4433714,4433714,4433714,4433714,4433714,4433714,4433714,4433714,4433714,4433714,4433714,4433714,4433714,4433714,4433714,4433714,4433714,4433714,4433714,4433714,4433714,4433714,4433714,4433714,,,,,,,,,,,,,,,,,,,,,,,,,,,,,,,,,
CH2B1:KWH,(                ),,3323912,3323912,3323912,3323912,3323912,3323912,3323912,3323912,3323912,3323912,3323912,3323912,3323912,3323912,3323912,3323912,3323912,3323912,3323912,3323912,3323912,3323912,3323912,3323912,3323912,3323912,3323912,3323912,3323912,3323912,3323912,3323912,3323912,3323912,3323912,3323912,3323912,3323912,3323912,3323912,3323912,3323912,3323912,3323912,3323912,3323912,3323912,3323912,3323912,3323912,3323912,3323912,3323912,3323912,3323912,3323912,3323912,3323912,3323912,3323912,3323912,3323912,3323912,3323912,3323912,3323912,3323912,3323912,3323912,3323912,3323912,3323912,3323912,3323912,3323912,3323912,3323912,3323912,3323912,3323912,3323912,3323912,3323912,3323912,3323912,3323912,3323912,3323912,3323912,3323912,3323912,3323912,3323912,3323912,3323912,3323912,3323912,3323912,3323912,3323912,3323912,3323912,3323912,3323912,3323912,3323912,3323912,3323912,3323912,3323912,3323912,,,,,,,,,,,,,,,,,,,,,,,,,,,,,,,,,
CHP1B1:KWH,(                ),,313214,313214,313214,313214,313214,313214,313214,313214,313214,313214,313214,313214,313214,313214,313214,313214,313214,313214,313214,313214,313214,313214,313214,313214,313214,313214,313214,313214,313214,313214,313214,313214,313214,313214,313214,313214,313214,313214,313214,313214,313214,313214,313214,313214,313214,313214,313214,313214,313214,313214,313214,313214,313214,313214,313214,313214,313214,313214,313214,313214,313214,313214,313214,313214,313214,313214,313214,313214,313214,313214,313214,313214,313214,313214,313214,313214,313214,313214,313214,313214,313214,313214,313214,313214,313214,313214,313214,313214,313214,313214,313214,313214,313214,313214,313214,313214,313214,313214,313214,313214,313214,313214,313214,313214,313214,313214,313214,313214,313214,313214,313214,,,,,,,,,,,,,,,,,,,,,,,,,,,,,,,,,
CHP2B1:KWH,(                ),,259932,259932,259932,259932,259932,259932,259932,259932,259932,259932,259932,259932,259932,259932,259932,259932,259932,259932,259932,259932,259932,259932,259932,259932,259932,259932,259932,259932,259932,259932,259932,259932,259932,259932,259932,259932,259932,259932,259932,259932,259932,259932,259932,259932,259932,259932,259932,259932,259932,259932,259932,259932,259932,259932,259932,259932,259932,259932,259932,259932,259932,259932,259932,259932,259932,259932,259932,259932,259932,259932,259932,259932,259932,259932,259932,259932,259932,259932,259932,259932,259932,259932,259932,259932,259932,259932,259932,259932,259932,259932,259932,259932,259932,259932,259932,259932,259932,259932,259932,259932,259932,259932,259932,259932,259932,259932,259932,259932,259932,259932,259932,,,,,,,,,,,,,,,,,,,,,,,,,,,,,,,,,
CHP3B1:KWH,(                ),,4159,4159,4159,4159,4159,4159,4159,4159,4159,4159,4159,4159,4159,4159,4159,4159,4159,4159,4159,4159,4159,4159,4159,4159,4159,4159,4159,4159,4159,4159,4159,4159,4159,4159,4159,4159,4159,4159,4159,4159,4159,4159,4159,4159,4159,4159,4159,4159,4159,4159,4159,4159,4159,4159,4159,4159,4159,4159,4159,4159,4159,4159,4159,4159,4159,4159,4159,4159,4159,4159,4159,4159,4159,4159,4159,4159,4159,4159,4159,4159,4159,4159,4159,4159,4159,4159,4159,4159,4159,4159,4159,4159,4159,4159,4159,4159,4159,4159,4159,4159,4159,4159,4159,4159,4159,4159,4159,4159,4159,4159,4159,,,,,,,,,,,,,,,,,,,,,,,,,,,,,,,,,
CT1B1:KW,(                ),kW,8.2,8.2,8.2,8.2,8.2,8.2,8.2,8.2,8.2,8.2,8.2,8.2,8.2,8.2,8.2,8.2,8.2,8.2,8.2,8.2,8.2,8.2,8.2,8.2,8.2,8.2,8.2,8.2,8.2,8.2,8.2,8.2,8.2,8.2,8.2,8.2,8.2,8.2,8.2,8.2,8.2,8.2,8.2,8.2,8.2,8.2,8.2,8.2,8.2,8.2,8.2,8.2,8.2,8.2,8.2,8.2,8.2,8.2,8.2,8.2,8.2,8.2,8.2,8.2,8.2,8.2,8.2,8.2,8.2,8.2,8.2,8.2,8.2,8.2,8.2,8.2,8.2,8.2,8.2,8.2,8.2,8.2,8.2,8.2,8.2,8.2,8.2,8.2,8.2,8.2,8.2,8.2,8.2,8.2,8.2,8.2,8.2,8.2,8.2,8.2,8.2,8.2,8.2,8.2,8.2,8.2,8.2,8.2,8.2,8.2,8.2,,,,,,,,,,,,,,,,,,,,,,,,,,,,,,,,,
CT1B1:KWH,(                ),,244843,244843,244843,244843,244843,244843,244843,244843,244843,244843,244843,244843,244843,244843,244843,244843,244843,244843,244843,244843,244843,244843,244843,244843,244843,244843,244843,244843,244843,244843,244843,244843,244843,244843,244843,244843,244843,244843,244843,244843,244843,244843,244843,244843,244843,244843,244843,244843,244843,244843,244843,244843,244843,244843,244843,244843,244843,244843,244843,244843,244843,244843,244843,244843,244843,244843,244843,244843,244843,244843,244843,244843,244843,244843,244843,244843,244843,244843,244843,244843,244843,244843,244843,244843,244843,244843,244843,244843,244843,244843,244843,244843,244843,244843,244843,244843,244843,244843,244843,244843,244843,244843,244843,244843,244843,244843,244843,244843,244843,244843,244843,,,,,,,,,,,,,,,,,,,,,,,,,,,,,,,,,
CT2B1:KW,(                ),kW,0.0,0.0,0.0,0.0,0.0,0.0,0.0,0.0,0.0,0.0,0.0,0.0,0.0,0.0,0.0,0.0,0.0,0.0,0.0,0.0,0.0,0.0,0.0,0.0,0.0,0.0,0.0,0.0,0.0,0.0,0.0,0.0,0.0,0.0,0.0,0.0,0.0,0.0,0.0,0.0,0.0,0.0,0.0,0.0,0.0,0.0,0.0,0.0,0.0,0.0,0.0,0.0,0.0,0.0,0.0,0.0,0.0,0.0,0.0,0.0,0.0,0.0,0.0,0.0,0.0,0.0,0.0,0.0,0.0,0.0,0.0,0.0,0.0,0.0,0.0,0.0,0.0,0.0,0.0,0.0,0.0,0.0,0.0,0.0,0.0,0.0,0.0,0.0,0.0,0.0,0.0,0.0,0.0,0.0,0.0,0.0,0.0,0.0,0.0,0.0,0.0,0.0,0.0,0.0,0.0,0.0,0.0,0.0,0.0,0.0,0.0,,,,,,,,,,,,,,,,,,,,,,,,,,,,,,,,,
CT2B1:KWH,(                ),,111175,111175,111175,111175,111175,111175,111175,111175,111175,111175,111175,111175,111175,111175,111175,111175,111175,111175,111175,111175,111175,111175,111175,111175,111175,111175,111175,111175,111175,111175,111175,111175,111175,111175,111175,111175,111175,111175,111175,111175,111175,111175,111175,111175,111175,111175,111175,111175,111175,111175,111175,111175,111175,111175,111175,111175,111175,111175,111175,111175,111175,111175,111175,111175,111175,111175,111175,111175,111175,111175,111175,111175,111175,111175,111175,111175,111175,111175,111175,111175,111175,111175,111175,111175,111175,111175,111175,111175,111175,111175,111175,111175,111175,111175,111175,111175,111175,111175,111175,111175,111175,111175,111175,111175,111175,111175,111175,111175,111175,111175,111175,,,,,,,,,,,,,,,,,,,,,,,,,,,,,,,,,
CWP1B1:KWH,(                ),,839195,839195,839195,839195,839195,839195,839195,839195,839195,839195,839195,839195,839195,839195,839195,839195,839195,839195,839195,839195,839195,839195,839195,839195,839195,839195,839195,839195,839195,839195,839195,839195,839195,839195,839195,839195,839195,839195,839195,839195,839195,839195,839195,839195,839195,839195,839195,839195,839195,839195,839195,839195,839195,839195,839195,839195,839195,839195,839195,839195,839195,839195,839195,839195,839195,839195,839195,839195,839195,839195,839195,839195,839195,839195,839195,839195,839195,839195,839195,839195,839195,839195,839195,839195,839195,839195,839195,839195,839195,839195,839195,839195,839195,839195,839195,839195,839195,839195,839195,839195,839195,839195,839195,839195,839195,839195,839195,839195,839195,839195,839195,,,,,,,,,,,,,,,,,,,,,,,,,,,,,,,,,
CWP2B1:KWH,(                ),,705224,705224,705224,705224,705224,705224,705224,705224,705224,705224,705224,705224,705224,705224,705224,705224,705224,705224,705224,705224,705224,705224,705224,705224,705224,705224,705224,705224,705224,705224,705224,705224,705224,705224,705224,705224,705224,705224,705224,705224,705224,705224,705224,705224,705224,705224,705224,705224,705224,705224,705224,705224,705224,705224,705224,705224,705224,705224,705224,705224,705224,705224,705224,705224,705224,705224,705224,705224,705224,705224,705224,705224,705224,705224,705224,705224,705224,705224,705224,705224,705224,705224,705224,705224,705224,705224,705224,705224,705224,705224,705224,705224,705224,705224,705224,705224,705224,705224,705224,705224,705224,705224,705224,705224,705224,705224,705224,705224,705224,705224,705224,,,,,,,,,,,,,,,,,,,,,,,,,,,,,,,,,
CWP3B1:KWH,(                ),,10,10,10,10,10,10,10,10,10,10,10,10,10,10,10,10,10,10,10,10,10,10,10,10,10,10,10,10,10,10,10,10,10,10,10,10,10,10,10,10,10,10,10,10,10,10,10,10,10,10,10,10,10,10,10,10,10,10,10,10,10,10,10,10,10,10,10,10,10,10,10,10,10,10,10,10,10,10,10,10,10,10,10,10,10,10,10,10,10,10,10,10,10,10,10,10,10,10,10,10,10,10,10,10,10,10,10,10,10,10,10,,,,,,,,,,,,,,,,,,,,,,,,,,,,,,,,,
CH1F7.KWH,(度數            ),kW h,609761,609790,609818,609843,609867,609891,609915,609937,609959,609981,609994,609994,609994,609994,609994,609994,609994,609994,609994,609994,609994,609994,609994,609994,609994,609994,609994,609994,609994,609994,609994,609994,609994,609994,609994,609994,609994,609994,609994,609994,609994,609994,609994,609994,609994,609994,609994,609994,609994,609994,609994,609994,609994,609994,609994,609994,609994,609998,610047,610100,610153,610205,610258,610310,610363,610415,610467,610520,610572,610625,610651,610729,610780,610831,610883,610935,610987,611038,611091,611143,611195,611248,611300,611353,611403,611455,611508,611560,611613,611665,611717,611769,611821,611874,611926,611978,612031,612083,612135,612187,612240,612292,612344,612396,612448,612500,612552,612604,612656,612708,612734,,,,,,,,,,,,,,,,,,,,,,,,,,,,,,,,,
CH2F7:KWH,(                ),,3655122,3655122,3655122,3655122,3655122,3655122,3655122,3655122,3655123,3655123,3655123,3655123,3655123,3655123,3655123,3655124,3655124,3655124,3655124,3655124,3655124,3655124,3655124,3655124,3655124,3655125,3655125,3655125,3655125,3655125,3655125,3655125,3655125,3655126,3655126,3655126,3655126,3655126,3655126,3655126,3655126,3655126,3655126,3655126,3655126,3655126,3655126,3655126,3655126,3655126,3655126,3655126,3655127,3655158,3655250,3655333,3655412,3655514,3655605,3655686,3655772,3655840,3655948,3656031,3656122,3656213,3656294,3656380,3656470,3656560,3656592,3656728,3656805,3656901,3656980,3657071,3657151,3657228,3657328,3657418,3657509,3657590,3657679,3657765,3657854,3657937,3658025,3658114,3658190,3658288,3658370,3658460,3658540,3658618,3658716,3658807,3658888,3658979,3659068,3659154,3659237,3659327,3659418,3659498,3659584,3659675,3659766,3659848,3659937,3660015,3660071,,,,,,,,,,,,,,,,,,,,,,,,,,,,,,,,,
CH3F7:KWH,(                ),,1616726,1616726,1616726,1616726,1616726,1616726,1616726,1616726,1616726,1616726,1616726,1616726,1616726,1616726,1616727,1616727,1616727,1616727,1616727,1616727,1616727,1616727,1616727,1616727,1616727,1616727,1616727,1616728,1616728,1616728,1616728,1616728,1616728,1616728,1616728,1616728,1616728,1616728,1616728,1616728,1616728,1616728,1616728,1616728,1616729,1616729,1616729,1616729,1616729,1616729,1616729,1616729,1616729,1616729,1616729,1616729,1616729,1616729,1616729,1616730,1616730,1616730,1616730,1616730,1616730,1616730,1616730,1616730,1616730,1616730,1616730,1616730,1616730,1616731,1616731,1616731,1616731,1616731,1616731,1616731,1616731,1616731,1616731,1616731,1616731,1616731,1616731,1616731,1616731,1616731,1616732,1616732,1616732,1616732,1616732,1616732,1616732,1616732,1616732,1616732,1616732,1616732,1616732,1616732,1616733,1616733,1616733,1616733,1616733,1616733,1616733,,,,,,,,,,,,,,,,,,,,,,,,,,,,,,,,,
CH4F7.KWH,(度數            ),kW h,644423,644423,644423,644423,644423,644423,644423,644423,644423,644423,644423,644423,644423,644423,644423,644423,644423,644423,644423,644423,644423,644423,644423,644423,644423,644423,644423,644423,644423,644423,644423,644423,644423,644423,644423,644423,644423,644423,644423,644423,644423,644423,644423,644423,644423,644423,644423,644423,644423,644423,644423,644423,644423,644423,644423,644423,644423,644423,644423,644423,644423,644423,644423,644423,644423,644423,644423,644423,644423,644423,644423,644423,644423,644423,644423,644423,644423,644423,644423,644423,644423,644423,644423,644423,644423,644423,644423,644423,644423,644423,644423,644423,644423,644423,644423,644423,644423,644423,644423,644423,644423,644423,644423,644423,644423,644423,644423,644423,644423,644423,644423,,,,,,,,,,,,,,,,,,,,,,,,,,,,,,,,,
CH5F7.KWH,(度數            ),kW h,648667,648667,648667,648667,648667,648667,648667,648667,648667,648667,648667,648667,648667,648667,648667,648667,648667,648667,648667,648667,648667,648667,648667,648667,648667,648667,648667,648667,648667,648667,648667,648667,648667,648667,648667,648667,648667,648667,648667,648667,648667,648667,648667,648667,648667,648667,648667,648667,648667,648667,648702,648751,648799,648846,648894,648942,648991,649040,649089,649138,649188,649237,649286,649335,649384,649433,649481,649530,649579,649628,649653,649726,649775,649824,649872,649922,649970,650019,650068,650117,650166,650215,650263,650313,650360,650409,650458,650507,650556,650605,650653,650702,650750,650799,650848,650897,650946,650994,651043,651092,651141,651190,651239,651287,651336,651385,651433,651482,651531,651580,651604,,,,,,,,,,,,,,,,,,,,,,,,,,,,,,,,,
CHP1F7:KWH,(                ),,538361,538366,538371,538376,538382,538387,538392,538398,538402,538408,538413,538413,538413,538413,538413,538413,538413,538413,538413,538413,538413,538413,538413,538413,538413,538413,538413,538413,538413,538413,538413,538413,538413,538413,538413,538413,538413,538413,538413,538413,538413,538413,538413,538413,538413,538413,538413,538413,538413,538413,538413,538413,538413,538413,538413,538413,538415,538421,538427,538432,538438,538443,538448,538453,538459,538464,538469,538474,538479,538485,538487,538495,538500,538506,538511,538517,538522,538527,538532,538538,538543,538548,538554,538558,538564,538569,538574,538579,538584,538590,538595,538601,538606,538610,538617,538622,538627,538632,538637,538643,538648,538654,538659,538664,538669,538675,538680,538685,538690,538695,538698,,,,,,,,,,,,,,,,,,,,,,,,,,,,,,,,,
CHP2F7:KWH,(                ),,241801,241801,241801,241801,241801,241801,241801,241801,241801,241801,241801,241801,241801,241801,241801,241801,241801,241801,241801,241801,241801,241801,241801,241801,241801,241801,241801,241801,241801,241801,241801,241801,241801,241801,241801,241801,241801,241801,241801,241801,241801,241801,241801,241801,241801,241801,241801,241801,241801,241801,241801,241801,241807,241811,241816,241821,241825,241831,241836,241841,241846,241850,241855,241860,241865,241870,241875,241879,241884,241889,241891,241899,241903,241909,241914,241919,241923,241928,241933,241938,241943,241948,241953,241957,241962,241968,241972,241977,241981,241987,241992,241997,242002,242006,242012,242016,242021,242026,242031,242036,242041,242046,242051,242056,242060,242065,242070,242075,242080,242084,242087,,,,,,,,,,,,,,,,,,,,,,,,,,,,,,,,,
CHP3F7:KWH,(                ),,122477,122477,122477,122477,122477,122477,122477,122477,122477,122477,122477,122477,122477,122477,122477,122477,122477,122477,122477,122477,122477,122477,122477,122477,122477,122477,122477,122477,122477,122477,122477,122477,122477,122477,122477,122477,122477,122477,122477,122477,122477,122477,122477,122477,122477,122477,122477,122477,122477,122477,122477,122477,122477,122477,122477,122477,122477,122477,122477,122477,122477,122477,122477,122477,122477,122477,122477,122477,122477,122477,122477,122477,122477,122477,122477,122477,122477,122477,122477,122477,122477,122477,122477,122477,122477,122477,122477,122477,122477,122477,122477,122477,122477,122477,122477,122477,122477,122477,122477,122477,122477,122477,122477,122477,122477,122477,122477,122477,122477,122477,122477,,,,,,,,,,,,,,,,,,,,,,,,,,,,,,,,,
CHP4F7:KWH,(                ),,526583,526583,526583,526583,526583,526583,526583,526583,526583,526583,526583,526583,526583,526583,526583,526583,526583,526583,526583,526583,526583,526583,526583,526583,526583,526583,526583,526583,526583,526583,526583,526583,526583,526583,526583,526583,526583,526583,526583,526583,526583,526583,526583,526583,526583,526583,526583,526583,526583,526583,526583,526583,526583,526583,526583,526583,526583,526583,526583,526583,526583,526583,526583,526583,526583,526583,526583,526583,526583,526583,526583,526583,526583,526583,526583,526583,526583,526583,526583,526583,526583,526583,526583,526583,526583,526583,526583,526583,526583,526583,526583,526583,526583,526583,526583,526583,526583,526583,526583,526583,526583,526583,526583,526583,526583,526583,526583,526583,526583,526583,526583,,,,,,,,,,,,,,,,,,,,,,,,,,,,,,,,,
CHP5F7:KWH,(                ),,545292,545292,545292,545292,545292,545292,545292,545292,545292,545292,545292,545292,545292,545292,545292,545292,545292,545292,545292,545292,545292,545292,545292,545292,545292,545292,545292,545292,545292,545292,545292,545292,545292,545292,545292,545292,545292,545292,545292,545292,545292,545292,545292,545292,545292,545292,545292,545292,545294,545297,545301,545304,545308,545311,545315,545318,545321,545325,545328,545332,545336,545339,545342,545346,545349,545352,545356,545359,545363,545366,545368,545373,545376,545380,545384,545387,545390,545394,545397,545401,545404,545408,545411,545414,545418,545422,545425,545428,545431,545435,545439,545442,545446,545448,545453,545456,545459,545463,545466,545470,545473,545477,545480,545484,545487,545491,545494,545497,545501,545504,545506,,,,,,,,,,,,,,,,,,,,,,,,,,,,,,,,,
CWP1F7:KWH,(                ),,542108,542114,542118,542124,542129,542133,542139,542144,542149,542154,542159,542159,542159,542159,542159,542159,542159,542159,542159,542159,542159,542159,542159,542159,542159,542159,542159,542159,542159,542159,542159,542159,542159,542159,542159,542159,542159,542159,542159,542159,542159,542159,542159,542159,542159,542159,542159,542159,542159,542159,542159,542159,542159,542159,542159,542159,542162,542167,542173,542178,542183,542188,542193,542198,542203,542208,542213,542218,542223,542228,542230,542238,542242,542248,542253,542258,542263,542268,542273,542278,542283,542288,542293,542298,542303,542308,542313,542318,542323,542328,542333,542338,542344,542348,542354,542358,542364,542368,542374,542378,542384,542389,542394,542399,542403,542409,542414,542419,542424,542428,542431,,,,,,,,,,,,,,,,,,,,,,,,,,,,,,,,,
CWP2F7:KWH,(                ),,272977,272977,272977,272977,272977,272977,272977,272977,272977,272977,272977,272977,272977,272977,272977,272977,272977,272977,272977,272977,272977,272977,272977,272977,272977,272977,272977,272977,272977,272977,272977,272977,272977,272977,272977,272977,272977,272977,272977,272977,272977,272977,272977,272977,272977,272977,272977,272977,272977,272977,272977,272977,272983,272989,272994,273000,273004,273011,273016,273022,273028,273033,273038,273044,273050,273055,273061,273065,273071,273077,273079,273088,273093,273099,273105,273110,273115,273121,273127,273132,273137,273143,273148,273154,273159,273165,273170,273176,273181,273187,273192,273198,273204,273208,273215,273220,273226,273231,273237,273242,273248,273253,273259,273264,273269,273275,273281,273286,273291,273296,273300,,,,,,,,,,,,,,,,,,,,,,,,,,,,,,,,,
CWP3F7:KWH,(                ),,147546,147546,147546,147546,147546,147546,147546,147546,147546,147546,147546,147546,147546,147546,147546,147546,147546,147546,147546,147546,147546,147546,147546,147546,147546,147546,147546,147546,147546,147546,147546,147546,147546,147546,147546,147546,147546,147546,147546,147546,147546,147546,147546,147546,147546,147546,147546,147546,147546,147546,147546,147546,147546,147546,147546,147546,147546,147546,147546,147546,147546,147546,147546,147546,147546,147546,147546,147546,147546,147546,147546,147546,147546,147546,147546,147546,147546,147546,147546,147546,147546,147546,147546,147546,147546,147546,147546,147546,147546,147546,147546,147546,147546,147546,147546,147546,147546,147546,147546,147546,147546,147546,147546,147546,147546,147546,147546,147546,147546,147546,147546,,,,,,,,,,,,,,,,,,,,,,,,,,,,,,,,,
CWP4F7:KWH,(                ),,581052,581052,581052,581052,581052,581052,581052,581052,581052,581052,581052,581052,581052,581052,581052,581052,581052,581052,581052,581052,581052,581052,581052,581052,581052,581052,581052,581052,581052,581052,581052,581052,581052,581052,581052,581052,581052,581052,581052,581052,581052,581052,581052,581052,581052,581052,581052,581052,581052,581052,581052,581052,581052,581052,581052,581052,581052,581052,581052,581052,581052,581052,581052,581052,581052,581052,581052,581052,581052,581052,581052,581052,581052,581052,581052,581052,581052,581052,581052,581052,581052,581052,581052,581052,581052,581052,581052,581052,581052,581052,581052,581052,581052,581052,581052,581052,581052,581052,581052,581052,581052,581052,581052,581052,581052,581052,581052,581052,581052,581052,581052,,,,,,,,,,,,,,,,,,,,,,,,,,,,,,,,,
CWP5F7:KWH,(                ),,642474,642474,642474,642474,642474,642474,642474,642474,642474,642474,642474,642474,642474,642474,642474,642474,642474,642474,642474,642474,642474,642474,642474,642474,642474,642474,642474,642474,642474,642474,642474,642474,642474,642474,642474,642474,642474,642474,642474,642474,642474,642474,642474,642474,642474,642474,642474,642474,642477,642482,642488,642494,642500,642506,642512,642518,642523,642529,642535,642542,642548,642553,642559,642565,642570,642576,642582,642588,642594,642600,642602,642611,642617,642623,642629,642635,642641,642647,642653,642658,642664,642670,642676,642682,642688,642694,642699,642705,642710,642717,642723,642729,642735,642739,642746,642752,642758,642764,642770,642775,642781,642787,642793,642799,642804,642811,642816,642822,642828,642833,642837,,,,,,,,,,,,,,,,,,,,,,,,,,,,,,,,,
CT1-1.KWH,(度數            ),kW h,11804,11805,11807,11808,11809,11810,11811,11812,11814,11815,11816,11816,11816,11816,11816,11816,11816,11816,11816,11816,11816,11816,11816,11816,11816,11816,11816,11816,11816,11816,11816,11816,11816,11816,11816,11816,11816,11816,11816,11816,11816,11816,11816,11816,11816,11816,11816,11816,11816,11816,11816,11816,11816,11816,11816,11816,11816,11818,11819,11820,11821,11822,11823,11824,11826,11827,11828,11829,11830,11831,11832,11833,11835,11836,11837,11838,11839,11840,11841,11842,11844,11845,11846,11847,11848,11849,11850,11851,11853,11854,11855,11856,11857,11858,11859,11860,11861,11863,11864,11865,11866,11867,11868,11869,11870,11872,11873,11874,11875,11876,11877,,,,,,,,,,,,,,,,,,,,,,,,,,,,,,,,,
CT1-1:KW,(                ),kW,6.9,7.0,6.8,6.9,7.0,6.9,6.6,6.9,6.9,6.8,6.9,0.0,0.0,0.0,0.0,0.0,0.0,0.0,0.0,0.0,0.0,0.0,0.0,0.0,0.0,0.0,0.0,0.0,0.0,0.0,0.0,0.0,0.0,0.0,0.0,0.0,0.0,0.0,0.0,0.0,0.0,0.0,0.0,0.0,0.0,0.0,0.0,0.0,0.0,0.0,0.0,0.0,0.0,0.0,0.0,0.0,6.9,6.8,6.8,6.9,6.7,6.7,6.8,6.7,6.8,6.7,6.7,6.8,6.8,6.7,6.7,6.6,6.7,6.8,6.8,6.9,6.7,6.7,6.8,6.8,6.7,6.7,6.8,6.6,6.8,6.7,6.7,6.7,6.7,6.7,6.6,6.6,6.9,6.8,6.8,6.7,6.8,6.7,6.6,6.5,6.8,6.7,6.5,6.7,6.8,6.7,6.9,6.8,6.7,6.8,6.8,,,,,,,,,,,,,,,,,,,,,,,,,,,,,,,,,
CT1-2.KWH,(度數            ),kW h,14182,14184,14185,14186,14187,14188,14189,14190,14192,14193,14194,14194,14194,14194,14194,14194,14194,14194,14194,14194,14194,14194,14194,14194,14194,14194,14194,14194,14194,14194,14194,14194,14194,14194,14194,14194,14194,14194,14194,14194,14194,14194,14194,14194,14194,14194,14194,14194,14194,14194,14194,14194,14194,14194,14194,14194,14195,14196,14197,14198,14199,14200,14201,14202,14204,14205,14206,14207,14208,14209,14210,14211,14213,14214,14215,14216,14217,14218,14219,14220,14222,14223,14224,14225,14226,14227,14228,14229,14231,14232,14233,14234,14235,14236,14237,14238,14240,14241,14242,14243,14244,14245,14246,14247,14249,14250,14251,14252,14253,14254,14255,,,,,,,,,,,,,,,,,,,,,,,,,,,,,,,,,
CT1-2:KW,(                ),kW,6.7,6.7,6.8,6.8,6.9,6.8,6.8,6.9,7.0,6.9,6.8,0.0,0.0,0.0,0.0,0.0,0.0,0.0,0.0,0.0,0.0,0.0,0.0,0.0,0.0,0.0,0.0,0.0,0.0,0.0,0.0,0.0,0.0,0.0,0.0,0.0,0.0,0.0,0.0,0.0,0.0,0.0,0.0,0.0,0.0,0.0,0.0,0.0,0.0,0.0,0.0,0.0,0.0,0.0,0.0,0.0,6.9,6.7,6.7,6.8,6.8,6.7,6.6,6.8,6.7,6.8,6.7,6.7,6.8,6.7,6.7,6.7,6.8,6.8,6.8,6.7,6.8,6.7,6.8,6.7,6.8,6.8,6.7,6.8,6.8,6.7,6.8,6.7,6.7,6.7,6.8,6.7,6.7,6.8,6.7,6.7,6.8,6.7,6.8,6.7,6.7,6.9,6.7,6.8,6.8,6.7,6.8,6.8,6.9,6.8,6.9,,,,,,,,,,,,,,,,,,,,,,,,,,,,,,,,,
CT1-3.KWH,(度數            ),kW h,11501,11502,11503,11504,11505,11506,11507,11509,11510,11511,11512,11512,11512,11512,11512,11512,11512,11512,11512,11512,11512,11512,11512,11512,11512,11512,11512,11512,11512,11512,11512,11512,11512,11512,11512,11512,11512,11512,11512,11512,11512,11512,11512,11512,11512,11512,11512,11512,11512,11512,11512,11512,11512,11512,11512,11512,11513,11514,11515,11516,11517,11518,11520,11521,11522,11523,11524,11525,11526,11527,11528,11530,11531,11532,11533,11534,11535,11537,11538,11539,11540,11541,11542,11543,11545,11546,11547,11548,11549,11550,11551,11552,11554,11555,11556,11557,11558,11559,11560,11562,11563,11564,11565,11566,11567,11568,11570,11571,11572,11573,11574,,,,,,,,,,,,,,,,,,,,,,,,,,,,,,,,,
CT1-3:KW,(                ),kW,6.9,6.8,6.9,6.8,6.9,6.9,6.9,6.8,6.8,6.8,6.9,0.0,0.0,0.0,0.0,0.0,0.0,0.0,0.0,0.0,0.0,0.0,0.0,0.0,0.0,0.0,0.0,0.0,0.0,0.0,0.0,0.0,0.0,0.0,0.0,0.0,0.0,0.0,0.0,0.0,0.0,0.0,0.0,0.0,0.0,0.0,0.0,0.0,0.0,0.0,0.0,0.0,0.0,0.0,0.0,0.0,7.0,6.9,6.8,6.9,6.9,6.8,6.8,6.8,6.9,6.8,6.9,6.8,6.9,6.8,6.8,6.8,6.8,6.8,6.9,6.8,6.8,6.8,6.7,6.7,6.7,6.8,6.9,6.7,7.0,6.9,6.8,6.9,6.8,6.7,6.8,6.8,6.7,6.8,6.8,6.8,6.8,6.8,6.9,6.8,6.8,6.7,6.8,6.8,6.8,6.8,6.9,6.8,6.9,6.8,6.9,,,,,,,,,,,,,,,,,,,,,,,,,,,,,,,,,
CT1-4.KWH,(度數            ),kW h,14498,14499,14500,14501,14502,14503,14504,14506,14507,14508,14509,14509,14509,14509,14509,14509,14509,14509,14509,14509,14509,14509,14509,14509,14509,14509,14509,14509,14509,14509,14509,14509,14509,14509,14509,14509,14509,14509,14509,14509,14509,14509,14509,14509,14509,14509,14509,14509,14509,14509,14509,14509,14509,14509,14509,14509,14510,14511,14512,14513,14514,14516,14517,14518,14519,14520,14521,14522,14523,14525,14525,14527,14528,14529,14530,14531,14533,14534,14535,14536,14537,14538,14539,14541,14542,14543,14544,14545,14546,14547,14548,14549,14551,14552,14553,14554,14555,14556,14557,14558,14560,14561,14562,14563,14564,14565,14566,14567,14569,14570,14570,,,,,,,,,,,,,,,,,,,,,,,,,,,,,,,,,
CT1-4:KW,(                ),kW,6.9,6.9,6.8,6.9,7.0,7.0,6.8,6.9,6.9,6.9,6.9,0.0,0.0,0.0,0.0,0.0,0.0,0.0,0.0,0.0,0.0,0.0,0.0,0.0,0.0,0.0,0.0,0.0,0.0,0.0,0.0,0.0,0.0,0.0,0.0,0.0,0.0,0.0,0.0,0.0,0.0,0.0,0.0,0.0,0.0,0.0,0.0,0.0,0.0,0.0,0.0,0.0,0.0,0.0,0.0,0.0,7.1,7.0,6.9,6.8,6.9,6.9,6.9,6.8,6.8,6.7,6.9,6.9,6.9,6.8,7.0,6.8,6.8,6.8,6.9,6.8,6.7,6.7,6.7,6.8,6.6,6.8,6.7,6.8,6.8,6.7,6.7,6.6,6.7,6.6,6.7,6.7,6.7,6.7,6.7,6.8,6.7,6.8,6.8,6.6,6.9,6.7,6.9,6.8,6.9,6.8,6.8,6.8,6.8,6.7,6.7,,,,,,,,,,,,,,,,,,,,,,,,,,,,,,,,,
CT1-ALL.KW,(冷卻水塔系統功率),,27.4,27.4,27.4,27.4,27.8,27.6,27.2,27.7,27.6,27.4,27.5,0.0,0.0,0.0,0.0,0.0,0.0,0.0,0.0,0.0,0.0,0.0,0.0,0.0,0.0,0.0,0.0,0.0,0.0,0.0,0.0,0.0,0.0,0.0,0.0,0.0,0.0,0.0,0.0,0.0,0.0,0.0,0.0,0.0,0.0,0.0,0.0,0.0,0.0,0.0,0.0,0.0,0.0,0.0,0.0,0.0,27.9,27.5,27.3,27.4,27.3,27.1,27.0,27.1,27.3,27.1,27.2,27.1,27.3,27.0,27.1,27.0,27.0,27.3,27.3,27.2,27.0,27.0,27.1,27.1,26.9,27.1,27.2,26.9,27.3,27.0,27.0,27.0,27.0,26.8,26.9,26.9,27.1,27.2,27.0,27.1,27.1,26.9,27.1,26.7,27.3,27.1,27.0,27.2,27.3,27.1,27.4,27.3,27.3,27.2,27.4,,,,,,,,,,,,,,,,,,,,,,,,,,,,,,,,,
CT1-ALL.KWH,(度數            ),kW h,51987,51991,51996,52000,52005,52009,52014,52018,52023,52028,52032,52032,52032,52032,52032,52032,52032,52032,52032,52032,52032,52032,52032,52032,52032,52032,52032,52032,52032,52032,52032,52032,52032,52032,52032,52032,52032,52032,52032,52032,52032,52032,52032,52032,52032,52032,52032,52032,52032,52032,52032,52032,52032,52032,52032,52032,52035,52040,52044,52049,52053,52058,52062,52067,52071,52076,52080,52085,52089,52094,52096,52103,52108,52112,52117,52121,52126,52130,52135,52139,52144,52148,52153,52157,52162,52166,52171,52175,52180,52184,52189,52193,52198,52202,52207,52211,52216,52220,52225,52229,52234,52238,52243,52247,52252,52256,52261,52265,52270,52274,52277,,,,,,,,,,,,,,,,,,,,,,,,,,,,,,,,,
CT2-1.KWH,(度數            ),kW h,11843,11843,11843,11843,11843,11843,11843,11843,11843,11843,11843,11843,11843,11843,11843,11843,11843,11843,11843,11843,11843,11843,11843,11843,11843,11843,11843,11843,11843,11843,11843,11843,11843,11843,11843,11843,11843,11843,11843,11843,11843,11843,11843,11843,11843,11843,11843,11843,11843,11843,11843,11843,11844,11845,11846,11847,11848,11849,11851,11852,11853,11854,11855,11856,11857,11858,11860,11861,11862,11863,11863,11865,11866,11867,11868,11870,11871,11872,11873,11874,11875,11876,11877,11879,11880,11881,11882,11883,11884,11885,11886,11887,11888,11890,11891,11892,11893,11894,11895,11896,11897,11898,11900,11901,11902,11903,11904,11905,11906,11907,11908,,,,,,,,,,,,,,,,,,,,,,,,,,,,,,,,,
CT2-1:KW,(                ),kW,0.0,0.0,0.0,0.0,0.0,0.0,0.0,0.0,0.0,0.0,0.0,0.0,0.0,0.0,0.0,0.0,0.0,0.0,0.0,0.0,0.0,0.0,0.0,0.0,0.0,0.0,0.0,0.0,0.0,0.0,0.0,0.0,0.0,0.0,0.0,0.0,0.0,0.0,0.0,0.0,0.0,0.0,0.0,0.0,0.0,0.0,0.0,0.0,0.0,0.0,0.0,0.0,6.9,6.8,6.8,6.6,6.7,6.7,6.8,6.6,6.7,6.8,6.7,6.7,6.7,6.7,6.8,6.8,6.7,6.7,6.7,6.7,6.6,6.6,6.6,6.7,6.6,6.7,6.7,6.7,6.5,6.7,6.6,6.6,6.7,6.7,6.7,6.7,6.7,6.7,6.7,6.7,6.7,6.7,6.7,6.8,6.7,6.8,6.6,6.6,6.7,6.6,6.7,6.6,6.7,6.7,6.7,6.7,6.7,6.7,6.7,,,,,,,,,,,,,,,,,,,,,,,,,,,,,,,,,
CT2-2.KWH,(度數            ),kW h,11513,11513,11513,11513,11513,11513,11513,11513,11513,11513,11513,11513,11513,11513,11513,11513,11513,11513,11513,11513,11513,11513,11513,11513,11513,11513,11513,11513,11513,11513,11513,11513,11513,11513,11513,11513,11513,11513,11513,11513,11513,11513,11513,11513,11513,11513,11513,11513,11513,11513,11513,11513,11514,11515,11516,11518,11519,11520,11521,11522,11523,11524,11525,11526,11527,11529,11530,11531,11532,11533,11533,11535,11536,11537,11538,11539,11540,11542,11543,11544,11545,11546,11547,11548,11549,11550,11551,11552,11554,11555,11556,11557,11558,11559,11560,11561,11562,11563,11564,11565,11566,11568,11569,11570,11571,11572,11573,11574,11575,11576,11577,,,,,,,,,,,,,,,,,,,,,,,,,,,,,,,,,
CT2-2:KW,(                ),kW,0.0,0.0,0.0,0.0,0.0,0.0,0.0,0.0,0.0,0.0,0.0,0.0,0.0,0.0,0.0,0.0,0.0,0.0,0.0,0.0,0.0,0.0,0.0,0.0,0.0,0.0,0.0,0.0,0.0,0.0,0.0,0.0,0.0,0.0,0.0,0.0,0.0,0.0,0.0,0.0,0.0,0.0,0.0,0.0,0.0,0.0,0.0,0.0,0.0,0.0,0.0,0.0,6.7,6.6,6.6,6.6,6.6,6.7,6.7,6.7,6.6,6.6,6.6,6.5,6.5,6.5,6.5,6.6,6.5,6.6,6.5,6.5,6.4,6.5,6.6,6.5,6.5,6.6,6.5,6.4,6.5,6.5,6.5,6.5,6.6,6.6,6.5,6.5,6.5,6.6,6.6,6.4,6.6,6.5,6.7,6.3,6.6,6.6,6.5,6.4,6.6,6.5,6.5,6.5,6.5,6.6,6.5,6.5,6.5,6.6,6.5,,,,,,,,,,,,,,,,,,,,,,,,,,,,,,,,,
CT2-3.KWH,(度數            ),kW h,11329,11329,11329,11329,11329,11329,11329,11329,11329,11329,11329,11329,11329,11329,11329,11329,11329,11329,11329,11329,11329,11329,11329,11329,11329,11329,11329,11329,11329,11329,11329,11329,11329,11329,11329,11329,11329,11329,11329,11329,11329,11329,11329,11329,11329,11329,11329,11329,11329,11329,11329,11329,11330,11331,11332,11333,11334,11335,11336,11337,11338,11339,11340,11341,11343,11344,11345,11346,11347,11348,11349,11350,11351,11352,11353,11354,11355,11357,11358,11359,11360,11361,11362,11363,11364,11365,11366,11367,11368,11370,11371,11372,11373,11374,11375,11376,11377,11378,11379,11380,11381,11382,11383,11385,11386,11387,11388,11389,11390,11391,11392,,,,,,,,,,,,,,,,,,,,,,,,,,,,,,,,,
CT2-3:KW,(                ),kW,0.0,0.0,0.0,0.0,0.0,0.0,0.0,0.0,0.0,0.0,0.0,0.0,0.0,0.0,0.0,0.0,0.0,0.0,0.0,0.0,0.0,0.0,0.0,0.0,0.0,0.0,0.0,0.0,0.0,0.0,0.0,0.0,0.0,0.0,0.0,0.0,0.0,0.0,0.0,0.0,0.0,0.0,0.0,0.0,0.0,0.0,0.0,0.0,0.0,0.0,0.0,0.0,6.6,6.5,6.5,6.4,6.6,6.6,6.5,6.5,6.5,6.5,6.5,6.6,6.6,6.5,6.4,6.5,6.4,6.4,6.4,6.4,6.4,6.4,6.5,6.4,6.4,6.4,6.4,6.6,6.4,6.4,6.6,6.5,6.5,6.4,6.5,6.6,6.4,6.4,6.5,6.5,6.4,6.4,6.4,6.4,6.4,6.6,6.4,6.4,6.5,6.5,6.4,6.5,6.4,6.5,6.5,6.3,6.5,6.5,6.4,,,,,,,,,,,,,,,,,,,,,,,,,,,,,,,,,
CT2-4.KWH,(度數            ),kW h,11671,11671,11671,11671,11671,11671,11671,11671,11671,11671,11671,11671,11671,11671,11671,11671,11671,11671,11671,11671,11671,11671,11671,11671,11671,11671,11671,11671,11671,11671,11671,11671,11671,11671,11671,11671,11671,11671,11671,11671,11671,11671,11671,11671,11671,11671,11671,11671,11671,11671,11671,11671,11672,11673,11674,11675,11676,11677,11678,11680,11681,11682,11683,11684,11685,11686,11687,11688,11689,11691,11691,11693,11694,11695,11696,11697,11698,11699,11701,11702,11703,11704,11705,11706,11707,11708,11709,11710,11712,11713,11714,11715,11716,11717,11718,11719,11720,11721,11722,11724,11725,11726,11727,11728,11729,11730,11731,11732,11733,11735,11735,,,,,,,,,,,,,,,,,,,,,,,,,,,,,,,,,
CT2-4:KW,(                ),kW,0.0,0.0,0.0,0.0,0.0,0.0,0.0,0.0,0.0,0.0,0.0,0.0,0.0,0.0,0.0,0.0,0.0,0.0,0.0,0.0,0.0,0.0,0.0,0.0,0.0,0.0,0.0,0.0,0.0,0.0,0.0,0.0,0.0,0.0,0.0,0.0,0.0,0.0,0.0,0.0,0.0,0.0,0.0,0.0,0.0,0.0,0.0,0.0,0.0,0.0,0.0,0.0,6.9,6.9,6.7,6.7,6.6,6.6,6.8,6.6,6.6,6.7,6.6,6.6,6.6,6.6,6.7,6.6,6.7,6.6,6.7,6.7,6.6,6.6,6.6,6.6,6.6,6.6,6.6,6.5,6.6,6.7,6.6,6.6,6.5,6.6,6.5,6.6,6.5,6.5,6.6,6.5,6.5,6.5,6.6,6.5,6.6,6.6,6.5,6.5,6.7,6.6,6.6,6.7,6.6,6.6,6.7,6.7,6.6,6.7,6.6,,,,,,,,,,,,,,,,,,,,,,,,,,,,,,,,,
CT2-ALL.KW,(冷卻水塔系統功率),,0.0,0.0,0.0,0.0,0.0,0.0,0.0,0.0,0.0,0.0,0.0,0.0,0.0,0.0,0.0,0.0,0.0,0.0,0.0,0.0,0.0,0.0,0.0,0.0,0.0,0.0,0.0,0.0,0.0,0.0,0.0,0.0,0.0,0.0,0.0,0.0,0.0,0.0,0.0,0.0,0.0,0.0,0.0,0.0,0.0,0.0,0.0,0.0,0.0,0.0,0.0,0.0,27.2,26.9,26.6,26.3,26.5,26.6,26.8,26.4,26.4,26.5,26.5,26.4,26.4,26.3,26.5,26.5,26.3,26.3,26.4,26.3,26.1,26.0,26.3,26.2,26.2,26.4,26.3,26.3,26.1,26.2,26.3,26.1,26.3,26.3,26.2,26.3,26.1,26.2,26.4,26.1,26.2,26.1,26.4,26.1,26.3,26.5,26.1,26.0,26.5,26.1,26.3,26.4,26.3,26.5,26.4,26.1,26.3,26.6,26.3,,,,,,,,,,,,,,,,,,,,,,,,,,,,,,,,,
CT2-ALL.KWH,(度數            ),kW h,46357,46357,46357,46357,46357,46357,46357,46357,46357,46357,46357,46357,46357,46357,46357,46357,46357,46357,46357,46357,46357,46357,46357,46357,46357,46357,46357,46357,46357,46357,46357,46357,46357,46357,46357,46357,46357,46357,46357,46357,46357,46357,46357,46357,46357,46357,46357,46357,46357,46357,46357,46357,46361,46365,46370,46374,46379,46383,46387,46392,46396,46401,46405,46409,46414,46418,46423,46427,46431,46436,46438,46445,46449,46453,46458,46462,46466,46471,46475,46480,46484,46488,46493,46497,46501,46506,46510,46515,46519,46523,46528,46532,46536,46541,46545,46549,46554,46558,46563,46567,46571,46576,46580,46584,46589,46593,46597,46602,46606,46611,46613,,,,,,,,,,,,,,,,,,,,,,,,,,,,,,,,,
CT3-1.KWH,(度數            ),kW h,6605,6605,6605,6605,6605,6605,6605,6605,6605,6605,6605,6605,6605,6605,6605,6605,6605,6605,6605,6605,6605,6605,6605,6605,6605,6605,6605,6605,6605,6605,6605,6605,6605,6605,6605,6605,6605,6605,6605,6605,6605,6605,6605,6605,6605,6605,6605,6605,6605,6605,6605,6605,6605,6605,6605,6605,6605,6605,6605,6605,6605,6605,6605,6605,6605,6605,6605,6605,6605,6605,6605,6605,6605,6605,6605,6605,6605,6605,6605,6605,6605,6605,6605,6605,6605,6605,6605,6605,6605,6605,6605,6605,6605,6605,6605,6605,6605,6605,6605,6605,6605,6605,6605,6605,6605,6605,6605,6605,6605,6605,6605,,,,,,,,,,,,,,,,,,,,,,,,,,,,,,,,,
CT3-1:KW,(                ),kW,0.0,0.0,0.0,0.0,0.0,0.0,0.0,0.0,0.0,0.0,0.0,0.0,0.0,0.0,0.0,0.0,0.0,0.0,0.0,0.0,0.0,0.0,0.0,0.0,0.0,0.0,0.0,0.0,0.0,0.0,0.0,0.0,0.0,0.0,0.0,0.0,0.0,0.0,0.0,0.0,0.0,0.0,0.0,0.0,0.0,0.0,0.0,0.0,0.0,0.0,0.0,0.0,0.0,0.0,0.0,0.0,0.0,0.0,0.0,0.0,0.0,0.0,0.0,0.0,0.0,0.0,0.0,0.0,0.0,0.0,0.0,0.0,0.0,0.0,0.0,0.0,0.0,0.0,0.0,0.0,0.0,0.0,0.0,0.0,0.0,0.0,0.0,0.0,0.0,0.0,0.0,0.0,0.0,0.0,0.0,0.0,0.0,0.0,0.0,0.0,0.0,0.0,0.0,0.0,0.0,0.0,0.0,0.0,0.0,0.0,0.0,,,,,,,,,,,,,,,,,,,,,,,,,,,,,,,,,
CT3-2.KWH,(度數            ),kW h,7411,7411,7411,7411,7411,7411,7411,7411,7411,7411,7411,7411,7411,7411,7411,7411,7411,7411,7411,7411,7411,7411,7411,7411,7411,7411,7411,7411,7411,7411,7411,7411,7411,7411,7411,7411,7411,7411,7411,7411,7411,7411,7411,7411,7411,7411,7411,7411,7411,7411,7411,7411,7411,7411,7411,7411,7411,7411,7411,7411,7411,7411,7411,7411,7411,7411,7411,7411,7411,7411,7411,7411,7411,7411,7411,7411,7411,7411,7411,7411,7411,7411,7411,7411,7411,7411,7411,7411,7411,7411,7411,7411,7411,7411,7411,7411,7411,7411,7411,7411,7411,7411,7411,7411,7411,7411,7411,7411,7411,7411,7411,,,,,,,,,,,,,,,,,,,,,,,,,,,,,,,,,
CT3-2:KW,(                ),kW,0.0,0.0,0.0,0.0,0.0,0.0,0.0,0.0,0.0,0.0,0.0,0.0,0.0,0.0,0.0,0.0,0.0,0.0,0.0,0.0,0.0,0.0,0.0,0.0,0.0,0.0,0.0,0.0,0.0,0.0,0.0,0.0,0.0,0.0,0.0,0.0,0.0,0.0,0.0,0.0,0.0,0.0,0.0,0.0,0.0,0.0,0.0,0.0,0.0,0.0,0.0,0.0,0.0,0.0,0.0,0.0,0.0,0.0,0.0,0.0,0.0,0.0,0.0,0.0,0.0,0.0,0.0,0.0,0.0,0.0,0.0,0.0,0.0,0.0,0.0,0.0,0.0,0.0,0.0,0.0,0.0,0.0,0.0,0.0,0.0,0.0,0.0,0.0,0.0,0.0,0.0,0.0,0.0,0.0,0.0,0.0,0.0,0.0,0.0,0.0,0.0,0.0,0.0,0.0,0.0,0.0,0.0,0.0,0.0,0.0,0.0,,,,,,,,,,,,,,,,,,,,,,,,,,,,,,,,,
CT3-3.KWH,(度數            ),kW h,7755,7755,7755,7755,7755,7755,7755,7755,7755,7755,7755,7755,7755,7755,7755,7755,7755,7755,7755,7755,7755,7755,7755,7755,7755,7755,7755,7755,7755,7755,7755,7755,7755,7755,7755,7755,7755,7755,7755,7755,7755,7755,7755,7755,7755,7755,7755,7755,7755,7755,7755,7755,7755,7755,7755,7755,7755,7755,7755,7755,7755,7755,7755,7755,7755,7755,7755,7755,7755,7755,7755,7755,7755,7755,7755,7755,7755,7755,7755,7755,7755,7755,7755,7755,7755,7755,7755,7755,7755,7755,7755,7755,7755,7755,7755,7755,7755,7755,7755,7755,7755,7755,7755,7755,7755,7755,7755,7755,7755,7755,7755,,,,,,,,,,,,,,,,,,,,,,,,,,,,,,,,,
CT3-3:KW,(                ),kW,0.0,0.0,0.0,0.0,0.0,0.0,0.0,0.0,0.0,0.0,0.0,0.0,0.0,0.0,0.0,0.0,0.0,0.0,0.0,0.0,0.0,0.0,0.0,0.0,0.0,0.0,0.0,0.0,0.0,0.0,0.0,0.0,0.0,0.0,0.0,0.0,0.0,0.0,0.0,0.0,0.0,0.0,0.0,0.0,0.0,0.0,0.0,0.0,0.0,0.0,0.0,0.0,0.0,0.0,0.0,0.0,0.0,0.0,0.0,0.0,0.0,0.0,0.0,0.0,0.0,0.0,0.0,0.0,0.0,0.0,0.0,0.0,0.0,0.0,0.0,0.0,0.0,0.0,0.0,0.0,0.0,0.0,0.0,0.0,0.0,0.0,0.0,0.0,0.0,0.0,0.0,0.0,0.0,0.0,0.0,0.0,0.0,0.0,0.0,0.0,0.0,0.0,0.0,0.0,0.0,0.0,0.0,0.0,0.0,0.0,0.0,,,,,,,,,,,,,,,,,,,,,,,,,,,,,,,,,
CT3-4.KWH,(度數            ),kW h,7813,7813,7813,7813,7813,7813,7813,7813,7813,7813,7813,7813,7813,7813,7813,7813,7813,7813,7813,7813,7813,7813,7813,7813,7813,7813,7813,7813,7813,7813,7813,7813,7813,7813,7813,7813,7813,7813,7813,7813,7813,7813,7813,7813,7813,7813,7813,7813,7813,7813,7813,7813,7813,7813,7813,7813,7813,7813,7813,7813,7813,7813,7813,7813,7813,7813,7813,7813,7813,7813,7813,7813,7813,7813,7813,7813,7813,7813,7813,7813,7813,7813,7813,7813,7813,7813,7813,7813,7813,7813,7813,7813,7813,7813,7813,7813,7813,7813,7813,7813,7813,7813,7813,7813,7813,7813,7813,7813,7813,7813,7813,,,,,,,,,,,,,,,,,,,,,,,,,,,,,,,,,
CT3-4:KW,(                ),kW,0.0,0.0,0.0,0.0,0.0,0.0,0.0,0.0,0.0,0.0,0.0,0.0,0.0,0.0,0.0,0.0,0.0,0.0,0.0,0.0,0.0,0.0,0.0,0.0,0.0,0.0,0.0,0.0,0.0,0.0,0.0,0.0,0.0,0.0,0.0,0.0,0.0,0.0,0.0,0.0,0.0,0.0,0.0,0.0,0.0,0.0,0.0,0.0,0.0,0.0,0.0,0.0,0.0,0.0,0.0,0.0,0.0,0.0,0.0,0.0,0.0,0.0,0.0,0.0,0.0,0.0,0.0,0.0,0.0,0.0,0.0,0.0,0.0,0.0,0.0,0.0,0.0,0.0,0.0,0.0,0.0,0.0,0.0,0.0,0.0,0.0,0.0,0.0,0.0,0.0,0.0,0.0,0.0,0.0,0.0,0.0,0.0,0.0,0.0,0.0,0.0,0.0,0.0,0.0,0.0,0.0,0.0,0.0,0.0,0.0,0.0,,,,,,,,,,,,,,,,,,,,,,,,,,,,,,,,,
CT3-ALL.KW,(冷卻水塔系統功率),,0.0,0.0,0.0,0.0,0.0,0.0,0.0,0.0,0.0,0.0,0.0,0.0,0.0,0.0,0.0,0.0,0.0,0.0,0.0,0.0,0.0,0.0,0.0,0.0,0.0,0.0,0.0,0.0,0.0,0.0,0.0,0.0,0.0,0.0,0.0,0.0,0.0,0.0,0.0,0.0,0.0,0.0,0.0,0.0,0.0,0.0,0.0,0.0,0.0,0.0,0.0,0.0,0.0,0.0,0.0,0.0,0.0,0.0,0.0,0.0,0.0,0.0,0.0,0.0,0.0,0.0,0.0,0.0,0.0,0.0,0.0,0.0,0.0,0.0,0.0,0.0,0.0,0.0,0.0,0.0,0.0,0.0,0.0,0.0,0.0,0.0,0.0,0.0,0.0,0.0,0.0,0.0,0.0,0.0,0.0,0.0,0.0,0.0,0.0,0.0,0.0,0.0,0.0,0.0,0.0,0.0,0.0,0.0,0.0,0.0,0.0,,,,,,,,,,,,,,,,,,,,,,,,,,,,,,,,,
CT3-ALL.KWH,(度數            ),kW h,29586,29586,29586,29586,29586,29586,29586,29586,29586,29586,29586,29586,29586,29586,29586,29586,29586,29586,29586,29586,29586,29586,29586,29586,29586,29586,29586,29586,29586,29586,29586,29586,29586,29586,29586,29586,29586,29586,29586,29586,29586,29586,29586,29586,29586,29586,29586,29586,29586,29586,29586,29586,29586,29586,29586,29586,29586,29586,29586,29586,29586,29586,29586,29586,29586,29586,29586,29586,29586,29586,29586,29586,29586,29586,29586,29586,29586,29586,29586,29586,29586,29586,29586,29586,29586,29586,29586,29586,29586,29586,29586,29586,29586,29586,29586,29586,29586,29586,29586,29586,29586,29586,29586,29586,29586,29586,29586,29586,29586,29586,29586,,,,,,,,,,,,,,,,,,,,,,,,,,,,,,,,,
CT4-1.KWH,(度數            ),kW h,13485,13485,13485,13485,13485,13485,13485,13485,13485,13485,13485,13485,13485,13485,13485,13485,13485,13485,13485,13485,13485,13485,13485,13485,13485,13485,13485,13485,13485,13485,13485,13485,13485,13485,13485,13485,13485,13485,13485,13485,13485,13485,13485,13485,13485,13485,13485,13485,13485,13485,13485,13485,13485,13485,13485,13485,13485,13485,13485,13485,13485,13485,13485,13485,13485,13485,13485,13485,13485,13485,13485,13485,13485,13485,13485,13485,13485,13485,13485,13485,13485,13485,13485,13485,13485,13485,13485,13485,13485,13485,13485,13485,13485,13485,13485,13485,13485,13485,13485,13485,13485,13485,13485,13485,13485,13485,13485,13485,13485,13485,13485,,,,,,,,,,,,,,,,,,,,,,,,,,,,,,,,,
CT4-1:KW,(                ),kW,0.0,0.0,0.0,0.0,0.0,0.0,0.0,0.0,0.0,0.0,0.0,0.0,0.0,0.0,0.0,0.0,0.0,0.0,0.0,0.0,0.0,0.0,0.0,0.0,0.0,0.0,0.0,0.0,0.0,0.0,0.0,0.0,0.0,0.0,0.0,0.0,0.0,0.0,0.0,0.0,0.0,0.0,0.0,0.0,0.0,0.0,0.0,0.0,0.0,0.0,0.0,0.0,0.0,0.0,0.0,0.0,0.0,0.0,0.0,0.0,0.0,0.0,0.0,0.0,0.0,0.0,0.0,0.0,0.0,0.0,0.0,0.0,0.0,0.0,0.0,0.0,0.0,0.0,0.0,0.0,0.0,0.0,0.0,0.0,0.0,0.0,0.0,0.0,0.0,0.0,0.0,0.0,0.0,0.0,0.0,0.0,0.0,0.0,0.0,0.0,0.0,0.0,0.0,0.0,0.0,0.0,0.0,0.0,0.0,0.0,0.0,,,,,,,,,,,,,,,,,,,,,,,,,,,,,,,,,
CT4-2.KWH,(度數            ),kW h,8349,8349,8349,8349,8349,8349,8349,8349,8349,8349,8349,8349,8349,8349,8349,8349,8349,8349,8349,8349,8349,8349,8349,8349,8349,8349,8349,8349,8349,8349,8349,8349,8349,8349,8349,8349,8349,8349,8349,8349,8349,8349,8349,8349,8349,8349,8349,8349,8349,8349,8349,8349,8349,8349,8349,8349,8349,8349,8349,8349,8349,8349,8349,8349,8349,8349,8349,8349,8349,8349,8349,8349,8349,8349,8349,8349,8349,8349,8349,8349,8349,8349,8349,8349,8349,8349,8349,8349,8349,8349,8349,8349,8349,8349,8349,8349,8349,8349,8349,8349,8349,8349,8349,8349,8349,8349,8349,8349,8349,8349,8349,,,,,,,,,,,,,,,,,,,,,,,,,,,,,,,,,
CT4-2:KW,(                ),kW,0.0,0.0,0.0,0.0,0.0,0.0,0.0,0.0,0.0,0.0,0.0,0.0,0.0,0.0,0.0,0.0,0.0,0.0,0.0,0.0,0.0,0.0,0.0,0.0,0.0,0.0,0.0,0.0,0.0,0.0,0.0,0.0,0.0,0.0,0.0,0.0,0.0,0.0,0.0,0.0,0.0,0.0,0.0,0.0,0.0,0.0,0.0,0.0,0.0,0.0,0.0,0.0,0.0,0.0,0.0,0.0,0.0,0.0,0.0,0.0,0.0,0.0,0.0,0.0,0.0,0.0,0.0,0.0,0.0,0.0,0.0,0.0,0.0,0.0,0.0,0.0,0.0,0.0,0.0,0.0,0.0,0.0,0.0,0.0,0.0,0.0,0.0,0.0,0.0,0.0,0.0,0.0,0.0,0.0,0.0,0.0,0.0,0.0,0.0,0.0,0.0,0.0,0.0,0.0,0.0,0.0,0.0,0.0,0.0,0.0,0.0,,,,,,,,,,,,,,,,,,,,,,,,,,,,,,,,,
CT4-3.KWH,(度數            ),kW h,12784,12784,12784,12784,12784,12784,12784,12784,12784,12784,12784,12784,12784,12784,12784,12784,12784,12784,12784,12784,12784,12784,12784,12784,12784,12784,12784,12784,12784,12784,12784,12784,12784,12784,12784,12784,12784,12784,12784,12784,12784,12784,12784,12784,12784,12784,12784,12784,12784,12784,12784,12784,12784,12784,12784,12784,12784,12784,12784,12784,12784,12784,12784,12784,12784,12784,12784,12784,12784,12784,12784,12784,12784,12784,12784,12784,12784,12784,12784,12784,12784,12784,12784,12784,12784,12784,12784,12784,12784,12784,12784,12784,12784,12784,12784,12784,12784,12784,12784,12784,12784,12784,12784,12784,12784,12784,12784,12784,12784,12784,12784,,,,,,,,,,,,,,,,,,,,,,,,,,,,,,,,,
CT4-3:KW,(                ),kW,0.0,0.0,0.0,0.0,0.0,0.0,0.0,0.0,0.0,0.0,0.0,0.0,0.0,0.0,0.0,0.0,0.0,0.0,0.0,0.0,0.0,0.0,0.0,0.0,0.0,0.0,0.0,0.0,0.0,0.0,0.0,0.0,0.0,0.0,0.0,0.0,0.0,0.0,0.0,0.0,0.0,0.0,0.0,0.0,0.0,0.0,0.0,0.0,0.0,0.0,0.0,0.0,0.0,0.0,0.0,0.0,0.0,0.0,0.0,0.0,0.0,0.0,0.0,0.0,0.0,0.0,0.0,0.0,0.0,0.0,0.0,0.0,0.0,0.0,0.0,0.0,0.0,0.0,0.0,0.0,0.0,0.0,0.0,0.0,0.0,0.0,0.0,0.0,0.0,0.0,0.0,0.0,0.0,0.0,0.0,0.0,0.0,0.0,0.0,0.0,0.0,0.0,0.0,0.0,0.0,0.0,0.0,0.0,0.0,0.0,0.0,,,,,,,,,,,,,,,,,,,,,,,,,,,,,,,,,
CT4-4.KWH,(度數            ),kW h,10860,10860,10860,10860,10860,10860,10860,10860,10860,10860,10860,10860,10860,10860,10860,10860,10860,10860,10860,10860,10860,10860,10860,10860,10860,10860,10860,10860,10860,10860,10860,10860,10860,10860,10860,10860,10860,10860,10860,10860,10860,10860,10860,10860,10860,10860,10860,10860,10860,10860,10860,10860,10860,10860,10860,10860,10860,10860,10860,10860,10860,10860,10860,10860,10860,10860,10860,10860,10860,10860,10860,10860,10860,10860,10860,10860,10860,10860,10860,10860,10860,10860,10860,10860,10860,10860,10860,10860,10860,10860,10860,10860,10860,10860,10860,10860,10860,10860,10860,10860,10860,10860,10860,10860,10860,10860,10860,10860,10860,10860,10860,,,,,,,,,,,,,,,,,,,,,,,,,,,,,,,,,
CT4-4:KW,(                ),kW,0.0,0.0,0.0,0.0,0.0,0.0,0.0,0.0,0.0,0.0,0.0,0.0,0.0,0.0,0.0,0.0,0.0,0.0,0.0,0.0,0.0,0.0,0.0,0.0,0.0,0.0,0.0,0.0,0.0,0.0,0.0,0.0,0.0,0.0,0.0,0.0,0.0,0.0,0.0,0.0,0.0,0.0,0.0,0.0,0.0,0.0,0.0,0.0,0.0,0.0,0.0,0.0,0.0,0.0,0.0,0.0,0.0,0.0,0.0,0.0,0.0,0.0,0.0,0.0,0.0,0.0,0.0,0.0,0.0,0.0,0.0,0.0,0.0,0.0,0.0,0.0,0.0,0.0,0.0,0.0,0.0,0.0,0.0,0.0,0.0,0.0,0.0,0.0,0.0,0.0,0.0,0.0,0.0,0.0,0.0,0.0,0.0,0.0,0.0,0.0,0.0,0.0,0.0,0.0,0.0,0.0,0.0,0.0,0.0,0.0,0.0,,,,,,,,,,,,,,,,,,,,,,,,,,,,,,,,,
CT4-ALL.KW,(冷卻水塔系統功率),,0.0,0.0,0.0,0.0,0.0,0.0,0.0,0.0,0.0,0.0,0.0,0.0,0.0,0.0,0.0,0.0,0.0,0.0,0.0,0.0,0.0,0.0,0.0,0.0,0.0,0.0,0.0,0.0,0.0,0.0,0.0,0.0,0.0,0.0,0.0,0.0,0.0,0.0,0.0,0.0,0.0,0.0,0.0,0.0,0.0,0.0,0.0,0.0,0.0,0.0,0.0,0.0,0.0,0.0,0.0,0.0,0.0,0.0,0.0,0.0,0.0,0.0,0.0,0.0,0.0,0.0,0.0,0.0,0.0,0.0,0.0,0.0,0.0,0.0,0.0,0.0,0.0,0.0,0.0,0.0,0.0,0.0,0.0,0.0,0.0,0.0,0.0,0.0,0.0,0.0,0.0,0.0,0.0,0.0,0.0,0.0,0.0,0.0,0.0,0.0,0.0,0.0,0.0,0.0,0.0,0.0,0.0,0.0,0.0,0.0,0.0,,,,,,,,,,,,,,,,,,,,,,,,,,,,,,,,,
CT4-ALL.KWH,(度數            ),kW h,45480,45480,45480,45480,45480,45480,45480,45480,45480,45480,45480,45480,45480,45480,45480,45480,45480,45480,45480,45480,45480,45480,45480,45480,45480,45480,45480,45480,45480,45480,45480,45480,45480,45480,45480,45480,45480,45480,45480,45480,45480,45480,45480,45480,45480,45480,45480,45480,45480,45480,45480,45480,45480,45480,45480,45480,45480,45480,45480,45480,45480,45480,45480,45480,45480,45480,45480,45480,45480,45480,45480,45480,45480,45480,45480,45480,45480,45480,45480,45480,45480,45480,45480,45480,45480,45480,45480,45480,45480,45480,45480,45480,45480,45480,45480,45480,45480,45480,45480,45480,45480,45480,45480,45480,45480,45480,45480,45480,45480,45480,45480,,,,,,,,,,,,,,,,,,,,,,,,,,,,,,,,,
CT5-1.KWH,(度數            ),kW h,14559,14559,14559,14559,14559,14559,14559,14559,14559,14559,14559,14559,14559,14559,14559,14559,14559,14559,14559,14559,14559,14559,14559,14559,14559,14559,14559,14559,14559,14559,14559,14559,14559,14559,14559,14559,14559,14559,14559,14559,14559,14559,14559,14559,14559,14559,14559,14559,14559,14560,14562,14563,14564,14565,14566,14567,14568,14569,14570,14571,14572,14573,14574,14576,14577,14578,14579,14580,14581,14582,14583,14584,14585,14586,14587,14588,14589,14590,14592,14593,14594,14595,14596,14597,14598,14599,14600,14601,14602,14603,14604,14605,14606,14607,14608,14610,14611,14612,14613,14614,14615,14616,14617,14618,14619,14620,14621,14622,14623,14624,14625,,,,,,,,,,,,,,,,,,,,,,,,,,,,,,,,,
CT5-1:KW,(                ),kW,0.0,0.0,0.0,0.0,0.0,0.0,0.0,0.0,0.0,0.0,0.0,0.0,0.0,0.0,0.0,0.0,0.0,0.0,0.0,0.0,0.0,0.0,0.0,0.0,0.0,0.0,0.0,0.0,0.0,0.0,0.0,0.0,0.0,0.0,0.0,0.0,0.0,0.0,0.0,0.0,0.0,0.0,0.0,0.0,0.0,0.0,0.0,0.0,6.8,6.5,6.4,6.4,6.6,6.6,6.4,6.4,6.4,6.4,6.3,6.5,6.5,6.4,6.6,6.4,6.5,6.7,6.6,6.5,6.5,6.1,6.5,6.4,6.3,6.4,6.3,6.4,6.3,6.6,6.4,6.4,6.3,6.3,6.1,6.1,6.2,6.4,6.3,6.2,6.4,6.3,6.6,6.3,6.3,6.3,6.2,6.3,6.2,6.2,6.2,6.3,6.2,6.4,6.1,6.4,6.5,6.5,6.6,6.3,6.6,6.2,6.6,,,,,,,,,,,,,,,,,,,,,,,,,,,,,,,,,
CT5-2.KWH,(度數            ),kW h,13924,13924,13924,13924,13924,13924,13924,13924,13924,13924,13924,13924,13924,13924,13924,13924,13924,13924,13924,13924,13924,13924,13924,13924,13924,13924,13924,13924,13924,13924,13924,13924,13924,13924,13924,13924,13924,13924,13924,13924,13924,13924,13924,13924,13924,13924,13924,13924,13925,13926,13927,13928,13929,13930,13931,13932,13933,13934,13935,13936,13937,13938,13939,13940,13941,13942,13943,13944,13945,13947,13947,13949,13950,13951,13952,13953,13954,13955,13956,13957,13958,13959,13960,13961,13962,13963,13964,13965,13966,13967,13968,13969,13970,13971,13972,13973,13974,13975,13976,13977,13978,13979,13980,13981,13982,13983,13984,13985,13986,13987,13988,,,,,,,,,,,,,,,,,,,,,,,,,,,,,,,,,
CT5-2:KW,(                ),kW,0.0,0.0,0.0,0.0,0.0,0.0,0.0,0.0,0.0,0.0,0.0,0.0,0.0,0.0,0.0,0.0,0.0,0.0,0.0,0.0,0.0,0.0,0.0,0.0,0.0,0.0,0.0,0.0,0.0,0.0,0.0,0.0,0.0,0.0,0.0,0.0,0.0,0.0,0.0,0.0,0.0,0.0,0.0,0.0,0.0,0.0,0.0,0.0,6.2,6.1,6.0,6.2,6.1,6.3,6.5,6.4,6.3,6.2,6.0,5.9,6.3,6.1,6.1,6.2,6.1,6.3,6.3,6.2,6.0,6.2,6.0,6.5,6.1,6.2,5.9,6.1,5.9,6.2,5.9,6.4,6.5,6.3,6.2,6.2,5.9,6.4,6.0,6.2,6.0,6.1,6.3,6.1,6.1,5.9,6.2,6.1,6.4,6.4,6.3,6.2,6.2,6.2,6.0,6.1,6.1,5.9,6.4,6.1,6.0,6.3,6.4,,,,,,,,,,,,,,,,,,,,,,,,,,,,,,,,,
CT5-3.KWH,(度數            ),kW h,12657,12657,12657,12657,12657,12657,12657,12657,12657,12657,12657,12657,12657,12657,12657,12657,12657,12657,12657,12657,12657,12657,12657,12657,12657,12657,12657,12657,12657,12657,12657,12657,12657,12657,12657,12657,12657,12657,12657,12657,12657,12657,12657,12657,12657,12657,12657,12657,12657,12658,12659,12660,12661,12662,12663,12664,12665,12666,12667,12668,12669,12670,12671,12672,12673,12674,12675,12676,12677,12678,12679,12680,12681,12682,12683,12684,12685,12686,12687,12688,12689,12690,12691,12692,12693,12694,12695,12696,12697,12698,12699,12700,12701,12702,12703,12704,12705,12706,12707,12708,12709,12710,12711,12712,12713,12714,12715,12716,12717,12718,12718,,,,,,,,,,,,,,,,,,,,,,,,,,,,,,,,,
CT5-3:KW,(                ),kW,0.0,0.0,0.0,0.0,0.0,0.0,0.0,0.0,0.0,0.0,0.0,0.0,0.0,0.0,0.0,0.0,0.0,0.0,0.0,0.0,0.0,0.0,0.0,0.0,0.0,0.0,0.0,0.0,0.0,0.0,0.0,0.0,0.0,0.0,0.0,0.0,0.0,0.0,0.0,0.0,0.0,0.0,0.0,0.0,0.0,0.0,0.0,0.0,6.1,6.1,6.0,6.1,6.2,6.2,6.1,6.2,6.1,6.2,6.1,6.0,6.0,6.1,6.0,5.9,6.1,6.0,6.0,6.1,6.0,6.0,6.1,5.9,6.1,6.0,5.9,5.8,5.6,6.0,5.8,5.9,6.1,5.9,5.9,6.1,5.9,5.9,6.1,5.9,6.0,5.9,6.0,5.8,5.9,6.1,6.0,5.9,6.1,5.8,5.9,6.1,6.0,6.0,6.0,5.9,6.0,6.1,6.0,6.1,6.0,6.0,5.9,,,,,,,,,,,,,,,,,,,,,,,,,,,,,,,,,
CT5-4.KWH,(度數            ),kW h,14073,14073,14073,14073,14073,14073,14073,14073,14073,14073,14073,14073,14073,14073,14073,14073,14073,14073,14073,14073,14073,14073,14073,14073,14073,14073,14073,14073,14073,14073,14073,14073,14073,14073,14073,14073,14073,14073,14073,14073,14073,14073,14073,14073,14073,14073,14073,14073,14073,14074,14075,14077,14078,14079,14080,14081,14082,14083,14084,14085,14086,14087,14088,14089,14090,14091,14092,14093,14094,14096,14096,14098,14099,14100,14101,14102,14103,14104,14105,14106,14107,14108,14109,14110,14111,14112,14113,14114,14115,14117,14118,14119,14120,14121,14122,14123,14124,14125,14126,14127,14128,14129,14130,14131,14132,14133,14134,14135,14136,14137,14138,,,,,,,,,,,,,,,,,,,,,,,,,,,,,,,,,
CT5-4:KW,(                ),kW,0.0,0.0,0.0,0.0,0.0,0.0,0.0,0.0,0.0,0.0,0.0,0.0,0.0,0.0,0.0,0.0,0.0,0.0,0.0,0.0,0.0,0.0,0.0,0.0,0.0,0.0,0.0,0.0,0.0,0.0,0.0,0.0,0.0,0.0,0.0,0.0,0.0,0.0,0.0,0.0,0.0,0.0,0.0,0.0,0.0,0.0,0.0,0.0,6.3,6.5,6.6,6.2,6.4,6.5,6.1,6.3,6.5,6.3,6.2,6.5,6.2,6.4,6.4,6.2,6.4,6.3,6.5,6.3,6.2,6.4,6.3,6.3,6.2,6.2,6.3,6.2,6.4,6.5,6.2,6.5,6.5,6.2,6.3,6.3,6.2,6.4,6.4,6.2,6.2,6.1,6.2,6.4,6.2,6.2,6.1,6.3,6.2,6.4,6.3,6.4,6.4,6.3,5.9,6.3,6.0,6.3,6.2,6.5,6.4,6.1,6.1,,,,,,,,,,,,,,,,,,,,,,,,,,,,,,,,,
CT5-ALL.KW,(冷卻水塔系統功率),,0.0,0.0,0.0,0.0,0.0,0.0,0.0,0.0,0.0,0.0,0.0,0.0,0.0,0.0,0.0,0.0,0.0,0.0,0.0,0.0,0.0,0.0,0.0,0.0,0.0,0.0,0.0,0.0,0.0,0.0,0.0,0.0,0.0,0.0,0.0,0.0,0.0,0.0,0.0,0.0,0.0,0.0,0.0,0.0,0.0,0.0,0.0,0.0,25.5,25.2,25.1,24.9,25.3,25.6,25.1,25.3,25.4,25.1,24.6,24.9,25.0,24.9,25.1,24.7,25.1,25.4,25.4,25.1,24.7,24.7,24.9,25.1,24.7,24.8,24.4,24.5,24.3,25.2,24.4,25.1,25.3,24.7,24.6,24.7,24.2,25.1,24.7,24.6,24.6,24.4,25.1,24.6,24.5,24.6,24.6,24.6,25.0,24.9,24.7,25.0,24.8,24.9,24.0,24.8,24.7,24.8,25.2,24.9,25.0,24.7,25.1,,,,,,,,,,,,,,,,,,,,,,,,,,,,,,,,,
CT5-ALL.KWH,(度數            ),kW h,55215,55215,55215,55215,55215,55215,55215,55215,55215,55215,55215,55215,55215,55215,55215,55215,55215,55215,55215,55215,55215,55215,55215,55215,55215,55215,55215,55215,55215,55215,55215,55215,55215,55215,55215,55215,55215,55215,55215,55215,55215,55215,55215,55215,55215,55215,55215,55215,55216,55220,55224,55229,55233,55237,55241,55245,55250,55254,55258,55262,55266,55270,55275,55279,55283,55287,55291,55295,55300,55304,55306,55312,55316,55320,55324,55329,55333,55337,55341,55345,55349,55353,55358,55362,55366,55370,55374,55378,55382,55386,55390,55395,55399,55403,55407,55411,55415,55419,55423,55427,55431,55436,55440,55444,55448,55452,55456,55460,55464,55469,55471,,,,,,,,,,,,,,,,,,,,,,,,,,,,,,,,,
CTB1-ALL.KW,(冷卻水塔系統功率),,8.2,8.2,8.2,8.2,8.2,8.2,8.2,8.2,8.2,8.2,8.2,8.2,8.2,8.2,8.2,8.2,8.2,8.2,8.2,8.2,8.2,8.2,8.2,8.2,8.2,8.2,8.2,8.2,8.2,8.2,8.2,8.2,8.2,8.2,8.2,8.2,8.2,8.2,8.2,8.2,8.2,8.2,8.2,8.2,8.2,8.2,8.2,8.2,8.2,8.2,8.2,8.2,8.2,8.2,8.2,8.2,8.2,8.2,8.2,8.2,8.2,8.2,8.2,8.2,8.2,8.2,8.2,8.2,8.2,8.2,8.2,8.2,8.2,8.2,8.2,8.2,8.2,8.2,8.2,8.2,8.2,8.2,8.2,8.2,8.2,8.2,8.2,8.2,8.2,8.2,8.2,8.2,8.2,8.2,8.2,8.2,8.2,8.2,8.2,8.2,8.2,8.2,8.2,8.2,8.2,8.2,8.2,8.2,8.2,8.2,8.2,,,,,,,,,,,,,,,,,,,,,,,,,,,,,,,,,
ZP1F7:KW,(                ),kW,0.0,0.0,0.0,0.0,0.0,0.0,0.0,0.0,0.0,0.0,0.0,0.0,0.0,0.0,0.0,0.0,0.0,0.0,0.0,0.0,0.0,0.0,0.0,0.0,0.0,0.0,0.0,0.0,0.0,0.0,0.0,0.0,0.0,0.0,0.0,0.0,0.0,0.0,0.0,0.0,0.0,0.0,0.0,0.0,0.0,0.0,0.0,0.0,0.0,0.0,0.0,0.0,11.2,5.7,0.0,0.0,0.0,0.0,0.0,0.0,0.0,0.0,0.0,0.0,0.0,0.0,0.0,0.0,0.0,0.0,0.0,0.0,0.0,0.0,0.0,0.0,0.0,0.0,0.0,0.0,0.0,0.0,0.0,0.0,0.0,0.0,0.0,0.0,0.0,0.0,0.0,0.0,0.0,0.0,0.0,0.0,0.0,0.0,0.0,0.0,0.0,0.0,0.0,0.0,0.0,0.0,0.0,0.0,0.0,0.0,0.0,,,,,,,,,,,,,,,,,,,,,,,,,,,,,,,,,
ZP1F7:KWH,(                ),,593955,593955,593955,593955,593955,593955,593955,593955,593955,593955,593955,593955,593955,593955,593955,593955,593955,593955,593955,593955,593955,593955,593955,593955,593955,593955,593955,593955,593955,593955,593955,593955,593955,593955,593955,593955,593955,593955,593955,593955,593955,593955,593955,593955,593955,593955,593955,593955,593955,593955,593955,593955,593955,593956,593957,593957,593957,593957,593957,593957,593957,593957,593957,593957,593957,593957,593957,593957,593957,593957,593957,593957,593957,593957,593957,593957,593957,593957,593957,593957,593957,593957,593957,593957,593957,593957,593957,593957,593957,593957,593957,593957,593957,593957,593957,593957,593957,593957,593957,593957,593957,593957,593957,593957,593957,593957,593957,593957,593957,593957,593957,,,,,,,,,,,,,,,,,,,,,,,,,,,,,,,,,
ZP2F7:KW,(                ),kW,16.2,16.2,16.2,16.3,16.0,16.1,16.2,16.2,16.2,16.3,16.5,16.5,16.3,16.6,16.6,16.5,16.5,16.4,16.5,16.3,16.3,16.4,16.4,16.4,16.6,16.5,16.4,16.5,16.3,16.4,0.0,0.0,0.0,0.0,0.0,0.0,0.0,0.0,0.0,0.0,0.0,0.0,0.0,0.0,0.0,0.0,0.0,0.0,0.0,0.0,15.8,16.5,11.1,5.8,7.6,8.1,8.3,8.2,8.7,8.3,8.6,7.8,8.2,8.2,8.1,8.1,9.1,8.8,8.9,9.3,9.7,9.4,9.2,9.4,9.5,9.5,9.6,9.7,9.8,9.7,9.9,9.5,9.7,9.7,9.8,9.6,9.9,9.7,9.7,9.6,9.5,9.7,9.7,9.6,9.8,9.8,9.9,9.7,9.7,9.5,9.7,9.6,9.7,10.1,10.1,10.1,10.3,10.2,10.1,10.3,9.9,,,,,,,,,,,,,,,,,,,,,,,,,,,,,,,,,
ZP2F7:KWH,(                ),,529295,529298,529300,529303,529306,529308,529311,529314,529316,529319,529322,529325,529327,529330,529333,529336,529338,529341,529344,529346,529350,529352,529355,529357,529360,529363,529366,529368,529371,529374,529375,529375,529375,529375,529375,529375,529375,529375,529375,529375,529375,529375,529375,529375,529375,529375,529375,529375,529375,529375,529378,529380,529383,529384,529386,529387,529388,529390,529391,529393,529394,529395,529397,529398,529399,529401,529402,529403,529405,529407,529407,529410,529411,529413,529415,529416,529418,529419,529421,529423,529424,529426,529427,529429,529431,529432,529434,529435,529437,529439,529440,529442,529444,529445,529447,529448,529450,529452,529453,529455,529456,529458,529460,529461,529463,529465,529466,529468,529470,529471,529472,,,,,,,,,,,,,,,,,,,,,,,,,,,,,,,,,
ZP3F7:KW,(                ),kW,0.0,0.0,0.0,0.0,0.0,0.0,0.0,0.0,0.0,0.0,0.0,0.0,0.0,0.0,0.0,0.0,0.0,0.0,0.0,0.0,0.0,0.0,0.0,0.0,0.0,0.0,0.0,0.0,0.0,0.0,0.0,0.0,0.0,0.0,0.0,0.0,0.0,0.0,0.0,0.0,0.0,0.0,0.0,0.0,0.0,0.0,0.0,0.0,0.0,0.0,0.0,0.0,11.0,5.7,7.6,8.0,8.2,8.2,8.7,8.2,8.5,7.8,8.2,8.0,8.2,8.1,9.0,8.7,8.9,9.3,9.3,9.3,9.1,9.3,9.4,9.4,9.5,9.5,9.5,9.6,9.6,9.7,9.6,9.6,9.8,9.5,9.8,9.7,9.7,9.5,9.4,9.6,9.7,9.4,9.6,9.5,9.8,9.6,9.4,9.4,9.5,9.5,9.6,10.0,9.9,10.2,10.2,10.0,9.8,10.3,9.9,,,,,,,,,,,,,,,,,,,,,,,,,,,,,,,,,
ZP3F7:KWH,(                ),,322680,322680,322680,322680,322680,322680,322680,322680,322680,322680,322680,322680,322680,322680,322680,322680,322680,322680,322680,322680,322680,322680,322680,322680,322680,322680,322680,322680,322680,322680,322680,322680,322680,322680,322680,322680,322680,322680,322680,322680,322680,322680,322680,322680,322680,322680,322680,322680,322680,322680,322680,322680,322680,322681,322683,322684,322685,322687,322688,322690,322691,322692,322694,322695,322696,322698,322699,322700,322702,322703,322704,322707,322708,322710,322711,322713,322714,322716,322718,322719,322721,322722,322724,322726,322727,322729,322730,322732,322733,322735,322737,322738,322740,322741,322743,322745,322746,322748,322749,322751,322753,322754,322756,322758,322759,322761,322762,322764,322766,322767,322768,,,,,,,,,,,,,,,,,,,,,,,,,,,,,,,,,
ZP4F7:KW,(                ),kW,0.0,0.0,0.0,0.0,0.0,0.0,0.0,0.0,0.0,0.0,0.0,0.0,0.0,0.0,0.0,0.0,0.0,0.0,0.0,18.6,18.7,18.8,18.8,18.6,0.0,0.0,0.0,0.0,0.0,0.0,0.0,0.0,0.0,0.0,0.0,0.0,0.0,0.0,0.0,0.0,0.0,0.0,0.0,0.0,0.0,0.0,0.0,0.0,0.0,0.0,0.0,0.0,0.0,0.0,0.0,0.0,0.0,0.0,0.0,0.0,0.0,0.0,0.0,0.0,0.0,0.0,0.0,0.0,0.0,0.0,0.0,0.0,0.0,0.0,0.0,0.0,0.0,0.0,0.0,0.0,0.0,0.0,0.0,0.0,0.0,0.0,0.0,0.0,0.0,0.0,0.0,0.0,0.0,0.0,0.0,0.0,0.0,0.0,0.0,0.0,0.0,0.0,0.0,0.0,0.0,0.0,0.0,0.0,0.0,0.0,0.0,,,,,,,,,,,,,,,,,,,,,,,,,,,,,,,,,
ZP4F7:KWH,(                ),,790501,790501,790501,790501,790501,790501,790501,790501,790501,790501,790501,790501,790501,790501,790501,790501,790501,790501,790501,790503,790507,790510,790513,790516,790517,790517,790517,790517,790517,790517,790517,790517,790517,790517,790517,790517,790517,790517,790517,790517,790517,790517,790517,790517,790517,790517,790517,790517,790517,790517,790517,790517,790517,790517,790517,790517,790517,790517,790517,790517,790517,790517,790517,790517,790517,790517,790517,790517,790517,790517,790517,790517,790517,790517,790517,790517,790517,790517,790517,790517,790517,790517,790517,790517,790517,790517,790517,790517,790517,790517,790517,790517,790517,790517,790517,790517,790517,790517,790517,790517,790517,790517,790517,790517,790517,790517,790517,790517,790517,790517,790517,,,,,,,,,,,,,,,,,,,,,,,,,,,,,,,,,
ZP5F7:KW,(                ),kW,18.5,18.6,18.6,18.6,18.8,18.4,18.5,18.7,18.5,18.6,0.0,0.0,0.0,0.0,0.0,0.0,0.0,0.0,0.0,0.0,0.0,0.0,0.0,0.0,0.0,0.0,0.0,0.0,0.0,0.0,0.0,0.0,0.0,0.0,0.0,0.0,0.0,0.0,0.0,0.0,0.0,0.0,0.0,0.0,0.0,0.0,0.0,0.0,0.0,0.0,12.0,11.3,11.3,10.1,11.2,10.9,11.5,11.3,11.9,11.4,11.7,11.2,11.8,11.5,11.1,10.6,14.6,18.8,18.6,18.6,18.7,18.7,18.8,18.5,18.5,18.5,18.7,18.8,18.7,18.8,18.6,18.6,18.6,18.6,18.7,18.7,18.8,18.6,18.5,18.8,18.6,18.6,18.9,18.7,18.8,18.8,18.5,18.6,18.6,18.8,18.8,18.6,18.5,18.6,18.7,18.8,18.7,18.8,18.7,18.8,18.8,,,,,,,,,,,,,,,,,,,,,,,,,,,,,,,,,
ZP5F7:KWH,(                ),,720893,720896,720899,720903,720906,720908,720912,720915,720918,720921,720923,720923,720923,720923,720923,720923,720923,720923,720923,720923,720923,720923,720923,720923,720923,720923,720923,720923,720923,720923,720923,720923,720923,720923,720923,720923,720923,720923,720923,720923,720923,720923,720923,720923,720923,720923,720923,720923,720923,720923,720924,720925,720928,720929,720931,720933,720935,720937,720939,720941,720943,720944,720946,720948,720950,720952,720954,720957,720960,720963,720964,720969,720972,720976,720979,720982,720985,720988,720991,720994,720997,721001,721003,721007,721010,721013,721016,721019,721022,721025,721028,721032,721035,721037,721041,721044,721047,721050,721053,721056,721060,721063,721066,721069,721072,721075,721078,721081,721084,721087,721089,,,,,,,,,,,,,,,,,,,,,,,,,,,,,,,,,
ZP6F7:KW,(                ),kW,0.0,0.0,0.0,0.0,0.0,0.0,0.0,0.0,0.0,0.0,0.0,0.0,0.0,0.0,0.0,0.0,0.0,0.0,0.0,0.0,0.0,0.0,0.0,0.0,0.0,0.0,0.0,0.0,0.0,0.0,0.0,0.0,0.0,0.0,0.0,0.0,0.0,0.0,0.0,0.0,0.0,0.0,0.0,0.0,0.0,0.0,0.0,0.0,0.0,0.0,12.0,11.4,11.0,9.9,11.1,11.0,11.3,11.4,11.8,11.4,11.4,11.0,11.4,11.3,11.0,10.2,2.1,0.0,0.0,0.0,0.0,0.0,0.0,0.0,0.0,0.0,0.0,0.0,0.0,0.0,0.0,0.0,0.0,0.0,0.0,0.0,0.0,0.0,0.0,0.0,0.0,0.0,0.0,0.0,0.0,0.0,0.0,0.0,0.0,0.0,0.0,0.0,0.0,0.0,0.0,0.0,0.0,0.0,0.0,0.0,0.0,,,,,,,,,,,,,,,,,,,,,,,,,,,,,,,,,
ZP6F7:KWH,(                ),,334611,334611,334611,334611,334611,334611,334611,334611,334611,334611,334611,334611,334611,334611,334611,334611,334611,334611,334611,334611,334611,334611,334611,334611,334611,334611,334611,334611,334611,334611,334611,334611,334611,334611,334611,334611,334611,334611,334611,334611,334611,334611,334611,334611,334611,334611,334611,334611,334611,334611,334612,334613,334615,334617,334619,334620,334622,334624,334626,334628,334630,334632,334634,334636,334637,334639,334641,334641,334641,334641,334641,334641,334641,334641,334641,334641,334641,334641,334641,334641,334641,334641,334641,334641,334641,334641,334641,334641,334641,334641,334641,334641,334641,334641,334641,334641,334641,334641,334641,334641,334641,334641,334641,334641,334641,334641,334641,334641,334641,334641,334641,,,,,,,,,,,,,,,,,,,,,,,,,,,,,,,,,
ZP7F7:KW,(                ),kW,0.0,0.0,0.0,0.0,0.0,0.0,0.0,0.0,0.0,0.0,0.0,0.0,0.0,15.4,15.5,0.0,0.0,0.0,0.0,0.0,0.0,0.0,0.0,0.0,0.0,0.0,0.0,0.0,0.0,0.0,0.0,0.0,0.0,0.0,0.0,0.0,0.0,0.0,0.0,0.0,0.0,0.0,0.0,0.0,0.0,0.0,0.0,0.0,0.0,0.0,0.0,0.0,0.0,0.0,0.0,0.0,0.0,0.0,0.0,0.0,0.0,0.0,0.0,0.0,0.0,0.0,0.0,0.0,0.0,0.0,0.0,0.0,0.0,0.0,0.0,0.0,0.0,0.0,0.0,0.0,0.0,0.0,0.0,0.0,0.0,0.0,0.0,0.0,0.0,0.0,0.0,0.0,0.0,0.0,0.0,0.0,0.0,0.0,0.0,0.0,0.0,0.0,0.0,0.0,0.0,0.0,0.0,0.0,0.0,0.0,0.0,,,,,,,,,,,,,,,,,,,,,,,,,,,,,,,,,
ZP7F7:KWH,(                ),,424115,424115,424115,424115,424115,424115,424115,424115,424115,424115,424115,424115,424115,424116,424118,424120,424120,424120,424120,424120,424120,424120,424120,424120,424120,424120,424120,424120,424120,424120,424120,424120,424120,424120,424120,424120,424120,424120,424120,424120,424120,424120,424120,424120,424120,424120,424120,424120,424120,424120,424120,424120,424120,424120,424120,424120,424120,424120,424120,424120,424120,424120,424120,424120,424120,424120,424120,424120,424120,424120,424120,424120,424120,424120,424120,424120,424120,424120,424120,424120,424120,424120,424120,424120,424120,424120,424120,424120,424120,424120,424120,424120,424120,424120,424120,424120,424120,424120,424120,424120,424120,424120,424120,424120,424120,424120,424120,424120,424120,424120,424120,,,,,,,,,,,,,,,,,,,,,,,,,,,,,,,,,
ZP8F7:KW,(                ),kW,15.8,15.9,15.8,15.9,15.7,15.8,15.7,16.0,15.8,15.9,0.0,0.0,0.0,0.0,0.0,0.0,0.0,0.0,0.0,0.0,0.0,0.0,0.0,0.0,0.0,0.0,0.0,0.0,0.0,0.0,0.0,0.0,0.0,0.0,0.0,0.0,0.0,0.0,0.0,0.0,0.0,0.0,0.0,0.0,0.0,0.0,0.0,0.0,0.0,0.0,9.8,10.6,15.9,7.8,14.7,15.8,10.1,8.6,15.9,10.2,8.7,8.0,15.7,10.1,8.8,7.9,15.7,15.7,15.6,15.6,15.6,16.0,15.9,15.9,15.7,15.7,15.7,15.7,15.9,15.8,15.7,15.7,15.6,15.9,15.9,15.7,15.7,15.6,15.7,16.0,15.7,15.8,15.9,15.8,15.7,15.7,15.8,15.7,15.8,15.7,15.7,16.0,15.8,15.7,15.8,15.8,15.6,15.9,15.7,15.9,15.6,,,,,,,,,,,,,,,,,,,,,,,,,,,,,,,,,
ZP8F7:KWH,(                ),,444341,444344,444346,444349,444352,444354,444357,444360,444362,444365,444366,444366,444366,444366,444366,444366,444366,444366,444366,444366,444366,444366,444366,444366,444366,444366,444366,444366,444366,444366,444366,444366,444366,444366,444366,444366,444366,444366,444366,444366,444366,444366,444366,444366,444366,444366,444366,444366,444366,444366,444368,444369,444372,444374,444376,444378,444380,444382,444384,444386,444388,444389,444392,444394,444395,444397,444399,444401,444404,444407,444408,444412,444414,444417,444420,444422,444425,444428,444430,444433,444436,444438,444441,444443,444446,444449,444451,444454,444456,444459,444462,444465,444467,444469,444472,444475,444478,444480,444483,444486,444488,444491,444493,444496,444499,444501,444504,444507,444509,444511,444513,,,,,,,,,,,,,,,,,,,,,,,,,,,,,,,,,
ZP9F7:KW,(                ),kW,0.0,0.0,0.0,0.0,0.0,0.0,0.0,0.0,0.0,0.0,0.0,0.0,0.0,0.0,0.0,0.0,0.0,0.0,0.0,0.0,0.0,0.0,0.0,0.0,0.0,0.0,0.0,0.0,0.0,0.0,0.0,0.0,0.0,0.0,0.0,0.0,0.0,0.0,0.0,0.0,0.0,0.0,0.0,0.0,0.0,0.0,0.0,0.0,0.0,0.0,9.9,0.0,0.0,7.8,0.0,0.0,10.1,8.5,0.0,10.2,8.7,7.8,0.0,10.0,8.6,7.8,0.0,0.0,0.0,0.0,0.0,0.0,0.0,0.0,0.0,0.0,0.0,0.0,0.0,0.0,0.0,0.0,0.0,0.0,0.0,0.0,0.0,0.0,0.0,0.0,0.0,0.0,0.0,0.0,0.0,0.0,0.0,0.0,0.0,0.0,0.0,0.0,0.0,0.0,0.0,0.0,0.0,0.0,0.0,0.0,0.0,,,,,,,,,,,,,,,,,,,,,,,,,,,,,,,,,
ZP9F7:KWH,(                ),,245424,245424,245424,245424,245424,245424,245424,245424,245424,245424,245424,245424,245424,245424,245424,245424,245424,245424,245424,245424,245424,245424,245424,245424,245424,245424,245424,245424,245424,245424,245424,245424,245424,245424,245424,245424,245424,245424,245424,245424,245424,245424,245424,245424,245424,245424,245424,245424,245424,245424,245425,245426,245426,245428,245428,245428,245429,245431,245432,245433,245434,245436,245436,245437,245439,245440,245440,245440,245440,245440,245440,245440,245440,245440,245440,245440,245440,245440,245440,245440,245440,245440,245440,245440,245440,245440,245440,245440,245440,245440,245440,245440,245440,245440,245440,245440,245440,245440,245440,245440,245440,245440,245440,245440,245440,245440,245440,245440,245440,245440,245440,,,,,,,,,,,,,,,,,,,,,,,,,,,,,,,,,
ZP10F7:KW,(                ),kW,0.0,0.0,0.0,0.0,0.0,0.0,0.0,0.0,0.0,0.0,0.0,0.0,0.0,0.0,0.0,0.0,0.0,0.0,0.0,23.5,23.3,23.3,23.3,23.4,0.0,0.0,0.0,0.0,0.0,0.0,0.0,0.0,0.0,0.0,0.0,0.0,0.0,0.0,0.0,0.0,0.0,0.0,0.0,0.0,0.0,0.0,0.0,0.0,0.0,0.0,0.0,0.0,0.0,0.0,0.0,0.0,0.0,0.0,0.0,0.0,0.0,0.0,0.0,0.0,0.0,0.0,0.0,0.0,0.0,0.0,0.0,0.0,0.0,0.0,0.0,0.0,0.0,0.0,0.0,0.0,0.0,0.0,0.0,0.0,0.0,0.0,0.0,0.0,0.0,0.0,0.0,0.0,0.0,0.0,0.0,0.0,0.0,0.0,0.0,0.0,0.0,0.0,0.0,0.0,0.0,0.0,0.0,0.0,0.0,0.0,0.0,,,,,,,,,,,,,,,,,,,,,,,,,,,,,,,,,
ZP10F7:KWH,(                ),,563270,563270,563270,563270,563270,563270,563270,563270,563270,563270,563270,563270,563270,563270,563270,563270,563270,563270,563270,563272,563277,563281,563284,563288,563289,563289,563289,563289,563289,563289,563289,563289,563289,563289,563289,563289,563289,563289,563289,563289,563289,563289,563289,563289,563289,563289,563289,563289,563289,563289,563289,563289,563289,563289,563289,563289,563289,563289,563289,563289,563289,563289,563289,563289,563289,563289,563289,563289,563289,563289,563289,563289,563289,563289,563289,563289,563289,563289,563289,563289,563289,563289,563289,563289,563289,563289,563289,563289,563289,563289,563289,563289,563289,563289,563289,563289,563289,563289,563289,563289,563289,563289,563289,563289,563289,563289,563289,563289,563289,563289,563289,,,,,,,,,,,,,,,,,,,,,,,,,,,,,,,,,
ZP11F7:KW,(                ),kW,23.2,23.2,23.1,23.0,23.0,23.1,23.2,23.2,23.2,23.1,0.0,0.0,0.0,0.0,0.0,0.0,0.0,0.0,0.0,0.0,0.0,0.0,0.0,0.0,0.0,0.0,0.0,0.0,0.0,0.0,0.0,0.0,0.0,0.0,0.0,0.0,0.0,0.0,0.0,0.0,0.0,0.0,0.0,0.0,0.0,0.0,0.0,0.0,0.0,0.0,23.2,23.5,23.1,15.7,13.8,13.4,13.9,13.8,14.2,14.0,14.4,14.1,14.2,14.2,13.9,13.5,14.2,14.9,14.8,14.5,14.5,14.2,15.0,14.7,14.4,14.6,14.3,14.5,14.4,14.3,14.7,14.0,14.5,14.7,14.0,14.5,14.4,14.2,14.7,14.0,14.4,14.7,14.0,14.4,14.3,14.3,14.7,14.0,14.6,14.4,14.3,14.6,14.3,14.0,14.5,14.2,14.0,14.5,14.1,13.9,14.4,,,,,,,,,,,,,,,,,,,,,,,,,,,,,,,,,
ZP11F7:KWH,(                ),,412987,412990,412994,412998,413002,413006,413010,413014,413017,413021,413024,413024,413024,413024,413024,413024,413024,413024,413024,413024,413024,413024,413024,413024,413024,413024,413024,413024,413024,413024,413024,413024,413024,413024,413024,413024,413024,413024,413024,413024,413024,413024,413024,413024,413024,413024,413024,413024,413024,413024,413027,413031,413035,413038,413041,413043,413045,413047,413050,413052,413054,413057,413059,413062,413064,413066,413069,413071,413073,413076,413077,413081,413083,413085,413088,413090,413093,413095,413098,413100,413102,413105,413107,413109,413112,413114,413117,413119,413121,413124,413126,413129,413131,413133,413136,413138,413141,413143,413145,413148,413150,413153,413155,413157,413160,413162,413164,413167,413169,413171,413173,,,,,,,,,,,,,,,,,,,,,,,,,,,,,,,,,
ZP12F7:KW,(                ),kW,0.0,0.0,0.0,0.0,0.0,0.0,0.0,0.0,0.0,0.0,0.0,0.0,0.0,0.0,0.0,0.0,0.0,0.0,0.0,0.0,0.0,0.0,0.0,0.0,0.0,0.0,0.0,0.0,0.0,0.0,0.0,0.0,0.0,0.0,0.0,0.0,0.0,0.0,0.0,0.0,0.0,0.0,0.0,0.0,0.0,0.0,0.0,0.0,0.0,0.0,0.0,0.0,0.0,16.1,14.1,13.7,14.3,14.2,14.5,14.2,14.6,14.4,14.5,14.5,14.1,13.7,14.4,15.1,15.2,14.6,14.8,14.4,15.3,15.0,14.6,14.9,14.4,14.9,14.6,14.6,14.9,14.3,14.8,14.9,14.2,14.6,14.9,14.5,14.9,14.3,14.7,14.9,14.3,14.6,14.5,14.4,14.9,14.3,14.9,14.8,14.3,14.8,14.6,14.2,14.7,14.5,14.2,14.9,14.3,14.1,14.5,,,,,,,,,,,,,,,,,,,,,,,,,,,,,,,,,
ZP12F7:KWH,(                ),,250812,250812,250812,250812,250812,250812,250812,250812,250812,250812,250812,250812,250812,250812,250812,250812,250812,250812,250812,250812,250812,250812,250812,250812,250812,250812,250812,250812,250812,250812,250812,250812,250812,250812,250812,250812,250812,250812,250812,250812,250812,250812,250812,250812,250812,250812,250812,250812,250812,250812,250812,250812,250812,250813,250816,250818,250820,250822,250825,250827,250830,250832,250835,250837,250839,250842,250844,250846,250849,250851,250852,250856,250858,250861,250864,250866,250869,250871,250874,250876,250878,250881,250883,250886,250888,250891,250893,250895,250898,250900,250903,250905,250908,250910,250912,250915,250917,250920,250922,250925,250927,250929,250932,250934,250937,250939,250942,250944,250946,250948,250950,,,,,,,,,,,,,,,,,,,,,,,,,,,,,,,,,
ZP13F7:KW,(                ),kW,0.0,0.0,0.0,0.0,0.0,0.0,0.0,0.0,0.0,0.0,0.0,0.0,0.0,0.0,0.0,0.0,0.0,0.0,0.0,0.0,0.0,0.0,0.0,0.0,0.0,0.0,0.0,0.0,0.0,0.0,0.0,0.0,0.0,0.0,0.0,0.0,0.0,0.0,0.0,0.0,0.0,0.0,0.0,0.0,0.0,0.0,0.0,0.0,0.0,0.0,0.0,0.0,0.0,10.4,0.0,0.0,0.0,0.0,0.0,0.0,0.0,0.0,0.0,0.0,0.0,0.0,0.0,0.0,0.0,0.0,0.0,0.0,0.0,0.0,0.0,0.0,0.0,0.0,0.0,0.0,0.0,0.0,0.0,0.0,0.0,0.0,0.0,0.0,0.0,0.0,0.0,0.0,0.0,0.0,0.0,0.0,0.0,0.0,0.0,0.0,0.0,0.0,0.0,0.0,0.0,0.0,0.0,0.0,0.0,0.0,0.0,,,,,,,,,,,,,,,,,,,,,,,,,,,,,,,,,
ZP13F7:KWH,(                ),,534093,534093,534093,534093,534093,534093,534093,534093,534093,534093,534093,534093,534093,534093,534093,534093,534093,534093,534093,534093,534093,534093,534093,534093,534093,534093,534093,534093,534093,534093,534093,534093,534093,534093,534093,534093,534093,534093,534093,534093,534093,534093,534093,534093,534093,534093,534093,534093,534093,534093,534093,534093,534093,534094,534095,534095,534095,534095,534095,534095,534095,534095,534095,534095,534095,534095,534095,534095,534095,534095,534095,534095,534095,534095,534095,534095,534095,534095,534095,534095,534095,534095,534095,534095,534095,534095,534095,534095,534095,534095,534095,534095,534095,534095,534095,534095,534095,534095,534095,534095,534095,534095,534095,534095,534095,534095,534095,534095,534095,534095,534095,,,,,,,,,,,,,,,,,,,,,,,,,,,,,,,,,
ZP14F7:KW,(                ),kW,21.8,21.8,21.9,21.8,21.8,21.8,21.9,21.7,21.8,21.7,0.0,0.0,0.0,0.0,0.0,0.0,0.0,0.0,0.0,0.0,0.0,0.0,0.0,0.0,21.8,22.0,21.9,21.8,21.8,21.8,21.8,0.0,0.0,0.0,0.0,0.0,0.0,0.0,0.0,0.0,0.0,0.0,0.0,0.0,0.0,0.0,0.0,0.0,0.0,0.0,20.7,21.5,21.8,10.8,12.6,19.0,22.0,14.1,12.0,12.3,21.8,17.8,12.9,15.0,21.8,15.2,16.2,21.9,21.7,21.9,21.8,21.8,21.9,21.8,21.7,21.8,21.8,21.8,21.7,21.7,21.8,21.9,21.8,21.8,21.7,21.7,21.9,21.8,21.8,21.8,21.7,21.8,21.7,21.8,21.7,21.8,21.8,21.8,21.8,21.8,21.9,21.8,21.8,21.7,21.8,21.8,21.8,21.8,21.9,21.8,21.8,,,,,,,,,,,,,,,,,,,,,,,,,,,,,,,,,
ZP14F7:KWH,(                ),,368203,368206,368210,368214,368217,368221,368225,368228,368232,368235,368238,368238,368238,368238,368238,368238,368238,368238,368238,368238,368238,368238,368238,368238,368240,368244,368247,368251,368255,368258,368262,368262,368262,368262,368262,368262,368262,368262,368262,368262,368262,368262,368262,368262,368262,368262,368262,368262,368262,368262,368266,368268,368272,368275,368277,368279,368282,368286,368288,368290,368293,368297,368299,368301,368304,368308,368310,368313,368317,368321,368322,368328,368331,368335,368339,368342,368346,368350,368353,368357,368361,368364,368368,368371,368375,368379,368382,368386,368389,368393,368397,368401,368404,368407,368411,368415,368419,368422,368426,368430,368433,368437,368441,368444,368448,368451,368455,368459,368462,368465,368468,,,,,,,,,,,,,,,,,,,,,,,,,,,,,,,,,
ZP15F7:KW,(                ),kW,0.0,0.0,0.0,0.0,0.0,0.0,0.0,0.0,0.0,0.0,0.0,0.0,0.0,0.0,0.0,0.0,0.0,0.0,0.0,0.0,0.0,0.0,0.0,0.0,0.0,0.0,0.0,0.0,0.0,0.0,0.0,0.0,0.0,0.0,0.0,0.0,0.0,0.0,0.0,0.0,0.0,0.0,0.0,0.0,0.0,0.0,0.0,0.0,0.0,0.0,0.0,0.0,0.0,6.1,0.0,0.0,0.0,10.7,9.1,4.3,0.0,13.5,9.7,0.0,0.0,11.5,0.7,0.0,0.0,0.0,0.0,0.0,0.0,0.0,0.0,0.0,0.0,0.0,0.0,0.0,0.0,0.0,0.0,0.0,0.0,0.0,0.0,0.0,0.0,0.0,0.0,0.0,0.0,0.0,0.0,0.0,0.0,0.0,0.0,0.0,0.0,0.0,0.0,0.0,0.0,0.0,0.0,0.0,0.0,0.0,0.0,,,,,,,,,,,,,,,,,,,,,,,,,,,,,,,,,
ZP15F7:KWH,(                ),,221881,221881,221881,221881,221881,221881,221881,221881,221881,221881,221881,221881,221881,221881,221881,221881,221881,221881,221881,221881,221881,221881,221881,221881,221881,221881,221881,221881,221881,221881,221881,221881,221881,221881,221881,221881,221881,221881,221881,221881,221881,221881,221881,221881,221881,221881,221881,221881,221881,221881,221881,221881,221881,221881,221883,221883,221883,221884,221886,221887,221887,221887,221889,221891,221891,221892,221893,221893,221893,221893,221893,221893,221893,221893,221893,221893,221893,221893,221893,221893,221893,221893,221893,221893,221893,221893,221893,221893,221893,221893,221893,221893,221893,221893,221893,221893,221893,221893,221893,221893,221893,221893,221893,221893,221893,221893,221893,221893,221893,221893,221893,,,,,,,,,,,,,,,,,,,,,,,,,,,,,,,,,
