變數名稱,說明,單位,00:10:00,00:20:00,00:30:00,00:40:00,00:50:00,01:00:00,01:10:00,01:20:00,01:30:00,01:40:00,01:50:00,02:00:00,02:10:00,02:20:00,02:30:00,02:40:00,02:50:00,03:00:00,03:10:00,03:20:00,03:30:00,03:40:00,03:50:00,04:00:00,04:10:00,04:20:00,04:30:00,04:40:00,04:50:00,05:00:00,05:10:00,05:20:00,05:30:00,05:40:00,05:50:00,06:00:00,06:10:00,06:20:00,06:30:00,06:40:00,06:50:00,07:00:00,07:10:00,07:20:00,07:30:00,07:40:00,07:50:00,08:00:00,08:10:00,08:20:00,08:30:00,08:40:00,08:50:00,09:00:00,09:10:00,09:20:00,09:30:00,09:40:00,09:50:00,10:00:00,10:10:00,10:20:00,10:30:00,10:40:00,10:50:00,11:00:00,11:10:00,11:20:00,11:30:00,11:40:00,11:50:00,12:00:00,12:10:00,12:20:00,12:30:00,12:40:00,12:50:00,13:00:00,13:10:00,13:20:00,13:30:00,13:40:00,13:50:00,14:00:00,14:10:00,14:20:00,14:30:00,14:40:00,14:50:00,15:00:00,15:10:00,15:20:00,15:30:00,15:40:00,15:50:00,16:00:00,16:10:00,16:20:00,16:30:00,16:40:00,16:50:00,17:00:00,17:10:00,17:20:00,17:30:00,17:40:00,17:50:00,18:00:00,18:10:00,18:20:00,18:30:00,18:40:00,18:50:00,19:00:00,19:10:00,19:20:00,19:30:00,19:40:00,19:50:00,20:00:00,20:10:00,20:20:00,20:30:00,20:40:00,20:50:00,21:00:00,21:10:00,21:20:00,21:30:00,21:40:00,21:50:00,22:00:00,22:10:00,22:20:00,22:30:00,22:40:00,22:50:00,23:00:00,23:10:00,23:20:00,23:30:00,23:40:00,23:50:00,00:00:00
7F-CH-1.ST,(CH1出水溫度     ),DEG C,14.6,14.9,15.2,15.5,15.8,16.1,16.4,16.6,16.9,17.1,17.3,17.5,17.7,17.9,18.0,18.2,18.4,18.5,18.7,18.8,18.9,19.0,19.2,19.3,19.4,19.5,19.6,19.7,19.8,19.9,20.0,20.1,20.1,20.2,20.3,20.4,20.5,20.6,20.7,20.7,20.8,20.9,21.0,21.1,21.2,21.3,21.4,21.3,21.1,20.8,14.2,12.9,12.2,11.5,10.1,9.3,8.7,8.6,8.0,7.8,7.6,7.8,7.8,7.7,8.0,8.0,8.2,8.3,8.4,8.5,8.4,8.6,8.6,8.5,8.5,8.5,8.4,8.4,8.2,8.3,8.2,8.3,8.4,8.3,8.3,8.2,8.2,8.0,8.1,8.0,7.9,8.0,8.1,7.9,8.1,8.0,8.1,8.3,,,,,,,,,,,,,,,,,,,,,,,,,,,,,,,,,,,,,,,,,,,,,,
7F-CH-2.ST,(CH2出水溫度     ),DEG C,14.8,15.1,15.4,15.8,16.1,16.3,16.6,16.9,17.1,17.3,17.5,17.7,17.9,18.1,18.3,18.4,18.6,18.7,18.9,19.0,19.2,19.2,19.4,19.5,19.6,19.7,19.8,19.9,20.0,20.1,20.1,20.2,20.3,20.4,20.5,20.6,20.7,20.7,20.8,20.9,21.0,21.1,21.2,21.3,21.3,21.4,21.6,21.6,21.6,21.4,19.0,17.9,17.2,11.4,10.1,9.4,8.8,8.7,8.2,8.0,7.9,8.0,8.0,7.9,8.2,8.3,8.4,8.5,8.6,8.7,8.6,8.8,8.8,8.7,8.7,8.7,8.5,8.5,8.4,8.4,8.4,8.5,8.6,8.6,8.5,8.4,8.4,8.2,8.3,8.2,8.2,8.2,8.3,8.1,8.3,8.2,8.3,8.6,,,,,,,,,,,,,,,,,,,,,,,,,,,,,,,,,,,,,,,,,,,,,,
7F-CH-3.ST,(CH3出水溫度     ),DEG C,14.7,15.0,15.4,15.7,16.0,16.3,16.5,16.8,17.0,17.2,17.4,17.6,17.8,18.0,18.2,18.3,18.5,18.7,18.8,18.9,19.1,19.1,19.4,19.4,19.5,19.6,19.7,19.8,19.9,20.0,20.1,20.2,20.2,20.3,20.4,20.5,20.6,20.7,20.8,20.9,20.9,21.0,21.1,21.2,21.3,21.4,21.5,21.5,21.5,21.5,18.9,17.8,17.0,16.3,14.8,14.1,13.4,13.3,12.9,12.6,12.3,12.6,12.6,12.4,12.7,12.8,12.9,13.0,13.1,13.2,13.2,13.4,13.4,13.3,13.3,13.4,13.1,13.1,13.0,13.0,12.9,13.1,13.2,13.1,13.1,13.0,12.9,12.9,12.8,12.7,12.7,12.7,12.7,12.7,12.8,12.7,12.8,13.0,,,,,,,,,,,,,,,,,,,,,,,,,,,,,,,,,,,,,,,,,,,,,,
7F-CH-4.ST,(CH4出水溫度     ),DEG C,14.5,14.9,15.2,15.5,15.8,16.1,16.3,16.6,16.8,17.0,17.2,17.4,17.6,17.8,18.0,18.1,18.3,18.4,18.6,18.7,18.9,19.1,19.1,19.2,19.3,19.4,19.5,19.6,19.7,19.8,19.9,20.0,20.1,20.1,20.2,20.3,20.4,20.5,20.6,20.7,20.8,20.8,20.9,21.0,21.1,21.2,21.3,21.2,21.1,20.7,18.7,17.6,16.8,16.1,14.6,13.8,13.3,10.6,8.9,8.6,8.4,8.6,8.5,8.5,8.7,8.8,8.9,8.9,9.1,9.2,9.1,9.3,9.3,9.2,9.2,9.3,9.1,9.1,8.9,8.9,8.9,9.0,9.1,9.0,9.0,8.9,8.9,8.8,8.7,8.7,8.6,8.7,8.7,8.6,8.7,8.7,8.7,9.0,,,,,,,,,,,,,,,,,,,,,,,,,,,,,,,,,,,,,,,,,,,,,,
7F-CH-5.ST,(CH5出水溫度     ),DEG C,14.6,14.9,15.2,15.5,15.9,16.1,16.4,16.7,16.9,17.1,17.3,17.5,17.7,17.9,18.1,18.2,18.4,18.6,18.7,18.8,19.0,19.1,19.1,19.1,19.2,19.2,19.2,19.3,19.3,19.3,19.4,19.4,19.4,19.5,19.5,19.5,19.6,19.6,19.6,19.7,19.7,19.7,19.8,19.8,19.8,19.9,19.9,20.0,20.1,20.1,18.7,17.7,17.0,16.2,14.8,14.0,13.4,13.3,12.9,12.5,12.4,12.5,12.5,12.4,12.5,12.6,12.8,12.8,12.9,13.1,13.0,13.2,13.2,13.1,13.2,13.3,12.9,13.0,12.9,12.8,12.8,12.9,13.0,12.9,13.0,12.8,12.8,12.7,12.6,12.6,12.6,12.5,12.6,12.6,12.6,12.6,12.7,12.9,,,,,,,,,,,,,,,,,,,,,,,,,,,,,,,,,,,,,,,,,,,,,,
7F-CH.ST,(冰水總出水溫度  ),DEG C,14.5,14.9,15.2,15.5,15.8,16.1,16.4,16.6,16.8,17.1,17.3,17.5,17.6,17.8,18.0,18.2,18.3,18.5,18.6,18.8,18.9,18.8,18.5,18.5,18.5,18.6,18.6,18.8,18.8,18.9,19.0,19.1,19.3,19.3,19.4,19.5,19.6,19.7,19.7,19.8,19.9,20.0,20.1,20.1,20.3,20.3,20.5,20.5,21.1,20.8,17.4,16.4,15.7,13.3,11.8,11.1,10.8,10.1,9.1,8.9,8.8,8.9,8.9,8.8,9.0,9.1,9.3,9.3,9.5,9.5,9.4,9.7,9.6,9.6,9.6,9.5,9.4,9.5,9.2,9.3,9.3,9.2,9.5,9.4,9.3,9.3,9.3,9.0,9.1,9.0,9.0,9.0,9.1,8.9,9.1,9.1,9.2,9.4,,,,,,,,,,,,,,,,,,,,,,,,,,,,,,,,,,,,,,,,,,,,,,
7F-CH-1.RT,(CH1回水溫度     ),,14.7,15.0,15.3,15.7,16.0,16.2,16.5,16.8,17.0,17.2,17.4,17.6,17.8,18.0,18.1,18.3,18.5,18.6,18.8,18.9,19.0,19.3,19.3,19.4,19.5,19.6,19.7,19.8,19.9,20.0,20.1,20.2,20.2,20.3,20.4,20.5,20.6,20.7,20.8,20.9,20.9,21.0,21.1,21.2,21.3,21.4,21.5,21.4,21.2,20.9,18.9,17.7,17.0,16.2,14.7,14.0,13.4,13.3,12.8,12.5,12.3,12.6,12.5,12.4,12.8,12.8,12.9,13.0,13.1,13.2,13.2,13.3,13.3,13.3,13.2,13.3,13.1,13.1,13.0,13.0,12.9,13.0,13.1,13.0,13.1,12.9,12.9,12.8,12.8,12.6,12.7,12.7,12.7,12.7,12.8,12.6,12.7,13.0,,,,,,,,,,,,,,,,,,,,,,,,,,,,,,,,,,,,,,,,,,,,,,
7F-CH-2.RT,(CH2回水溫度     ),,14.9,15.2,15.5,15.8,16.1,16.4,16.7,16.9,17.1,17.3,17.5,17.7,17.9,18.1,18.3,18.4,18.6,18.8,18.9,19.0,19.2,19.3,19.5,19.5,19.6,19.7,19.8,19.9,20.0,20.1,20.2,20.3,20.4,20.4,20.5,20.6,20.7,20.8,20.9,21.0,21.1,21.1,21.2,21.3,21.4,21.5,21.6,21.6,21.5,21.6,19.0,17.9,17.1,16.3,14.9,14.1,13.5,13.5,12.9,12.7,12.4,12.7,12.7,12.6,12.9,12.9,13.0,13.1,13.2,13.3,13.3,13.4,13.5,13.4,13.4,13.5,13.2,13.2,13.1,13.2,13.0,13.2,13.2,13.1,13.2,13.1,13.0,13.0,12.9,12.8,12.8,12.8,12.8,12.8,12.9,12.7,12.9,13.1,,,,,,,,,,,,,,,,,,,,,,,,,,,,,,,,,,,,,,,,,,,,,,
7F-CH-3.RT,(CH3回水溫度     ),,14.8,15.1,15.4,15.7,16.0,16.3,16.6,16.8,17.1,17.3,17.5,17.7,17.9,18.0,18.2,18.4,18.5,18.7,18.8,19.0,19.1,19.2,19.4,19.5,19.6,19.7,19.8,19.9,20.0,20.0,20.1,20.2,20.3,20.4,20.4,20.5,20.6,20.7,20.8,20.9,21.0,21.1,21.2,21.2,21.3,21.4,21.6,21.5,21.5,21.5,18.9,17.8,17.0,16.2,14.8,14.0,13.4,13.4,12.8,12.6,12.3,12.6,12.6,12.4,12.8,12.8,12.9,13.0,13.1,13.2,13.2,13.3,13.4,13.4,13.3,13.4,13.2,13.1,13.0,13.0,12.9,13.1,13.2,13.0,13.1,13.0,12.9,12.9,12.8,12.7,12.7,12.7,12.7,12.7,12.8,12.7,12.8,13.0,,,,,,,,,,,,,,,,,,,,,,,,,,,,,,,,,,,,,,,,,,,,,,
7F-CH-4.RT,(CH4回水溫度     ),,14.8,15.1,15.4,15.8,16.1,16.3,16.6,16.8,17.1,17.3,17.5,17.7,17.9,18.1,18.2,18.4,18.6,18.7,18.9,19.0,19.1,19.4,19.4,19.5,19.6,19.7,19.8,19.9,20.0,20.1,20.2,20.2,20.3,20.4,20.5,20.6,20.7,20.8,20.9,20.9,21.0,21.1,21.2,21.3,21.4,21.5,21.6,21.5,21.4,21.0,18.9,17.8,17.1,16.3,14.8,14.1,13.5,13.5,12.9,12.6,12.4,12.7,12.6,12.5,12.8,12.8,13.0,13.0,13.1,13.3,13.2,13.3,13.4,13.4,13.3,13.4,13.1,13.2,13.0,13.1,13.0,13.1,13.2,13.1,13.1,13.0,13.0,12.9,12.8,12.7,12.7,12.7,12.7,12.7,12.8,12.7,12.8,13.0,,,,,,,,,,,,,,,,,,,,,,,,,,,,,,,,,,,,,,,,,,,,,,
7F-CH-5.RT,(CH5回水溫度     ),,14.6,15.0,15.3,15.6,15.9,16.2,16.4,16.7,16.9,17.1,17.3,17.5,17.7,17.9,18.1,18.2,18.4,18.6,18.7,18.8,19.0,19.0,19.0,19.1,19.1,19.2,19.2,19.2,19.3,19.3,19.3,19.3,19.4,19.4,19.4,19.5,19.5,19.6,19.6,19.7,19.7,19.8,19.8,19.9,19.9,20.0,20.0,20.1,20.1,20.1,18.7,17.6,16.9,16.1,14.7,13.9,13.3,13.4,12.8,12.5,12.4,12.5,12.4,12.4,12.6,12.6,12.8,12.8,12.9,13.1,13.0,13.1,13.2,13.1,13.1,13.2,12.9,13.0,12.8,12.8,12.8,12.9,12.9,12.9,12.9,12.7,12.8,12.7,12.6,12.5,12.5,12.5,12.6,12.5,12.6,12.5,12.6,12.8,,,,,,,,,,,,,,,,,,,,,,,,,,,,,,,,,,,,,,,,,,,,,,
7F-CH.RT,(冰水總回水溫度  ),DEG C,14.6,14.9,15.2,15.5,15.8,16.1,16.4,16.6,16.8,17.1,17.3,17.5,17.6,17.8,18.0,18.2,18.3,18.5,18.6,18.8,18.9,19.2,19.2,19.3,19.4,19.5,19.6,19.7,19.8,19.8,19.9,20.0,20.1,20.2,20.2,20.4,20.4,20.5,20.6,20.7,20.8,20.9,21.0,21.0,21.1,21.3,21.3,21.3,20.9,20.6,19.1,17.5,16.6,16.0,14.2,13.7,13.0,12.7,11.9,11.9,11.4,12.2,12.3,12.2,13.1,13.0,12.7,13.2,13.1,13.0,13.4,13.0,13.2,13.5,13.0,13.1,13.3,12.9,12.9,13.2,12.7,12.9,13.3,12.8,13.0,13.1,12.7,12.7,13.0,12.4,12.6,12.8,12.4,12.5,13.0,12.4,12.5,12.8,,,,,,,,,,,,,,,,,,,,,,,,,,,,,,,,,,,,,,,,,,,,,,
7F-CH-1.CHDT,(冰水溫差        ),DEG C,0.0,0.0,0.0,0.0,0.0,0.0,0.0,0.0,0.0,0.0,0.0,0.0,0.0,0.0,0.0,0.0,0.0,0.0,0.0,0.0,0.0,0.0,0.0,0.0,0.0,0.0,0.0,0.0,0.0,0.0,0.0,0.0,0.0,0.0,0.0,0.0,0.0,0.0,0.0,0.0,0.0,0.0,0.0,0.0,0.0,0.0,0.0,0.0,0.1,0.1,4.7,4.9,4.8,4.7,4.7,4.6,4.7,4.7,4.8,4.7,4.7,4.7,4.7,4.7,4.7,4.7,4.7,4.7,4.7,4.7,4.7,4.6,4.7,4.8,4.7,4.8,4.8,4.7,4.8,4.8,4.6,4.8,4.7,4.7,4.8,4.7,4.7,4.8,4.7,4.6,4.8,4.7,4.6,4.8,4.7,4.6,4.6,4.6,,,,,,,,,,,,,,,,,,,,,,,,,,,,,,,,,,,,,,,,,,,,,,
7F-CH-2.CHDT,(冰水溫差        ),DEG C,0.0,0.0,0.0,0.0,0.0,0.0,0.0,0.0,0.0,0.0,0.0,0.0,0.0,0.0,0.0,0.0,0.0,0.0,0.0,0.0,0.0,0.0,0.0,0.0,0.0,0.0,0.0,0.0,0.0,0.0,0.0,0.0,0.0,0.0,0.0,0.0,0.0,0.0,0.0,0.0,0.0,0.0,0.0,0.0,0.0,0.0,0.0,0.0,0.0,0.0,0.0, -0.0, -0.0,4.9,4.8,4.8,4.8,4.7,4.7,4.7,4.6,4.7,4.7,4.6,4.7,4.6,4.6,4.6,4.6,4.7,4.7,4.6,4.7,4.7,4.7,4.8,4.7,4.7,4.7,4.7,4.6,4.7,4.6,4.6,4.7,4.6,4.6,4.7,4.7,4.6,4.6,4.6,4.5,4.7,4.6,4.5,4.6,4.5,,,,,,,,,,,,,,,,,,,,,,,,,,,,,,,,,,,,,,,,,,,,,,
7F-CH-3.CHDT,(冰水溫差        ),DEG C,0.0,0.0,0.0,0.0,0.0,0.0,0.0,0.0,0.0,0.0,0.0,0.0,0.0,0.0,0.0,0.0,0.0,0.0,0.0,0.0,0.0,0.0,0.0,0.0,0.0,0.0,0.0,0.0,0.0,0.0,0.0,0.0,0.0,0.0,0.0,0.0,0.0,0.0,0.0,0.0,0.0,0.0,0.0,0.0,0.0,0.0,0.0,0.0,0.0,0.0,0.0,0.0,0.0,0.0,0.0,0.0,0.0,0.0,0.0,0.0,0.0,0.0,0.0,0.0,0.0,0.0,0.0,0.0,0.0,0.0,0.0,0.0,0.0,0.0,0.0,0.0,0.0,0.0,0.0,0.0,0.0,0.0,0.0,0.0,0.0,0.0,0.0,0.0,0.0,0.0,0.0,0.0,0.0,0.0,0.0,0.0,0.0,0.0,,,,,,,,,,,,,,,,,,,,,,,,,,,,,,,,,,,,,,,,,,,,,,
7F-CH-4.CHDT,(冰水溫差        ),DEG C,0.0,0.0,0.0,0.0,0.0,0.0,0.0,0.0,0.0,0.0,0.0,0.0,0.0,0.0,0.0,0.0,0.0,0.0,0.0,0.0,0.0,0.0,0.0,0.0,0.0,0.0,0.0,0.0,0.0,0.0,0.0,0.0,0.0,0.0,0.0,0.0,0.0,0.0,0.0,0.0,0.0,0.0,0.0,0.0,0.0,0.0,0.0,0.0,0.0,0.0,0.0,0.0,0.0,0.0,0.0,0.0,0.2,2.9,4.0,4.1,4.0,4.1,4.1,4.0,4.1,4.1,4.1,4.1,4.1,4.1,4.1,4.0,4.1,4.1,4.1,4.1,4.1,4.1,4.1,4.1,4.0,4.1,4.1,4.1,4.1,4.0,4.1,4.1,4.1,4.0,4.1,4.1,4.0,4.1,4.1,4.0,4.1,4.1,,,,,,,,,,,,,,,,,,,,,,,,,,,,,,,,,,,,,,,,,,,,,,
7F-CH-5.CHDT,(冰水溫差        ),DEG C,0.0,0.0,0.0,0.0,0.0,0.0,0.0,0.0,0.0,0.0,0.0,0.0,0.0,0.0,0.0,0.0,0.0,0.0,0.0,0.0,0.0,0.0,0.0,0.0,0.0,0.0,0.0,0.0,0.0,0.0,0.0,0.0,0.0,0.0,0.0,0.0,0.0,0.0,0.0,0.0,0.0,0.0,0.0,0.0,0.0,0.0,0.0,0.0,0.0,0.0,0.0,0.0,0.0,0.0,0.0,0.0,0.0,0.0,0.0,0.0,0.0,0.0,0.0,0.0,0.0,0.0,0.0,0.0,0.0,0.0,0.0,0.0,0.0,0.0,0.0,0.0,0.0,0.0,0.0,0.0,0.0,0.0,0.0,0.0,0.0,0.0,0.0,0.0,0.0,0.0,0.0,0.0,0.0,0.0,0.0,0.0,0.0,0.0,,,,,,,,,,,,,,,,,,,,,,,,,,,,,,,,,,,,,,,,,,,,,,
7F-CHSYS.CHDT,(冰水系統溫差    ),DEG C,0.0,0.1,0.1,0.0,0.0,0.0,0.0,0.0,0.0,0.0,0.0,0.0, -0.0,0.0,0.0, -0.0, -0.0, -0.0, -0.0, -0.0, -0.0,0.4,0.6,0.7,0.8,0.9,0.9,0.9,0.9,0.9,0.9,0.9,0.8,0.9,0.9,0.8,0.9,0.9,0.9,0.9,0.9,0.9,0.9,0.9,0.8,1.0,0.9,0.7, -0.2, -0.1,1.7,1.1,0.9,2.7,2.4,2.6,2.2,2.6,2.8,3.0,2.6,3.3,3.4,3.4,4.1,3.9,3.5,3.9,3.7,3.5,3.9,3.3,3.6,3.9,3.4,3.6,3.9,3.4,3.7,3.9,3.4,3.6,3.8,3.3,3.6,3.9,3.4,3.6,3.9,3.4,3.6,3.8,3.3,3.6,3.9,3.3,3.4,3.4,,,,,,,,,,,,,,,,,,,,,,,,,,,,,,,,,,,,,,,,,,,,,,
7F-CH-1.FM,(CH1水流量       ),,1277,1245,1266,1257,1248,1238,1254,1257,1246,1268,1263,1277,1255,1264,1261,1277,1259,1299,1248,1279,1273,761,772,781,765,778,775,782,764,763,775,774,771,764,753,769,759,784,767,767,767,747,752,782,764,756,762,737,5590,5619,6394,6183,6335,6282,6194,6204,6062,6114,5976,6010,6090,6040,6001,6069,6004,6056,6049,6023,6077,6049,6012,6118,6000,6047,6094,5951,6079,6132,6031,6081,6102,5941,6125,6040,5997,6062,6062,5951,6076,6094,5969,6017,6053,5885,6028,6099,6154,6127,,,,,,,,,,,,,,,,,,,,,,,,,,,,,,,,,,,,,,,,,,,,,,
7F-CH-2.FM,(CH2水流量       ),,1071,1048,1059,1078,1078,1070,1060,1081,1092,1037,1087,1056,1079,1071,1071,1076,1070,1068,1074,1085,1078,21,21,21,21,21,21,21,21,21,20,21,21,21,21,21,21,20,21,20,21,20,21,21,21,21,20,21,20,21,3893,6790,6907,6940,6899,6898,6634,6667,6537,6606,6670,6604,6626,6593,6592,6626,6631,6579,6718,6617,6615,6724,6565,6624,6679,6562,6631,6657,6570,6587,6685,6517,6654,6714,6571,6612,6701,6526,6662,6712,6564,6603,6659,6492,6667,6714,6726,6810,,,,,,,,,,,,,,,,,,,,,,,,,,,,,,,,,,,,,,,,,,,,,,
7F-CH-3.FM,(CH3水流量       ),,1,1, -1, -1, -1,1,1, -1,1,1, -1,1, -1,1,1,1, -1, -1,1, -1,1, -1,1,1,1,1,1, -1, -1,1,1,1,1, -1, -1, -1, -1,1, -1, -1, -1,1, -1, -1, -1, -1, -1, -1,1, -1,2678,1992,2085,2231,2145,2117,1665,1812,1534,1515,1749,1546,1512,1676,1514,1493,1631,1492,1740,1631,1521,1682,1543,1498,1720,1492,1493,1709,1607,1587,1724,1528,1557,1771,1603,1473,1742,1451,1535,1764,1595,1503,1818,1446,1529,1735,1720,1942,,,,,,,,,,,,,,,,,,,,,,,,,,,,,,,,,,,,,,,,,,,,,,
7F-CH-4.FM,(CH4水流量       ),,1814,1885,1851,1821,1867,1898,1910,1896,1921,1799,1857,1898,1860,1901,1896,1889,1940,1940,1876,1932,1901,1196,1176,1171,1201,1251,1221,1206,1092,1120,1210,1231,1215,1148,1193,1209,1160,1226,1179,1181,1215,1226,1248,1259,1228,1193,1148,1237,14,14,4442,3726,3978,4056,3974,3834,7457,7493,7203,7265,7318,7301,7198,7426,7140,7285,7328,7417,7396,7415,7237,7387,7268,7303,7290,7024,7345,7390,7106,7273,7464,7224,7507,7484,7121,7245,7234,7146,7440,7556,7232,7337,7385,7184,7309,7390,7281,7337,,,,,,,,,,,,,,,,,,,,,,,,,,,,,,,,,,,,,,,,,,,,,,
7F-CH-5.FM,(CH5水流量       ),,1128,1014,960,1059,1179,926,1237,821,1190,934,1282,1015,1032,1239,12,1024,1270, -3542,959,1076,1207,10,10, -3735, -3735, -3735, -3735,10,7,7,7,7,10,7,10,7,7,10,10,7,10,9,9,9, -3529, -3529, -3529,7,7,7,3737,3076,3539,3365,3360,3310,2782,2943,2515,2832,2809,2626,2704,2664,2662,2696,2689,2667,3034,2734,2631,2932,2556,2704,2856,2426,2745,2896,2628,2671,2937,2457,2782,2985,2571,2637,2709,2462,2664,2956,2604,2796,2828,2392,2789,2901,2978,2971,,,,,,,,,,,,,,,,,,,,,,,,,,,,,,,,,,,,,,,,,,,,,,
7F-CH.FM,(冰水總流量      ),,5671,5300,5816,5946,5819,5874,5857,5458,5792,5692,5929,5589,5902,5857,5867,5640,5675,5812,5799,5462,5823,20,20,20,20,20,20,20,17,17,17,17,17,17,17,17,20,17,17,17,20,20,20,17,17,17,17,17,4575,4430,22787,24031,24939,25279,25110,25286,27458,28049,26630,27589,28153,26520,26609,27355,26644,26681,27194,26774,27259,27317,26499,27551,25815,27139,27685,26001,27145,27424,26214,26802,27895,25887,27163,27809,26403,26932,27572,26186,26946,27524,26149,26925,27957,26011,26998,27929,28679,30229,,,,,,,,,,,,,,,,,,,,,,,,,,,,,,,,,,,,,,,,,,,,,,
7F-CW-1.ST,(CW1出水溫度     ),DEG C,28.8,28.7,28.7,28.7,28.7,28.7,28.7,28.7,28.7,28.7,28.6,28.6,28.6,28.6,28.6,28.6,28.5,28.5,28.5,28.5,28.5,28.5,28.5,28.4,28.4,28.4,28.4,28.4,28.4,28.4,28.3,28.3,28.3,28.3,28.3,28.3,28.2,28.2,28.2,28.2,28.2,28.2,28.2,28.2,28.1,28.1,28.1,28.1,26.0,24.1,32.9,34.1,34.3,34.3,34.4,34.7,34.8,34.8,34.1,33.7,33.9,33.6,33.8,34.1,34.2,34.4,34.2,34.8,34.6,34.8,34.9,34.8,35.1,34.7,34.5,34.4,34.1,34.1,34.1,34.1,34.2,34.8,34.6,34.6,34.1,34.1,33.9,33.8,33.8,34.0,34.2,34.1,34.4,34.2,34.2,34.7,34.5,34.6,,,,,,,,,,,,,,,,,,,,,,,,,,,,,,,,,,,,,,,,,,,,,,
7F-CW-2.ST,(CW2出水溫度     ),DEG C,28.8,28.8,28.8,28.7,28.7,28.7,28.7,28.6,28.6,28.6,28.6,28.5,28.5,28.5,28.5,28.5,28.5,28.5,28.4,28.4,28.3,28.3,28.3,28.3,28.2,28.3,28.2,28.2,28.3,28.3,28.3,28.2,28.3,28.2,28.0,28.1,27.9,28.0,28.1,28.0,28.0,28.1,28.1,28.1,28.1,28.1,28.1,28.1,27.9,28.0,28.0,25.3,24.2,37.3,37.6,37.5,37.7,37.8,37.7,37.4,37.6,37.5,37.5,37.6,37.8,38.2,38.3,38.5,38.4,38.3,38.3,38.3,38.3,38.1,38.0,38.0,37.8,37.5,37.9,37.8,38.1,38.2,38.5,38.5,38.1,38.2,37.9,37.9,37.8,37.9,38.1,37.9,38.1,38.0,38.1,38.2,38.0,38.4,,,,,,,,,,,,,,,,,,,,,,,,,,,,,,,,,,,,,,,,,,,,,,
7F-CW-3.ST,(CW3出水溫度     ),DEG C,30.2,30.2,30.1,30.1,30.1,30.1,30.1,30.1,30.1,30.1,30.0,30.0,30.0,30.0,30.0,30.0,30.0,30.0,30.0,29.9,29.9,29.9,29.9,29.9,29.9,29.9,29.9,29.8,29.8,29.8,29.8,29.8,29.8,29.8,29.8,29.7,29.7,29.7,29.7,29.7,29.7,29.7,29.7,29.7,29.6,29.6,29.6,29.6,29.6,29.6,29.6,29.6,29.6,29.6,29.6,29.6,29.6,29.6,29.6,29.6,29.6,29.6,29.6,29.6,29.6,29.6,29.6,29.6,29.6,29.6,29.6,29.6,29.7,29.7,29.7,29.7,29.7,29.7,29.7,29.7,29.7,29.8,29.8,29.8,29.8,29.8,29.8,29.9,29.9,29.9,29.9,29.9,30.0,30.0,30.0,30.0,30.0,30.0,,,,,,,,,,,,,,,,,,,,,,,,,,,,,,,,,,,,,,,,,,,,,,
7F-CW-4.ST,(CW4出水溫度     ),DEG C,27.9,27.9,28.0,27.9,28.0,28.0,28.1,28.1,28.0,28.1,28.1,28.1,28.1,28.1,28.2,28.2,28.1,28.1,28.2,28.1,28.2,28.2,28.2,28.2,28.2,28.2,28.2,28.2,28.2,28.2,28.2,28.2,28.3,28.2,28.2,28.2,28.2,28.2,28.3,28.2,28.2,28.2,28.2,28.2,28.2,28.2,28.2,28.2,28.2,28.3,28.3,28.3,28.3,28.3,28.3,28.3,24.3,26.8,33.8,34.0,34.5,34.3,33.9,34.1,34.2,35.1,35.2,35.2,35.0,34.9,34.9,34.9,34.6,34.5,34.3,34.4,34.4,33.7,34.4,34.2,34.8,34.8,35.3,35.2,34.9,35.2,35.1,35.1,34.9,34.8,35.1,34.9,35.0,35.1,35.1,35.2,34.9,35.5,,,,,,,,,,,,,,,,,,,,,,,,,,,,,,,,,,,,,,,,,,,,,,
7F-CW-5.ST,(CW5出水溫度     ),DEG C,31.7,31.7,31.7,31.6,31.6,31.6,31.6,31.5,31.5,31.5,31.4,31.4,31.4,31.4,31.3,31.3,31.3,31.2,31.2,31.2,31.2,31.1,31.1,31.1,31.0,31.0,31.0,30.9,30.9,30.9,30.8,30.8,30.8,30.7,30.7,30.7,30.6,30.6,30.6,30.6,30.5,30.5,30.5,30.4,30.4,30.4,30.3,30.3,30.3,30.3,30.2,30.2,30.2,30.2,30.2,30.1,30.1,30.1,30.1,30.2,30.2,30.3,30.4,30.4,30.5,30.5,30.6,30.6,30.7,30.7,30.7,30.8,30.8,30.9,30.9,30.9,31.0,31.0,31.1,31.1,31.1,31.2,31.2,31.3,31.3,31.4,31.4,31.4,31.5,31.5,31.5,31.6,31.6,31.7,31.7,31.8,31.8,31.8,,,,,,,,,,,,,,,,,,,,,,,,,,,,,,,,,,,,,,,,,,,,,,
7F-CW.ST,(冷卻水總出水溫度),,0.0,0.0,0.0,0.0,0.0,0.0,0.0,0.0,0.0,0.0,0.0,0.0,0.0,0.0,0.0,0.0,0.0,0.0,0.0,0.0,0.0,0.0,0.0,0.0,0.0,0.0,0.0,0.0,0.0,0.0,0.0,0.0,0.0,0.0,0.0,0.0,0.0,0.0,0.0,0.0,0.0,0.0,0.0,0.0,0.0,0.0,0.0,0.0,26.0,24.1,32.9,29.7,29.2,35.8,36.0,36.1,32.3,33.1,35.2,35.0,35.3,35.1,35.1,35.3,35.4,35.9,35.9,36.1,36.0,36.0,36.1,36.0,36.0,35.7,35.6,35.6,35.4,35.1,35.4,35.4,35.7,35.9,36.2,36.1,35.7,35.8,35.6,35.6,35.5,35.6,35.8,35.6,35.8,35.8,35.8,36.0,35.8,36.1,,,,,,,,,,,,,,,,,,,,,,,,,,,,,,,,,,,,,,,,,,,,,,
7F-CW-1.RT,(CW1回水溫度     ),,28.6,28.6,28.6,28.6,28.6,28.6,28.6,28.6,28.7,28.7,28.7,28.7,28.7,28.7,28.7,28.7,28.7,28.7,28.8,28.8,28.8,28.8,28.8,28.8,28.8,28.8,28.8,28.8,28.8,28.8,28.8,28.8,28.8,28.8,28.8,28.8,28.8,28.8,28.8,28.8,28.8,28.8,28.8,28.8,28.8,28.8,28.8,28.8,25.4,23.9,28.7,29.4,29.3,29.6,29.7,30.0,30.3,30.2,29.4,29.0,29.2,28.9,29.3,29.5,29.8,29.8,29.6,30.1,30.0,30.2,30.2,30.3,30.5,29.9,29.7,29.7,29.4,29.4,29.3,29.4,29.8,30.1,30.0,30.1,29.5,29.6,29.2,29.1,29.0,29.7,29.4,29.3,30.0,29.4,29.6,30.0,30.0,30.1,,,,,,,,,,,,,,,,,,,,,,,,,,,,,,,,,,,,,,,,,,,,,,
7F-CW-2.RT,(CW2回水溫度     ),,29.1,29.1,29.1,29.1,29.2,29.2,29.2,29.2,29.2,29.2,29.2,29.2,29.2,29.2,29.2,29.2,29.2,29.2,29.2,29.3,29.3,29.3,29.3,29.3,29.3,29.3,29.3,29.3,29.3,29.3,29.3,29.3,29.3,29.3,29.3,29.3,29.3,29.3,29.3,29.3,29.3,29.3,29.3,29.3,29.4,29.4,29.4,29.4,29.4,29.4,29.4,25.0,24.1,32.0,32.0,32.0,32.4,32.4,32.4,32.1,32.4,32.2,32.2,32.4,32.5,33.1,33.1,33.1,33.0,33.0,33.0,33.0,32.9,32.7,32.5,32.5,32.5,32.0,32.5,32.4,32.9,32.9,33.3,33.2,32.8,33.0,32.5,32.6,32.4,32.6,32.8,32.6,32.9,32.7,32.8,33.0,32.7,33.1,,,,,,,,,,,,,,,,,,,,,,,,,,,,,,,,,,,,,,,,,,,,,,
7F-CW-3.RT,(CW3回水溫度     ),,30.8,30.8,30.8,30.8,30.8,30.8,30.8,30.7,30.7,30.7,30.7,30.7,30.7,30.7,30.7,30.7,30.7,30.7,30.6,30.6,30.6,30.6,30.6,30.6,30.6,30.6,30.6,30.6,30.5,30.5,30.5,30.5,30.5,30.5,30.5,30.5,30.5,30.4,30.4,30.4,30.4,30.4,30.4,30.4,30.3,30.3,30.3,30.3,30.3,30.3,30.3,30.3,30.3,30.3,30.2,30.2,30.2,30.2,30.2,30.2,30.2,30.2,30.2,30.2,30.2,30.2,30.2,30.2,30.2,30.2,30.2,30.2,30.2,30.2,30.2,30.2,30.2,30.2,30.2,30.2,30.2,30.2,30.2,30.2,30.3,30.3,30.3,30.3,30.3,30.3,30.4,30.4,30.4,30.4,30.4,30.5,30.5,30.5,,,,,,,,,,,,,,,,,,,,,,,,,,,,,,,,,,,,,,,,,,,,,,
7F-CW-4.RT,(CW4回水溫度     ),,28.4,28.4,28.4,28.5,28.5,28.5,28.5,28.5,28.5,28.5,28.5,28.6,28.6,28.6,28.6,28.6,28.6,28.6,28.6,28.6,28.6,28.6,28.6,28.6,28.6,28.6,28.6,28.6,28.6,28.6,28.6,28.6,28.6,28.6,28.6,28.6,28.6,28.6,28.6,28.6,28.6,28.6,28.6,28.6,28.6,28.6,28.6,28.6,28.6,28.6,28.6,28.6,28.6,28.6,28.7,28.7,24.4,24.7,29.8,29.9,30.3,30.2,29.7,30.0,30.0,31.0,31.1,31.0,30.9,30.7,30.8,30.7,30.4,30.3,30.1,30.2,30.2,29.5,30.3,30.1,30.6,30.6,31.2,31.1,30.7,31.0,30.9,31.0,30.7,30.7,31.0,30.8,30.8,31.0,30.9,31.1,30.7,31.3,,,,,,,,,,,,,,,,,,,,,,,,,,,,,,,,,,,,,,,,,,,,,,
7F-CW-5.RT,(CW5回水溫度     ),,32.4,32.3,32.3,32.3,32.2,32.2,32.2,32.2,32.1,32.1,32.1,32.0,32.0,32.0,31.9,31.9,31.9,31.8,31.8,31.8,31.8,31.7,31.7,31.6,31.6,31.6,31.6,31.5,31.5,31.5,31.4,31.4,31.4,31.3,31.3,31.3,31.2,31.2,31.2,31.1,31.1,31.1,31.0,31.0,31.0,30.9,30.9,30.9,30.9,30.8,30.8,30.8,30.7,30.7,30.7,30.7,30.7,30.7,30.6,30.7,30.7,30.7,30.8,30.8,30.8,30.9,30.9,30.9,31.0,31.0,31.0,31.1,31.1,31.2,31.2,31.3,31.3,31.3,31.4,31.4,31.5,31.5,31.5,31.6,31.6,31.7,31.7,31.8,31.8,31.9,31.9,31.9,32.0,32.0,32.1,32.1,32.1,32.2,,,,,,,,,,,,,,,,,,,,,,,,,,,,,,,,,,,,,,,,,,,,,,
7F-CW.RT,(冷卻水總回水溫度),,0.0,0.0,0.0,0.0,0.0,0.0,0.0,0.0,0.0,0.0,0.0,0.0,0.0,0.0,0.0,0.0,0.0,0.0,0.0,0.0,0.0,0.0,0.0,0.0,0.0,0.0,0.0,0.0,0.0,0.0,0.0,0.0,0.0,0.0,0.0,0.0,0.0,0.0,0.0,0.0,0.0,0.0,0.0,0.0,0.0,0.0,0.0,0.0,25.4,23.9,28.7,27.2,26.7,30.8,30.9,31.0,29.0,29.1,30.5,30.3,30.6,30.4,30.4,30.6,30.8,31.3,31.3,31.4,31.3,31.3,31.3,31.4,31.3,31.0,30.8,30.8,30.7,30.3,30.7,30.6,31.1,31.2,31.5,31.5,31.0,31.2,30.9,30.9,30.7,31.0,31.0,30.9,31.2,31.0,31.1,31.4,31.1,31.5,,,,,,,,,,,,,,,,,,,,,,,,,,,,,,,,,,,,,,,,,,,,,,
7F-CH-1.CWDT,(冷卻水溫差      ),DEG C,0.0,0.0,0.0,0.0,0.0,0.0,0.0,0.0,0.0,0.0,0.0,0.0,0.0,0.0,0.0,0.0,0.0,0.0,0.0,0.0,0.0,0.0,0.0,0.0,0.0,0.0,0.0,0.0,0.0,0.0,0.0,0.0,0.0,0.0,0.0,0.0,0.0,0.0,0.0,0.0,0.0,0.0,0.0,0.0,0.0,0.0,0.0,0.0,0.6,0.2,4.2,4.8,4.9,4.7,4.7,4.7,4.5,4.6,4.7,4.7,4.7,4.6,4.5,4.6,4.4,4.6,4.6,4.6,4.6,4.6,4.7,4.5,4.7,4.7,4.8,4.7,4.7,4.7,4.8,4.7,4.4,4.7,4.7,4.5,4.7,4.6,4.7,4.7,4.8,4.3,4.8,4.7,4.4,4.7,4.6,4.7,4.5,4.5,,,,,,,,,,,,,,,,,,,,,,,,,,,,,,,,,,,,,,,,,,,,,,
7F-CH-2.CWDT,(冷卻水溫差      ),DEG C,0.0,0.0,0.0,0.0,0.0,0.0,0.0,0.0,0.0,0.0,0.0,0.0,0.0,0.0,0.0,0.0,0.0,0.0,0.0,0.0,0.0,0.0,0.0,0.0,0.0,0.0,0.0,0.0,0.0,0.0,0.0,0.0,0.0,0.0,0.0,0.0,0.0,0.0,0.0,0.0,0.0,0.0,0.0,0.0,0.0,0.0,0.0,0.0,0.0,0.0,0.0,0.3,0.1,5.3,5.6,5.5,5.4,5.4,5.3,5.4,5.3,5.3,5.3,5.3,5.3,5.2,5.3,5.3,5.4,5.3,5.4,5.3,5.4,5.4,5.5,5.4,5.4,5.5,5.4,5.4,5.2,5.3,5.2,5.3,5.3,5.2,5.4,5.3,5.4,5.3,5.3,5.3,5.2,5.3,5.3,5.2,5.3,5.3,,,,,,,,,,,,,,,,,,,,,,,,,,,,,,,,,,,,,,,,,,,,,,
7F-CH-3.CWDT,(冷卻水溫差      ),DEG C,0.0,0.0,0.0,0.0,0.0,0.0,0.0,0.0,0.0,0.0,0.0,0.0,0.0,0.0,0.0,0.0,0.0,0.0,0.0,0.0,0.0,0.0,0.0,0.0,0.0,0.0,0.0,0.0,0.0,0.0,0.0,0.0,0.0,0.0,0.0,0.0,0.0,0.0,0.0,0.0,0.0,0.0,0.0,0.0,0.0,0.0,0.0,0.0,0.0,0.0,0.0,0.0,0.0,0.0,0.0,0.0,0.0,0.0,0.0,0.0,0.0,0.0,0.0,0.0,0.0,0.0,0.0,0.0,0.0,0.0,0.0,0.0,0.0,0.0,0.0,0.0,0.0,0.0,0.0,0.0,0.0,0.0,0.0,0.0,0.0,0.0,0.0,0.0,0.0,0.0,0.0,0.0,0.0,0.0,0.0,0.0,0.0,0.0,,,,,,,,,,,,,,,,,,,,,,,,,,,,,,,,,,,,,,,,,,,,,,
7F-CH-4.CWDT,(冷卻水溫差      ),DEG C,0.0,0.0,0.0,0.0,0.0,0.0,0.0,0.0,0.0,0.0,0.0,0.0,0.0,0.0,0.0,0.0,0.0,0.0,0.0,0.0,0.0,0.0,0.0,0.0,0.0,0.0,0.0,0.0,0.0,0.0,0.0,0.0,0.0,0.0,0.0,0.0,0.0,0.0,0.0,0.0,0.0,0.0,0.0,0.0,0.0,0.0,0.0,0.0,0.0,0.0,0.0,0.0,0.0,0.0,0.0,0.0, -0.0,2.1,4.0,4.1,4.1,4.1,4.1,4.1,4.1,4.1,4.1,4.1,4.2,4.1,4.2,4.1,4.2,4.2,4.2,4.2,4.1,4.2,4.1,4.2,4.1,4.1,4.1,4.1,4.2,4.1,4.2,4.1,4.2,4.1,4.1,4.1,4.1,4.1,4.2,4.1,4.2,4.2,,,,,,,,,,,,,,,,,,,,,,,,,,,,,,,,,,,,,,,,,,,,,,
7F-CH-5.CWDT,(冷卻水溫差      ),DEG C,0.0,0.0,0.0,0.0,0.0,0.0,0.0,0.0,0.0,0.0,0.0,0.0,0.0,0.0,0.0,0.0,0.0,0.0,0.0,0.0,0.0,0.0,0.0,0.0,0.0,0.0,0.0,0.0,0.0,0.0,0.0,0.0,0.0,0.0,0.0,0.0,0.0,0.0,0.0,0.0,0.0,0.0,0.0,0.0,0.0,0.0,0.0,0.0,0.0,0.0,0.0,0.0,0.0,0.0,0.0,0.0,0.0,0.0,0.0,0.0,0.0,0.0,0.0,0.0,0.0,0.0,0.0,0.0,0.0,0.0,0.0,0.0,0.0,0.0,0.0,0.0,0.0,0.0,0.0,0.0,0.0,0.0,0.0,0.0,0.0,0.0,0.0,0.0,0.0,0.0,0.0,0.0,0.0,0.0,0.0,0.0,0.0,0.0,,,,,,,,,,,,,,,,,,,,,,,,,,,,,,,,,,,,,,,,,,,,,,
7F-CHSYS.CWDT,(冷卻水系統溫差  ),DEG C,0.0,0.0,0.0,0.0,0.0,0.0,0.0,0.0,0.0,0.0,0.0,0.0,0.0,0.0,0.0,0.0,0.0,0.0,0.0,0.0,0.0,0.0,0.0,0.0,0.0,0.0,0.0,0.0,0.0,0.0,0.0,0.0,0.0,0.0,0.0,0.0,0.0,0.0,0.0,0.0,0.0,0.0,0.0,0.0,0.0,0.0,0.0,0.0,0.6,0.2,4.2,2.5,2.5,5.0,5.1,5.1,3.3,4.0,4.7,4.7,4.7,4.7,4.7,4.7,4.6,4.6,4.7,4.7,4.7,4.7,4.7,4.7,4.7,4.8,4.8,4.8,4.8,4.8,4.8,4.7,4.6,4.7,4.7,4.6,4.7,4.7,4.8,4.7,4.8,4.6,4.7,4.7,4.6,4.7,4.7,4.7,4.7,4.7,,,,,,,,,,,,,,,,,,,,,,,,,,,,,,,,,,,,,,,,,,,,,,
7F-CW-1.FM,(CW1水流量       ),,18,18,17,18,15,15,15,15,18,15,15,15,17,17,17,17,15,17,17,17,17,15,15,15,15,15,15,15,15,15,17,15,15,15,15,15,18,15,18,15,15,15,15,15,17,17,17,15,7929,7767,7929,8124,8003,8249,8453,8154,8596,8314,7964,8374,8317,8409,8396,8017,8459,8221,8007,7901,8309,8239,8173,8282,8106,8224,8067,8395,8401,7960,7954,8104,8371,8214,8262,8287,8371,8307,7910,8028,8237,7815,8182,8154,8043,7934,8371,8212,8107,8331,,,,,,,,,,,,,,,,,,,,,,,,,,,,,,,,,,,,,,,,,,,,,,
7F-CW-2.FM,(CW2水流量       ),,15,15,15,17,14,15,15,15,15,15,15,15,15,15,15,15,15,15,15,15,15,15,15,14,14,14,14,14,17,14,14,14,14,14,14,17,14,17,17,14,14,14,14,14,14,14,14,14,17,17,14,3809,15,3373,2010,2396,1940,1221,1506,959,15,17,17,14,14,17,17,1189,4635,4971,5212,5946,5910,5928,5749,5899,5764,5699,5740,5565,6079,6064,6048,5949,6082,6028,6109,6128,5829,5917,5806,5774,5535,5045,5067,5117,4899,5390,,,,,,,,,,,,,,,,,,,,,,,,,,,,,,,,,,,,,,,,,,,,,,
7F-CW-3.FM,(CW3水流量       ),,23,23,21,21,21,21,21,21,21,21,21,21,21,21,21,21,23,21,21,18,21,21,21,21,21,18,21,18,23,21,24,18,21,21,21,21,21,21,21,23,21,21,21,21,21,18,21,18,18,18,21,21,18,21,21,21,23,21,21,21,21,21,21,21,21,21,21,21,21,23,21,23,21,23,21,21,21,21,21,21,21,24,24,21,21,24,21,24,23,18,21,23,24,21,21,23,24,24,,,,,,,,,,,,,,,,,,,,,,,,,,,,,,,,,,,,,,,,,,,,,,
7F-CW-4.FM,(CW4水流量       ),,15,17,17,18,15,15,15,15,17,17,17,17,15,15,15,15,15,15,15,15,15,15,15,15,15,15,15,15,15,15,15,15,15,15,15,15,14,14,14,17,14,15,15,15,15,15,15,15,15,15,15,15,15,15,15,15,7478,7560,7642,7603,7671,7668,7618,7723,7781,7665,7654,7693,7671,7623,7634,7685,7662,7779,7679,7617,7567,7726,7751,7612,7724,7674,7640,7864,7623,7801,7559,7729,7585,7670,7724,7770,7746,7773,7717,7692,7714,7656,,,,,,,,,,,,,,,,,,,,,,,,,,,,,,,,,,,,,,,,,,,,,,
7F-CW-5.FM,(CW5水流量       ),,15,15,15,18,18,15,15,15,18,15,18,18,15,17,14,17,15,15,15,14,17,17,15,15,15,17,17,15,15,15,15,15,15,15,15,15,14,17,14,14,15,15,15,15,15,15,15,15,15,15,15,15,15,15,15,15,15,15,15,15,15,15,15,18,18,18,17,18,18,18,18,21,21,21,18,18,18,21,18,18,21,18,21,21,18,21,21,21,21,21,21,21,21,23,21,18,21,21,,,,,,,,,,,,,,,,,,,,,,,,,,,,,,,,,,,,,,,,,,,,,,
7F-CW.FM,(冷卻水總流量    ),,89,90,90,95,82,84,84,87,92,82,89,85,79,87,81,87,85,85,85,81,87,85,84,82,82,81,84,79,87,82,87,79,82,82,82,82,82,89,82,81,81,82,79,82,84,81,84,82,7999,7834,8003,11987,8068,11868,10471,10657,18028,17106,17109,16999,16003,16153,16068,15812,16295,15854,15718,16851,20632,20893,20942,21789,21885,21895,21499,21953,21809,21431,21520,21279,22218,22071,21998,22145,22107,22148,21621,21932,21599,21515,21690,21745,21218,20910,21189,21064,20810,21403,,,,,,,,,,,,,,,,,,,,,,,,,,,,,,,,,,,,,,,,,,,,,,
CH1F7:KW,(                ),kW,0.0,0.0,0.0,0.0,0.0,0.0,0.0,0.0,0.0,0.0,0.0,0.0,0.0,0.0,0.0,0.0,0.0,0.0,0.0,0.0,0.0,0.0,0.0,0.0,0.0,0.0,0.0,0.0,0.0,0.0,0.0,0.0,0.0,0.0,0.0,0.0,0.0,0.0,0.0,0.0,0.0,0.0,0.0,0.0,0.0,0.0,0.0,0.0,0.0,0.0,322.0,313.0,310.0,315.0,310.0,311.0,315.0,314.0,315.0,317.0,314.0,315.0,318.0,316.0,317.0,317.0,316.0,316.0,316.0,317.0,314.0,313.0,313.0,333.0,314.0,315.0,315.0,316.0,315.0,316.0,315.0,313.0,316.0,315.0,315.0,314.0,314.0,316.0,315.0,316.0,315.0,315.0,316.0,316.0,315.0,313.0,314.0,313.0,,,,,,,,,,,,,,,,,,,,,,,,,,,,,,,,,,,,,,,,,,,,,,
CH2F7:KW,(                ),kW,1.0,1.0,0.4,1.0,0.4,0.4,1.0,0.4,1.0,0.4,0.4,1.0,0.4,1.0,0.4,0.5,1.1,0.0,0.7,0.0,0.0,0.7,0.0,0.7,0.0,0.0,0.7,0.0,0.7,0.0,0.7,0.7,0.0,0.7,0.0,0.7,0.7,0.0,0.7,0.0,0.7,0.7,0.0,0.7,0.0,0.8,0.8,0.0,0.8,0.0,0.0,0.7,0.5,526.6,525.4,528.0,530.4,529.4,524.5,524.4,519.7,524.8,523.6,518.8,525.2,523.8,527.6,525.4,527.5,525.7,526.5,526.5,526.6,525.5,524.1,525.1,526.6,524.7,526.2,523.1,523.5,523.9,526.1,525.7,527.9,524.6,525.1,525.1,527.1,523.9,524.5,525.6,523.2,525.7,521.9,520.6,522.6,524.7,,,,,,,,,,,,,,,,,,,,,,,,,,,,,,,,,,,,,,,,,,,,,,
CH3F7:KW,(                ),kW,0.7,0.0,0.0,0.7,0.7,0.7,0.0,0.0,0.7,0.7,0.0,0.0,0.7,0.7,0.7,0.0,0.0,0.7,0.7,0.0,0.0,0.7,0.7,0.7,0.0,0.0,0.7,0.7,0.0,0.0,0.0,0.7,0.7,0.0,0.0,0.7,0.7,0.7,0.0,0.0,0.7,0.7,0.0,0.0,0.7,0.7,0.7,0.0,0.0,0.7,0.7,0.0,0.0,0.7,0.7,0.7,0.0,0.0,0.7,0.7,0.7,0.0,0.0,0.7,0.7,0.7,0.0,0.0,0.7,0.7,0.7,0.0,0.7,0.7,0.7,0.0,0.0,0.7,0.7,0.7,0.0,0.0,0.7,0.7,0.7,0.0,0.0,0.7,0.7,0.0,0.0,0.7,0.7,0.7,0.0,0.0,0.7,0.7,,,,,,,,,,,,,,,,,,,,,,,,,,,,,,,,,,,,,,,,,,,,,,
CH4F7:KW,(                ),kW,0.0,0.0,0.0,0.0,0.0,0.0,0.0,0.0,0.0,0.0,0.0,0.0,0.0,0.0,0.0,0.0,0.0,0.0,0.0,0.0,0.0,0.0,0.0,0.0,0.0,0.0,0.0,0.0,0.0,0.0,0.0,0.0,0.0,0.0,0.0,0.0,0.0,0.0,0.0,0.0,0.0,0.0,0.0,0.0,0.0,0.0,0.0,0.0,0.0,0.0,0.0,0.0,0.0,0.0,0.0,0.0,0.0,114.0,318.0,317.0,318.0,315.0,317.0,316.0,315.0,320.0,322.0,317.0,317.0,315.0,318.0,317.0,309.0,314.0,314.0,320.0,314.0,314.0,316.0,316.0,320.0,315.0,317.0,316.0,315.0,318.0,318.0,315.0,318.0,318.0,315.0,317.0,313.0,315.0,317.0,315.0,318.0,319.0,,,,,,,,,,,,,,,,,,,,,,,,,,,,,,,,,,,,,,,,,,,,,,
CH5F7:KW,(                ),kW,0.0,0.0,0.0,0.0,0.0,0.0,0.0,0.0,0.0,0.0,0.0,0.0,0.0,0.0,0.0,0.0,0.0,0.0,0.0,0.0,0.0,0.0,0.0,0.0,0.0,0.0,0.0,0.0,0.0,0.0,0.0,0.0,0.0,0.0,0.0,0.0,0.0,0.0,0.0,0.0,0.0,0.0,0.0,0.0,0.0,0.0,0.0,0.0,0.0,0.0,0.0,0.0,0.0,0.0,0.0,0.0,0.0,0.0,0.0,0.0,0.0,0.0,0.0,0.0,0.0,0.0,0.0,0.0,0.0,0.0,0.0,0.0,0.0,0.0,0.0,0.0,0.0,0.0,0.0,0.0,0.0,0.0,0.0,0.0,0.0,0.0,0.0,0.0,0.0,0.0,0.0,0.0,0.0,0.0,0.0,0.0,0.0,0.0,,,,,,,,,,,,,,,,,,,,,,,,,,,,,,,,,,,,,,,,,,,,,,
CHF7-ALL.KW,(冰機系統功率    ),,1.7,1.0,0.4,1.7,1.0,1.0,1.0,0.4,1.7,1.0,0.4,1.0,1.1,1.7,1.1,0.5,1.1,0.7,1.4,0.0,0.0,1.4,0.7,1.4,0.0,0.0,1.4,0.7,0.7,0.0,0.7,1.4,0.7,0.7,0.0,1.4,1.4,0.7,0.7,0.0,1.4,1.4,0.0,0.7,0.7,1.4,1.4,0.0,0.8,0.7,322.7,313.7,310.5,842.3,836.1,839.7,845.4,957.4,1158.2,1159.1,1152.4,1154.8,1158.6,1151.5,1157.9,1161.5,1165.6,1158.4,1161.2,1158.4,1159.2,1156.5,1159.3,1173.2,1152.8,1160.1,1155.6,1155.4,1157.9,1157.8,1158.5,1151.9,1159.8,1157.3,1158.6,1156.6,1157.1,1156.8,1160.8,1157.9,1154.5,1158.3,1152.9,1157.4,1153.9,1148.6,1155.3,1157.3,,,,,,,,,,,,,,,,,,,,,,,,,,,,,,,,,,,,,,,,,,,,,,
7F-CH-1.TON,(冷凍頓          ),,0,0,0,0,0,0,0,0,0,0,0,0,0,0,0,0,0,0,0,0,0,0,0,0,0,0,0,0,0,0,0,0,0,0,0,0,0,0,0,0,0,0,0,0,0,0,0,0,0,0,594,599,604,593,573,572,562,568,567,560,564,567,559,566,562,568,567,566,565,568,566,563,564,574,572,569,574,574,572,572,561,563,575,558,571,565,568,566,571,558,564,566,553,559,562,561,566,563,,,,,,,,,,,,,,,,,,,,,,,,,,,,,,,,,,,,,,,,,,,,,,
7F-CH-2.TON,(冷凍頓          ),,0,0,0,0,0,0,0,0,0,0,0,0,0,0,0,0,0,0,0,0,0,0,0,0,0,0,0,0,0,0,0,0,0,0,0,0,0,0,0,0,0,0,0,0,0,0,0,0,0,0,0,0,0,672,658,651,628,627,612,612,604,614,613,606,619,606,606,606,614,613,617,610,614,620,621,622,620,624,614,615,609,609,607,606,612,608,617,610,617,611,602,608,602,604,610,599,611,613,,,,,,,,,,,,,,,,,,,,,,,,,,,,,,,,,,,,,,,,,,,,,,
7F-CH-3.TON,(冷凍頓          ),,0,0,0,0,0,0,0,0,0,0,0,0,0,0,0,0,0,0,0,0,0,0,0,0,0,0,0,0,0,0,0,0,0,0,0,0,0,0,0,0,0,0,0,0,0,0,0,0,0,0,0,0,0,0,0,0,0,0,0,0,0,0,0,0,0,0,0,0,0,0,0,0,0,0,0,0,0,0,0,0,0,0,0,0,0,0,0,0,0,0,0,0,0,0,0,0,0,0,,,,,,,,,,,,,,,,,,,,,,,,,,,,,,,,,,,,,,,,,,,,,,
7F-CH-4.TON,(冷凍頓          ),,0,0,0,0,0,0,0,0,0,0,0,0,0,0,0,0,0,0,0,0,0,0,0,0,0,0,0,0,0,0,0,0,0,0,0,0,0,0,0,0,0,0,0,0,0,0,0,0,0,0,0,0,0,0,0,0,0,433,572,586,583,589,584,596,584,586,590,604,596,601,596,589,595,596,593,577,595,599,574,593,595,591,604,603,581,581,590,580,606,607,583,589,591,586,595,587,593,591,,,,,,,,,,,,,,,,,,,,,,,,,,,,,,,,,,,,,,,,,,,,,,
7F-CH-5.TON,(冷凍頓          ),,0,0,0,0,0,0,0,0,0,0,0,0,0,0,0,0,0,0,0,0,0,0,0,0,0,0,0,0,0,0,0,0,0,0,0,0,0,0,0,0,0,0,0,0,0,0,0,0,0,0,0,0,0,0,0,0,0,0,0,0,0,0,0,0,0,0,0,0,0,0,0,0,0,0,0,0,0,0,0,0,0,0,0,0,0,0,0,0,0,0,0,0,0,0,0,0,0,0,,,,,,,,,,,,,,,,,,,,,,,,,,,,,,,,,,,,,,,,,,,,,,
7F-CHSYS.TON,(冷凍頓          ),,0,0,0,0,0,0,0,0,0,0,0,0,0,0,0,0,0,0,0,0,0,0,0,0,0,0,0,0,0,0,0,0,0,0,0,0,0,0,0,0,0,0,0,0,0,0,0,0,0,0,216,134,118,700,615,676,545,1061,1096,1173,1033,1301,1343,1352,1617,1543,1374,1561,1468,1399,1553,1336,1422,1560,1370,1402,1568,1372,1436,1540,1352,1408,1534,1336,1420,1528,1349,1410,1562,1364,1420,1507,1321,1403,1534,1322,1351,1378,,,,,,,,,,,,,,,,,,,,,,,,,,,,,,,,,,,,,,,,,,,,,,
7F-CH-1.KW/RT,(冰機效率        ),,0.00,0.00,0.00,0.00,0.00,0.00,0.00,0.00,0.00,0.00,0.00,0.00,0.00,0.00,0.00,0.00,0.00,0.00,0.00,0.00,0.00,0.00,0.00,0.00,0.00,0.00,0.00,0.00,0.00,0.00,0.00,0.00,0.00,0.00,0.00,0.00,0.00,0.00,0.00,0.00,0.00,0.00,0.00,0.00,0.00,0.00,0.00,0.00,0.00,0.00,0.00,0.00,0.00,0.00,0.00,0.00,0.00,0.00,0.00,0.00,0.00,0.00,0.00,0.00,0.00,0.00,0.00,0.00,0.00,0.00,0.00,0.00,0.00,0.00,0.00,0.00,0.00,0.00,0.00,0.00,0.00,0.00,0.00,0.00,0.00,0.00,0.00,0.00,0.00,0.00,0.00,0.00,0.00,0.00,0.00,0.00,0.00,0.00,,,,,,,,,,,,,,,,,,,,,,,,,,,,,,,,,,,,,,,,,,,,,,
7F-CH-2.KW/RT,(冰機效率        ),,0.00,0.00,0.00,0.00,0.00,0.00,0.00,0.00,0.00,0.00,0.00,0.00,0.00,0.00,0.00,0.00,0.00,0.00,0.00,0.00,0.00,0.00,0.00,0.00,0.00,0.00,0.00,0.00,0.00,0.00,0.00,0.00,0.00,0.00,0.00,0.00,0.00,0.00,0.00,0.00,0.00,0.00,0.00,0.00,0.00,0.00,0.00,0.00,0.00,0.00,0.00,0.00,0.00,0.78,0.80,0.81,0.84,0.84,0.86,0.86,0.87,0.85,0.86,0.87,0.85,0.87,0.87,0.87,0.86,0.86,0.85,0.86,0.86,0.85,0.84,0.84,0.85,0.84,0.86,0.85,0.86,0.86,0.87,0.87,0.86,0.86,0.85,0.86,0.85,0.86,0.87,0.86,0.87,0.87,0.86,0.88,0.86,0.86,,,,,,,,,,,,,,,,,,,,,,,,,,,,,,,,,,,,,,,,,,,,,,
7F-CH-3.KW/RT,(冰機效率        ),,0.00,0.00,0.00,0.00,0.00,0.00,0.00,0.00,0.00,0.00,0.00,0.00,0.00,0.00,0.00,0.00,0.00,0.00,0.00,0.00,0.00,0.00,0.00,0.00,0.00,0.00,0.00,0.00,0.00,0.00,0.00,0.00,0.00,0.00,0.00,0.00,0.00,0.00,0.00,0.00,0.00,0.00,0.00,0.00,0.00,0.00,0.00,0.00,0.00,0.00,0.00,0.00,0.00,0.00,0.00,0.00,0.00,0.00,0.00,0.00,0.00,0.00,0.00,0.00,0.00,0.00,0.00,0.00,0.00,0.00,0.00,0.00,0.00,0.00,0.00,0.00,0.00,0.00,0.00,0.00,0.00,0.00,0.00,0.00,0.00,0.00,0.00,0.00,0.00,0.00,0.00,0.00,0.00,0.00,0.00,0.00,0.00,0.00,,,,,,,,,,,,,,,,,,,,,,,,,,,,,,,,,,,,,,,,,,,,,,
7F-CH-4.KW/RT,(冰機效率        ),,0.00,0.00,0.00,0.00,0.00,0.00,0.00,0.00,0.00,0.00,0.00,0.00,0.00,0.00,0.00,0.00,0.00,0.00,0.00,0.00,0.00,0.00,0.00,0.00,0.00,0.00,0.00,0.00,0.00,0.00,0.00,0.00,0.00,0.00,0.00,0.00,0.00,0.00,0.00,0.00,0.00,0.00,0.00,0.00,0.00,0.00,0.00,0.00,0.00,0.00,0.00,0.00,0.00,0.00,0.00,0.00,0.00,0.00,0.00,0.00,0.00,0.00,0.00,0.00,0.00,0.00,0.00,0.00,0.00,0.00,0.00,0.00,0.00,0.00,0.00,0.00,0.00,0.00,0.00,0.00,0.00,0.00,0.00,0.00,0.00,0.00,0.00,0.00,0.00,0.00,0.00,0.00,0.00,0.00,0.00,0.00,0.00,0.00,,,,,,,,,,,,,,,,,,,,,,,,,,,,,,,,,,,,,,,,,,,,,,
7F-CH-5.KW/RT,(冰機效率        ),,0.00,0.00,0.00,0.00,0.00,0.00,0.00,0.00,0.00,0.00,0.00,0.00,0.00,0.00,0.00,0.00,0.00,0.00,0.00,0.00,0.00,0.00,0.00,0.00,0.00,0.00,0.00,0.00,0.00,0.00,0.00,0.00,0.00,0.00,0.00,0.00,0.00,0.00,0.00,0.00,0.00,0.00,0.00,0.00,0.00,0.00,0.00,0.00,0.00,0.00,0.00,0.00,0.00,0.00,0.00,0.00,0.00,0.00,0.00,0.00,0.00,0.00,0.00,0.00,0.00,0.00,0.00,0.00,0.00,0.00,0.00,0.00,0.00,0.00,0.00,0.00,0.00,0.00,0.00,0.00,0.00,0.00,0.00,0.00,0.00,0.00,0.00,0.00,0.00,0.00,0.00,0.00,0.00,0.00,0.00,0.00,0.00,0.00,,,,,,,,,,,,,,,,,,,,,,,,,,,,,,,,,,,,,,,,,,,,,,
7F-CHSYS.KW/RT,(冰水系統效率    ),,0.00,0.00,0.00,0.00,0.00,0.00,0.00,0.00,0.00,0.00,0.00,0.00,0.00,0.00,0.00,0.00,0.00,0.00,0.00,0.00,0.00,0.00,0.00,0.00,0.00,0.00,0.00,0.00,0.00,0.00,0.00,0.00,0.00,0.00,0.00,0.00,0.00,0.00,0.00,0.00,0.00,0.00,0.00,0.00,0.00,0.00,0.00,0.00,0.00,0.00,5.15,8.27,9.40,1.59,1.81,1.65,2.04,1.05,1.02,0.95,1.08,0.86,0.83,0.82,0.69,0.72,0.81,0.71,0.76,0.80,0.72,0.83,0.78,0.71,0.81,0.79,0.71,0.81,0.78,0.72,0.82,0.79,0.73,0.83,0.78,0.73,0.83,0.79,0.71,0.82,0.78,0.74,0.84,0.79,0.73,0.84,0.82,0.81,,,,,,,,,,,,,,,,,,,,,,,,,,,,,,,,,,,,,,,,,,,,,,
7F-CW-1.TON,(冷卻水冷凍頓    ),,0,0,0,0,0,0,0,0,0,0,0,0,0,0,0,0,0,0,0,0,0,0,0,0,0,0,0,0,0,0,0,0,0,0,0,0,0,0,0,0,0,0,0,0,0,0,0,0,0,0,654,767,783,776,778,764,760,751,749,778,763,778,754,730,739,748,731,735,750,756,761,729,760,760,759,783,793,741,755,743,729,764,765,746,780,746,743,742,782,661,783,764,709,762,759,765,732,742,,,,,,,,,,,,,,,,,,,,,,,,,,,,,,,,,,,,,,,,,,,,,,
7F-CW-2.TON,(冷卻水冷凍頓    ),,0,0,0,0,0,0,0,0,0,0,0,0,0,0,0,0,0,0,0,0,0,0,0,0,0,0,0,0,0,0,0,0,0,0,0,0,0,0,0,0,0,0,0,0,0,0,0,0,0,0,0,0,0,347,220,263,207,130,159,102,1,1,1,1,1,1,1,125,494,522,554,626,628,635,625,636,616,618,612,592,627,636,627,621,637,629,654,645,624,617,607,603,573,530,529,533,515,570,,,,,,,,,,,,,,,,,,,,,,,,,,,,,,,,,,,,,,,,,,,,,,
7F-CW-3.TON,(冷卻水冷凍頓    ),,0,0,0,0,0,0,0,0,0,0,0,0,0,0,0,0,0,0,0,0,0,0,0,0,0,0,0,0,0,0,0,0,0,0,0,0,0,0,0,0,0,0,0,0,0,0,0,0,0,0,0,0,0,0,0,0,0,0,0,0,0,0,0,0,0,0,0,0,0,0,0,0,0,0,0,0,0,0,0,0,0,0,0,0,0,0,0,0,0,0,0,0,0,0,0,0,0,0,,,,,,,,,,,,,,,,,,,,,,,,,,,,,,,,,,,,,,,,,,,,,,
7F-CW-4.TON,(冷卻水冷凍頓    ),,0,0,0,0,0,0,0,0,0,0,0,0,0,0,0,0,0,0,0,0,0,0,0,0,0,0,0,0,0,0,0,0,0,0,0,0,0,0,0,0,0,0,0,0,0,0,0,0,0,0,0,0,0,0,0,0,0,317,599,622,627,631,625,630,638,617,629,628,636,626,628,629,637,641,637,632,621,644,634,630,633,630,626,647,625,640,627,633,631,632,635,639,636,639,638,632,641,636,,,,,,,,,,,,,,,,,,,,,,,,,,,,,,,,,,,,,,,,,,,,,,
7F-CW-5.TON,(冷卻水冷凍頓    ),,0,0,0,0,0,0,0,0,0,0,0,0,0,0,0,0,0,0,0,0,0,0,0,0,0,0,0,0,0,0,0,0,0,0,0,0,0,0,0,0,0,0,0,0,0,0,0,0,0,0,0,0,0,0,0,0,0,0,0,0,0,0,0,0,0,0,0,0,0,0,0,0,0,0,0,0,0,0,0,0,0,0,0,0,0,0,0,0,0,0,0,0,0,0,0,0,0,0,,,,,,,,,,,,,,,,,,,,,,,,,,,,,,,,,,,,,,,,,,,,,,
7F-CWSYS.TON,(冷凍頓          ),,0,0,0,0,0,0,0,0,0,0,0,0,0,0,0,0,0,0,0,0,0,0,0,0,0,0,0,0,0,0,0,0,0,0,0,0,0,0,0,0,0,0,0,0,0,0,0,0,97,32,664,605,396,1175,1051,1098,1174,1366,1593,1593,1487,1526,1501,1455,1467,1453,1461,1585,1919,1944,1960,2013,2051,2064,2057,2074,2058,2043,2046,1997,2017,2062,2043,2021,2054,2050,2066,2044,2051,1951,2042,2037,1940,1965,1963,1976,1923,1981,,,,,,,,,,,,,,,,,,,,,,,,,,,,,,,,,,,,,,,,,,,,,,
7F-CH-1.HB,(                ),,0.00,0.00,0.00,0.00,0.00,0.00,0.00,0.00,0.00,0.00,0.00,0.00,0.00,0.00,0.00,0.00,0.00,0.00,0.00,0.00,0.00,0.00,0.00,0.00,0.00,0.00,0.00,0.00,0.00,0.00,0.00,0.00,0.00,0.00,0.00,0.00,0.00,0.00,0.00,0.00,0.00,0.00,0.00,0.00,0.00,0.00,0.00,0.00,0.00,0.00, -9.11, -21.91, -22.79, -23.49, -26.27, -25.11, -26.05, -24.30, -24.33, -27.96, -26.05, -27.15, -25.92, -22.53, -23.87, -24.01, -22.33, -22.98, -24.75, -24.75, -25.38, -22.76, -25.83, -24.38, -25.61, -27.29, -27.53, -22.44, -24.23, -22.94, -22.99, -26.37, -24.80, -25.20, -26.74, -24.27, -23.58, -23.67, -27.03, -15.53, -27.94, -25.95, -21.92, -26.58, -25.95, -26.72, -22.69, -24.13,,,,,,,,,,,,,,,,,,,,,,,,,,,,,,,,,,,,,,,,,,,,,,
7F-CH-2.HB,(                ),,0.00,0.00,0.00,0.00,0.00,0.00,0.00,0.00,0.00,0.00,0.00,0.00,0.00,0.00,0.00,0.00,0.00,0.00,0.00,0.00,0.00,0.00,0.00,0.00,0.00,0.00,0.00,0.00,0.00,0.00,0.00,0.00,0.00,0.00,0.00,0.00,0.00,0.00,0.00,0.00,0.00,0.00,0.00,0.00,0.00,0.00,0.00,0.00,0.00,0.00,0.00,0.00,0.00,136.21,266.18,203.43,275.09,494.70,376.56,644.76,46109.85,41834.85,51248.45,51438.11,52395.68,42556.64,41901.59,501.44,54.54,45.85,38.58,21.23,21.46,21.22,23.52,21.35,24.88,25.06,24.78,29.20,20.86,19.22,20.55,21.69,19.56,20.48,17.14,17.61,22.64,23.11,23.85,25.51,31.02,42.13,43.40,40.50,47.72,33.64,,,,,,,,,,,,,,,,,,,,,,,,,,,,,,,,,,,,,,,,,,,,,,
7F-CH-3.HB,(                ),,0.00,0.00,0.00,0.00,0.00,0.00,0.00,0.00,0.00,0.00,0.00,0.00,0.00,0.00,0.00,0.00,0.00,0.00,0.00,0.00,0.00,0.00,0.00,0.00,0.00,0.00,0.00,0.00,0.00,0.00,0.00,0.00,0.00,0.00,0.00,0.00,0.00,0.00,0.00,0.00,0.00,0.00,0.00,0.00,0.00,0.00,0.00,0.00,0.00,0.00,0.00,0.00,0.00,0.00,0.00,0.00,0.00,0.00,0.00,0.00,0.00,0.00,0.00,0.00,0.00,0.00,0.00,0.00,0.00,0.00,0.00,0.00,0.00,0.00,0.00,0.00,0.00,0.00,0.00,0.00,0.00,0.00,0.00,0.00,0.00,0.00,0.00,0.00,0.00,0.00,0.00,0.00,0.00,0.00,0.00,0.00,0.00,0.00,,,,,,,,,,,,,,,,,,,,,,,,,,,,,,,,,,,,,,,,,,,,,,
7F-CH-4.HB,(                ),,0.00,0.00,0.00,0.00,0.00,0.00,0.00,0.00,0.00,0.00,0.00,0.00,0.00,0.00,0.00,0.00,0.00,0.00,0.00,0.00,0.00,0.00,0.00,0.00,0.00,0.00,0.00,0.00,0.00,0.00,0.00,0.00,0.00,0.00,0.00,0.00,0.00,0.00,0.00,0.00,0.00,0.00,0.00,0.00,0.00,0.00,0.00,0.00,0.00,0.00,0.00,0.00,0.00,0.00,0.00,0.00,0.00,36.79, -4.59, -5.87, -7.09, -6.65, -6.57, -5.45, -8.45, -5.05, -6.22, -3.83, -6.15, -5.24, -5.02, -6.95, -6.63, -6.93, -5.69, -8.73, -4.22, -6.99, -9.58, -5.93, -5.98, -6.20, -3.54, -6.76, -6.99, -9.22, -5.99, -8.31, -4.00, -3.92, -8.21, -7.81, -7.06, -8.37, -6.79, -7.04, -7.38, -6.97,,,,,,,,,,,,,,,,,,,,,,,,,,,,,,,,,,,,,,,,,,,,,,
7F-CH-5.HB,(                ),,0.00,0.00,0.00,0.00,0.00,0.00,0.00,0.00,0.00,0.00,0.00,0.00,0.00,0.00,0.00,0.00,0.00,0.00,0.00,0.00,0.00,0.00,0.00,0.00,0.00,0.00,0.00,0.00,0.00,0.00,0.00,0.00,0.00,0.00,0.00,0.00,0.00,0.00,0.00,0.00,0.00,0.00,0.00,0.00,0.00,0.00,0.00,0.00,0.00,0.00,0.00,0.00,0.00,0.00,0.00,0.00,0.00,0.00,0.00,0.00,0.00,0.00,0.00,0.00,0.00,0.00,0.00,0.00,0.00,0.00,0.00,0.00,0.00,0.00,0.00,0.00,0.00,0.00,0.00,0.00,0.00,0.00,0.00,0.00,0.00,0.00,0.00,0.00,0.00,0.00,0.00,0.00,0.00,0.00,0.00,0.00,0.00,0.00,,,,,,,,,,,,,,,,,,,,,,,,,,,,,,,,,,,,,,,,,,,,,,
7F-CHSYS.HB,(                ),,0.00,0.00,0.00,0.00,0.00,0.00,0.00,0.00,0.00,0.00,0.00,0.00,0.00,0.00,0.00,0.00,0.00,0.00,0.00,0.00,0.00,0.00,0.00,0.00,0.00,0.00,0.00,0.00,0.00,0.00,0.00,0.00,0.00,0.00,0.00,0.00,0.00,0.00,0.00,0.00,0.00,0.00,0.00,0.00,0.00,0.00,0.00,0.00,223.43,882.16, -19.87, -25.45,9.85, -13.47, -11.36, -9.65, -26.54,0.81, -11.29, -6.50, -9.20,5.99,10.61,14.69,31.79,28.02,15.72,18.50, -7.00, -11.97, -4.60, -18.15, -15.23, -9.07, -17.97, -17.13, -8.41, -17.35, -14.34, -7.04, -17.30, -16.36, -9.42, -18.22, -15.41, -10.01, -19.36, -15.50, -8.38, -13.85, -14.94, -10.48, -15.59, -12.48, -5.71, -17.10, -13.24, -14.85,,,,,,,,,,,,,,,,,,,,,,,,,,,,,,,,,,,,,,,,,,,,,,
CHP1F7:KW,(                ),kW,0.0,0.0,0.0,0.0,0.0,0.0,0.0,0.0,0.0,0.0,0.0,0.0,0.0,0.0,0.0,0.0,0.0,0.0,0.0,0.0,0.0,0.0,0.0,0.0,0.0,0.0,0.0,0.0,0.0,0.0,0.0,0.0,0.0,0.0,0.0,0.0,0.0,0.0,0.0,0.0,0.0,0.0,0.0,0.0,0.0,0.0,0.0,0.0,32.4,32.0,31.5,31.6,31.6,31.6,31.6,31.5,31.9,31.6,31.7,31.6,31.6,31.7,31.5,31.7,31.6,31.6,31.6,31.7,31.2,31.4,31.6,31.7,31.5,31.6,31.5,31.7,31.3,31.4,31.8,31.7,31.5,31.6,31.7,31.7,31.6,31.6,31.6,31.5,31.8,31.4,31.7,31.6,31.6,31.8,31.5,31.5,31.5,31.4,,,,,,,,,,,,,,,,,,,,,,,,,,,,,,,,,,,,,,,,,,,,,,
CHP2F7:KW,(                ),kW,0.0,0.0,0.0,0.0,0.0,0.0,0.0,0.0,0.0,0.0,0.0,0.0,0.0,0.0,0.0,0.0,0.0,0.0,0.0,0.0,0.0,0.0,0.0,0.0,0.0,0.0,0.0,0.0,0.0,0.0,0.0,0.0,0.0,0.0,0.0,0.0,0.0,0.0,0.0,0.0,0.0,0.0,0.0,0.0,0.0,0.0,0.0,0.0,0.0,0.0,0.0,29.1,29.1,29.1,28.9,28.8,29.4,29.2,29.4,29.1,29.0,29.1,29.0,29.4,29.4,29.4,29.2,29.4,28.8,29.4,29.2,28.9,29.4,29.1,29.0,29.4,29.1,29.0,29.6,29.5,29.0,29.4,29.2,29.0,29.3,29.2,29.0,29.4,29.1,29.1,29.5,29.3,29.1,29.5,29.1,28.9,28.9,28.6,,,,,,,,,,,,,,,,,,,,,,,,,,,,,,,,,,,,,,,,,,,,,,
CHP3F7:KW,(                ),kW,0.0,0.0,0.0,0.0,0.0,0.0,0.0,0.0,0.0,0.0,0.0,0.0,0.0,0.0,0.0,0.0,0.0,0.0,0.0,0.0,0.0,0.0,0.0,0.0,0.0,0.0,0.0,0.0,0.0,0.0,0.0,0.0,0.0,0.0,0.0,0.0,0.0,0.0,0.0,0.0,0.0,0.0,0.0,0.0,0.0,0.0,0.0,0.0,0.0,0.0,0.0,0.0,0.0,0.0,0.0,0.0,0.0,0.0,0.0,0.0,0.0,0.0,0.0,0.0,0.0,0.0,0.0,0.0,0.0,0.0,0.0,0.0,0.0,0.0,0.0,0.0,0.0,0.0,0.0,0.0,0.0,0.0,0.0,0.0,0.0,0.0,0.0,0.0,0.0,0.0,0.0,0.0,0.0,0.0,0.0,0.0,0.0,0.0,,,,,,,,,,,,,,,,,,,,,,,,,,,,,,,,,,,,,,,,,,,,,,
CHP4F7:KW,(                ),kW,0.0,0.0,0.0,0.0,0.0,0.0,0.0,0.0,0.0,0.0,0.0,0.0,0.0,0.0,0.0,0.0,0.0,0.0,0.0,0.0,0.0,0.0,0.0,0.0,0.0,0.0,0.0,0.0,0.0,0.0,0.0,0.0,0.0,0.0,0.0,0.0,0.0,0.0,0.0,0.0,0.0,0.0,0.0,0.0,0.0,0.0,0.0,0.0,0.0,0.0,0.0,0.0,0.0,0.0,0.0,0.0,31.0,30.6,31.1,30.8,30.8,30.9,30.9,30.7,30.8,30.7,30.8,30.8,30.6,30.8,31.0,30.5,30.6,30.9,30.6,30.7,30.8,30.8,30.8,30.9,30.7,30.9,30.7,30.6,30.8,30.9,30.5,30.9,30.6,30.6,30.8,30.8,30.9,30.7,30.6,30.4,30.6,30.5,,,,,,,,,,,,,,,,,,,,,,,,,,,,,,,,,,,,,,,,,,,,,,
CHP5F7:KW,(                ),kW,0.0,0.0,0.0,0.0,0.0,0.0,0.0,0.0,0.0,0.0,0.0,0.0,0.0,0.0,0.0,0.0,0.0,0.0,0.0,0.0,0.0,0.0,0.0,0.0,0.0,0.0,0.0,0.0,0.0,0.0,0.0,0.0,0.0,0.0,0.0,0.0,0.0,0.0,0.0,0.0,0.0,0.0,0.0,0.0,0.0,0.0,0.0,0.0,0.0,0.0,0.0,0.0,0.0,0.0,0.0,0.0,0.0,0.0,0.0,0.0,0.0,0.0,0.0,0.0,0.0,0.0,0.0,0.0,0.0,0.0,0.0,0.0,0.0,0.0,0.0,0.0,0.0,0.0,0.0,0.0,0.0,0.0,0.0,0.0,0.0,0.0,0.0,0.0,0.0,0.0,0.0,0.0,0.0,0.0,0.0,0.0,0.0,0.0,,,,,,,,,,,,,,,,,,,,,,,,,,,,,,,,,,,,,,,,,,,,,,
CHPF7-ALL.KW,(冰水泵系統功率  ),,0.0,0.0,0.0,0.0,0.0,0.0,0.0,0.0,0.0,0.0,0.0,0.0,0.0,0.0,0.0,0.0,0.0,0.0,0.0,0.0,0.0,0.0,0.0,0.0,0.0,0.0,0.0,0.0,0.0,0.0,0.0,0.0,0.0,0.0,0.0,0.0,0.0,0.0,0.0,0.0,0.0,0.0,0.0,0.0,0.0,0.0,0.0,0.0,32.4,32.0,31.5,60.7,60.7,60.7,60.5,60.3,92.4,91.4,92.3,91.6,91.4,91.7,91.4,91.9,91.9,91.8,91.6,91.9,90.7,91.6,91.8,91.0,91.5,91.6,91.1,91.7,91.2,91.1,92.2,92.1,91.2,91.9,91.7,91.3,91.8,91.7,91.1,91.9,91.5,91.1,91.9,91.7,91.6,92.0,91.3,90.8,90.9,90.5,,,,,,,,,,,,,,,,,,,,,,,,,,,,,,,,,,,,,,,,,,,,,,
CWP1F7:KW,(                ),kW,0.0,0.0,0.0,0.0,0.0,0.0,0.0,0.0,0.0,0.0,0.0,0.0,0.0,0.0,0.0,0.0,0.0,0.0,0.0,0.0,0.0,0.0,0.0,0.0,0.0,0.0,0.0,0.0,0.0,0.0,0.0,0.0,0.0,0.0,0.0,0.0,0.0,0.0,0.0,0.0,0.0,0.0,0.0,0.0,0.0,0.0,0.0,0.0,30.5,30.6,30.5,30.3,30.4,30.4,30.4,30.4,30.3,30.2,30.2,30.2,30.2,30.2,30.2,30.1,30.2,30.1,30.1,30.1,30.1,29.9,30.1,30.1,30.1,30.1,30.0,30.1,30.1,30.2,30.3,30.1,30.2,30.1,30.1,30.2,30.1,30.3,30.1,30.1,30.1,30.2,30.3,30.2,30.2,30.0,30.0,30.2,30.1,30.1,,,,,,,,,,,,,,,,,,,,,,,,,,,,,,,,,,,,,,,,,,,,,,
CWP2F7:KW,(                ),kW,0.0,0.0,0.0,0.0,0.0,0.0,0.0,0.0,0.0,0.0,0.0,0.0,0.0,0.0,0.0,0.0,0.0,0.0,0.0,0.0,0.0,0.0,0.0,0.0,0.0,0.0,0.0,0.0,0.0,0.0,0.0,0.0,0.0,0.0,0.0,0.0,0.0,0.0,0.0,0.0,0.0,0.0,0.0,0.0,0.0,0.0,0.0,0.0,0.0,0.0,0.0,33.6,33.5,33.4,33.4,33.4,33.3,33.3,33.1,33.1,33.2,33.1,33.1,33.0,33.1,33.0,33.1,33.0,33.0,33.0,33.1,33.1,33.2,33.1,33.0,33.1,33.0,33.0,33.1,33.1,33.0,33.0,33.2,33.2,33.1,33.1,33.0,32.9,33.1,33.1,33.1,33.0,33.1,33.1,32.9,33.0,32.9,33.0,,,,,,,,,,,,,,,,,,,,,,,,,,,,,,,,,,,,,,,,,,,,,,
CWP3F7:KW,(                ),kW,0.0,0.0,0.0,0.0,0.0,0.0,0.0,0.0,0.0,0.0,0.0,0.0,0.0,0.0,0.0,0.0,0.0,0.0,0.0,0.0,0.0,0.0,0.0,0.0,0.0,0.0,0.0,0.0,0.0,0.0,0.0,0.0,0.0,0.0,0.0,0.0,0.0,0.0,0.0,0.0,0.0,0.0,0.0,0.0,0.0,0.0,0.0,0.0,0.0,0.0,0.0,0.0,0.0,0.0,0.0,0.0,0.0,0.0,0.0,0.0,0.0,0.0,0.0,0.0,0.0,0.0,0.0,0.0,0.0,0.0,0.0,0.0,0.0,0.0,0.0,0.0,0.0,0.0,0.0,0.0,0.0,0.0,0.0,0.0,0.0,0.0,0.0,0.0,0.0,0.0,0.0,0.0,0.0,0.0,0.0,0.0,0.0,0.0,,,,,,,,,,,,,,,,,,,,,,,,,,,,,,,,,,,,,,,,,,,,,,
CWP4F7:KW,(                ),kW,0.0,0.0,0.0,0.0,0.0,0.0,0.0,0.0,0.0,0.0,0.0,0.0,0.0,0.0,0.0,0.0,0.0,0.0,0.0,0.0,0.0,0.0,0.0,0.0,0.0,0.0,0.0,0.0,0.0,0.0,0.0,0.0,0.0,0.0,0.0,0.0,0.0,0.0,0.0,0.0,0.0,0.0,0.0,0.0,0.0,0.0,0.0,0.0,0.0,0.0,0.0,0.0,0.0,0.0,0.0,0.0,29.8,29.6,29.5,29.5,29.5,29.4,29.4,29.3,29.4,29.4,29.5,29.3,29.5,29.4,29.4,29.4,29.4,29.3,29.4,29.3,29.4,29.5,29.5,29.4,29.4,29.4,29.5,29.5,29.4,29.4,29.4,29.4,29.4,29.4,29.5,29.5,29.4,29.3,29.4,29.4,29.4,29.3,,,,,,,,,,,,,,,,,,,,,,,,,,,,,,,,,,,,,,,,,,,,,,
CWP5F7:KW,(                ),kW,0.0,0.0,0.0,0.0,0.0,0.0,0.0,0.0,0.0,0.0,0.0,0.0,0.0,0.0,0.0,0.0,0.0,0.0,0.0,0.0,0.0,0.0,0.0,0.0,0.0,0.0,0.0,0.0,0.0,0.0,0.0,0.0,0.0,0.0,0.0,0.0,0.0,0.0,0.0,0.0,0.0,0.0,0.0,0.0,0.0,0.0,0.0,0.0,0.0,0.0,0.0,0.0,0.0,0.0,0.0,0.0,0.0,0.0,0.0,0.0,0.0,0.0,0.0,0.0,0.0,0.0,0.0,0.0,0.0,0.0,0.0,0.0,0.0,0.0,0.0,0.0,0.0,0.0,0.0,0.0,0.0,0.0,0.0,0.0,0.0,0.0,0.0,0.0,0.0,0.0,0.0,0.0,0.0,0.0,0.0,0.0,0.0,0.0,,,,,,,,,,,,,,,,,,,,,,,,,,,,,,,,,,,,,,,,,,,,,,
CWPF7-ALL.KW,(冷卻水泵系統功率),,0.0,0.0,0.0,0.0,0.0,0.0,0.0,0.0,0.0,0.0,0.0,0.0,0.0,0.0,0.0,0.0,0.0,0.0,0.0,0.0,0.0,0.0,0.0,0.0,0.0,0.0,0.0,0.0,0.0,0.0,0.0,0.0,0.0,0.0,0.0,0.0,0.0,0.0,0.0,0.0,0.0,0.0,0.0,0.0,0.0,0.0,0.0,0.0,30.5,30.6,30.5,63.9,64.0,63.8,63.8,63.8,93.4,93.1,92.8,92.7,92.9,92.7,92.7,92.5,92.6,92.5,92.6,92.4,92.6,92.3,92.6,92.6,92.7,92.5,92.5,92.5,92.5,92.6,92.9,92.6,92.6,92.6,92.8,92.9,92.7,92.8,92.5,92.4,92.6,92.6,92.8,92.7,92.8,92.5,92.3,92.6,92.4,92.4,,,,,,,,,,,,,,,,,,,,,,,,,,,,,,,,,,,,,,,,,,,,,,
CH-B1-1.CST,(冰水送水溫度    ),DEG C,9.63,9.67,9.71,9.70,9.74,9.78,9.83,9.85,9.89,9.94,9.99,10.05,10.13,10.22,10.30,10.43,10.57,10.66,10.85,10.99,11.18,11.31,11.48,11.66,11.85,12.02,12.19,12.37,12.53,12.74,12.93,13.09,13.26,13.46,13.61,13.80,13.93,14.11,14.27,14.44,14.59,14.73,14.86,15.00,15.17,18.59,13.06,10.15,8.72,8.93,8.32,7.78,8.23,8.48,8.74,8.80,8.75,8.61,9.29,9.38,9.23,9.20,9.19,9.19,9.44,9.59,9.63,9.72,9.07,7.58,7.68,7.55,8.22,7.38,7.80,7.59,8.13,7.72,7.89,7.75,7.86,7.57,7.83,7.88,7.81,7.86,8.30,7.57,7.50,7.58,7.35,7.16,7.87,7.77,7.39,7.65,7.72,11.45,,,,,,,,,,,,,,,,,,,,,,,,,,,,,,,,,,,,,,,,,,,,,,
CH-B1-2.CST,(冰水送水溫度    ),DEG C,9.63,9.67,9.71,9.72,9.74,9.77,9.82,9.85,9.90,9.96,9.99,10.04,10.08,10.14,10.19,10.23,10.30,10.35,10.43,10.52,10.63,10.77,10.92,11.08,11.26,11.44,11.63,11.81,12.00,12.18,12.37,12.55,12.74,12.91,13.06,13.22,13.40,13.57,13.73,13.90,14.07,14.22,14.37,14.52,14.65,20.60,17.34,14.27,12.14,11.14,10.65,10.02,10.43,12.02,12.22,12.21,12.13,12.02,12.08,12.16,12.09,11.95,11.91,11.86,12.01,12.11,12.20,12.26,9.71,9.78,10.86,10.68,10.52,10.74,10.27,10.80,9.69,10.76,9.62,10.87,8.71,10.94,8.11,11.17,7.70,11.51,8.43,7.48,8.54,7.78,7.54,10.38,11.29,7.73,7.64,11.17,7.56,11.06,,,,,,,,,,,,,,,,,,,,,,,,,,,,,,,,,,,,,,,,,,,,,,
CHW.ST,(冰水總出水溫度  ),DEG C,10.0,10.0,10.0,10.1,10.1,10.1,10.2,10.3,10.4,10.5,10.8,10.8,11.0,11.2,11.3,11.4,11.6,11.9,12.0,12.2,12.4,12.5,12.8,12.9,13.2,13.3,13.4,13.7,13.9,13.9,14.2,14.3,14.5,14.6,14.8,14.9,15.0,15.2,15.4,15.4,15.6,15.8,15.8,16.0,16.2,19.2,14.4,11.3,9.8,9.7,9.2,8.6,9.0,9.7,10.0,10.0,9.9,9.8,10.3,10.4,10.3,10.2,10.2,10.2,10.4,10.6,10.7,10.7,9.4,8.4,9.3,9.1,9.3,9.0,9.0,9.2,8.9,9.2,8.7,9.3,8.3,9.2,8.0,9.5,7.8,9.7,8.4,7.5,8.0,7.7,7.4,8.7,9.6,7.7,7.5,9.4,7.7,11.2,,,,,,,,,,,,,,,,,,,,,,,,,,,,,,,,,,,,,,,,,,,,,,
CH-B1-1.CRT,(冰水進水溫度    ),DEG C,10.14,10.28,10.42,10.53,10.65,10.75,10.85,10.94,11.02,11.09,11.17,11.24,11.32,11.40,11.46,11.54,11.60,11.68,11.74,11.78,11.84,11.87,11.92,11.96,12.00,12.05,12.10,12.16,12.22,12.29,12.36,12.45,12.52,12.61,12.70,12.81,12.90,12.99,13.11,13.22,13.33,13.43,13.56,13.65,13.76,20.45,17.21,14.11,12.45,12.48,11.78,11.17,11.68,11.96,12.24,12.31,12.26,12.05,12.68,12.78,12.65,12.62,12.58,12.56,12.79,12.96,12.99,13.05,12.73,11.24,11.45,11.37,12.21,11.30,11.83,11.58,12.11,11.58,11.80,11.72,11.86,11.53,11.67,11.80,11.68,11.72,12.11,11.22,10.97,11.07,10.81,10.59,11.65,11.42,10.81,11.43,11.77,11.44,,,,,,,,,,,,,,,,,,,,,,,,,,,,,,,,,,,,,,,,,,,,,,
CH-B1-2.CRT,(冰水進水溫度    ),DEG C,9.77,9.87,9.96,10.04,10.15,10.21,10.33,10.39,10.47,10.54,10.63,10.70,10.79,10.87,10.93,11.03,11.16,11.26,11.37,11.48,11.63,11.74,11.84,11.95,12.04,12.12,12.25,12.35,12.47,12.56,12.63,12.74,12.84,12.92,12.99,13.08,13.15,13.21,13.28,13.35,13.45,13.51,13.60,13.65,13.73,20.45,17.21,14.16,12.09,11.12,10.62,9.99,10.43,12.02,12.22,12.20,12.12,12.00,12.08,12.15,12.07,11.94,11.89,11.85,12.01,12.09,12.25,12.25,12.08,10.47,10.85,10.67,11.42,10.76,11.22,10.77,11.26,10.75,11.16,10.88,11.16,10.93,10.92,11.16,10.94,11.49,11.55,10.60,10.42,10.50,10.25,10.03,11.29,10.84,10.28,11.16,10.95,11.19,,,,,,,,,,,,,,,,,,,,,,,,,,,,,,,,,,,,,,,,,,,,,,
CHW.RT,(冰水總回水溫度  ),DEG C,13.7,14.0,14.3,14.6,14.8,15.0,15.3,15.6,15.8,16.1,16.3,16.4,16.8,16.7,17.0,17.3,17.7,17.8,17.9,18.1,18.3,18.5,18.7,18.8,18.9,19.0,19.0,19.1,19.2,19.4,19.5,19.6,19.7,19.8,19.9,20.0,20.1,20.2,20.3,20.4,20.4,20.5,20.6,20.7,20.8,21.0,18.5,15.4,13.3,12.3,11.4,10.7,11.9,12.0,12.5,12.5,12.4,12.3,12.7,12.7,12.7,12.6,12.5,12.5,12.5,12.6,12.7,12.8,12.8,11.6,11.1,11.7,11.8,11.7,11.6,11.6,11.8,11.5,11.8,11.4,11.8,11.2,11.7,11.5,11.9,11.3,12.1,11.3,10.8,11.0,10.8,10.5,11.2,11.7,10.8,11.1,11.8,11.2,,,,,,,,,,,,,,,,,,,,,,,,,,,,,,,,,,,,,,,,,,,,,,
CH-B1-1.CHDT,(冰水溫差        ),DEG C,0.5,0.6,0.7,0.8,0.9,1.0,1.0,1.1,1.1,1.2,1.2,1.2,1.2,1.2,1.2,1.1,1.0,1.0,0.9,0.8,0.7,0.6,0.4,0.3,0.2,0.0, -0.1, -0.2, -0.3, -0.5, -0.6, -0.6, -0.7, -0.8, -0.9, -1.0, -1.0, -1.1, -1.2, -1.2, -1.3, -1.3, -1.3, -1.4, -1.4,1.9,4.1,4.0,3.7,3.6,3.5,3.4,3.4,3.5,3.5,3.5,3.5,3.4,3.4,3.4,3.4,3.4,3.4,3.4,3.4,3.4,3.4,3.3,3.7,3.7,3.8,3.8,4.0,3.9,4.0,4.0,4.0,3.9,3.9,4.0,4.0,4.0,3.8,3.9,3.9,3.9,3.8,3.6,3.5,3.5,3.5,3.4,3.8,3.7,3.4,3.8,4.0, -0.0,,,,,,,,,,,,,,,,,,,,,,,,,,,,,,,,,,,,,,,,,,,,,,
CH-B1-2.CHDT,(冰水溫差        ),DEG C,0.1,0.2,0.3,0.3,0.4,0.4,0.5,0.5,0.6,0.6,0.6,0.7,0.7,0.7,0.7,0.8,0.9,0.9,0.9,1.0,1.0,1.0,0.9,0.9,0.8,0.7,0.6,0.5,0.5,0.4,0.3,0.2,0.1,0.0, -0.1, -0.1, -0.2, -0.4, -0.5, -0.6, -0.6, -0.7, -0.8, -0.9, -0.9, -0.2, -0.1, -0.1, -0.1, -0.0, -0.0, -0.0, -0.0,0.0, -0.0, -0.0, -0.0, -0.0, -0.0, -0.0, -0.0, -0.0, -0.0, -0.0,0.0, -0.0,0.0, -0.0,2.4,0.7, -0.0, -0.0,0.9,0.0,1.0, -0.0,1.6, -0.0,1.5,0.0,2.4, -0.0,2.8, -0.0,3.2, -0.0,3.1,3.1,1.9,2.7,2.7, -0.4,0.0,3.1,2.6, -0.0,3.4,0.1,,,,,,,,,,,,,,,,,,,,,,,,,,,,,,,,,,,,,,,,,,,,,,
CH-B1.CHDT,(冰水系統溫差    ),DEG C,3.7,4.0,4.2,4.5,4.7,4.9,5.1,5.3,5.4,5.5,5.5,5.6,5.8,5.5,5.8,5.9,6.0,5.9,5.9,5.9,5.9,5.9,5.9,5.9,5.7,5.6,5.6,5.5,5.4,5.4,5.3,5.3,5.2,5.2,5.1,5.1,5.1,4.9,4.9,4.9,4.8,4.8,4.8,4.7,4.6,1.8,4.1,4.1,3.5,2.6,2.2,2.2,2.9,2.3,2.5,2.5,2.5,2.4,2.3,2.3,2.4,2.4,2.3,2.3,2.1,2.1,2.0,2.1,3.4,3.2,1.9,2.6,2.5,2.7,2.6,2.4,2.9,2.2,3.0,2.1,3.5,2.0,3.7,1.9,4.2,1.6,3.7,3.7,2.8,3.3,3.4,1.8,1.7,3.9,3.3,1.7,4.2, -0.1,,,,,,,,,,,,,,,,,,,,,,,,,,,,,,,,,,,,,,,,,,,,,,
CH-B1-1.CFM,(流量回受值      ),,6,8,8,8,8,8,6,8,8,8,8,8,6,8,8,8,6,6,8,8,6,8,8,6,8,8,8,7,7,7,7,7,7,7,7,7,7,7,7,7,7,7,7,7,7,4866,5144,5182,5234,4845,4851,4858,4860,4844,4850,4844,4881,4851,5038,5038,4996,4988,4991,4992,5048,5048,5077,5058,5154,5133,5054,4997,5007,4843,4814,4811,4871,4852,4874,4899,4941,4859,4917,4884,4885,5042,5122,5126,5144,5179,5142,5138,5169,5171,5173,5147,4623,2896,,,,,,,,,,,,,,,,,,,,,,,,,,,,,,,,,,,,,,,,,,,,,,
CH-B1-2.CFM,(流量回受值      ),,5,5,5,5,5,5,5,5,5,5,5,5,5,5,5,5,5,5,5,5,6,5,5,5,5,5,5,5,5,5,5,5,5,5,5,5,5,5,5,5,5,5,4,6,6,2229,1901,1660,1867,2399,2516,2539,2502,2489,2489,2526,2516,2613,2914,2877,2822,2764,2800,2867,2903,2945,2980,3034,4439,4426,4228,4178,4111,3964,3908,3872,3931,3892,3889,3994,4020,3924,4006,3974,3956,4128,4289,4408,4393,4421,4395,4462,4439,4411,4398,4426,3830,2228,,,,,,,,,,,,,,,,,,,,,,,,,,,,,,,,,,,,,,,,,,,,,,
CH-B1.CFM,(冰水系統總流量  ),,0,0,0,0,0,0,0,0,0,0,0,0,0,0,0,0,0,0,0,0,0,0,0,0,0,0,0,0,0,0,0,0,0,0,0,0,0,0,0,0,0,0,0,0,0,4866,5144,5182,5234,4855,4850,4845,4859,4844,4861,4844,4881,4853,5038,5045,4996,4978,4991,4992,5048,5048,5068,5071,9593,9560,9291,9176,9116,8807,8729,8684,8803,8744,8763,8890,8962,8796,8924,8862,8866,9171,9429,9531,9538,9600,9533,9584,9608,9583,9571,9574,8454,5125,,,,,,,,,,,,,,,,,,,,,,,,,,,,,,,,,,,,,,,,,,,,,,
CH-B1-1.CWST,(冷卻水進水溫度  ),DEG C,28.50,28.55,28.59,28.62,28.66,28.69,28.72,28.75,28.77,28.80,28.82,28.84,28.86,28.88,28.89,28.91,28.93,28.94,28.96,28.97,28.98,29.00,29.01,29.02,29.03,29.04,29.05,29.06,29.07,29.08,29.09,29.10,29.11,29.12,29.13,29.14,29.14,29.15,29.16,29.16,29.17,29.18,29.18,29.19,29.20,26.64,30.40,30.71,30.61,30.41,30.36,30.26,30.04,30.07,29.74,29.55,29.51,29.80,29.82,30.11,29.98,30.18,30.43,30.41,30.56,30.53,30.41,30.69,31.69,30.75,29.64,29.40,28.19,29.19,28.05,28.40,28.88,31.11,30.94,29.22,27.89,28.18,29.68,30.81,31.32,28.39,29.47,30.53,29.06,28.14,28.37,28.70,28.62,31.13,29.69,27.69,30.44,30.84,,,,,,,,,,,,,,,,,,,,,,,,,,,,,,,,,,,,,,,,,,,,,,
CH-B1-2.CWST,(冷卻水進水溫度  ),DEG C,28.53,28.58,28.63,28.67,28.71,28.75,28.79,28.83,28.86,28.89,28.92,28.94,28.97,29.00,29.02,29.04,29.07,29.09,29.11,29.13,29.15,29.17,29.18,29.20,29.21,29.23,29.25,29.26,29.28,29.29,29.30,29.31,29.33,29.34,29.35,29.37,29.37,29.39,29.39,29.40,29.41,29.42,29.43,29.44,29.45,29.45,29.46,29.47,29.48,29.49,29.49,29.49,29.49,29.49,29.50,29.50,29.50,29.50,29.51,29.51,29.52,29.52,29.53,29.54,29.55,29.55,29.57,29.58,31.70,30.77,29.66,29.41,28.21,29.19,28.08,28.44,28.88,31.13,30.95,29.27,27.91,28.20,29.69,30.83,31.32,28.43,29.47,30.56,29.10,28.16,28.39,28.71,28.62,31.12,29.72,27.72,30.42,30.86,,,,,,,,,,,,,,,,,,,,,,,,,,,,,,,,,,,,,,,,,,,,,,
CW.ST,(冷卻水總出水溫度),DEG C,28.35,28.37,28.38,28.38,28.37,28.35,28.33,28.31,28.28,28.26,28.23,28.21,28.18,28.16,28.14,28.12,28.10,28.08,28.06,28.03,28.01,27.99,27.97,27.95,27.93,27.91,27.89,27.87,27.85,27.83,27.81,27.80,27.77,27.76,27.74,27.72,27.70,27.68,27.67,27.66,27.63,27.62,27.60,27.59,27.57,28.29,34.42,34.37,34.14,33.96,33.86,33.70,33.54,33.56,33.25,33.09,33.05,33.30,33.38,33.69,33.54,33.74,33.96,33.97,34.12,34.14,33.97,34.25,34.95,34.03,31.71,31.38,30.66,31.18,30.59,30.59,31.58,33.23,33.74,31.42,30.91,30.24,33.06,32.83,34.95,30.58,33.03,34.33,32.07,31.55,31.75,31.00,30.60,34.72,33.11,29.81,34.04,30.86,,,,,,,,,,,,,,,,,,,,,,,,,,,,,,,,,,,,,,,,,,,,,,
CH-B1-1.CWRT,(冷卻水出水溫度  ),,28.53,28.56,28.59,28.62,28.65,28.66,28.68,28.70,28.71,28.72,28.73,28.74,28.75,28.75,28.75,28.76,28.76,28.76,28.76,28.76,28.76,28.76,28.75,28.75,28.75,28.74,28.74,28.73,28.72,28.72,28.71,28.70,28.70,28.69,28.68,28.68,28.66,28.66,28.65,28.64,28.63,28.63,28.61,28.60,28.59,28.37,34.42,34.41,34.18,34.00,33.89,33.73,33.56,33.60,33.28,33.13,33.08,33.33,33.41,33.72,33.57,33.77,34.00,34.00,34.15,34.16,34.01,34.30,35.80,34.79,33.73,33.41,32.36,33.20,32.20,32.58,32.94,35.20,34.98,33.42,32.02,32.29,33.71,34.87,35.32,32.59,33.53,34.61,32.92,31.99,32.18,32.46,32.69,35.08,33.52,31.85,34.39,30.91,,,,,,,,,,,,,,,,,,,,,,,,,,,,,,,,,,,,,,,,,,,,,,
CH-B1-2.CWRT,(冷卻水出水溫度  ),,28.64,28.68,28.70,28.72,28.75,28.76,28.77,28.79,28.80,28.80,28.81,28.83,28.83,28.84,28.84,28.85,28.85,28.86,28.86,28.86,28.86,28.87,28.87,28.87,28.87,28.87,28.87,28.86,28.87,28.87,28.86,28.86,28.85,28.85,28.85,28.84,28.84,28.84,28.83,28.83,28.82,28.82,28.82,28.81,28.80,28.80,28.78,29.42,29.82,30.36,30.72,30.92,31.05,31.28,31.39,31.51,31.57,31.61,31.72,31.81,31.90,32.00,32.09,32.21,32.26,32.39,32.47,32.53,34.23,33.01,29.79,29.53,29.08,29.29,29.09,28.65,30.39,31.31,32.63,29.49,30.10,28.30,32.59,30.90,34.74,28.63,32.74,34.15,31.32,31.25,31.46,29.44,28.64,34.54,32.81,27.86,33.82,30.95,,,,,,,,,,,,,,,,,,,,,,,,,,,,,,,,,,,,,,,,,,,,,,
CW.RT,(冷卻水總回水溫度),DEG C,28.41,28.42,28.44,28.44,28.43,28.40,28.37,28.34,28.31,28.27,28.23,28.20,28.17,28.13,28.10,28.07,28.03,28.00,27.97,27.93,27.90,27.87,27.84,27.81,27.78,27.76,27.73,27.70,27.67,27.65,27.62,27.59,27.57,27.55,27.52,27.51,27.48,27.46,27.44,27.42,27.40,27.38,27.36,27.34,27.31,26.65,30.32,30.71,30.60,30.41,30.36,30.25,30.04,30.07,29.74,29.55,29.51,29.81,29.83,30.10,29.98,30.17,30.44,30.40,30.57,30.53,30.43,30.69,31.70,30.75,29.64,29.42,28.19,29.19,28.04,28.35,28.92,31.08,30.95,29.19,27.90,28.16,29.70,30.81,31.34,28.36,29.51,30.49,29.03,28.13,28.37,28.70,28.63,31.17,29.66,27.69,30.49,30.85,,,,,,,,,,,,,,,,,,,,,,,,,,,,,,,,,,,,,,,,,,,,,,
CH-B1-1.CWDT,(冷卻水溫差      ),DEG C,0.0,0.0,0.0, -0.0, -0.0, -0.0, -0.0, -0.1, -0.1, -0.1, -0.1, -0.1, -0.1, -0.1, -0.1, -0.2, -0.2, -0.2, -0.2, -0.2, -0.2, -0.2, -0.3, -0.3, -0.3, -0.3, -0.3, -0.3, -0.3, -0.4, -0.4, -0.4, -0.4, -0.4, -0.4, -0.5, -0.5, -0.5, -0.5, -0.5, -0.5, -0.6, -0.6, -0.6, -0.6,1.7,4.0,3.7,3.6,3.6,3.5,3.5,3.5,3.5,3.5,3.6,3.6,3.5,3.6,3.6,3.6,3.6,3.6,3.6,3.6,3.6,3.6,3.6,4.1,4.0,4.1,4.0,4.2,4.0,4.1,4.2,4.1,4.1,4.0,4.2,4.1,4.1,4.0,4.1,4.0,4.2,4.1,4.1,3.9,3.9,3.8,3.8,4.1,4.0,3.8,4.2,4.0,0.1,,,,,,,,,,,,,,,,,,,,,,,,,,,,,,,,,,,,,,,,,,,,,,
CH-B1-2.CWDT,(冷卻水溫差      ),DEG C,0.1,0.1,0.1,0.1,0.0,0.0, -0.0, -0.0, -0.1, -0.1, -0.1, -0.1, -0.1, -0.2, -0.2, -0.2, -0.2, -0.2, -0.2, -0.3, -0.3, -0.3, -0.3, -0.3, -0.3, -0.4, -0.4, -0.4, -0.4, -0.4, -0.4, -0.5, -0.5, -0.5, -0.5, -0.5, -0.5, -0.5, -0.6, -0.6, -0.6, -0.6, -0.6, -0.6, -0.6, -0.7, -0.7, -0.1,0.3,0.9,1.2,1.4,1.6,1.8,1.9,2.0,2.1,2.1,2.2,2.3,2.4,2.5,2.6,2.7,2.7,2.8,2.9,3.0,2.5,2.4,0.1,0.1,0.8,0.1,1.0,0.2,1.5,0.2,1.7,0.2,2.2,0.1,2.9,0.1,3.4,0.2,3.3,3.6,2.2,3.1,3.1,0.9,0.0,3.4,3.1,0.1,3.4,0.1,,,,,,,,,,,,,,,,,,,,,,,,,,,,,,,,,,,,,,,,,,,,,,
CH-B1.CWDT,(冷卻水系統溫差  ),DEG C, -0.1, -0.1, -0.1, -0.1, -0.1, -0.1, -0.0, -0.0, -0.0, -0.0, -0.0,0.0,0.0,0.0,0.0,0.1,0.1,0.1,0.1,0.1,0.1,0.1,0.1,0.1,0.2,0.2,0.2,0.2,0.2,0.2,0.2,0.2,0.2,0.2,0.2,0.2,0.2,0.2,0.2,0.2,0.2,0.2,0.2,0.2,0.3,1.6,4.1,3.7,3.5,3.6,3.5,3.5,3.5,3.5,3.5,3.5,3.5,3.5,3.6,3.6,3.6,3.6,3.5,3.6,3.5,3.6,3.5,3.6,3.2,3.3,2.1,2.0,2.4,2.0,2.5,2.2,2.7,2.2,2.8,2.2,3.0,2.1,3.4,2.0,3.6,2.2,3.5,3.8,3.0,3.4,3.4,2.4,2.0,3.6,3.4,2.1,3.5,0.0,,,,,,,,,,,,,,,,,,,,,,,,,,,,,,,,,,,,,,,,,,,,,,
CH-B1-1.CWFM,(流量回受值      ),,5,7,7,7,7,7,5,7,7,7,7,7,7,7,7,7,7,5,7,7,5,7,7,7,7,7,5,6,6,6,6,6,6,6,6,6,6,6,6,6,4,6,5,6,7,5778,6024,6043,6054,6074,6078,6016,5996,6005,6010,5978,5954,6051,6006,6036,6007,6051,6084,6092,6032,6058,6097,5990,5002,5116,5108,5097,4994,5097,4929,4965,5028,5046,5077,5102,4930,4979,5142,5121,4984,5040,5111,5124,5061,4933,4973,4955,4955,5037,5120,4962,5103,5031,,,,,,,,,,,,,,,,,,,,,,,,,,,,,,,,,,,,,,,,,,,,,,
CH-B1-2.CWFM,(流量回受值      ),,0,0,0,0,0,0,0,0,0,0,0,0,0,0,0,0,0,0,0,0,0,0,0,0,0,0,0,0,0,0,0,0,0,0,0,0,0,0,0,0,0,0,0,0,0,0,0, -2,0,0,0,0,0,0,0,0,0,0,0, -2,0,0,0,0,0,0,0, -2,5054,5028,4974,4962,4971,4964,4951,4933,4951,4949,5007,4969,4938,4908,4986,4949,5015,4937,4964,5024,4966,4961,4949,4935,4924,5014,4988,4897,4976,4946,,,,,,,,,,,,,,,,,,,,,,,,,,,,,,,,,,,,,,,,,,,,,,
CH-B1.CWFM,(冷卻水系統總流量),,0,0,0,0,0,0,0,0,0,0,0,0,0,0,0,0,0,0,0,0,0,0,0,0,0,0,0,0,0,0,0,0,0,0,0,0,0,0,0,0,0,0,0,0,0,5778,6024,6043,6054,6076,6098,6013,6014,6005,6008,5978,5954,6053,6006,6040,6007,6050,6092,6085,6032,6058,6097,5990,10057,10145,10075,10059,9958,10061,9869,9899,9980,9995,10084,10054,9869,9875,10128,10072,10001,9978,10088,10153,10028,9894,9939,9893,9880,10051,10109,9859,10079,9977,,,,,,,,,,,,,,,,,,,,,,,,,,,,,,,,,,,,,,,,,,,,,,
CH1B1:KW,(                ),kW,0.5,0.5,0.5,0.5,0.5,0.5,0.5,0.5,0.5,0.5,0.5,0.5,0.5,0.5,0.5,0.5,0.5,0.5,0.5,0.5,0.5,0.5,0.5,0.5,0.5,0.5,0.5,0.5,0.5,0.5,0.5,0.5,0.5,0.5,0.5,0.5,0.5,0.5,0.5,0.5,0.5,0.5,0.5,0.5,0.5,0.5,0.5,0.5,0.5,0.5,0.5,0.5,0.5,0.5,0.5,0.5,0.5,0.5,0.5,0.5,0.5,0.5,0.5,0.5,0.5,0.5,0.5,0.5,0.5,0.5,0.5,0.5,0.5,0.5,0.5,0.5,0.5,0.5,0.5,0.5,0.5,0.5,0.5,0.5,0.5,0.5,0.5,0.5,0.5,0.5,0.5,0.5,0.5,0.5,0.5,0.5,0.5,0.5,,,,,,,,,,,,,,,,,,,,,,,,,,,,,,,,,,,,,,,,,,,,,,
CH2B1:KW,(                ),kW,0.5,0.5,0.5,0.5,0.5,0.5,0.5,0.5,0.5,0.5,0.5,0.5,0.5,0.5,0.5,0.5,0.5,0.5,0.5,0.5,0.5,0.5,0.5,0.5,0.5,0.5,0.5,0.5,0.5,0.5,0.5,0.5,0.5,0.5,0.5,0.5,0.5,0.5,0.5,0.5,0.5,0.5,0.5,0.5,0.5,0.5,0.5,0.5,0.5,0.5,0.5,0.5,0.5,0.5,0.5,0.5,0.5,0.5,0.5,0.5,0.5,0.5,0.5,0.5,0.5,0.5,0.5,0.5,0.5,0.5,0.5,0.5,0.5,0.5,0.5,0.5,0.5,0.5,0.5,0.5,0.5,0.5,0.5,0.5,0.5,0.5,0.5,0.5,0.5,0.5,0.5,0.5,0.5,0.5,0.5,0.5,0.5,0.5,,,,,,,,,,,,,,,,,,,,,,,,,,,,,,,,,,,,,,,,,,,,,,
CHB1-ALL.KW,(冰機系統功率    ),,1.1,1.1,1.1,1.1,1.1,1.1,1.1,1.1,1.1,1.1,1.1,1.1,1.1,1.1,1.1,1.1,1.1,1.1,1.1,1.1,1.1,1.1,1.1,1.1,1.1,1.1,1.1,1.1,1.1,1.1,1.1,1.1,1.1,1.1,1.1,1.1,1.1,1.1,1.1,1.1,1.1,1.1,1.1,1.1,1.1,1.1,1.1,1.1,1.1,1.1,1.1,1.1,1.1,1.1,1.1,1.1,1.1,1.1,1.1,1.1,1.1,1.1,1.1,1.1,1.1,1.1,1.1,1.1,1.1,1.1,1.1,1.1,1.1,1.1,1.1,1.1,1.1,1.1,1.1,1.1,1.1,1.1,1.1,1.1,1.1,1.1,1.1,1.1,1.1,1.1,1.1,1.1,1.1,1.1,1.1,1.1,1.1,1.1,,,,,,,,,,,,,,,,,,,,,,,,,,,,,,,,,,,,,,,,,,,,,,
CH-B1-1.TON,(冷凍頓          ),,0,0,0,0,0,0,0,0,0,0,0,0,0,0,0,0,0,0,0,0,0,0,0,0,0,0,0,0,0,0,0,0,0,0,0,0,0,0,0,0,0,0,0,0,0,179,423,406,388,342,332,325,332,333,337,337,340,331,338,339,338,338,335,333,335,337,336,336,374,372,378,378,396,376,385,380,384,372,377,384,391,382,374,379,374,386,387,370,354,359,352,349,386,374,351,384,371,0,,,,,,,,,,,,,,,,,,,,,,,,,,,,,,,,,,,,,,,,,,,,,,
CH-B1-2.TON,(冷凍頓          ),,0,0,0,0,0,0,0,0,0,0,0,0,0,0,0,0,0,0,0,0,0,0,0,0,0,0,0,0,0,0,0,0,0,0,0,0,0,0,0,0,0,0,0,0,0,0,0,0,0,0,0,0,0,0,0,0,0,0,0,0,0,0,0,0,0,0,0,0,208,80,0,0,72,1,73,0,121,0,118,0,194,0,223,0,254,0,264,272,164,238,236,0,0,272,229,0,257,5,,,,,,,,,,,,,,,,,,,,,,,,,,,,,,,,,,,,,,,,,,,,,,
CH-B1.TON,(冰水系統冷凍頓  ),,0,0,0,0,0,0,0,0,0,0,0,0,0,0,0,0,0,0,0,0,0,0,0,0,0,0,0,0,0,0,0,0,0,0,0,0,0,0,0,0,0,0,0,0,0,172,416,420,363,253,211,208,283,219,242,240,242,235,232,227,240,235,230,225,208,207,202,211,645,626,345,465,454,470,452,413,510,390,526,364,623,346,662,339,730,293,697,706,535,626,637,349,316,743,626,315,696,0,,,,,,,,,,,,,,,,,,,,,,,,,,,,,,,,,,,,,,,,,,,,,,
CH-B1-1.KW/RT,(冰機效率        ),,0.00,0.00,0.00,0.00,0.00,0.00,0.00,0.00,0.00,0.00,0.00,0.00,0.00,0.00,0.00,0.00,0.00,0.00,0.00,0.00,0.00,0.00,0.00,0.00,0.00,0.00,0.00,0.00,0.00,0.00,0.00,0.00,0.00,0.00,0.00,0.00,0.00,0.00,0.00,0.00,0.00,0.00,0.00,0.00,0.00,0.00,0.00,0.00,0.00,0.00,0.00,0.00,0.00,0.00,0.00,0.00,0.00,0.00,0.00,0.00,0.00,0.00,0.00,0.00,0.00,0.00,0.00,0.00,0.00,0.00,0.00,0.00,0.00,0.00,0.00,0.00,0.00,0.00,0.00,0.00,0.00,0.00,0.00,0.00,0.00,0.00,0.00,0.00,0.00,0.00,0.00,0.00,0.00,0.00,0.00,0.00,0.00,0.00,,,,,,,,,,,,,,,,,,,,,,,,,,,,,,,,,,,,,,,,,,,,,,
CH-B1-2.KW/RT,(冰機效率        ),,0.00,0.00,0.00,0.00,0.00,0.00,0.00,0.00,0.00,0.00,0.00,0.00,0.00,0.00,0.00,0.00,0.00,0.00,0.00,0.00,0.00,0.00,0.00,0.00,0.00,0.00,0.00,0.00,0.00,0.00,0.00,0.00,0.00,0.00,0.00,0.00,0.00,0.00,0.00,0.00,0.00,0.00,0.00,0.00,0.00,0.00,0.00,0.00,0.00,0.00,0.00,0.00,0.00,0.00,0.00,0.00,0.00,0.00,0.00,0.00,0.00,0.00,0.00,0.00,0.00,0.00,0.00,0.00,0.00,0.00,0.00,0.00,0.00,0.00,0.00,0.00,0.00,0.00,0.00,0.00,0.00,0.00,0.00,0.00,0.00,0.00,0.00,0.00,0.00,0.00,0.00,0.00,0.00,0.00,0.00,0.00,0.00,0.00,,,,,,,,,,,,,,,,,,,,,,,,,,,,,,,,,,,,,,,,,,,,,,
CH-B1.KW/RT,(冰水系統效率    ),,0.00,0.00,0.00,0.00,0.00,0.00,0.00,0.00,0.00,0.00,0.00,0.00,0.00,0.00,0.00,0.00,0.00,0.00,0.00,0.00,0.00,0.00,0.00,0.00,0.00,0.00,0.00,0.00,0.00,0.00,0.00,0.00,0.00,0.00,0.00,0.00,0.00,0.00,0.00,0.00,0.00,0.00,0.00,0.00,0.00,0.00,0.00,0.00,0.00,0.00,0.00,0.00,0.00,0.00,0.00,0.00,0.00,0.00,0.00,0.00,0.00,0.00,0.00,0.00,0.00,0.00,0.00,0.00,0.00,0.00,0.00,0.00,0.00,0.00,0.00,0.00,0.00,0.00,0.00,0.00,0.00,0.00,0.00,0.00,0.00,0.00,0.00,0.00,0.00,0.00,0.00,0.00,0.00,0.00,0.00,0.00,0.00,0.00,,,,,,,,,,,,,,,,,,,,,,,,,,,,,,,,,,,,,,,,,,,,,,
CW-B1-1.TON,(冷凍頓          ),,0,0,0,0,0,0,0,0,0,0,0,0,0,0,0,0,0,0,0,0,0,0,0,0,0,0,0,0,0,0,0,0,0,0,0,0,0,0,0,0,0,0,0,0,0,197,479,442,428,431,425,415,419,420,423,424,422,424,428,432,428,430,430,434,430,436,435,428,407,410,415,405,412,405,404,412,402,410,407,425,403,405,411,412,395,420,411,416,387,376,375,369,399,395,389,409,399,5,,,,,,,,,,,,,,,,,,,,,,,,,,,,,,,,,,,,,,,,,,,,,,
CW-B1-2.TON,(冷凍頓          ),,0,0,0,0,0,0,0,0,0,0,0,0,0,0,0,0,0,0,0,0,0,0,0,0,0,0,0,0,0,0,0,0,0,0,0,0,0,0,0,0,0,0,0,0,0,0,0,0,0,0,0,0,0,0,0,0,0,0,0,0,0,0,0,0,0,0,0,0,252,244,13,12,83,9,99,19,146,18,166,23,212,9,285,7,339,20,320,358,219,303,301,84,1,340,304,13,336,7,,,,,,,,,,,,,,,,,,,,,,,,,,,,,,,,,,,,,,,,,,,,,,
CW-B1.TON,(冷卻水系統冷凍頓),,0,0,0,0,0,0,0,0,0,0,0,0,0,0,0,0,0,0,0,0,0,0,0,0,0,0,0,0,0,0,0,0,0,0,0,0,0,0,0,0,0,0,0,0,0,186,487,439,424,428,423,411,417,415,417,420,418,419,424,430,423,427,424,430,425,433,428,423,646,670,413,391,483,395,498,438,523,427,559,445,587,404,675,403,715,440,704,772,604,671,666,470,386,709,688,414,711,0,,,,,,,,,,,,,,,,,,,,,,,,,,,,,,,,,,,,,,,,,,,,,,
CH-B1-1.HB,(                ),,0.00,0.00,0.00,0.00,0.00,0.00,0.00,0.00,0.00,0.00,0.00,0.00,0.00,0.00,0.00,0.00,0.00,0.00,0.00,0.00,0.00,0.00,0.00,0.00,0.00,0.00,0.00,0.00,0.00,0.00,0.00,0.00,0.00,0.00,0.00,0.00,0.00,0.00,0.00,0.00,0.00,0.00,0.00,0.00,0.00, -8.66, -11.75, -8.15, -9.26, -20.62, -21.82, -21.45, -20.83, -20.55, -20.13, -20.40, -19.35, -21.80, -20.93, -21.47, -20.93, -21.52, -22.03, -22.90, -22.16, -22.91, -22.76, -21.39, -8.01, -9.14, -8.89, -6.55, -3.82, -7.44, -4.53, -7.79, -4.23, -9.29, -7.25, -9.48, -2.84, -5.84, -9.07, -7.93, -5.22, -8.45, -5.87, -10.85, -8.70, -4.41, -6.02, -5.59, -3.20, -5.14, -9.71, -6.16, -6.56, -93.83,,,,,,,,,,,,,,,,,,,,,,,,,,,,,,,,,,,,,,,,,,,,,,
CH-B1-2.HB,(                ),,0.00,0.00,0.00,0.00,0.00,0.00,0.00,0.00,0.00,0.00,0.00,0.00,0.00,0.00,0.00,0.00,0.00,0.00,0.00,0.00,0.00,0.00,0.00,0.00,0.00,0.00,0.00,0.00,0.00,0.00,0.00,0.00,0.00,0.00,0.00,0.00,0.00,0.00,0.00,0.00,0.00,0.00,0.00,0.00,0.00,0.00,0.00,0.00,0.00,0.00,0.00,0.00,0.00,0.00,0.00,0.00,0.00,0.00,0.00,0.00,0.00,0.00,0.00,0.00,0.00,0.00,0.00,0.00, -17.29, -66.82, -98.81, -98.79, -13.10, -85.70, -25.57, -99.20, -16.68, -99.15, -28.64, -97.40, -7.22, -98.35, -22.12, -97.99, -25.02, -99.23, -17.40, -23.85, -24.31, -21.47, -21.64, -99.82, -90.79, -19.92, -24.67, -98.86, -22.92, -24.28,,,,,,,,,,,,,,,,,,,,,,,,,,,,,,,,,,,,,,,,,,,,,,
CH-B1.HB,(                ),,0.00,0.00,0.00,0.00,0.00,0.00,0.00,0.00,0.00,0.00,0.00,0.00,0.00,0.00,0.00,0.00,0.00,0.00,0.00,0.00,0.00,0.00,0.00,0.00,0.00,0.00,0.00,0.00,0.00,0.00,0.00,0.00,0.00,0.00,0.00,0.00,0.00,0.00,0.00,0.00,0.00,0.00,0.00,0.00,0.00, -7.15, -14.54, -4.25, -14.15, -40.71, -50.14, -49.36, -32.13, -47.20, -41.73, -42.85, -41.93, -43.86, -45.19, -47.04, -43.30, -44.86, -45.78, -47.72, -50.99, -52.40, -52.57, -50.07, -0.11, -6.48, -16.45,19.20, -5.97,19.02, -9.12, -5.49, -2.49, -8.67, -5.93, -18.07,6.36, -14.21, -2.33, -15.81,1.78, -34.30, -1.00, -8.51, -10.90, -6.61, -4.19, -24.70, -17.98,4.25, -9.02, -23.94, -1.36,0.00,,,,,,,,,,,,,,,,,,,,,,,,,,,,,,,,,,,,,,,,,,,,,,
CWP1B1:KW,(                ),kW,39.2,39.2,39.2,39.2,39.2,39.2,39.2,39.2,39.2,39.2,39.2,39.2,39.2,39.2,39.2,39.2,39.2,39.2,39.2,39.2,39.2,39.2,39.2,39.2,39.2,39.2,39.2,39.2,39.2,39.2,39.2,39.2,39.2,39.2,39.2,39.2,39.2,39.2,39.2,39.2,39.2,39.2,39.2,39.2,39.2,39.2,39.2,39.2,39.2,39.2,39.2,39.2,39.2,39.2,39.2,39.2,39.2,39.2,39.2,39.2,39.2,39.2,39.2,39.2,39.2,39.2,39.2,39.2,39.2,39.2,39.2,39.2,39.2,39.2,39.2,39.2,39.2,39.2,39.2,39.2,39.2,39.2,39.2,39.2,39.2,39.2,39.2,39.2,39.2,39.2,39.2,39.2,39.2,39.2,39.2,39.2,39.2,39.2,,,,,,,,,,,,,,,,,,,,,,,,,,,,,,,,,,,,,,,,,,,,,,
CWP2B1:KW,(                ),kW,0.0,0.0,0.0,0.0,0.0,0.0,0.0,0.0,0.0,0.0,0.0,0.0,0.0,0.0,0.0,0.0,0.0,0.0,0.0,0.0,0.0,0.0,0.0,0.0,0.0,0.0,0.0,0.0,0.0,0.0,0.0,0.0,0.0,0.0,0.0,0.0,0.0,0.0,0.0,0.0,0.0,0.0,0.0,0.0,0.0,0.0,0.0,0.0,0.0,0.0,0.0,0.0,0.0,0.0,0.0,0.0,0.0,0.0,0.0,0.0,0.0,0.0,0.0,0.0,0.0,0.0,0.0,0.0,0.0,0.0,0.0,0.0,0.0,0.0,0.0,0.0,0.0,0.0,0.0,0.0,0.0,0.0,0.0,0.0,0.0,0.0,0.0,0.0,0.0,0.0,0.0,0.0,0.0,0.0,0.0,0.0,0.0,0.0,,,,,,,,,,,,,,,,,,,,,,,,,,,,,,,,,,,,,,,,,,,,,,
CWP3B1:KW,(                ),kW,0.0,0.0,0.0,0.0,0.0,0.0,0.0,0.0,0.0,0.0,0.0,0.0,0.0,0.0,0.0,0.0,0.0,0.0,0.0,0.0,0.0,0.0,0.0,0.0,0.0,0.0,0.0,0.0,0.0,0.0,0.0,0.0,0.0,0.0,0.0,0.0,0.0,0.0,0.0,0.0,0.0,0.0,0.0,0.0,0.0,0.0,0.0,0.0,0.0,0.0,0.0,0.0,0.0,0.0,0.0,0.0,0.0,0.0,0.0,0.0,0.0,0.0,0.0,0.0,0.0,0.0,0.0,0.0,0.0,0.0,0.0,0.0,0.0,0.0,0.0,0.0,0.0,0.0,0.0,0.0,0.0,0.0,0.0,0.0,0.0,0.0,0.0,0.0,0.0,0.0,0.0,0.0,0.0,0.0,0.0,0.0,0.0,0.0,,,,,,,,,,,,,,,,,,,,,,,,,,,,,,,,,,,,,,,,,,,,,,
CWPB1-ALL.KW,(冷卻水泵系統功率),,39.2,39.2,39.2,39.2,39.2,39.2,39.2,39.2,39.2,39.2,39.2,39.2,39.2,39.2,39.2,39.2,39.2,39.2,39.2,39.2,39.2,39.2,39.2,39.2,39.2,39.2,39.2,39.2,39.2,39.2,39.2,39.2,39.2,39.2,39.2,39.2,39.2,39.2,39.2,39.2,39.2,39.2,39.2,39.2,39.2,39.2,39.2,39.2,39.2,39.2,39.2,39.2,39.2,39.2,39.2,39.2,39.2,39.2,39.2,39.2,39.2,39.2,39.2,39.2,39.2,39.2,39.2,39.2,39.2,39.2,39.2,39.2,39.2,39.2,39.2,39.2,39.2,39.2,39.2,39.2,39.2,39.2,39.2,39.2,39.2,39.2,39.2,39.2,39.2,39.2,39.2,39.2,39.2,39.2,39.2,39.2,39.2,39.2,,,,,,,,,,,,,,,,,,,,,,,,,,,,,,,,,,,,,,,,,,,,,,
CHP1B1:KW,(                ),kW,14.6,14.6,14.6,14.6,14.6,14.6,14.6,14.6,14.6,14.6,14.6,14.6,14.6,14.6,14.6,14.6,14.6,14.6,14.6,14.6,14.6,14.6,14.6,14.6,14.6,14.6,14.6,14.6,14.6,14.6,14.6,14.6,14.6,14.6,14.6,14.6,14.6,14.6,14.6,14.6,14.6,14.6,14.6,14.6,14.6,14.6,14.6,14.6,14.6,14.6,14.6,14.6,14.6,14.6,14.6,14.6,14.6,14.6,14.6,14.6,14.6,14.6,14.6,14.6,14.6,14.6,14.6,14.6,14.6,14.6,14.6,14.6,14.6,14.6,14.6,14.6,14.6,14.6,14.6,14.6,14.6,14.6,14.6,14.6,14.6,14.6,14.6,14.6,14.6,14.6,14.6,14.6,14.6,14.6,14.6,14.6,14.6,14.6,,,,,,,,,,,,,,,,,,,,,,,,,,,,,,,,,,,,,,,,,,,,,,
CHP2B1:KW,(                ),kW,0.0,0.0,0.0,0.0,0.0,0.0,0.0,0.0,0.0,0.0,0.0,0.0,0.0,0.0,0.0,0.0,0.0,0.0,0.0,0.0,0.0,0.0,0.0,0.0,0.0,0.0,0.0,0.0,0.0,0.0,0.0,0.0,0.0,0.0,0.0,0.0,0.0,0.0,0.0,0.0,0.0,0.0,0.0,0.0,0.0,0.0,0.0,0.0,0.0,0.0,0.0,0.0,0.0,0.0,0.0,0.0,0.0,0.0,0.0,0.0,0.0,0.0,0.0,0.0,0.0,0.0,0.0,0.0,0.0,0.0,0.0,0.0,0.0,0.0,0.0,0.0,0.0,0.0,0.0,0.0,0.0,0.0,0.0,0.0,0.0,0.0,0.0,0.0,0.0,0.0,0.0,0.0,0.0,0.0,0.0,0.0,0.0,0.0,,,,,,,,,,,,,,,,,,,,,,,,,,,,,,,,,,,,,,,,,,,,,,
CHP3B1:KW,(                ),kW,0.0,0.0,0.0,0.0,0.0,0.0,0.0,0.0,0.0,0.0,0.0,0.0,0.0,0.0,0.0,0.0,0.0,0.0,0.0,0.0,0.0,0.0,0.0,0.0,0.0,0.0,0.0,0.0,0.0,0.0,0.0,0.0,0.0,0.0,0.0,0.0,0.0,0.0,0.0,0.0,0.0,0.0,0.0,0.0,0.0,0.0,0.0,0.0,0.0,0.0,0.0,0.0,0.0,0.0,0.0,0.0,0.0,0.0,0.0,0.0,0.0,0.0,0.0,0.0,0.0,0.0,0.0,0.0,0.0,0.0,0.0,0.0,0.0,0.0,0.0,0.0,0.0,0.0,0.0,0.0,0.0,0.0,0.0,0.0,0.0,0.0,0.0,0.0,0.0,0.0,0.0,0.0,0.0,0.0,0.0,0.0,0.0,0.0,,,,,,,,,,,,,,,,,,,,,,,,,,,,,,,,,,,,,,,,,,,,,,
CHPB1-ALL.KW,(冰水泵系統功率  ),,14.6,14.6,14.6,14.6,14.6,14.6,14.6,14.6,14.6,14.6,14.6,14.6,14.6,14.6,14.6,14.6,14.6,14.6,14.6,14.6,14.6,14.6,14.6,14.6,14.6,14.6,14.6,14.6,14.6,14.6,14.6,14.6,14.6,14.6,14.6,14.6,14.6,14.6,14.6,14.6,14.6,14.6,14.6,14.6,14.6,14.6,14.6,14.6,14.6,14.6,14.6,14.6,14.6,14.6,14.6,14.6,14.6,14.6,14.6,14.6,14.6,14.6,14.6,14.6,14.6,14.6,14.6,14.6,14.6,14.6,14.6,14.6,14.6,14.6,14.6,14.6,14.6,14.6,14.6,14.6,14.6,14.6,14.6,14.6,14.6,14.6,14.6,14.6,14.6,14.6,14.6,14.6,14.6,14.6,14.6,14.6,14.6,14.6,,,,,,,,,,,,,,,,,,,,,,,,,,,,,,,,,,,,,,,,,,,,,,
MGCBAB2.KWH,(度數            ),kW h,264580848,264580880,264580928,264580960,264581008,264581040,264581088,264581136,264581200,264581248,264581280,264581328,264581360,264581408,264581440,264581472,264581504,264581552,264581600,264581648,264581680,264581712,264581760,264581792,264581840,264581872,264581920,264581936,264581984,264582016,264582048,264582096,264582128,264582176,264582224,264582256,264582288,264582320,264582336,264582400,264582432,264582480,264582512,264582544,264582592,264582624,264582656,264582688,264582736,264582816,264582944,264583120,264583280,264583536,264583760,264584048,264584288,264584576,264584912,264585248,264585568,264585888,264586240,264586608,264586928,264587280,264587648,264588016,264588336,264588688,264588848,264589360,264589712,264590064,264590384,264590736,264591072,264591440,264591824,264592160,264592528,264592848,264593248,264593584,264593936,264594256,264594576,264595008,264595328,264595696,264596016,264596368,264596720,264597088,264597456,264597840,264598144,264598448,,,,,,,,,,,,,,,,,,,,,,,,,,,,,,,,,,,,,,,,,,,,,,
MGCBAB2:HZ,(                ),Hz,59,60,59,60,59,60,59,60,60,59,60,60,60,60,60,60,60,60,59,59,60,60,59,59,60,60,59,59,59,60,59,60,60,60,60,59,60,59,59,60,59,60,60,60,59,60,59,60,59,60,60,60,60,60,60,60,60,59,59,59,60,60,59,59,59,60,60,59,59,59,59,60,60,59,59,59,60,59,60,59,60,59,60,60,60,59,59,60,60,59,60,60,60,60,59,59,60,59,,,,,,,,,,,,,,,,,,,,,,,,,,,,,,,,,,,,,,,,,,,,,,
MGCBAB2:IR,(                ),A,7,6,6,6,6,6,6,9,8,7,6,6,6,6,6,6,6,6,9,5,5,5,5,6,6,6,5,5,5,5,5,7,7,7,5,5,5,5,5,7,6,6,6,6,5,5,6,6,10,10,26,27,27,42,40,40,43,47,52,52,52,53,57,57,57,56,57,55,55,55,54,55,54,54,54,56,56,59,59,58,57,55,57,56,56,55,55,56,57,56,56,57,55,58,57,55,55,56,,,,,,,,,,,,,,,,,,,,,,,,,,,,,,,,,,,,,,,,,,,,,,
MGCBAB2:IS,(                ),A,5,5,5,5,5,5,5,8,7,6,5,5,5,5,5,5,5,5,8,5,5,4,4,6,5,5,5,5,5,5,5,6,6,6,4,4,4,4,4,6,6,5,5,6,4,5,5,5,9,9,25,27,26,41,40,39,42,46,52,52,52,52,56,56,56,56,56,55,54,54,54,54,53,53,54,55,55,58,58,57,57,54,56,56,55,55,55,56,57,56,55,56,55,57,56,54,55,55,,,,,,,,,,,,,,,,,,,,,,,,,,,,,,,,,,,,,,,,,,,,,,
MGCBAB2:IT,(                ),A,7,7,7,7,7,7,7,9,9,8,6,6,6,6,6,6,6,6,9,6,6,5,5,7,6,6,6,6,6,6,5,7,7,7,5,5,5,5,5,7,7,6,6,7,6,6,6,6,10,10,26,27,27,41,40,39,42,46,51,51,52,52,56,56,56,55,56,55,54,54,53,54,53,53,54,55,56,58,58,57,57,54,57,56,55,55,54,55,56,55,55,56,55,57,56,54,55,55,,,,,,,,,,,,,,,,,,,,,,,,,,,,,,,,,,,,,,,,,,,,,,
MGCBAB2:KW,(                ),kW,252.0,251.0,247.0,241.0,239.0,241.0,242.0,355.0,319.0,283.0,228.0,227.0,221.0,225.0,231.0,225.0,228.0,226.0,348.0,214.0,211.0,197.0,193.0,250.0,236.0,225.0,214.0,209.0,206.0,202.0,200.0,274.0,270.0,274.0,195.0,194.0,194.0,194.0,192.0,279.0,256.0,235.0,226.0,240.0,204.0,208.0,217.0,215.0,397.0,391.0,1001.0,1066.0,1067.0,1613.0,1534.0,1523.0,1635.0,1763.0,1962.0,1969.0,1976.0,1990.0,2136.0,2133.0,2124.0,2113.0,2136.0,2076.0,2065.0,2041.0,2035.0,2063.0,2008.0,2022.0,2031.0,2093.0,2099.0,2214.0,2199.0,2191.0,2158.0,2058.0,2162.0,2125.0,2094.0,2085.0,2072.0,2098.0,2136.0,2105.0,2089.0,2131.0,2071.0,2159.0,2123.0,2045.0,2055.0,2076.0,,,,,,,,,,,,,,,,,,,,,,,,,,,,,,,,,,,,,,,,,,,,,,
MGCBAB2:PF,(                ),, -33.77, -33.77, -33.77, -33.76, -33.77, -33.77, -33.77, -33.76, -33.76, -33.76, -33.76, -33.76, -33.76, -33.77, -33.76, -33.77, -33.77, -33.77, -33.76, -33.76, -33.76, -33.76, -33.76, -33.76, -33.76, -33.76, -33.76, -33.76, -33.76, -33.76, -33.76, -1.00, -1.00, -1.00, -33.76, -33.76, -33.76, -33.76, -33.76, -33.76, -33.76, -33.76, -33.76, -33.76, -33.77, -33.77, -33.77, -33.77, -0.97, -0.98, -0.95, -0.96, -0.96, -0.95, -0.94, -0.94, -0.94, -0.94, -0.93, -0.93, -0.93, -0.93, -0.94, -0.94, -0.93, -0.93, -0.93, -0.94, -0.94, -0.94, -0.94, -0.94, -0.94, -0.94, -0.93, -0.93, -0.94, -0.94, -0.94, -0.94, -0.94, -0.94, -0.94, -0.94, -0.94, -0.94, -0.93, -0.93, -0.94, -0.93, -0.93, -0.93, -0.93, -0.94, -0.93, -0.94, -0.94, -0.94,,,,,,,,,,,,,,,,,,,,,,,,,,,,,,,,,,,,,,,,,,,,,,
MGCBAB2:VRS,(                ),kV,23.2,23.3,23.3,23.3,23.3,23.3,23.3,23.3,23.4,23.3,23.4,23.4,23.4,23.4,23.4,23.4,23.4,23.4,23.5,23.4,23.5,23.5,23.5,23.5,23.5,23.5,23.5,23.5,23.5,23.5,23.5,23.5,23.5,23.5,23.5,23.4,23.4,23.4,23.4,23.4,23.4,23.4,23.4,23.4,23.5,23.6,23.6,23.7,23.7,23.6,23.6,23.5,23.5,23.4,23.4,23.4,23.4,23.4,23.3,23.3,23.3,23.3,23.3,23.3,23.3,23.3,23.2,23.2,23.2,23.2,23.2,23.2,23.2,23.2,23.2,23.2,23.2,23.2,23.2,23.2,23.1,23.2,23.2,23.2,23.2,23.2,23.2,23.2,23.1,23.2,23.2,23.2,23.2,23.1,23.1,23.1,23.1,23.1,,,,,,,,,,,,,,,,,,,,,,,,,,,,,,,,,,,,,,,,,,,,,,
MGCBAB2:VST,(                ),kV,23.3,23.3,23.4,23.3,23.3,23.3,23.4,23.4,23.4,23.4,23.4,23.4,23.4,23.4,23.4,23.4,23.5,23.5,23.5,23.4,23.5,23.5,23.5,23.5,23.5,23.5,23.5,23.5,23.4,23.5,23.5,23.5,23.5,23.5,23.5,23.5,23.5,23.4,23.5,23.5,23.4,23.4,23.5,23.4,23.6,23.6,23.6,23.7,23.7,23.7,23.6,23.6,23.6,23.5,23.4,23.4,23.5,23.4,23.4,23.4,23.4,23.3,23.4,23.3,23.3,23.3,23.3,23.2,23.2,23.2,23.3,23.3,23.3,23.2,23.3,23.3,23.2,23.2,23.2,23.2,23.2,23.2,23.2,23.2,23.2,23.2,23.3,23.2,23.2,23.2,23.3,23.2,23.3,23.2,23.2,23.2,23.1,23.2,,,,,,,,,,,,,,,,,,,,,,,,,,,,,,,,,,,,,,,,,,,,,,
MGCBAB2:VTR,(                ),kV,23.3,23.4,23.3,23.3,23.3,23.3,23.2,23.3,23.4,23.4,23.4,23.4,23.4,23.4,23.4,23.4,23.4,23.5,23.5,23.4,23.5,23.5,23.5,23.5,23.5,23.5,23.5,23.5,23.5,23.5,23.5,23.5,23.5,23.5,23.5,23.5,23.4,23.4,23.5,23.5,23.5,23.4,23.4,23.4,23.6,23.6,23.6,23.6,23.7,23.7,23.6,23.6,23.6,23.4,23.4,23.5,23.5,23.4,23.4,23.3,23.4,23.5,23.3,23.3,23.3,23.3,23.3,23.2,23.2,23.3,23.3,23.3,23.2,23.2,23.2,23.2,23.3,23.2,23.3,23.3,23.2,23.2,23.2,23.3,23.2,23.2,23.2,23.2,23.2,23.3,23.3,23.2,23.3,23.2,23.1,23.2,23.1,23.2,,,,,,,,,,,,,,,,,,,,,,,,,,,,,,,,,,,,,,,,,,,,,,
MLAB2-1.KWH,(度數            ),kW h,23654060,23654066,23654072,23654076,23654082,23654086,23654092,23654098,23654104,23654108,23654114,23654118,23654124,23654130,23654134,23654140,23654144,23654150,23654156,23654160,23654166,23654172,23654176,23654182,23654188,23654192,23654198,23654202,23654208,23654214,23654218,23654224,23654228,23654234,23654238,23654244,23654248,23654254,23654258,23654264,23654270,23654274,23654280,23654284,23654292,23654298,23654304,23654308,23654320,23654338,23654358,23654376,23654394,23654414,23654430,23654450,23654468,23654488,23654506,23654520,23654544,23654562,23654582,23654602,23654620,23654640,23654662,23654682,23654704,23654722,23654732,23654764,23654784,23654806,23654824,23654846,23654866,23654888,23654910,23654928,23654950,23654968,23654992,23655010,23655032,23655052,23655070,23655096,23655116,23655136,23655156,23655178,23655198,23655220,23655242,23655262,23655284,23655302,,,,,,,,,,,,,,,,,,,,,,,,,,,,,,,,,,,,,,,,,,,,,,
MLAB2-1:HZ,(                ),Hz,59,60,59,60,59,60,59,60,60,60,60,60,60,60,60,60,60,59,59,59,60,60,60,59,60,60,59,59,59,60,59,60,60,60,60,59,59,59,59,59,60,59,60,60,59,60,59,60,59,60,60,60,60,60,60,60,60,59,59,59,60,59,59,59,59,59,60,59,59,59,59,59,60,59,59,59,59,59,60,59,60,59,59,60,60,59,59,60,60,60,60,59,59,60,59,59,59,59,,,,,,,,,,,,,,,,,,,,,,,,,,,,,,,,,,,,,,,,,,,,,,
MLAB2-1:IR,(                ),A,64,61,63,61,61,63,65,62,62,62,63,62,60,60,60,62,63,61,62,63,62,61,61,62,63,60,60,61,60,59,60,58,58,58,58,61,61,61,61,62,62,63,64,68,69,71,72,70,199,198,202,201,202,201,202,201,203,199,201,202,215,215,218,232,236,234,234,233,236,234,233,234,231,232,231,230,233,231,231,233,237,232,235,234,231,236,236,234,236,237,234,236,232,236,233,236,235,237,,,,,,,,,,,,,,,,,,,,,,,,,,,,,,,,,,,,,,,,,,,,,,
MLAB2-1:IS,(                ),A,49,51,49,49,49,50,50,50,50,51,51,49,47,49,50,48,50,49,52,51,51,52,51,49,49,50,52,50,48,49,49,50,47,50,49,49,52,53,50,50,50,56,52,53,52,56,57,54,186,186,187,186,185,189,185,185,187,184,186,188,186,192,190,199,197,200,201,198,198,198,200,203,202,201,198,203,200,202,202,203,202,200,201,202,203,206,207,202,204,206,202,204,202,211,201,205,205,206,,,,,,,,,,,,,,,,,,,,,,,,,,,,,,,,,,,,,,,,,,,,,,
MLAB2-1:IT,(                ),A,34,38,38,33,34,33,39,35,35,34,38,33,32,33,37,33,34,35,39,35,34,39,38,33,33,33,41,33,33,33,37,33,30,33,34,31,33,32,33,31,31,38,37,34,33,38,39,35,156,157,159,160,157,160,159,156,161,156,159,159,159,164,163,164,165,163,166,163,164,163,166,168,172,173,170,179,178,179,170,170,172,173,177,179,173,176,173,172,173,177,181,179,172,189,177,179,178,177,,,,,,,,,,,,,,,,,,,,,,,,,,,,,,,,,,,,,,,,,,,,,,
MLAB2-1:KW,(                ),kW,31.0,32.0,33.0,31.0,31.0,31.0,33.0,31.0,31.0,32.0,32.0,31.0,30.0,31.0,32.0,31.0,31.0,31.0,33.0,32.0,32.0,32.0,32.0,31.0,31.0,31.0,33.0,31.0,31.0,31.0,32.0,31.0,30.0,30.0,30.0,30.0,32.0,32.0,31.0,31.0,31.0,34.0,33.0,33.0,34.0,36.0,37.0,35.0,110.0,111.0,113.0,112.0,111.0,113.0,112.0,111.0,113.0,110.0,111.0,112.0,114.0,116.0,116.0,121.0,122.0,122.0,123.0,121.0,122.0,121.0,122.0,123.0,123.0,124.0,122.0,124.0,125.0,125.0,122.0,123.0,125.0,123.0,126.0,126.0,124.0,126.0,125.0,124.0,125.0,127.0,126.0,126.0,124.0,130.0,125.0,126.0,126.0,127.0,,,,,,,,,,,,,,,,,,,,,,,,,,,,,,,,,,,,,,,,,,,,,,
MLAB2-1:PF,(                ),, -0.99, -0.99, -0.99, -0.99, -0.99, -0.99, -0.99, -0.98, -0.98, -0.98, -0.98, -0.99, -0.99, -0.98, -0.99, -0.99, -0.98, -0.98, -0.98, -0.98, -0.98, -0.98, -0.98, -0.99, -0.99, -0.99, -0.99, -0.99, -0.99, -0.98, -0.99, -33.77, -1.00, -1.00, -0.99, -1.00, -1.00, -33.76, -33.76, -1.00, -1.00, -33.77, -33.77, -33.76, -0.99, -0.99, -0.99, -0.99, -0.92, -0.93, -0.93, -0.93, -0.93, -0.94, -0.94, -0.93, -0.94, -0.93, -0.93, -0.93, -0.93, -0.93, -0.93, -0.93, -0.94, -0.94, -0.94, -0.94, -0.94, -0.94, -0.94, -0.94, -0.94, -0.94, -0.94, -0.94, -0.94, -0.94, -0.94, -0.94, -0.94, -0.94, -0.94, -0.94, -0.94, -0.94, -0.94, -0.94, -0.94, -0.94, -0.94, -0.94, -0.94, -0.95, -0.94, -0.94, -0.94, -0.94,,,,,,,,,,,,,,,,,,,,,,,,,,,,,,,,,,,,,,,,,,,,,,
MLAB2-1:VRS,(                ),V,377.0,377.0,378.0,378.0,377.0,378.0,378.0,378.0,378.0,379.0,379.0,379.0,379.0,379.0,379.0,379.0,380.0,380.0,380.0,380.0,380.0,381.0,381.0,381.0,380.0,381.0,381.0,381.0,381.0,381.0,380.0,381.0,381.0,381.0,381.0,380.0,380.0,380.0,380.0,380.0,380.0,379.0,380.0,379.0,382.0,382.0,382.0,383.0,383.0,382.0,382.0,381.0,380.0,379.0,378.0,379.0,379.0,378.0,377.0,377.0,377.0,377.0,378.0,377.0,377.0,377.0,376.0,375.0,375.0,375.0,375.0,376.0,375.0,375.0,375.0,375.0,376.0,375.0,375.0,375.0,374.0,375.0,375.0,375.0,374.0,375.0,375.0,375.0,375.0,375.0,375.0,375.0,376.0,375.0,374.0,375.0,374.0,375.0,,,,,,,,,,,,,,,,,,,,,,,,,,,,,,,,,,,,,,,,,,,,,,
MLAB2-1:VST,(                ),V,377.0,377.0,377.0,378.0,377.0,378.0,377.0,378.0,378.0,378.0,379.0,379.0,379.0,379.0,379.0,379.0,380.0,380.0,380.0,380.0,380.0,380.0,381.0,380.0,380.0,381.0,380.0,381.0,381.0,381.0,381.0,380.0,381.0,381.0,381.0,380.0,380.0,380.0,380.0,380.0,379.0,379.0,379.0,379.0,382.0,383.0,382.0,383.0,382.0,382.0,382.0,381.0,380.0,379.0,378.0,378.0,378.0,378.0,377.0,377.0,376.0,377.0,377.0,376.0,377.0,376.0,376.0,375.0,374.0,375.0,375.0,375.0,375.0,374.0,374.0,375.0,375.0,375.0,375.0,375.0,374.0,375.0,375.0,375.0,374.0,375.0,375.0,375.0,374.0,375.0,375.0,375.0,375.0,374.0,374.0,374.0,374.0,374.0,,,,,,,,,,,,,,,,,,,,,,,,,,,,,,,,,,,,,,,,,,,,,,
MLAB2-1:VTR,(                ),V,377.0,378.0,378.0,378.0,377.0,378.0,378.0,378.0,379.0,378.0,379.0,379.0,379.0,379.0,379.0,379.0,379.0,380.0,380.0,380.0,380.0,380.0,380.0,380.0,380.0,381.0,380.0,381.0,380.0,380.0,380.0,380.0,380.0,381.0,380.0,380.0,380.0,379.0,380.0,380.0,379.0,379.0,379.0,379.0,382.0,383.0,382.0,383.0,383.0,382.0,382.0,380.0,381.0,379.0,378.0,378.0,379.0,378.0,377.0,377.0,377.0,377.0,378.0,377.0,377.0,377.0,376.0,376.0,375.0,376.0,376.0,376.0,376.0,375.0,376.0,376.0,376.0,376.0,375.0,375.0,375.0,376.0,376.0,376.0,375.0,376.0,376.0,376.0,375.0,376.0,376.0,375.0,376.0,375.0,374.0,375.0,374.0,375.0,,,,,,,,,,,,,,,,,,,,,,,,,,,,,,,,,,,,,,,,,,,,,,
MLAB2-2.KWH,(度數            ),kW h,0,0,0,0,0,0,0,0,0,0,0,0,0,0,0,0,0,0,0,0,0,0,0,0,0,0,0,0,0,0,0,0,0,0,0,0,0,0,0,0,0,0,0,0,0,0,0,0,0,0,0,0,0,0,0,0,0,0,0,0,0,0,0,0,0,0,0,0,0,0,0,0,0,0,0,0,0,0,0,0,0,0,0,0,0,0,0,0,0,0,0,0,0,0,0,0,0,0,,,,,,,,,,,,,,,,,,,,,,,,,,,,,,,,,,,,,,,,,,,,,,
MLAB2-2:HZ,(                ),Hz,0,0,0,0,0,0,0,0,0,0,0,0,0,0,0,0,0,0,0,0,0,0,0,0,0,0,0,0,0,0,0,0,0,0,0,0,0,0,0,0,0,0,0,0,0,0,0,0,0,0,0,0,0,0,0,0,0,0,0,0,0,0,0,0,0,0,0,0,0,0,0,0,0,0,0,0,0,0,0,0,0,0,0,0,0,0,0,0,0,0,0,0,0,0,0,0,0,0,,,,,,,,,,,,,,,,,,,,,,,,,,,,,,,,,,,,,,,,,,,,,,
MLAB2-2:IR,(                ),A,0,0,0,0,0,0,0,0,0,0,0,0,0,0,0,0,0,0,0,0,0,0,0,0,0,0,0,0,0,0,0,0,0,0,0,0,0,0,0,0,0,0,0,0,0,0,0,0,0,0,0,0,0,0,0,0,0,0,0,0,0,0,0,0,0,0,0,0,0,0,0,0,0,0,0,0,0,0,0,0,0,0,0,0,0,0,0,0,0,0,0,0,0,0,0,0,0,0,,,,,,,,,,,,,,,,,,,,,,,,,,,,,,,,,,,,,,,,,,,,,,
MLAB2-2:IS,(                ),A,0,0,0,0,0,0,0,0,0,0,0,0,0,0,0,0,0,0,0,0,0,0,0,0,0,0,0,0,0,0,0,0,0,0,0,0,0,0,0,0,0,0,0,0,0,0,0,0,0,0,0,0,0,0,0,0,0,0,0,0,0,0,0,0,0,0,0,0,0,0,0,0,0,0,0,0,0,0,0,0,0,0,0,0,0,0,0,0,0,0,0,0,0,0,0,0,0,0,,,,,,,,,,,,,,,,,,,,,,,,,,,,,,,,,,,,,,,,,,,,,,
MLAB2-2:IT,(                ),A,0,0,0,0,0,0,0,0,0,0,0,0,0,0,0,0,0,0,0,0,0,0,0,0,0,0,0,0,0,0,0,0,0,0,0,0,0,0,0,0,0,0,0,0,0,0,0,0,0,0,0,0,0,0,0,0,0,0,0,0,0,0,0,0,0,0,0,0,0,0,0,0,0,0,0,0,0,0,0,0,0,0,0,0,0,0,0,0,0,0,0,0,0,0,0,0,0,0,,,,,,,,,,,,,,,,,,,,,,,,,,,,,,,,,,,,,,,,,,,,,,
MLAB2-2:KW,(                ),kW,0.0,0.0,0.0,0.0,0.0,0.0,0.0,0.0,0.0,0.0,0.0,0.0,0.0,0.0,0.0,0.0,0.0,0.0,0.0,0.0,0.0,0.0,0.0,0.0,0.0,0.0,0.0,0.0,0.0,0.0,0.0,0.0,0.0,0.0,0.0,0.0,0.0,0.0,0.0,0.0,0.0,0.0,0.0,0.0,0.0,0.0,0.0,0.0,0.0,0.0,0.0,0.0,0.0,0.0,0.0,0.0,0.0,0.0,0.0,0.0,0.0,0.0,0.0,0.0,0.0,0.0,0.0,0.0,0.0,0.0,0.0,0.0,0.0,0.0,0.0,0.0,0.0,0.0,0.0,0.0,0.0,0.0,0.0,0.0,0.0,0.0,0.0,0.0,0.0,0.0,0.0,0.0,0.0,0.0,0.0,0.0,0.0,0.0,,,,,,,,,,,,,,,,,,,,,,,,,,,,,,,,,,,,,,,,,,,,,,
MLAB2-2:PF,(                ),, -32.77, -32.77, -32.77, -32.77, -32.77, -32.77, -32.77, -32.77, -32.77, -32.77, -32.77, -32.77, -32.77, -32.77, -32.77, -32.77, -32.77, -32.77, -32.77, -32.77, -32.77, -32.77, -32.77, -32.77, -32.77, -32.77, -32.77, -32.77, -32.77, -32.77, -32.77, -32.77, -32.77, -32.77, -32.77, -32.77, -32.77, -32.77, -32.77, -32.77, -32.77, -32.77, -32.77, -32.77, -32.77, -32.77, -32.77, -32.77, -32.77, -32.77, -32.77, -32.77, -32.77, -32.77, -32.77, -32.77, -32.77, -32.77, -32.77, -32.77, -32.77, -32.77, -32.77, -32.77, -32.77, -32.77, -32.77, -32.77, -32.77, -32.77, -32.77, -32.77, -32.77, -32.77, -32.77, -32.77, -32.77, -32.77, -32.77, -32.77, -32.77, -32.77, -32.77, -32.77, -32.77, -32.77, -32.77, -32.77, -32.77, -32.77, -32.77, -32.77, -32.77, -32.77, -32.77, -32.77, -32.77, -32.77,,,,,,,,,,,,,,,,,,,,,,,,,,,,,,,,,,,,,,,,,,,,,,
MLAB2-2:VRS,(                ),V,0.0,0.0,0.0,0.0,0.0,0.0,0.0,0.0,0.0,0.0,0.0,0.0,0.0,0.0,0.0,0.0,0.0,0.0,0.0,0.0,0.0,0.0,0.0,0.0,0.0,0.0,0.0,0.0,0.0,0.0,0.0,0.0,0.0,0.0,0.0,0.0,0.0,0.0,0.0,0.0,0.0,0.0,0.0,0.0,0.0,0.0,0.0,0.0,0.0,0.0,0.0,0.0,0.0,0.0,0.0,0.0,0.0,0.0,0.0,0.0,0.0,0.0,0.0,0.0,0.0,0.0,0.0,0.0,0.0,0.0,0.0,0.0,0.0,0.0,0.0,0.0,0.0,0.0,0.0,0.0,0.0,0.0,0.0,0.0,0.0,0.0,0.0,0.0,0.0,0.0,0.0,0.0,0.0,0.0,0.0,0.0,0.0,0.0,,,,,,,,,,,,,,,,,,,,,,,,,,,,,,,,,,,,,,,,,,,,,,
MLAB2-2:VST,(                ),V,0.0,0.0,0.0,0.0,0.0,0.0,0.0,0.0,0.0,0.0,0.0,0.0,0.0,0.0,0.0,0.0,0.0,0.0,0.0,0.0,0.0,0.0,0.0,0.0,0.0,0.0,0.0,0.0,0.0,0.0,0.0,0.0,0.0,0.0,0.0,0.0,0.0,0.0,0.0,0.0,0.0,0.0,0.0,0.0,0.0,0.0,0.0,0.0,0.0,0.0,0.0,0.0,0.0,0.0,0.0,0.0,0.0,0.0,0.0,0.0,0.0,0.0,0.0,0.0,0.0,0.0,0.0,0.0,0.0,0.0,0.0,0.0,0.0,0.0,0.0,0.0,0.0,0.0,0.0,0.0,0.0,0.0,0.0,0.0,0.0,0.0,0.0,0.0,0.0,0.0,0.0,0.0,0.0,0.0,0.0,0.0,0.0,0.0,,,,,,,,,,,,,,,,,,,,,,,,,,,,,,,,,,,,,,,,,,,,,,
MLAB2-2:VTR,(                ),V,0.0,0.0,0.0,0.0,0.0,0.0,0.0,0.0,0.0,0.0,0.0,0.0,0.0,0.0,0.0,0.0,0.0,0.0,0.0,0.0,0.0,0.0,0.0,0.0,0.0,0.0,0.0,0.0,0.0,0.0,0.0,0.0,0.0,0.0,0.0,0.0,0.0,0.0,0.0,0.0,0.0,0.0,0.0,0.0,0.0,0.0,0.0,0.0,0.0,0.0,0.0,0.0,0.0,0.0,0.0,0.0,0.0,0.0,0.0,0.0,0.0,0.0,0.0,0.0,0.0,0.0,0.0,0.0,0.0,0.0,0.0,0.0,0.0,0.0,0.0,0.0,0.0,0.0,0.0,0.0,0.0,0.0,0.0,0.0,0.0,0.0,0.0,0.0,0.0,0.0,0.0,0.0,0.0,0.0,0.0,0.0,0.0,0.0,,,,,,,,,,,,,,,,,,,,,,,,,,,,,,,,,,,,,,,,,,,,,,
EMLAB2-1.KWH,(度數            ),kW h,23884854,23884860,23884868,23884874,23884880,23884886,23884892,23884898,23884904,23884910,23884916,23884918,23884924,23884928,23884934,23884940,23884946,23884954,23884960,23884966,23884970,23884976,23884980,23884984,23884990,23884994,23885000,23885004,23885008,23885014,23885018,23885034,23885050,23885064,23885076,23885080,23885086,23885090,23885094,23885098,23885104,23885108,23885112,23885116,23885122,23885128,23885132,23885136,23885142,23885146,23885152,23885156,23885160,23885166,23885170,23885176,23885180,23885184,23885190,23885194,23885200,23885206,23885218,23885232,23885246,23885262,23885278,23885294,23885302,23885308,23885312,23885320,23885326,23885332,23885338,23885348,23885366,23885384,23885400,23885418,23885434,23885450,23885458,23885464,23885474,23885482,23885488,23885502,23885520,23885536,23885550,23885566,23885580,23885596,23885610,23885624,23885632,23885640,,,,,,,,,,,,,,,,,,,,,,,,,,,,,,,,,,,,,,,,,,,,,,
EMLAB2-1:HZ,(                ),Hz,60,59,60,60,59,60,59,60,60,59,60,60,60,60,60,60,60,59,59,59,60,60,59,59,60,60,59,59,59,60,59,60,60,60,60,59,59,59,59,60,59,59,60,60,60,60,59,60,59,59,60,60,60,60,60,60,60,59,59,59,60,59,59,59,60,59,60,59,59,59,59,59,60,60,59,59,59,59,60,59,59,59,59,60,60,60,59,60,59,60,60,59,59,60,59,59,59,59,,,,,,,,,,,,,,,,,,,,,,,,,,,,,,,,,,,,,,,,,,,,,,
EMLAB2-1:IR,(                ),A,66,68,64,67,73,67,73,60,67,61,57,57,57,61,63,71,71,70,70,60,57,57,50,58,57,61,57,57,60,57,56,162,163,161,57,57,58,58,58,58,58,62,62,62,62,56,63,60,59,60,61,60,62,62,62,59,63,66,63,63,69,65,151,155,163,146,175,83,88,88,82,70,58,70,70,177,172,177,176,179,178,93,77,85,85,77,86,177,178,164,163,164,153,156,165,135,92,91,,,,,,,,,,,,,,,,,,,,,,,,,,,,,,,,,,,,,,,,,,,,,,
EMLAB2-1:IS,(                ),A,48,49,52,52,46,50,55,44,49,39,33,31,33,39,50,55,54,48,52,38,33,33,31,35,33,39,24,33,37,35,31,153,155,160,34,34,33,33,24,34,33,33,25,35,34,34,34,34,31,34,33,33,33,31,33,40,34,36,36,34,43,35,142,144,151,136,155,49,65,55,56,40,26,44,43,158,153,159,162,164,153,60,63,62,63,56,67,166,168,151,150,150,149,146,150,102,67,66,,,,,,,,,,,,,,,,,,,,,,,,,,,,,,,,,,,,,,,,,,,,,,
EMLAB2-1:IT,(                ),A,61,62,66,55,60,63,69,60,56,44,39,46,46,53,62,58,64,57,66,53,47,44,42,40,39,45,39,46,43,50,47,163,164,172,42,38,40,40,46,46,45,44,46,44,46,46,44,45,44,40,39,39,48,47,46,49,41,44,43,48,57,47,160,147,164,159,163,66,74,81,67,51,47,52,52,179,171,173,176,172,178,69,80,72,72,74,80,178,184,158,166,166,162,156,159,108,83,74,,,,,,,,,,,,,,,,,,,,,,,,,,,,,,,,,,,,,,,,,,,,,,
EMLAB2-1:KW,(                ),kW,37.0,36.0,38.0,37.0,38.0,37.0,42.0,34.0,36.0,30.0,27.0,28.0,28.0,32.0,37.0,39.0,40.0,38.0,40.0,32.0,28.0,28.0,25.0,27.0,27.0,30.0,25.0,28.0,29.0,30.0,28.0,99.0,99.0,102.0,28.0,27.0,27.0,27.0,26.0,29.0,28.0,29.0,27.0,29.0,30.0,28.0,30.0,29.0,28.0,28.0,28.0,27.0,30.0,29.0,29.0,31.0,28.0,31.0,29.0,30.0,35.0,30.0,87.0,85.0,92.0,84.0,104.0,42.0,48.0,47.0,43.0,34.0,27.0,35.0,35.0,106.0,103.0,106.0,107.0,106.0,105.0,32.0,47.0,47.0,47.0,44.0,49.0,100.0,102.0,91.0,93.0,93.0,90.0,89.0,91.0,35.0,51.0,49.0,,,,,,,,,,,,,,,,,,,,,,,,,,,,,,,,,,,,,,,,,,,,,,
EMLAB2-1:PF,(                ),, -1.00, -33.77, -1.00, -1.00, -1.00, -1.00, -1.00, -33.77, -1.00, -33.76, -33.76, -33.76, -33.76, -33.76, -33.77, -1.00, -1.00, -33.77, -33.77, -33.76, -33.76, -33.74, -33.74, -33.76, -33.76, -33.76, -33.76, -33.76, -33.76, -33.76, -33.76, -0.95, -0.95, -0.95, -33.76, -33.74, -33.74, -33.76, -33.76, -33.76, -33.76, -33.76, -33.76, -33.74, -33.76, -33.76, -33.76, -33.76, -33.76, -33.76, -33.76, -33.76, -33.76, -33.76, -33.76, -33.76, -33.76, -33.76, -33.76, -33.76, -33.76, -33.76, -0.88, -0.88, -0.89, -0.88, -0.98, -1.00, -1.00, -1.00, -1.00, -33.76, -33.76, -33.76, -33.76, -0.95, -0.95, -0.95, -0.95, -0.95, -0.95, -33.42, -1.00, -1.00, -1.00, -33.77, -1.00, -0.89, -0.89, -0.89, -0.89, -0.89, -0.89, -0.89, -0.89, -33.23, -1.00, -1.00,,,,,,,,,,,,,,,,,,,,,,,,,,,,,,,,,,,,,,,,,,,,,,
EMLAB2-1:VRS,(                ),V,377.0,377.0,378.0,378.0,377.0,378.0,377.0,378.0,378.0,379.0,379.0,379.0,379.0,379.0,379.0,380.0,379.0,379.0,380.0,380.0,380.0,381.0,380.0,380.0,380.0,381.0,381.0,381.0,381.0,381.0,380.0,380.0,380.0,379.0,381.0,380.0,380.0,380.0,380.0,381.0,381.0,379.0,379.0,379.0,382.0,383.0,383.0,384.0,384.0,383.0,383.0,382.0,381.0,380.0,379.0,380.0,380.0,379.0,378.0,378.0,378.0,379.0,377.0,377.0,377.0,376.0,376.0,377.0,376.0,376.0,377.0,377.0,376.0,376.0,376.0,376.0,375.0,375.0,375.0,375.0,375.0,377.0,376.0,377.0,376.0,376.0,375.0,375.0,374.0,375.0,375.0,375.0,376.0,375.0,374.0,377.0,375.0,375.0,,,,,,,,,,,,,,,,,,,,,,,,,,,,,,,,,,,,,,,,,,,,,,
EMLAB2-1:VST,(                ),V,377.0,377.0,377.0,378.0,377.0,377.0,377.0,378.0,378.0,378.0,378.0,379.0,379.0,379.0,379.0,379.0,379.0,379.0,380.0,380.0,380.0,381.0,380.0,380.0,380.0,380.0,380.0,381.0,380.0,381.0,380.0,380.0,380.0,379.0,381.0,380.0,380.0,380.0,380.0,381.0,380.0,379.0,379.0,379.0,382.0,383.0,382.0,383.0,384.0,383.0,382.0,382.0,382.0,380.0,379.0,379.0,379.0,379.0,378.0,378.0,377.0,378.0,377.0,376.0,376.0,376.0,376.0,376.0,375.0,375.0,376.0,376.0,376.0,375.0,376.0,376.0,375.0,375.0,375.0,374.0,375.0,376.0,375.0,376.0,375.0,375.0,375.0,374.0,374.0,374.0,375.0,375.0,375.0,374.0,374.0,376.0,374.0,375.0,,,,,,,,,,,,,,,,,,,,,,,,,,,,,,,,,,,,,,,,,,,,,,
EMLAB2-1:VTR,(                ),V,377.0,377.0,378.0,378.0,377.0,378.0,378.0,378.0,378.0,379.0,379.0,379.0,379.0,379.0,379.0,380.0,379.0,379.0,380.0,379.0,380.0,381.0,380.0,380.0,380.0,380.0,381.0,381.0,380.0,381.0,380.0,380.0,379.0,379.0,381.0,381.0,380.0,379.0,380.0,381.0,380.0,379.0,379.0,379.0,382.0,383.0,382.0,383.0,384.0,383.0,382.0,382.0,381.0,380.0,379.0,380.0,380.0,379.0,378.0,378.0,378.0,378.0,378.0,377.0,377.0,377.0,376.0,377.0,376.0,376.0,376.0,377.0,377.0,376.0,376.0,376.0,376.0,376.0,375.0,375.0,375.0,377.0,376.0,377.0,376.0,376.0,376.0,375.0,375.0,375.0,376.0,375.0,376.0,375.0,374.0,377.0,374.0,376.0,,,,,,,,,,,,,,,,,,,,,,,,,,,,,,,,,,,,,,,,,,,,,,
MGCBARF.KWH,(度數            ),,39.0292,39.0292,39.0292,39.0292,39.0293,39.0293,39.0293,39.0293,39.0294,39.0294,39.0294,39.0294,39.0294,39.0294,39.0295,39.0295,39.0295,39.0295,39.0295,39.0296,39.0296,39.0296,39.0296,39.0296,39.0296,39.0297,39.0297,39.0297,39.0297,39.0297,39.0297,39.0298,39.0298,39.0298,39.0298,39.0298,39.0298,39.0298,39.0299,39.0299,39.0299,39.0299,39.0299,39.0299,39.0300,39.0300,39.0300,39.0300,39.0300,39.0301,39.0301,39.0302,39.0303,39.0305,39.0306,39.0308,39.0309,39.0311,39.0313,39.0315,39.0317,39.0319,39.0321,39.0323,39.0326,39.0327,39.0330,39.0332,39.0334,39.0336,39.0337,39.0340,39.0342,39.0344,39.0346,39.0348,39.0350,39.0353,39.0355,39.0357,39.0359,39.0361,39.0363,39.0366,39.0368,39.0370,39.0371,39.0374,39.0376,39.0378,39.0380,39.0382,39.0384,39.0386,39.0389,39.0391,39.0393,39.0395,,,,,,,,,,,,,,,,,,,,,,,,,,,,,,,,,,,,,,,,,,,,,,
MGCBARF:F,(                ),Hz,60,60,60,60,60,60,60,60,60,60,60,60,60,60,60,60,60,60,60,60,60,60,60,60,60,60,60,60,60,60,60,60,60,60,60,60,60,60,60,60,60,60,60,60,60,60,60,60,60,60,60,60,60,60,60,60,60,60,60,60,60,60,60,60,60,60,60,60,60,60,60,60,60,60,60,60,60,60,60,60,60,60,60,60,60,60,60,60,60,60,60,60,60,60,60,60,60,60,,,,,,,,,,,,,,,,,,,,,,,,,,,,,,,,,,,,,,,,,,,,,,
MGCBARF:I1,(                ),A,2.9,2.9,2.8,2.7,2.8,2.7,2.7,4.6,4.0,3.5,2.6,2.6,2.9,2.5,2.5,2.4,2.7,2.4,4.3,2.3,2.3,2.0,2.0,2.9,2.7,2.4,2.3,2.2,2.2,2.1,2.1,2.1,2.1,2.0,2.0,2.0,2.0,2.0,2.0,3.4,3.0,2.6,2.4,2.3,2.1,2.2,2.3,2.3,4.1,4.1,14.4,16.0,15.1,25.0,23.8,24.2,25.8,28.3,31.9,32.0,32.1,32.2,33.9,33.8,33.7,33.5,33.1,33.5,33.3,33.0,33.4,33.2,33.1,33.1,32.9,32.8,32.9,34.8,35.0,34.6,33.9,33.5,34.7,34.5,33.8,33.4,33.3,33.0,33.3,33.0,32.9,32.8,33.1,33.9,33.9,33.4,33.2,33.5,,,,,,,,,,,,,,,,,,,,,,,,,,,,,,,,,,,,,,,,,,,,,,
MGCBARF:I2,(                ),A,2.4,2.4,2.3,2.3,2.3,2.3,2.3,4.1,3.6,3.1,2.2,2.3,2.5,2.2,2.2,2.1,2.5,2.1,4.0,2.1,2.1,1.8,1.8,2.7,2.5,2.3,2.1,2.0,2.0,1.9,1.9,1.9,1.8,1.9,1.8,1.8,1.8,1.8,1.8,3.1,2.8,2.4,2.2,2.1,1.8,2.0,2.0,2.0,3.7,3.6,14.2,15.7,14.9,24.7,23.6,24.0,25.7,28.4,32.2,32.5,32.3,32.4,34.1,33.8,33.6,33.4,33.2,33.6,33.4,32.9,33.4,33.2,33.1,33.0,32.9,32.8,32.8,34.6,34.9,34.5,33.9,33.5,34.6,34.5,33.9,33.5,33.3,33.0,33.5,33.1,32.9,32.9,33.2,33.9,33.8,33.4,33.1,33.6,,,,,,,,,,,,,,,,,,,,,,,,,,,,,,,,,,,,,,,,,,,,,,
MGCBARF:I3,(                ),A,3.3,3.3,3.2,3.2,3.2,3.2,3.1,5.0,4.4,3.9,3.0,3.0,3.2,2.9,2.9,2.8,3.1,2.8,4.7,2.7,2.7,2.4,2.4,3.3,3.1,2.9,2.7,2.6,2.6,2.5,2.5,2.5,2.5,2.4,2.4,2.4,2.4,2.4,2.4,3.7,3.4,3.0,2.9,2.7,2.5,2.6,2.6,2.7,4.3,4.3,14.7,16.2,15.3,24.7,23.7,24.1,25.5,28.0,31.7,31.8,31.8,31.9,33.6,33.4,33.3,33.1,32.8,33.1,33.1,32.6,33.0,32.8,32.7,32.8,32.6,32.5,32.7,34.6,34.6,34.3,33.7,33.3,34.4,34.2,33.7,33.3,33.1,32.7,33.2,32.8,32.7,32.7,33.0,33.6,33.6,33.1,33.0,33.4,,,,,,,,,,,,,,,,,,,,,,,,,,,,,,,,,,,,,,,,,,,,,,
MGCBARF:KW,(                ),kW,113.9,113.1,109.8,107.5,108.5,108.9,106.4,183.1,162.1,139.8,104.6,104.4,112.6,100.9,100.8,95.6,109.6,96.5,175.3,93.4,93.1,83.8,83.0,120.1,111.9,101.5,95.3,92.0,89.6,87.7,86.5,85.9,84.5,84.8,83.9,84.2,83.1,82.6,83.8,138.2,124.5,107.4,100.3,95.8,86.8,91.0,92.5,93.8,161.2,159.6,564.9,626.2,592.3,957.1,906.1,922.6,978.4,1078.1,1210.2,1215.9,1216.7,1217.7,1293.3,1284.2,1268.3,1265.1,1248.4,1258.3,1253.3,1238.5,1247.2,1244.0,1242.8,1249.2,1235.4,1233.3,1235.4,1317.0,1322.4,1306.0,1282.7,1265.0,1313.1,1307.0,1283.3,1263.2,1258.0,1239.5,1260.9,1244.2,1241.4,1237.7,1251.0,1283.5,1269.9,1254.3,1241.7,1258.7,,,,,,,,,,,,,,,,,,,,,,,,,,,,,,,,,,,,,,,,,,,,,,
MGCBARF:PF,(                ),,1.02,1.02,1.02,1.02,1.02,1.02,1.03,1.02,1.02,1.01,1.01,1.02,1.03,1.02,1.02,1.03,1.02,1.02,1.01,1.03,1.03,1.02,1.02,1.01,1.01,1.01,1.01,1.02,1.02,1.02,1.02,1.02,1.02,1.02,1.02,1.02,1.02,1.02,1.02,1.01,1.01,1.01,1.01,1.01,0.99,0.98,0.98,1.02,0.97,0.97,0.95,0.96,0.96,0.95,0.94,0.94,0.94,0.94,0.93,0.93,0.93,0.93,0.94,0.94,0.94,0.93,0.94,0.94,0.93,0.93,0.93,0.93,0.94,0.93,0.93,0.93,0.93,0.94,0.94,0.94,0.94,0.94,0.94,0.94,0.94,0.94,0.94,0.94,0.94,0.94,0.94,0.94,0.93,0.94,0.94,0.94,0.94,0.93,,,,,,,,,,,,,,,,,,,,,,,,,,,,,,,,,,,,,,,,,,,,,,
MGCBARF:V12,(                ),kV,23.3,23.3,23.4,23.4,23.3,23.4,23.4,23.4,23.4,23.4,23.4,23.5,23.5,23.5,23.5,23.5,23.5,23.5,23.5,23.5,23.5,23.6,23.5,23.6,23.5,23.5,23.6,23.6,23.5,23.6,23.5,23.5,23.5,23.5,23.5,23.5,23.5,23.5,23.5,23.5,23.5,23.5,23.4,23.5,23.6,23.7,23.7,23.7,23.8,23.7,23.7,23.6,23.6,23.5,23.5,23.5,23.5,23.4,23.4,23.4,23.4,23.4,23.4,23.4,23.3,23.4,23.3,23.3,23.2,23.3,23.3,23.3,23.3,23.3,23.3,23.3,23.3,23.2,23.2,23.2,23.3,23.2,23.3,23.3,23.2,23.2,23.2,23.2,23.2,23.2,23.2,23.3,23.3,23.3,23.2,23.2,23.2,23.2,,,,,,,,,,,,,,,,,,,,,,,,,,,,,,,,,,,,,,,,,,,,,,
MGCBARF:V23,(                ),kV,23.4,23.4,23.4,23.4,23.3,23.4,23.4,23.4,23.4,23.4,23.5,23.5,23.5,23.5,23.5,23.5,23.5,23.5,23.5,23.5,23.5,23.6,23.6,23.6,23.5,23.6,23.6,23.6,23.5,23.6,23.5,23.5,23.5,23.6,23.6,23.6,23.5,23.5,23.5,23.5,23.5,23.5,23.5,23.5,23.6,23.7,23.7,23.7,23.8,23.7,23.7,23.6,23.6,23.5,23.5,23.5,23.5,23.4,23.4,23.4,23.4,23.4,23.4,23.4,23.4,23.4,23.3,23.3,23.3,23.3,23.3,23.3,23.3,23.3,23.3,23.3,23.3,23.3,23.3,23.3,23.3,23.3,23.3,23.3,23.3,23.3,23.3,23.2,23.3,23.3,23.3,23.3,23.3,23.3,23.2,23.2,23.2,23.2,,,,,,,,,,,,,,,,,,,,,,,,,,,,,,,,,,,,,,,,,,,,,,
MGCBARF:V31,(                ),kV,23.4,23.4,23.4,23.4,23.4,23.4,23.4,23.4,23.4,23.5,23.5,23.5,23.5,23.5,23.5,23.5,23.5,23.5,23.5,23.5,23.5,23.6,23.6,23.6,23.6,23.6,23.6,23.6,23.6,23.6,23.5,23.6,23.5,23.6,23.6,23.6,23.5,23.5,23.5,23.5,23.5,23.5,23.5,23.5,23.6,23.7,23.7,23.8,23.8,23.7,23.7,23.7,23.6,23.5,23.5,23.5,23.5,23.5,23.4,23.4,23.4,23.4,23.4,23.4,23.4,23.4,23.3,23.3,23.3,23.3,23.3,23.3,23.3,23.3,23.3,23.3,23.3,23.3,23.3,23.3,23.3,23.3,23.3,23.3,23.3,23.3,23.3,23.3,23.3,23.3,23.3,23.3,23.4,23.3,23.2,23.3,23.2,23.2,,,,,,,,,,,,,,,,,,,,,,,,,,,,,,,,,,,,,,,,,,,,,,
MPA1:HZ,(                ),Hz,59,60,59,59,59,60,59,59,59,60,60,59,60,59,59,60,60,59,59,59,59,59,59,60,59,59,59,59,59,60,59,59,60,60,60,59,59,59,60,60,60,59,60,60,59,60,59,60,60,59,60,60,60,60,60,60,60,60,59,60,60,60,59,59,60,60,59,59,59,59,59,59,60,59,59,59,59,59,60,59,59,59,60,60,60,60,59,59,59,59,60,59,59,59,59,59,60,59,,,,,,,,,,,,,,,,,,,,,,,,,,,,,,,,,,,,,,,,,,,,,,
MPA1:IR,(                ),A,8,7,7,8,8,8,7,7,7,8,7,7,8,7,8,7,7,8,8,7,7,8,8,8,7,7,8,7,7,7,8,8,8,7,7,8,7,8,7,7,8,8,7,7,8,8,8,7,70,20,593,632,592,1481,1485,1488,1518,1510,1533,1528,1534,1538,1535,1536,1550,1541,1543,1547,1555,1549,1547,1536,1548,1545,1547,1542,1550,1544,1554,1546,1538,1545,1549,1539,1548,1549,1542,1548,1554,1542,1542,1552,1540,1545,1546,1541,1548,1550,,,,,,,,,,,,,,,,,,,,,,,,,,,,,,,,,,,,,,,,,,,,,,
MPA1:IS,(                ),A,12,10,10,12,11,12,11,10,12,12,10,11,12,12,12,11,10,11,11,9,9,11,11,11,9,10,11,11,10,9,11,11,11,10,9,11,11,11,10,10,11,11,9,10,11,11,11,9,73,23,590,632,591,1524,1522,1526,1562,1549,1569,1576,1562,1575,1571,1569,1584,1573,1574,1576,1581,1576,1578,1571,1580,1572,1573,1574,1571,1570,1584,1574,1569,1577,1574,1566,1577,1576,1578,1584,1581,1574,1571,1584,1565,1580,1576,1572,1575,1576,,,,,,,,,,,,,,,,,,,,,,,,,,,,,,,,,,,,,,,,,,,,,,
MPA1:IT,(                ),A,9,9,8,9,8,9,9,8,9,8,8,9,8,9,8,8,8,7,8,7,7,8,7,8,7,8,8,7,8,7,8,8,7,8,7,8,8,7,8,7,8,8,7,8,7,8,8,7,70,19,607,644,602,1498,1503,1511,1538,1529,1553,1564,1547,1556,1560,1551,1569,1557,1564,1566,1573,1563,1565,1559,1565,1563,1565,1565,1566,1569,1574,1565,1565,1567,1570,1558,1575,1573,1569,1570,1575,1565,1565,1573,1563,1572,1568,1561,1568,1573,,,,,,,,,,,,,,,,,,,,,,,,,,,,,,,,,,,,,,,,,,,,,,
MPA1:KW,(                ),kW,4.6,4.0,3.3,4.6,3.9,4.6,4.0,3.3,4.6,3.9,3.3,4.0,4.0,4.6,4.0,3.4,3.7,3.8,4.4,3.1,3.0,4.4,3.8,4.4,3.1,3.8,4.4,3.7,3.7,3.1,4.5,4.4,3.8,3.8,3.1,4.4,4.4,3.7,3.8,3.2,4.4,4.4,3.1,3.8,3.8,4.5,4.5,3.2,31.0,8.9,370.6,392.7,369.0,927.0,927.4,929.8,949.9,940.3,952.9,955.6,950.9,955.5,955.8,951.4,959.4,953.9,953.3,954.1,956.2,955.2,955.1,950.7,954.9,951.9,952.8,953.8,953.9,953.9,957.6,951.7,951.2,953.3,954.4,949.8,954.5,955.1,953.8,955.1,958.2,951.6,951.3,958.3,950.6,955.0,951.1,948.1,951.1,953.2,,,,,,,,,,,,,,,,,,,,,,,,,,,,,,,,,,,,,,,,,,,,,,
MPA1:KWH,(                ),,12407403,12407403,12407404,12407404,12407405,12407406,12407406,12407407,12407408,12407408,12407409,12407410,12407410,12407411,12407412,12407412,12407413,12407414,12407414,12407415,12407416,12407416,12407417,12407418,12407418,12407419,12407419,12407420,12407421,12407421,12407422,12407423,12407423,12407424,12407424,12407425,12407426,12407426,12407427,12407428,12407428,12407429,12407430,12407430,12407431,12407431,12407432,12407433,12407434,12407438,12407474,12407540,12407599,12407726,12407863,12408038,12408202,12408349,12408513,12408675,12408830,12408995,12409144,12409309,12409471,12409611,12409792,12409940,12410106,12410270,12410347,12410588,12410737,12410902,12411066,12411212,12411369,12411533,12411696,12411845,12412009,12412149,12412328,12412493,12412643,12412808,12412931,12413126,12413276,12413440,12413605,12413752,12413908,12414073,12414237,12414401,12414548,12414689,,,,,,,,,,,,,,,,,,,,,,,,,,,,,,,,,,,,,,,,,,,,,,
MPA1:PF,(                ),,0.73,0.69,0.62,0.73,0.67,0.73,0.69,0.62,0.73,0.66,0.61,0.68,0.67,0.73,0.66,0.60,0.69,0.68,0.74,0.62,0.61,0.73,0.68,0.74,0.61,0.69,0.74,0.67,0.69,0.62,0.74,0.73,0.68,0.69,0.62,0.74,0.74,0.67,0.69,0.62,0.73,0.74,0.62,0.70,0.68,0.74,0.74,0.62,0.65,0.65,0.93,0.93,0.94,0.94,0.94,0.94,0.94,0.94,0.94,0.94,0.94,0.94,0.94,0.94,0.94,0.94,0.94,0.94,0.94,0.94,0.94,0.94,0.94,0.94,0.94,0.94,0.94,0.94,0.94,0.94,0.94,0.94,0.94,0.94,0.94,0.94,0.94,0.94,0.94,0.94,0.94,0.94,0.94,0.94,0.94,0.94,0.94,0.94,,,,,,,,,,,,,,,,,,,,,,,,,,,,,,,,,,,,,,,,,,,,,,
MPA1:VRS,(                ),V,379.5,379.5,380.2,379.7,379.3,380.1,379.8,380.4,380.7,380.9,380.8,381.4,381.8,381.7,381.9,381.7,382.0,381.8,382.2,382.1,382.4,383.0,382.8,382.8,383.0,382.8,383.0,383.0,382.8,383.5,382.6,383.1,382.4,382.7,383.2,382.8,382.5,382.1,382.4,382.3,382.6,381.9,381.4,381.6,384.3,385.2,384.7,386.3,386.3,385.4,383.4,384.1,382.0,378.5,378.6,377.7,378.1,376.5,375.9,376.3,376.5,377.1,377.0,375.8,375.5,375.7,374.3,373.9,374.0,375.2,374.6,375.1,374.4,374.9,374.2,375.5,374.7,375.4,374.3,373.4,374.4,374.4,374.4,374.8,374.7,374.2,374.0,373.9,374.3,374.1,373.9,374.4,374.4,374.2,372.7,373.0,373.2,373.4,,,,,,,,,,,,,,,,,,,,,,,,,,,,,,,,,,,,,,,,,,,,,,
MPA1:VST,(                ),V,379.3,379.3,379.9,379.7,379.2,380.0,379.7,380.3,380.7,380.7,380.8,381.3,381.6,381.5,381.7,381.6,382.1,381.8,382.3,382.2,382.4,382.8,382.7,382.7,382.9,382.6,382.9,382.8,382.8,383.3,382.6,382.9,382.5,382.7,383.1,382.8,382.6,382.2,382.5,382.2,382.3,381.8,381.5,381.8,384.3,385.2,384.6,386.3,386.1,385.4,384.1,383.6,383.3,379.1,377.7,378.0,378.2,376.9,376.7,376.5,376.6,375.7,376.4,375.8,375.8,375.5,375.2,375.2,372.8,374.2,374.6,374.5,374.4,373.6,374.0,374.7,374.3,374.9,373.6,373.7,374.7,373.3,374.4,374.7,373.9,374.3,374.3,373.4,374.2,373.7,374.3,374.3,373.9,373.5,373.3,372.8,372.3,373.4,,,,,,,,,,,,,,,,,,,,,,,,,,,,,,,,,,,,,,,,,,,,,,
MPA1:VTR,(                ),V,379.5,379.8,380.3,379.9,379.5,380.5,379.8,380.5,380.8,380.8,380.9,381.3,381.7,381.6,381.8,381.5,381.9,381.6,382.1,382.1,382.2,382.9,382.7,382.6,382.8,382.6,382.8,382.8,382.6,383.2,382.3,382.8,382.2,382.6,383.1,382.7,382.4,381.8,382.1,382.0,382.3,381.8,381.5,381.4,384.3,385.1,384.6,386.1,386.3,385.5,383.8,382.5,382.2,377.6,377.2,377.1,378.0,376.7,376.3,376.7,376.3,376.8,376.7,375.9,375.0,375.9,374.5,374.3,374.0,375.1,374.7,374.7,374.5,373.9,374.2,374.2,374.4,373.9,373.6,374.3,374.6,374.6,373.9,374.7,373.3,374.0,374.3,373.9,374.6,374.3,374.3,374.6,375.4,374.2,373.0,373.4,372.7,372.6,,,,,,,,,,,,,,,,,,,,,,,,,,,,,,,,,,,,,,,,,,,,,,
MPA2:HZ,(                ),Hz,59,60,59,59,59,60,59,59,59,60,60,59,60,59,59,60,59,59,59,59,59,59,59,60,59,59,59,59,59,60,59,59,60,60,60,59,59,59,60,60,60,59,60,60,59,60,59,60,60,59,60,60,60,60,60,60,60,60,59,59,60,60,59,59,60,59,59,59,59,59,59,59,60,59,59,59,59,59,60,59,59,59,60,60,60,59,59,59,60,59,60,59,59,59,59,59,60,59,,,,,,,,,,,,,,,,,,,,,,,,,,,,,,,,,,,,,,,,,,,,,,
MPA2:IR,(                ),A,80,79,79,79,80,79,79,79,79,80,80,79,79,79,79,79,78,79,78,79,79,52,52,52,52,52,52,52,52,52,52,52,52,52,52,52,52,52,52,52,52,52,52,52,52,51,51,51,139,138,343,418,429,425,416,419,541,766,1069,1076,1079,1069,1078,1074,1078,1087,1079,1083,1095,1073,1078,1081,1066,1083,1083,1071,1091,1082,1076,1081,1089,1078,1091,1083,1071,1086,1089,1076,1088,1085,1076,1081,1079,1074,1089,1087,1073,1129,,,,,,,,,,,,,,,,,,,,,,,,,,,,,,,,,,,,,,,,,,,,,,
MPA2:IS,(                ),A,75,75,75,75,75,75,75,75,75,75,76,75,75,75,75,76,75,75,75,75,75,47,47,47,48,47,48,47,47,47,47,48,48,48,47,47,47,47,48,48,48,47,47,48,47,47,47,47,138,137,362,437,450,450,437,440,572,812,1140,1152,1149,1142,1145,1145,1147,1158,1148,1152,1161,1139,1147,1153,1134,1147,1150,1138,1152,1146,1142,1148,1155,1145,1156,1150,1136,1152,1163,1143,1153,1154,1139,1152,1146,1142,1153,1155,1137,1193,,,,,,,,,,,,,,,,,,,,,,,,,,,,,,,,,,,,,,,,,,,,,,
MPA2:IT,(                ),A,76,77,76,76,76,76,76,76,76,76,76,75,75,76,76,75,75,76,76,76,76,48,48,48,48,48,48,48,48,48,48,48,48,48,48,48,48,47,48,48,48,48,48,48,48,47,47,47,136,135,356,425,437,435,423,426,554,783,1115,1129,1121,1116,1122,1118,1124,1130,1129,1126,1139,1115,1124,1130,1109,1127,1127,1117,1131,1128,1121,1127,1138,1124,1139,1129,1120,1135,1142,1122,1134,1131,1122,1131,1129,1122,1133,1133,1116,1178,,,,,,,,,,,,,,,,,,,,,,,,,,,,,,,,,,,,,,,,,,,,,,
MPA2:KW,(                ),kW,43.3,43.2,43.2,43.3,43.2,43.4,43.1,43.3,43.3,43.6,43.6,43.2,43.3,43.3,43.2,43.3,43.2,43.3,43.2,43.1,43.4,27.4,27.4,27.5,27.5,27.4,27.4,27.5,27.4,27.5,27.5,27.4,27.5,27.6,27.4,27.4,27.4,27.3,27.5,27.5,27.7,27.5,27.4,27.6,27.5,27.2,27.1,27.2,88.4,87.8,196.9,256.5,263.3,261.3,255.0,256.4,329.4,476.4,664.1,670.9,668.2,664.7,667.4,665.2,666.9,672.4,666.9,668.0,673.1,661.6,665.9,668.2,657.4,666.8,666.5,661.3,670.7,667.3,662.7,665.8,672.0,664.8,672.5,668.8,660.3,669.9,673.9,663.1,670.9,669.2,662.9,668.5,667.3,663.7,668.9,668.3,659.2,692.9,,,,,,,,,,,,,,,,,,,,,,,,,,,,,,,,,,,,,,,,,,,,,,
MPA2:KWH,(                ),,19724366,19724374,19724382,19724388,19724396,19724402,19724410,19724414,19724424,19724432,19724438,19724444,19724454,19724460,19724468,19724474,19724482,19724490,19724496,19724502,19724512,19724516,19724522,19724526,19724530,19724536,19724540,19724544,19724548,19724554,19724558,19724562,19724568,19724572,19724576,19724582,19724586,19724588,19724594,19724600,19724604,19724608,19724614,19724618,19724622,19724626,19724632,19724636,19724644,19724658,19724688,19724726,19724766,19724812,19724850,19724898,19724952,19725006,19725118,19725232,19725342,19725456,19725562,19725676,19725790,19725888,19726014,19726118,19726234,19726350,19726402,19726572,19726674,19726790,19726904,19727006,19727116,19727232,19727346,19727450,19727564,19727660,19727788,19727904,19728008,19728124,19728210,19728346,19728452,19728568,19728682,19728786,19728894,19729010,19729126,19729242,19729344,19729446,,,,,,,,,,,,,,,,,,,,,,,,,,,,,,,,,,,,,,,,,,,,,,
MPA2:PF,(                ),,0.86,0.86,0.86,0.86,0.86,0.86,0.86,0.86,0.86,0.86,0.86,0.86,0.85,0.86,0.86,0.86,0.86,0.86,0.85,0.85,0.85,0.84,0.85,0.85,0.85,0.84,0.85,0.85,0.85,0.85,0.85,0.84,0.85,0.85,0.84,0.84,0.85,0.85,0.85,0.85,0.85,0.85,0.85,0.85,0.84,0.84,0.84,0.84,0.96,0.96,0.84,0.91,0.91,0.91,0.91,0.91,0.90,0.92,0.92,0.92,0.92,0.92,0.92,0.92,0.92,0.92,0.92,0.92,0.92,0.92,0.92,0.92,0.92,0.92,0.92,0.92,0.92,0.92,0.92,0.92,0.92,0.92,0.92,0.92,0.92,0.92,0.92,0.92,0.92,0.92,0.92,0.92,0.92,0.92,0.92,0.92,0.92,0.92,,,,,,,,,,,,,,,,,,,,,,,,,,,,,,,,,,,,,,,,,,,,,,
MPA2:VRS,(                ),V,379.4,379.4,380.4,379.8,379.2,380.2,379.7,380.5,380.6,380.9,380.7,381.3,381.8,381.5,381.8,381.5,382.0,381.7,382.2,382.2,382.3,382.9,382.7,382.7,383.0,383.0,382.9,382.9,382.7,383.3,382.5,383.0,382.6,382.7,383.1,382.7,382.4,381.9,382.3,382.2,382.5,382.1,381.2,381.5,384.3,385.0,385.0,386.2,386.0,385.5,383.7,383.5,382.5,381.5,381.0,380.6,380.8,379.1,377.3,377.4,377.3,378.6,378.0,377.6,376.9,376.1,375.6,376.3,374.9,377.4,375.6,376.7,376.0,375.9,374.9,376.3,375.7,376.2,375.1,374.8,375.7,375.6,376.0,376.1,375.8,376.0,375.5,374.8,376.0,375.2,375.2,376.0,376.4,375.3,374.6,374.0,374.6,374.4,,,,,,,,,,,,,,,,,,,,,,,,,,,,,,,,,,,,,,,,,,,,,,
MPA2:VST,(                ),V,379.3,379.3,380.0,379.7,379.1,380.2,379.6,380.4,380.5,380.8,380.7,381.2,381.6,381.4,381.7,381.5,382.0,381.7,382.2,382.1,382.3,382.8,382.6,382.6,382.9,382.8,382.8,382.8,382.6,383.2,382.5,382.8,382.6,382.6,382.9,382.7,382.5,381.9,382.3,382.2,382.2,382.0,381.2,381.7,384.3,385.1,384.9,386.2,385.9,385.3,383.7,383.1,382.4,381.5,380.7,380.3,380.5,378.8,377.4,378.0,376.7,377.0,377.5,376.2,376.5,377.0,376.0,375.8,374.0,375.5,375.9,375.6,375.2,375.2,375.1,375.4,375.6,376.0,375.0,375.3,375.7,375.5,374.9,376.0,373.8,375.5,374.8,374.7,375.4,375.2,375.3,375.0,376.4,375.0,373.9,373.5,373.7,373.0,,,,,,,,,,,,,,,,,,,,,,,,,,,,,,,,,,,,,,,,,,,,,,
MPA2:VTR,(                ),V,379.4,379.5,380.3,379.8,379.3,380.3,379.7,380.5,380.6,380.8,380.6,381.2,381.6,381.4,381.7,381.3,381.6,381.4,381.9,381.9,382.0,382.7,382.4,382.4,382.7,382.7,382.5,382.7,382.4,382.9,382.2,382.8,381.9,382.4,382.9,382.5,382.2,381.5,381.9,381.8,382.0,381.8,381.1,381.3,384.1,384.9,384.8,385.9,385.8,385.1,383.6,383.4,382.1,381.1,380.6,380.4,380.5,378.9,377.6,377.7,377.3,376.9,377.5,376.8,376.2,376.6,375.9,375.3,375.5,375.3,375.6,375.3,375.7,375.3,375.3,375.6,375.9,376.6,375.2,375.1,375.8,375.6,375.6,376.4,375.5,375.1,375.6,375.1,375.7,375.4,375.3,375.6,376.7,375.8,374.2,374.8,374.0,374.1,,,,,,,,,,,,,,,,,,,,,,,,,,,,,,,,,,,,,,,,,,,,,,
MLARF-1.PF,(                ),,0.95,0.95,0.95,0.95,0.95,0.95,0.95,0.99,0.98,0.98,0.94,0.94,0.92,0.92,0.92,0.90,0.91,0.91,0.99,0.90,0.91,0.90,0.91,0.98,0.98,0.97,0.97,0.96,0.96,0.95,0.95,0.94,0.94,0.94,0.93,0.93,0.90,0.90,0.90,0.99,0.98,0.98,0.97,0.97,0.93,0.94,0.95,0.92,0.94,0.93,0.99,0.99,0.99,0.98,0.94,0.94,0.95,0.94,0.94,0.94,0.93,0.94,0.99,0.99,0.98,0.98,0.98,0.98,0.97,0.97,0.97,0.97,0.96,0.96,0.96,0.95,0.95,0.99,0.99,0.99,0.99,0.99,0.99,0.99,0.99,0.98,0.98,0.97,0.97,0.97,0.96,0.96,0.96,0.99,0.99,0.98,0.97,0.97,,,,,,,,,,,,,,,,,,,,,,,,,,,,,,,,,,,,,,,,,,,,,,
MLARF-1:HZ,(                ),Hz,59,60,59,59,59,60,59,59,59,60,60,59,60,60,59,60,60,59,59,59,59,59,59,60,59,59,59,59,59,60,59,59,60,60,60,59,59,59,60,60,60,59,60,60,59,60,59,60,60,59,60,60,60,60,60,60,60,60,59,59,60,60,59,59,60,59,59,59,59,59,59,59,60,59,59,59,59,59,60,59,59,59,60,60,60,60,59,59,60,59,60,59,59,59,59,59,60,59,,,,,,,,,,,,,,,,,,,,,,,,,,,,,,,,,,,,,,,,,,,,,,
MLARF-1:IR,(                ),A,101,100,100,100,100,100,95,276,218,161,79,79,64,62,61,53,53,53,236,53,53,48,49,134,118,91,79,71,65,62,59,57,56,55,54,54,48,49,48,178,143,102,86,74,55,55,63,59,68,69,249,227,216,170,67,66,67,67,67,67,72,73,214,225,173,156,142,134,130,125,124,122,113,113,113,113,113,300,279,249,210,176,277,243,213,166,148,131,124,120,118,112,113,228,177,148,132,126,,,,,,,,,,,,,,,,,,,,,,,,,,,,,,,,,,,,,,,,,,,,,,
MLARF-1:IS,(                ),A,32,31,31,32,31,33,30,211,152,108,28,29,24,25,27,22,24,25,206,23,22,26,24,107,90,64,55,44,41,34,31,30,28,33,29,28,24,25,24,153,120,76,58,46,26,29,37,38,41,41,218,195,187,139,37,39,55,43,42,39,46,46,185,179,125,108,95,91,87,80,79,77,73,68,70,69,69,252,232,201,166,133,232,198,172,120,101,85,84,77,76,70,70,183,130,104,86,82,,,,,,,,,,,,,,,,,,,,,,,,,,,,,,,,,,,,,,,,,,,,,,
MLARF-1:IT,(                ),A,38,37,37,37,37,40,36,203,144,103,33,36,28,28,32,27,30,30,195,28,28,29,29,101,88,66,56,46,43,36,34,32,31,34,30,29,25,26,25,138,109,76,57,46,29,34,31,29,33,31,197,177,165,118,30,34,31,38,34,33,34,34,156,134,91,77,64,59,55,48,48,45,41,35,38,35,37,206,186,155,123,100,185,152,128,88,69,52,51,45,45,40,39,137,96,71,53,50,,,,,,,,,,,,,,,,,,,,,,,,,,,,,,,,,,,,,,,,,,,,,,
MLARF-1:KW,(                ),kW,35.6,35.0,35.2,35.4,35.3,36.1,33.6,150.0,110.8,79.9,29.1,29.8,23.5,23.2,24.4,20.3,21.6,21.7,139.5,20.7,20.6,20.5,20.5,74.3,63.9,47.6,40.5,34.3,31.3,27.8,25.9,24.9,23.9,25.0,23.1,22.7,19.4,19.7,19.4,102.2,80.4,54.9,42.9,35.3,22.7,24.6,27.6,26.1,29.8,29.0,146.4,131.6,124.2,92.8,27.6,28.8,32.1,30.7,29.4,28.7,31.2,31.4,120.4,116.2,84.0,73.3,64.6,60.4,57.6,53.8,53.3,51.7,47.6,45.0,46.1,45.2,45.8,164.6,150.7,130.7,107.3,88.0,150.3,128.3,110.1,80.4,67.8,56.8,54.8,51.2,50.2,46.4,46.4,118.1,86.4,69.0,57.3,54.4,,,,,,,,,,,,,,,,,,,,,,,,,,,,,,,,,,,,,,,,,,,,,,
MLARF-1:KWH,(                ),,6704782,6704788,6704794,6704800,6704805,6704811,6704816,6704837,6704859,6704876,6704882,6704886,6704891,6704895,6704899,6704903,6704906,6704910,6704926,6704941,6704944,6704948,6704951,6704964,6704975,6704985,6704992,6704997,6705004,6705008,6705014,6705018,6705021,6705025,6705030,6705034,6705037,6705040,6705043,6705057,6705071,6705083,6705091,6705098,6705103,6705106,6705111,6705115,6705120,6705125,6705140,6705166,6705184,6705202,6705209,6705214,6705219,6705224,6705229,6705234,6705239,6705244,6705254,6705274,6705291,6705303,6705316,6705325,6705335,6705345,6705349,6705362,6705370,6705378,6705386,6705393,6705401,6705415,6705443,6705462,6705482,6705496,6705515,6705538,6705557,6705573,6705582,6705595,6705604,6705614,6705622,6705630,6705637,6705659,6705677,6705689,6705700,6705708,,,,,,,,,,,,,,,,,,,,,,,,,,,,,,,,,,,,,,,,,,,,,,
MLARF-1:PF,(                ),, -0.95, -0.95, -0.95, -0.95, -0.95, -0.95, -0.95, -0.99, -0.98, -0.98, -0.94, -0.94, -0.92, -0.92, -0.92,0.90,0.91,0.91, -0.99,0.90,0.91,0.90,0.91, -0.98, -0.98, -0.97, -0.97, -0.96, -0.96, -0.95, -0.95, -0.94, -0.94, -0.94, -0.93, -0.93,0.90,0.90,0.90, -0.99, -0.98, -0.98, -0.97, -0.97,0.93,0.94,0.95,0.92,0.94,0.93, -0.99, -0.99, -0.99, -0.98,0.94,0.94,0.95,0.94,0.94, -0.94, -0.93, -0.94, -0.99, -0.99, -0.98, -0.98, -0.98, -0.98, -0.97, -0.97, -0.97, -0.97,0.96,0.96,0.96,0.95,0.95, -0.99, -0.99, -0.99, -0.99, -0.99, -0.99, -0.99, -0.99, -0.98, -0.98, -0.97, -0.97, -0.97, -0.96,0.96,0.96, -0.99, -0.99, -0.98, -0.97, -0.97,,,,,,,,,,,,,,,,,,,,,,,,,,,,,,,,,,,,,,,,,,,,,,
MLARF-1:VRS,(                ),V,379.1,379.1,380.0,379.5,378.8,379.8,379.3,380.0,380.3,380.6,380.5,381.1,381.4,381.3,381.6,381.3,381.7,381.6,381.7,381.8,382.0,382.7,382.5,382.5,382.8,382.6,382.7,382.7,382.6,383.1,382.4,383.0,382.5,382.6,383.0,382.3,382.3,381.8,382.0,381.9,382.3,381.8,380.9,381.2,384.0,384.7,384.4,385.9,385.8,385.2,384.1,384.0,383.1,382.3,381.7,381.4,381.9,380.7,380.0,380.1,380.0,380.4,380.2,379.4,378.9,379.3,378.3,378.4,377.6,378.7,378.3,378.4,378.1,377.9,377.7,378.3,378.3,377.9,377.2,377.5,378.1,378.0,377.9,378.5,377.4,377.9,377.5,377.5,378.0,377.5,377.7,377.8,378.6,378.0,376.7,377.0,376.6,376.8,,,,,,,,,,,,,,,,,,,,,,,,,,,,,,,,,,,,,,,,,,,,,,
MLARF-1:VST,(                ),V,378.8,379.0,379.7,379.5,378.6,379.7,379.3,379.9,380.3,380.4,380.3,381.1,381.1,381.2,381.2,381.1,381.6,381.3,381.7,381.7,381.9,382.3,382.2,382.4,382.6,382.3,382.4,382.5,382.4,382.8,382.3,382.7,382.4,382.4,382.7,382.0,382.2,381.5,381.9,381.8,381.8,381.6,380.8,381.2,384.0,384.8,384.0,385.8,385.4,385.0,383.9,383.7,382.7,381.9,381.1,381.0,381.5,380.1,379.4,379.9,379.2,379.8,379.5,378.7,378.4,378.7,377.8,377.6,376.7,377.7,377.8,377.9,377.5,377.1,377.0,377.7,377.4,377.4,376.7,377.1,377.4,377.5,377.1,377.8,376.7,377.3,377.2,376.7,377.1,376.9,377.0,377.4,377.9,377.4,376.0,376.4,375.9,376.2,,,,,,,,,,,,,,,,,,,,,,,,,,,,,,,,,,,,,,,,,,,,,,
MLARF-1:VTR,(                ),V,379.4,379.7,380.4,380.0,379.4,380.2,379.8,380.6,380.9,380.7,380.7,381.3,381.4,381.5,381.6,381.2,381.6,381.4,381.8,381.9,382.0,382.5,382.3,382.3,382.6,382.5,382.4,382.5,382.4,382.9,382.2,382.8,382.4,382.5,382.9,382.2,382.1,381.4,381.9,381.9,381.9,381.6,380.9,381.1,384.1,384.7,384.4,385.9,385.8,385.3,384.3,384.1,383.2,382.2,381.7,381.6,382.0,380.6,380.2,380.5,380.0,380.5,380.5,379.7,379.6,379.6,378.8,378.7,378.0,379.0,378.8,379.0,378.5,378.5,378.3,378.9,378.9,378.8,377.9,378.3,378.9,378.6,378.6,379.3,378.3,378.8,378.2,378.0,378.7,378.1,378.4,378.5,379.4,378.7,377.4,377.5,377.2,377.5,,,,,,,,,,,,,,,,,,,,,,,,,,,,,,,,,,,,,,,,,,,,,,
MPARF:HZ,(                ),Hz,59,60,59,59,59,60,59,59,59,60,60,59,60,59,59,60,60,59,59,59,59,59,59,60,60,59,59,59,59,60,59,59,60,60,60,59,59,59,60,60,60,59,60,60,59,60,59,60,60,59,60,60,60,60,60,60,60,60,59,59,60,60,59,59,60,60,59,59,59,59,59,59,60,59,59,59,59,59,60,59,60,59,60,60,60,60,59,59,60,59,60,59,59,59,59,59,60,59,,,,,,,,,,,,,,,,,,,,,,,,,,,,,,,,,,,,,,,,,,,,,,
MPARF:IR,(                ),A,128,131,127,117,122,119,119,147,144,121,147,119,121,121,119,116,144,118,114,113,115,117,114,115,113,116,114,114,114,116,112,114,113,113,114,114,114,113,115,111,110,112,118,118,116,118,118,124,132,167,170,202,203,171,167,179,175,176,173,177,177,181,182,227,201,206,241,236,213,213,217,238,237,238,205,214,206,213,261,217,224,220,218,221,219,215,215,205,265,245,217,271,219,222,231,237,243,212,,,,,,,,,,,,,,,,,,,,,,,,,,,,,,,,,,,,,,,,,,,,,,
MPARF:IS,(                ),A,82,80,80,76,81,78,77,103,101,79,102,78,80,80,80,77,101,77,78,77,78,78,78,78,77,78,79,78,77,79,77,78,78,78,79,79,75,74,75,76,76,76,77,77,77,75,73,73,79,109,110,133,144,108,105,116,112,112,110,113,114,118,115,158,129,134,163,166,135,141,153,169,169,164,138,139,128,133,184,136,139,141,141,155,140,142,147,130,190,171,134,191,139,143,156,169,163,138,,,,,,,,,,,,,,,,,,,,,,,,,,,,,,,,,,,,,,,,,,,,,,
MPARF:IT,(                ),A,134,134,134,127,131,128,128,152,147,127,149,126,126,126,124,122,147,124,122,121,123,125,121,123,121,124,122,122,122,123,120,122,121,122,122,123,121,120,122,122,121,122,124,125,123,121,121,127,120,150,149,179,181,150,146,157,153,155,152,157,156,159,159,203,176,178,213,210,182,182,186,212,213,211,183,190,182,184,232,187,196,188,190,199,197,192,190,181,242,221,190,244,189,191,199,210,221,188,,,,,,,,,,,,,,,,,,,,,,,,,,,,,,,,,,,,,,,,,,,,,,
MPARF:KW,(                ),kW,69.6,68.9,66.2,59.6,62.3,60.8,60.3,79.6,59.8,62.3,79.0,61.6,62.4,62.2,61.6,57.8,77.7,59.0,55.4,54.6,55.9,56.6,55.3,55.6,54.6,56.2,55.3,54.9,54.8,56.0,54.4,54.8,54.4,53.9,54.7,54.4,55.8,56.8,56.8,55.8,55.2,55.9,59.1,59.5,59.6,61.8,61.5,64.6,71.2,91.8,91.9,110.3,113.1,92.1,89.4,96.8,94.4,94.8,92.3,95.8,95.3,98.1,97.4,124.4,107.1,109.8,129.7,128.8,111.3,112.5,116.8,130.1,131.1,128.9,110.6,114.8,109.3,111.9,143.5,113.9,117.9,115.3,115.4,121.1,117.0,115.6,116.3,109.1,147.8,135.3,113.9,150.4,115.5,116.7,122.4,129.4,131.2,112.7,,,,,,,,,,,,,,,,,,,,,,,,,,,,,,,,,,,,,,,,,,,,,,
MPARF:KWH,(                ),,5943254,5943266,5943278,5943288,5943298,5943309,5943318,5943329,5943340,5943351,5943360,5943370,5943382,5943393,5943402,5943413,5943423,5943432,5943442,5943451,5943461,5943470,5943479,5943489,5943498,5943507,5943516,5943524,5943534,5943544,5943553,5943562,5943571,5943580,5943589,5943599,5943608,5943617,5943626,5943636,5943644,5943655,5943664,5943675,5943685,5943696,5943706,5943717,5943728,5943743,5943759,5943776,5943792,5943809,5943823,5943843,5943859,5943875,5943892,5943909,5943926,5943944,5943960,5943979,5943999,5944015,5944037,5944057,5944078,5944099,5944109,5944140,5944159,5944181,5944201,5944219,5944238,5944259,5944279,5944297,5944317,5944335,5944358,5944379,5944399,5944420,5944435,5944460,5944478,5944500,5944520,5944538,5944558,5944579,5944601,5944623,5944642,5944660,,,,,,,,,,,,,,,,,,,,,,,,,,,,,,,,,,,,,,,,,,,,,,
MPARF:PF,(                ),, -0.92, -0.91, -0.89, -0.85, -0.85, -0.85, -0.85, -0.90, -0.84, -0.87, -0.90, -0.86, -0.87, -0.87, -0.87, -0.83, -0.90, -0.84, -0.80, -0.80, -0.80, -0.80, -0.80, -0.80, -0.79, -0.80, -0.80, -0.79, -0.79, -0.80, -0.80, -0.79, -0.79, -0.78, -0.79, -0.78, -0.82, -0.83, -0.82, -0.82, -0.82, -0.82, -0.84, -0.84, -0.85, -0.89, -0.89, -0.90, -0.97,0.97,0.97,0.97,0.97,0.98,0.97,0.98,0.98,0.98,0.98,0.98,0.98,0.98,0.98,0.97,0.97,0.97,0.97,0.97,0.97,0.96,0.97,0.97,0.97,0.97,0.97,0.97,0.97,0.97,0.98,0.97,0.97,0.97,0.97,0.97,0.97,0.97,0.97,0.97,0.98,0.98,0.97,0.98,0.97,0.96,0.97,0.97,0.97,0.97,,,,,,,,,,,,,,,,,,,,,,,,,,,,,,,,,,,,,,,,,,,,,,
MPARF:VRS,(                ),V,378.4,378.4,379.6,379.0,378.4,379.6,378.9,379.6,379.8,380.2,379.9,380.6,380.7,380.8,381.2,380.8,381.0,381.2,381.5,381.4,381.7,382.1,382.1,382.0,382.5,382.3,382.2,382.3,382.2,382.7,382.0,382.5,381.7,382.2,382.6,381.8,381.7,381.3,381.4,381.6,381.5,381.3,380.3,380.6,383.5,384.1,384.1,385.2,384.7,383.8,383.0,382.3,381.6,380.8,380.2,379.9,380.5,379.0,378.4,378.6,378.4,378.9,378.9,377.6,377.8,377.7,376.5,376.6,375.7,377.1,376.8,376.5,376.2,376.1,376.0,376.6,376.7,376.6,375.7,375.8,376.4,376.2,376.3,376.8,375.7,376.3,375.7,375.9,376.0,375.8,376.0,376.1,376.9,376.3,375.1,374.9,374.5,375.0,,,,,,,,,,,,,,,,,,,,,,,,,,,,,,,,,,,,,,,,,,,,,,
MPARF:VST,(                ),V,379.1,379.2,380.3,379.9,379.2,380.4,379.7,380.3,380.6,380.8,380.7,381.4,381.4,381.5,381.9,381.5,382.0,382.0,382.4,382.3,382.6,382.8,382.8,382.7,383.2,383.0,382.8,383.0,382.9,383.4,382.8,383.1,382.7,383.0,383.2,382.6,382.7,382.1,382.3,382.3,382.0,382.1,381.2,381.7,384.4,385.0,384.8,386.2,385.3,384.5,383.7,382.9,382.2,381.4,380.7,380.4,381.0,379.6,378.8,379.5,378.7,379.4,379.2,378.0,378.4,378.2,377.2,377.1,376.1,377.5,377.3,377.2,376.8,376.5,376.5,377.3,376.9,377.3,376.4,376.5,377.0,376.9,376.7,377.2,376.2,376.9,376.7,376.3,376.3,376.4,376.5,376.8,377.4,376.9,375.5,375.5,375.1,375.6,,,,,,,,,,,,,,,,,,,,,,,,,,,,,,,,,,,,,,,,,,,,,,
MPARF:VTR,(                ),V,378.5,378.7,379.8,379.3,378.8,379.8,379.1,379.8,380.2,380.2,380.0,380.7,380.6,380.9,381.2,380.7,380.9,381.1,381.5,381.4,381.6,382.1,382.0,381.9,382.3,382.2,382.0,382.2,382.0,382.5,381.8,382.2,381.6,382.1,382.5,381.8,381.7,381.0,381.2,381.3,381.2,381.2,380.4,380.5,383.5,384.0,384.0,385.1,384.6,383.7,382.9,382.3,381.8,380.6,380.1,379.9,380.3,379.1,378.3,379.0,378.5,379.0,379.0,377.8,378.2,377.9,377.0,376.9,376.1,377.5,377.0,376.9,376.5,376.5,376.4,377.0,377.0,377.2,376.1,376.2,377.0,376.7,376.8,377.2,376.3,377.0,376.4,376.2,376.4,376.2,376.6,376.5,377.5,376.8,375.5,375.2,375.0,375.6,,,,,,,,,,,,,,,,,,,,,,,,,,,,,,,,,,,,,,,,,,,,,,
MGCBB.KWH,(度數            ),,138.768,138.768,138.769,138.769,138.769,138.769,138.769,138.769,138.769,138.769,138.769,138.770,138.770,138.770,138.770,138.770,138.770,138.770,138.770,138.770,138.770,138.770,138.771,138.771,138.771,138.771,138.771,138.771,138.771,138.771,138.771,138.771,138.771,138.771,138.772,138.772,138.772,138.772,138.772,138.772,138.772,138.772,138.772,138.772,138.772,138.773,138.773,138.773,138.773,138.773,138.773,138.773,138.773,138.774,138.774,138.774,138.775,138.775,138.775,138.776,138.776,138.777,138.777,138.778,138.778,138.779,138.779,138.780,138.780,138.781,138.781,138.782,138.783,138.783,138.784,138.784,138.785,138.786,138.786,138.787,138.788,138.788,138.789,138.789,138.790,138.791,138.791,138.792,138.792,138.793,138.794,138.794,138.795,138.796,138.796,138.797,138.797,138.798,,,,,,,,,,,,,,,,,,,,,,,,,,,,,,,,,,,,,,,,,,,,,,
MGCBB:F,(                ),Hz,60,60,60,60,60,60,60,60,60,60,60,60,60,60,60,60,60,60,60,60,60,60,60,60,60,60,60,60,60,60,60,60,60,60,60,60,60,60,60,60,60,60,60,60,60,60,60,60,60,60,60,60,60,60,60,60,60,60,60,60,60,60,60,60,60,60,60,60,60,60,60,60,60,60,60,60,60,60,60,60,60,60,60,60,60,60,60,60,60,60,60,60,60,60,60,60,60,60,,,,,,,,,,,,,,,,,,,,,,,,,,,,,,,,,,,,,,,,,,,,,,
MGCBB:I1,(                ),A,17.0,19.0,17.0,17.2,18.1,16.6,16.8,18.8,16.5,15.8,13.5,14.6,13.5,14.1,13.9,13.4,15.0,13.9,15.3,14.7,14.7,12.8,12.3,13.9,14.5,14.3,14.1,13.1,12.1,12.0,11.8,12.6,11.5,11.2,11.6,11.7,11.7,13.8,15.8,13.0,12.7,14.0,15.1,15.4,14.9,14.9,15.2,15.0,15.8,19.3,19.6,29.1,35.8,38.6,45.8,48.4,50.4,54.0,54.8,55.4,66.5,70.6,72.6,81.8,78.4,81.3,88.9,88.0,87.2,88.5,87.7,88.6,92.7,95.5,96.8,95.9,92.1,92.8,96.1,96.0,96.1,93.5,93.4,95.9,95.9,93.3,95.2,94.3,91.6,94.0,96.1,99.2,93.7,90.7,92.3,92.0,91.4,91.3,,,,,,,,,,,,,,,,,,,,,,,,,,,,,,,,,,,,,,,,,,,,,,
MGCBB:I2,(                ),A,16.9,18.5,16.2,16.8,17.9,16.9,17.0,18.5,17.1,15.9,14.1,14.5,13.8,14.0,13.9,13.3,15.3,13.8,15.9,14.4,15.3,13.2,12.1,14.4,14.2,14.0,13.6,13.5,12.0,12.0,12.0,11.9,11.7,11.6,11.8,11.6,11.8,14.0,16.0,13.0,12.8,14.2,15.0,15.4,14.9,15.1,15.5,15.5,16.0,19.3,19.7,28.8,36.6,39.0,46.0,47.7,51.6,55.1,56.0,55.4,66.0,69.1,71.5,80.2,77.5,79.2,88.2,86.4,85.3,88.1,86.8,87.7,91.4,94.7,95.4,96.2,91.7,91.2,94.3,93.4,94.3,91.0,91.4,93.7,94.9,93.2,95.1,94.0,91.8,93.4,95.6,99.4,94.2,88.9,90.7,92.1,90.9,90.5,,,,,,,,,,,,,,,,,,,,,,,,,,,,,,,,,,,,,,,,,,,,,,
MGCBB:I3,(                ),A,18.2,19.6,18.4,18.3,19.4,17.8,18.2,19.8,17.9,17.6,15.5,15.5,14.7,15.3,14.9,14.6,16.5,15.7,16.8,15.7,15.7,14.4,13.4,15.9,15.8,15.7,15.1,14.4,13.5,13.1,13.1,13.1,12.7,12.3,13.3,13.4,12.7,15.0,17.0,13.7,13.9,15.4,16.7,16.7,16.3,16.3,16.8,16.8,17.8,20.3,21.0,30.0,37.6,40.1,47.4,49.8,51.9,55.1,57.3,56.8,68.5,72.5,74.2,82.9,80.1,81.9,91.2,90.1,89.1,90.3,88.7,90.8,93.9,98.0,98.8,97.5,93.6,94.2,96.7,95.6,97.4,94.3,93.5,95.9,97.1,94.3,96.6,95.0,93.7,95.4,97.2,100.5,95.6,92.3,93.9,93.6,93.0,93.2,,,,,,,,,,,,,,,,,,,,,,,,,,,,,,,,,,,,,,,,,,,,,,
MGCBB:KW,(                ),kW,665.8,740.9,662.6,667.0,712.4,656.8,666.9,747.7,675.4,643.3,556.2,572.9,542.0,555.8,548.1,534.6,607.4,556.6,619.3,577.3,593.6,519.2,482.0,581.1,582.7,577.7,560.1,530.1,480.3,472.2,472.0,484.1,459.5,450.0,471.9,468.6,458.9,557.8,648.0,518.1,508.0,566.7,614.6,621.7,603.1,601.1,622.5,617.8,647.8,778.1,789.0,1159.4,1416.3,1523.9,1813.6,1889.9,1983.4,2119.7,2146.1,2168.8,2599.6,2766.3,2848.0,3195.5,3070.9,3137.3,3488.5,3436.4,3378.1,3479.8,3415.3,3473.8,3631.8,3759.9,3789.5,3778.5,3612.6,3601.9,3739.0,3697.6,3744.5,3630.4,3619.5,3725.1,3732.5,3647.9,3728.8,3665.1,3594.4,3689.3,3766.4,3899.6,3697.6,3540.7,3589.9,3599.7,3570.1,3573.5,,,,,,,,,,,,,,,,,,,,,,,,,,,,,,,,,,,,,,,,,,,,,,
MGCBB:PF,(                ),,0.95,0.96,0.95,0.95,0.95,0.95,0.95,0.97,0.97,0.96,0.96,0.95,0.95,0.94,0.95,0.96,0.95,0.95,0.95,0.95,0.96,0.94,0.94,0.96,0.96,0.97,0.96,0.95,0.94,0.94,0.94,0.95,0.94,0.94,0.95,0.94,0.93,0.96,0.97,0.96,0.95,0.96,0.97,0.97,0.96,0.95,0.96,0.95,0.95,0.96,0.96,0.97,0.95,0.95,0.96,0.95,0.96,0.95,0.95,0.95,0.96,0.96,0.96,0.97,0.96,0.96,0.97,0.97,0.96,0.97,0.97,0.97,0.97,0.97,0.97,0.97,0.97,0.97,0.97,0.97,0.97,0.97,0.97,0.97,0.97,0.97,0.97,0.97,0.97,0.97,0.97,0.97,0.97,0.97,0.96,0.97,0.97,0.97,,,,,,,,,,,,,,,,,,,,,,,,,,,,,,,,,,,,,,,,,,,,,,
MGCBB:V12,(                ),kV,23.3,23.4,23.4,23.4,23.3,23.4,23.4,23.4,23.4,23.4,23.4,23.4,23.4,23.5,23.5,23.5,23.5,23.5,23.5,23.5,23.5,23.5,23.5,23.5,23.6,23.5,23.5,23.5,23.5,23.5,23.5,23.5,23.5,23.5,23.6,23.5,23.5,23.5,23.5,23.5,23.5,23.5,23.4,23.5,23.6,23.7,23.7,23.7,23.7,23.7,23.6,23.6,23.6,23.5,23.5,23.5,23.5,23.4,23.4,23.4,23.4,23.4,23.4,23.3,23.4,23.3,23.3,23.3,23.2,23.3,23.3,23.3,23.3,23.2,23.2,23.3,23.3,23.3,23.2,23.2,23.2,23.3,23.3,23.3,23.2,23.3,23.2,23.2,23.2,23.3,23.2,23.3,23.3,23.3,23.2,23.2,23.2,23.2,,,,,,,,,,,,,,,,,,,,,,,,,,,,,,,,,,,,,,,,,,,,,,
MGCBB:V23,(                ),kV,23.4,23.4,23.4,23.4,23.4,23.4,23.4,23.4,23.5,23.4,23.4,23.5,23.5,23.5,23.5,23.5,23.5,23.5,23.5,23.5,23.5,23.6,23.6,23.6,23.6,23.6,23.6,23.6,23.6,23.6,23.6,23.6,23.6,23.6,23.6,23.6,23.6,23.5,23.5,23.5,23.5,23.5,23.5,23.5,23.7,23.7,23.7,23.8,23.8,23.7,23.7,23.7,23.6,23.6,23.5,23.5,23.5,23.4,23.4,23.4,23.4,23.4,23.4,23.4,23.4,23.4,23.4,23.3,23.3,23.4,23.3,23.3,23.3,23.3,23.3,23.3,23.3,23.3,23.3,23.3,23.3,23.3,23.3,23.4,23.3,23.3,23.3,23.3,23.3,23.3,23.3,23.3,23.4,23.3,23.3,23.2,23.2,23.3,,,,,,,,,,,,,,,,,,,,,,,,,,,,,,,,,,,,,,,,,,,,,,
MGCBB:V31,(                ),kV,23.3,23.4,23.4,23.4,23.3,23.4,23.4,23.4,23.4,23.4,23.4,23.5,23.5,23.5,23.5,23.5,23.5,23.5,23.5,23.5,23.5,23.5,23.6,23.6,23.6,23.6,23.6,23.6,23.6,23.6,23.6,23.6,23.6,23.6,23.6,23.6,23.6,23.5,23.5,23.5,23.5,23.5,23.5,23.5,23.6,23.7,23.7,23.8,23.8,23.7,23.7,23.6,23.6,23.6,23.5,23.5,23.5,23.4,23.4,23.4,23.4,23.4,23.4,23.3,23.4,23.3,23.3,23.3,23.2,23.3,23.3,23.3,23.3,23.2,23.3,23.3,23.3,23.3,23.2,23.2,23.2,23.3,23.3,23.3,23.2,23.3,23.2,23.3,23.2,23.3,23.2,23.3,23.3,23.3,23.2,23.2,23.2,23.2,,,,,,,,,,,,,,,,,,,,,,,,,,,,,,,,,,,,,,,,,,,,,,
MLB1-1:HZ,(                ),Hz,59,60,60,59,59,60,59,60,59,60,60,60,60,60,60,60,60,59,59,59,59,60,59,59,60,59,59,59,59,60,59,59,60,60,60,59,59,59,59,60,60,59,59,60,59,60,59,60,59,59,60,60,60,60,60,60,60,59,59,59,60,60,59,59,60,60,59,59,59,59,59,59,60,59,59,59,59,59,60,59,60,59,59,60,60,60,59,59,60,59,59,59,59,60,59,59,60,59,,,,,,,,,,,,,,,,,,,,,,,,,,,,,,,,,,,,,,,,,,,,,,
MLB1-1:IR,(                ),A,606,646,590,614,635,520,535,676,577,549,427,478,435,471,429,444,525,469,542,478,497,361,362,555,547,536,495,422,357,345,384,379,357,301,350,376,343,463,589,419,396,470,570,547,535,495,560,541,567,650,679,899,838,918,1085,1069,1045,1086,1041,1062,1323,1553,1449,1582,1418,1458,1602,1645,1595,1591,1558,1640,1693,1921,1814,1719,1643,1641,1741,1635,1717,1664,1699,1682,1664,1569,1631,1579,1642,1684,1779,1991,1846,1746,1719,1737,1764,1766,,,,,,,,,,,,,,,,,,,,,,,,,,,,,,,,,,,,,,,,,,,,,,
MLB1-1:IS,(                ),A,527,590,478,535,540,465,481,605,518,470,365,412,367,423,397,407,465,376,495,408,474,336,324,472,448,438,406,333,293,290,318,313,280,286,289,293,311,431,549,390,364,408,477,461,464,422,479,464,488,644,674,864,874,884,1070,1056,1065,1111,1029,1047,1236,1358,1351,1553,1371,1357,1524,1594,1478,1577,1543,1546,1656,1786,1802,1770,1645,1547,1686,1603,1652,1623,1584,1647,1611,1564,1621,1636,1605,1580,1752,1910,1798,1658,1676,1771,1783,1696,,,,,,,,,,,,,,,,,,,,,,,,,,,,,,,,,,,,,,,,,,,,,,
MLB1-1:IT,(                ),A,523,555,507,511,559,462,484,617,547,502,388,414,381,385,383,384,471,373,495,413,465,346,321,511,456,470,415,364,306,304,345,293,300,299,322,302,314,426,552,380,371,395,467,453,450,456,471,499,495,604,647,835,835,879,1040,1033,1077,1098,1043,1027,1276,1406,1368,1521,1427,1355,1549,1601,1439,1564,1453,1534,1653,1875,1804,1764,1622,1547,1651,1485,1565,1563,1516,1593,1654,1533,1612,1606,1633,1601,1757,1939,1840,1617,1666,1781,1773,1727,,,,,,,,,,,,,,,,,,,,,,,,,,,,,,,,,,,,,,,,,,,,,,
MLB1-1:KW,(                ),kW,337.3,370.3,323.2,336.8,354.4,290.5,303.0,400.9,349.9,321.3,241.0,263.9,239.7,255.7,241.9,251.4,301.7,246.3,315.2,264.3,297.2,208.0,202.2,330.2,309.0,308.5,278.4,231.4,191.9,188.9,209.1,199.0,188.3,179.3,193.4,193.8,191.5,277.9,365.8,250.1,233.1,268.9,323.1,312.1,307.4,287.9,319.5,315.7,325.5,403.0,419.8,550.7,537.1,557.4,674.8,663.5,667.6,688.4,643.8,647.2,806.7,910.2,869.0,973.3,877.9,862.9,987.3,1012.1,935.7,986.1,946.9,982.7,1049.9,1171.2,1137.9,1101.3,1021.7,979.2,1061.1,984.3,1027.8,1011.0,999.3,1025.0,1023.5,965.9,1011.4,1004.1,1011.9,1011.4,1106.7,1229.3,1156.0,1048.1,1055.0,1103.0,1108.6,1084.5,,,,,,,,,,,,,,,,,,,,,,,,,,,,,,,,,,,,,,,,,,,,,,
MLB1-1:KWH,(                ),,33704912,33704968,33705028,33705076,33705140,33705192,33705236,33705288,33705356,33705412,33705456,33705492,33705540,33705584,33705620,33705664,33705708,33705752,33705800,33705844,33705888,33705924,33705960,33706000,33706056,33706112,33706152,33706188,33706224,33706260,33706292,33706324,33706356,33706388,33706420,33706452,33706484,33706524,33706576,33706644,33706680,33706720,33706768,33706824,33706876,33706916,33706972,33707028,33707076,33707136,33707204,33707284,33707376,33707456,33707548,33707676,33707792,33707900,33708012,33708124,33708240,33708392,33708528,33708684,33708844,33708968,33709120,33709276,33709456,33709620,33709700,33709944,33710132,33710328,33710512,33710696,33710868,33711036,33711208,33711372,33711552,33711700,33711888,33712056,33712216,33712384,33712512,33712716,33712876,33713048,33713228,33713412,33713604,33713796,33713984,33714164,33714332,33714488,,,,,,,,,,,,,,,,,,,,,,,,,,,,,,,,,,,,,,,,,,,,,,
MLB1-1:PF,(                ),,0.93,0.95,0.94,0.93,0.94,0.92,0.93,0.97,0.97,0.97,0.93,0.92,0.92,0.92,0.91,0.93,0.94,0.92,0.94,0.93,0.94,0.91,0.91,0.97,0.97,0.97,0.96,0.94,0.91,0.91,0.91,0.92,0.91,0.92,0.91,0.91,0.90,0.96,0.99,0.96,0.94,0.96,0.97,0.97,0.96,0.95,0.96,0.95,0.95,0.96,0.96,0.96,0.96,0.95,0.97,0.96,0.96,0.96,0.95,0.95,0.97,0.97,0.96,0.97,0.96,0.96,0.98,0.97,0.96,0.97,0.96,0.96,0.97,0.98,0.97,0.97,0.97,0.96,0.97,0.97,0.97,0.97,0.97,0.96,0.97,0.96,0.97,0.96,0.96,0.96,0.97,0.98,0.98,0.97,0.97,0.97,0.97,0.97,,,,,,,,,,,,,,,,,,,,,,,,,,,,,,,,,,,,,,,,,,,,,,
MLB1-1:VRS,(                ),V,377.0,377.6,377.7,377.4,376.8,377.7,377.6,378.0,379.2,378.6,379.2,379.3,379.7,379.6,380.3,380.0,379.7,380.1,380.2,380.2,380.7,381.1,381.2,381.1,380.7,381.0,381.0,381.2,381.1,381.5,381.1,381.6,381.5,381.4,381.5,381.1,381.4,380.5,380.3,381.0,380.3,380.3,379.5,380.0,382.3,383.2,382.9,384.1,383.9,383.6,382.2,381.0,381.0,379.4,377.9,378.1,378.3,376.9,376.3,376.5,375.6,375.3,375.4,374.1,374.7,374.1,374.0,373.2,372.1,373.1,373.5,373.4,373.0,371.8,372.4,373.1,372.8,372.4,372.4,372.5,372.0,372.6,372.3,373.1,372.0,372.5,372.6,372.5,371.6,372.6,372.0,372.3,373.2,372.6,371.4,371.5,370.7,371.5,,,,,,,,,,,,,,,,,,,,,,,,,,,,,,,,,,,,,,,,,,,,,,
MLB1-1:VST,(                ),V,377.3,378.1,378.3,377.8,377.5,377.9,377.9,378.4,379.5,378.9,379.2,379.3,379.6,379.8,380.3,379.7,379.5,380.1,380.2,380.3,380.4,381.0,381.0,381.3,380.9,381.2,381.0,381.2,380.8,381.3,380.8,381.4,381.3,381.1,381.4,381.2,380.8,380.3,380.2,380.6,380.2,380.2,379.7,379.9,382.5,383.2,383.1,384.1,384.2,383.5,382.1,381.2,380.7,379.4,378.2,378.4,378.5,377.1,377.0,376.9,376.5,376.4,376.4,374.7,375.6,374.9,375.0,374.0,373.4,374.0,373.9,374.3,373.8,373.4,373.4,373.7,373.7,373.6,373.2,373.0,373.1,373.4,373.7,374.0,373.3,373.6,373.3,373.4,372.9,373.8,373.3,373.4,374.6,373.7,372.4,372.7,371.7,372.9,,,,,,,,,,,,,,,,,,,,,,,,,,,,,,,,,,,,,,,,,,,,,,
MLB1-1:VTR,(                ),V,377.8,378.2,378.8,378.1,377.7,378.3,378.2,378.7,379.7,379.4,379.5,380.0,380.1,380.4,380.8,380.6,380.2,380.8,380.8,380.8,381.1,381.5,381.6,381.8,381.6,381.8,381.9,381.8,381.5,381.9,381.3,382.3,381.9,381.6,381.8,381.6,381.4,380.9,380.8,381.3,380.9,380.8,380.2,380.6,383.1,383.6,383.6,384.4,384.8,384.3,382.8,381.8,381.3,380.0,378.8,378.7,378.7,377.4,377.0,376.9,376.6,376.6,376.4,375.1,375.5,375.2,375.0,374.2,373.8,374.2,374.3,374.4,373.9,373.0,373.3,373.4,373.7,373.5,373.4,373.6,373.4,373.6,374.1,374.2,372.7,373.4,373.1,373.3,372.7,373.7,373.0,373.2,374.1,373.8,372.3,372.4,371.6,372.5,,,,,,,,,,,,,,,,,,,,,,,,,,,,,,,,,,,,,,,,,,,,,,
MLB2-1:HZ,(                ),Hz,59,60,60,59,59,60,59,60,59,60,60,60,60,60,60,60,60,59,59,59,59,60,59,59,60,59,59,59,59,60,59,59,60,60,60,59,59,59,59,60,60,59,59,60,59,60,59,60,59,59,60,60,60,60,60,60,60,59,59,59,60,60,59,59,60,60,59,59,59,59,59,59,60,59,59,59,59,59,60,59,60,59,59,60,60,60,59,59,60,59,59,59,59,60,59,59,60,59,,,,,,,,,,,,,,,,,,,,,,,,,,,,,,,,,,,,,,,,,,,,,,
MLB2-1:IR,(                ),A,106,114,106,110,107,104,113,113,112,109,112,105,97,116,115,113,112,109,112,140,110,112,111,110,104,108,119,104,106,107,101,117,107,109,104,109,106,102,105,109,108,109,109,113,107,112,104,107,106,103,142,144,257,275,351,432,427,504,483,451,651,676,725,904,952,991,1007,960,1029,1064,1069,1114,1101,1126,1239,1180,1166,1209,1221,1311,1206,1208,1154,1231,1134,1154,1169,1141,1125,1116,1149,1189,1104,1140,1124,1107,1093,1163,,,,,,,,,,,,,,,,,,,,,,,,,,,,,,,,,,,,,,,,,,,,,,
MLB2-1:IS,(                ),A,88,91,83,88,83,77,87,75,85,80,81,82,75,79,75,76,79,80,86,77,78,94,81,74,74,74,80,80,74,83,72,78,79,78,75,75,75,77,75,81,74,72,90,83,74,80,80,77,74,79,93,114,218,232,313,380,382,444,453,400,556,606,644,819,863,884,916,942,971,1010,986,1025,1045,1065,1149,1141,1104,1116,1110,1165,1105,1076,1058,1141,1033,1051,1069,1018,1016,1029,1069,1101,983,1033,1021,1016,994,1068,,,,,,,,,,,,,,,,,,,,,,,,,,,,,,,,,,,,,,,,,,,,,,
MLB2-1:IT,(                ),A,118,117,110,113,116,103,112,100,108,106,111,104,104,111,103,127,105,114,111,106,111,119,102,105,107,98,109,100,104,103,99,101,101,108,101,101,103,102,102,107,96,102,107,110,101,107,100,108,109,99,122,132,246,254,329,396,402,467,478,436,587,632,669,845,879,920,983,954,979,1016,1021,1057,1084,1105,1194,1153,1112,1128,1123,1210,1142,1129,1040,1132,1046,1099,1108,1075,1095,1082,1106,1124,1019,1079,1044,1027,995,1130,,,,,,,,,,,,,,,,,,,,,,,,,,,,,,,,,,,,,,,,,,,,,,
MLB2-1:KW,(                ),kW,64.3,67.2,61.6,64.6,63.1,57.6,65.5,58.7,63.1,60.7,63.1,58.6,55.1,63.1,60.2,65.5,61.0,62.0,64.4,67.2,61.7,67.6,59.9,58.7,58.0,56.6,63.3,57.1,57.1,58.8,54.6,61.1,58.4,60.4,55.9,56.6,57.9,57.1,57.7,61.0,56.0,57.3,62.9,63.5,58.8,63.4,59.1,60.8,61.4,59.4,78.4,85.8,153.9,161.8,206.0,248.3,249.6,294.2,292.8,263.6,365.7,393.5,423.2,531.4,556.2,566.7,592.0,580.6,606.7,633.0,630.1,656.9,663.9,678.4,741.7,717.7,698.4,713.3,714.1,765.2,712.1,704.5,669.3,726.1,658.8,679.2,688.1,660.0,661.9,662.1,684.1,702.7,636.7,668.2,652.2,642.8,627.0,691.1,,,,,,,,,,,,,,,,,,,,,,,,,,,,,,,,,,,,,,,,,,,,,,
MLB2-1:KWH,(                ),,17043804,17043816,17043826,17043836,17043848,17043858,17043868,17043878,17043888,17043898,17043908,17043918,17043928,17043938,17043948,17043958,17043970,17043980,17043990,17044000,17044012,17044022,17044032,17044042,17044052,17044062,17044072,17044080,17044090,17044100,17044110,17044120,17044130,17044140,17044150,17044160,17044168,17044178,17044186,17044198,17044208,17044218,17044228,17044238,17044248,17044258,17044268,17044278,17044288,17044298,17044310,17044322,17044342,17044366,17044390,17044436,17044478,17044520,17044570,17044618,17044666,17044734,17044798,17044876,17044968,17045050,17045160,17045252,17045356,17045462,17045514,17045668,17045782,17045900,17046010,17046132,17046250,17046372,17046500,17046614,17046736,17046840,17046974,17047094,17047198,17047316,17047404,17047544,17047650,17047766,17047880,17047986,17048098,17048208,17048322,17048436,17048532,17048632,,,,,,,,,,,,,,,,,,,,,,,,,,,,,,,,,,,,,,,,,,,,,,
MLB2-1:PF,(                ),, -0.94, -0.95, -0.94, -0.95, -0.94, -0.92, -0.96, -0.93, -0.94, -0.94, -0.94, -0.91, -0.91, -0.94, -0.93, -0.94, -0.94, -0.93, -0.94, -0.94, -0.94, -0.94, -0.92, -0.92, -0.92, -0.91, -0.93, -0.91, -0.91, -0.91, -0.91, -0.93, -0.92, -0.92, -0.91, -0.90, -0.92, -0.92, -0.93, -0.93, -0.91, -0.92, -0.93, -0.94, -0.94, -0.95, -0.94, -0.94, -0.95, -0.95,0.99,0.99,0.96,0.97,0.94,0.94,0.94,0.95,0.95,0.94,0.94,0.94,0.95,0.95,0.95,0.93,0.94,0.94,0.94,0.95,0.95,0.95,0.95,0.95,0.96,0.96,0.95,0.96,0.96,0.96,0.96,0.96,0.95,0.96,0.95,0.95,0.95,0.95,0.95,0.95,0.95,0.95,0.95,0.95,0.95,0.95,0.94,0.95,,,,,,,,,,,,,,,,,,,,,,,,,,,,,,,,,,,,,,,,,,,,,,
MLB2-1:VRS,(                ),V,379.3,379.5,379.7,379.6,379.0,379.7,379.7,380.0,380.9,380.3,380.6,381.0,381.2,381.3,381.9,381.5,381.4,381.9,382.2,381.8,382.3,382.4,382.5,382.6,382.3,382.5,382.5,382.6,382.4,382.8,382.4,382.9,382.8,382.4,382.7,382.3,382.6,382.0,381.7,382.1,381.6,381.5,381.1,381.7,384.0,385.0,384.6,385.8,385.7,385.7,384.2,383.6,383.0,381.6,380.2,380.0,380.3,378.6,378.4,378.7,377.1,377.7,377.6,376.0,375.9,375.2,374.8,374.6,373.5,374.1,374.4,374.5,374.1,373.4,373.4,374.1,373.8,373.8,373.3,373.2,372.5,373.5,373.6,374.1,373.2,373.4,373.4,373.4,372.7,373.7,373.4,373.8,374.6,374.0,372.4,372.9,372.0,372.8,,,,,,,,,,,,,,,,,,,,,,,,,,,,,,,,,,,,,,,,,,,,,,
MLB2-1:VST,(                ),V,379.4,379.8,379.9,379.8,379.3,379.8,379.7,380.2,381.0,380.4,380.7,380.9,381.2,381.4,381.9,381.4,381.1,381.7,381.9,381.8,382.0,382.3,382.3,382.5,382.1,382.5,382.3,382.4,382.1,382.5,382.1,382.7,382.6,382.2,382.6,382.3,382.3,381.7,381.5,381.7,381.5,381.4,381.0,381.3,384.0,384.7,384.4,385.7,385.7,385.6,384.2,383.5,382.9,381.5,380.3,380.2,380.3,378.9,378.9,378.9,377.8,378.2,378.5,376.8,376.9,376.1,375.7,375.3,374.5,375.0,375.3,375.4,374.8,374.6,374.7,374.9,374.9,374.8,374.3,374.3,373.8,374.6,374.8,375.2,374.5,374.8,374.4,374.7,374.2,374.8,374.7,374.6,376.0,375.0,373.6,373.8,373.1,374.1,,,,,,,,,,,,,,,,,,,,,,,,,,,,,,,,,,,,,,,,,,,,,,
MLB2-1:VTR,(                ),V,379.7,379.9,380.2,379.9,379.4,380.0,380.0,380.5,381.2,380.8,380.9,381.3,381.6,381.7,382.3,381.8,381.7,382.1,382.4,382.2,382.5,382.7,382.9,383.0,382.7,383.0,383.0,383.1,382.7,383.2,382.7,383.4,383.1,382.7,383.1,382.6,382.7,382.1,382.0,382.3,382.3,381.9,381.4,381.8,384.4,385.1,384.9,386.1,386.2,386.1,384.6,384.1,383.3,382.1,380.7,380.5,380.5,379.3,379.1,378.8,378.0,378.6,378.6,377.0,377.0,376.2,375.7,375.3,374.7,375.3,375.3,375.4,374.7,374.5,374.5,374.7,374.9,374.8,374.5,374.1,373.7,374.5,375.0,375.3,374.3,374.4,374.3,374.5,373.9,374.5,374.3,374.6,375.7,374.9,373.7,373.9,373.2,373.7,,,,,,,,,,,,,,,,,,,,,,,,,,,,,,,,,,,,,,,,,,,,,,
MLB3-1:HZ,(                ),Hz,59,60,60,59,59,60,59,60,59,60,60,60,60,60,60,60,60,59,59,59,59,60,59,59,60,59,59,59,59,60,59,60,60,60,60,59,59,59,59,60,60,59,59,60,59,60,59,60,59,59,60,60,60,60,60,60,60,59,59,59,60,60,59,59,60,59,59,59,59,59,59,59,60,59,59,59,59,59,60,59,60,59,59,60,60,60,59,59,60,59,59,59,59,60,59,59,60,59,,,,,,,,,,,,,,,,,,,,,,,,,,,,,,,,,,,,,,,,,,,,,,
MLB3-1:IR,(                ),A,171,239,225,189,234,220,229,176,183,221,157,166,163,157,159,150,168,177,139,172,141,150,162,158,155,157,149,176,175,149,133,157,122,128,160,158,156,165,138,139,162,163,150,171,140,165,155,137,157,175,164,314,538,505,577,712,812,885,1037,1143,1220,1323,1358,1398,1372,1411,1525,1562,1517,1490,1460,1522,1602,1579,1558,1630,1525,1575,1622,1620,1755,1641,1596,1653,1724,1626,1647,1637,1543,1625,1617,1575,1531,1509,1554,1492,1453,1449,,,,,,,,,,,,,,,,,,,,,,,,,,,,,,,,,,,,,,,,,,,,,,
MLB3-1:IS,(                ),A,149,225,166,187,200,222,209,193,177,152,148,172,157,151,152,135,146,147,145,149,167,130,146,136,135,137,168,180,165,158,134,140,169,130,147,143,153,146,154,130,166,130,148,154,155,186,180,171,152,150,175,283,526,489,550,637,808,896,929,1016,1125,1162,1214,1238,1266,1311,1386,1353,1314,1358,1376,1433,1463,1438,1357,1505,1386,1475,1496,1512,1588,1452,1564,1550,1615,1581,1586,1615,1512,1567,1541,1557,1534,1372,1416,1452,1378,1344,,,,,,,,,,,,,,,,,,,,,,,,,,,,,,,,,,,,,,,,,,,,,,
MLB3-1:IT,(                ),A,198,233,189,223,228,242,255,203,199,202,207,192,193,173,187,171,192,196,184,189,178,175,169,179,185,164,137,197,187,153,171,157,165,154,169,159,157,144,146,132,150,164,159,180,187,178,201,211,216,179,197,320,569,515,582,686,841,909,996,1092,1188,1216,1268,1275,1307,1315,1490,1421,1437,1395,1469,1443,1510,1452,1399,1543,1432,1495,1500,1528,1625,1473,1515,1526,1654,1560,1617,1601,1509,1602,1574,1565,1532,1468,1472,1462,1363,1362,,,,,,,,,,,,,,,,,,,,,,,,,,,,,,,,,,,,,,,,,,,,,,
MLB3-1:KW,(                ),kW,103.0,145.6,118.0,122.0,138.6,142.6,145.3,118.4,114.0,117.5,106.6,109.8,106.3,98.6,103.7,93.2,102.8,107.2,97.1,106.1,100.2,94.4,98.9,96.9,96.1,94.6,93.9,116.4,108.0,94.8,90.4,94.1,94.4,85.0,98.6,95.2,95.1,94.2,90.0,83.7,98.4,93.6,93.6,106.4,101.2,111.5,113.0,108.8,110.3,105.0,113.0,194.0,342.0,313.6,357.2,428.8,522.2,565.6,610.7,681.5,743.8,780.9,812.8,826.2,827.9,846.4,925.4,908.5,893.4,889.1,902.9,924.0,961.6,937.5,903.7,985.0,910.9,955.6,971.5,980.0,1044.2,960.4,982.9,996.4,1051.2,1002.8,1020.8,1021.7,957.0,1010.1,994.7,988.1,968.8,913.7,930.0,922.5,875.3,866.9,,,,,,,,,,,,,,,,,,,,,,,,,,,,,,,,,,,,,,,,,,,,,,
MLB3-1:KWH,(                ),,28337634,28337654,28337680,28337700,28337720,28337744,28337764,28337790,28337808,28337826,28337842,28337858,28337878,28337896,28337914,28337932,28337950,28337966,28337984,28338000,28338016,28338032,28338048,28338064,28338080,28338096,28338110,28338126,28338142,28338160,28338176,28338190,28338208,28338222,28338238,28338256,28338270,28338286,28338302,28338316,28338332,28338348,28338364,28338382,28338398,28338414,28338434,28338454,28338474,28338490,28338510,28338532,28338574,28338622,28338668,28338742,28338822,28338908,28339004,28339116,28339234,28339360,28339490,28339628,28339772,28339894,28340058,28340200,28340356,28340514,28340584,28340798,28340956,28341122,28341268,28341430,28341586,28341750,28341918,28342078,28342248,28342400,28342588,28342758,28342918,28343090,28343218,28343422,28343578,28343752,28343926,28344076,28344234,28344396,28344556,28344716,28344854,28344988,,,,,,,,,,,,,,,,,,,,,,,,,,,,,,,,,,,,,,,,,,,,,,
MLB3-1:PF,(                ),,0.91,0.96,0.93,0.93,0.96,0.95,0.96,0.94,0.93,0.93,0.95,0.94,0.94,0.93,0.95,0.93,0.92,0.94,0.94,0.94,0.93,0.94,0.94,0.93,0.92,0.94,0.94,0.95,0.93,0.94,0.94,0.94,0.94,0.94,0.94,0.94,0.93,0.94,0.94,0.95,0.94,0.93,0.93,0.96,0.95,0.95,0.95,0.94,0.95,0.94,0.95,0.96,0.95,0.94,0.95,0.96,0.97,0.96,0.96,0.96,0.97,0.97,0.97,0.97,0.97,0.97,0.97,0.97,0.97,0.97,0.97,0.97,0.97,0.97,0.97,0.97,0.97,0.97,0.98,0.98,0.98,0.97,0.97,0.97,0.98,0.98,0.98,0.98,0.97,0.98,0.97,0.97,0.97,0.97,0.97,0.97,0.97,0.97,,,,,,,,,,,,,,,,,,,,,,,,,,,,,,,,,,,,,,,,,,,,,,
MLB3-1:VRS,(                ),V,378.6,378.6,378.7,379.0,378.3,379.0,379.0,379.3,380.2,379.5,380.1,380.5,380.6,380.8,381.4,381.0,380.9,381.3,381.5,381.4,381.9,382.1,382.0,382.1,381.7,381.9,382.1,382.2,381.7,382.4,382.0,382.5,382.4,382.1,382.2,382.0,381.7,381.4,381.2,381.7,381.1,381.3,380.5,381.3,383.6,384.7,384.1,385.4,385.2,385.2,384.0,382.9,380.9,380.7,379.4,379.2,379.4,377.8,376.5,376.8,375.9,376.2,376.2,375.1,375.0,374.6,374.1,373.5,372.6,373.6,373.9,374.0,373.3,372.6,372.8,373.5,373.4,373.3,372.9,372.7,371.8,372.9,372.9,373.6,372.5,372.8,373.1,372.9,372.4,373.2,372.7,373.4,374.1,373.5,371.9,372.6,371.7,372.4,,,,,,,,,,,,,,,,,,,,,,,,,,,,,,,,,,,,,,,,,,,,,,
MLB3-1:VST,(                ),V,378.7,378.9,379.2,379.2,378.6,379.0,379.2,379.3,380.3,379.8,380.2,380.3,380.6,380.9,381.5,380.9,380.5,381.2,381.2,381.3,381.4,382.1,381.9,382.1,381.5,382.0,381.8,381.9,381.5,382.0,381.7,382.3,381.9,381.8,382.2,381.9,381.4,381.1,380.9,381.3,381.0,381.3,380.6,380.9,383.4,384.3,384.0,385.1,385.2,385.2,383.9,383.0,381.0,380.7,379.8,379.9,379.5,378.0,377.8,377.4,376.9,377.3,377.3,376.2,376.2,375.6,375.3,374.8,374.4,374.8,374.8,375.0,374.4,374.2,374.4,374.7,374.7,374.4,373.9,373.8,373.3,374.3,374.1,374.8,373.9,374.0,373.9,373.8,373.6,374.2,374.0,374.2,375.2,374.9,373.2,373.4,372.7,373.7,,,,,,,,,,,,,,,,,,,,,,,,,,,,,,,,,,,,,,,,,,,,,,
MLB3-1:VTR,(                ),V,378.7,378.9,379.2,379.0,378.5,379.0,379.1,379.4,380.3,379.9,380.1,380.5,380.7,381.0,381.5,381.1,380.7,381.4,381.4,381.5,381.8,382.2,382.2,382.2,381.8,382.3,382.4,382.2,381.8,382.5,382.0,382.8,382.3,382.1,382.4,382.1,381.7,381.5,381.3,381.7,381.5,381.4,380.7,381.1,383.6,384.6,384.2,385.2,385.3,385.4,384.0,383.1,381.1,381.2,379.9,379.7,379.5,378.0,377.4,377.0,376.7,377.2,377.2,376.3,376.0,375.8,374.7,374.6,373.8,374.7,374.4,374.8,374.0,374.1,374.3,374.2,374.5,374.2,373.8,373.5,373.0,374.2,374.1,374.7,373.2,373.6,373.4,373.7,373.2,373.7,373.5,373.8,374.7,374.3,372.7,373.1,372.7,373.3,,,,,,,,,,,,,,,,,,,,,,,,,,,,,,,,,,,,,,,,,,,,,,
MLB4-1:HZ,(                ),Hz,59,60,60,59,59,60,59,60,59,60,60,60,60,60,60,60,60,59,59,59,59,60,59,59,60,59,59,59,59,60,59,60,60,60,60,59,59,59,59,60,60,59,59,60,59,60,59,60,59,60,60,60,60,60,60,60,60,59,59,59,60,60,59,59,60,59,60,59,59,59,59,59,60,59,59,59,59,59,60,59,60,59,59,60,60,60,59,59,60,59,59,59,59,60,59,59,60,59,,,,,,,,,,,,,,,,,,,,,,,,,,,,,,,,,,,,,,,,,,,,,,
MLB4-1:IR,(                ),A,213,189,188,177,184,194,172,192,174,178,179,175,163,149,164,162,158,182,167,152,141,166,150,151,139,141,155,151,175,176,140,144,147,162,164,147,145,150,164,139,157,180,164,150,168,160,148,143,203,262,246,433,552,679,807,766,738,781,818,773,895,891,982,1142,1083,1161,1256,1308,1294,1298,1251,1250,1287,1275,1340,1282,1296,1274,1318,1270,1317,1298,1310,1368,1351,1328,1279,1300,1279,1306,1296,1276,1235,1239,1266,1281,1259,1281,,,,,,,,,,,,,,,,,,,,,,,,,,,,,,,,,,,,,,,,,,,,,,
MLB4-1:IS,(                ),A,194,176,198,182,191,218,187,198,178,164,172,184,186,148,178,143,164,149,168,183,154,158,139,148,124,122,128,151,139,156,151,176,126,160,145,124,129,165,148,146,127,181,146,182,153,158,131,145,154,259,184,412,552,695,789,737,724,795,785,813,839,858,945,1107,1045,1139,1271,1259,1228,1247,1205,1224,1261,1234,1310,1257,1264,1213,1291,1285,1282,1224,1266,1304,1331,1347,1279,1275,1264,1333,1272,1289,1178,1204,1207,1243,1208,1239,,,,,,,,,,,,,,,,,,,,,,,,,,,,,,,,,,,,,,,,,,,,,,
MLB4-1:IT,(                ),A,217,213,226,197,198,216,201,224,213,198,212,173,171,185,191,161,184,187,207,178,177,176,176,193,157,154,159,186,178,169,151,162,169,163,184,193,151,181,176,156,165,201,204,186,180,197,199,179,202,276,240,434,597,732,848,784,779,804,881,838,926,988,1057,1157,1105,1170,1350,1342,1351,1369,1281,1308,1318,1339,1391,1340,1354,1322,1367,1352,1349,1350,1380,1390,1362,1372,1344,1299,1326,1328,1331,1350,1308,1277,1259,1307,1325,1292,,,,,,,,,,,,,,,,,,,,,,,,,,,,,,,,,,,,,,,,,,,,,,
MLB4-1:KW,(                ),kW,126.8,117.4,124.3,113.8,115.0,128.0,116.1,129.4,116.2,110.8,115.6,107.7,107.1,99.6,109.9,97.2,104.2,106.0,111.6,106.2,99.2,99.6,92.2,98.1,84.7,83.5,87.9,96.2,96.4,100.8,88.8,99.0,89.0,96.5,98.8,92.8,83.7,98.4,97.9,88.7,88.4,113.5,105.1,104.1,101.6,104.5,95.3,94.0,113.5,170.2,140.5,275.5,359.4,440.1,515.2,469.3,466.2,491.4,512.4,501.8,555.2,573.9,631.4,723.6,682.9,734.5,823.5,829.1,820.0,830.5,779.6,802.7,819.4,815.1,857.3,823.3,830.6,808.5,842.5,827.1,834.3,819.7,837.4,858.9,856.3,857.7,826.5,820.7,819.6,841.5,826.5,829.5,789.2,788.2,788.0,811.6,800.2,806.4,,,,,,,,,,,,,,,,,,,,,,,,,,,,,,,,,,,,,,,,,,,,,,
MLB4-1:KWH,(                ),,22914482,22914502,22914522,22914542,22914562,22914582,22914602,22914620,22914642,22914662,22914680,22914696,22914716,22914734,22914750,22914772,22914786,22914804,22914824,22914842,22914860,22914874,22914890,22914906,22914920,22914936,22914950,22914962,22914980,22914998,22915014,22915030,22915044,22915058,22915076,22915092,22915106,22915120,22915134,22915152,22915166,22915184,22915202,22915220,22915238,22915254,22915270,22915288,22915306,22915330,22915358,22915392,22915442,22915510,22915578,22915666,22915748,22915826,22915914,22916000,22916084,22916182,22916276,22916396,22916514,22916622,22916768,22916894,22917032,22917176,22917242,22917436,22917578,22917722,22917852,22917994,22918130,22918274,22918414,22918542,22918686,22918808,22918960,22919102,22919236,22919382,22919490,22919660,22919786,22919928,22920070,22920198,22920332,22920472,22920610,22920748,22920874,22920990,,,,,,,,,,,,,,,,,,,,,,,,,,,,,,,,,,,,,,,,,,,,,,
MLB4-1:PF,(                ),,0.93,0.93,0.93,0.94,0.92,0.93,0.95,0.96,0.94,0.94,0.94,0.92,0.94,0.94,0.94,0.95,0.94,0.93,0.94,0.94,0.95,0.90,0.90,0.91,0.92,0.91,0.90,0.89,0.89,0.91,0.91,0.93,0.91,0.90,0.91,0.91,0.90,0.90,0.91,0.92,0.90,0.92,0.93,0.91,0.92,0.91,0.90,0.91,0.92,0.96,0.95,0.98,0.96,0.95,0.96,0.95,0.95,0.95,0.95,0.95,0.96,0.96,0.97,0.98,0.98,0.98,0.98,0.98,0.98,0.98,0.98,0.98,0.98,0.98,0.98,0.98,0.98,0.98,0.98,0.98,0.98,0.98,0.98,0.98,0.98,0.98,0.98,0.98,0.98,0.98,0.98,0.98,0.98,0.98,0.98,0.98,0.98,0.98,,,,,,,,,,,,,,,,,,,,,,,,,,,,,,,,,,,,,,,,,,,,,,
MLB4-1:VRS,(                ),V,378.2,378.1,378.3,378.6,377.6,378.7,378.8,378.9,379.9,379.3,379.7,379.9,380.2,380.5,380.8,380.6,380.4,380.9,381.2,381.0,381.4,381.6,381.4,381.6,381.4,381.6,381.7,381.5,381.2,381.7,381.5,382.1,381.9,381.4,381.6,381.3,381.1,380.9,380.7,381.2,380.7,381.0,380.1,380.7,383.0,384.1,383.6,384.9,384.7,384.5,383.2,382.5,379.6,380.1,378.6,378.6,379.2,377.7,377.0,377.7,376.6,377.1,377.0,375.8,375.9,375.5,375.1,374.4,373.5,374.4,374.7,375.0,374.2,373.8,373.9,374.7,374.3,374.3,374.0,373.9,372.4,374.0,373.7,374.6,373.6,373.8,374.0,373.9,373.4,374.1,373.9,374.3,375.0,374.4,372.8,373.6,372.4,373.4,,,,,,,,,,,,,,,,,,,,,,,,,,,,,,,,,,,,,,,,,,,,,,
MLB4-1:VST,(                ),V,378.2,378.3,378.3,378.6,377.7,378.4,378.7,378.9,379.8,379.2,379.5,379.5,379.9,380.3,380.6,380.3,379.9,380.6,380.8,380.6,381.0,381.5,381.1,381.4,381.0,381.4,381.5,381.2,380.9,381.4,381.0,381.5,381.5,381.0,381.4,381.1,380.7,380.3,380.3,380.6,380.4,380.7,380.1,380.1,382.8,383.7,383.4,384.5,384.8,384.3,383.1,382.5,379.5,379.9,379.1,379.1,379.3,377.6,377.6,377.6,377.3,377.6,377.8,376.6,377.0,376.2,375.9,375.3,374.9,375.4,375.5,375.7,374.9,375.1,375.0,375.4,375.5,375.5,374.7,374.6,373.7,375.1,375.1,375.6,374.6,374.8,374.6,375.0,374.4,374.8,375.0,375.1,376.4,375.4,373.9,374.5,373.4,374.6,,,,,,,,,,,,,,,,,,,,,,,,,,,,,,,,,,,,,,,,,,,,,,
MLB4-1:VTR,(                ),V,378.3,378.2,378.5,378.6,377.8,378.6,378.7,379.0,379.8,379.4,379.6,379.9,380.4,380.4,380.8,380.7,380.3,380.9,380.9,381.0,381.3,381.8,381.5,381.7,381.5,381.7,381.9,381.6,381.3,381.9,381.5,382.2,381.9,381.4,381.7,381.1,381.0,380.7,380.7,381.1,380.9,381.0,380.0,380.4,383.0,383.9,383.5,384.7,385.1,384.6,383.2,382.4,379.6,380.1,379.2,379.1,379.1,377.9,377.3,377.3,376.9,377.3,377.3,376.3,376.5,376.1,375.3,375.0,374.3,374.9,375.1,375.4,374.5,374.4,374.3,374.9,374.9,374.8,374.3,374.1,373.3,374.4,374.5,375.1,374.1,374.3,374.1,374.6,374.1,374.6,374.5,374.5,375.6,374.8,373.6,374.0,373.0,373.9,,,,,,,,,,,,,,,,,,,,,,,,,,,,,,,,,,,,,,,,,,,,,,
ACMP-1:HZ,(                ),Hz,59,60,60,59,59,60,59,60,59,60,60,60,60,60,60,60,60,59,59,59,59,60,59,59,60,59,59,59,59,60,59,59,60,60,60,59,59,59,59,60,59,59,59,60,59,60,59,60,59,60,60,60,60,60,60,60,60,59,59,60,60,60,59,59,60,59,60,59,59,59,59,60,60,59,59,59,59,59,60,59,60,59,60,60,60,60,59,59,60,59,59,59,59,60,59,59,59,59,,,,,,,,,,,,,,,,,,,,,,,,,,,,,,,,,,,,,,,,,,,,,,
ACMP-1:IR,(                ),A,7.7,7.0,7.0,7.6,7.6,7.6,6.8,6.8,7.7,7.8,7.0,6.8,7.7,7.5,7.6,7.0,6.8,7.6,7.4,6.8,7.0,7.7,7.6,7.8,6.9,7.0,7.6,7.7,6.8,7.0,7.8,7.8,7.7,7.0,7.0,7.9,7.5,7.9,6.9,7.0,7.7,7.6,7.0,6.9,7.4,7.7,7.9,6.9,70.1,20.5,593.9,631.5,1191.6,1481.2,1488.3,1490.1,1519.3,1502.5,1538.0,1530.3,1537.6,1542.3,1535.0,1542.6,1551.3,1543.0,1545.7,1549.4,1557.5,1550.0,1547.9,1541.4,1551.7,1548.5,1541.4,1545.9,1549.5,1546.7,1553.2,1543.7,1553.4,1547.1,1554.5,1542.2,1551.4,1548.4,1546.2,1544.0,1558.4,1543.9,1549.1,1552.6,1545.3,1551.8,1549.4,1537.9,1550.7,1548.2,,,,,,,,,,,,,,,,,,,,,,,,,,,,,,,,,,,,,,,,,,,,,,
ACMP-1:IS,(                ),A,12,10,10,12,11,12,10,10,12,11,10,10,12,12,12,11,9,10,11,9,9,11,10,11,9,9,11,11,10,9,11,11,11,10,9,11,11,11,9,9,11,11,9,9,10,11,11,9,72,23,593,632,1220,1523,1522,1527,1563,1539,1571,1576,1567,1574,1564,1566,1584,1573,1576,1578,1578,1578,1581,1571,1581,1568,1568,1573,1571,1573,1583,1576,1575,1576,1571,1569,1579,1572,1579,1578,1581,1577,1572,1582,1567,1583,1572,1567,1576,1572,,,,,,,,,,,,,,,,,,,,,,,,,,,,,,,,,,,,,,,,,,,,,,
ACMP-1:IT,(                ),A,9,9,8,9,8,9,9,8,9,7,8,9,8,9,8,8,8,7,8,7,7,8,7,8,7,8,8,6,8,6,8,8,7,8,7,8,8,6,8,7,8,8,7,8,6,8,8,7,69,19,604,644,1210,1495,1502,1509,1543,1518,1556,1562,1552,1551,1556,1553,1569,1558,1563,1567,1569,1567,1568,1563,1571,1562,1561,1567,1566,1562,1572,1566,1569,1568,1568,1560,1575,1573,1572,1568,1575,1567,1570,1573,1568,1576,1565,1557,1567,1568,,,,,,,,,,,,,,,,,,,,,,,,,,,,,,,,,,,,,,,,,,,,,,
ACMP-1:KW,(                ),kW,4.6,4.0,3.4,4.6,3.9,4.6,4.0,3.3,4.7,3.9,3.4,4.0,4.0,4.7,4.0,3.5,3.7,3.7,4.4,3.1,3.1,4.4,3.7,4.4,3.1,3.8,4.4,3.7,3.8,3.1,4.5,4.5,3.8,3.8,3.1,4.4,4.4,3.8,3.8,3.1,4.4,4.5,3.1,3.8,3.6,4.5,4.5,3.1,31.1,9.1,375.7,398.6,495.6,936.2,939.4,941.1,963.3,946.0,966.8,964.0,963.5,967.2,961.6,963.7,968.0,963.7,966.2,965.1,967.0,965.3,965.5,963.4,966.2,961.9,960.8,965.6,965.2,963.7,966.0,961.9,960.1,962.4,967.0,962.0,967.3,964.7,964.4,965.2,968.2,962.3,963.1,967.7,966.9,967.1,961.0,957.9,959.3,962.0,,,,,,,,,,,,,,,,,,,,,,,,,,,,,,,,,,,,,,,,,,,,,,
ACMP-1:KWH,(                ),,12580776,12580777,12580777,12580778,12580779,12580779,12580780,12580781,12580781,12580782,12580783,12580783,12580784,12580785,12580785,12580786,12580787,12580787,12580788,12580789,12580789,12580790,12580790,12580791,12580792,12580792,12580793,12580794,12580794,12580795,12580797,12580797,12580798,12580799,12580799,12580800,12580800,12580801,12580801,12580801,12580802,12580803,12580803,12580804,12580805,12580805,12580806,12580806,12580808,12580811,12580849,12580916,12580982,12581106,12581244,12581421,12581587,12581736,12581901,12582065,12582222,12582389,12582540,12582706,12582870,12583012,12583194,12583345,12583512,12583678,12583756,12583984,12584150,12584316,12584468,12584631,12584788,12584955,12585120,12585271,12585436,12585579,12585759,12585926,12586077,12586244,12586369,12586566,12586717,12586884,12587050,12587200,12587357,12587523,12587690,12587856,12588004,12588146,,,,,,,,,,,,,,,,,,,,,,,,,,,,,,,,,,,,,,,,,,,,,,
ACMP-1:PF,(                ),,0.73,0.68,0.62,0.72,0.67,0.73,0.68,0.61,0.72,0.66,0.61,0.68,0.67,0.72,0.67,0.60,0.69,0.67,0.73,0.61,0.61,0.74,0.67,0.73,0.61,0.69,0.73,0.67,0.69,0.61,0.73,0.73,0.67,0.69,0.61,0.73,0.74,0.67,0.69,0.61,0.73,0.74,0.62,0.70,0.67,0.73,0.73,0.61,0.65,0.64,0.93,0.93,0.62,0.94,0.94,0.94,0.94,0.94,0.94,0.94,0.94,0.94,0.94,0.94,0.94,0.94,0.94,0.94,0.94,0.94,0.94,0.94,0.94,0.94,0.94,0.94,0.94,0.94,0.94,0.94,0.94,0.94,0.94,0.94,0.94,0.94,0.94,0.94,0.94,0.94,0.94,0.94,0.94,0.94,0.94,0.94,0.94,0.94,,,,,,,,,,,,,,,,,,,,,,,,,,,,,,,,,,,,,,,,,,,,,,
ACMP-1:VRS,(                ),V,387.1,387.0,387.4,387.3,386.4,387.3,387.3,387.6,388.6,388.0,388.4,388.7,388.8,389.1,389.1,389.3,389.1,389.5,389.6,389.7,389.7,390.5,390.2,390.4,390.0,390.2,390.2,390.4,390.0,390.6,390.1,390.8,390.4,390.2,390.2,389.9,389.9,389.5,389.5,389.6,389.6,389.6,388.8,389.0,391.3,392.6,392.4,393.5,393.5,393.4,390.3,389.4,382.9,382.7,381.5,381.1,381.5,380.8,379.7,380.7,379.7,379.6,380.6,379.0,380.7,379.3,378.1,378.9,376.7,379.0,378.8,379.4,378.6,377.4,378.7,377.7,378.3,377.4,376.7,377.7,375.5,378.1,377.6,377.7,377.4,378.0,377.7,377.9,377.6,378.4,377.5,377.9,378.6,378.0,376.1,376.7,376.1,377.3,,,,,,,,,,,,,,,,,,,,,,,,,,,,,,,,,,,,,,,,,,,,,,
ACMP-1:VST,(                ),V,386.5,386.1,386.6,387.1,385.7,386.8,386.9,387.2,388.2,387.3,388.1,388.0,388.1,388.4,388.3,388.1,388.9,389.7,389.2,389.0,389.0,390.0,389.7,389.7,389.7,389.8,389.7,390.5,389.7,390.1,389.5,390.2,390.1,389.8,389.6,390.1,390.2,389.2,389.2,389.6,389.3,389.4,388.5,388.7,391.3,392.2,391.9,393.7,393.4,392.6,387.7,390.2,380.7,382.2,383.3,383.3,384.2,381.4,381.9,379.5,380.7,382.3,379.9,381.6,378.8,380.0,379.3,378.1,379.4,378.2,378.0,379.5,377.4,378.7,378.6,380.7,379.1,379.3,378.2,378.5,376.5,376.8,380.2,379.8,378.3,379.0,378.1,376.6,378.6,376.3,377.8,378.4,381.1,376.7,377.8,379.1,375.2,377.8,,,,,,,,,,,,,,,,,,,,,,,,,,,,,,,,,,,,,,,,,,,,,,
ACMP-1:VTR,(                ),V,387.3,387.1,387.5,387.6,386.6,387.5,387.4,388.0,388.9,387.9,388.7,388.6,388.8,389.2,389.1,389.1,389.0,389.7,389.6,389.7,389.5,390.6,390.2,390.3,390.0,390.2,390.0,390.4,389.9,390.4,389.8,390.5,390.4,390.2,390.3,390.1,390.0,389.3,389.5,389.6,389.3,389.7,388.9,388.9,391.4,392.7,392.5,393.6,393.5,393.3,389.0,388.8,380.9,380.6,381.7,381.0,381.5,381.2,380.6,378.0,379.6,380.9,378.6,378.7,376.0,378.0,378.9,376.7,377.6,376.3,377.2,377.3,376.1,378.6,376.4,377.6,378.3,378.8,376.2,376.5,374.6,376.5,378.4,378.4,378.2,375.9,375.8,377.7,376.2,376.9,376.0,376.5,379.3,377.5,376.8,376.7,376.2,376.4,,,,,,,,,,,,,,,,,,,,,,,,,,,,,,,,,,,,,,,,,,,,,,
ACMP-2:HZ,(                ),Hz,59,60,60,59,59,60,59,60,59,60,60,60,60,60,60,60,60,59,59,59,59,60,59,59,60,59,59,59,59,60,59,59,60,60,60,59,60,59,59,60,60,59,59,60,59,60,59,60,59,60,60,60,60,60,60,60,60,59,59,59,60,60,59,59,60,60,59,59,59,59,60,59,60,59,59,59,59,59,60,59,60,59,59,60,60,60,59,60,60,59,59,59,59,60,59,59,60,59,,,,,,,,,,,,,,,,,,,,,,,,,,,,,,,,,,,,,,,,,,,,,,
ACMP-2:IR,(                ),A,80,80,80,79,80,80,79,79,79,80,80,79,79,79,79,79,79,79,79,79,79,52,52,52,52,52,52,52,52,52,52,52,52,52,52,52,52,52,52,52,53,52,52,52,52,51,52,52,169,168,346,449,460,459,447,452,576,811,1070,1078,1083,1073,1077,1077,1080,1089,1078,1083,1097,1075,1080,1091,1069,1086,1087,1072,1089,1083,1080,1083,1097,1080,1098,1086,1076,1090,1094,1078,1094,1087,1080,1090,1083,1075,1094,1088,1079,1132,,,,,,,,,,,,,,,,,,,,,,,,,,,,,,,,,,,,,,,,,,,,,,
ACMP-2:IS,(                ),A,75,75,75,75,75,75,75,75,75,75,75,75,75,75,75,75,75,75,75,75,75,47,47,47,47,47,47,47,47,48,47,47,47,47,47,47,47,48,47,47,47,47,47,48,47,47,47,47,170,170,361,468,480,482,467,473,605,856,1137,1153,1149,1143,1145,1143,1147,1157,1147,1148,1160,1141,1146,1160,1134,1144,1151,1137,1150,1149,1146,1150,1158,1145,1155,1153,1140,1153,1163,1141,1159,1154,1139,1154,1145,1143,1155,1155,1140,1193,,,,,,,,,,,,,,,,,,,,,,,,,,,,,,,,,,,,,,,,,,,,,,
ACMP-2:IT,(                ),A,76,76,76,76,76,76,76,76,76,75,76,75,75,76,76,76,75,76,75,75,76,48,48,48,48,48,48,48,48,48,48,48,48,48,48,47,48,48,48,48,48,48,48,48,48,47,47,47,165,165,356,459,471,472,457,462,591,830,1114,1130,1124,1114,1121,1115,1119,1130,1120,1121,1137,1115,1123,1136,1111,1122,1128,1118,1129,1128,1123,1127,1139,1125,1134,1131,1121,1136,1139,1119,1136,1133,1122,1131,1127,1120,1133,1131,1117,1173,,,,,,,,,,,,,,,,,,,,,,,,,,,,,,,,,,,,,,,,,,,,,,
ACMP-2:KW,(                ),kW,44.2,44.1,44.2,44.1,44.1,44.2,44.1,44.1,44.2,44.3,44.3,44.1,44.1,44.1,44.1,44.1,44.2,44.1,44.0,44.1,44.3,28.1,28.0,28.0,28.1,28.0,28.0,28.0,27.9,28.1,28.0,28.0,28.1,28.1,28.1,27.9,27.9,28.1,28.0,28.0,28.1,28.0,28.0,28.1,28.1,27.7,27.7,27.8,89.7,89.6,201.0,261.9,267.5,268.3,259.7,263.1,334.8,494.6,672.0,681.1,680.5,674.1,677.5,674.7,676.8,683.9,675.3,676.3,683.1,671.5,676.2,683.9,668.0,675.9,677.3,671.4,679.2,675.9,674.6,676.2,680.8,674.1,682.9,679.2,673.2,679.6,684.4,672.8,681.8,680.5,674.0,681.2,678.4,673.5,680.6,678.9,670.5,703.6,,,,,,,,,,,,,,,,,,,,,,,,,,,,,,,,,,,,,,,,,,,,,,
ACMP-2:KWH,(                ),,20000972,20000980,20000988,20000994,20001002,20001010,20001016,20001024,20001032,20001038,20001046,20001052,20001060,20001066,20001076,20001082,20001090,20001098,20001106,20001112,20001120,20001126,20001130,20001134,20001140,20001144,20001148,20001152,20001158,20001162,20001168,20001172,20001176,20001182,20001186,20001192,20001196,20001200,20001204,20001210,20001214,20001218,20001224,20001228,20001234,20001236,20001242,20001248,20001256,20001270,20001300,20001340,20001386,20001426,20001466,20001514,20001570,20001626,20001740,20001856,20001968,20002084,20002190,20002306,20002422,20002522,20002650,20002756,20002874,20002990,20003034,20003204,20003320,20003436,20003540,20003658,20003768,20003886,20004002,20004106,20004222,20004324,20004450,20004566,20004674,20004792,20004880,20005018,20005124,20005242,20005358,20005464,20005574,20005692,20005808,20005926,20006030,20006134,,,,,,,,,,,,,,,,,,,,,,,,,,,,,,,,,,,,,,,,,,,,,,
ACMP-2:PF,(                ),,0.85,0.85,0.86,0.86,0.86,0.85,0.85,0.85,0.85,0.86,0.86,0.86,0.85,0.85,0.85,0.85,0.86,0.85,0.85,0.85,0.85,0.85,0.85,0.85,0.85,0.85,0.84,0.84,0.84,0.85,0.84,0.84,0.84,0.85,0.85,0.84,0.85,0.85,0.85,0.85,0.85,0.85,0.85,0.85,0.84,0.84,0.84,0.84,0.78,0.78,0.84,0.84,0.85,0.85,0.85,0.85,0.85,0.89,0.92,0.92,0.92,0.92,0.92,0.92,0.92,0.92,0.92,0.92,0.92,0.92,0.92,0.92,0.92,0.92,0.92,0.92,0.92,0.92,0.92,0.92,0.92,0.92,0.92,0.92,0.92,0.92,0.92,0.92,0.92,0.92,0.92,0.92,0.92,0.92,0.92,0.92,0.92,0.92,,,,,,,,,,,,,,,,,,,,,,,,,,,,,,,,,,,,,,,,,,,,,,
ACMP-2:VRS,(                ),V,386.9,386.8,387.1,387.2,386.4,387.4,387.4,387.4,388.5,388.2,388.4,388.6,388.9,389.1,389.5,389.4,389.0,389.8,389.4,389.6,389.8,390.4,390.3,390.6,389.8,390.3,390.6,390.3,390.2,390.7,390.0,391.0,390.6,390.3,390.4,389.8,389.6,389.4,389.8,389.7,389.6,389.7,388.8,389.0,391.3,392.6,392.2,393.5,393.9,393.3,390.4,389.9,387.0,388.3,387.6,387.3,386.8,384.7,382.2,383.1,382.2,383.3,382.9,381.9,381.4,381.4,381.3,381.1,380.1,381.2,380.2,381.1,380.4,379.9,379.8,380.8,380.0,381.3,380.3,379.8,378.1,381.2,380.2,381.9,380.0,380.0,379.9,380.1,380.1,380.5,380.1,380.0,381.1,380.6,378.8,379.7,378.3,379.4,,,,,,,,,,,,,,,,,,,,,,,,,,,,,,,,,,,,,,,,,,,,,,
ACMP-2:VST,(                ),V,387.9,387.4,387.9,388.0,387.0,387.3,388.2,388.4,389.4,388.6,388.9,389.0,389.1,389.5,390.3,389.2,390.0,389.7,390.0,390.5,391.0,391.0,390.8,391.1,390.7,390.6,391.0,390.7,390.8,390.8,391.1,391.6,390.9,390.5,390.9,390.7,390.3,390.0,390.5,390.0,390.4,390.5,389.5,389.3,391.6,393.3,392.7,393.8,394.1,393.5,391.8,390.8,388.1,389.3,388.0,388.3,387.0,385.9,382.8,383.5,384.0,383.1,383.8,383.3,383.5,382.7,382.2,381.8,381.3,381.6,382.5,382.5,381.7,382.0,381.3,382.2,382.4,380.6,381.1,381.3,379.7,380.6,381.4,380.5,381.5,380.9,381.7,381.5,380.5,381.8,382.0,382.5,383.4,381.4,381.1,380.5,379.7,380.4,,,,,,,,,,,,,,,,,,,,,,,,,,,,,,,,,,,,,,,,,,,,,,
ACMP-2:VTR,(                ),V,387.1,387.1,387.1,387.2,386.4,387.3,387.5,387.7,388.6,387.9,388.4,388.4,388.7,389.1,389.7,388.8,388.8,389.3,389.2,389.5,389.7,390.2,390.0,390.2,389.7,390.2,390.4,390.0,389.9,390.2,390.0,390.7,390.4,390.0,390.3,389.8,389.5,389.1,389.7,389.5,389.3,389.6,388.7,388.7,391.2,392.6,392.0,393.4,393.3,392.9,390.2,389.6,386.4,387.7,386.9,387.1,386.3,384.6,380.2,381.3,383.5,381.0,382.7,382.7,382.2,381.9,380.6,380.8,380.4,380.4,381.2,381.4,380.6,381.3,379.9,380.2,380.6,379.2,379.8,379.7,377.3,377.7,381.2,379.8,380.6,377.8,380.3,380.3,378.5,381.6,380.9,381.3,382.5,380.4,380.0,379.7,379.3,379.8,,,,,,,,,,,,,,,,,,,,,,,,,,,,,,,,,,,,,,,,,,,,,,
GCB1:HZ,(                ),Hz,60,59,60,60,59,60,59,60,60,59,60,60,59,60,60,59,60,60,59,59,60,60,59,59,60,60,59,59,59,59,59,60,60,60,59,59,59,59,59,60,59,59,60,60,60,60,59,60,59,60,60,60,60,60,60,60,60,59,59,59,60,60,59,59,59,60,60,59,60,59,59,59,60,60,59,59,59,59,60,59,59,59,60,60,60,59,59,60,59,60,60,59,60,59,59,59,59,59,,,,,,,,,,,,,,,,,,,,,,,,,,,,,,,,,,,,,,,,,,,,,,
GCB1:IR,(                ),A,3,3,2,2,2,2,2,2,2,2,2,2,2,2,2,2,2,2,2,2,2,2,2,2,2,2,2,3,2,2,2,3,3,2,3,3,3,3,3,3,2,3,3,3,3,3,3,3,3,3,3,4,3,4,5,7,5,6,6,7,8,9,11,12,12,13,14,14,14,14,14,14,15,14,14,13,14,13,14,14,14,15,14,14,14,14,14,14,15,14,14,14,13,13,14,13,14,13,,,,,,,,,,,,,,,,,,,,,,,,,,,,,,,,,,,,,,,,,,,,,,
GCB1:IS,(                ),A,3,3,2,2,3,2,2,3,3,2,3,2,2,3,2,2,2,2,2,2,2,2,2,2,2,2,2,2,2,2,2,2,3,3,3,3,3,3,3,3,3,3,3,3,3,3,3,3,3,4,3,3,3,4,5,6,5,6,6,7,9,9,11,11,11,13,13,13,13,13,13,13,14,13,13,13,13,13,13,14,13,14,13,13,12,13,13,13,14,13,13,13,13,13,13,13,13,12,,,,,,,,,,,,,,,,,,,,,,,,,,,,,,,,,,,,,,,,,,,,,,
GCB1:IT,(                ),A,3,3,2,2,3,2,2,3,2,2,3,2,2,3,2,2,2,2,3,2,2,2,2,3,2,2,3,3,2,2,2,3,3,3,3,3,3,3,3,3,2,3,3,3,3,3,3,3,3,3,3,3,3,4,4,6,5,6,6,7,8,9,11,11,12,13,13,13,13,13,13,14,14,13,14,13,14,13,13,14,14,15,14,13,13,14,14,14,15,14,14,13,13,13,13,13,13,13,,,,,,,,,,,,,,,,,,,,,,,,,,,,,,,,,,,,,,,,,,,,,,
GCB1:KW,(                ),kW,77.7,84.1,71.1,72.8,75.7,75.4,74.4,79.3,71.2,74.1,79.4,69.1,69.3,79.8,71.1,68.4,72.4,69.8,77.2,69.8,75.2,70.7,74.7,78.1,66.5,71.5,74.8,78.0,72.9,73.9,66.5,78.3,78.5,77.0,88.0,86.8,86.3,86.4,86.8,80.0,74.7,79.6,78.2,83.6,83.6,81.1,87.2,94.6,91.4,95.9,90.0,96.8,94.8,117.2,128.1,170.2,139.2,155.1,158.3,166.6,186.7,199.5,248.2,247.4,246.3,287.8,294.6,286.4,284.7,288.7,285.5,290.1,300.6,290.5,292.8,282.8,288.7,278.1,288.2,295.6,292.9,307.7,298.9,290.1,286.9,314.8,297.5,288.2,323.0,291.1,297.4,287.9,283.9,283.2,292.0,282.2,284.7,277.5,,,,,,,,,,,,,,,,,,,,,,,,,,,,,,,,,,,,,,,,,,,,,,
GCB1:KWH,(                ),,8945095,8945110,8945123,8945136,8945147,8945160,8945171,8945186,8945199,8945211,8945223,8945233,8945247,8945259,8945272,8945283,8945296,8945306,8945319,8945332,8945344,8945357,8945367,8945381,8945394,8945405,8945417,8945428,8945443,8945456,8945466,8945479,8945492,8945504,8945520,8945534,8945548,8945561,8945573,8945588,8945601,8945615,8945628,8945641,8945659,8945673,8945686,8945700,8945716,8945729,8945748,8945762,8945779,8945795,8945813,8945838,8945862,8945886,8945913,8945935,8945967,8946001,8946038,8946076,8946120,8946161,8946217,8946266,8946311,8946359,8946383,8946455,8946506,8946554,8946605,8946653,8946695,8946749,8946797,8946844,8946891,8946934,8946991,8947042,8947092,8947137,8947181,8947238,8947289,8947340,8947386,8947434,8947477,8947533,8947583,8947628,8947676,8947718,,,,,,,,,,,,,,,,,,,,,,,,,,,,,,,,,,,,,,,,,,,,,,
GCB1:PF,(                ),, -0.82, -0.83, -0.83, -0.85, -0.86, -0.86, -0.86, -0.88, -0.84, -0.86, -0.83, -0.86, -0.86, -0.87, -0.86, -0.86, -0.88, -0.87, -0.87, -0.88, -0.89, -0.87, -0.88, -0.88, -0.88, -0.87, -0.88, -0.85, -0.88, -0.87, -0.88, -0.86, -0.83, -0.81, -0.79, -0.79, -0.78, -0.77, -0.81, -0.83, -0.83, -0.78, -0.80, -0.78, -0.80, -0.80, -0.80, -0.78, -0.77, -0.79, -0.75, -0.77, -0.80, -0.77, -0.77, -0.75, -0.71, -0.69, -0.69, -0.65, -0.63, -0.62, -0.62, -0.60, -0.59, -0.61, -0.61, -0.60, -0.60, -0.60, -0.59, -0.59, -0.59, -0.60, -0.60, -0.59, -0.59, -0.60, -0.60, -0.59, -0.60, -0.60, -0.61, -0.61, -0.61, -0.64, -0.61, -0.60, -0.63, -0.60, -0.61, -0.60, -0.61, -0.60, -0.60, -0.61, -0.60, -0.60,,,,,,,,,,,,,,,,,,,,,,,,,,,,,,,,,,,,,,,,,,,,,,
GCB1:VRS,(                ),V,20.8,20.8,20.8,20.8,20.8,20.8,20.8,20.9,20.9,20.9,20.9,20.9,20.9,20.9,20.9,20.9,20.9,20.9,21.0,20.9,21.0,21.0,21.0,21.0,21.0,21.0,20.9,21.0,21.0,21.0,21.0,21.0,21.0,21.0,21.0,21.0,21.0,20.9,20.9,21.0,20.9,20.9,20.9,20.9,21.1,21.1,21.1,21.1,21.2,21.1,21.1,21.1,21.0,20.9,20.9,20.9,20.9,20.8,20.8,20.8,20.8,20.8,20.9,20.8,20.8,20.8,20.7,20.7,20.7,20.7,20.7,20.7,20.7,20.7,20.7,20.7,20.7,20.7,20.7,20.7,20.7,20.7,20.7,20.8,20.7,20.7,20.6,20.7,20.7,20.7,20.7,20.7,20.8,20.7,20.6,20.6,20.6,20.7,,,,,,,,,,,,,,,,,,,,,,,,,,,,,,,,,,,,,,,,,,,,,,
GCB1:VST,(                ),V,20.8,20.8,20.7,20.8,20.7,20.8,20.8,20.8,20.8,20.8,20.8,20.8,20.9,20.8,20.8,20.9,20.9,20.9,20.9,20.9,20.9,20.9,20.9,21.0,21.0,20.9,20.9,20.9,20.9,20.9,20.9,21.0,20.9,20.9,20.9,20.9,20.9,20.8,20.8,20.9,20.8,20.9,20.9,20.8,21.0,21.0,21.1,21.1,21.1,21.0,21.0,21.0,21.0,20.9,20.9,20.9,20.9,20.8,20.8,20.8,20.8,20.8,20.8,20.8,20.8,20.7,20.7,20.7,20.7,20.7,20.7,20.7,20.6,20.7,20.6,20.7,20.7,20.7,20.7,20.6,20.6,20.7,20.6,20.8,20.7,20.7,20.6,20.6,20.7,20.6,20.6,20.7,20.7,20.7,20.6,20.6,20.6,20.6,,,,,,,,,,,,,,,,,,,,,,,,,,,,,,,,,,,,,,,,,,,,,,
GCB1:VTR,(                ),V,20.8,20.8,20.8,20.8,20.8,20.8,20.8,20.8,20.8,20.9,20.9,20.9,20.9,20.9,20.9,20.9,20.9,20.9,20.9,20.9,20.9,21.0,20.9,21.0,21.0,21.0,21.0,21.0,20.9,20.9,20.9,21.0,21.0,20.9,20.9,20.9,20.9,20.9,20.9,20.9,20.9,20.9,20.9,20.8,21.0,21.1,21.1,21.1,21.1,21.1,21.1,21.0,21.0,20.9,20.9,20.9,20.9,20.8,20.8,20.8,20.8,20.8,20.8,20.8,20.8,20.8,20.8,20.7,20.7,20.7,20.7,20.8,20.7,20.7,20.7,20.7,20.7,20.7,20.7,20.7,20.7,20.7,20.7,20.8,20.7,20.7,20.7,20.7,20.7,20.7,20.7,20.7,20.8,20.7,20.7,20.7,20.6,20.7,,,,,,,,,,,,,,,,,,,,,,,,,,,,,,,,,,,,,,,,,,,,,,
GCB2:HZ,(                ),Hz,60,59,60,60,59,60,59,60,60,60,59,60,59,60,60,59,60,60,59,59,60,60,59,59,60,60,59,60,59,60,59,60,60,59,60,59,59,59,59,60,59,59,60,60,60,60,59,60,59,60,60,60,60,60,60,60,60,59,59,59,60,59,59,59,59,60,60,59,60,59,59,59,60,60,59,59,59,59,60,59,59,59,60,60,60,60,59,60,59,60,60,59,60,60,59,59,59,59,,,,,,,,,,,,,,,,,,,,,,,,,,,,,,,,,,,,,,,,,,,,,,
GCB2:IR,(                ),A,1,1,1,1,1,1,1,1,1,1,1,1,1,1,1,1,1,1,1,1,1,0,0,0,0,0,0,0,0,0,0,0,0,0,0,0,0,0,0,0,0,0,0,0,0,6,11,10,10,12,12,12,12,12,12,12,12,14,15,15,16,17,17,17,17,17,17,17,24,25,17,17,19,17,20,17,19,17,21,17,21,17,23,17,25,17,24,25,21,23,23,22,17,25,23,17,25,11,,,,,,,,,,,,,,,,,,,,,,,,,,,,,,,,,,,,,,,,,,,,,,
GCB2:IS,(                ),A,0,1,1,1,0,1,0,0,1,1,1,1,0,0,1,0,0,0,0,0,0,0,0,0,0,0,0,0,0,0,0,0,0,0,0,0,0,0,0,0,0,0,0,0,0,6,11,10,10,12,12,12,12,12,12,12,12,14,14,15,16,17,17,17,17,17,17,17,24,25,17,17,19,17,20,17,19,17,21,17,21,17,23,17,25,17,24,25,21,23,23,21,17,25,23,17,25,11,,,,,,,,,,,,,,,,,,,,,,,,,,,,,,,,,,,,,,,,,,,,,,
GCB2:IT,(                ),A,1,1,1,1,1,1,1,1,1,1,1,1,1,1,1,1,1,1,1,1,1,0,0,0,0,0,0,0,0,0,0,0,0,0,0,0,0,0,0,0,0,0,0,0,0,6,10,10,10,12,12,12,12,12,12,12,12,14,14,15,15,17,16,16,16,17,16,16,23,24,17,17,19,17,19,16,18,17,20,17,20,16,22,17,24,17,23,24,21,22,22,21,17,24,23,16,24,10,,,,,,,,,,,,,,,,,,,,,,,,,,,,,,,,,,,,,,,,,,,,,,
GCB2:KW,(                ),kW,14.0,15.0,14.8,14.6,14.4,14.9,14.4,14.5,14.7,14.6,14.6,15.0,14.1,14.5,14.7,14.5,14.0,14.0,14.6,14.0,14.4,5.2,5.1,4.6,4.6,5.3,4.6,4.6,5.2,5.2,5.2,5.2,5.1,5.2,5.2,5.2,5.1,5.2,5.2,5.1,5.1,5.1,5.1,5.1,5.2,213.8,359.3,350.3,364.8,399.7,401.6,400.5,401.8,401.6,410.3,410.3,410.8,468.6,483.8,499.0,519.7,575.7,557.0,554.6,554.7,572.3,556.1,555.2,788.8,824.3,578.3,578.6,632.2,575.0,647.0,570.3,630.8,580.5,694.5,577.9,680.6,569.7,763.8,584.8,818.2,581.6,785.6,832.2,709.8,768.9,761.7,710.0,576.7,825.0,782.5,563.4,841.5,356.8,,,,,,,,,,,,,,,,,,,,,,,,,,,,,,,,,,,,,,,,,,,,,,
GCB2:KWH,(                ),,16157100,16157100,16157100,16157111,16157111,16157111,16157111,16157121,16157121,16157121,16157121,16157121,16157130,16157130,16157130,16157130,16157140,16157140,16157140,16157140,16157150,16157150,16157150,16157150,16157150,16157150,16157150,16157150,16157150,16157161,16157161,16157161,16157161,16157161,16157161,16157161,16157161,16157161,16157161,16157161,16157161,16157170,16157170,16157170,16157170,16157180,16157241,16157291,16157350,16157411,16157480,16157550,16157620,16157680,16157740,16157820,16157890,16157960,16158040,16158101,16158200,16158300,16158391,16158481,16158571,16158660,16158760,16158861,16158960,16159100,16159150,16159320,16159410,16159530,16159631,16159740,16159830,16159960,16160061,16160170,16160260,16160361,16160481,16160590,16160710,16160810,16160900,16161060,16161190,16161310,16161430,16161560,16161650,16161780,16161920,16162010,16162130,16162220,,,,,,,,,,,,,,,,,,,,,,,,,,,,,,,,,,,,,,,,,,,,,,
GCB2:PF,(                ),,0.77,0.78,0.78,0.77,0.77,0.78,0.77,0.77,0.78,0.77,0.77,0.78,0.76,0.77,0.77,0.77,0.76,0.76,0.77,0.76,0.77,0.76,0.76,0.76,0.76,0.81,0.76,0.76,0.76,0.76,0.75,0.76,0.76,0.76,0.76,0.76,0.76,0.76,0.76,0.76,0.76,0.76,0.76,0.77,0.75,0.96,0.93,0.93,0.96,0.95,0.95,0.95,0.95,0.95,0.94,0.94,0.94,0.93,0.93,0.93,0.93,0.93,0.93,0.93,0.93,0.93,0.93,0.93,0.94,0.94,0.94,0.94,0.93,0.94,0.93,0.94,0.93,0.94,0.93,0.94,0.93,0.94,0.94,0.94,0.94,0.94,0.95,0.94,0.94,0.94,0.94,0.94,0.95,0.94,0.94,0.94,0.94,0.95,,,,,,,,,,,,,,,,,,,,,,,,,,,,,,,,,,,,,,,,,,,,,,
GCB2:VRS,(                ),V,20.7,20.7,20.8,20.8,20.7,20.7,20.8,20.8,20.8,20.8,20.9,20.9,20.8,20.8,20.9,20.8,20.9,20.9,20.9,20.9,20.9,21.0,20.9,20.9,21.0,20.9,20.9,21.0,20.9,20.9,21.0,20.9,20.9,20.9,20.9,20.9,20.9,20.8,20.9,20.9,20.9,20.9,20.8,20.9,21.0,21.1,21.1,21.1,21.1,21.1,21.0,21.0,21.0,21.0,20.8,20.9,21.0,20.8,20.8,20.8,20.7,20.8,20.8,20.8,20.7,20.7,20.7,20.7,20.6,20.7,20.7,20.7,20.6,20.7,20.7,20.7,20.7,20.7,20.6,20.7,20.7,20.7,20.7,20.8,20.7,20.7,20.6,20.6,20.6,20.7,20.7,20.7,20.7,20.6,20.7,20.7,20.7,20.7,,,,,,,,,,,,,,,,,,,,,,,,,,,,,,,,,,,,,,,,,,,,,,
GCB2:VST,(                ),V,20.7,20.8,20.8,20.8,20.8,20.8,20.8,20.8,20.8,20.8,20.8,20.8,20.8,20.9,20.9,20.9,20.9,20.9,20.9,20.9,20.9,20.9,20.9,20.9,20.9,20.9,20.9,21.0,20.9,20.9,20.9,20.9,20.9,20.9,20.9,20.9,20.9,20.9,20.9,20.9,20.9,20.9,20.9,20.8,21.0,21.0,21.0,21.1,21.1,21.1,21.0,21.0,21.0,20.9,20.9,20.9,20.9,20.8,20.8,20.8,20.8,20.8,20.8,20.8,20.8,20.8,20.7,20.7,20.7,20.7,20.7,20.7,20.7,20.7,20.7,20.7,20.7,20.7,20.7,20.7,20.7,20.7,20.7,20.7,20.7,20.7,20.7,20.7,20.7,20.7,20.7,20.7,20.7,20.7,20.7,20.7,20.6,20.7,,,,,,,,,,,,,,,,,,,,,,,,,,,,,,,,,,,,,,,,,,,,,,
GCB2:VTR,(                ),V,20.8,20.8,20.8,20.8,20.8,20.8,20.9,20.9,20.9,20.9,20.9,20.9,20.9,20.9,20.9,20.9,20.9,21.0,20.9,20.9,21.0,21.0,20.9,21.0,21.0,21.0,21.0,21.0,21.0,21.0,21.0,21.0,21.0,21.0,21.0,21.0,21.0,20.9,20.9,21.0,21.0,20.9,20.9,21.0,21.0,21.1,21.1,21.1,21.1,21.1,21.0,21.0,21.0,21.0,20.8,20.9,20.9,20.9,20.8,20.8,20.8,20.9,20.8,20.8,20.7,20.8,20.7,20.7,20.7,20.7,20.8,20.8,20.7,20.8,20.7,20.8,20.7,20.7,20.7,20.7,20.7,20.7,20.7,20.8,20.7,20.7,20.7,20.6,20.7,20.7,20.7,20.7,20.7,20.6,20.7,20.7,20.7,20.7,,,,,,,,,,,,,,,,,,,,,,,,,,,,,,,,,,,,,,,,,,,,,,
PM:HZ,(                ),Hz,60,59,60,60,59,60,59,60,60,60,60,60,59,60,60,59,60,60,59,59,60,60,59,59,60,60,59,60,59,60,59,60,60,59,60,59,59,59,59,60,59,59,60,60,60,60,59,60,59,60,60,60,60,60,60,60,60,59,59,59,60,59,59,59,59,60,60,59,60,59,59,59,60,60,59,59,59,59,60,59,59,59,60,60,60,59,59,60,59,60,60,59,60,60,59,59,59,59,,,,,,,,,,,,,,,,,,,,,,,,,,,,,,,,,,,,,,,,,,,,,,
PM:IR,(                ),A,159,166,157,148,146,143,152,158,138,150,155,145,146,153,145,144,143,149,158,146,151,148,146,154,145,150,158,184,140,151,142,160,169,161,203,196,184,182,171,163,155,163,163,171,177,171,152,201,201,192,217,216,192,246,278,385,339,393,378,459,481,544,717,737,721,845,846,846,847,854,849,881,903,881,879,849,848,836,861,899,892,967,916,882,874,925,882,901,947,872,905,881,838,840,894,833,857,841,,,,,,,,,,,,,,,,,,,,,,,,,,,,,,,,,,,,,,,,,,,,,,
PM:IS,(                ),A,163,152,124,123,129,145,140,123,125,144,140,114,123,137,124,119,117,118,131,110,114,128,129,120,108,130,104,131,126,116,107,136,151,148,175,158,163,197,179,144,145,153,161,177,164,175,167,187,203,203,190,214,189,249,281,384,304,360,392,435,523,530,674,719,711,813,860,804,812,835,862,838,877,812,814,803,831,790,812,843,830,851,822,819,793,831,830,793,850,799,839,820,815,794,845,788,807,774,,,,,,,,,,,,,,,,,,,,,,,,,,,,,,,,,,,,,,,,,,,,,,
PM:IT,(                ),A,142,178,137,145,159,139,130,161,155,128,171,135,124,156,132,126,139,124,141,135,147,116,140,155,115,118,150,130,135,143,117,140,140,155,166,179,190,166,180,164,147,145,150,181,168,145,205,203,168,193,179,183,198,236,266,342,315,356,353,389,480,528,634,650,680,758,742,775,745,765,743,777,813,755,769,772,805,739,764,805,776,809,782,758,739,762,772,761,835,750,765,741,722,744,753,755,756,732,,,,,,,,,,,,,,,,,,,,,,,,,,,,,,,,,,,,,,,,,,,,,,
PM:KW,(                ),kW,92.2,97.6,82.4,80.2,83.2,82.2,80.8,83.2,81.9,81.5,92.3,76.0,75.7,84.7,77.1,75.2,75.4,74.3,82.3,73.8,76.8,74.8,78.5,80.6,70.0,75.9,77.8,87.1,75.9,77.8,69.5,84.2,91.7,93.5,111.8,108.7,110.0,112.6,107.0,93.4,88.8,93.5,95.8,108.2,103.2,100.2,106.4,121.5,118.4,119.8,122.5,126.7,117.0,151.1,170.3,232.0,202.8,236.0,238.7,275.9,319.5,344.5,431.1,440.9,440.7,505.8,512.1,506.8,502.0,512.6,513.6,523.7,544.2,511.9,515.5,505.1,520.4,493.6,509.3,533.0,522.2,552.1,527.3,514.7,500.7,523.5,517.9,512.5,549.3,505.2,524.3,510.8,495.5,494.8,520.0,493.4,502.4,487.4,,,,,,,,,,,,,,,,,,,,,,,,,,,,,,,,,,,,,,,,,,,,,,
PM:KWH,(                ),,14361663,14361680,14361695,14361709,14361722,14361736,14361749,14361764,14361779,14361793,14361805,14361817,14361832,14361845,14361858,14361871,14361884,14361895,14361909,14361923,14361936,14361948,14361960,14361974,14361987,14362000,14362012,14362024,14362041,14362053,14362065,14362078,14362092,14362106,14362127,14362144,14362162,14362178,14362193,14362212,14362228,14362245,14362261,14362277,14362299,14362315,14362333,14362349,14362369,14362388,14362410,14362430,14362450,14362473,14362495,14362529,14362565,14362601,14362642,14362675,14362730,14362787,14362852,14362919,14362997,14363070,14363166,14363253,14363332,14363417,14363459,14363589,14363680,14363764,14363855,14363941,14364016,14364111,14364199,14364281,14364365,14364442,14364543,14364632,14364720,14364800,14364875,14364973,14365064,14365153,14365233,14365320,14365396,14365491,14365579,14365658,14365742,14365816,,,,,,,,,,,,,,,,,,,,,,,,,,,,,,,,,,,,,,,,,,,,,,
PM:PF,(                ),,0.91,0.90,0.90,0.88,0.87,0.88,0.87,0.86,0.89,0.88,0.90,0.88,0.88,0.86,0.87,0.88,0.86,0.87,0.87,0.86,0.84,0.86,0.86,0.85,0.86,0.86,0.86,0.89,0.86,0.86,0.86,0.87,0.90,0.91,0.93,0.93,0.93,0.94,0.92,0.90,0.90,0.92,0.92,0.93,0.92,0.92,0.92,0.92,0.93,0.92,0.94,0.93,0.91,0.94,0.94,0.95,0.96,0.97,0.97,0.98,0.98,0.98,0.97,0.96,0.96,0.96,0.96,0.96,0.96,0.96,0.96,0.96,0.96,0.96,0.96,0.96,0.96,0.96,0.96,0.96,0.96,0.97,0.96,0.96,0.96,0.96,0.96,0.96,0.96,0.96,0.96,0.96,0.96,0.96,0.96,0.96,0.96,0.96,,,,,,,,,,,,,,,,,,,,,,,,,,,,,,,,,,,,,,,,,,,,,,
PM:VRS,(                ),V,379.3,379.3,379.5,379.8,379.2,380.0,379.6,380.1,380.6,380.6,380.7,380.8,380.9,381.3,381.5,381.2,381.7,381.4,382.2,381.8,382.3,382.6,382.5,382.5,382.6,382.7,382.6,383.1,382.5,382.7,382.5,382.7,382.9,382.3,382.4,382.2,382.1,381.9,382.0,382.3,382.0,382.3,381.5,381.5,384.0,385.1,384.8,385.7,385.7,385.3,384.4,384.1,383.1,381.9,380.5,380.7,380.9,379.7,379.3,379.5,379.5,379.0,378.9,378.4,377.8,377.3,377.1,376.7,376.2,376.2,376.8,377.0,376.1,376.5,376.1,376.7,376.5,376.3,376.2,375.9,375.4,376.0,375.8,377.0,375.5,375.1,375.5,375.8,375.1,376.0,375.8,376.5,377.2,375.8,375.3,375.9,374.7,375.8,,,,,,,,,,,,,,,,,,,,,,,,,,,,,,,,,,,,,,,,,,,,,,
PM:VST,(                ),V,379.1,379.4,379.7,379.6,379.2,379.7,379.6,380.1,380.4,380.4,380.5,380.6,380.6,381.0,381.3,380.9,381.1,381.0,381.7,381.4,381.9,382.3,382.0,382.1,382.2,382.3,382.4,382.9,382.1,382.2,382.0,382.3,382.6,381.8,382.2,381.9,381.6,381.0,381.1,381.6,381.6,381.7,381.1,380.6,383.4,384.4,384.2,385.2,385.3,384.7,384.2,383.6,382.8,381.4,380.4,380.6,381.0,379.7,379.4,379.4,379.4,379.2,379.3,378.6,378.2,377.8,377.2,377.3,376.8,376.5,376.9,377.4,376.6,377.3,377.0,377.4,377.3,377.0,376.7,376.3,376.0,376.9,377.0,377.7,376.5,376.1,376.2,376.7,376.3,376.9,376.7,377.1,377.6,376.5,375.9,376.3,375.3,376.7,,,,,,,,,,,,,,,,,,,,,,,,,,,,,,,,,,,,,,,,,,,,,,
PM:VTR,(                ),V,379.2,379.2,379.8,379.7,379.1,379.9,379.8,380.1,380.4,380.8,380.5,380.8,381.1,381.3,381.6,381.3,381.5,381.5,382.1,381.7,382.3,382.9,382.5,382.3,382.7,382.9,382.7,383.4,382.5,382.7,382.5,382.9,383.0,382.1,382.6,381.9,381.9,381.9,381.8,382.1,382.3,382.2,381.5,381.0,383.9,384.9,384.4,385.6,386.2,385.2,384.7,384.3,383.2,382.1,381.0,381.2,381.4,380.2,379.8,379.7,379.9,379.5,379.5,379.0,378.5,378.1,377.7,377.4,377.2,377.1,377.6,377.8,376.9,377.6,377.3,377.4,377.4,377.1,377.0,376.3,376.4,377.1,377.4,377.7,376.5,376.4,376.4,376.9,376.2,377.0,377.0,377.4,377.9,376.7,376.3,376.6,375.6,376.6,,,,,,,,,,,,,,,,,,,,,,,,,,,,,,,,,,,,,,,,,,,,,,
PAC:HZ,(                ),Hz,60,59,60,60,59,60,59,60,60,60,59,60,59,60,60,59,60,60,59,59,60,60,59,59,60,60,59,60,59,60,59,60,60,59,60,59,59,59,59,60,59,59,60,60,60,60,59,60,59,60,60,60,60,60,60,60,60,59,59,59,60,60,59,59,59,59,60,59,60,59,59,59,60,60,59,59,59,59,60,59,59,59,60,60,60,60,59,60,59,60,60,59,60,60,59,59,59,59,,,,,,,,,,,,,,,,,,,,,,,,,,,,,,,,,,,,,,,,,,,,,,
PAC:IR,(                ),A,29,29,29,29,29,29,29,29,29,30,29,29,30,29,29,29,29,29,29,30,29,9,9,9,9,9,9,9,9,9,9,9,9,9,9,9,9,9,9,9,9,9,9,9,9,369,631,620,622,694,697,698,698,704,725,724,724,843,876,905,928,1015,975,971,971,1012,1003,991,1386,1440,1005,1008,1120,994,1125,996,1124,1008,1244,999,1216,1008,1353,1015,1443,1014,1389,1469,1259,1355,1352,1261,1004,1458,1370,1012,1470,479,,,,,,,,,,,,,,,,,,,,,,,,,,,,,,,,,,,,,,,,,,,,,,
PAC:IS,(                ),A,29,29,29,29,29,29,29,29,29,30,29,29,29,29,29,29,29,29,29,30,29,9,9,5,5,8,5,5,9,9,9,9,9,9,9,9,9,9,9,9,9,9,9,9,9,369,639,628,627,697,700,703,704,702,727,729,727,844,883,909,954,1040,1028,1026,1017,1056,1043,1029,1443,1503,1041,1045,1173,1050,1185,1048,1169,1060,1288,1042,1268,1045,1416,1058,1496,1066,1446,1519,1297,1399,1410,1303,1047,1510,1427,1026,1535,500,,,,,,,,,,,,,,,,,,,,,,,,,,,,,,,,,,,,,,,,,,,,,,
PAC:IT,(                ),A,27,27,27,28,27,27,28,27,28,28,27,27,28,27,28,28,27,27,27,28,27,8,8,8,8,8,8,8,8,8,8,8,8,8,8,8,8,8,8,8,8,8,8,8,8,362,625,614,619,689,692,691,692,695,719,718,718,823,861,885,938,1021,966,970,973,1011,998,989,1391,1451,1006,1002,1116,995,1123,990,1118,1001,1239,997,1215,1005,1358,1011,1424,1013,1387,1464,1279,1340,1355,1267,1000,1457,1373,996,1472,471,,,,,,,,,,,,,,,,,,,,,,,,,,,,,,,,,,,,,,,,,,,,,,
PAC:KW,(                ),kW,14.9,14.7,14.9,15.1,14.8,14.9,15.0,14.7,15.0,15.3,14.8,15.1,15.1,14.8,15.1,14.9,14.8,14.4,14.6,15.5,14.6,4.8,4.8,4.2,4.2,5.0,4.2,4.2,4.8,4.9,4.8,4.8,4.8,4.8,4.8,4.8,4.8,4.8,4.9,4.8,4.8,4.8,4.8,4.8,4.9,235.0,391.2,385.0,397.3,436.1,438.1,438.4,438.2,438.9,449.4,449.4,449.5,511.3,531.3,547.9,577.5,625.6,601.1,599.8,597.6,624.2,615.8,607.1,860.2,896.5,623.2,624.5,687.1,620.5,692.9,620.0,691.1,627.7,763.2,619.3,746.0,624.1,842.5,633.4,887.6,632.4,863.4,906.3,777.4,836.1,840.6,773.6,627.2,901.4,848.4,618.5,908.9,307.7,,,,,,,,,,,,,,,,,,,,,,,,,,,,,,,,,,,,,,,,,,,,,,
PAC:KWH,(                ),,17626142,17626146,17626148,17626150,17626154,17626154,17626156,17626158,17626164,17626166,17626168,17626170,17626174,17626176,17626178,17626180,17626184,17626186,17626188,17626190,17626194,17626194,17626196,17626196,17626196,17626198,17626198,17626200,17626200,17626200,17626202,17626202,17626204,17626204,17626204,17626206,17626206,17626208,17626208,17626208,17626210,17626210,17626212,17626212,17626212,17626226,17626286,17626346,17626412,17626476,17626558,17626626,17626702,17626776,17626840,17626924,17627004,17627076,17627166,17627236,17627342,17627448,17627552,17627646,17627750,17627838,17627952,17628060,17628166,17628320,17628372,17628558,17628666,17628788,17628896,17629022,17629114,17629256,17629370,17629486,17629590,17629698,17629824,17629946,17630074,17630184,17630286,17630458,17630602,17630736,17630866,17631006,17631098,17631246,17631396,17631500,17631624,17631720,,,,,,,,,,,,,,,,,,,,,,,,,,,,,,,,,,,,,,,,,,,,,,
PAC:PF,(                ),,0.79,0.79,0.79,0.80,0.79,0.79,0.80,0.79,0.80,0.80,0.79,0.80,0.80,0.79,0.79,0.79,0.79,0.78,0.78,0.80,0.78,0.85,0.85,0.89,0.89,0.92,0.89,0.89,0.85,0.85,0.85,0.85,0.85,0.85,0.85,0.85,0.85,0.85,0.86,0.85,0.86,0.85,0.86,0.86,0.85,0.97,0.94,0.94,0.96,0.95,0.95,0.95,0.95,0.96,0.95,0.95,0.95,0.94,0.94,0.94,0.94,0.94,0.94,0.94,0.94,0.94,0.94,0.94,0.95,0.95,0.95,0.95,0.94,0.95,0.94,0.95,0.94,0.95,0.94,0.95,0.94,0.95,0.95,0.95,0.95,0.95,0.96,0.95,0.95,0.95,0.95,0.95,0.95,0.95,0.95,0.95,0.95,0.98,,,,,,,,,,,,,,,,,,,,,,,,,,,,,,,,,,,,,,,,,,,,,,
PAC:VRS,(                ),V,378.4,378.5,378.6,378.8,378.2,379.0,378.8,379.3,379.6,379.7,379.9,380.0,380.1,380.6,380.7,380.3,380.6,380.7,381.2,381.0,381.5,381.8,381.7,381.8,381.8,382.0,382.0,382.5,381.7,381.9,381.5,382.0,382.1,381.6,381.9,381.6,381.3,381.3,381.2,381.4,381.0,381.5,380.8,380.5,383.3,383.3,380.7,381.9,382.3,381.7,380.8,380.5,379.5,378.5,376.8,377.4,377.7,375.7,375.0,374.9,374.8,374.1,374.6,374.1,373.3,373.4,373.0,373.0,370.3,369.9,373.0,373.1,371.5,372.5,371.4,372.8,371.8,372.6,370.8,372.0,370.3,372.3,370.5,373.4,369.9,372.5,370.6,370.3,370.2,371.0,370.8,371.4,373.4,369.8,370.1,372.3,368.8,375.0,,,,,,,,,,,,,,,,,,,,,,,,,,,,,,,,,,,,,,,,,,,,,,
PAC:VST,(                ),V,378.3,378.7,378.7,378.6,378.3,378.9,378.7,379.3,379.5,379.6,379.7,379.7,379.8,380.4,380.5,379.9,380.1,380.3,380.8,380.6,381.1,381.6,381.3,381.5,381.4,381.7,381.6,382.2,381.4,381.4,380.9,381.6,381.8,381.2,381.7,381.3,380.9,380.6,380.6,380.9,380.8,380.9,380.4,379.9,383.0,382.7,380.6,381.3,382.4,381.3,380.4,380.1,379.1,378.4,376.9,377.5,377.9,375.9,375.2,374.9,374.8,374.2,374.3,373.9,373.4,373.0,373.0,372.9,370.7,370.5,372.7,373.3,371.6,372.8,371.9,372.9,372.3,372.5,371.2,372.1,370.3,372.3,371.1,373.3,370.2,372.4,370.5,370.3,371.1,370.9,370.9,371.8,373.8,370.4,370.0,372.2,369.0,375.4,,,,,,,,,,,,,,,,,,,,,,,,,,,,,,,,,,,,,,,,,,,,,,
PAC:VTR,(                ),V,378.7,379.0,379.2,379.1,378.7,379.4,379.2,379.9,380.0,380.2,380.3,380.3,380.6,381.0,381.1,380.7,380.9,381.0,381.5,381.3,381.8,382.3,382.1,382.2,382.2,382.5,382.4,382.7,382.2,382.4,382.0,382.4,382.7,381.9,382.4,381.9,381.7,381.8,381.5,381.8,381.8,381.7,381.2,380.7,383.6,382.8,381.4,382.6,383.0,381.8,380.9,381.1,379.9,378.8,377.9,378.2,378.0,376.1,375.5,375.6,375.3,374.6,375.2,374.6,374.1,374.1,373.4,372.8,371.3,370.7,373.6,373.9,372.2,373.5,372.2,373.3,372.8,373.2,371.4,372.7,371.1,373.0,371.6,373.5,370.5,372.6,370.8,370.6,371.2,371.5,371.2,372.0,373.6,370.6,370.3,372.7,369.4,375.7,,,,,,,,,,,,,,,,,,,,,,,,,,,,,,,,,,,,,,,,,,,,,,
CH1B1:KWH,(                ),,4433714,4433714,4433714,4433714,4433714,4433714,4433714,4433714,4433714,4433714,4433714,4433714,4433714,4433714,4433714,4433714,4433714,4433714,4433714,4433714,4433714,4433714,4433714,4433714,4433714,4433714,4433714,4433714,4433714,4433714,4433714,4433714,4433714,4433714,4433714,4433714,4433714,4433714,4433714,4433714,4433714,4433714,4433714,4433714,4433714,4433714,4433714,4433714,4433714,4433714,4433714,4433714,4433714,4433714,4433714,4433714,4433714,4433714,4433714,4433714,4433714,4433714,4433714,4433714,4433714,4433714,4433714,4433714,4433714,4433714,4433714,4433714,4433714,4433714,4433714,4433714,4433714,4433714,4433714,4433714,4433714,4433714,4433714,4433714,4433714,4433714,4433714,4433714,4433714,4433714,4433714,4433714,4433714,4433714,4433714,4433714,4433714,4433714,,,,,,,,,,,,,,,,,,,,,,,,,,,,,,,,,,,,,,,,,,,,,,
CH2B1:KWH,(                ),,3323912,3323912,3323912,3323912,3323912,3323912,3323912,3323912,3323912,3323912,3323912,3323912,3323912,3323912,3323912,3323912,3323912,3323912,3323912,3323912,3323912,3323912,3323912,3323912,3323912,3323912,3323912,3323912,3323912,3323912,3323912,3323912,3323912,3323912,3323912,3323912,3323912,3323912,3323912,3323912,3323912,3323912,3323912,3323912,3323912,3323912,3323912,3323912,3323912,3323912,3323912,3323912,3323912,3323912,3323912,3323912,3323912,3323912,3323912,3323912,3323912,3323912,3323912,3323912,3323912,3323912,3323912,3323912,3323912,3323912,3323912,3323912,3323912,3323912,3323912,3323912,3323912,3323912,3323912,3323912,3323912,3323912,3323912,3323912,3323912,3323912,3323912,3323912,3323912,3323912,3323912,3323912,3323912,3323912,3323912,3323912,3323912,3323912,,,,,,,,,,,,,,,,,,,,,,,,,,,,,,,,,,,,,,,,,,,,,,
CHP1B1:KWH,(                ),,313214,313214,313214,313214,313214,313214,313214,313214,313214,313214,313214,313214,313214,313214,313214,313214,313214,313214,313214,313214,313214,313214,313214,313214,313214,313214,313214,313214,313214,313214,313214,313214,313214,313214,313214,313214,313214,313214,313214,313214,313214,313214,313214,313214,313214,313214,313214,313214,313214,313214,313214,313214,313214,313214,313214,313214,313214,313214,313214,313214,313214,313214,313214,313214,313214,313214,313214,313214,313214,313214,313214,313214,313214,313214,313214,313214,313214,313214,313214,313214,313214,313214,313214,313214,313214,313214,313214,313214,313214,313214,313214,313214,313214,313214,313214,313214,313214,313214,,,,,,,,,,,,,,,,,,,,,,,,,,,,,,,,,,,,,,,,,,,,,,
CHP2B1:KWH,(                ),,259932,259932,259932,259932,259932,259932,259932,259932,259932,259932,259932,259932,259932,259932,259932,259932,259932,259932,259932,259932,259932,259932,259932,259932,259932,259932,259932,259932,259932,259932,259932,259932,259932,259932,259932,259932,259932,259932,259932,259932,259932,259932,259932,259932,259932,259932,259932,259932,259932,259932,259932,259932,259932,259932,259932,259932,259932,259932,259932,259932,259932,259932,259932,259932,259932,259932,259932,259932,259932,259932,259932,259932,259932,259932,259932,259932,259932,259932,259932,259932,259932,259932,259932,259932,259932,259932,259932,259932,259932,259932,259932,259932,259932,259932,259932,259932,259932,259932,,,,,,,,,,,,,,,,,,,,,,,,,,,,,,,,,,,,,,,,,,,,,,
CHP3B1:KWH,(                ),,4159,4159,4159,4159,4159,4159,4159,4159,4159,4159,4159,4159,4159,4159,4159,4159,4159,4159,4159,4159,4159,4159,4159,4159,4159,4159,4159,4159,4159,4159,4159,4159,4159,4159,4159,4159,4159,4159,4159,4159,4159,4159,4159,4159,4159,4159,4159,4159,4159,4159,4159,4159,4159,4159,4159,4159,4159,4159,4159,4159,4159,4159,4159,4159,4159,4159,4159,4159,4159,4159,4159,4159,4159,4159,4159,4159,4159,4159,4159,4159,4159,4159,4159,4159,4159,4159,4159,4159,4159,4159,4159,4159,4159,4159,4159,4159,4159,4159,,,,,,,,,,,,,,,,,,,,,,,,,,,,,,,,,,,,,,,,,,,,,,
CT1B1:KW,(                ),kW,8.2,8.2,8.2,8.2,8.2,8.2,8.2,8.2,8.2,8.2,8.2,8.2,8.2,8.2,8.2,8.2,8.2,8.2,8.2,8.2,8.2,8.2,8.2,8.2,8.2,8.2,8.2,8.2,8.2,8.2,8.2,8.2,8.2,8.2,8.2,8.2,8.2,8.2,8.2,8.2,8.2,8.2,8.2,8.2,8.2,8.2,8.2,8.2,8.2,8.2,8.2,8.2,8.2,8.2,8.2,8.2,8.2,8.2,8.2,8.2,8.2,8.2,8.2,8.2,8.2,8.2,8.2,8.2,8.2,8.2,8.2,8.2,8.2,8.2,8.2,8.2,8.2,8.2,8.2,8.2,8.2,8.2,8.2,8.2,8.2,8.2,8.2,8.2,8.2,8.2,8.2,8.2,8.2,8.2,8.2,8.2,8.2,8.2,,,,,,,,,,,,,,,,,,,,,,,,,,,,,,,,,,,,,,,,,,,,,,
CT1B1:KWH,(                ),,244843,244843,244843,244843,244843,244843,244843,244843,244843,244843,244843,244843,244843,244843,244843,244843,244843,244843,244843,244843,244843,244843,244843,244843,244843,244843,244843,244843,244843,244843,244843,244843,244843,244843,244843,244843,244843,244843,244843,244843,244843,244843,244843,244843,244843,244843,244843,244843,244843,244843,244843,244843,244843,244843,244843,244843,244843,244843,244843,244843,244843,244843,244843,244843,244843,244843,244843,244843,244843,244843,244843,244843,244843,244843,244843,244843,244843,244843,244843,244843,244843,244843,244843,244843,244843,244843,244843,244843,244843,244843,244843,244843,244843,244843,244843,244843,244843,244843,,,,,,,,,,,,,,,,,,,,,,,,,,,,,,,,,,,,,,,,,,,,,,
CT2B1:KW,(                ),kW,0.0,0.0,0.0,0.0,0.0,0.0,0.0,0.0,0.0,0.0,0.0,0.0,0.0,0.0,0.0,0.0,0.0,0.0,0.0,0.0,0.0,0.0,0.0,0.0,0.0,0.0,0.0,0.0,0.0,0.0,0.0,0.0,0.0,0.0,0.0,0.0,0.0,0.0,0.0,0.0,0.0,0.0,0.0,0.0,0.0,0.0,0.0,0.0,0.0,0.0,0.0,0.0,0.0,0.0,0.0,0.0,0.0,0.0,0.0,0.0,0.0,0.0,0.0,0.0,0.0,0.0,0.0,0.0,0.0,0.0,0.0,0.0,0.0,0.0,0.0,0.0,0.0,0.0,0.0,0.0,0.0,0.0,0.0,0.0,0.0,0.0,0.0,0.0,0.0,0.0,0.0,0.0,0.0,0.0,0.0,0.0,0.0,0.0,,,,,,,,,,,,,,,,,,,,,,,,,,,,,,,,,,,,,,,,,,,,,,
CT2B1:KWH,(                ),,111175,111175,111175,111175,111175,111175,111175,111175,111175,111175,111175,111175,111175,111175,111175,111175,111175,111175,111175,111175,111175,111175,111175,111175,111175,111175,111175,111175,111175,111175,111175,111175,111175,111175,111175,111175,111175,111175,111175,111175,111175,111175,111175,111175,111175,111175,111175,111175,111175,111175,111175,111175,111175,111175,111175,111175,111175,111175,111175,111175,111175,111175,111175,111175,111175,111175,111175,111175,111175,111175,111175,111175,111175,111175,111175,111175,111175,111175,111175,111175,111175,111175,111175,111175,111175,111175,111175,111175,111175,111175,111175,111175,111175,111175,111175,111175,111175,111175,,,,,,,,,,,,,,,,,,,,,,,,,,,,,,,,,,,,,,,,,,,,,,
CWP1B1:KWH,(                ),,839195,839195,839195,839195,839195,839195,839195,839195,839195,839195,839195,839195,839195,839195,839195,839195,839195,839195,839195,839195,839195,839195,839195,839195,839195,839195,839195,839195,839195,839195,839195,839195,839195,839195,839195,839195,839195,839195,839195,839195,839195,839195,839195,839195,839195,839195,839195,839195,839195,839195,839195,839195,839195,839195,839195,839195,839195,839195,839195,839195,839195,839195,839195,839195,839195,839195,839195,839195,839195,839195,839195,839195,839195,839195,839195,839195,839195,839195,839195,839195,839195,839195,839195,839195,839195,839195,839195,839195,839195,839195,839195,839195,839195,839195,839195,839195,839195,839195,,,,,,,,,,,,,,,,,,,,,,,,,,,,,,,,,,,,,,,,,,,,,,
CWP2B1:KWH,(                ),,705224,705224,705224,705224,705224,705224,705224,705224,705224,705224,705224,705224,705224,705224,705224,705224,705224,705224,705224,705224,705224,705224,705224,705224,705224,705224,705224,705224,705224,705224,705224,705224,705224,705224,705224,705224,705224,705224,705224,705224,705224,705224,705224,705224,705224,705224,705224,705224,705224,705224,705224,705224,705224,705224,705224,705224,705224,705224,705224,705224,705224,705224,705224,705224,705224,705224,705224,705224,705224,705224,705224,705224,705224,705224,705224,705224,705224,705224,705224,705224,705224,705224,705224,705224,705224,705224,705224,705224,705224,705224,705224,705224,705224,705224,705224,705224,705224,705224,,,,,,,,,,,,,,,,,,,,,,,,,,,,,,,,,,,,,,,,,,,,,,
CWP3B1:KWH,(                ),,10,10,10,10,10,10,10,10,10,10,10,10,10,10,10,10,10,10,10,10,10,10,10,10,10,10,10,10,10,10,10,10,10,10,10,10,10,10,10,10,10,10,10,10,10,10,10,10,10,10,10,10,10,10,10,10,10,10,10,10,10,10,10,10,10,10,10,10,10,10,10,10,10,10,10,10,10,10,10,10,10,10,10,10,10,10,10,10,10,10,10,10,10,10,10,10,10,10,,,,,,,,,,,,,,,,,,,,,,,,,,,,,,,,,,,,,,,,,,,,,,
CH1F7.KWH,(度數            ),kW h,669571,669571,669571,669571,669571,669571,669571,669571,669571,669571,669571,669571,669571,669571,669571,669571,669571,669571,669571,669571,669571,669571,669571,669571,669571,669571,669571,669571,669571,669571,669571,669571,669571,669571,669571,669571,669571,669571,669571,669571,669571,669571,669571,669571,669571,669571,669571,669571,669571,669571,669605,669657,669710,669762,669814,669866,669918,669970,670022,670075,670128,670180,670233,670286,670339,670391,670444,670497,670549,670602,670628,670706,670760,670812,670865,670918,670970,671023,671076,671127,671180,671233,671285,671337,671390,671442,671495,671547,671600,671653,671705,671758,671811,671864,671916,671969,672021,672073,,,,,,,,,,,,,,,,,,,,,,,,,,,,,,,,,,,,,,,,,,,,,,
CH2F7:KWH,(                ),,3684500,3684500,3684500,3684500,3684501,3684501,3684501,3684501,3684501,3684501,3684501,3684502,3684502,3684502,3684502,3684502,3684502,3684502,3684502,3684502,3684502,3684502,3684502,3684502,3684503,3684503,3684503,3684503,3684503,3684503,3684503,3684503,3684503,3684503,3684503,3684503,3684504,3684504,3684504,3684504,3684504,3684504,3684504,3684504,3684504,3684504,3684504,3684504,3684504,3684505,3684505,3684505,3684505,3684568,3684645,3684745,3684836,3684919,3685010,3685099,3685184,3685275,3685357,3685447,3685536,3685613,3685712,3685794,3685886,3685976,3686010,3686143,3686233,3686324,3686406,3686495,3686581,3686672,3686762,3686844,3686933,3687010,3687109,3687200,3687282,3687373,3687463,3687549,3687631,3687721,3687812,3687892,3687978,3688069,3688160,3688250,3688330,3688408,,,,,,,,,,,,,,,,,,,,,,,,,,,,,,,,,,,,,,,,,,,,,,
CH3F7:KWH,(                ),,1637497,1637497,1637497,1637497,1637497,1637497,1637497,1637497,1637497,1637497,1637497,1637497,1637497,1637497,1637497,1637497,1637497,1637497,1637498,1637498,1637498,1637498,1637498,1637498,1637498,1637498,1637498,1637498,1637498,1637498,1637498,1637498,1637498,1637499,1637499,1637499,1637499,1637499,1637499,1637499,1637499,1637499,1637499,1637499,1637499,1637499,1637499,1637499,1637499,1637499,1637500,1637500,1637500,1637500,1637500,1637500,1637500,1637500,1637500,1637500,1637500,1637500,1637500,1637500,1637501,1637501,1637501,1637501,1637501,1637501,1637501,1637501,1637501,1637501,1637501,1637501,1637501,1637501,1637502,1637502,1637502,1637502,1637502,1637502,1637502,1637502,1637502,1637502,1637502,1637502,1637502,1637502,1637502,1637502,1637503,1637503,1637503,1637503,,,,,,,,,,,,,,,,,,,,,,,,,,,,,,,,,,,,,,,,,,,,,,
CH4F7.KWH,(度數            ),kW h,695298,695298,695298,695298,695298,695298,695298,695298,695298,695298,695298,695298,695298,695298,695298,695298,695298,695298,695298,695298,695298,695298,695298,695298,695298,695298,695298,695298,695298,695298,695298,695298,695298,695298,695298,695298,695298,695298,695298,695298,695298,695298,695298,695298,695298,695298,695298,695298,695298,695298,695298,695298,695298,695298,695298,695298,695298,695303,695355,695408,695461,695514,695567,695619,695672,695726,695778,695832,695885,695937,695964,696043,696096,696148,696200,696252,696304,696357,696410,696462,696514,696567,696620,696673,696726,696779,696831,696885,696937,696991,697043,697096,697149,697202,697255,697308,697361,697413,,,,,,,,,,,,,,,,,,,,,,,,,,,,,,,,,,,,,,,,,,,,,,
CH5F7.KWH,(度數            ),kW h,662123,662123,662123,662123,662123,662123,662123,662123,662123,662123,662123,662123,662123,662123,662123,662123,662123,662123,662123,662123,662123,662123,662123,662123,662123,662123,662123,662123,662123,662123,662123,662123,662123,662123,662123,662123,662123,662123,662123,662123,662123,662123,662123,662123,662123,662123,662123,662123,662123,662123,662123,662123,662123,662123,662123,662123,662123,662123,662123,662123,662123,662123,662123,662123,662123,662123,662123,662123,662123,662123,662123,662123,662123,662123,662123,662123,662123,662123,662123,662123,662123,662123,662123,662123,662123,662123,662123,662123,662123,662123,662123,662123,662123,662123,662123,662123,662123,662123,,,,,,,,,,,,,,,,,,,,,,,,,,,,,,,,,,,,,,,,,,,,,,
CHP1F7:KWH,(                ),,544688,544688,544688,544688,544688,544688,544688,544688,544688,544688,544688,544688,544688,544688,544688,544688,544688,544688,544688,544688,544688,544688,544688,544688,544688,544688,544688,544688,544688,544688,544688,544688,544688,544688,544688,544688,544688,544688,544688,544688,544688,544688,544688,544688,544688,544688,544688,544688,544690,544695,544701,544706,544711,544717,544722,544727,544732,544738,544743,544748,544753,544759,544764,544769,544774,544779,544785,544790,544795,544801,544803,544811,544817,544822,544827,544832,544837,544843,544848,544853,544858,544863,544869,544874,544880,544885,544890,544895,544901,544906,544911,544917,544921,544927,544933,544938,544943,544947,,,,,,,,,,,,,,,,,,,,,,,,,,,,,,,,,,,,,,,,,,,,,,
CHP2F7:KWH,(                ),,243529,243529,243529,243529,243529,243529,243529,243529,243529,243529,243529,243529,243529,243529,243529,243529,243529,243529,243529,243529,243529,243529,243529,243529,243529,243529,243529,243529,243529,243529,243529,243529,243529,243529,243529,243529,243529,243529,243529,243529,243529,243529,243529,243529,243529,243529,243529,243529,243529,243529,243529,243532,243537,243542,243547,243551,243556,243561,243566,243571,243575,243580,243585,243590,243595,243599,243605,243610,243614,243619,243622,243629,243634,243639,243644,243649,243653,243658,243663,243668,243672,243677,243682,243687,243692,243697,243702,243707,243712,243717,243721,243726,243731,243736,243741,243746,243751,243754,,,,,,,,,,,,,,,,,,,,,,,,,,,,,,,,,,,,,,,,,,,,,,
CHP3F7:KWH,(                ),,123707,123707,123707,123707,123707,123707,123707,123707,123707,123707,123707,123707,123707,123707,123707,123707,123707,123707,123707,123707,123707,123707,123707,123707,123707,123707,123707,123707,123707,123707,123707,123707,123707,123707,123707,123707,123707,123707,123707,123707,123707,123707,123707,123707,123707,123707,123707,123707,123707,123707,123707,123707,123707,123707,123707,123707,123707,123707,123707,123707,123707,123707,123707,123707,123707,123707,123707,123707,123707,123707,123707,123707,123707,123707,123707,123707,123707,123707,123707,123707,123707,123707,123707,123707,123707,123707,123707,123707,123707,123707,123707,123707,123707,123707,123707,123707,123707,123707,,,,,,,,,,,,,,,,,,,,,,,,,,,,,,,,,,,,,,,,,,,,,,
CHP4F7:KWH,(                ),,531832,531832,531832,531832,531832,531832,531832,531832,531832,531832,531832,531832,531832,531832,531832,531832,531832,531832,531832,531832,531832,531832,531832,531832,531832,531832,531832,531832,531832,531832,531832,531832,531832,531832,531832,531832,531832,531832,531832,531832,531832,531832,531832,531832,531832,531832,531832,531832,531832,531832,531832,531832,531832,531832,531832,531832,531836,531841,531846,531851,531856,531862,531867,531872,531877,531882,531887,531893,531898,531903,531905,531913,531918,531923,531928,531934,531938,531944,531949,531954,531959,531963,531969,531974,531980,531985,531990,531995,532000,532005,532010,532015,532020,532026,532031,532036,532041,532045,,,,,,,,,,,,,,,,,,,,,,,,,,,,,,,,,,,,,,,,,,,,,,
CHP5F7:KWH,(                ),,546768,546768,546768,546768,546768,546768,546768,546768,546768,546768,546768,546768,546768,546768,546768,546768,546768,546768,546768,546768,546768,546768,546768,546768,546768,546768,546768,546768,546768,546768,546768,546768,546768,546768,546768,546768,546768,546768,546768,546768,546768,546768,546768,546768,546768,546768,546768,546768,546768,546768,546768,546768,546768,546768,546768,546768,546768,546768,546768,546768,546768,546768,546768,546768,546768,546768,546768,546768,546768,546768,546768,546768,546768,546768,546768,546768,546768,546768,546768,546768,546768,546768,546768,546768,546768,546768,546768,546768,546768,546768,546768,546768,546768,546768,546768,546768,546768,546768,,,,,,,,,,,,,,,,,,,,,,,,,,,,,,,,,,,,,,,,,,,,,,
CWP1F7:KWH,(                ),,548180,548180,548180,548180,548180,548180,548180,548180,548180,548180,548180,548180,548180,548180,548180,548180,548180,548180,548180,548180,548180,548180,548180,548180,548180,548180,548180,548180,548180,548180,548180,548180,548180,548180,548180,548180,548180,548180,548180,548180,548180,548180,548180,548180,548180,548180,548180,548180,548182,548187,548192,548197,548202,548208,548213,548218,548223,548228,548232,548238,548242,548248,548253,548258,548263,548267,548273,548278,548283,548288,548290,548298,548303,548308,548313,548318,548323,548328,548333,548338,548343,548347,548353,548358,548363,548368,548373,548378,548383,548389,548393,548398,548403,548409,548414,548418,548424,548428,,,,,,,,,,,,,,,,,,,,,,,,,,,,,,,,,,,,,,,,,,,,,,
CWP2F7:KWH,(                ),,274939,274939,274939,274939,274939,274939,274939,274939,274939,274939,274939,274939,274939,274939,274939,274939,274939,274939,274939,274939,274939,274939,274939,274939,274939,274939,274939,274939,274939,274939,274939,274939,274939,274939,274939,274939,274939,274939,274939,274939,274939,274939,274939,274939,274939,274939,274939,274939,274939,274939,274939,274942,274947,274953,274959,274964,274969,274975,274980,274986,274991,274997,275003,275008,275014,275019,275025,275030,275036,275041,275044,275052,275058,275063,275069,275075,275079,275086,275091,275096,275102,275106,275113,275118,275124,275129,275135,275140,275146,275152,275157,275163,275167,275174,275179,275184,275190,275194,,,,,,,,,,,,,,,,,,,,,,,,,,,,,,,,,,,,,,,,,,,,,,
CWP3F7:KWH,(                ),,148993,148993,148993,148993,148993,148993,148993,148993,148993,148993,148993,148993,148993,148993,148993,148993,148993,148993,148993,148993,148993,148993,148993,148993,148993,148993,148993,148993,148993,148993,148993,148993,148993,148993,148993,148993,148993,148993,148993,148993,148993,148993,148993,148993,148993,148993,148993,148993,148993,148993,148993,148993,148993,148993,148993,148993,148993,148993,148993,148993,148993,148993,148993,148993,148993,148993,148993,148993,148993,148993,148993,148993,148993,148993,148993,148993,148993,148993,148993,148993,148993,148993,148993,148993,148993,148993,148993,148993,148993,148993,148993,148993,148993,148993,148993,148993,148993,148993,,,,,,,,,,,,,,,,,,,,,,,,,,,,,,,,,,,,,,,,,,,,,,
CWP4F7:KWH,(                ),,586095,586095,586095,586095,586095,586095,586095,586095,586095,586095,586095,586095,586095,586095,586095,586095,586095,586095,586095,586095,586095,586095,586095,586095,586095,586095,586095,586095,586095,586095,586095,586095,586095,586095,586095,586095,586095,586095,586095,586095,586095,586095,586095,586095,586095,586095,586095,586095,586095,586095,586095,586095,586095,586095,586095,586095,586099,586104,586108,586113,586118,586123,586128,586133,586138,586142,586148,586153,586158,586163,586165,586172,586178,586182,586187,586192,586197,586202,586207,586212,586216,586221,586226,586231,586236,586241,586246,586251,586256,586261,586266,586271,586275,586280,586285,586290,586295,586299,,,,,,,,,,,,,,,,,,,,,,,,,,,,,,,,,,,,,,,,,,,,,,
CWP5F7:KWH,(                ),,644500,644500,644500,644500,644500,644500,644500,644500,644500,644500,644500,644500,644500,644500,644500,644500,644500,644500,644500,644500,644500,644500,644500,644500,644500,644500,644500,644500,644500,644500,644500,644500,644500,644500,644500,644500,644500,644500,644500,644500,644500,644500,644500,644500,644500,644500,644500,644500,644500,644500,644500,644500,644500,644500,644500,644500,644500,644500,644500,644500,644500,644500,644500,644500,644500,644500,644500,644500,644500,644500,644500,644500,644500,644500,644500,644500,644500,644500,644500,644500,644500,644500,644500,644500,644500,644500,644500,644500,644500,644500,644500,644500,644500,644500,644500,644500,644500,644500,,,,,,,,,,,,,,,,,,,,,,,,,,,,,,,,,,,,,,,,,,,,,,
CT1-1.KWH,(度數            ),kW h,13152,13152,13152,13152,13152,13152,13152,13152,13152,13152,13152,13152,13152,13152,13152,13152,13152,13152,13152,13152,13152,13152,13152,13152,13152,13152,13152,13152,13152,13152,13152,13152,13152,13152,13152,13152,13152,13152,13152,13152,13152,13152,13152,13152,13152,13152,13152,13152,13152,13152,13153,13154,13155,13156,13158,13159,13160,13161,13162,13163,13164,13165,13167,13168,13169,13170,13171,13172,13173,13174,13175,13177,13178,13179,13180,13181,13182,13183,13184,13186,13187,13188,13189,13190,13191,13192,13193,13195,13196,13197,13198,13199,13200,13201,13202,13204,13205,13206,,,,,,,,,,,,,,,,,,,,,,,,,,,,,,,,,,,,,,,,,,,,,,
CT1-1:KW,(                ),kW,0.0,0.0,0.0,0.0,0.0,0.0,0.0,0.0,0.0,0.0,0.0,0.0,0.0,0.0,0.0,0.0,0.0,0.0,0.0,0.0,0.0,0.0,0.0,0.0,0.0,0.0,0.0,0.0,0.0,0.0,0.0,0.0,0.0,0.0,0.0,0.0,0.0,0.0,0.0,0.0,0.0,0.0,0.0,0.0,0.0,0.0,0.0,0.0,7.0,1.2,6.9,6.8,6.8,6.8,6.8,6.9,6.8,6.9,6.8,6.7,6.6,6.7,6.8,6.8,6.6,6.7,6.7,6.6,6.6,6.7,6.7,6.6,6.6,6.7,6.7,6.6,6.7,6.7,6.7,6.7,6.7,6.8,6.8,6.7,6.7,6.7,6.7,6.8,6.9,6.7,6.8,6.6,6.7,6.7,6.7,6.7,6.8,6.9,,,,,,,,,,,,,,,,,,,,,,,,,,,,,,,,,,,,,,,,,,,,,,
CT1-2.KWH,(度數            ),kW h,15516,15516,15516,15516,15516,15516,15516,15516,15516,15516,15516,15516,15516,15516,15516,15516,15516,15516,15516,15516,15516,15516,15516,15516,15516,15516,15516,15516,15516,15516,15516,15516,15516,15516,15516,15516,15516,15516,15516,15516,15516,15516,15516,15516,15516,15516,15516,15516,15516,15517,15518,15519,15520,15521,15522,15523,15524,15525,15527,15528,15529,15530,15531,15532,15533,15535,15536,15537,15538,15539,15540,15541,15542,15544,15545,15546,15547,15548,15549,15550,15551,15552,15554,15555,15556,15557,15558,15559,15560,15561,15563,15564,15565,15566,15567,15568,15569,15570,,,,,,,,,,,,,,,,,,,,,,,,,,,,,,,,,,,,,,,,,,,,,,
CT1-2:KW,(                ),kW,0.0,0.0,0.0,0.0,0.0,0.0,0.0,0.0,0.0,0.0,0.0,0.0,0.0,0.0,0.0,0.0,0.0,0.0,0.0,0.0,0.0,0.0,0.0,0.0,0.0,0.0,0.0,0.0,0.0,0.0,0.0,0.0,0.0,0.0,0.0,0.0,0.0,0.0,0.0,0.0,0.0,0.0,0.0,0.0,0.0,0.0,0.0,0.0,7.0,1.3,6.8,6.8,6.7,6.7,6.8,6.8,6.7,6.7,6.6,6.7,6.7,6.7,6.8,6.7,6.8,6.8,6.7,6.7,6.7,6.8,6.6,6.6,6.7,6.7,6.8,6.7,6.8,6.8,6.8,6.6,6.7,6.6,6.7,6.6,6.8,6.9,6.7,6.6,6.8,6.7,6.9,6.8,6.7,6.7,6.8,6.8,6.9,6.8,,,,,,,,,,,,,,,,,,,,,,,,,,,,,,,,,,,,,,,,,,,,,,
CT1-3.KWH,(度數            ),kW h,12845,12845,12845,12845,12845,12845,12845,12845,12845,12845,12845,12845,12845,12845,12845,12845,12845,12845,12845,12845,12845,12845,12845,12845,12845,12845,12845,12845,12845,12845,12845,12845,12845,12845,12845,12845,12845,12845,12845,12845,12845,12845,12845,12845,12845,12845,12845,12845,12846,12846,12847,12848,12849,12850,12851,12852,12854,12855,12856,12857,12858,12859,12860,12862,12863,12864,12865,12866,12867,12868,12869,12871,12872,12873,12874,12875,12876,12877,12878,12880,12881,12882,12883,12884,12885,12886,12888,12889,12890,12891,12892,12893,12894,12895,12897,12898,12899,12900,,,,,,,,,,,,,,,,,,,,,,,,,,,,,,,,,,,,,,,,,,,,,,
CT1-3:KW,(                ),kW,0.0,0.0,0.0,0.0,0.0,0.0,0.0,0.0,0.0,0.0,0.0,0.0,0.0,0.0,0.0,0.0,0.0,0.0,0.0,0.0,0.0,0.0,0.0,0.0,0.0,0.0,0.0,0.0,0.0,0.0,0.0,0.0,0.0,0.0,0.0,0.0,0.0,0.0,0.0,0.0,0.0,0.0,0.0,0.0,0.0,0.0,0.0,0.0,7.0,1.3,6.9,6.9,6.8,6.8,6.9,6.8,6.7,6.8,6.9,6.7,6.8,6.8,6.8,6.7,6.7,6.8,6.7,6.5,6.8,6.8,6.6,6.6,6.7,6.7,6.8,6.8,6.8,6.8,6.8,6.7,6.8,6.6,6.7,6.7,6.8,6.8,6.7,6.8,6.8,6.9,6.8,6.9,6.7,6.8,6.8,6.7,6.8,6.8,,,,,,,,,,,,,,,,,,,,,,,,,,,,,,,,,,,,,,,,,,,,,,
CT1-4.KWH,(度數            ),kW h,15845,15845,15845,15845,15845,15845,15845,15845,15845,15845,15845,15845,15845,15845,15845,15845,15845,15845,15845,15845,15845,15845,15845,15845,15845,15845,15845,15845,15845,15845,15845,15845,15845,15845,15845,15845,15845,15845,15845,15845,15845,15845,15845,15845,15845,15845,15845,15845,15845,15846,15847,15848,15849,15850,15851,15853,15854,15855,15856,15857,15858,15859,15861,15862,15863,15864,15865,15866,15867,15869,15869,15871,15872,15873,15874,15876,15877,15878,15879,15880,15881,15882,15884,15885,15886,15887,15888,15889,15890,15892,15893,15894,15895,15896,15897,15898,15900,15901,,,,,,,,,,,,,,,,,,,,,,,,,,,,,,,,,,,,,,,,,,,,,,
CT1-4:KW,(                ),kW,0.0,0.0,0.0,0.0,0.0,0.0,0.0,0.0,0.0,0.0,0.0,0.0,0.0,0.0,0.0,0.0,0.0,0.0,0.0,0.0,0.0,0.0,0.0,0.0,0.0,0.0,0.0,0.0,0.0,0.0,0.0,0.0,0.0,0.0,0.0,0.0,0.0,0.0,0.0,0.0,0.0,0.0,0.0,0.0,0.0,0.0,0.0,0.0,7.1,1.3,7.0,7.0,6.9,6.9,6.9,6.8,7.0,6.8,6.9,7.1,6.9,7.0,6.8,6.8,6.9,6.9,6.9,6.8,6.9,6.9,6.9,6.7,6.8,6.7,6.9,6.9,6.9,6.9,6.9,6.9,6.9,6.8,6.8,6.8,6.9,6.8,6.9,6.8,6.9,6.7,6.9,6.8,6.9,6.9,6.9,6.8,6.8,6.9,,,,,,,,,,,,,,,,,,,,,,,,,,,,,,,,,,,,,,,,,,,,,,
CT1-ALL.KW,(冷卻水塔系統功率),,0.0,0.0,0.0,0.0,0.0,0.0,0.0,0.0,0.0,0.0,0.0,0.0,0.0,0.0,0.0,0.0,0.0,0.0,0.0,0.0,0.0,0.0,0.0,0.0,0.0,0.0,0.0,0.0,0.0,0.0,0.0,0.0,0.0,0.0,0.0,0.0,0.0,0.0,0.0,0.0,0.0,0.0,0.0,0.0,0.0,0.0,0.0,0.0,28.1,5.1,27.6,27.6,27.2,27.3,27.5,27.3,27.2,27.2,27.1,27.3,27.1,27.2,27.2,27.1,27.1,27.2,27.1,26.6,27.0,27.2,26.9,26.6,26.9,26.8,27.2,27.0,27.2,27.2,27.2,27.0,27.1,26.8,27.0,26.9,27.2,27.2,27.0,27.1,27.4,27.0,27.4,27.1,27.0,27.1,27.3,27.1,27.3,27.3,,,,,,,,,,,,,,,,,,,,,,,,,,,,,,,,,,,,,,,,,,,,,,
CT1-ALL.KWH,(度數            ),kW h,57360,57360,57360,57360,57360,57360,57360,57360,57360,57360,57360,57360,57360,57360,57360,57360,57360,57360,57360,57360,57360,57360,57360,57360,57360,57360,57360,57360,57360,57360,57360,57360,57360,57360,57360,57360,57360,57360,57360,57360,57360,57360,57360,57360,57360,57360,57360,57360,57361,57363,57366,57370,57375,57379,57384,57388,57393,57397,57402,57407,57411,57416,57420,57425,57429,57434,57438,57443,57447,57452,57454,57461,57466,57470,57475,57479,57484,57488,57493,57497,57501,57506,57511,57515,57520,57524,57529,57533,57538,57542,57547,57551,57556,57560,57565,57569,57574,57578,,,,,,,,,,,,,,,,,,,,,,,,,,,,,,,,,,,,,,,,,,,,,,
CT2-1.KWH,(度數            ),kW h,12233,12233,12233,12233,12233,12233,12233,12233,12233,12233,12233,12233,12233,12233,12233,12233,12233,12233,12233,12233,12233,12233,12233,12233,12233,12233,12233,12233,12233,12233,12233,12233,12233,12233,12233,12233,12233,12233,12233,12233,12233,12233,12233,12233,12233,12233,12233,12233,12233,12233,12233,12234,12234,12235,12236,12237,12238,12239,12241,12242,12243,12244,12245,12246,12247,12248,12249,12251,12252,12253,12253,12255,12256,12257,12258,12259,12260,12262,12263,12264,12265,12266,12267,12268,12269,12270,12272,12273,12274,12275,12276,12277,12278,12279,12280,12282,12283,12284,,,,,,,,,,,,,,,,,,,,,,,,,,,,,,,,,,,,,,,,,,,,,,
CT2-1:KW,(                ),kW,0.0,0.0,0.0,0.0,0.0,0.0,0.0,0.0,0.0,0.0,0.0,0.0,0.0,0.0,0.0,0.0,0.0,0.0,0.0,0.0,0.0,0.0,0.0,0.0,0.0,0.0,0.0,0.0,0.0,0.0,0.0,0.0,0.0,0.0,0.0,0.0,0.0,0.0,0.0,0.0,0.0,0.0,0.0,0.0,0.0,0.0,0.0,0.0,0.0,0.0,0.0,7.0,1.3,6.6,6.7,6.7,6.7,6.7,6.7,6.6,6.5,6.7,6.6,6.6,6.7,6.6,6.7,6.6,6.6,6.7,6.6,6.7,6.6,6.5,6.6,6.5,6.8,6.6,6.7,6.6,6.7,6.7,6.7,6.7,6.7,6.6,6.5,6.7,6.8,6.6,6.5,6.7,6.7,6.7,6.6,6.7,6.7,6.7,,,,,,,,,,,,,,,,,,,,,,,,,,,,,,,,,,,,,,,,,,,,,,
CT2-2.KWH,(度數            ),kW h,11900,11900,11900,11900,11900,11900,11900,11900,11900,11900,11900,11900,11900,11900,11900,11900,11900,11900,11900,11900,11900,11900,11900,11900,11900,11900,11900,11900,11900,11900,11900,11900,11900,11900,11900,11900,11900,11900,11900,11900,11900,11900,11900,11900,11900,11900,11900,11900,11900,11900,11900,11900,11901,11901,11903,11904,11905,11906,11907,11908,11909,11910,11911,11912,11913,11915,11916,11917,11918,11919,11919,11921,11922,11923,11924,11925,11927,11928,11929,11930,11931,11932,11933,11934,11935,11936,11937,11939,11940,11941,11942,11943,11944,11945,11946,11947,11948,11949,,,,,,,,,,,,,,,,,,,,,,,,,,,,,,,,,,,,,,,,,,,,,,
CT2-2:KW,(                ),kW,0.0,0.0,0.0,0.0,0.0,0.0,0.0,0.0,0.0,0.0,0.0,0.0,0.0,0.0,0.0,0.0,0.0,0.0,0.0,0.0,0.0,0.0,0.0,0.0,0.0,0.0,0.0,0.0,0.0,0.0,0.0,0.0,0.0,0.0,0.0,0.0,0.0,0.0,0.0,0.0,0.0,0.0,0.0,0.0,0.0,0.0,0.0,0.0,0.0,0.0,0.0,6.9,1.3,6.6,6.6,6.6,6.6,6.6,6.5,6.6,6.5,6.6,6.6,6.6,6.6,6.5,6.5,6.5,6.6,6.5,6.7,6.6,6.6,6.5,6.6,6.5,6.5,6.6,6.5,6.5,6.6,6.6,6.5,6.5,6.7,6.7,6.6,6.6,6.6,6.4,6.5,6.5,6.7,6.5,6.6,6.6,6.6,6.4,,,,,,,,,,,,,,,,,,,,,,,,,,,,,,,,,,,,,,,,,,,,,,
CT2-3.KWH,(度數            ),kW h,11711,11711,11711,11711,11711,11711,11711,11711,11711,11711,11711,11711,11711,11711,11711,11711,11711,11711,11711,11711,11711,11711,11711,11711,11711,11711,11711,11711,11711,11711,11711,11711,11711,11711,11711,11711,11711,11711,11711,11711,11711,11711,11711,11711,11711,11711,11711,11711,11711,11711,11711,11712,11712,11713,11714,11715,11716,11717,11718,11719,11721,11722,11723,11724,11725,11726,11727,11728,11729,11730,11731,11732,11734,11735,11736,11737,11738,11739,11740,11741,11742,11743,11744,11745,11746,11748,11749,11750,11751,11752,11753,11754,11755,11756,11757,11758,11760,11761,,,,,,,,,,,,,,,,,,,,,,,,,,,,,,,,,,,,,,,,,,,,,,
CT2-3:KW,(                ),kW,0.0,0.0,0.0,0.0,0.0,0.0,0.0,0.0,0.0,0.0,0.0,0.0,0.0,0.0,0.0,0.0,0.0,0.0,0.0,0.0,0.0,0.0,0.0,0.0,0.0,0.0,0.0,0.0,0.0,0.0,0.0,0.0,0.0,0.0,0.0,0.0,0.0,0.0,0.0,0.0,0.0,0.0,0.0,0.0,0.0,0.0,0.0,0.0,0.0,0.0,0.0,6.7,1.2,6.5,6.5,6.5,6.5,6.5,6.6,6.6,6.4,6.5,6.4,6.5,6.6,6.5,6.5,6.4,6.5,6.5,6.4,6.4,6.5,6.4,6.5,6.4,6.5,6.4,6.5,6.5,6.5,6.5,6.5,6.5,6.4,6.6,6.6,6.5,6.5,6.5,6.5,6.5,6.5,6.6,6.5,6.5,6.4,6.5,,,,,,,,,,,,,,,,,,,,,,,,,,,,,,,,,,,,,,,,,,,,,,
CT2-4.KWH,(度數            ),kW h,12060,12060,12060,12060,12060,12060,12060,12060,12060,12060,12060,12060,12060,12060,12060,12060,12060,12060,12060,12060,12060,12060,12060,12060,12060,12060,12060,12060,12060,12060,12060,12060,12060,12060,12060,12060,12060,12060,12060,12060,12060,12060,12060,12060,12060,12060,12060,12060,12060,12060,12060,12061,12062,12062,12063,12065,12066,12067,12068,12069,12070,12071,12072,12073,12074,12076,12077,12078,12079,12080,12081,12082,12083,12084,12086,12087,12088,12089,12090,12091,12092,12093,12094,12095,12097,12098,12099,12100,12101,12102,12103,12104,12105,12106,12108,12109,12110,12111,,,,,,,,,,,,,,,,,,,,,,,,,,,,,,,,,,,,,,,,,,,,,,
CT2-4:KW,(                ),kW,0.0,0.0,0.0,0.0,0.0,0.0,0.0,0.0,0.0,0.0,0.0,0.0,0.0,0.0,0.0,0.0,0.0,0.0,0.0,0.0,0.0,0.0,0.0,0.0,0.0,0.0,0.0,0.0,0.0,0.0,0.0,0.0,0.0,0.0,0.0,0.0,0.0,0.0,0.0,0.0,0.0,0.0,0.0,0.0,0.0,0.0,0.0,0.0,0.0,0.0,0.0,7.0,1.3,6.6,6.8,6.6,6.6,6.6,6.7,6.7,6.7,6.6,6.6,6.7,6.6,6.6,6.6,6.5,6.7,6.4,6.6,6.6,6.6,6.7,6.6,6.6,6.7,6.5,6.6,6.6,6.7,6.6,6.7,6.7,6.6,6.6,6.7,6.7,6.6,6.5,6.6,6.6,6.6,6.6,6.6,6.5,6.6,6.7,,,,,,,,,,,,,,,,,,,,,,,,,,,,,,,,,,,,,,,,,,,,,,
CT2-ALL.KW,(冷卻水塔系統功率),,0.0,0.0,0.0,0.0,0.0,0.0,0.0,0.0,0.0,0.0,0.0,0.0,0.0,0.0,0.0,0.0,0.0,0.0,0.0,0.0,0.0,0.0,0.0,0.0,0.0,0.0,0.0,0.0,0.0,0.0,0.0,0.0,0.0,0.0,0.0,0.0,0.0,0.0,0.0,0.0,0.0,0.0,0.0,0.0,0.0,0.0,0.0,0.0,0.0,0.0,0.0,27.7,5.1,26.3,26.6,26.5,26.5,26.3,26.5,26.5,26.2,26.3,26.2,26.4,26.5,26.2,26.3,26.0,26.5,26.1,26.3,26.3,26.3,26.2,26.3,26.1,26.5,26.2,26.3,26.2,26.4,26.4,26.3,26.5,26.0,26.6,26.5,26.5,26.4,26.1,26.2,26.3,26.6,26.4,26.3,26.3,26.3,26.3,,,,,,,,,,,,,,,,,,,,,,,,,,,,,,,,,,,,,,,,,,,,,,
CT2-ALL.KWH,(度數            ),kW h,47906,47906,47906,47906,47906,47906,47906,47906,47906,47906,47906,47906,47906,47906,47906,47906,47906,47906,47906,47906,47906,47906,47906,47906,47906,47906,47906,47906,47906,47906,47906,47906,47906,47906,47906,47906,47906,47906,47906,47906,47906,47906,47906,47906,47906,47906,47906,47906,47906,47906,47906,47908,47910,47913,47918,47922,47926,47931,47935,47940,47944,47948,47953,47957,47961,47966,47970,47975,47979,47983,47986,47992,47997,48001,48005,48010,48014,48018,48023,48027,48032,48036,48040,48045,48049,48053,48058,48062,48067,48071,48075,48080,48084,48089,48093,48097,48102,48106,,,,,,,,,,,,,,,,,,,,,,,,,,,,,,,,,,,,,,,,,,,,,,
CT3-1.KWH,(度數            ),kW h,6605,6605,6605,6605,6605,6605,6605,6605,6605,6605,6605,6605,6605,6605,6605,6605,6605,6605,6605,6605,6605,6605,6605,6605,6605,6605,6605,6605,6605,6605,6605,6605,6605,6605,6605,6605,6605,6605,6605,6605,6605,6605,6605,6605,6605,6605,6605,6605,6605,6605,6605,6605,6605,6605,6605,6605,6605,6605,6605,6605,6605,6605,6605,6605,6605,6605,6605,6605,6605,6605,6605,6605,6605,6605,6605,6605,6605,6605,6605,6605,6605,6605,6605,6605,6605,6605,6605,6605,6605,6605,6605,6605,6605,6605,6605,6605,6605,6605,,,,,,,,,,,,,,,,,,,,,,,,,,,,,,,,,,,,,,,,,,,,,,
CT3-1:KW,(                ),kW,0.0,0.0,0.0,0.0,0.0,0.0,0.0,0.0,0.0,0.0,0.0,0.0,0.0,0.0,0.0,0.0,0.0,0.0,0.0,0.0,0.0,0.0,0.0,0.0,0.0,0.0,0.0,0.0,0.0,0.0,0.0,0.0,0.0,0.0,0.0,0.0,0.0,0.0,0.0,0.0,0.0,0.0,0.0,0.0,0.0,0.0,0.0,0.0,0.0,0.0,0.0,0.0,0.0,0.0,0.0,0.0,0.0,0.0,0.0,0.0,0.0,0.0,0.0,0.0,0.0,0.0,0.0,0.0,0.0,0.0,0.0,0.0,0.0,0.0,0.0,0.0,0.0,0.0,0.0,0.0,0.0,0.0,0.0,0.0,0.0,0.0,0.0,0.0,0.0,0.0,0.0,0.0,0.0,0.0,0.0,0.0,0.0,0.0,,,,,,,,,,,,,,,,,,,,,,,,,,,,,,,,,,,,,,,,,,,,,,
CT3-2.KWH,(度數            ),kW h,7858,7858,7858,7858,7858,7858,7858,7858,7858,7858,7858,7858,7858,7858,7858,7858,7858,7858,7858,7858,7858,7858,7858,7858,7858,7858,7858,7858,7858,7858,7858,7858,7858,7858,7858,7858,7858,7858,7858,7858,7858,7858,7858,7858,7858,7858,7858,7858,7858,7858,7858,7858,7858,7858,7858,7858,7858,7858,7858,7858,7858,7858,7858,7858,7858,7858,7858,7858,7858,7858,7858,7858,7858,7858,7858,7858,7858,7858,7858,7858,7858,7858,7858,7858,7858,7858,7858,7858,7858,7858,7858,7858,7858,7858,7858,7858,7858,7858,,,,,,,,,,,,,,,,,,,,,,,,,,,,,,,,,,,,,,,,,,,,,,
CT3-2:KW,(                ),kW,0.0,0.0,0.0,0.0,0.0,0.0,0.0,0.0,0.0,0.0,0.0,0.0,0.0,0.0,0.0,0.0,0.0,0.0,0.0,0.0,0.0,0.0,0.0,0.0,0.0,0.0,0.0,0.0,0.0,0.0,0.0,0.0,0.0,0.0,0.0,0.0,0.0,0.0,0.0,0.0,0.0,0.0,0.0,0.0,0.0,0.0,0.0,0.0,0.0,0.0,0.0,0.0,0.0,0.0,0.0,0.0,0.0,0.0,0.0,0.0,0.0,0.0,0.0,0.0,0.0,0.0,0.0,0.0,0.0,0.0,0.0,0.0,0.0,0.0,0.0,0.0,0.0,0.0,0.0,0.0,0.0,0.0,0.0,0.0,0.0,0.0,0.0,0.0,0.0,0.0,0.0,0.0,0.0,0.0,0.0,0.0,0.0,0.0,,,,,,,,,,,,,,,,,,,,,,,,,,,,,,,,,,,,,,,,,,,,,,
CT3-3.KWH,(度數            ),kW h,8212,8212,8212,8212,8212,8212,8212,8212,8212,8212,8212,8212,8212,8212,8212,8212,8212,8212,8212,8212,8212,8212,8212,8212,8212,8212,8212,8212,8212,8212,8212,8212,8212,8212,8212,8212,8212,8212,8212,8212,8212,8212,8212,8212,8212,8212,8212,8212,8212,8212,8212,8212,8212,8212,8212,8212,8212,8212,8212,8212,8212,8212,8212,8212,8212,8212,8212,8212,8212,8212,8212,8212,8212,8212,8212,8212,8212,8212,8212,8212,8212,8212,8212,8212,8212,8212,8212,8212,8212,8212,8212,8212,8212,8212,8212,8212,8212,8212,,,,,,,,,,,,,,,,,,,,,,,,,,,,,,,,,,,,,,,,,,,,,,
CT3-3:KW,(                ),kW,0.0,0.0,0.0,0.0,0.0,0.0,0.0,0.0,0.0,0.0,0.0,0.0,0.0,0.0,0.0,0.0,0.0,0.0,0.0,0.0,0.0,0.0,0.0,0.0,0.0,0.0,0.0,0.0,0.0,0.0,0.0,0.0,0.0,0.0,0.0,0.0,0.0,0.0,0.0,0.0,0.0,0.0,0.0,0.0,0.0,0.0,0.0,0.0,0.0,0.0,0.0,0.0,0.0,0.0,0.0,0.0,0.0,0.0,0.0,0.0,0.0,0.0,0.0,0.0,0.0,0.0,0.0,0.0,0.0,0.0,0.0,0.0,0.0,0.0,0.0,0.0,0.0,0.0,0.0,0.0,0.0,0.0,0.0,0.0,0.0,0.0,0.0,0.0,0.0,0.0,0.0,0.0,0.0,0.0,0.0,0.0,0.0,0.0,,,,,,,,,,,,,,,,,,,,,,,,,,,,,,,,,,,,,,,,,,,,,,
CT3-4.KWH,(度數            ),kW h,8264,8264,8264,8264,8264,8264,8264,8264,8264,8264,8264,8264,8264,8264,8264,8264,8264,8264,8264,8264,8264,8264,8264,8264,8264,8264,8264,8264,8264,8264,8264,8264,8264,8264,8264,8264,8264,8264,8264,8264,8264,8264,8264,8264,8264,8264,8264,8264,8264,8264,8264,8264,8264,8264,8264,8264,8264,8264,8264,8264,8264,8264,8264,8264,8264,8264,8264,8264,8264,8264,8264,8264,8264,8264,8264,8264,8264,8264,8264,8264,8264,8264,8264,8264,8264,8264,8264,8264,8264,8264,8264,8264,8264,8264,8264,8264,8264,8264,,,,,,,,,,,,,,,,,,,,,,,,,,,,,,,,,,,,,,,,,,,,,,
CT3-4:KW,(                ),kW,0.0,0.0,0.0,0.0,0.0,0.0,0.0,0.0,0.0,0.0,0.0,0.0,0.0,0.0,0.0,0.0,0.0,0.0,0.0,0.0,0.0,0.0,0.0,0.0,0.0,0.0,0.0,0.0,0.0,0.0,0.0,0.0,0.0,0.0,0.0,0.0,0.0,0.0,0.0,0.0,0.0,0.0,0.0,0.0,0.0,0.0,0.0,0.0,0.0,0.0,0.0,0.0,0.0,0.0,0.0,0.0,0.0,0.0,0.0,0.0,0.0,0.0,0.0,0.0,0.0,0.0,0.0,0.0,0.0,0.0,0.0,0.0,0.0,0.0,0.0,0.0,0.0,0.0,0.0,0.0,0.0,0.0,0.0,0.0,0.0,0.0,0.0,0.0,0.0,0.0,0.0,0.0,0.0,0.0,0.0,0.0,0.0,0.0,,,,,,,,,,,,,,,,,,,,,,,,,,,,,,,,,,,,,,,,,,,,,,
CT3-ALL.KW,(冷卻水塔系統功率),,0.0,0.0,0.0,0.0,0.0,0.0,0.0,0.0,0.0,0.0,0.0,0.0,0.0,0.0,0.0,0.0,0.0,0.0,0.0,0.0,0.0,0.0,0.0,0.0,0.0,0.0,0.0,0.0,0.0,0.0,0.0,0.0,0.0,0.0,0.0,0.0,0.0,0.0,0.0,0.0,0.0,0.0,0.0,0.0,0.0,0.0,0.0,0.0,0.0,0.0,0.0,0.0,0.0,0.0,0.0,0.0,0.0,0.0,0.0,0.0,0.0,0.0,0.0,0.0,0.0,0.0,0.0,0.0,0.0,0.0,0.0,0.0,0.0,0.0,0.0,0.0,0.0,0.0,0.0,0.0,0.0,0.0,0.0,0.0,0.0,0.0,0.0,0.0,0.0,0.0,0.0,0.0,0.0,0.0,0.0,0.0,0.0,0.0,,,,,,,,,,,,,,,,,,,,,,,,,,,,,,,,,,,,,,,,,,,,,,
CT3-ALL.KWH,(度數            ),kW h,30940,30940,30940,30940,30940,30940,30940,30940,30940,30940,30940,30940,30940,30940,30940,30940,30940,30940,30940,30940,30940,30940,30940,30940,30940,30940,30940,30940,30940,30940,30940,30940,30940,30940,30940,30940,30940,30940,30940,30940,30940,30940,30940,30940,30940,30940,30940,30940,30940,30940,30940,30940,30940,30940,30940,30940,30940,30940,30940,30940,30940,30940,30940,30940,30940,30940,30940,30940,30940,30940,30940,30940,30940,30940,30940,30940,30940,30940,30940,30940,30940,30940,30940,30940,30940,30940,30940,30940,30940,30940,30940,30940,30940,30940,30940,30940,30940,30940,,,,,,,,,,,,,,,,,,,,,,,,,,,,,,,,,,,,,,,,,,,,,,
CT4-1.KWH,(度數            ),kW h,14595,14595,14595,14595,14595,14595,14595,14595,14595,14595,14595,14595,14595,14595,14595,14595,14595,14595,14595,14595,14595,14595,14595,14595,14595,14595,14595,14595,14595,14595,14595,14595,14595,14595,14595,14595,14595,14595,14595,14595,14595,14595,14595,14595,14595,14595,14595,14595,14595,14595,14595,14595,14595,14595,14595,14595,14595,14596,14597,14598,14599,14600,14601,14602,14603,14604,14605,14606,14607,14609,14609,14611,14612,14613,14614,14615,14616,14617,14618,14619,14620,14622,14623,14624,14625,14626,14627,14628,14629,14630,14631,14632,14634,14635,14636,14637,14638,14639,,,,,,,,,,,,,,,,,,,,,,,,,,,,,,,,,,,,,,,,,,,,,,
CT4-1:KW,(                ),kW,0.0,0.0,0.0,0.0,0.0,0.0,0.0,0.0,0.0,0.0,0.0,0.0,0.0,0.0,0.0,0.0,0.0,0.0,0.0,0.0,0.0,0.0,0.0,0.0,0.0,0.0,0.0,0.0,0.0,0.0,0.0,0.0,0.0,0.0,0.0,0.0,0.0,0.0,0.0,0.0,0.0,0.0,0.0,0.0,0.0,0.0,0.0,0.0,0.0,0.0,0.0,0.0,0.0,0.0,0.0,0.0,4.5,1.2,6.5,6.5,6.5,6.4,6.5,6.5,6.4,6.5,6.6,6.5,6.6,6.6,6.4,6.7,6.5,6.5,6.4,6.6,6.4,6.5,6.6,6.3,6.5,6.4,6.6,6.4,6.4,6.5,6.6,6.5,6.5,6.5,6.4,6.6,6.6,6.5,6.5,6.5,6.5,6.5,,,,,,,,,,,,,,,,,,,,,,,,,,,,,,,,,,,,,,,,,,,,,,
CT4-2.KWH,(度數            ),kW h,8910,8910,8910,8910,8910,8910,8910,8910,8910,8910,8910,8910,8910,8910,8910,8910,8910,8910,8910,8910,8910,8910,8910,8910,8910,8910,8910,8910,8910,8910,8910,8910,8910,8910,8910,8910,8910,8910,8910,8910,8910,8910,8910,8910,8910,8910,8910,8910,8910,8910,8910,8910,8910,8910,8910,8910,8910,8910,8911,8911,8912,8913,8913,8914,8914,8915,8915,8916,8916,8917,8917,8918,8919,8919,8920,8920,8921,8921,8922,8923,8923,8924,8924,8925,8925,8926,8926,8927,8927,8928,8929,8929,8930,8930,8931,8931,8932,8932,,,,,,,,,,,,,,,,,,,,,,,,,,,,,,,,,,,,,,,,,,,,,,
CT4-2:KW,(                ),kW,0.0,0.0,0.0,0.0,0.0,0.0,0.0,0.0,0.0,0.0,0.0,0.0,0.0,0.0,0.0,0.0,0.0,0.0,0.0,0.0,0.0,0.0,0.0,0.0,0.0,0.0,0.0,0.0,0.0,0.0,0.0,0.0,0.0,0.0,0.0,0.0,0.0,0.0,0.0,0.0,0.0,0.0,0.0,0.0,0.0,0.0,0.0,0.0,0.0,0.0,0.0,0.0,0.0,0.0,0.0,0.0,2.7,0.8,3.3,3.2,3.3,3.2,3.3,3.4,3.3,3.3,3.2,3.1,3.2,3.3,3.4,3.4,3.4,3.2,3.3,3.2,3.5,3.4,3.4,3.1,3.3,3.3,3.3,3.0,3.1,3.2,3.2,3.4,3.3,3.4,3.2,3.4,3.4,3.5,3.4,3.3,3.4,3.4,,,,,,,,,,,,,,,,,,,,,,,,,,,,,,,,,,,,,,,,,,,,,,
CT4-3.KWH,(度數            ),kW h,13866,13866,13866,13866,13866,13866,13866,13866,13866,13866,13866,13866,13866,13866,13866,13866,13866,13866,13866,13866,13866,13866,13866,13866,13866,13866,13866,13866,13866,13866,13866,13866,13866,13866,13866,13866,13866,13866,13866,13866,13866,13866,13866,13866,13866,13866,13866,13866,13866,13866,13866,13866,13866,13866,13866,13866,13866,13867,13868,13869,13870,13871,13872,13873,13874,13875,13876,13877,13878,13879,13880,13881,13883,13884,13885,13886,13887,13888,13889,13890,13891,13892,13893,13894,13895,13896,13898,13899,13900,13901,13902,13903,13904,13905,13906,13907,13908,13909,,,,,,,,,,,,,,,,,,,,,,,,,,,,,,,,,,,,,,,,,,,,,,
CT4-3:KW,(                ),kW,0.0,0.0,0.0,0.0,0.0,0.0,0.0,0.0,0.0,0.0,0.0,0.0,0.0,0.0,0.0,0.0,0.0,0.0,0.0,0.0,0.0,0.0,0.0,0.0,0.0,0.0,0.0,0.0,0.0,0.0,0.0,0.0,0.0,0.0,0.0,0.0,0.0,0.0,0.0,0.0,0.0,0.0,0.0,0.0,0.0,0.0,0.0,0.0,0.0,0.0,0.0,0.0,0.0,0.0,0.0,0.0,4.7,1.2,6.5,6.4,6.5,6.4,6.5,6.4,6.6,6.3,6.4,6.4,6.4,6.4,6.4,6.5,6.5,6.4,6.3,6.5,6.4,6.6,6.5,6.3,6.3,6.4,6.4,6.4,6.4,6.5,6.4,6.5,6.4,6.5,6.5,6.4,6.3,6.4,6.3,6.5,6.5,6.6,,,,,,,,,,,,,,,,,,,,,,,,,,,,,,,,,,,,,,,,,,,,,,
CT4-4.KWH,(度數            ),kW h,11960,11960,11960,11960,11960,11960,11960,11960,11960,11960,11960,11960,11960,11960,11960,11960,11960,11960,11960,11960,11960,11960,11960,11960,11960,11960,11960,11960,11960,11960,11960,11960,11960,11960,11960,11960,11960,11960,11960,11960,11960,11960,11960,11960,11960,11960,11960,11960,11960,11960,11960,11960,11960,11960,11960,11960,11961,11961,11962,11963,11964,11965,11966,11967,11969,11970,11971,11972,11973,11974,11975,11976,11977,11978,11980,11981,11982,11983,11984,11985,11986,11987,11988,11989,11990,11991,11993,11994,11995,11996,11997,11998,11999,12000,12001,12002,12004,12005,,,,,,,,,,,,,,,,,,,,,,,,,,,,,,,,,,,,,,,,,,,,,,
CT4-4:KW,(                ),kW,0.0,0.0,0.0,0.0,0.0,0.0,0.0,0.0,0.0,0.0,0.0,0.0,0.0,0.0,0.0,0.0,0.0,0.0,0.0,0.0,0.0,0.0,0.0,0.0,0.0,0.0,0.0,0.0,0.0,0.0,0.0,0.0,0.0,0.0,0.0,0.0,0.0,0.0,0.0,0.0,0.0,0.0,0.0,0.0,0.0,0.0,0.0,0.0,0.0,0.0,0.0,0.0,0.0,0.0,0.0,0.0,4.8,1.2,6.6,6.7,6.6,6.6,6.6,6.5,6.5,6.5,6.6,6.6,6.2,6.5,6.5,6.5,6.4,6.4,6.7,6.5,6.5,6.6,6.4,6.4,6.5,6.6,6.5,6.4,6.8,6.3,6.7,6.4,6.6,6.5,6.7,6.5,6.4,6.6,6.4,6.6,6.4,6.6,,,,,,,,,,,,,,,,,,,,,,,,,,,,,,,,,,,,,,,,,,,,,,
CT4-ALL.KW,(冷卻水塔系統功率),,0.0,0.0,0.0,0.0,0.0,0.0,0.0,0.0,0.0,0.0,0.0,0.0,0.0,0.0,0.0,0.0,0.0,0.0,0.0,0.0,0.0,0.0,0.0,0.0,0.0,0.0,0.0,0.0,0.0,0.0,0.0,0.0,0.0,0.0,0.0,0.0,0.0,0.0,0.0,0.0,0.0,0.0,0.0,0.0,0.0,0.0,0.0,0.0,0.0,0.0,0.0,0.0,0.0,0.0,0.0,0.0,16.8,4.4,22.9,22.7,22.9,22.7,22.9,22.8,22.7,22.6,22.9,22.5,22.5,22.7,22.9,23.1,22.8,22.4,22.7,22.8,22.8,23.1,23.0,22.2,22.6,22.7,22.8,22.3,22.6,22.5,22.8,22.8,22.8,23.0,22.8,23.0,22.7,23.0,22.7,22.9,22.9,23.0,,,,,,,,,,,,,,,,,,,,,,,,,,,,,,,,,,,,,,,,,,,,,,
CT4-ALL.KWH,(度數            ),kW h,49332,49332,49332,49332,49332,49332,49332,49332,49332,49332,49332,49332,49332,49332,49332,49332,49332,49332,49332,49332,49332,49332,49332,49332,49332,49332,49332,49332,49332,49332,49332,49332,49332,49332,49332,49332,49332,49332,49332,49332,49332,49332,49332,49332,49332,49332,49332,49332,49332,49332,49332,49332,49332,49332,49332,49332,49334,49335,49339,49342,49346,49350,49354,49358,49361,49365,49369,49373,49377,49380,49382,49388,49392,49396,49399,49403,49407,49411,49415,49418,49422,49426,49430,49434,49437,49441,49445,49449,49453,49456,49460,49464,49468,49472,49475,49479,49483,49487,,,,,,,,,,,,,,,,,,,,,,,,,,,,,,,,,,,,,,,,,,,,,,
CT5-1.KWH,(度數            ),kW h,14924,14924,14924,14924,14924,14924,14924,14924,14924,14924,14924,14924,14924,14924,14924,14924,14924,14924,14924,14924,14924,14924,14924,14924,14924,14924,14924,14924,14924,14924,14924,14924,14924,14924,14924,14924,14924,14924,14924,14924,14924,14924,14924,14924,14924,14924,14924,14924,14924,14924,14924,14924,14924,14924,14924,14924,14924,14924,14924,14924,14924,14924,14924,14924,14924,14924,14924,14924,14924,14924,14924,14924,14924,14924,14924,14924,14924,14924,14924,14924,14924,14924,14924,14924,14924,14924,14924,14924,14924,14924,14924,14924,14924,14924,14924,14924,14924,14924,,,,,,,,,,,,,,,,,,,,,,,,,,,,,,,,,,,,,,,,,,,,,,
CT5-1:KW,(                ),kW,0.0,0.0,0.0,0.0,0.0,0.0,0.0,0.0,0.0,0.0,0.0,0.0,0.0,0.0,0.0,0.0,0.0,0.0,0.0,0.0,0.0,0.0,0.0,0.0,0.0,0.0,0.0,0.0,0.0,0.0,0.0,0.0,0.0,0.0,0.0,0.0,0.0,0.0,0.0,0.0,0.0,0.0,0.0,0.0,0.0,0.0,0.0,0.0,0.0,0.0,0.0,0.0,0.0,0.0,0.0,0.0,0.0,0.0,0.0,0.0,0.0,0.0,0.0,0.0,0.0,0.0,0.0,0.0,0.0,0.0,0.0,0.0,0.0,0.0,0.0,0.0,0.0,0.0,0.0,0.0,0.0,0.0,0.0,0.0,0.0,0.0,0.0,0.0,0.0,0.0,0.0,0.0,0.0,0.0,0.0,0.0,0.0,0.0,,,,,,,,,,,,,,,,,,,,,,,,,,,,,,,,,,,,,,,,,,,,,,
CT5-2.KWH,(度數            ),kW h,14275,14275,14275,14275,14275,14275,14275,14275,14275,14275,14275,14275,14275,14275,14275,14275,14275,14275,14275,14275,14275,14275,14275,14275,14275,14275,14275,14275,14275,14275,14275,14275,14275,14275,14275,14275,14275,14275,14275,14275,14275,14275,14275,14275,14275,14275,14275,14275,14275,14275,14275,14275,14275,14275,14275,14275,14275,14275,14275,14275,14275,14275,14275,14275,14275,14275,14275,14275,14275,14275,14275,14275,14275,14275,14275,14275,14275,14275,14275,14275,14275,14275,14275,14275,14275,14275,14275,14275,14275,14275,14275,14275,14275,14275,14275,14275,14275,14275,,,,,,,,,,,,,,,,,,,,,,,,,,,,,,,,,,,,,,,,,,,,,,
CT5-2:KW,(                ),kW,0.0,0.0,0.0,0.0,0.0,0.0,0.0,0.0,0.0,0.0,0.0,0.0,0.0,0.0,0.0,0.0,0.0,0.0,0.0,0.0,0.0,0.0,0.0,0.0,0.0,0.0,0.0,0.0,0.0,0.0,0.0,0.0,0.0,0.0,0.0,0.0,0.0,0.0,0.0,0.0,0.0,0.0,0.0,0.0,0.0,0.0,0.0,0.0,0.0,0.0,0.0,0.0,0.0,0.0,0.0,0.0,0.0,0.0,0.0,0.0,0.0,0.0,0.0,0.0,0.0,0.0,0.0,0.0,0.0,0.0,0.0,0.0,0.0,0.0,0.0,0.0,0.0,0.0,0.0,0.0,0.0,0.0,0.0,0.0,0.0,0.0,0.0,0.0,0.0,0.0,0.0,0.0,0.0,0.0,0.0,0.0,0.0,0.0,,,,,,,,,,,,,,,,,,,,,,,,,,,,,,,,,,,,,,,,,,,,,,
CT5-3.KWH,(度數            ),kW h,12997,12997,12997,12997,12997,12997,12997,12997,12997,12997,12997,12997,12997,12997,12997,12997,12997,12997,12997,12997,12997,12997,12997,12997,12997,12997,12997,12997,12997,12997,12997,12997,12997,12997,12997,12997,12997,12997,12997,12997,12997,12997,12997,12997,12997,12997,12997,12997,12997,12997,12997,12997,12997,12997,12997,12997,12997,12997,12997,12997,12997,12997,12997,12997,12997,12997,12997,12997,12997,12997,12997,12997,12997,12997,12997,12997,12997,12997,12997,12997,12997,12997,12997,12997,12997,12997,12997,12997,12997,12997,12997,12997,12997,12997,12997,12997,12997,12997,,,,,,,,,,,,,,,,,,,,,,,,,,,,,,,,,,,,,,,,,,,,,,
CT5-3:KW,(                ),kW,0.0,0.0,0.0,0.0,0.0,0.0,0.0,0.0,0.0,0.0,0.0,0.0,0.0,0.0,0.0,0.0,0.0,0.0,0.0,0.0,0.0,0.0,0.0,0.0,0.0,0.0,0.0,0.0,0.0,0.0,0.0,0.0,0.0,0.0,0.0,0.0,0.0,0.0,0.0,0.0,0.0,0.0,0.0,0.0,0.0,0.0,0.0,0.0,0.0,0.0,0.0,0.0,0.0,0.0,0.0,0.0,0.0,0.0,0.0,0.0,0.0,0.0,0.0,0.0,0.0,0.0,0.0,0.0,0.0,0.0,0.0,0.0,0.0,0.0,0.0,0.0,0.0,0.0,0.0,0.0,0.0,0.0,0.0,0.0,0.0,0.0,0.0,0.0,0.0,0.0,0.0,0.0,0.0,0.0,0.0,0.0,0.0,0.0,,,,,,,,,,,,,,,,,,,,,,,,,,,,,,,,,,,,,,,,,,,,,,
CT5-4.KWH,(度數            ),kW h,14429,14429,14429,14429,14429,14429,14429,14429,14429,14429,14429,14429,14429,14429,14429,14429,14429,14429,14429,14429,14429,14429,14429,14429,14429,14429,14429,14429,14429,14429,14429,14429,14429,14429,14429,14429,14429,14429,14429,14429,14429,14429,14429,14429,14429,14429,14429,14429,14429,14429,14429,14429,14429,14429,14429,14429,14429,14429,14429,14429,14429,14429,14429,14429,14429,14429,14429,14429,14429,14429,14429,14429,14429,14429,14429,14429,14429,14429,14429,14429,14429,14429,14429,14429,14429,14429,14429,14429,14429,14429,14429,14429,14429,14429,14429,14429,14429,14429,,,,,,,,,,,,,,,,,,,,,,,,,,,,,,,,,,,,,,,,,,,,,,
CT5-4:KW,(                ),kW,0.0,0.0,0.0,0.0,0.0,0.0,0.0,0.0,0.0,0.0,0.0,0.0,0.0,0.0,0.0,0.0,0.0,0.0,0.0,0.0,0.0,0.0,0.0,0.0,0.0,0.0,0.0,0.0,0.0,0.0,0.0,0.0,0.0,0.0,0.0,0.0,0.0,0.0,0.0,0.0,0.0,0.0,0.0,0.0,0.0,0.0,0.0,0.0,0.0,0.0,0.0,0.0,0.0,0.0,0.0,0.0,0.0,0.0,0.0,0.0,0.0,0.0,0.0,0.0,0.0,0.0,0.0,0.0,0.0,0.0,0.0,0.0,0.0,0.0,0.0,0.0,0.0,0.0,0.0,0.0,0.0,0.0,0.0,0.0,0.0,0.0,0.0,0.0,0.0,0.0,0.0,0.0,0.0,0.0,0.0,0.0,0.0,0.0,,,,,,,,,,,,,,,,,,,,,,,,,,,,,,,,,,,,,,,,,,,,,,
CT5-ALL.KW,(冷卻水塔系統功率),,0.0,0.0,0.0,0.0,0.0,0.0,0.0,0.0,0.0,0.0,0.0,0.0,0.0,0.0,0.0,0.0,0.0,0.0,0.0,0.0,0.0,0.0,0.0,0.0,0.0,0.0,0.0,0.0,0.0,0.0,0.0,0.0,0.0,0.0,0.0,0.0,0.0,0.0,0.0,0.0,0.0,0.0,0.0,0.0,0.0,0.0,0.0,0.0,0.0,0.0,0.0,0.0,0.0,0.0,0.0,0.0,0.0,0.0,0.0,0.0,0.0,0.0,0.0,0.0,0.0,0.0,0.0,0.0,0.0,0.0,0.0,0.0,0.0,0.0,0.0,0.0,0.0,0.0,0.0,0.0,0.0,0.0,0.0,0.0,0.0,0.0,0.0,0.0,0.0,0.0,0.0,0.0,0.0,0.0,0.0,0.0,0.0,0.0,,,,,,,,,,,,,,,,,,,,,,,,,,,,,,,,,,,,,,,,,,,,,,
CT5-ALL.KWH,(度數            ),kW h,56627,56627,56627,56627,56627,56627,56627,56627,56627,56627,56627,56627,56627,56627,56627,56627,56627,56627,56627,56627,56627,56627,56627,56627,56627,56627,56627,56627,56627,56627,56627,56627,56627,56627,56627,56627,56627,56627,56627,56627,56627,56627,56627,56627,56627,56627,56627,56627,56627,56627,56627,56627,56627,56627,56627,56627,56627,56627,56627,56627,56627,56627,56627,56627,56627,56627,56627,56627,56627,56627,56627,56627,56627,56627,56627,56627,56627,56627,56627,56627,56627,56627,56627,56627,56627,56627,56627,56627,56627,56627,56627,56627,56627,56627,56627,56627,56627,56627,,,,,,,,,,,,,,,,,,,,,,,,,,,,,,,,,,,,,,,,,,,,,,
CTB1-ALL.KW,(冷卻水塔系統功率),,8.2,8.2,8.2,8.2,8.2,8.2,8.2,8.2,8.2,8.2,8.2,8.2,8.2,8.2,8.2,8.2,8.2,8.2,8.2,8.2,8.2,8.2,8.2,8.2,8.2,8.2,8.2,8.2,8.2,8.2,8.2,8.2,8.2,8.2,8.2,8.2,8.2,8.2,8.2,8.2,8.2,8.2,8.2,8.2,8.2,8.2,8.2,8.2,8.2,8.2,8.2,8.2,8.2,8.2,8.2,8.2,8.2,8.2,8.2,8.2,8.2,8.2,8.2,8.2,8.2,8.2,8.2,8.2,8.2,8.2,8.2,8.2,8.2,8.2,8.2,8.2,8.2,8.2,8.2,8.2,8.2,8.2,8.2,8.2,8.2,8.2,8.2,8.2,8.2,8.2,8.2,8.2,8.2,8.2,8.2,8.2,8.2,8.2,,,,,,,,,,,,,,,,,,,,,,,,,,,,,,,,,,,,,,,,,,,,,,
ZP1F7:KW,(                ),kW,0.0,0.0,0.0,0.0,0.0,0.0,0.0,0.0,0.0,0.0,0.0,0.0,0.0,0.0,0.0,0.0,0.0,0.0,0.0,0.0,0.0,0.0,0.0,0.0,0.0,0.0,0.0,0.0,0.0,0.0,0.0,0.0,0.0,0.0,0.0,0.0,0.0,0.0,0.0,0.0,0.0,0.0,0.0,0.0,0.0,0.0,0.0,0.0,0.0,0.0,5.9,8.2,8.2,7.9,8.0,8.6,9.3,9.0,9.9,9.3,8.9,9.4,9.3,8.3,9.2,9.8,9.0,9.4,9.2,9.2,9.5,9.1,9.7,9.5,8.9,9.7,9.3,9.0,9.4,9.6,8.8,9.4,9.4,8.9,9.7,9.7,8.9,10.0,9.3,9.1,9.7,9.3,8.9,9.7,9.6,9.0,8.7,8.6,,,,,,,,,,,,,,,,,,,,,,,,,,,,,,,,,,,,,,,,,,,,,,
ZP1F7:KWH,(                ),,595414,595414,595414,595414,595414,595414,595414,595414,595414,595414,595414,595414,595414,595414,595414,595414,595414,595414,595414,595414,595414,595414,595414,595414,595414,595414,595414,595414,595414,595414,595414,595414,595414,595414,595414,595414,595414,595414,595414,595414,595414,595414,595414,595414,595414,595414,595414,595414,595414,595414,595415,595416,595418,595419,595420,595422,595423,595425,595426,595428,595429,595431,595433,595434,595435,595437,595439,595440,595442,595443,595444,595446,595448,595449,595451,595453,595454,595456,595457,595459,595460,595462,595463,595465,595467,595468,595470,595471,595473,595475,595476,595478,595479,595481,595482,595484,595485,595487,,,,,,,,,,,,,,,,,,,,,,,,,,,,,,,,,,,,,,,,,,,,,,
ZP2F7:KW,(                ),kW,0.0,0.0,0.0,0.0,0.0,0.0,0.0,0.0,0.0,0.0,0.0,0.0,0.0,0.0,0.0,0.0,0.0,0.0,0.0,0.0,0.0,0.0,0.0,0.0,0.0,0.0,0.0,0.0,0.0,0.0,0.0,0.0,0.0,0.0,0.0,0.0,0.0,0.0,0.0,0.0,0.0,0.0,0.0,0.0,0.0,0.0,0.0,0.0,0.0,0.0,6.1,8.3,8.2,7.8,8.0,8.6,9.2,9.1,10.0,9.3,8.7,9.4,9.1,8.3,9.1,9.8,9.0,9.2,9.1,9.2,9.6,9.1,9.5,9.5,8.9,9.7,9.4,9.1,9.3,9.5,8.9,9.2,9.3,8.9,9.6,9.7,9.0,9.9,9.2,9.1,9.7,9.3,8.9,9.8,9.4,9.0,8.6,8.5,,,,,,,,,,,,,,,,,,,,,,,,,,,,,,,,,,,,,,,,,,,,,,
ZP2F7:KWH,(                ),,530739,530739,530739,530739,530739,530739,530739,530739,530739,530739,530739,530739,530739,530739,530739,530739,530739,530739,530739,530739,530739,530739,530739,530739,530739,530739,530739,530739,530739,530739,530739,530739,530739,530739,530739,530739,530739,530739,530739,530739,530739,530739,530739,530739,530739,530739,530739,530739,530739,530739,530740,530741,530743,530744,530745,530747,530748,530750,530751,530753,530754,530756,530757,530759,530760,530761,530763,530765,530766,530768,530769,530771,530772,530774,530776,530777,530779,530780,530782,530783,530785,530786,530788,530790,530791,530793,530794,530796,530797,530799,530800,530802,530803,530805,530807,530808,530810,530811,,,,,,,,,,,,,,,,,,,,,,,,,,,,,,,,,,,,,,,,,,,,,,
ZP3F7:KW,(                ),kW,16.4,16.1,16.1,16.2,16.1,16.3,16.4,16.3,16.4,16.0,16.2,16.2,16.2,16.2,16.1,16.1,16.2,16.1,16.1,16.2,16.2,0.0,0.0,0.0,0.0,0.0,0.0,0.0,0.0,0.0,0.0,0.0,0.0,0.0,0.0,0.0,0.0,0.0,0.0,0.0,0.0,0.0,0.0,0.0,0.0,0.0,0.0,0.0,0.0,0.0,5.5,0.0,0.0,0.0,0.0,0.0,0.0,0.0,0.0,0.0,0.0,0.0,0.0,0.0,0.0,0.0,0.0,0.0,0.0,0.0,0.0,0.0,0.0,0.0,0.0,0.0,0.0,0.0,0.0,0.0,0.0,0.0,0.0,0.0,0.0,0.0,0.0,0.0,0.0,0.0,0.0,0.0,0.0,0.0,0.0,0.0,0.0,0.0,,,,,,,,,,,,,,,,,,,,,,,,,,,,,,,,,,,,,,,,,,,,,,
ZP3F7:KWH,(                ),,324662,324665,324668,324670,324673,324676,324678,324681,324684,324686,324689,324692,324695,324697,324700,324703,324705,324708,324711,324714,324716,324717,324717,324717,324717,324717,324717,324717,324717,324717,324717,324717,324717,324717,324717,324717,324717,324717,324717,324717,324717,324717,324717,324717,324717,324717,324717,324717,324717,324717,324719,324719,324719,324719,324719,324719,324719,324719,324719,324719,324719,324719,324719,324719,324719,324719,324719,324719,324719,324719,324719,324719,324719,324719,324719,324719,324719,324719,324719,324719,324719,324719,324719,324719,324719,324719,324719,324719,324719,324719,324719,324719,324719,324719,324719,324719,324719,324719,,,,,,,,,,,,,,,,,,,,,,,,,,,,,,,,,,,,,,,,,,,,,,
ZP4F7:KW,(                ),kW,0.0,0.0,0.0,0.0,0.0,0.0,0.0,0.0,0.0,0.0,0.0,0.0,0.0,0.0,0.0,0.0,0.0,0.0,0.0,0.0,0.0,0.0,0.0,0.0,0.0,0.0,0.0,0.0,0.0,0.0,0.0,0.0,0.0,0.0,0.0,0.0,0.0,0.0,0.0,0.0,0.0,0.0,0.0,0.0,0.0,0.0,0.0,0.0,0.0,0.0,11.7,11.4,10.8,10.3,10.1,10.9,11.6,11.2,12.0,11.5,11.1,11.4,11.8,11.0,11.2,11.3,10.6,11.1,10.6,10.7,11.2,10.4,11.0,11.1,10.6,11.5,10.8,10.6,11.1,11.1,10.7,11.3,10.9,10.8,11.1,11.1,10.7,11.5,11.0,10.6,10.9,11.2,10.4,11.3,10.9,10.8,11.1,11.1,,,,,,,,,,,,,,,,,,,,,,,,,,,,,,,,,,,,,,,,,,,,,,
ZP4F7:KWH,(                ),,791895,791895,791895,791895,791895,791895,791895,791895,791895,791895,791895,791895,791895,791895,791895,791895,791895,791895,791895,791895,791895,791895,791895,791895,791895,791895,791895,791895,791895,791895,791895,791895,791895,791895,791895,791895,791895,791895,791895,791895,791895,791895,791895,791895,791895,791895,791895,791895,791895,791895,791896,791898,791900,791902,791903,791905,791907,791909,791911,791913,791915,791916,791919,791920,791922,791924,791926,791928,791929,791931,791932,791935,791937,791939,791940,791942,791944,791946,791948,791950,791951,791953,791955,791957,791959,791961,791962,791964,791966,791968,791970,791972,791973,791975,791977,791979,791981,791982,,,,,,,,,,,,,,,,,,,,,,,,,,,,,,,,,,,,,,,,,,,,,,
ZP5F7:KW,(                ),kW,0.0,0.0,0.0,0.0,0.0,0.0,0.0,0.0,0.0,0.0,0.0,0.0,0.0,0.0,0.0,0.0,0.0,0.0,0.0,0.0,0.0,0.0,0.0,0.0,0.0,0.0,0.0,0.0,0.0,0.0,0.0,0.0,0.0,0.0,0.0,0.0,0.0,0.0,0.0,0.0,0.0,0.0,0.0,0.0,0.0,0.0,0.0,0.0,0.0,0.0,11.9,11.5,11.0,10.4,10.4,11.1,11.7,11.4,12.2,11.6,11.3,11.5,12.1,11.3,11.7,11.3,10.8,11.2,10.6,10.9,11.4,10.7,11.2,11.4,10.8,11.7,11.1,10.7,11.4,11.4,10.8,11.6,11.0,10.9,11.1,11.1,10.8,11.5,11.3,10.7,11.2,11.5,10.5,11.3,11.0,10.9,11.1,11.3,,,,,,,,,,,,,,,,,,,,,,,,,,,,,,,,,,,,,,,,,,,,,,
ZP5F7:KWH,(                ),,722381,722381,722381,722381,722381,722381,722381,722381,722381,722381,722381,722381,722381,722381,722381,722381,722381,722381,722381,722381,722381,722381,722381,722381,722381,722381,722381,722381,722381,722381,722381,722381,722381,722381,722381,722381,722381,722381,722381,722381,722381,722381,722381,722381,722381,722381,722381,722381,722381,722381,722382,722384,722386,722388,722389,722391,722393,722395,722397,722399,722401,722403,722405,722406,722408,722410,722412,722414,722416,722418,722418,722421,722423,722425,722427,722429,722430,722432,722434,722436,722438,722440,722442,722444,722445,722447,722449,722451,722453,722455,722456,722458,722460,722462,722464,722466,722468,722469,,,,,,,,,,,,,,,,,,,,,,,,,,,,,,,,,,,,,,,,,,,,,,
ZP6F7:KW,(                ),kW,0.0,0.0,0.0,0.0,0.0,0.0,0.0,0.0,0.0,0.0,0.0,0.0,0.0,0.0,0.0,0.0,0.0,0.0,0.0,0.0,0.0,0.0,0.0,0.0,0.0,0.0,0.0,0.0,0.0,0.0,0.0,0.0,0.0,0.0,0.0,0.0,0.0,0.0,0.0,0.0,0.0,0.0,0.0,0.0,0.0,0.0,0.0,0.0,0.0,0.0,0.0,0.0,0.0,0.0,0.0,0.0,0.0,0.0,0.0,0.0,0.0,0.0,0.0,0.0,0.0,0.0,0.0,0.0,0.0,0.0,0.0,0.0,0.0,0.0,0.0,0.0,0.0,0.0,0.0,0.0,0.0,0.0,0.0,0.0,0.0,0.0,0.0,0.0,0.0,0.0,0.0,0.0,0.0,0.0,0.0,0.0,0.0,0.0,,,,,,,,,,,,,,,,,,,,,,,,,,,,,,,,,,,,,,,,,,,,,,
ZP6F7:KWH,(                ),,336163,336163,336163,336163,336163,336163,336163,336163,336163,336163,336163,336163,336163,336163,336163,336163,336163,336163,336163,336163,336163,336163,336163,336163,336163,336163,336163,336163,336163,336163,336163,336163,336163,336163,336163,336163,336163,336163,336163,336163,336163,336163,336163,336163,336163,336163,336163,336163,336163,336163,336163,336163,336163,336163,336163,336163,336163,336163,336163,336163,336163,336163,336163,336163,336163,336163,336163,336163,336163,336163,336163,336163,336163,336163,336163,336163,336163,336163,336163,336163,336163,336163,336163,336163,336163,336163,336163,336163,336163,336163,336163,336163,336163,336163,336163,336163,336163,336163,,,,,,,,,,,,,,,,,,,,,,,,,,,,,,,,,,,,,,,,,,,,,,
ZP7F7:KW,(                ),kW,0.0,0.0,0.0,0.0,0.0,0.0,0.0,0.0,0.0,0.0,0.0,0.0,0.0,0.0,0.0,0.0,0.0,0.0,0.0,0.0,0.0,0.0,0.0,0.0,0.0,0.0,0.0,0.0,0.0,0.0,0.0,0.0,0.0,0.0,0.0,0.0,0.0,0.0,0.0,0.0,0.0,0.0,0.0,0.0,0.0,0.0,0.0,0.0,0.0,0.0,7.6,15.5,11.3,7.6,13.2,15.4,9.3,8.1,15.5,9.8,8.2,8.3,8.5,8.2,8.5,8.7,8.0,8.3,8.0,8.1,8.6,8.0,8.5,8.7,7.9,15.5,10.3,8.3,8.4,8.3,8.0,15.3,10.2,8.3,8.6,8.5,7.8,15.5,9.4,8.2,8.5,8.4,8.1,15.4,10.0,8.0,7.8,12.4,,,,,,,,,,,,,,,,,,,,,,,,,,,,,,,,,,,,,,,,,,,,,,
ZP7F7:KWH,(                ),,425189,425189,425189,425189,425189,425189,425189,425189,425189,425189,425189,425189,425189,425189,425189,425189,425189,425189,425189,425189,425189,425189,425189,425189,425189,425189,425189,425189,425189,425189,425189,425189,425189,425189,425189,425189,425189,425189,425189,425189,425189,425189,425189,425189,425189,425189,425189,425189,425189,425189,425191,425193,425195,425197,425198,425201,425203,425204,425206,425208,425210,425211,425213,425214,425215,425217,425218,425219,425221,425222,425223,425225,425226,425228,425229,425231,425233,425235,425236,425238,425239,425241,425243,425245,425246,425248,425249,425251,425253,425255,425256,425258,425259,425261,425263,425265,425266,425267,,,,,,,,,,,,,,,,,,,,,,,,,,,,,,,,,,,,,,,,,,,,,,
ZP8F7:KW,(                ),kW,0.0,0.0,0.0,0.0,0.0,0.0,0.0,0.0,0.0,0.0,0.0,0.0,0.0,0.0,0.0,0.0,0.0,0.0,0.0,0.0,0.0,0.0,0.0,0.0,0.0,0.0,0.0,0.0,0.0,0.0,0.0,0.0,0.0,0.0,0.0,0.0,0.0,0.0,0.0,0.0,0.0,0.0,0.0,0.0,0.0,0.0,0.0,0.0,0.0,0.0,7.9,0.0,11.8,8.0,0.0,0.8,9.8,8.4,0.0,10.2,8.5,8.8,8.7,8.5,9.0,9.1,8.3,8.7,8.5,8.6,9.1,8.2,8.8,8.9,8.3,0.0,10.7,8.7,8.8,8.6,8.3,0.0,10.6,8.6,8.9,8.8,8.2,0.0,9.9,8.5,8.8,8.9,8.4,0.0,10.4,8.6,8.2,0.0,,,,,,,,,,,,,,,,,,,,,,,,,,,,,,,,,,,,,,,,,,,,,,
ZP8F7:KWH,(                ),,445538,445538,445538,445538,445538,445538,445538,445538,445538,445538,445538,445538,445538,445538,445538,445538,445538,445538,445538,445538,445538,445538,445538,445538,445538,445538,445538,445538,445538,445538,445538,445538,445538,445538,445538,445538,445538,445538,445538,445538,445538,445538,445538,445538,445538,445538,445538,445538,445538,445538,445540,445540,445541,445543,445543,445543,445545,445546,445546,445548,445549,445551,445552,445554,445555,445556,445558,445559,445561,445562,445563,445565,445567,445568,445570,445570,445571,445573,445574,445576,445577,445578,445579,445580,445582,445583,445585,445585,445586,445588,445589,445591,445592,445592,445594,445595,445597,445598,,,,,,,,,,,,,,,,,,,,,,,,,,,,,,,,,,,,,,,,,,,,,,
ZP9F7:KW,(                ),kW,0.0,0.0,0.0,0.0,0.0,0.0,0.0,0.0,0.0,0.0,0.0,0.0,0.0,0.0,0.0,0.0,0.0,0.0,0.0,0.0,0.0,0.0,0.0,0.0,0.0,0.0,0.0,0.0,0.0,0.0,0.0,0.0,0.0,0.0,0.0,0.0,0.0,0.0,0.0,0.0,0.0,0.0,0.0,0.0,0.0,0.0,0.0,0.0,0.0,0.0,0.0,0.0,0.0,0.0,0.0,0.0,0.0,0.0,0.0,0.0,0.0,0.0,0.0,0.0,0.0,0.0,0.0,0.0,0.0,0.0,0.0,0.0,0.0,0.0,0.0,0.0,0.0,0.0,0.0,0.0,0.0,0.0,0.0,0.0,0.0,0.0,0.0,0.0,0.0,0.0,0.0,0.0,0.0,0.0,0.0,0.0,0.0,0.0,,,,,,,,,,,,,,,,,,,,,,,,,,,,,,,,,,,,,,,,,,,,,,
ZP9F7:KWH,(                ),,246580,246580,246580,246580,246580,246580,246580,246580,246580,246580,246580,246580,246580,246580,246580,246580,246580,246580,246580,246580,246580,246580,246580,246580,246580,246580,246580,246580,246580,246580,246580,246580,246580,246580,246580,246580,246580,246580,246580,246580,246580,246580,246580,246580,246580,246580,246580,246580,246580,246580,246580,246580,246580,246580,246580,246580,246580,246580,246580,246580,246580,246580,246580,246580,246580,246580,246580,246580,246580,246580,246580,246580,246580,246580,246580,246580,246580,246580,246580,246580,246580,246580,246580,246580,246580,246580,246580,246580,246580,246580,246580,246580,246580,246580,246580,246580,246580,246580,,,,,,,,,,,,,,,,,,,,,,,,,,,,,,,,,,,,,,,,,,,,,,
ZP10F7:KW,(                ),kW,0.0,0.0,0.0,0.0,0.0,0.0,0.0,0.0,0.0,0.0,0.0,0.0,0.0,0.0,0.0,0.0,0.0,0.0,0.0,0.0,0.0,0.0,0.0,0.0,0.0,0.0,0.0,0.0,0.0,0.0,0.0,0.0,0.0,0.0,0.0,0.0,0.0,0.0,0.0,0.0,0.0,0.0,0.0,0.0,0.0,0.0,0.0,0.0,0.0,0.0,23.1,23.3,23.2,15.6,13.4,13.2,14.2,14.1,15.2,14.4,14.4,14.5,13.9,13.4,13.8,13.2,13.3,13.9,12.7,13.5,13.5,13.0,14.1,14.0,13.1,14.9,13.6,13.3,13.9,14.0,13.4,13.7,14.0,13.4,13.9,14.0,13.3,14.5,13.6,13.7,13.7,14.3,13.7,14.8,13.9,13.3,12.6,13.6,,,,,,,,,,,,,,,,,,,,,,,,,,,,,,,,,,,,,,,,,,,,,,
ZP10F7:KWH,(                ),,564955,564955,564955,564955,564955,564955,564955,564955,564955,564955,564955,564955,564955,564955,564955,564955,564955,564955,564955,564955,564955,564955,564955,564955,564955,564955,564955,564955,564955,564955,564955,564955,564955,564955,564955,564955,564955,564955,564955,564955,564955,564955,564955,564955,564955,564955,564955,564955,564955,564955,564958,564962,564966,564970,564971,564974,564976,564979,564981,564984,564986,564988,564991,564993,564995,564997,565000,565002,565004,565007,565008,565011,565013,565016,565018,565020,565022,565025,565027,565029,565031,565034,565036,565039,565041,565043,565045,565048,565050,565052,565055,565057,565059,565062,565064,565066,565069,565070,,,,,,,,,,,,,,,,,,,,,,,,,,,,,,,,,,,,,,,,,,,,,,
ZP11F7:KW,(                ),kW,0.0,0.0,0.0,0.0,0.0,0.0,0.0,0.0,0.0,0.0,0.0,0.0,0.0,0.0,0.0,0.0,0.0,0.0,0.0,0.0,0.0,0.0,0.0,0.0,0.0,0.0,0.0,0.0,0.0,0.0,0.0,0.0,0.0,0.0,0.0,0.0,0.0,0.0,0.0,0.0,0.0,0.0,0.0,0.0,0.0,0.0,0.0,0.0,0.0,0.0,0.0,0.0,0.0,15.6,13.4,13.1,14.1,13.9,15.0,14.2,14.1,14.2,13.7,13.1,13.5,12.9,13.2,13.5,12.5,13.1,13.3,12.7,13.8,13.7,12.9,14.6,13.4,13.1,13.9,13.7,13.2,13.6,13.8,13.0,13.6,13.8,13.1,14.4,13.4,13.4,13.4,14.1,13.5,14.4,13.6,13.0,12.7,13.1,,,,,,,,,,,,,,,,,,,,,,,,,,,,,,,,,,,,,,,,,,,,,,
ZP11F7:KWH,(                ),,414624,414624,414624,414624,414624,414624,414624,414624,414624,414624,414624,414624,414624,414624,414624,414624,414624,414624,414624,414624,414624,414624,414624,414624,414624,414624,414624,414624,414624,414624,414624,414624,414624,414624,414624,414624,414624,414624,414624,414624,414624,414624,414624,414624,414624,414624,414624,414624,414624,414624,414624,414624,414624,414625,414627,414630,414632,414634,414637,414639,414641,414644,414646,414648,414651,414653,414655,414657,414659,414662,414663,414666,414668,414671,414673,414675,414677,414680,414682,414684,414686,414688,414691,414693,414695,414698,414700,414702,414705,414707,414709,414711,414713,414716,414718,414720,414723,414724,,,,,,,,,,,,,,,,,,,,,,,,,,,,,,,,,,,,,,,,,,,,,,
ZP12F7:KW,(                ),kW,0.0,0.0,0.0,0.0,0.0,0.0,0.0,0.0,0.0,0.0,0.0,0.0,0.0,0.0,0.0,0.0,0.0,0.0,0.0,0.0,0.0,0.0,0.0,0.0,0.0,0.0,0.0,0.0,0.0,0.0,0.0,0.0,0.0,0.0,0.0,0.0,0.0,0.0,0.0,0.0,0.0,0.0,0.0,0.0,0.0,0.0,0.0,0.0,0.0,0.0,0.0,0.0,0.0,0.0,0.0,0.0,0.0,0.0,0.0,0.0,0.0,0.0,0.0,0.0,0.0,0.0,0.0,0.0,0.0,0.0,0.0,0.0,0.0,0.0,0.0,0.0,0.0,0.0,0.0,0.0,0.0,0.0,0.0,0.0,0.0,0.0,0.0,0.0,0.0,0.0,0.0,0.0,0.0,0.0,0.0,0.0,0.0,0.0,,,,,,,,,,,,,,,,,,,,,,,,,,,,,,,,,,,,,,,,,,,,,,
ZP12F7:KWH,(                ),,252828,252828,252828,252828,252828,252828,252828,252828,252828,252828,252828,252828,252828,252828,252828,252828,252828,252828,252828,252828,252828,252828,252828,252828,252828,252828,252828,252828,252828,252828,252828,252828,252828,252828,252828,252828,252828,252828,252828,252828,252828,252828,252828,252828,252828,252828,252828,252828,252828,252828,252828,252828,252828,252828,252828,252828,252828,252828,252828,252828,252828,252828,252828,252828,252828,252828,252828,252828,252828,252828,252828,252828,252828,252828,252828,252828,252828,252828,252828,252828,252828,252828,252828,252828,252828,252828,252828,252828,252828,252828,252828,252828,252828,252828,252828,252828,252828,252828,,,,,,,,,,,,,,,,,,,,,,,,,,,,,,,,,,,,,,,,,,,,,,
ZP13F7:KW,(                ),kW,0.0,0.0,0.0,0.0,0.0,0.0,0.0,0.0,0.0,0.0,0.0,0.0,0.0,0.0,0.0,0.0,0.0,0.0,0.0,0.0,0.0,0.0,0.0,0.0,0.0,0.0,0.0,0.0,0.0,0.0,0.0,0.0,0.0,0.0,0.0,0.0,0.0,0.0,0.0,0.0,0.0,0.0,0.0,0.0,0.0,0.0,0.0,0.0,0.0,0.0,19.5,21.6,21.5,21.5,10.5,18.6,21.6,11.5,18.0,21.6,12.0,18.1,21.6,11.3,19.6,21.6,10.6,20.6,16.8,10.1,18.3,14.2,14.3,21.5,13.1,15.4,21.6,13.1,15.5,21.6,13.5,10.4,21.6,13.6,14.7,21.5,12.8,15.7,21.6,12.5,15.8,21.5,14.4,15.0,21.6,13.6,13.6,18.6,,,,,,,,,,,,,,,,,,,,,,,,,,,,,,,,,,,,,,,,,,,,,,
ZP13F7:KWH,(                ),,535539,535539,535539,535539,535539,535539,535539,535539,535539,535539,535539,535539,535539,535539,535539,535539,535539,535539,535539,535539,535539,535539,535539,535539,535539,535539,535539,535539,535539,535539,535539,535539,535539,535539,535539,535539,535539,535539,535539,535539,535539,535539,535539,535539,535539,535539,535539,535539,535539,535539,535542,535545,535549,535553,535554,535557,535561,535563,535565,535569,535572,535574,535577,535580,535582,535585,535588,535590,535594,535596,535597,535602,535604,535607,535611,535613,535616,535619,535621,535624,535627,535629,535632,535636,535638,535641,535644,535646,535649,535653,535655,535658,535661,535663,535666,535669,535671,535673,,,,,,,,,,,,,,,,,,,,,,,,,,,,,,,,,,,,,,,,,,,,,,
ZP14F7:KW,(                ),kW,0.0,0.0,0.0,0.0,0.0,0.0,0.0,0.0,0.0,0.0,0.0,0.0,0.0,0.0,0.0,0.0,0.0,0.0,0.0,0.0,0.0,0.0,0.0,0.0,0.0,0.0,0.0,0.0,0.0,0.0,0.0,0.0,0.0,0.0,0.0,0.0,0.0,0.0,0.0,0.0,0.0,0.0,0.0,0.0,0.0,0.0,0.0,0.0,0.0,0.0,0.0,0.0,0.0,1.4,11.0,0.0,0.0,12.0,0.0,0.0,12.5,0.0,0.0,11.8,0.0,0.0,11.1,0.0,17.3,10.5,0.0,14.8,0.0,0.0,13.6,0.0,0.0,13.7,0.0,0.0,14.1,10.8,0.0,14.0,0.0,0.0,13.2,0.0,0.0,13.0,0.0,0.0,14.8,0.0,0.0,14.2,0.0,0.0,,,,,,,,,,,,,,,,,,,,,,,,,,,,,,,,,,,,,,,,,,,,,,
ZP14F7:KWH,(                ),,369681,369681,369681,369681,369681,369681,369681,369681,369681,369681,369681,369681,369681,369681,369681,369681,369681,369681,369681,369681,369681,369681,369681,369681,369681,369681,369681,369681,369681,369681,369681,369681,369681,369681,369681,369681,369681,369681,369681,369681,369681,369681,369681,369681,369681,369681,369681,369681,369681,369681,369681,369681,369681,369681,369682,369683,369683,369685,369686,369686,369688,369690,369690,369691,369692,369692,369694,369695,369695,369697,369698,369698,369700,369700,369701,369703,369703,369704,369706,369706,369707,369708,369708,369709,369711,369711,369712,369714,369714,369715,369717,369717,369717,369719,369719,369720,369722,369722,,,,,,,,,,,,,,,,,,,,,,,,,,,,,,,,,,,,,,,,,,,,,,
ZP15F7:KW,(                ),kW,0.0,0.0,0.0,0.0,0.0,0.0,0.0,0.0,0.0,0.0,0.0,0.0,0.0,0.0,0.0,0.0,0.0,0.0,0.0,0.0,0.0,0.0,0.0,0.0,0.0,0.0,0.0,0.0,0.0,0.0,0.0,0.0,0.0,0.0,0.0,0.0,0.0,0.0,0.0,0.0,0.0,0.0,0.0,0.0,0.0,0.0,0.0,0.0,0.0,0.0,0.0,0.0,0.0,0.0,0.0,0.0,0.0,0.0,0.0,0.0,0.0,0.0,0.0,0.0,0.0,0.0,0.0,0.0,0.0,0.0,0.0,0.0,0.0,0.0,0.0,0.0,0.0,0.0,0.0,0.0,0.0,0.0,0.0,0.0,0.0,0.0,0.0,0.0,0.0,0.0,0.0,0.0,0.0,0.0,0.0,0.0,0.0,0.0,,,,,,,,,,,,,,,,,,,,,,,,,,,,,,,,,,,,,,,,,,,,,,
ZP15F7:KWH,(                ),,223129,223129,223129,223129,223129,223129,223129,223129,223129,223129,223129,223129,223129,223129,223129,223129,223129,223129,223129,223129,223129,223129,223129,223129,223129,223129,223129,223129,223129,223129,223129,223129,223129,223129,223129,223129,223129,223129,223129,223129,223129,223129,223129,223129,223129,223129,223129,223129,223129,223129,223129,223129,223129,223129,223129,223129,223129,223129,223129,223129,223129,223129,223129,223129,223129,223129,223129,223129,223129,223129,223129,223129,223129,223129,223129,223129,223129,223129,223129,223129,223129,223129,223129,223129,223129,223129,223129,223129,223129,223129,223129,223129,223129,223129,223129,223129,223129,223129,,,,,,,,,,,,,,,,,,,,,,,,,,,,,,,,,,,,,,,,,,,,,,
