變數名稱,說明,單位,00:10:00,00:20:00,00:30:00,00:40:00,00:50:00,01:00:00,01:10:00,01:20:00,01:30:00,01:40:00,01:50:00,02:00:00,02:10:00,02:20:00,02:30:00,02:40:00,02:50:00,03:00:00,03:10:00,03:20:00,03:30:00,03:40:00,03:50:00,04:00:00,04:10:00,04:20:00,04:30:00,04:40:00,04:50:00,05:00:00,05:10:00,05:20:00,05:30:00,05:40:00,05:50:00,06:00:00,06:10:00,06:20:00,06:30:00,06:40:00,06:50:00,07:00:00,07:10:00,07:20:00,07:30:00,07:40:00,07:50:00,08:00:00,08:10:00,08:20:00,08:30:00,08:40:00,08:50:00,09:00:00,09:10:00,09:20:00,09:30:00,09:40:00,09:50:00,10:00:00,10:10:00,10:20:00,10:30:00,10:40:00,10:50:00,11:00:00,11:10:00,11:20:00,11:30:00,11:40:00,11:50:00,12:00:00,12:10:00,12:20:00,12:30:00,12:40:00,12:50:00,13:00:00,13:10:00,13:20:00,13:30:00,13:40:00,13:50:00,14:00:00,14:10:00,14:20:00,14:30:00,14:40:00,14:50:00,15:00:00,15:10:00,15:20:00,15:30:00,15:40:00,15:50:00,16:00:00,16:10:00,16:20:00,16:30:00,16:40:00,16:50:00,17:00:00,17:10:00,17:20:00,17:30:00,17:40:00,17:50:00,18:00:00,18:10:00,18:20:00,18:30:00,18:40:00,18:50:00,19:00:00,19:10:00,19:20:00,19:30:00,19:40:00,19:50:00,20:00:00,20:10:00,20:20:00,20:30:00,20:40:00,20:50:00,21:00:00,21:10:00,21:20:00,21:30:00,21:40:00,21:50:00,22:00:00,22:10:00,22:20:00,22:30:00,22:40:00,22:50:00,23:00:00,23:10:00,23:20:00,23:30:00,23:40:00,23:50:00,00:00:00
7F-CH-1.ST,(CH1出水溫度     ),DEG C,14.0,14.5,14.7,15.1,15.5,15.9,16.3,16.2,16.4,16.7,16.9,17.2,17.4,17.6,17.8,18.0,17.5,17.8,18.1,18.3,18.5,18.7,18.9,19.0,19.1,19.3,19.4,19.5,19.6,19.7,20.0,20.1,20.2,20.3,20.4,20.5,20.6,20.7,20.8,21.0,21.1,21.2,21.3,21.4,21.5,21.6,21.7,21.5,21.2,20.6,19.6,20.0,20.1,13.4,13.0,11.9,10.1,8.4,7.4,7.0,7.2,7.4,7.3,7.3,7.7,7.8,7.9,8.1,8.2,8.3,8.3,8.6,8.6,8.8,8.9,9.0,9.0,9.3,9.2,9.5,9.3,9.4,9.4,9.4,9.4,9.5,9.5,9.5,9.6,9.6,9.6,9.6,9.6,9.5,9.4,9.5,9.5,9.4,9.4,9.3,9.3,9.4,,,,,,,,,,,,,,,,,,,,,,,,,,,,,,,,,,,,,,,,,,
7F-CH-2.ST,(CH2出水溫度     ),DEG C,14.2,14.7,15.0,15.4,15.7,16.1,16.3,16.4,16.6,16.9,17.1,17.4,17.6,17.9,18.1,18.3,17.8,18.0,18.3,18.5,18.7,18.9,19.1,19.2,19.4,19.5,19.6,19.7,19.8,19.9,20.1,20.2,20.3,20.4,20.6,20.7,20.8,20.9,21.0,21.1,21.2,21.3,21.4,21.5,21.6,21.7,21.8,21.9,21.7,21.2,20.5,20.2,20.2,18.7,18.0,16.9,15.0,13.2,12.2,11.5,11.2,11.7,11.9,12.0,12.5,12.5,12.6,13.0,12.9,13.1,13.1,13.4,13.4,13.6,13.8,13.8,13.9,14.1,14.0,14.3,14.2,14.2,14.3,14.2,14.3,14.3,14.4,14.4,14.5,14.5,14.5,14.5,14.5,14.4,14.3,14.4,14.3,14.3,14.3,14.2,14.2,14.3,,,,,,,,,,,,,,,,,,,,,,,,,,,,,,,,,,,,,,,,,,
7F-CH-3.ST,(CH3出水溫度     ),DEG C,14.1,14.6,14.9,15.3,15.6,16.0,16.3,16.3,16.6,16.8,17.1,17.3,17.5,17.8,18.0,18.2,17.7,17.9,18.2,18.4,18.6,18.8,19.0,19.1,19.3,19.4,19.6,19.6,19.7,19.8,20.1,20.2,20.3,20.4,20.5,20.6,20.7,20.8,20.9,21.1,21.2,21.3,21.4,21.5,21.6,21.7,21.8,21.7,21.5,20.9,20.1,20.1,20.1,18.6,18.0,16.8,10.7,9.1,8.1,7.7,7.7,7.9,8.0,8.0,8.5,8.5,8.7,8.9,8.9,9.0,9.0,9.3,9.3,9.5,9.6,9.7,9.7,10.0,9.9,10.2,10.0,10.2,10.1,10.1,10.1,10.2,10.3,10.2,10.3,10.3,10.3,10.3,10.3,10.2,10.1,10.2,10.2,10.1,10.1,10.0,10.0,10.1,,,,,,,,,,,,,,,,,,,,,,,,,,,,,,,,,,,,,,,,,,
7F-CH-4.ST,(CH4出水溫度     ),DEG C,13.8,14.3,14.7,15.1,15.5,15.8,15.9,16.1,16.3,16.6,16.8,17.1,17.3,17.6,17.8,18.0,17.5,17.7,18.0,18.2,18.4,18.6,18.8,18.9,19.1,19.2,19.3,19.4,19.5,19.8,19.9,20.0,20.1,20.2,20.3,20.5,20.6,20.7,20.8,20.9,21.0,21.1,21.2,21.3,21.4,21.5,21.7,21.4,21.0,20.2,19.2,19.9,19.9,18.2,17.8,13.0,10.9,9.2,8.2,7.6,7.5,7.7,8.0,8.1,8.5,8.5,8.6,8.9,8.9,9.0,9.0,9.3,9.3,9.5,9.6,9.7,9.8,10.0,9.9,10.2,10.0,10.1,10.1,10.0,10.1,10.2,10.3,10.2,10.3,10.3,10.3,10.3,10.4,10.3,10.1,10.2,10.2,10.1,10.1,10.0,10.0,10.2,,,,,,,,,,,,,,,,,,,,,,,,,,,,,,,,,,,,,,,,,,
7F-CH-5.ST,(CH5出水溫度     ),DEG C,14.0,14.5,14.8,15.2,15.5,15.9,16.2,16.2,16.5,16.7,16.9,17.2,17.4,17.7,17.9,18.1,17.6,17.8,18.1,18.3,18.5,18.7,18.9,19.0,19.2,19.3,19.5,19.5,19.6,19.7,19.7,19.7,19.8,19.8,19.8,19.9,19.9,19.9,19.9,20.0,20.0,20.0,20.1,20.1,20.1,20.2,20.2,20.3,20.3,20.4,20.4,20.0,20.0,18.6,17.5,16.8,14.9,13.0,12.1,11.5,11.1,11.6,11.8,12.0,12.4,12.3,12.4,12.7,12.7,12.8,12.8,13.1,13.1,13.3,13.5,13.6,13.5,13.8,13.8,14.1,13.8,13.9,14.0,13.9,13.9,14.1,14.2,14.1,14.1,14.3,14.3,14.2,14.2,14.2,14.0,14.1,14.1,14.0,14.0,13.9,13.9,14.0,,,,,,,,,,,,,,,,,,,,,,,,,,,,,,,,,,,,,,,,,,
7F-CH.ST,(冰水總出水溫度  ),DEG C,14.9,14.4,14.7,15.1,15.5,15.8,16.2,16.2,16.4,16.6,16.9,17.1,17.4,17.6,17.8,18.0,17.5,17.8,18.0,18.3,18.5,18.7,18.8,19.0,19.1,19.3,19.4,19.5,19.6,19.5,19.5,19.5,19.6,19.6,19.6,19.7,19.9,20.0,20.1,20.2,20.3,20.4,20.4,20.6,20.7,20.7,20.8,20.9,21.0,21.1,21.1,20.0,20.0,16.8,16.6,14.5,11.6,9.8,8.9,8.4,8.3,8.6,8.7,8.8,9.2,9.2,9.3,9.6,9.6,9.7,9.7,10.0,10.0,10.2,10.3,10.4,10.4,10.8,10.6,11.0,10.7,10.9,10.8,10.8,10.8,11.0,11.0,10.9,11.0,11.0,11.1,11.0,11.1,11.0,10.8,11.0,10.9,10.8,10.8,10.8,10.7,10.9,,,,,,,,,,,,,,,,,,,,,,,,,,,,,,,,,,,,,,,,,,
7F-CH-1.RT,(CH1回水溫度     ),,14.0,14.5,14.9,15.3,15.6,16.0,16.1,16.3,16.5,16.8,17.0,17.3,17.5,17.7,17.9,18.2,17.7,17.9,18.2,18.4,18.6,18.8,19.0,19.1,19.3,19.4,19.5,19.6,19.7,19.9,20.1,20.2,20.3,20.4,20.5,20.6,20.7,20.8,21.0,21.1,21.2,21.3,21.4,21.5,21.6,21.7,21.9,21.6,21.2,20.4,19.4,20.1,20.1,18.4,18.0,16.7,14.8,13.1,12.0,11.4,11.0,11.6,11.8,11.9,12.4,12.4,12.5,12.9,12.8,13.0,13.0,13.3,13.3,13.5,13.7,13.7,13.8,14.0,13.9,14.2,14.1,14.1,14.1,14.1,14.1,14.2,14.3,14.3,14.4,14.4,14.4,14.4,14.4,14.3,14.2,14.3,14.2,14.2,14.2,14.1,14.1,14.2,,,,,,,,,,,,,,,,,,,,,,,,,,,,,,,,,,,,,,,,,,
7F-CH-2.RT,(CH2回水溫度     ),,14.2,14.6,15.0,15.4,15.8,16.1,16.1,16.4,16.7,16.9,17.2,17.4,17.7,17.9,18.1,18.3,17.9,18.1,18.3,18.5,18.7,18.9,19.1,19.2,19.4,19.5,19.7,19.7,19.8,20.0,20.2,20.3,20.4,20.5,20.7,20.8,20.9,21.0,21.1,21.2,21.3,21.4,21.5,21.6,21.7,21.8,21.9,21.7,21.4,20.7,19.8,20.2,20.2,18.5,18.1,16.8,14.9,13.2,12.1,11.5,11.2,11.8,11.9,12.0,12.5,12.5,12.7,13.0,13.0,13.1,13.1,13.4,13.4,13.6,13.8,13.8,13.9,14.1,14.0,14.3,14.2,14.3,14.2,14.2,14.3,14.3,14.4,14.4,14.5,14.5,14.4,14.5,14.5,14.4,14.3,14.4,14.3,14.3,14.3,14.2,14.2,14.3,,,,,,,,,,,,,,,,,,,,,,,,,,,,,,,,,,,,,,,,,,
7F-CH-3.RT,(CH3回水溫度     ),,14.1,14.6,15.0,15.4,15.7,16.1,16.1,16.3,16.6,16.8,17.1,17.3,17.6,17.8,18.0,18.2,17.8,18.0,18.2,18.5,18.7,18.9,19.0,19.2,19.3,19.5,19.6,19.7,19.8,19.9,20.1,20.2,20.4,20.5,20.6,20.7,20.8,20.9,21.0,21.1,21.2,21.3,21.4,21.5,21.6,21.7,21.9,21.7,21.3,20.6,19.6,20.1,20.2,18.5,18.1,16.8,14.8,13.1,12.1,11.4,11.1,11.7,11.9,12.0,12.5,12.5,12.7,13.0,12.9,13.1,13.1,13.3,13.4,13.6,13.7,13.8,13.9,14.1,14.0,14.2,14.1,14.2,14.2,14.1,14.2,14.3,14.4,14.3,14.4,14.4,14.4,14.4,14.4,14.4,14.2,14.4,14.3,14.2,14.2,14.2,14.1,14.2,,,,,,,,,,,,,,,,,,,,,,,,,,,,,,,,,,,,,,,,,,
7F-CH-4.RT,(CH4回水溫度     ),,14.1,14.6,15.0,15.4,15.8,16.1,16.1,16.4,16.6,16.9,17.1,17.4,17.6,17.8,18.0,18.3,17.8,18.0,18.3,18.5,18.7,18.9,19.0,19.2,19.3,19.5,19.6,19.7,19.8,20.1,20.2,20.3,20.4,20.5,20.6,20.7,20.8,20.9,21.0,21.2,21.3,21.4,21.5,21.6,21.7,21.8,22.0,21.6,21.2,20.4,19.3,20.2,20.2,18.4,18.0,16.8,14.8,13.2,12.1,11.5,11.2,11.7,11.9,12.1,12.5,12.5,12.7,13.0,12.9,13.0,13.0,13.3,13.4,13.5,13.7,13.8,13.8,14.1,14.0,14.2,14.1,14.2,14.2,14.1,14.2,14.3,14.4,14.3,14.4,14.4,14.4,14.4,14.4,14.4,14.2,14.3,14.3,14.2,14.2,14.1,14.1,14.3,,,,,,,,,,,,,,,,,,,,,,,,,,,,,,,,,,,,,,,,,,
7F-CH-5.RT,(CH5回水溫度     ),,14.0,14.4,14.8,15.2,15.6,15.9,15.9,16.2,16.4,16.7,16.9,17.2,17.4,17.7,17.9,18.1,17.7,17.9,18.1,18.3,18.5,18.7,18.9,19.0,19.2,19.3,19.4,19.5,19.6,19.7,19.7,19.7,19.8,19.8,19.8,19.9,19.9,19.9,19.9,19.9,20.0,20.0,20.0,20.0,20.0,20.1,20.1,20.1,20.2,20.2,20.3,20.0,20.0,18.3,17.6,16.6,14.7,13.0,12.0,11.5,11.1,11.6,11.8,12.0,12.4,12.3,12.4,12.7,12.6,12.7,12.8,13.1,13.1,13.2,13.5,13.5,13.5,13.8,13.8,14.0,13.8,13.9,14.0,13.8,13.9,14.1,14.2,14.0,14.1,14.2,14.1,14.1,14.2,14.2,14.0,14.0,14.1,14.0,14.0,13.9,13.9,14.0,,,,,,,,,,,,,,,,,,,,,,,,,,,,,,,,,,,,,,,,,,
7F-CH.RT,(冰水總回水溫度  ),DEG C,13.9,14.3,14.8,15.2,15.5,15.9,15.8,16.1,16.4,16.6,16.9,17.1,17.4,17.6,17.8,18.1,17.6,17.8,18.0,18.2,18.4,18.6,18.8,18.9,19.1,19.2,19.3,19.4,19.5,19.9,19.9,20.0,20.2,20.3,20.4,20.5,20.6,20.7,20.8,20.9,21.0,21.1,21.2,21.3,21.4,21.6,21.6,21.3,20.9,20.0,18.9,20.0,19.9,18.0,18.9,16.4,14.5,12.5,11.3,10.5,10.1,11.1,11.3,11.2,11.9,12.4,12.6,12.9,13.0,13.6,13.4,13.3,13.7,14.0,13.7,13.9,14.6,14.2,14.0,14.2,14.7,14.4,14.1,14.3,14.6,14.1,14.4,14.8,14.7,14.4,14.4,14.9,14.5,14.3,14.4,14.8,14.2,14.2,14.4,14.5,14.0,14.3,,,,,,,,,,,,,,,,,,,,,,,,,,,,,,,,,,,,,,,,,,
7F-CH-1.CHDT,(冰水溫差        ),DEG C,0.0,0.0,0.0,0.0,0.0,0.0,0.0,0.0,0.0,0.0,0.0,0.0,0.0,0.0,0.0,0.0,0.0,0.0,0.0,0.0,0.0,0.0,0.0,0.0,0.0,0.0,0.0,0.0,0.0,0.0,0.0,0.0,0.0,0.0,0.0,0.0,0.0,0.0,0.0,0.0,0.0,0.0,0.0,0.0,0.0,0.0,0.0,0.0,0.0,0.0,0.0,0.1,0.1,5.0,5.0,4.8,4.8,4.7,4.6,4.3,3.8,4.2,4.5,4.6,4.7,4.7,4.7,4.7,4.7,4.7,4.7,4.7,4.7,4.7,4.7,4.8,4.8,4.7,4.8,4.7,4.8,4.7,4.7,4.7,4.8,4.7,4.8,4.8,4.8,4.8,4.7,4.8,4.7,4.8,4.7,4.8,4.7,4.8,4.8,4.8,4.8,4.8,,,,,,,,,,,,,,,,,,,,,,,,,,,,,,,,,,,,,,,,,,
7F-CH-2.CHDT,(冰水溫差        ),DEG C,0.0,0.0,0.0,0.0,0.0,0.0,0.0,0.0,0.0,0.0,0.0,0.0,0.0,0.0,0.0,0.0,0.0,0.0,0.0,0.0,0.0,0.0,0.0,0.0,0.0,0.0,0.0,0.0,0.0,0.0,0.0,0.0,0.0,0.0,0.0,0.0,0.0,0.0,0.0,0.0,0.0,0.0,0.0,0.0,0.0,0.0,0.0,0.0,0.0,0.0,0.0,0.0,0.0,0.0,0.0,0.0,0.0,0.0,0.0,0.0,0.0,0.0,0.0,0.0,0.0,0.0,0.0,0.0,0.0,0.0,0.0,0.0,0.0,0.0,0.0,0.0,0.0,0.0,0.0,0.0,0.0,0.0,0.0,0.0,0.0,0.0,0.0,0.0,0.0,0.0,0.0,0.0,0.0,0.0,0.0,0.0,0.0,0.0,0.0,0.0,0.0,0.0,,,,,,,,,,,,,,,,,,,,,,,,,,,,,,,,,,,,,,,,,,
7F-CH-3.CHDT,(冰水溫差        ),DEG C,0.0,0.0,0.0,0.0,0.0,0.0,0.0,0.0,0.0,0.0,0.0,0.0,0.0,0.0,0.0,0.0,0.0,0.0,0.0,0.0,0.0,0.0,0.0,0.0,0.0,0.0,0.0,0.0,0.0,0.0,0.0,0.0,0.0,0.0,0.0,0.0,0.0,0.0,0.0,0.0,0.0,0.0,0.0,0.0,0.0,0.0,0.0,0.0,0.0,0.0,0.0,0.0,0.0,0.0,0.0, -0.0,4.2,4.1,4.0,3.7,3.4,3.8,3.9,4.0,4.0,4.0,4.0,4.1,4.0,4.1,4.0,4.0,4.1,4.0,4.1,4.1,4.1,4.1,4.1,4.0,4.1,4.0,4.1,4.1,4.1,4.1,4.1,4.1,4.1,4.1,4.0,4.2,4.1,4.2,4.1,4.1,4.1,4.1,4.1,4.1,4.1,4.1,,,,,,,,,,,,,,,,,,,,,,,,,,,,,,,,,,,,,,,,,,
7F-CH-4.CHDT,(冰水溫差        ),DEG C,0.0,0.0,0.0,0.0,0.0,0.0,0.0,0.0,0.0,0.0,0.0,0.0,0.0,0.0,0.0,0.0,0.0,0.0,0.0,0.0,0.0,0.0,0.0,0.0,0.0,0.0,0.0,0.0,0.0,0.0,0.0,0.0,0.0,0.0,0.0,0.0,0.0,0.0,0.0,0.0,0.0,0.0,0.0,0.0,0.0,0.0,0.0,0.0,0.0,0.0,0.0,0.0,0.0,0.2,0.3,3.8,4.0,4.0,4.0,3.9,3.7,4.0,4.0,4.0,4.0,4.0,4.0,4.0,4.0,4.0,4.1,4.1,4.1,4.1,4.1,4.1,4.1,4.0,4.1,4.0,4.1,4.0,4.1,4.1,4.1,4.1,4.1,4.1,4.1,4.1,4.0,4.1,4.1,4.1,4.1,4.1,4.1,4.1,4.1,4.1,4.1,4.1,,,,,,,,,,,,,,,,,,,,,,,,,,,,,,,,,,,,,,,,,,
7F-CH-5.CHDT,(冰水溫差        ),DEG C,0.0,0.0,0.0,0.0,0.0,0.0,0.0,0.0,0.0,0.0,0.0,0.0,0.0,0.0,0.0,0.0,0.0,0.0,0.0,0.0,0.0,0.0,0.0,0.0,0.0,0.0,0.0,0.0,0.0,0.0,0.0,0.0,0.0,0.0,0.0,0.0,0.0,0.0,0.0,0.0,0.0,0.0,0.0,0.0,0.0,0.0,0.0,0.0,0.0,0.0,0.0,0.0,0.0,0.0,0.0,0.0,0.0,0.0,0.0,0.0,0.0,0.0,0.0,0.0,0.0,0.0,0.0,0.0,0.0,0.0,0.0,0.0,0.0,0.0,0.0,0.0,0.0,0.0,0.0,0.0,0.0,0.0,0.0,0.0,0.0,0.0,0.0,0.0,0.0,0.0,0.0,0.0,0.0,0.0,0.0,0.0,0.0,0.0,0.0,0.0,0.0,0.0,,,,,,,,,,,,,,,,,,,,,,,,,,,,,,,,,,,,,,,,,,
7F-CHSYS.CHDT,(冰水系統溫差    ),DEG C, -0.9,0.0,0.1,0.1,0.0,0.0, -0.5, -0.1, -0.0, -0.0, -0.0, -0.0, -0.0, -0.0, -0.0,0.1,0.1,0.0, -0.0, -0.0, -0.0, -0.0, -0.0, -0.0, -0.0, -0.0, -0.1, -0.0, -0.0,0.4,0.4,0.5,0.6,0.7,0.8,0.8,0.7,0.7,0.8,0.8,0.8,0.8,0.8,0.8,0.8,0.8,0.8,0.4, -0.1, -1.1, -2.3, -0.0, -0.1,1.2,2.3,1.9,2.9,2.7,2.5,2.1,1.8,2.5,2.6,2.4,2.6,3.3,3.2,3.3,3.4,3.8,3.7,3.3,3.7,3.9,3.4,3.5,4.1,3.4,3.3,3.2,4.0,3.5,3.3,3.5,3.8,3.2,3.4,3.9,3.7,3.3,3.3,3.9,3.4,3.3,3.6,3.9,3.3,3.4,3.6,3.7,3.3,3.4,,,,,,,,,,,,,,,,,,,,,,,,,,,,,,,,,,,,,,,,,,
7F-CH-1.FM,(CH1水流量       ),,756,1280,1319,1270,1289,1311,2034,2047,2020,2037,2027,1988,2008,2047,2013,1772,1880,1829,1878,1867,1848,1876,1881,1855,1858,1871,1895,1900,1882,772,749,758,744,758,777,752,762,737,752,751,765,776,753,759,756,737,727,759,742,741,758,5950,6142,5904,6115,6171,6165,6084,6085,6103,6044,6068,6116,6112,6119,6058,6090,6065,6104,6068,6050,6061,6070,6026,6062,6070,6044,6155,6016,6127,6104,6176,6084,6141,6077,6080,6126,6064,6109,6084,6166,6081,6154,6065,6066,6110,6142,6061,6019,6039,6021,6149,,,,,,,,,,,,,,,,,,,,,,,,,,,,,,,,,,,,,,,,,,
7F-CH-2.FM,(CH2水流量       ),,20,978,984,973,1001,995,2053,2045,2051,2085,2039,2064,2089,2074,2057,1670,1909,1951,1906,1970,1931,1892,1884,1915,1924,1914,1934,1893,1943,20,20,20,20,20,20,20,20,20,20,20,20,20,20,20,20,20,20,20,20,20,20,1874,2634,2045,3079,3259,3078,2954,3012,2939,2934,2896,3089,2949,3135,2885,3115,2903,3095,2912,2931,2892,2856,2953,2881,2929,2901,3223,2973,3164,2951,3193,2895,3140,2934,3139,2929,2948,2989,2920,3171,2970,3192,2918,2901,2971,3124,2899,2862,2940,2881,3171,,,,,,,,,,,,,,,,,,,,,,,,,,,,,,,,,,,,,,,,,,
7F-CH-3.FM,(CH3水流量       ),, -1, -1, -1, -1, -1, -1,907,904,876,932,967,914,928,982,956,754,934,818,895,898,878,914,885,948,923,924,890,903,946, -1, -1, -1, -1, -1, -1, -1, -1, -1, -1, -1, -1, -1, -1, -1, -1, -3, -1, -1, -1, -1, -1,846,1448,1021,4887,4885,4728,4576,4589,4553,4571,4553,4593,4567,4681,4532,4653,4589,4654,4578,4629,4554,4621,4635,4646,4607,4682,4746,4624,4732,4653,4665,4610,4660,4614,4706,4667,4673,4695,4665,4765,4659,4721,4603,4653,4635,4742,4649,4631,4645,4623,4760,,,,,,,,,,,,,,,,,,,,,,,,,,,,,,,,,,,,,,,,,,
7F-CH-4.FM,(CH4水流量       ),,1131,1949,1889,1906,1865,1889,2696,2656,2781,2709,2601,2709,2729,2770,2776,2487,2578,2648,2631,2656,2609,2610,2582,2639,2612,2648,2689,2670,2648,1248,1220,1137,1104,1131,1162,1245,1193,1190,1226,1171,1196,1249,1284,1251,1168,1256,1114,1240,1181,1207,1164,2653,3317,7492,7628,7674,7467,7376,7232,7242,7357,7051,7364,7231,7451,7389,7309,7245,7317,7318,7285,7346,7246,7567,7231,7317,7462,7443,7239,7407,7298,7421,7362,7396,7262,7396,7231,7398,7287,7207,7512,7423,7496,7478,7260,7289,7362,7374,7384,7421,7110,7415,,,,,,,,,,,,,,,,,,,,,,,,,,,,,,,,,,,,,,,,,,
7F-CH-5.FM,(CH5水流量       ),,10,1010,990,1046,1193,1237,2124,1965,2184,1967,2117,1971,2156,1753,2212, -3617,9,1954, -3617,1967,1887,1620,1973,1854,1262,1837,1953,1989, -3729,7,9,9,9,9,9,9,9,9,9,9,9,9,9,9,9,9,9,9,7,7,7,1429,2781,9,3042,2906,2987,2845,2846,2934,2853,2699,2884,2842,3060,2690,2896,2703,2849,2789,2781,2835,2617,2809,2735,2693,2807,3014,2953,3070,2789,3109,2784,3049,2762,3121,2921,2932,2946,2739,3203,2923,3062,2846,2920,2810,3067,2835,2703,2906,2914,3020,,,,,,,,,,,,,,,,,,,,,,,,,,,,,,,,,,,,,,,,,,
7F-CH.FM,(冰水總流量      ),,20,5740,5774,5719,5616,5781,8872,9202,8672,8834,8861,9054,8593,8700,8562,8614,9518,9470,9219,9250,9257,9236,9363,9459,9308,9288,9301,9002,9129,20,20,17,17,17,17,17,17,17,17,17,17,17,17,10,17,17,17,17,17,17,17,13612,17170,19256,26967,27664,26991,25822,26630,26726,26564,25863,26894,26798,27039,25719,26296,26406,26399,25739,25733,26341,25193,26118,26149,26317,25492,27200,26104,27053,25808,26564,26186,26723,26138,26812,26527,25626,26069,26317,26888,25629,26771,26430,25540,25901,26905,26241,25234,26097,26351,27046,,,,,,,,,,,,,,,,,,,,,,,,,,,,,,,,,,,,,,,,,,
7F-CW-1.ST,(CW1出水溫度     ),DEG C,25.1,25.1,25.1,25.1,25.1,25.2,25.2,25.2,25.2,25.3,25.3,25.3,25.3,25.3,25.3,25.4,25.4,25.4,25.4,25.4,25.4,25.4,25.4,25.4,25.4,25.4,25.4,25.4,25.4,25.5,25.4,25.5,25.4,25.5,25.5,25.5,25.5,25.5,25.5,25.5,25.5,25.5,25.5,25.5,25.5,25.5,25.5,25.5,25.5,25.5,25.6,24.4,23.6,32.5,33.9,34.2,34.2,34.1,33.9,33.4,32.1,32.4,33.2,33.5,34.1,34.0,34.3,34.1,34.0,34.1,34.4,34.7,34.8,35.0,34.9,34.9,34.8,34.8,35.0,35.0,34.9,34.9,35.0,35.1,35.0,35.0,35.0,35.0,35.1,35.1,35.1,35.0,34.9,35.0,35.0,34.9,34.9,34.9,34.9,34.9,34.9,34.8,,,,,,,,,,,,,,,,,,,,,,,,,,,,,,,,,,,,,,,,,,
7F-CW-2.ST,(CW2出水溫度     ),DEG C,27.5,27.5,27.5,27.3,27.3,27.3,27.3,27.3,27.3,27.2,27.2,27.2,27.3,27.2,27.2,27.0,27.1,27.1,27.0,27.0,27.0,27.0,27.0,27.0,27.0,26.9,26.9,26.9,26.8,26.8,26.8,26.9,26.9,26.8,26.9,26.7,26.8,26.7,26.6,26.7,26.6,26.7,26.7,26.6,26.6,26.7,26.7,26.7,26.6,26.6,26.6,26.7,26.7,26.7,26.7,26.7,26.7,26.7,26.7,26.7,26.8,26.8,26.8,26.9,26.9,26.9,26.9,27.0,27.0,27.0,27.1,27.1,27.1,27.2,27.2,27.2,27.3,27.3,27.3,27.3,27.4,27.4,27.4,27.5,27.5,27.6,27.6,27.6,27.6,27.7,27.7,27.8,27.8,27.8,27.9,27.9,27.9,28.0,28.0,28.0,28.1,28.1,,,,,,,,,,,,,,,,,,,,,,,,,,,,,,,,,,,,,,,,,,
7F-CW-3.ST,(CW3出水溫度     ),DEG C,28.0,28.0,28.0,28.0,28.0,28.0,28.0,28.0,28.0,28.0,28.0,28.0,28.0,28.0,28.0,28.0,28.0,28.0,28.0,27.9,27.9,27.9,27.9,27.9,27.9,27.9,27.9,27.9,27.9,27.9,27.9,27.9,27.9,27.9,27.9,27.9,27.9,27.8,27.8,27.8,27.8,27.8,27.8,27.8,27.8,27.8,27.8,27.8,27.8,27.8,27.8,27.8,27.8,27.8,24.8,23.7,33.7,35.7,35.7,35.4,34.4,34.7,35.4,35.6,35.9,36.1,36.4,36.1,36.2,36.3,36.6,36.8,37.0,37.2,37.0,37.0,37.0,36.9,37.0,37.0,37.0,37.1,37.0,37.1,37.0,37.0,37.1,37.0,37.2,37.1,37.0,36.9,37.0,37.0,36.9,37.0,36.9,37.1,37.0,36.9,37.0,37.0,,,,,,,,,,,,,,,,,,,,,,,,,,,,,,,,,,,,,,,,,,
7F-CW-4.ST,(CW4出水溫度     ),DEG C,26.3,26.4,26.4,26.4,26.4,26.4,26.5,26.5,26.5,26.5,26.5,26.5,26.6,26.6,26.6,26.6,26.6,26.6,26.6,26.6,26.6,26.6,26.7,26.7,26.6,26.7,26.7,26.7,26.7,26.7,26.7,26.7,26.7,26.7,26.7,26.7,26.7,26.7,26.7,26.7,26.7,26.7,26.7,26.7,26.8,26.7,26.7,26.7,26.8,26.8,26.8,26.8,26.8,24.1,23.4,32.4,33.0,33.0,32.8,32.8,32.1,32.5,32.9,33.0,33.3,33.7,33.8,33.5,33.5,33.6,34.1,34.4,34.4,34.6,34.5,34.5,34.4,34.4,34.5,34.5,34.4,34.4,34.5,34.6,34.5,34.4,34.4,34.5,34.6,34.5,34.5,34.4,34.4,34.4,34.4,34.3,34.3,34.4,34.3,34.3,34.3,34.3,,,,,,,,,,,,,,,,,,,,,,,,,,,,,,,,,,,,,,,,,,
7F-CW-5.ST,(CW5出水溫度     ),DEG C,30.0,30.0,30.0,29.9,29.9,29.9,29.8,29.8,29.8,29.7,29.7,29.7,29.7,29.6,29.6,29.6,29.5,29.5,29.5,29.4,29.4,29.4,29.4,29.3,29.3,29.3,29.3,29.2,29.2,29.2,29.2,29.1,29.1,29.1,29.0,29.0,29.0,29.0,28.9,28.9,28.9,28.9,28.8,28.8,28.8,28.7,28.7,28.7,28.7,28.6,28.6,28.6,28.6,28.6,28.5,28.5,28.6,28.6,28.7,28.7,28.8,28.8,28.8,28.9,28.9,29.0,29.0,29.0,29.1,29.1,29.1,29.2,29.2,29.3,29.3,29.4,29.4,29.5,29.5,29.5,29.6,29.6,29.7,29.7,29.8,29.8,29.8,29.9,29.9,29.9,30.0,30.0,30.0,30.1,30.1,30.1,30.2,30.2,30.3,30.3,30.3,30.3,,,,,,,,,,,,,,,,,,,,,,,,,,,,,,,,,,,,,,,,,,
7F-CW.ST,(冷卻水總出水溫度),,0.0,0.0,0.0,0.0,0.0,0.0,0.0,0.0,0.0,0.0,0.0,0.0,0.0,0.0,0.0,0.0,0.0,0.0,0.0,0.0,0.0,0.0,0.0,0.0,0.0,0.0,0.0,0.0,0.0,0.0,0.0,0.0,0.0,0.0,0.0,0.0,0.0,0.0,0.0,0.0,0.0,0.0,0.0,0.0,0.0,0.0,0.0,0.0,0.0,0.0,0.0,24.4,23.6,28.3,27.4,30.1,33.6,34.3,34.2,33.8,32.9,33.2,33.8,34.0,34.4,34.6,34.8,34.6,34.6,34.7,35.0,35.3,35.4,35.6,35.5,35.4,35.4,35.4,35.5,35.5,35.4,35.5,35.5,35.6,35.5,35.4,35.5,35.5,35.6,35.6,35.5,35.4,35.4,35.4,35.4,35.4,35.4,35.5,35.4,35.4,35.4,35.4,,,,,,,,,,,,,,,,,,,,,,,,,,,,,,,,,,,,,,,,,,
7F-CW-1.RT,(CW1回水溫度     ),,25.2,25.2,25.2,25.3,25.3,25.4,25.4,25.5,25.5,25.5,25.6,25.6,25.7,25.7,25.7,25.8,25.8,25.8,25.9,25.9,25.9,26.0,26.0,26.0,26.0,26.0,26.1,26.1,26.1,26.1,26.2,26.2,26.2,26.2,26.2,26.3,26.3,26.3,26.3,26.3,26.3,26.3,26.4,26.4,26.4,26.4,26.4,26.4,26.5,26.5,26.5,24.1,23.4,28.4,29.2,29.4,29.5,29.4,29.2,29.0,28.2,28.4,28.9,29.2,29.5,29.6,29.7,29.5,29.5,29.6,29.9,30.2,30.3,30.4,30.3,30.3,30.2,30.2,30.4,30.3,30.3,30.3,30.4,30.5,30.4,30.4,30.3,30.4,30.5,30.5,30.3,30.4,30.2,30.3,30.3,30.2,30.3,30.3,30.3,30.3,30.3,30.2,,,,,,,,,,,,,,,,,,,,,,,,,,,,,,,,,,,,,,,,,,
7F-CW-2.RT,(CW2回水溫度     ),,29.7,29.7,29.7,29.7,29.6,29.6,29.6,29.6,29.6,29.6,29.5,29.5,29.5,29.5,29.5,29.5,29.5,29.4,29.4,29.4,29.4,29.4,29.4,29.4,29.3,29.3,29.3,29.3,29.3,29.3,29.2,29.2,29.2,29.2,29.2,29.2,29.2,29.1,29.1,29.1,29.1,29.1,29.1,29.1,29.0,29.0,29.0,29.0,29.0,29.0,29.0,28.9,28.9,28.9,28.9,28.9,28.9,28.9,28.9,28.9,28.9,28.9,28.8,28.8,28.8,28.8,28.8,28.9,28.9,28.9,28.9,28.9,28.9,28.9,29.0,29.0,29.0,29.0,29.0,29.1,29.1,29.1,29.1,29.1,29.2,29.2,29.2,29.2,29.2,29.3,29.3,29.3,29.3,29.4,29.4,29.4,29.4,29.5,29.5,29.5,29.5,29.5,,,,,,,,,,,,,,,,,,,,,,,,,,,,,,,,,,,,,,,,,,
7F-CW-3.RT,(CW3回水溫度     ),,28.3,28.3,28.3,28.3,28.2,28.2,28.2,28.2,28.2,28.2,28.2,28.2,28.2,28.2,28.2,28.2,28.2,28.2,28.2,28.2,28.2,28.2,28.2,28.2,28.2,28.2,28.2,28.2,28.2,28.2,28.2,28.2,28.2,28.2,28.2,28.2,28.2,28.2,28.2,28.1,28.1,28.1,28.1,28.1,28.1,28.1,28.1,28.1,28.1,28.1,28.1,28.1,28.1,28.1,24.9,23.8,28.4,30.6,30.5,30.5,29.9,29.9,30.3,30.4,30.7,31.0,31.2,30.9,31.0,31.0,31.4,31.6,31.8,31.9,31.8,31.7,31.7,31.5,31.8,31.7,31.7,31.8,31.8,31.9,31.7,31.7,31.8,31.7,31.9,31.8,31.6,31.6,31.6,31.6,31.6,31.6,31.6,31.8,31.6,31.6,31.7,31.7,,,,,,,,,,,,,,,,,,,,,,,,,,,,,,,,,,,,,,,,,,
7F-CW-4.RT,(CW4回水溫度     ),,26.7,26.8,26.8,26.8,26.8,26.8,26.8,26.9,26.9,26.9,26.9,26.9,26.9,27.0,27.0,27.0,27.0,27.0,27.0,27.0,27.0,27.0,27.1,27.1,27.1,27.1,27.1,27.1,27.1,27.1,27.1,27.1,27.1,27.1,27.1,27.1,27.1,27.1,27.1,27.1,27.1,27.1,27.1,27.1,27.1,27.1,27.1,27.1,27.1,27.1,27.1,27.1,27.1,24.2,23.4,28.5,28.9,28.9,28.8,28.8,28.4,28.6,28.9,28.9,29.2,29.6,29.7,29.4,29.4,29.5,30.0,30.3,30.4,30.5,30.3,30.4,30.3,30.2,30.3,30.3,30.3,30.3,30.3,30.4,30.3,30.2,30.2,30.3,30.4,30.4,30.3,30.2,30.2,30.2,30.2,30.1,30.1,30.2,30.2,30.2,30.1,30.1,,,,,,,,,,,,,,,,,,,,,,,,,,,,,,,,,,,,,,,,,,
7F-CW-5.RT,(CW5回水溫度     ),,30.6,30.6,30.5,30.5,30.5,30.5,30.4,30.4,30.4,30.3,30.3,30.3,30.3,30.2,30.2,30.2,30.1,30.1,30.1,30.0,30.0,30.0,30.0,29.9,29.9,29.9,29.8,29.8,29.8,29.8,29.7,29.7,29.7,29.6,29.6,29.6,29.5,29.5,29.5,29.5,29.4,29.4,29.4,29.3,29.3,29.3,29.2,29.2,29.2,29.2,29.1,29.1,29.1,29.1,29.0,29.0,29.0,29.1,29.1,29.1,29.1,29.2,29.2,29.2,29.2,29.2,29.3,29.3,29.3,29.4,29.4,29.4,29.5,29.5,29.6,29.6,29.7,29.7,29.8,29.8,29.8,29.9,29.9,30.0,30.0,30.1,30.1,30.1,30.2,30.2,30.3,30.3,30.3,30.4,30.4,30.5,30.5,30.5,30.6,30.6,30.6,30.7,,,,,,,,,,,,,,,,,,,,,,,,,,,,,,,,,,,,,,,,,,
7F-CW.RT,(冷卻水總回水溫度),,0.0,0.0,0.0,0.0,0.0,0.0,0.0,0.0,0.0,0.0,0.0,0.0,0.0,0.0,0.0,0.0,0.0,0.0,0.0,0.0,0.0,0.0,0.0,0.0,0.0,0.0,0.0,0.0,0.0,0.0,0.0,0.0,0.0,0.0,0.0,0.0,0.0,0.0,0.0,0.0,0.0,0.0,0.0,0.0,0.0,0.0,0.0,0.0,0.0,0.0,0.0,24.1,23.4,26.3,25.8,27.2,28.9,29.6,29.5,29.4,28.8,29.0,29.4,29.5,29.8,30.1,30.2,29.9,29.9,30.0,30.4,30.7,30.8,31.0,30.8,30.8,30.7,30.7,30.8,30.8,30.8,30.8,30.8,30.9,30.8,30.8,30.8,30.8,30.9,30.9,30.8,30.7,30.7,30.7,30.7,30.7,30.6,30.8,30.7,30.7,30.7,30.7,,,,,,,,,,,,,,,,,,,,,,,,,,,,,,,,,,,,,,,,,,
7F-CH-1.CWDT,(冷卻水溫差      ),DEG C,0.0,0.0,0.0,0.0,0.0,0.0,0.0,0.0,0.0,0.0,0.0,0.0,0.0,0.0,0.0,0.0,0.0,0.0,0.0,0.0,0.0,0.0,0.0,0.0,0.0,0.0,0.0,0.0,0.0,0.0,0.0,0.0,0.0,0.0,0.0,0.0,0.0,0.0,0.0,0.0,0.0,0.0,0.0,0.0,0.0,0.0,0.0,0.0,0.0,0.0,0.0,0.2,0.2,4.1,4.7,4.8,4.7,4.7,4.7,4.4,3.9,3.9,4.3,4.4,4.5,4.4,4.5,4.6,4.5,4.5,4.5,4.4,4.6,4.6,4.6,4.6,4.6,4.6,4.6,4.7,4.6,4.7,4.6,4.6,4.6,4.6,4.6,4.6,4.6,4.6,4.7,4.7,4.7,4.7,4.7,4.7,4.6,4.6,4.6,4.6,4.6,4.6,,,,,,,,,,,,,,,,,,,,,,,,,,,,,,,,,,,,,,,,,,
7F-CH-2.CWDT,(冷卻水溫差      ),DEG C,0.0,0.0,0.0,0.0,0.0,0.0,0.0,0.0,0.0,0.0,0.0,0.0,0.0,0.0,0.0,0.0,0.0,0.0,0.0,0.0,0.0,0.0,0.0,0.0,0.0,0.0,0.0,0.0,0.0,0.0,0.0,0.0,0.0,0.0,0.0,0.0,0.0,0.0,0.0,0.0,0.0,0.0,0.0,0.0,0.0,0.0,0.0,0.0,0.0,0.0,0.0,0.0,0.0,0.0,0.0,0.0,0.0,0.0,0.0,0.0,0.0,0.0,0.0,0.0,0.0,0.0,0.0,0.0,0.0,0.0,0.0,0.0,0.0,0.0,0.0,0.0,0.0,0.0,0.0,0.0,0.0,0.0,0.0,0.0,0.0,0.0,0.0,0.0,0.0,0.0,0.0,0.0,0.0,0.0,0.0,0.0,0.0,0.0,0.0,0.0,0.0,0.0,,,,,,,,,,,,,,,,,,,,,,,,,,,,,,,,,,,,,,,,,,
7F-CH-3.CWDT,(冷卻水溫差      ),DEG C,0.0,0.0,0.0,0.0,0.0,0.0,0.0,0.0,0.0,0.0,0.0,0.0,0.0,0.0,0.0,0.0,0.0,0.0,0.0,0.0,0.0,0.0,0.0,0.0,0.0,0.0,0.0,0.0,0.0,0.0,0.0,0.0,0.0,0.0,0.0,0.0,0.0,0.0,0.0,0.0,0.0,0.0,0.0,0.0,0.0,0.0,0.0,0.0,0.0,0.0,0.0,0.0,0.0,0.0, -0.1, -0.0,5.2,5.2,5.2,4.8,4.5,4.8,5.1,5.2,5.2,5.1,5.1,5.2,5.2,5.3,5.2,5.2,5.2,5.2,5.2,5.3,5.3,5.3,5.3,5.3,5.3,5.3,5.3,5.3,5.3,5.3,5.3,5.3,5.3,5.3,5.4,5.3,5.3,5.3,5.3,5.4,5.3,5.3,5.3,5.3,5.3,5.3,,,,,,,,,,,,,,,,,,,,,,,,,,,,,,,,,,,,,,,,,,
7F-CH-4.CWDT,(冷卻水溫差      ),DEG C,0.0,0.0,0.0,0.0,0.0,0.0,0.0,0.0,0.0,0.0,0.0,0.0,0.0,0.0,0.0,0.0,0.0,0.0,0.0,0.0,0.0,0.0,0.0,0.0,0.0,0.0,0.0,0.0,0.0,0.0,0.0,0.0,0.0,0.0,0.0,0.0,0.0,0.0,0.0,0.0,0.0,0.0,0.0,0.0,0.0,0.0,0.0,0.0,0.0,0.0,0.0,0.0,0.0, -0.1, -0.0,3.9,4.1,4.1,4.0,4.0,3.7,3.9,4.0,4.0,4.1,4.1,4.1,4.1,4.1,4.1,4.1,4.1,4.1,4.1,4.1,4.1,4.1,4.1,4.1,4.2,4.1,4.1,4.1,4.1,4.1,4.2,4.1,4.2,4.2,4.2,4.2,4.2,4.2,4.2,4.2,4.2,4.2,4.2,4.2,4.2,4.2,4.2,,,,,,,,,,,,,,,,,,,,,,,,,,,,,,,,,,,,,,,,,,
7F-CH-5.CWDT,(冷卻水溫差      ),DEG C,0.0,0.0,0.0,0.0,0.0,0.0,0.0,0.0,0.0,0.0,0.0,0.0,0.0,0.0,0.0,0.0,0.0,0.0,0.0,0.0,0.0,0.0,0.0,0.0,0.0,0.0,0.0,0.0,0.0,0.0,0.0,0.0,0.0,0.0,0.0,0.0,0.0,0.0,0.0,0.0,0.0,0.0,0.0,0.0,0.0,0.0,0.0,0.0,0.0,0.0,0.0,0.0,0.0,0.0,0.0,0.0,0.0,0.0,0.0,0.0,0.0,0.0,0.0,0.0,0.0,0.0,0.0,0.0,0.0,0.0,0.0,0.0,0.0,0.0,0.0,0.0,0.0,0.0,0.0,0.0,0.0,0.0,0.0,0.0,0.0,0.0,0.0,0.0,0.0,0.0,0.0,0.0,0.0,0.0,0.0,0.0,0.0,0.0,0.0,0.0,0.0,0.0,,,,,,,,,,,,,,,,,,,,,,,,,,,,,,,,,,,,,,,,,,
7F-CHSYS.CWDT,(冷卻水系統溫差  ),DEG C,0.0,0.0,0.0,0.0,0.0,0.0,0.0,0.0,0.0,0.0,0.0,0.0,0.0,0.0,0.0,0.0,0.0,0.0,0.0,0.0,0.0,0.0,0.0,0.0,0.0,0.0,0.0,0.0,0.0,0.0,0.0,0.0,0.0,0.0,0.0,0.0,0.0,0.0,0.0,0.0,0.0,0.0,0.0,0.0,0.0,0.0,0.0,0.0,0.0,0.0,0.0,0.2,0.2,2.0,1.5,2.9,4.7,4.6,4.6,4.4,4.0,4.2,4.5,4.5,4.6,4.5,4.6,4.6,4.6,4.6,4.6,4.6,4.6,4.6,4.6,4.7,4.7,4.7,4.7,4.7,4.7,4.7,4.7,4.7,4.7,4.7,4.7,4.7,4.7,4.7,4.7,4.7,4.7,4.7,4.7,4.7,4.7,4.7,4.7,4.7,4.7,4.7,,,,,,,,,,,,,,,,,,,,,,,,,,,,,,,,,,,,,,,,,,
7F-CW-1.FM,(CW1水流量       ),,17,14,15,15,15,15,17,15,15,15,15,15,15,15,15,15,15,15,15,15,15,15,15,15,15,15,15,15,15,15,15,15,15,15,15,15,15,15,15,15,15,15,15,15,15,15,15,15,15,15,15,7478,7951,7767,7703,7987,7554,7692,7868,8253,7720,8049,7978,7478,8226,8107,8153,8293,8207,8051,7948,7884,7396,7581,8214,7673,8256,7690,7573,7942,7668,8054,7854,8096,7992,8135,7603,8040,7998,8092,8179,8049,7740,7839,7464,7709,7798,7432,7756,7965,8164,7935,,,,,,,,,,,,,,,,,,,,,,,,,,,,,,,,,,,,,,,,,,
7F-CW-2.FM,(CW2水流量       ),,14,14,14,14,14,14,14,14,14,14,14,14,14,14,14,14,14,14,14,14,14,14,14,14,14,14,15,15,12,15,12,15,15,12,12,14,14,14,14,14,14,14,14,14,14,14,14,14,14,14,14,14,14,14,14,14,17,17,14,14,14,14,14,14,14,14,17,14,14,14,14,17,14,14,14,14,17,17,14,14,17,14,15,15,15,15,15,17,17,17,14,15,15,15,15,15,15,15,18,15,17,17,,,,,,,,,,,,,,,,,,,,,,,,,,,,,,,,,,,,,,,,,,
7F-CW-3.FM,(CW3水流量       ),,18,18,21,18,18,18,18,18,18,18,21,21,18,18,18,18,18,18,18,18,21,18,18,18,18,18,21,18,18,18,18,18,18,18,18,18,18,18,17,21,18,18,18,18,18,18,18,18,18,18,17,21,18,18,5220,5167,5401,5228,5310,5259,5234,5254,5326,5357,5314,5343,5362,5382,5314,5259,5229,5318,5232,5379,5270,5389,5360,5257,5384,5231,5376,5284,5314,5310,5289,5182,5370,5287,5273,5281,5290,5270,5235,5257,5285,5379,5276,5285,5262,5279,5392,5265,,,,,,,,,,,,,,,,,,,,,,,,,,,,,,,,,,,,,,,,,,
7F-CW-4.FM,(CW4水流量       ),,15,15,15,15,15,15,15,15,15,15,14,14,14,14,14,14,14,14,14,15,14,14,14,14,14,14,14,14,14,14,14,14,14,14,14,14,14,14,14,14,14,14,14,14,14,14,14,14,14,14,14,14,14,7503,7374,7637,7756,7690,7682,7714,7659,7685,7640,7578,7704,7635,7714,7660,7687,7649,7665,7853,7545,7793,7681,7631,7571,7665,7728,7785,7670,7634,7712,7590,7659,7748,7784,7607,7693,7728,7681,7742,7592,7624,7692,7623,7645,7659,7634,7754,7729,7851,,,,,,,,,,,,,,,,,,,,,,,,,,,,,,,,,,,,,,,,,,
7F-CW-5.FM,(CW5水流量       ),,15,15,17,14,14,14,14,15,15,14,14,14,14,14,14,14,15,15,14,14,14,15,14,14,14,14,14,14,14,14,14,14,14,14,14,14,12,15,15,12,14,14,14,14,14,14,14,14,14,14,14,14,14,14,14,14,14,17,14,14,14,17,17,14,14,15,15,15,17,17,17,17,17,17,17,17,17,17,17,15,18,18,17,18,17,18,17,18,18,17,18,18,18,18,18,18,18,18,18,18,18,18,,,,,,,,,,,,,,,,,,,,,,,,,,,,,,,,,,,,,,,,,,
7F-CW.FM,(冷卻水總流量    ),,84,78,84,78,78,78,79,79,79,78,79,79,76,76,76,76,78,78,79,78,79,78,76,76,76,76,78,74,74,78,74,78,78,74,74,76,74,78,76,74,76,76,76,76,76,76,76,76,76,76,74,7570,8040,15220,20370,20903,20851,20751,20865,21246,20764,20998,20982,20584,21224,21021,21282,21360,21160,20946,20864,21073,20418,20928,21214,20857,21276,20571,20931,20962,20751,20998,20854,21032,21168,21043,20687,20971,20974,21098,21137,21074,20665,20878,20434,20617,20754,20531,20624,21034,21282,21009,,,,,,,,,,,,,,,,,,,,,,,,,,,,,,,,,,,,,,,,,,
CH1F7:KW,(                ),kW,0.0,0.0,0.0,0.0,0.0,0.0,0.0,0.0,0.0,0.0,0.0,0.0,0.0,0.0,0.0,0.0,0.0,0.0,0.0,0.0,0.0,0.0,0.0,0.0,0.0,0.0,0.0,0.0,0.0,0.0,0.0,0.0,0.0,0.0,0.0,0.0,0.0,0.0,0.0,0.0,0.0,0.0,0.0,0.0,0.0,0.0,0.0,0.0,0.0,0.0,0.0,0.0,0.0,312.0,312.0,313.0,315.0,314.0,310.0,295.0,247.0,278.0,302.0,310.0,317.0,318.0,316.0,315.0,314.0,315.0,317.0,314.0,314.0,313.0,311.0,311.0,314.0,313.0,312.0,311.0,308.0,307.0,309.0,307.0,308.0,310.0,311.0,308.0,309.0,310.0,313.0,308.0,308.0,307.0,308.0,309.0,308.0,307.0,307.0,309.0,310.0,308.0,,,,,,,,,,,,,,,,,,,,,,,,,,,,,,,,,,,,,,,,,,
CH2F7:KW,(                ),kW,0.8,0.8,0.0,0.8,0.8,0.0,0.7,0.8,0.0,0.0,0.8,0.8,0.0,0.8,0.8,0.0,0.0,0.8,0.8,0.0,0.0,0.8,0.8,0.0,0.8,0.8,0.0,0.0,0.8,0.8,0.0,0.0,0.7,0.8,0.0,0.0,0.8,0.7,0.0,0.8,0.7,0.0,0.0,0.7,0.7,0.0,0.0,0.7,0.7,0.0,0.0,0.8,0.8,0.0,0.7,0.7,0.0,0.7,0.0,0.0,0.7,0.0,0.7,0.0,0.0,0.7,0.0,0.7,0.7,0.0,0.7,0.0,0.7,0.7,0.0,0.7,0.0,0.7,0.7,0.0,0.7,0.0,0.7,0.7,0.0,0.7,0.0,0.7,0.7,0.0,0.7,0.0,0.7,0.0,0.7,0.7,0.0,0.7,0.0,0.7,0.7,0.0,,,,,,,,,,,,,,,,,,,,,,,,,,,,,,,,,,,,,,,,,,
CH3F7:KW,(                ),kW,0.7,0.0,0.0,0.7,0.7,0.0,0.0,0.7,0.7,0.7,0.0,0.0,0.7,0.7,0.0,0.0,0.7,0.7,0.0,0.0,0.7,0.7,0.7,0.0,0.0,0.7,0.7,0.0,0.0,0.7,0.7,0.0,0.0,0.7,0.7,0.7,0.0,0.0,0.7,0.7,0.0,0.0,0.7,0.7,0.7,0.0,0.0,0.7,0.7,0.0,0.0,0.7,0.7,0.7,0.0,0.7,293.4,300.5,302.9,283.2,259.0,281.4,297.0,302.6,302.6,303.3,304.5,305.3,303.3,304.9,304.8,305.4,305.5,306.3,308.1,305.8,307.4,307.7,305.6,305.2,305.1,306.9,306.3,306.7,305.8,306.9,306.9,304.3,306.4,307.1,306.7,307.1,307.2,306.8,306.8,307.0,307.5,307.4,307.3,308.2,305.8,308.4,,,,,,,,,,,,,,,,,,,,,,,,,,,,,,,,,,,,,,,,,,
CH4F7:KW,(                ),kW,0.0,0.0,0.0,0.0,0.0,0.0,0.0,0.0,0.0,0.0,0.0,0.0,0.0,0.0,0.0,0.0,0.0,0.0,0.0,0.0,0.0,0.0,0.0,0.0,0.0,0.0,0.0,0.0,0.0,0.0,0.0,0.0,0.0,0.0,0.0,0.0,0.0,0.0,0.0,0.0,0.0,0.0,0.0,0.0,0.0,0.0,0.0,0.0,0.0,0.0,0.0,0.0,0.0,0.0,0.0,339.0,317.0,317.0,310.0,310.0,272.0,272.0,313.0,316.0,316.0,318.0,319.0,316.0,318.0,318.0,320.0,318.0,317.0,315.0,317.0,318.0,317.0,318.0,317.0,315.0,317.0,314.0,319.0,316.0,316.0,315.0,315.0,316.0,316.0,318.0,315.0,314.0,314.0,317.0,316.0,316.0,317.0,316.0,317.0,315.0,317.0,317.0,,,,,,,,,,,,,,,,,,,,,,,,,,,,,,,,,,,,,,,,,,
CH5F7:KW,(                ),kW,0.0,0.0,0.0,0.0,0.0,0.0,0.0,0.0,0.0,0.0,0.0,0.0,0.0,0.0,0.0,0.0,0.0,0.0,0.0,0.0,0.0,0.0,0.0,0.0,0.0,0.0,0.0,0.0,0.0,0.0,0.0,0.0,0.0,0.0,0.0,0.0,0.0,0.0,0.0,0.0,0.0,0.0,0.0,0.0,0.0,0.0,0.0,0.0,0.0,0.0,0.0,0.0,0.0,0.0,0.0,0.0,0.0,0.0,0.0,0.0,0.0,0.0,0.0,0.0,0.0,0.0,0.0,0.0,0.0,0.0,0.0,0.0,0.0,0.0,0.0,0.0,0.0,0.0,0.0,0.0,0.0,0.0,0.0,0.0,0.0,0.0,0.0,0.0,0.0,0.0,0.0,0.0,0.0,0.0,0.0,0.0,0.0,0.0,0.0,0.0,0.0,0.0,,,,,,,,,,,,,,,,,,,,,,,,,,,,,,,,,,,,,,,,,,
CHF7-ALL.KW,(冰機系統功率    ),,1.5,0.8,0.0,1.5,1.5,0.0,0.7,1.4,0.7,0.7,0.8,0.8,0.7,1.4,0.8,0.0,0.7,1.4,0.8,0.0,0.7,1.5,1.5,0.0,0.8,1.5,0.7,0.0,0.8,1.4,0.7,0.0,0.7,1.4,0.7,0.7,0.8,0.7,0.7,1.4,0.7,0.0,0.7,1.4,1.4,0.0,0.0,1.4,1.4,0.0,0.0,1.4,1.4,312.7,312.7,653.4,925.4,932.2,922.9,888.2,778.7,831.4,912.7,928.6,935.6,940.0,939.5,937.0,936.1,937.9,942.5,937.4,937.3,935.8,936.1,935.6,938.4,939.4,935.3,931.2,930.8,927.9,935.1,930.4,929.8,932.6,932.9,929.0,932.2,935.1,935.4,929.1,929.9,930.8,931.6,932.8,932.5,931.2,931.3,933.0,933.5,933.4,,,,,,,,,,,,,,,,,,,,,,,,,,,,,,,,,,,,,,,,,,
7F-CH-1.TON,(冷凍頓          ),,0,0,0,0,0,0,0,0,0,0,0,0,0,0,0,0,0,0,0,0,0,0,0,0,0,0,0,0,0,0,0,0,0,0,0,0,0,0,0,0,0,0,0,0,0,0,0,0,0,0,0,0,0,587,603,590,580,567,561,524,458,511,549,561,563,561,565,571,564,565,563,567,567,565,570,577,574,577,568,573,576,578,575,571,573,571,581,573,576,577,578,578,579,574,570,577,578,571,570,572,570,583,,,,,,,,,,,,,,,,,,,,,,,,,,,,,,,,,,,,,,,,,,
7F-CH-2.TON,(冷凍頓          ),,0,0,0,0,0,0,0,0,0,0,0,0,0,0,0,0,0,0,0,0,0,0,0,0,0,0,0,0,0,0,0,0,0,0,0,0,0,0,0,0,0,0,0,0,0,0,0,0,0,0,0,0,0,0,0,0,0,0,0,0,0,0,0,0,0,0,0,0,0,0,0,0,0,0,0,0,0,0,0,0,0,0,0,0,0,0,0,0,0,0,0,0,0,0,0,0,0,0,0,0,0,0,,,,,,,,,,,,,,,,,,,,,,,,,,,,,,,,,,,,,,,,,,
7F-CH-3.TON,(冷凍頓          ),,0,0,0,0,0,0,0,0,0,0,0,0,0,0,0,0,0,0,0,0,0,0,0,0,0,0,0,0,0,0,0,0,0,0,0,0,0,0,0,0,0,0,0,0,0,0,0,0,0,0,0,0,0,0,0,0,389,368,362,334,311,341,357,360,371,360,368,373,371,370,369,366,371,372,377,374,384,384,375,380,379,374,375,375,376,380,383,383,385,383,382,384,383,380,379,381,387,380,380,381,380,389,,,,,,,,,,,,,,,,,,,,,,,,,,,,,,,,,,,,,,,,,,
7F-CH-4.TON,(冷凍頓          ),,0,0,0,0,0,0,0,0,0,0,0,0,0,0,0,0,0,0,0,0,0,0,0,0,0,0,0,0,0,0,0,0,0,0,0,0,0,0,0,0,0,0,0,0,0,0,0,0,0,0,0,0,0,0,0,585,588,585,568,566,535,559,578,573,587,588,585,582,584,584,585,592,586,610,583,593,603,595,587,589,591,594,597,594,587,599,589,604,593,586,597,603,603,610,588,593,595,600,601,602,581,605,,,,,,,,,,,,,,,,,,,,,,,,,,,,,,,,,,,,,,,,,,
7F-CH-5.TON,(冷凍頓          ),,0,0,0,0,0,0,0,0,0,0,0,0,0,0,0,0,0,0,0,0,0,0,0,0,0,0,0,0,0,0,0,0,0,0,0,0,0,0,0,0,0,0,0,0,0,0,0,0,0,0,0,0,0,0,0,0,0,0,0,0,0,0,0,0,0,0,0,0,0,0,0,0,0,0,0,0,0,0,0,0,0,0,0,0,0,0,0,0,0,0,0,0,0,0,0,0,0,0,0,0,0,0,,,,,,,,,,,,,,,,,,,,,,,,,,,,,,,,,,,,,,,,,,
7F-CHSYS.TON,(冷凍頓          ),,0,0,0,0,0,0,0,0,0,0,0,0,0,0,0,0,0,0,0,0,0,0,0,0,0,0,0,0,0,0,0,0,0,0,0,0,0,0,0,0,0,0,0,0,0,0,0,0,0,0,0,0,0,140,279,529,1051,966,870,750,656,878,938,875,959,1163,1164,1164,1230,1379,1331,1187,1308,1384,1188,1240,1489,1254,1191,1179,1436,1269,1185,1262,1355,1146,1200,1405,1337,1186,1192,1389,1240,1185,1274,1377,1183,1215,1300,1347,1176,1233,,,,,,,,,,,,,,,,,,,,,,,,,,,,,,,,,,,,,,,,,,
7F-CH-1.KW/RT,(冰機效率        ),,0.00,0.00,0.00,0.00,0.00,0.00,0.00,0.00,0.00,0.00,0.00,0.00,0.00,0.00,0.00,0.00,0.00,0.00,0.00,0.00,0.00,0.00,0.00,0.00,0.00,0.00,0.00,0.00,0.00,0.00,0.00,0.00,0.00,0.00,0.00,0.00,0.00,0.00,0.00,0.00,0.00,0.00,0.00,0.00,0.00,0.00,0.00,0.00,0.00,0.00,0.00,0.00,0.00,0.00,0.00,0.00,0.00,0.00,0.00,0.00,0.00,0.00,0.00,0.00,0.00,0.00,0.00,0.00,0.00,0.00,0.00,0.00,0.00,0.00,0.00,0.00,0.00,0.00,0.00,0.00,0.00,0.00,0.00,0.00,0.00,0.00,0.00,0.00,0.00,0.00,0.00,0.00,0.00,0.00,0.00,0.00,0.00,0.00,0.00,0.00,0.00,0.00,,,,,,,,,,,,,,,,,,,,,,,,,,,,,,,,,,,,,,,,,,
7F-CH-2.KW/RT,(冰機效率        ),,0.00,0.00,0.00,0.00,0.00,0.00,0.00,0.00,0.00,0.00,0.00,0.00,0.00,0.00,0.00,0.00,0.00,0.00,0.00,0.00,0.00,0.00,0.00,0.00,0.00,0.00,0.00,0.00,0.00,0.00,0.00,0.00,0.00,0.00,0.00,0.00,0.00,0.00,0.00,0.00,0.00,0.00,0.00,0.00,0.00,0.00,0.00,0.00,0.00,0.00,0.00,0.00,0.00,0.00,0.00,0.00,0.00,0.00,0.00,0.00,0.00,0.00,0.00,0.00,0.00,0.00,0.00,0.00,0.00,0.00,0.00,0.00,0.00,0.00,0.00,0.00,0.00,0.00,0.00,0.00,0.00,0.00,0.00,0.00,0.00,0.00,0.00,0.00,0.00,0.00,0.00,0.00,0.00,0.00,0.00,0.00,0.00,0.00,0.00,0.00,0.00,0.00,,,,,,,,,,,,,,,,,,,,,,,,,,,,,,,,,,,,,,,,,,
7F-CH-3.KW/RT,(冰機效率        ),,0.00,0.00,0.00,0.00,0.00,0.00,0.00,0.00,0.00,0.00,0.00,0.00,0.00,0.00,0.00,0.00,0.00,0.00,0.00,0.00,0.00,0.00,0.00,0.00,0.00,0.00,0.00,0.00,0.00,0.00,0.00,0.00,0.00,0.00,0.00,0.00,0.00,0.00,0.00,0.00,0.00,0.00,0.00,0.00,0.00,0.00,0.00,0.00,0.00,0.00,0.00,0.00,0.00,0.00,0.00,0.00,0.77,0.81,0.83,0.90,0.97,0.88,0.84,0.83,0.81,0.83,0.82,0.80,0.81,0.81,0.81,0.82,0.81,0.81,0.80,0.80,0.78,0.78,0.80,0.79,0.79,0.80,0.80,0.80,0.80,0.79,0.78,0.78,0.78,0.78,0.79,0.78,0.78,0.79,0.79,0.79,0.78,0.79,0.79,0.79,0.79,0.77,,,,,,,,,,,,,,,,,,,,,,,,,,,,,,,,,,,,,,,,,,
7F-CH-4.KW/RT,(冰機效率        ),,0.00,0.00,0.00,0.00,0.00,0.00,0.00,0.00,0.00,0.00,0.00,0.00,0.00,0.00,0.00,0.00,0.00,0.00,0.00,0.00,0.00,0.00,0.00,0.00,0.00,0.00,0.00,0.00,0.00,0.00,0.00,0.00,0.00,0.00,0.00,0.00,0.00,0.00,0.00,0.00,0.00,0.00,0.00,0.00,0.00,0.00,0.00,0.00,0.00,0.00,0.00,0.00,0.00,0.00,0.00,0.00,0.00,0.00,0.00,0.00,0.00,0.00,0.00,0.00,0.00,0.00,0.00,0.00,0.00,0.00,0.00,0.00,0.00,0.00,0.00,0.00,0.00,0.00,0.00,0.00,0.00,0.00,0.00,0.00,0.00,0.00,0.00,0.00,0.00,0.00,0.00,0.00,0.00,0.00,0.00,0.00,0.00,0.00,0.00,0.00,0.00,0.00,,,,,,,,,,,,,,,,,,,,,,,,,,,,,,,,,,,,,,,,,,
7F-CH-5.KW/RT,(冰機效率        ),,0.00,0.00,0.00,0.00,0.00,0.00,0.00,0.00,0.00,0.00,0.00,0.00,0.00,0.00,0.00,0.00,0.00,0.00,0.00,0.00,0.00,0.00,0.00,0.00,0.00,0.00,0.00,0.00,0.00,0.00,0.00,0.00,0.00,0.00,0.00,0.00,0.00,0.00,0.00,0.00,0.00,0.00,0.00,0.00,0.00,0.00,0.00,0.00,0.00,0.00,0.00,0.00,0.00,0.00,0.00,0.00,0.00,0.00,0.00,0.00,0.00,0.00,0.00,0.00,0.00,0.00,0.00,0.00,0.00,0.00,0.00,0.00,0.00,0.00,0.00,0.00,0.00,0.00,0.00,0.00,0.00,0.00,0.00,0.00,0.00,0.00,0.00,0.00,0.00,0.00,0.00,0.00,0.00,0.00,0.00,0.00,0.00,0.00,0.00,0.00,0.00,0.00,,,,,,,,,,,,,,,,,,,,,,,,,,,,,,,,,,,,,,,,,,
7F-CHSYS.KW/RT,(冰水系統效率    ),,0.00,0.00,0.00,0.00,0.00,0.00,0.00,0.00,0.00,0.00,0.00,0.00,0.00,0.00,0.00,0.00,0.00,0.00,0.00,0.00,0.00,0.00,0.00,0.00,0.00,0.00,0.00,0.00,0.00,0.00,0.00,0.00,0.00,0.00,0.00,0.00,0.00,0.00,0.00,0.00,0.00,0.00,0.00,0.00,0.00,0.00,0.00,0.00,0.00,0.00,0.00,0.00,0.00,7.92,3.98,2.10,1.06,1.15,1.28,1.48,1.70,1.27,1.19,1.27,1.16,0.96,0.96,0.96,0.90,0.81,0.84,0.94,0.85,0.80,0.94,0.90,0.75,0.89,0.93,0.94,0.78,0.88,0.94,0.88,0.82,0.97,0.93,0.79,0.83,0.94,0.93,0.80,0.90,0.94,0.87,0.81,0.94,0.92,0.86,0.83,0.95,0.90,,,,,,,,,,,,,,,,,,,,,,,,,,,,,,,,,,,,,,,,,,
7F-CW-1.TON,(冷卻水冷凍頓    ),,0,0,0,0,0,0,0,0,0,0,0,0,0,0,0,0,0,0,0,0,0,0,0,0,0,0,0,0,0,0,0,0,0,0,0,0,0,0,0,0,0,0,0,0,0,0,0,0,0,0,0,0,0,629,727,763,703,718,735,718,599,626,683,654,742,700,733,752,737,711,705,693,672,689,737,699,757,691,708,733,697,741,714,736,715,742,693,746,729,740,759,741,724,724,683,714,715,686,706,732,749,721,,,,,,,,,,,,,,,,,,,,,,,,,,,,,,,,,,,,,,,,,,
7F-CW-2.TON,(冷卻水冷凍頓    ),,0,0,0,0,0,0,0,0,0,0,0,0,0,0,0,0,0,0,0,0,0,0,0,0,0,0,0,0,0,0,0,0,0,0,0,0,0,0,0,0,0,0,0,0,0,0,0,0,0,0,0,0,0,0,0,0,0,0,0,0,0,0,0,0,0,0,0,0,0,0,0,0,0,0,0,0,0,0,0,0,0,0,0,0,0,0,0,0,0,0,0,0,0,0,0,0,0,0,0,0,0,0,,,,,,,,,,,,,,,,,,,,,,,,,,,,,,,,,,,,,,,,,,
7F-CW-3.TON,(冷卻水冷凍頓    ),,0,0,0,0,0,0,0,0,0,0,0,0,0,0,0,0,0,0,0,0,0,0,0,0,0,0,0,0,0,0,0,0,0,0,0,0,0,0,0,0,0,0,0,0,0,0,0,0,0,0,0,0,0,0,0,0,560,539,544,505,463,501,534,547,547,545,547,557,550,546,536,548,538,556,548,564,560,557,561,545,564,554,556,554,557,545,564,557,557,558,562,556,555,556,557,571,559,555,559,556,565,562,,,,,,,,,,,,,,,,,,,,,,,,,,,,,,,,,,,,,,,,,,
7F-CW-4.TON,(冷卻水冷凍頓    ),,0,0,0,0,0,0,0,0,0,0,0,0,0,0,0,0,0,0,0,0,0,0,0,0,0,0,0,0,0,0,0,0,0,0,0,0,0,0,0,0,0,0,0,0,0,0,0,0,0,0,0,0,0,0,0,589,628,620,615,614,563,602,610,606,623,618,630,624,624,623,626,639,613,634,626,626,617,634,634,644,629,627,633,625,631,638,640,629,635,637,634,641,626,631,635,630,630,630,631,640,639,646,,,,,,,,,,,,,,,,,,,,,,,,,,,,,,,,,,,,,,,,,,
7F-CW-5.TON,(冷卻水冷凍頓    ),,0,0,0,0,0,0,0,0,0,0,0,0,0,0,0,0,0,0,0,0,0,0,0,0,0,0,0,0,0,0,0,0,0,0,0,0,0,0,0,0,0,0,0,0,0,0,0,0,0,0,0,0,0,0,0,0,0,0,0,0,0,0,0,0,0,0,0,0,0,0,0,0,0,0,0,0,0,0,0,0,0,0,0,0,0,0,0,0,0,0,0,0,0,0,0,0,0,0,0,0,0,0,,,,,,,,,,,,,,,,,,,,,,,,,,,,,,,,,,,,,,,,,,
7F-CWSYS.TON,(冷凍頓          ),,0,0,0,0,0,0,0,0,0,0,0,0,0,0,0,0,0,0,0,0,0,0,0,0,0,0,0,0,0,0,0,0,0,0,0,0,0,0,0,0,0,0,0,0,0,0,0,0,0,0,0,37,25,608,623,1192,1935,1933,1921,1853,1660,1763,1862,1852,1940,1895,1946,1964,1940,1920,1899,1918,1872,1924,1955,1927,1958,1907,1935,1954,1940,1943,1930,1937,1963,1957,1915,1959,1970,1969,1985,1971,1958,1956,1924,1935,1924,1928,1927,1953,1983,1944,,,,,,,,,,,,,,,,,,,,,,,,,,,,,,,,,,,,,,,,,,
7F-CH-1.HB,(                ),,0.00,0.00,0.00,0.00,0.00,0.00,0.00,0.00,0.00,0.00,0.00,0.00,0.00,0.00,0.00,0.00,0.00,0.00,0.00,0.00,0.00,0.00,0.00,0.00,0.00,0.00,0.00,0.00,0.00,0.00,0.00,0.00,0.00,0.00,0.00,0.00,0.00,0.00,0.00,0.00,0.00,0.00,0.00,0.00,0.00,0.00,0.00,0.00,0.00,0.00,0.00,0.00,0.00, -6.62, -17.01, -22.63, -17.41, -21.05, -23.67, -27.05, -23.51, -18.38, -19.65, -14.18, -24.09, -19.86, -22.92, -24.11, -23.40, -20.61, -20.15, -18.18, -15.66, -17.90, -22.69, -17.43, -24.11, -16.43, -19.70, -22.85, -17.41, -21.92, -19.51, -22.51, -23.97, -22.92, -16.03, -23.22, -20.96, -22.04, -23.88, -22.06, -20.00, -20.76, -16.43, -19.18, -19.21, -16.72, -19.95, -21.90, -23.89, -19.15,,,,,,,,,,,,,,,,,,,,,,,,,,,,,,,,,,,,,,,,,,
7F-CH-2.HB,(                ),,0.00,0.00,0.00,0.00,0.00,0.00,0.00,0.00,0.00,0.00,0.00,0.00,0.00,0.00,0.00,0.00,0.00,0.00,0.00,0.00,0.00,0.00,0.00,0.00,0.00,0.00,0.00,0.00,0.00,0.00,0.00,0.00,0.00,0.00,0.00,0.00,0.00,0.00,0.00,0.00,0.00,0.00,0.00,0.00,0.00,0.00,0.00,0.00,0.00,0.00,0.00,0.00,0.00,0.00,0.00,0.00,0.00,0.00,0.00,0.00,0.00,0.00,0.00,0.00,0.00,0.00,0.00,0.00,0.00,0.00,0.00,0.00,0.00,0.00,0.00,0.00,0.00,0.00,0.00,0.00,0.00,0.00,0.00,0.00,0.00,0.00,0.00,0.00,0.00,0.00,0.00,0.00,0.00,0.00,0.00,0.00,0.00,0.00,0.00,0.00,0.00,0.00,,,,,,,,,,,,,,,,,,,,,,,,,,,,,,,,,,,,,,,,,,
7F-CH-3.HB,(                ),,0.00,0.00,0.00,0.00,0.00,0.00,0.00,0.00,0.00,0.00,0.00,0.00,0.00,0.00,0.00,0.00,0.00,0.00,0.00,0.00,0.00,0.00,0.00,0.00,0.00,0.00,0.00,0.00,0.00,0.00,0.00,0.00,0.00,0.00,0.00,0.00,0.00,0.00,0.00,0.00,0.00,0.00,0.00,0.00,0.00,0.00,0.00,0.00,0.00,0.00,0.00,0.00,0.00,0.00,0.00,0.00, -15.30, -15.72, -17.77, -16.84, -14.44, -14.78, -17.16, -18.48, -16.56, -18.21, -17.17, -17.68, -16.98, -16.61, -15.18, -17.62, -15.08, -17.80, -15.66, -18.55, -16.15, -15.55, -17.85, -15.10, -17.69, -16.99, -17.19, -16.86, -16.78, -14.64, -16.98, -15.88, -15.55, -16.09, -16.81, -15.58, -15.54, -16.28, -16.56, -18.36, -15.46, -15.98, -16.65, -16.12, -17.48, -15.45,,,,,,,,,,,,,,,,,,,,,,,,,,,,,,,,,,,,,,,,,,
7F-CH-4.HB,(                ),,0.00,0.00,0.00,0.00,0.00,0.00,0.00,0.00,0.00,0.00,0.00,0.00,0.00,0.00,0.00,0.00,0.00,0.00,0.00,0.00,0.00,0.00,0.00,0.00,0.00,0.00,0.00,0.00,0.00,0.00,0.00,0.00,0.00,0.00,0.00,0.00,0.00,0.00,0.00,0.00,0.00,0.00,0.00,0.00,0.00,0.00,0.00,0.00,0.00,0.00,0.00,0.00,0.00,0.00,0.00, -0.63, -6.47, -5.56, -7.64, -7.84, -5.08, -7.20, -5.25, -5.46, -5.82, -4.75, -7.18, -6.71, -6.34, -6.24, -6.44, -7.43, -4.41, -3.82, -6.91, -5.27, -2.30, -6.07, -7.44, -7.56, -6.14, -5.20, -5.70, -4.83, -7.31, -6.25, -8.03, -4.10, -6.57, -8.02, -5.77, -5.91, -3.75, -3.37, -7.28, -5.92, -5.51, -4.80, -4.58, -5.94, -9.09, -6.39,,,,,,,,,,,,,,,,,,,,,,,,,,,,,,,,,,,,,,,,,,
7F-CH-5.HB,(                ),,0.00,0.00,0.00,0.00,0.00,0.00,0.00,0.00,0.00,0.00,0.00,0.00,0.00,0.00,0.00,0.00,0.00,0.00,0.00,0.00,0.00,0.00,0.00,0.00,0.00,0.00,0.00,0.00,0.00,0.00,0.00,0.00,0.00,0.00,0.00,0.00,0.00,0.00,0.00,0.00,0.00,0.00,0.00,0.00,0.00,0.00,0.00,0.00,0.00,0.00,0.00,0.00,0.00,0.00,0.00,0.00,0.00,0.00,0.00,0.00,0.00,0.00,0.00,0.00,0.00,0.00,0.00,0.00,0.00,0.00,0.00,0.00,0.00,0.00,0.00,0.00,0.00,0.00,0.00,0.00,0.00,0.00,0.00,0.00,0.00,0.00,0.00,0.00,0.00,0.00,0.00,0.00,0.00,0.00,0.00,0.00,0.00,0.00,0.00,0.00,0.00,0.00,,,,,,,,,,,,,,,,,,,,,,,,,,,,,,,,,,,,,,,,,,
7F-CHSYS.HB,(                ),,0.00,0.00,0.00,0.00,0.00,0.00,0.00,0.00,0.00,0.00,0.00,0.00,0.00,0.00,0.00,0.00,0.00,0.00,0.00,0.00,0.00,0.00,0.00,0.00,0.00,0.00,0.00,0.00,0.00,0.00,0.00,0.00,0.00,0.00,0.00,0.00,0.00,0.00,0.00,0.00,0.00,0.00,0.00,0.00,0.00,0.00,0.00,0.00,0.00,0.00,0.00,738.26,1121.70, -24.84, -4.41, -29.04, -29.29, -33.65, -38.22, -42.39, -41.37, -32.20, -32.63, -35.63, -34.24, -21.92, -23.92, -24.58, -20.28, -11.70, -13.26, -21.59, -13.24, -11.59, -23.05, -19.24, -7.75, -17.64, -22.05, -23.29, -9.67, -18.40, -22.20, -18.53, -15.39, -25.26, -20.75, -12.10, -16.04, -23.68, -24.09, -13.46, -20.46, -23.22, -17.31, -12.48, -22.03, -20.56, -16.16, -14.79, -24.71, -20.27,,,,,,,,,,,,,,,,,,,,,,,,,,,,,,,,,,,,,,,,,,
CHP1F7:KW,(                ),kW,0.0,0.0,0.0,0.0,0.0,0.0,0.0,0.0,0.0,0.0,0.0,0.0,0.0,0.0,0.0,0.0,0.0,0.0,0.0,0.0,0.0,0.0,0.0,0.0,0.0,0.0,0.0,0.0,0.0,0.0,0.0,0.0,0.0,0.0,0.0,0.0,0.0,0.0,0.0,0.0,0.0,0.0,0.0,0.0,0.0,0.0,0.0,0.0,0.0,0.0,0.0,32.0,32.4,31.8,31.5,31.6,31.5,31.6,31.7,31.8,31.6,31.4,31.5,31.6,31.8,31.7,31.5,31.7,31.7,31.5,31.4,31.5,31.6,31.9,31.9,31.7,31.7,31.7,31.5,31.3,31.6,31.6,31.9,31.6,31.7,31.7,31.7,31.6,31.7,31.5,31.6,31.5,31.5,31.5,31.7,31.6,31.6,31.7,31.8,31.8,31.7,31.7,,,,,,,,,,,,,,,,,,,,,,,,,,,,,,,,,,,,,,,,,,
CHP2F7:KW,(                ),kW,0.0,0.0,0.0,0.0,0.0,0.0,0.0,0.0,0.0,0.0,0.0,0.0,0.0,0.0,0.0,0.0,0.0,0.0,0.0,0.0,0.0,0.0,0.0,0.0,0.0,0.0,0.0,0.0,0.0,0.0,0.0,0.0,0.0,0.0,0.0,0.0,0.0,0.0,0.0,0.0,0.0,0.0,0.0,0.0,0.0,0.0,0.0,0.0,0.0,0.0,0.0,0.0,0.0,0.0,0.0,0.0,0.0,0.0,0.0,0.0,0.0,0.0,0.0,0.0,0.0,0.0,0.0,0.0,0.0,0.0,0.0,0.0,0.0,0.0,0.0,0.0,0.0,0.0,0.0,0.0,0.0,0.0,0.0,0.0,0.0,0.0,0.0,0.0,0.0,0.0,0.0,0.0,0.0,0.0,0.0,0.0,0.0,0.0,0.0,0.0,0.0,0.0,,,,,,,,,,,,,,,,,,,,,,,,,,,,,,,,,,,,,,,,,,
CHP3F7:KW,(                ),kW,0.0,0.0,0.0,0.0,0.0,0.0,0.0,0.0,0.0,0.0,0.0,0.0,0.0,0.0,0.0,0.0,0.0,0.0,0.0,0.0,0.0,0.0,0.0,0.0,0.0,0.0,0.0,0.0,0.0,0.0,0.0,0.0,0.0,0.0,0.0,0.0,0.0,0.0,0.0,0.0,0.0,0.0,0.0,0.0,0.0,0.0,0.0,0.0,0.0,0.0,0.0,0.0,0.0,0.0,17.5,17.4,17.5,17.4,17.4,17.5,17.4,17.4,17.4,17.4,17.5,17.5,17.4,17.5,17.5,17.4,17.4,17.3,17.3,17.4,17.4,17.3,17.4,17.4,17.3,17.4,17.4,17.4,17.4,17.4,17.4,17.4,17.5,17.3,17.4,17.4,17.4,17.3,17.3,17.3,17.4,17.3,17.4,17.3,17.4,17.4,17.4,17.4,,,,,,,,,,,,,,,,,,,,,,,,,,,,,,,,,,,,,,,,,,
CHP4F7:KW,(                ),kW,0.0,0.0,0.0,0.0,0.0,0.0,0.0,0.0,0.0,0.0,0.0,0.0,0.0,0.0,0.0,0.0,0.0,0.0,0.0,0.0,0.0,0.0,0.0,0.0,0.0,0.0,0.0,0.0,0.0,0.0,0.0,0.0,0.0,0.0,0.0,0.0,0.0,0.0,0.0,0.0,0.0,0.0,0.0,0.0,0.0,0.0,0.0,0.0,0.0,0.0,0.0,0.0,0.0,31.2,30.5,30.7,30.7,30.7,30.7,31.0,30.8,30.6,30.4,30.6,30.8,30.9,30.6,30.8,30.7,30.6,31.0,30.8,30.9,30.8,30.9,30.8,30.8,30.7,30.7,30.5,30.7,30.7,30.7,30.8,30.6,30.6,30.8,30.8,30.9,30.7,30.7,31.0,30.6,30.6,30.9,31.0,30.8,30.7,30.8,31.1,30.8,30.9,,,,,,,,,,,,,,,,,,,,,,,,,,,,,,,,,,,,,,,,,,
CHP5F7:KW,(                ),kW,0.0,0.0,0.0,0.0,0.0,0.0,0.0,0.0,0.0,0.0,0.0,0.0,0.0,0.0,0.0,0.0,0.0,0.0,0.0,0.0,0.0,0.0,0.0,0.0,0.0,0.0,0.0,0.0,0.0,0.0,0.0,0.0,0.0,0.0,0.0,0.0,0.0,0.0,0.0,0.0,0.0,0.0,0.0,0.0,0.0,0.0,0.0,0.0,0.0,0.0,0.0,0.0,0.0,0.0,0.0,0.0,0.0,0.0,0.0,0.0,0.0,0.0,0.0,0.0,0.0,0.0,0.0,0.0,0.0,0.0,0.0,0.0,0.0,0.0,0.0,0.0,0.0,0.0,0.0,0.0,0.0,0.0,0.0,0.0,0.0,0.0,0.0,0.0,0.0,0.0,0.0,0.0,0.0,0.0,0.0,0.0,0.0,0.0,0.0,0.0,0.0,0.0,,,,,,,,,,,,,,,,,,,,,,,,,,,,,,,,,,,,,,,,,,
CHPF7-ALL.KW,(冰水泵系統功率  ),,0.0,0.0,0.0,0.0,0.0,0.0,0.0,0.0,0.0,0.0,0.0,0.0,0.0,0.0,0.0,0.0,0.0,0.0,0.0,0.0,0.0,0.0,0.0,0.0,0.0,0.0,0.0,0.0,0.0,0.0,0.0,0.0,0.0,0.0,0.0,0.0,0.0,0.0,0.0,0.0,0.0,0.0,0.0,0.0,0.0,0.0,0.0,0.0,0.0,0.0,0.0,32.0,32.4,63.0,79.5,79.8,79.7,79.8,79.8,80.2,79.8,79.4,79.3,79.6,80.1,80.2,79.5,80.0,79.9,79.5,79.7,79.6,79.9,80.1,80.2,79.9,79.8,79.8,79.5,79.3,79.7,79.8,80.0,79.8,79.7,79.7,80.0,79.8,80.1,79.6,79.7,79.8,79.5,79.4,80.0,80.0,79.8,79.8,79.9,80.3,79.9,80.0,,,,,,,,,,,,,,,,,,,,,,,,,,,,,,,,,,,,,,,,,,
CWP1F7:KW,(                ),kW,0.0,0.0,0.0,0.0,0.0,0.0,0.0,0.0,0.0,0.0,0.0,0.0,0.0,0.0,0.0,0.0,0.0,0.0,0.0,0.0,0.0,0.0,0.0,0.0,0.0,0.0,0.0,0.0,0.0,0.0,0.0,0.0,0.0,0.0,0.0,0.0,0.0,0.0,0.0,0.0,0.0,0.0,0.0,0.0,0.0,0.0,0.0,0.0,0.0,0.0,0.0,30.5,30.5,30.3,30.4,30.2,30.3,30.2,30.2,30.3,30.3,30.2,30.0,30.2,30.3,30.2,30.2,30.1,30.3,30.2,30.3,30.1,30.2,30.3,30.4,30.3,30.3,30.4,30.1,30.2,30.2,30.2,30.3,30.3,30.2,30.4,30.3,30.3,30.2,30.2,30.2,30.3,30.2,30.2,30.3,30.3,30.2,30.3,30.2,30.4,30.2,30.3,,,,,,,,,,,,,,,,,,,,,,,,,,,,,,,,,,,,,,,,,,
CWP2F7:KW,(                ),kW,0.0,0.0,0.0,0.0,0.0,0.0,0.0,0.0,0.0,0.0,0.0,0.0,0.0,0.0,0.0,0.0,0.0,0.0,0.0,0.0,0.0,0.0,0.0,0.0,0.0,0.0,0.0,0.0,0.0,0.0,0.0,0.0,0.0,0.0,0.0,0.0,0.0,0.0,0.0,0.0,0.0,0.0,0.0,0.0,0.0,0.0,0.0,0.0,0.0,0.0,0.0,0.0,0.0,0.0,0.0,0.0,0.0,0.0,0.0,0.0,0.0,0.0,0.0,0.0,0.0,0.0,0.0,0.0,0.0,0.0,0.0,0.0,0.0,0.0,0.0,0.0,0.0,0.0,0.0,0.0,0.0,0.0,0.0,0.0,0.0,0.0,0.0,0.0,0.0,0.0,0.0,0.0,0.0,0.0,0.0,0.0,0.0,0.0,0.0,0.0,0.0,0.0,,,,,,,,,,,,,,,,,,,,,,,,,,,,,,,,,,,,,,,,,,
CWP3F7:KW,(                ),kW,0.0,0.0,0.0,0.0,0.0,0.0,0.0,0.0,0.0,0.0,0.0,0.0,0.0,0.0,0.0,0.0,0.0,0.0,0.0,0.0,0.0,0.0,0.0,0.0,0.0,0.0,0.0,0.0,0.0,0.0,0.0,0.0,0.0,0.0,0.0,0.0,0.0,0.0,0.0,0.0,0.0,0.0,0.0,0.0,0.0,0.0,0.0,0.0,0.0,0.0,0.0,0.0,0.0,0.0,20.5,20.5,20.6,20.5,20.4,20.5,20.5,20.4,20.4,20.5,20.5,20.5,20.4,20.4,20.5,20.4,20.4,20.3,20.4,20.4,20.5,20.3,20.4,20.5,20.4,20.4,20.4,20.4,20.5,20.4,20.4,20.4,20.5,20.4,20.4,20.4,20.4,20.4,20.4,20.4,20.4,20.4,20.4,20.4,20.4,20.4,20.4,20.4,,,,,,,,,,,,,,,,,,,,,,,,,,,,,,,,,,,,,,,,,,
CWP4F7:KW,(                ),kW,0.0,0.0,0.0,0.0,0.0,0.0,0.0,0.0,0.0,0.0,0.0,0.0,0.0,0.0,0.0,0.0,0.0,0.0,0.0,0.0,0.0,0.0,0.0,0.0,0.0,0.0,0.0,0.0,0.0,0.0,0.0,0.0,0.0,0.0,0.0,0.0,0.0,0.0,0.0,0.0,0.0,0.0,0.0,0.0,0.0,0.0,0.0,0.0,0.0,0.0,0.0,0.0,0.0,29.8,29.7,29.3,29.6,29.5,29.4,29.5,29.5,29.3,29.4,29.5,29.5,29.5,29.4,29.4,29.5,29.4,29.5,29.4,29.5,29.5,29.5,29.5,29.5,29.5,29.4,29.5,29.5,29.5,29.5,29.5,29.5,29.5,29.5,29.5,29.5,29.5,29.6,29.5,29.5,29.5,29.6,29.6,29.6,29.6,29.5,29.7,29.6,29.6,,,,,,,,,,,,,,,,,,,,,,,,,,,,,,,,,,,,,,,,,,
CWP5F7:KW,(                ),kW,0.0,0.0,0.0,0.0,0.0,0.0,0.0,0.0,0.0,0.0,0.0,0.0,0.0,0.0,0.0,0.0,0.0,0.0,0.0,0.0,0.0,0.0,0.0,0.0,0.0,0.0,0.0,0.0,0.0,0.0,0.0,0.0,0.0,0.0,0.0,0.0,0.0,0.0,0.0,0.0,0.0,0.0,0.0,0.0,0.0,0.0,0.0,0.0,0.0,0.0,0.0,0.0,0.0,0.0,0.0,0.0,0.0,0.0,0.0,0.0,0.0,0.0,0.0,0.0,0.0,0.0,0.0,0.0,0.0,0.0,0.0,0.0,0.0,0.0,0.0,0.0,0.0,0.0,0.0,0.0,0.0,0.0,0.0,0.0,0.0,0.0,0.0,0.0,0.0,0.0,0.0,0.0,0.0,0.0,0.0,0.0,0.0,0.0,0.0,0.0,0.0,0.0,,,,,,,,,,,,,,,,,,,,,,,,,,,,,,,,,,,,,,,,,,
CWPF7-ALL.KW,(冷卻水泵系統功率),,0.0,0.0,0.0,0.0,0.0,0.0,0.0,0.0,0.0,0.0,0.0,0.0,0.0,0.0,0.0,0.0,0.0,0.0,0.0,0.0,0.0,0.0,0.0,0.0,0.0,0.0,0.0,0.0,0.0,0.0,0.0,0.0,0.0,0.0,0.0,0.0,0.0,0.0,0.0,0.0,0.0,0.0,0.0,0.0,0.0,0.0,0.0,0.0,0.0,0.0,0.0,30.5,30.5,60.1,80.5,80.0,80.5,80.1,80.1,80.2,80.3,79.9,79.8,80.2,80.4,80.2,80.1,80.0,80.4,80.0,80.2,79.7,80.2,80.3,80.4,80.1,80.2,80.4,79.9,80.0,80.1,80.1,80.4,80.3,80.1,80.3,80.3,80.1,80.1,80.1,80.3,80.1,80.1,80.0,80.3,80.2,80.3,80.3,80.1,80.4,80.1,80.4,,,,,,,,,,,,,,,,,,,,,,,,,,,,,,,,,,,,,,,,,,
CH-B1-1.CST,(冰水送水溫度    ),DEG C,11.92,11.95,11.94,11.98,11.98,12.00,12.03,12.07,12.07,12.10,12.11,12.14,12.15,12.19,12.21,12.22,12.23,12.25,12.26,12.26,12.28,12.30,12.31,12.35,12.39,12.43,12.47,12.52,12.57,12.63,12.70,12.78,12.87,12.94,13.04,13.11,13.17,13.27,13.36,13.46,13.55,13.63,13.74,13.85,13.95,19.09,15.85,12.61,9.12,10.25,11.66,6.44,7.39,8.22,7.83,8.27,8.32,8.50,9.06,9.24,9.42,10.09,10.28,10.35,10.51,10.31,9.21,8.08,7.50,7.45,7.42,7.35,7.33,7.30,7.22,7.84,7.84,7.57,8.26,7.67,8.34,7.86,7.72,8.48,7.76,7.81,8.46,7.73,7.78,8.38,7.67,7.56,8.05,7.21,7.66,7.08,7.05,8.09,7.30,7.17,7.03,6.73,,,,,,,,,,,,,,,,,,,,,,,,,,,,,,,,,,,,,,,,,,
CH-B1-2.CST,(冰水送水溫度    ),DEG C,11.77,11.80,11.82,11.85,11.86,11.89,11.88,11.93,11.95,11.98,12.00,12.03,12.01,12.06,12.07,12.12,12.14,12.12,12.10,12.14,12.14,12.19,12.20,12.29,12.39,12.47,12.50,12.52,12.61,12.68,12.75,12.79,12.82,12.90,12.94,12.97,13.09,13.14,13.19,13.23,13.32,13.41,13.49,13.57,13.66,20.11,18.92,16.46,12.72,11.41,10.59,7.15,9.88,8.89,10.37,10.63,10.70,11.84,12.02,12.17,12.30,12.51,12.70,13.27,13.49,12.18,8.92,7.91,7.78,7.55,7.53,7.46,7.41,7.32,10.60,11.28,7.53,11.47,7.92,11.07,10.57,7.56,11.45,8.82,7.55,11.41,8.80,7.53,11.38,8.91,7.55,11.45,8.64,7.33,11.71,7.35,11.59,9.08,7.39,11.28,8.40,11.40,,,,,,,,,,,,,,,,,,,,,,,,,,,,,,,,,,,,,,,,,,
CHW.ST,(冰水總出水溫度  ),DEG C,12.4,12.4,12.5,12.5,12.5,12.5,12.5,12.5,12.6,12.6,12.6,12.6,12.6,12.6,12.7,12.7,12.7,12.7,12.7,12.8,12.8,12.8,12.8,12.8,12.9,12.9,12.9,13.0,13.2,13.3,13.4,13.5,13.6,13.7,13.8,13.9,14.1,14.1,14.2,14.4,14.4,14.5,14.6,14.7,14.8,19.5,16.9,13.9,11.0,10.9,11.1,6.8,8.6,8.4,8.8,9.2,9.2,9.8,10.2,10.4,10.5,11.0,11.2,11.5,11.7,11.2,9.1,8.0,7.6,7.4,7.5,7.4,7.4,7.3,8.9,9.6,7.7,9.5,8.0,9.3,9.4,7.7,9.6,8.6,7.6,9.6,8.6,7.6,9.6,8.6,7.6,9.5,8.3,7.3,9.7,7.2,9.3,8.6,7.3,9.2,7.7,9.1,,,,,,,,,,,,,,,,,,,,,,,,,,,,,,,,,,,,,,,,,,
CH-B1-1.CRT,(冰水進水溫度    ),DEG C,12.83,12.92,13.06,13.14,13.24,13.33,13.43,13.49,13.56,13.65,13.72,13.80,13.86,13.93,13.98,14.04,14.09,14.12,14.17,14.19,14.22,14.26,14.28,14.30,14.32,14.34,14.35,14.39,14.40,14.41,14.42,14.44,14.47,14.47,14.50,14.52,14.55,14.58,14.60,14.63,14.67,14.69,14.74,14.77,14.81,20.23,19.13,16.69,13.71,10.21,11.66,10.83,9.41,9.78,11.23,11.55,11.59,11.79,12.39,12.58,12.79,13.41,13.58,13.66,13.81,13.98,12.85,11.72,11.17,10.95,10.89,10.84,10.85,10.88,10.81,11.83,11.77,11.60,12.30,11.59,12.40,11.84,11.70,12.48,11.61,11.75,12.46,11.59,11.71,12.45,11.61,11.66,12.35,11.36,11.95,12.16,11.72,12.26,11.42,11.43,12.26,11.37,,,,,,,,,,,,,,,,,,,,,,,,,,,,,,,,,,,,,,,,,,
CH-B1-2.CRT,(冰水進水溫度    ),DEG C,12.87,12.93,12.99,13.08,13.13,13.23,13.30,13.36,13.44,13.51,13.57,13.64,13.70,13.76,13.82,13.88,13.93,13.99,14.04,14.11,14.16,14.23,14.27,14.33,14.40,14.46,14.52,14.57,14.66,14.71,14.79,14.84,14.92,14.96,15.03,15.10,15.17,15.23,15.30,15.40,15.43,15.50,15.58,15.66,15.71,19.90,18.92,16.38,14.35,11.26,11.78,11.52,9.90,9.00,10.34,10.62,10.70,11.85,12.02,12.17,12.29,12.51,12.70,13.27,13.48,13.40,12.12,11.00,10.48,10.27,10.26,10.20,10.18,10.13,10.11,11.51,10.91,11.46,11.43,11.06,11.83,10.93,11.45,11.74,10.83,11.41,11.75,10.81,11.38,11.84,10.92,11.45,11.85,10.88,11.72,11.92,11.61,11.95,11.09,11.28,12.21,11.40,,,,,,,,,,,,,,,,,,,,,,,,,,,,,,,,,,,,,,,,,,
CHW.RT,(冰水總回水溫度  ),DEG C,12.9,13.6,14.1,14.6,14.9,15.2,15.5,15.8,16.1,16.2,16.4,16.6,16.8,17.0,17.3,17.5,17.7,17.9,18.2,18.1,17.9,18.1,18.4,18.4,18.7,18.8,19.0,19.3,19.3,19.6,19.6,19.8,19.8,19.9,20.1,20.1,20.3,20.4,20.6,20.6,20.8,20.9,20.9,21.1,21.1,19.5,19.5,17.6,14.5,12.2,12.1,12.2,10.2,10.7,12.1,12.0,12.0,12.1,12.2,12.3,12.7,12.8,13.1,13.2,13.3,13.6,13.0,11.7,11.1,10.8,10.8,10.8,10.8,10.8,10.7,11.5,12.0,11.5,12.2,11.4,12.0,12.1,11.3,12.3,11.7,11.3,12.4,11.7,11.3,12.3,11.7,11.2,12.3,11.5,11.6,12.5,11.5,12.1,11.5,11.0,12.3,11.6,,,,,,,,,,,,,,,,,,,,,,,,,,,,,,,,,,,,,,,,,,
CH-B1-1.CHDT,(冰水溫差        ),DEG C,0.9,1.0,1.1,1.2,1.3,1.3,1.4,1.4,1.5,1.5,1.6,1.7,1.7,1.7,1.8,1.8,1.9,1.9,1.9,1.9,1.9,2.0,2.0,2.0,1.9,1.9,1.9,1.9,1.8,1.8,1.7,1.7,1.6,1.5,1.4,1.4,1.4,1.3,1.2,1.2,1.1,1.1,1.0,0.9,0.9,1.1,3.3,4.1,4.6, -0.0, -0.0,4.4,2.0,1.6,3.4,3.3,3.3,3.3,3.3,3.3,3.4,3.3,3.3,3.3,3.3,3.7,3.6,3.6,3.7,3.5,3.5,3.5,3.5,3.6,3.6,4.0,3.9,4.0,4.0,3.9,4.1,4.0,4.0,4.0,3.9,3.9,4.0,3.9,3.9,4.1,3.9,4.1,4.3,4.1,4.3,5.1,4.7,4.2,4.1,4.3,5.2,4.6,,,,,,,,,,,,,,,,,,,,,,,,,,,,,,,,,,,,,,,,,,
CH-B1-2.CHDT,(冰水溫差        ),DEG C,1.1,1.1,1.2,1.2,1.3,1.3,1.4,1.4,1.5,1.5,1.6,1.6,1.7,1.7,1.8,1.8,1.8,1.9,1.9,2.0,2.0,2.0,2.1,2.0,2.0,2.0,2.0,2.1,2.1,2.0,2.0,2.0,2.1,2.1,2.1,2.1,2.1,2.1,2.1,2.2,2.1,2.1,2.1,2.1,2.1, -0.2,0.0, -0.1,1.6, -0.1,1.2,4.4,0.0,0.1, -0.0, -0.0, -0.0,0.0, -0.0, -0.0, -0.0, -0.0, -0.0,0.0, -0.0,1.2,3.2,3.1,2.7,2.7,2.7,2.7,2.8,2.8, -0.5,0.2,3.4, -0.0,3.5,0.0,1.2,3.4, -0.0,2.9,3.3, -0.0,2.9,3.3, -0.0,2.9,3.4, -0.0,3.2,3.5,0.0,4.6,0.0,2.9,3.7,0.0,3.8,0.0,,,,,,,,,,,,,,,,,,,,,,,,,,,,,,,,,,,,,,,,,,
CH-B1.CHDT,(冰水系統溫差    ),DEG C,0.5,1.1,1.6,2.1,2.4,2.7,3.0,3.3,3.6,3.7,3.8,4.0,4.2,4.4,4.6,4.8,5.0,5.2,5.4,5.3,5.1,5.3,5.6,5.6,5.8,6.0,6.1,6.3,6.2,6.3,6.2,6.3,6.2,6.2,6.3,6.2,6.2,6.3,6.3,6.3,6.3,6.4,6.3,6.4,6.3,0.0,2.6,3.8,3.6,1.3,0.9,5.3,1.6,2.3,3.3,2.9,2.8,2.3,2.0,2.0,2.2,1.8,1.9,1.7,1.6,2.3,3.9,3.7,3.5,3.4,3.3,3.4,3.4,3.5,1.9,1.8,4.3,2.0,4.2,2.1,2.5,4.4,1.7,3.7,4.1,1.7,3.7,4.1,1.7,3.7,4.1,1.7,3.9,4.3,1.9,5.3,2.2,3.5,4.2,1.8,4.6,2.5,,,,,,,,,,,,,,,,,,,,,,,,,,,,,,,,,,,,,,,,,,
CH-B1-1.CFM,(流量回受值      ),,8,6,8,8,8,8,8,8,8,8,8,8,8,8,6,8,8,6,6,8,6,8,8,8,8,8,6,6,8,8,8,8,6,6,8,8,8,8,8,8,8,7,7,7,7,4848,4830,5278,4199,3015,3326,3727,3716,4983,4861,5000,5054,4974,5069,5044,5035,5131,5160,5223,5228,4831,4978,5208,5142,5095,5070,5010,4942,4901,4874,4800,4772,4724,4826,4783,4786,4821,4778,4900,4889,4868,4906,4909,4830,4803,4702,4541,4347,4306,4310,3582,3912,4559,4281,4278,3281,3872,,,,,,,,,,,,,,,,,,,,,,,,,,,,,,,,,,,,,,,,,,
CH-B1-2.CFM,(流量回受值      ),,5,5,5,5,5,5,5,5,5,5,5,5,5,5,5,5,5,5,5,5,5,5,5,5,5,5,5,5,5,5,5,5,5,5,5,5,5,5,6,6,6,6,6,6,4,2339,2362,2096,3629,2817,2990,3071,3124,1458,2660,2980,2943,2924,2926,2953,2924,3162,3219,3239,3304,4421,3228,4505,4334,4334,4264,4175,4123,3976,3956,3872,3891,3884,3886,3872,3842,3889,3864,4031,4069,3914,4046,3974,3895,3864,3888,3775,3644,3653,3612,3062,3322,3826,3664,3569,2955,3320,,,,,,,,,,,,,,,,,,,,,,,,,,,,,,,,,,,,,,,,,,
CH-B1.CFM,(冰水系統總流量  ),,0,0,0,0,0,0,0,0,0,0,0,0,0,0,0,0,0,0,0,0,0,0,0,0,0,0,0,0,0,0,0,0,0,0,0,0,0,0,0,0,0,0,0,0,0,4861,4844,5278,7829,5807,6314,6809,6840,4983,4861,5000,5052,4974,5081,5044,5035,5129,5175,5214,5236,9240,8099,9714,9476,9430,9335,9186,9054,8878,8830,8697,8664,8605,8716,8672,8613,8708,8646,8889,8970,8783,8953,8884,8726,8666,8591,8316,7982,7960,7922,6644,7234,8410,7946,7848,6191,7170,,,,,,,,,,,,,,,,,,,,,,,,,,,,,,,,,,,,,,,,,,
CH-B1-1.CWST,(冷卻水進水溫度  ),DEG C,29.15,29.16,29.18,29.19,29.19,29.21,29.22,29.23,29.23,29.24,29.24,29.25,29.26,29.26,29.27,29.27,29.27,29.28,29.28,29.29,29.29,29.29,29.29,29.30,29.29,29.30,29.30,29.30,29.30,29.30,29.30,29.30,29.30,29.30,29.30,29.30,29.30,29.30,29.30,29.29,29.29,29.29,29.29,29.29,29.28,26.09,27.69,29.88,30.98,30.32,27.49,31.00,30.17,28.97,28.26,29.59,29.87,30.32,30.08,30.31,30.09,30.52,30.48,30.66,30.98,31.16,30.58,30.24,29.66,29.40,29.57,29.73,29.77,29.80,29.78,28.38,29.24,28.50,28.97,30.05,28.28,29.56,29.01,28.55,29.95,29.03,28.54,29.93,29.16,28.55,29.91,28.92,28.34,29.79,28.45,28.77,28.76,28.13,29.62,28.98,28.32,29.61,,,,,,,,,,,,,,,,,,,,,,,,,,,,,,,,,,,,,,,,,,
CH-B1-2.CWST,(冷卻水進水溫度  ),DEG C,29.23,29.25,29.27,29.28,29.30,29.31,29.32,29.33,29.34,29.35,29.36,29.37,29.38,29.39,29.40,29.40,29.41,29.42,29.42,29.43,29.43,29.44,29.44,29.45,29.45,29.45,29.45,29.46,29.46,29.46,29.46,29.46,29.46,29.46,29.47,29.46,29.47,29.46,29.46,29.46,29.46,29.46,29.46,29.46,29.46,29.46,29.45,29.45,30.96,30.35,27.52,31.02,30.18,29.37,29.38,29.38,29.39,29.40,29.41,29.43,29.45,29.46,29.47,29.49,29.50,31.18,30.59,30.26,29.69,29.42,29.59,29.75,29.79,29.81,29.80,28.41,29.25,28.53,28.97,30.05,28.30,29.57,29.04,28.57,29.97,29.06,28.55,29.94,29.19,28.57,29.92,28.95,28.36,29.80,28.48,28.78,28.79,28.14,29.65,29.01,28.33,29.62,,,,,,,,,,,,,,,,,,,,,,,,,,,,,,,,,,,,,,,,,,
CW.ST,(冷卻水總出水溫度),DEG C,28.60,28.59,28.57,28.56,28.54,28.51,28.48,28.46,28.43,28.41,28.38,28.35,28.33,28.30,28.27,28.25,28.22,28.20,28.17,28.15,28.12,28.10,28.08,28.05,28.03,28.00,27.98,27.96,27.94,27.92,27.89,27.87,27.85,27.83,27.80,27.79,27.77,27.74,27.73,27.70,27.68,27.66,27.65,27.62,27.61,26.97,30.64,33.68,33.58,30.46,27.90,34.49,31.01,30.43,31.67,33.01,33.32,33.77,33.66,33.92,33.62,34.14,34.09,34.27,34.63,33.96,34.48,33.98,33.17,32.85,32.90,33.07,33.11,33.09,31.87,30.48,32.95,30.57,32.71,32.02,30.93,33.28,31.10,32.08,33.67,31.11,32.07,33.62,31.24,32.04,33.61,30.99,31.88,33.48,30.53,32.51,30.78,31.53,33.44,31.03,31.72,31.58,,,,,,,,,,,,,,,,,,,,,,,,,,,,,,,,,,,,,,,,,,
CH-B1-1.CWRT,(冷卻水出水溫度  ),,29.00,29.01,29.03,29.03,29.04,29.04,29.05,29.05,29.04,29.04,29.04,29.04,29.03,29.03,29.02,29.02,29.00,29.00,28.99,28.98,28.97,28.96,28.95,28.94,28.92,28.91,28.90,28.89,28.87,28.86,28.85,28.83,28.82,28.80,28.79,28.77,28.76,28.75,28.73,28.72,28.70,28.69,28.67,28.66,28.64,27.09,30.72,33.73,35.02,30.43,27.53,34.50,31.83,30.46,31.72,33.06,33.36,33.81,33.68,33.93,33.66,34.17,34.13,34.31,34.65,35.43,34.73,34.30,33.70,33.34,33.31,33.47,33.52,33.51,33.52,32.52,33.27,32.59,33.00,34.03,32.42,33.59,33.10,32.68,33.98,33.14,32.66,33.93,33.24,32.67,33.91,33.00,32.44,33.76,32.55,32.73,32.77,32.23,33.63,33.01,32.31,33.53,,,,,,,,,,,,,,,,,,,,,,,,,,,,,,,,,,,,,,,,,,
CH-B1-2.CWRT,(冷卻水出水溫度  ),,29.16,29.17,29.17,29.17,29.18,29.18,29.18,29.18,29.17,29.17,29.17,29.16,29.16,29.16,29.15,29.15,29.14,29.14,29.13,29.12,29.12,29.11,29.10,29.09,29.08,29.08,29.06,29.06,29.05,29.04,29.03,29.01,29.00,28.99,28.98,28.97,28.96,28.95,28.93,28.92,28.91,28.90,28.89,28.88,28.86,28.84,28.82,28.77,32.30,30.63,28.42,34.64,30.31,29.50,29.51,29.52,30.02,30.48,30.76,30.92,31.13,31.48,31.46,31.77,31.86,32.61,34.38,33.83,32.78,32.48,32.63,32.81,32.85,32.83,30.31,28.56,32.78,28.66,32.58,30.13,29.57,33.12,29.17,31.62,33.51,29.19,31.63,33.47,29.30,31.57,33.46,29.07,31.47,33.34,28.60,32.44,28.89,30.96,33.38,29.14,31.29,29.76,,,,,,,,,,,,,,,,,,,,,,,,,,,,,,,,,,,,,,,,,,
CW.RT,(冷卻水總回水溫度),DEG C,28.81,28.79,28.75,28.71,28.67,28.64,28.59,28.55,28.52,28.47,28.43,28.39,28.35,28.31,28.27,28.24,28.21,28.17,28.14,28.11,28.07,28.04,28.00,27.98,27.94,27.91,27.89,27.86,27.83,27.81,27.77,27.75,27.72,27.70,27.67,27.65,27.62,27.60,27.58,27.56,27.53,27.51,27.48,27.47,27.44,26.13,27.72,29.89,31.07,30.29,27.49,30.94,30.16,28.95,28.28,29.61,29.88,30.33,30.06,30.28,30.11,30.51,30.49,30.66,30.96,31.16,30.60,30.24,29.64,29.40,29.57,29.72,29.77,29.80,29.79,28.36,29.25,28.50,29.00,30.05,28.28,29.56,28.99,28.55,29.94,29.01,28.54,29.95,29.14,28.57,29.91,28.90,28.35,29.79,28.43,28.78,28.77,28.14,29.62,28.97,28.33,29.63,,,,,,,,,,,,,,,,,,,,,,,,,,,,,,,,,,,,,,,,,,
CH-B1-1.CWDT,(冷卻水溫差      ),DEG C, -0.1, -0.1, -0.1, -0.2, -0.2, -0.2, -0.2, -0.2, -0.2, -0.2, -0.2, -0.2, -0.2, -0.2, -0.2, -0.3, -0.3, -0.3, -0.3, -0.3, -0.3, -0.3, -0.3, -0.4, -0.4, -0.4, -0.4, -0.4, -0.4, -0.4, -0.5, -0.5, -0.5, -0.5, -0.5, -0.5, -0.5, -0.6, -0.6, -0.6, -0.6, -0.6, -0.6, -0.6, -0.6,1.0,3.0,3.8,4.0,0.1,0.0,3.5,1.7,1.5,3.5,3.5,3.5,3.5,3.6,3.6,3.6,3.6,3.6,3.6,3.7,4.3,4.2,4.1,4.0,4.0,3.7,3.7,3.7,3.7,3.7,4.1,4.0,4.1,4.0,4.0,4.1,4.0,4.1,4.1,4.0,4.1,4.1,4.0,4.1,4.1,4.0,4.1,4.1,4.0,4.1,4.0,4.0,4.1,4.0,4.0,4.0,3.9,,,,,,,,,,,,,,,,,,,,,,,,,,,,,,,,,,,,,,,,,,
CH-B1-2.CWDT,(冷卻水溫差      ),DEG C, -0.1, -0.1, -0.1, -0.1, -0.1, -0.1, -0.1, -0.2, -0.2, -0.2, -0.2, -0.2, -0.2, -0.2, -0.2, -0.3, -0.3, -0.3, -0.3, -0.3, -0.3, -0.3, -0.3, -0.4, -0.4, -0.4, -0.4, -0.4, -0.4, -0.4, -0.4, -0.4, -0.5, -0.5, -0.5, -0.5, -0.5, -0.5, -0.5, -0.5, -0.5, -0.6, -0.6, -0.6, -0.6, -0.6, -0.6, -0.7,1.3,0.3,0.9,3.6,0.1,0.1,0.1,0.1,0.6,1.1,1.3,1.5,1.7,2.0,2.0,2.3,2.4,1.4,3.8,3.6,3.1,3.1,3.0,3.1,3.0,3.0,0.5,0.1,3.5,0.1,3.6,0.1,1.3,3.5,0.1,3.0,3.5,0.1,3.1,3.5,0.1,3.0,3.5,0.1,3.1,3.5,0.1,3.7,0.1,2.8,3.7,0.1,2.9,0.2,,,,,,,,,,,,,,,,,,,,,,,,,,,,,,,,,,,,,,,,,,
CH-B1.CWDT,(冷卻水系統溫差  ),DEG C, -0.2, -0.2, -0.2, -0.2, -0.1, -0.1, -0.1, -0.1, -0.1, -0.1, -0.1, -0.0, -0.0, -0.0, -0.0,0.0,0.0,0.0,0.0,0.0,0.1,0.1,0.1,0.1,0.1,0.1,0.1,0.1,0.1,0.1,0.1,0.1,0.1,0.1,0.1,0.1,0.1,0.1,0.1,0.1,0.2,0.2,0.2,0.2,0.2,0.8,2.9,3.8,2.5,0.2,0.4,3.5,0.9,1.5,3.4,3.4,3.4,3.4,3.6,3.6,3.5,3.6,3.6,3.6,3.7,2.8,3.9,3.7,3.5,3.5,3.3,3.4,3.3,3.3,2.1,2.1,3.7,2.1,3.7,2.0,2.6,3.7,2.1,3.5,3.7,2.1,3.5,3.7,2.1,3.5,3.7,2.1,3.5,3.7,2.1,3.7,2.0,3.4,3.8,2.1,3.4,2.0,,,,,,,,,,,,,,,,,,,,,,,,,,,,,,,,,,,,,,,,,,
CH-B1-1.CWFM,(流量回受值      ),,5,5,7,7,7,5,5,6,6,6,6,6,6,6,6,6,6,6,6,6,6,6,6,6,6,6,6,6,6,6,6,6,6,6,6,6,6,6,6,6,6,6,6,6,6,5777,5925,6024,5113,5055,4958,5122,5004,5887,5920,5973,5969,6060,6024,6099,6046,6041,6047,6044,6011,5077,5147,5095,5179,5099,5117,5081,5119,5098,5101,5011,5077,5018,5039,5145,4984,5115,5076,4994,5147,5115,5002,5205,5107,4976,5140,5069,4979,5133,5023,4955,4994,5003,5094,5059,4969,5077,,,,,,,,,,,,,,,,,,,,,,,,,,,,,,,,,,,,,,,,,,
CH-B1-2.CWFM,(流量回受值      ),,0,0,0,0,0, -2,0,0,0,0,0,0,0,0,0,0,0,0,0,0,0,0,0,0,0,0,0,0,0,0,0,0,0,0,0,0,0,0,0,0,0,0,0,0,0,0,0,0,5002,4985,4908,5003,4963,0,0,0,0,0,0,0,0,0,0,0,0,5044,5039,5018,5003,5017,5038,5020,5011,4994,4977,4935,4981,4936,4966,4972,4932,4997,4947,4961,4981,4949,4959,4975,4949,4965,4965,4959,4953,4986,4933,4973,4929,4951,4987,4963,4942,4947,,,,,,,,,,,,,,,,,,,,,,,,,,,,,,,,,,,,,,,,,,
CH-B1.CWFM,(冷卻水系統總流量),,0,0,0,0,0,0,0,0,0,0,0,0,0,0,0,0,0,0,0,0,0,0,0,0,0,0,0,0,0,0,0,0,0,0,0,0,0,0,0,0,0,0,0,0,0,5789,5932,6024,10115,10037,9868,10109,9967,5887,5920,5973,5964,6060,6033,6099,6046,6035,6058,6040,6014,10116,10187,10105,10190,10112,10155,10101,10142,10093,10079,9945,10059,9951,10009,10126,9922,10124,10004,9953,10137,10065,9961,10181,10055,9940,10102,10028,9929,10127,9956,9929,9923,9948,10081,10022,9920,10024,,,,,,,,,,,,,,,,,,,,,,,,,,,,,,,,,,,,,,,,,,
CH1B1:KW,(                ),kW,0.5,0.5,0.5,0.5,0.5,0.5,0.5,0.5,0.5,0.5,0.5,0.5,0.5,0.5,0.5,0.5,0.5,0.5,0.5,0.5,0.5,0.5,0.5,0.5,0.5,0.5,0.5,0.5,0.5,0.5,0.5,0.5,0.5,0.5,0.5,0.5,0.5,0.5,0.5,0.5,0.5,0.5,0.5,0.5,0.5,0.5,0.5,0.5,0.5,0.5,0.5,0.5,0.5,0.5,0.5,0.5,0.5,0.5,0.5,0.5,0.5,0.5,0.5,0.5,0.5,0.5,0.5,0.5,0.5,0.5,0.5,0.5,0.5,0.5,0.5,0.5,0.5,0.5,0.5,0.5,0.5,0.5,0.5,0.5,0.5,0.5,0.5,0.5,0.5,0.5,0.5,0.5,0.5,0.5,0.5,0.5,0.5,0.5,0.5,0.5,0.5,0.5,,,,,,,,,,,,,,,,,,,,,,,,,,,,,,,,,,,,,,,,,,
CH2B1:KW,(                ),kW,0.5,0.5,0.5,0.5,0.5,0.5,0.5,0.5,0.5,0.5,0.5,0.5,0.5,0.5,0.5,0.5,0.5,0.5,0.5,0.5,0.5,0.5,0.5,0.5,0.5,0.5,0.5,0.5,0.5,0.5,0.5,0.5,0.5,0.5,0.5,0.5,0.5,0.5,0.5,0.5,0.5,0.5,0.5,0.5,0.5,0.5,0.5,0.5,0.5,0.5,0.5,0.5,0.5,0.5,0.5,0.5,0.5,0.5,0.5,0.5,0.5,0.5,0.5,0.5,0.5,0.5,0.5,0.5,0.5,0.5,0.5,0.5,0.5,0.5,0.5,0.5,0.5,0.5,0.5,0.5,0.5,0.5,0.5,0.5,0.5,0.5,0.5,0.5,0.5,0.5,0.5,0.5,0.5,0.5,0.5,0.5,0.5,0.5,0.5,0.5,0.5,0.5,,,,,,,,,,,,,,,,,,,,,,,,,,,,,,,,,,,,,,,,,,
CHB1-ALL.KW,(冰機系統功率    ),,1.1,1.1,1.1,1.1,1.1,1.1,1.1,1.1,1.1,1.1,1.1,1.1,1.1,1.1,1.1,1.1,1.1,1.1,1.1,1.1,1.1,1.1,1.1,1.1,1.1,1.1,1.1,1.1,1.1,1.1,1.1,1.1,1.1,1.1,1.1,1.1,1.1,1.1,1.1,1.1,1.1,1.1,1.1,1.1,1.1,1.1,1.1,1.1,1.1,1.1,1.1,1.1,1.1,1.1,1.1,1.1,1.1,1.1,1.1,1.1,1.1,1.1,1.1,1.1,1.1,1.1,1.1,1.1,1.1,1.1,1.1,1.1,1.1,1.1,1.1,1.1,1.1,1.1,1.1,1.1,1.1,1.1,1.1,1.1,1.1,1.1,1.1,1.1,1.1,1.1,1.1,1.1,1.1,1.1,1.1,1.1,1.1,1.1,1.1,1.1,1.1,1.1,,,,,,,,,,,,,,,,,,,,,,,,,,,,,,,,,,,,,,,,,,
CH-B1-1.TON,(冷凍頓          ),,0,0,0,0,0,0,0,0,0,0,0,0,0,0,0,0,0,0,0,0,0,0,0,0,0,0,0,0,0,0,0,0,0,0,0,0,0,0,0,0,0,0,0,0,0,109,315,427,382,0,0,325,148,153,328,325,328,324,336,334,337,337,340,342,343,351,358,376,374,358,348,347,345,347,347,379,372,377,387,374,386,379,377,390,374,380,389,375,377,387,368,369,371,354,367,360,362,378,350,361,336,354,,,,,,,,,,,,,,,,,,,,,,,,,,,,,,,,,,,,,,,,,,
CH-B1-2.TON,(冷凍頓          ),,0,0,0,0,0,0,0,0,0,0,0,0,0,0,0,0,0,0,0,0,0,0,0,0,0,0,0,0,0,0,0,0,0,0,0,0,0,0,0,0,0,0,0,0,0,0,0,0,116,0,69,266,1,0,0,0,0,0,0,0,0,0,0,0,0,106,199,276,232,233,231,227,225,221,0,13,260,0,271,0,94,260,0,230,265,0,236,259,0,224,259,0,230,257,0,277,1,217,269,0,221,0,,,,,,,,,,,,,,,,,,,,,,,,,,,,,,,,,,,,,,,,,,
CH-B1.TON,(冰水系統冷凍頓  ),,0,0,0,0,0,0,0,0,0,0,0,0,0,0,0,0,0,0,0,0,0,0,0,0,0,0,0,0,0,0,0,0,0,0,0,0,0,0,0,0,0,0,0,0,0,1,247,396,553,150,113,712,222,225,315,283,279,231,201,195,222,181,191,174,170,423,626,720,651,642,612,613,617,612,327,316,734,334,729,367,428,765,295,646,726,288,661,714,293,634,707,284,622,674,302,699,319,581,658,275,569,358,,,,,,,,,,,,,,,,,,,,,,,,,,,,,,,,,,,,,,,,,,
CH-B1-1.KW/RT,(冰機效率        ),,0.00,0.00,0.00,0.00,0.00,0.00,0.00,0.00,0.00,0.00,0.00,0.00,0.00,0.00,0.00,0.00,0.00,0.00,0.00,0.00,0.00,0.00,0.00,0.00,0.00,0.00,0.00,0.00,0.00,0.00,0.00,0.00,0.00,0.00,0.00,0.00,0.00,0.00,0.00,0.00,0.00,0.00,0.00,0.00,0.00,0.00,0.00,0.00,0.00,0.00,0.00,0.00,0.00,0.00,0.00,0.00,0.00,0.00,0.00,0.00,0.00,0.00,0.00,0.00,0.00,0.00,0.00,0.00,0.00,0.00,0.00,0.00,0.00,0.00,0.00,0.00,0.00,0.00,0.00,0.00,0.00,0.00,0.00,0.00,0.00,0.00,0.00,0.00,0.00,0.00,0.00,0.00,0.00,0.00,0.00,0.00,0.00,0.00,0.00,0.00,0.00,0.00,,,,,,,,,,,,,,,,,,,,,,,,,,,,,,,,,,,,,,,,,,
CH-B1-2.KW/RT,(冰機效率        ),,0.00,0.00,0.00,0.00,0.00,0.00,0.00,0.00,0.00,0.00,0.00,0.00,0.00,0.00,0.00,0.00,0.00,0.00,0.00,0.00,0.00,0.00,0.00,0.00,0.00,0.00,0.00,0.00,0.00,0.00,0.00,0.00,0.00,0.00,0.00,0.00,0.00,0.00,0.00,0.00,0.00,0.00,0.00,0.00,0.00,0.00,0.00,0.00,0.00,0.00,0.00,0.00,0.00,0.00,0.00,0.00,0.00,0.00,0.00,0.00,0.00,0.00,0.00,0.00,0.00,0.00,0.00,0.00,0.00,0.00,0.00,0.00,0.00,0.00,0.00,0.00,0.00,0.00,0.00,0.00,0.00,0.00,0.00,0.00,0.00,0.00,0.00,0.00,0.00,0.00,0.00,0.00,0.00,0.00,0.00,0.00,0.00,0.00,0.00,0.00,0.00,0.00,,,,,,,,,,,,,,,,,,,,,,,,,,,,,,,,,,,,,,,,,,
CH-B1.KW/RT,(冰水系統效率    ),,0.00,0.00,0.00,0.00,0.00,0.00,0.00,0.00,0.00,0.00,0.00,0.00,0.00,0.00,0.00,0.00,0.00,0.00,0.00,0.00,0.00,0.00,0.00,0.00,0.00,0.00,0.00,0.00,0.00,0.00,0.00,0.00,0.00,0.00,0.00,0.00,0.00,0.00,0.00,0.00,0.00,0.00,0.00,0.00,0.00,0.00,0.00,0.00,0.00,0.00,0.00,0.00,0.00,0.00,0.00,0.00,0.00,0.00,0.00,0.00,0.00,0.00,0.00,0.00,0.00,0.00,0.00,0.00,0.00,0.00,0.00,0.00,0.00,0.00,0.00,0.00,0.00,0.00,0.00,0.00,0.00,0.00,0.00,0.00,0.00,0.00,0.00,0.00,0.00,0.00,0.00,0.00,0.00,0.00,0.00,0.00,0.00,0.00,0.00,0.00,0.00,0.00,,,,,,,,,,,,,,,,,,,,,,,,,,,,,,,,,,,,,,,,,,
CW-B1-1.TON,(冷凍頓          ),,0,0,0,0,0,0,0,0,0,0,0,0,0,0,0,0,0,0,0,0,0,0,0,0,0,0,0,0,0,0,0,0,0,0,0,0,0,0,0,0,0,0,0,0,0,115,357,460,410,10,4,353,165,173,406,410,412,420,430,436,427,436,438,437,438,429,424,410,414,399,379,377,380,375,378,412,406,406,404,407,410,411,411,409,411,417,409,413,414,406,407,409,403,405,409,389,396,406,405,404,394,394,,,,,,,,,,,,,,,,,,,,,,,,,,,,,,,,,,,,,,,,,,
CW-B1-2.TON,(冷凍頓          ),,0,0,0,0,0,0,0,0,0,0,0,0,0,0,0,0,0,0,0,0,0,0,0,0,0,0,0,0,0,0,0,0,0,0,0,0,0,0,0,0,0,0,0,0,0,0,0,0,132,27,85,358,12,0,0,0,0,0,0,0,0,0,0,0,0,142,379,355,307,304,303,304,302,299,53,13,348,12,355,7,122,350,12,298,350,12,302,348,11,294,349,11,305,350,11,361,10,275,370,13,288,15,,,,,,,,,,,,,,,,,,,,,,,,,,,,,,,,,,,,,,,,,,
CW-B1.TON,(冷卻水系統冷凍頓),,0,0,0,0,0,0,0,0,0,0,0,0,0,0,0,0,0,0,0,0,0,0,0,0,0,0,0,0,0,0,0,0,0,0,0,0,0,0,0,0,0,0,0,0,0,95,342,453,505,33,77,704,168,173,398,402,406,414,431,438,421,435,432,432,437,562,788,750,713,694,669,673,672,657,425,418,738,409,736,394,519,747,418,691,749,420,695,743,417,685,742,415,693,741,414,733,396,668,765,409,667,390,,,,,,,,,,,,,,,,,,,,,,,,,,,,,,,,,,,,,,,,,,
CH-B1-1.HB,(                ),,0.00,0.00,0.00,0.00,0.00,0.00,0.00,0.00,0.00,0.00,0.00,0.00,0.00,0.00,0.00,0.00,0.00,0.00,0.00,0.00,0.00,0.00,0.00,0.00,0.00,0.00,0.00,0.00,0.00,0.00,0.00,0.00,0.00,0.00,0.00,0.00,0.00,0.00,0.00,0.00,0.00,0.00,0.00,0.00,0.00, -4.94, -11.62, -7.10, -6.67, -98.48, -96.29, -7.82, -10.02, -11.47, -19.28, -20.61, -20.41, -22.75, -21.87, -23.27, -21.17, -22.60, -22.34, -21.57, -21.59, -18.06, -15.59, -8.16, -9.76, -10.20, -7.99, -7.99, -9.18, -7.43, -8.22, -7.88, -8.36, -7.26, -4.08, -8.18, -5.36, -7.70, -8.28, -4.38, -8.93, -8.79, -5.06, -9.15, -8.93, -4.52, -9.68, -9.69, -8.01, -12.52, -10.12, -7.24, -8.52, -6.85, -13.39, -10.79, -14.46, -10.08,,,,,,,,,,,,,,,,,,,,,,,,,,,,,,,,,,,,,,,,,,
CH-B1-2.HB,(                ),,0.00,0.00,0.00,0.00,0.00,0.00,0.00,0.00,0.00,0.00,0.00,0.00,0.00,0.00,0.00,0.00,0.00,0.00,0.00,0.00,0.00,0.00,0.00,0.00,0.00,0.00,0.00,0.00,0.00,0.00,0.00,0.00,0.00,0.00,0.00,0.00,0.00,0.00,0.00,0.00,0.00,0.00,0.00,0.00,0.00,0.00,0.00,0.00, -11.86, -99.44, -18.78, -25.59, -90.52,0.00,0.00,0.00,0.00,0.00,0.00,0.00,0.00,0.00,0.00,0.00,0.00, -24.93, -47.47, -22.38, -24.45, -23.23, -23.61, -25.21, -25.35, -25.80, -99.71, -1.70, -25.21, -98.78, -23.57, -97.05, -23.03, -25.75, -98.80, -22.95, -24.10, -98.80, -21.86, -25.67, -98.67, -23.94, -25.54, -98.68, -24.53, -26.51, -95.25, -23.15, -86.35, -20.96, -27.16, -97.33, -23.18, -92.52,,,,,,,,,,,,,,,,,,,,,,,,,,,,,,,,,,,,,,,,,,
CH-B1.HB,(                ),,0.00,0.00,0.00,0.00,0.00,0.00,0.00,0.00,0.00,0.00,0.00,0.00,0.00,0.00,0.00,0.00,0.00,0.00,0.00,0.00,0.00,0.00,0.00,0.00,0.00,0.00,0.00,0.00,0.00,0.00,0.00,0.00,0.00,0.00,0.00,0.00,0.00,0.00,0.00,0.00,0.00,0.00,0.00,0.00,0.00, -98.43, -27.80, -12.32,9.70,330.37,46.43,1.10,32.32,30.31, -20.71, -29.54, -31.13, -43.99, -53.20, -55.33, -47.10, -58.27, -55.56, -59.53, -61.00, -24.86, -20.50, -4.00, -8.59, -7.56, -8.34, -8.68, -8.13, -6.80, -22.42, -24.49, -0.24, -18.25, -0.73, -6.74, -17.52,2.37, -29.25, -6.49, -2.98, -31.41, -4.92, -3.82, -29.50, -7.33, -4.67, -31.37, -10.11, -8.95, -26.82, -4.57, -18.96, -12.99, -13.77, -32.71, -14.64, -8.14,,,,,,,,,,,,,,,,,,,,,,,,,,,,,,,,,,,,,,,,,,
CWP1B1:KW,(                ),kW,39.2,39.2,39.2,39.2,39.2,39.2,39.2,39.2,39.2,39.2,39.2,39.2,39.2,39.2,39.2,39.2,39.2,39.2,39.2,39.2,39.2,39.2,39.2,39.2,39.2,39.2,39.2,39.2,39.2,39.2,39.2,39.2,39.2,39.2,39.2,39.2,39.2,39.2,39.2,39.2,39.2,39.2,39.2,39.2,39.2,39.2,39.2,39.2,39.2,39.2,39.2,39.2,39.2,39.2,39.2,39.2,39.2,39.2,39.2,39.2,39.2,39.2,39.2,39.2,39.2,39.2,39.2,39.2,39.2,39.2,39.2,39.2,39.2,39.2,39.2,39.2,39.2,39.2,39.2,39.2,39.2,39.2,39.2,39.2,39.2,39.2,39.2,39.2,39.2,39.2,39.2,39.2,39.2,39.2,39.2,39.2,39.2,39.2,39.2,39.2,39.2,39.2,,,,,,,,,,,,,,,,,,,,,,,,,,,,,,,,,,,,,,,,,,
CWP2B1:KW,(                ),kW,0.0,0.0,0.0,0.0,0.0,0.0,0.0,0.0,0.0,0.0,0.0,0.0,0.0,0.0,0.0,0.0,0.0,0.0,0.0,0.0,0.0,0.0,0.0,0.0,0.0,0.0,0.0,0.0,0.0,0.0,0.0,0.0,0.0,0.0,0.0,0.0,0.0,0.0,0.0,0.0,0.0,0.0,0.0,0.0,0.0,0.0,0.0,0.0,0.0,0.0,0.0,0.0,0.0,0.0,0.0,0.0,0.0,0.0,0.0,0.0,0.0,0.0,0.0,0.0,0.0,0.0,0.0,0.0,0.0,0.0,0.0,0.0,0.0,0.0,0.0,0.0,0.0,0.0,0.0,0.0,0.0,0.0,0.0,0.0,0.0,0.0,0.0,0.0,0.0,0.0,0.0,0.0,0.0,0.0,0.0,0.0,0.0,0.0,0.0,0.0,0.0,0.0,,,,,,,,,,,,,,,,,,,,,,,,,,,,,,,,,,,,,,,,,,
CWP3B1:KW,(                ),kW,0.0,0.0,0.0,0.0,0.0,0.0,0.0,0.0,0.0,0.0,0.0,0.0,0.0,0.0,0.0,0.0,0.0,0.0,0.0,0.0,0.0,0.0,0.0,0.0,0.0,0.0,0.0,0.0,0.0,0.0,0.0,0.0,0.0,0.0,0.0,0.0,0.0,0.0,0.0,0.0,0.0,0.0,0.0,0.0,0.0,0.0,0.0,0.0,0.0,0.0,0.0,0.0,0.0,0.0,0.0,0.0,0.0,0.0,0.0,0.0,0.0,0.0,0.0,0.0,0.0,0.0,0.0,0.0,0.0,0.0,0.0,0.0,0.0,0.0,0.0,0.0,0.0,0.0,0.0,0.0,0.0,0.0,0.0,0.0,0.0,0.0,0.0,0.0,0.0,0.0,0.0,0.0,0.0,0.0,0.0,0.0,0.0,0.0,0.0,0.0,0.0,0.0,,,,,,,,,,,,,,,,,,,,,,,,,,,,,,,,,,,,,,,,,,
CWPB1-ALL.KW,(冷卻水泵系統功率),,39.2,39.2,39.2,39.2,39.2,39.2,39.2,39.2,39.2,39.2,39.2,39.2,39.2,39.2,39.2,39.2,39.2,39.2,39.2,39.2,39.2,39.2,39.2,39.2,39.2,39.2,39.2,39.2,39.2,39.2,39.2,39.2,39.2,39.2,39.2,39.2,39.2,39.2,39.2,39.2,39.2,39.2,39.2,39.2,39.2,39.2,39.2,39.2,39.2,39.2,39.2,39.2,39.2,39.2,39.2,39.2,39.2,39.2,39.2,39.2,39.2,39.2,39.2,39.2,39.2,39.2,39.2,39.2,39.2,39.2,39.2,39.2,39.2,39.2,39.2,39.2,39.2,39.2,39.2,39.2,39.2,39.2,39.2,39.2,39.2,39.2,39.2,39.2,39.2,39.2,39.2,39.2,39.2,39.2,39.2,39.2,39.2,39.2,39.2,39.2,39.2,39.2,,,,,,,,,,,,,,,,,,,,,,,,,,,,,,,,,,,,,,,,,,
CHP1B1:KW,(                ),kW,14.6,14.6,14.6,14.6,14.6,14.6,14.6,14.6,14.6,14.6,14.6,14.6,14.6,14.6,14.6,14.6,14.6,14.6,14.6,14.6,14.6,14.6,14.6,14.6,14.6,14.6,14.6,14.6,14.6,14.6,14.6,14.6,14.6,14.6,14.6,14.6,14.6,14.6,14.6,14.6,14.6,14.6,14.6,14.6,14.6,14.6,14.6,14.6,14.6,14.6,14.6,14.6,14.6,14.6,14.6,14.6,14.6,14.6,14.6,14.6,14.6,14.6,14.6,14.6,14.6,14.6,14.6,14.6,14.6,14.6,14.6,14.6,14.6,14.6,14.6,14.6,14.6,14.6,14.6,14.6,14.6,14.6,14.6,14.6,14.6,14.6,14.6,14.6,14.6,14.6,14.6,14.6,14.6,14.6,14.6,14.6,14.6,14.6,14.6,14.6,14.6,14.6,,,,,,,,,,,,,,,,,,,,,,,,,,,,,,,,,,,,,,,,,,
CHP2B1:KW,(                ),kW,0.0,0.0,0.0,0.0,0.0,0.0,0.0,0.0,0.0,0.0,0.0,0.0,0.0,0.0,0.0,0.0,0.0,0.0,0.0,0.0,0.0,0.0,0.0,0.0,0.0,0.0,0.0,0.0,0.0,0.0,0.0,0.0,0.0,0.0,0.0,0.0,0.0,0.0,0.0,0.0,0.0,0.0,0.0,0.0,0.0,0.0,0.0,0.0,0.0,0.0,0.0,0.0,0.0,0.0,0.0,0.0,0.0,0.0,0.0,0.0,0.0,0.0,0.0,0.0,0.0,0.0,0.0,0.0,0.0,0.0,0.0,0.0,0.0,0.0,0.0,0.0,0.0,0.0,0.0,0.0,0.0,0.0,0.0,0.0,0.0,0.0,0.0,0.0,0.0,0.0,0.0,0.0,0.0,0.0,0.0,0.0,0.0,0.0,0.0,0.0,0.0,0.0,,,,,,,,,,,,,,,,,,,,,,,,,,,,,,,,,,,,,,,,,,
CHP3B1:KW,(                ),kW,0.0,0.0,0.0,0.0,0.0,0.0,0.0,0.0,0.0,0.0,0.0,0.0,0.0,0.0,0.0,0.0,0.0,0.0,0.0,0.0,0.0,0.0,0.0,0.0,0.0,0.0,0.0,0.0,0.0,0.0,0.0,0.0,0.0,0.0,0.0,0.0,0.0,0.0,0.0,0.0,0.0,0.0,0.0,0.0,0.0,0.0,0.0,0.0,0.0,0.0,0.0,0.0,0.0,0.0,0.0,0.0,0.0,0.0,0.0,0.0,0.0,0.0,0.0,0.0,0.0,0.0,0.0,0.0,0.0,0.0,0.0,0.0,0.0,0.0,0.0,0.0,0.0,0.0,0.0,0.0,0.0,0.0,0.0,0.0,0.0,0.0,0.0,0.0,0.0,0.0,0.0,0.0,0.0,0.0,0.0,0.0,0.0,0.0,0.0,0.0,0.0,0.0,,,,,,,,,,,,,,,,,,,,,,,,,,,,,,,,,,,,,,,,,,
CHPB1-ALL.KW,(冰水泵系統功率  ),,14.6,14.6,14.6,14.6,14.6,14.6,14.6,14.6,14.6,14.6,14.6,14.6,14.6,14.6,14.6,14.6,14.6,14.6,14.6,14.6,14.6,14.6,14.6,14.6,14.6,14.6,14.6,14.6,14.6,14.6,14.6,14.6,14.6,14.6,14.6,14.6,14.6,14.6,14.6,14.6,14.6,14.6,14.6,14.6,14.6,14.6,14.6,14.6,14.6,14.6,14.6,14.6,14.6,14.6,14.6,14.6,14.6,14.6,14.6,14.6,14.6,14.6,14.6,14.6,14.6,14.6,14.6,14.6,14.6,14.6,14.6,14.6,14.6,14.6,14.6,14.6,14.6,14.6,14.6,14.6,14.6,14.6,14.6,14.6,14.6,14.6,14.6,14.6,14.6,14.6,14.6,14.6,14.6,14.6,14.6,14.6,14.6,14.6,14.6,14.6,14.6,14.6,,,,,,,,,,,,,,,,,,,,,,,,,,,,,,,,,,,,,,,,,,
MGCBAB2.KWH,(度數            ),kW h,264465616,264465664,264465712,264465760,264465808,264465840,264465888,264465968,264466048,264466112,264466160,264466208,264466256,264466304,264466368,264466400,264466448,264466496,264466544,264466576,264466640,264466704,264466752,264466800,264466848,264466896,264466928,264466976,264467056,264467104,264467136,264467184,264467216,264467264,264467296,264467360,264467408,264467456,264467504,264467536,264467584,264467616,264467680,264467728,264467776,264467808,264467856,264467888,264467936,264468016,264468096,264468160,264468256,264468400,264468560,264468800,264469056,264469360,264469664,264469920,264470224,264470496,264470800,264471088,264471344,264471680,264471984,264472272,264472576,264472880,264473024,264473456,264473776,264474096,264474384,264474688,264475040,264475360,264475664,264475968,264476240,264476576,264476848,264477184,264477504,264477728,264478080,264478384,264478672,264479008,264479328,264479648,264479968,264480256,264480576,264480896,264481184,264481488,264481808,264482096,264482416,264482688,,,,,,,,,,,,,,,,,,,,,,,,,,,,,,,,,,,,,,,,,,
MGCBAB2:HZ,(                ),Hz,59,60,60,60,60,60,59,60,60,60,60,60,60,59,60,60,60,59,60,59,60,59,60,60,60,60,60,60,59,59,60,59,59,59,59,60,59,60,60,59,60,59,59,59,60,59,60,59,59,59,59,59,59,60,60,59,60,59,60,60,60,59,59,60,59,60,60,60,60,59,60,59,59,60,60,59,60,60,59,59,59,60,60,60,60,60,60,59,60,60,60,60,59,59,59,60,60,59,59,60,60,60,,,,,,,,,,,,,,,,,,,,,,,,,,,,,,,,,,,,,,,,,,
MGCBAB2:IR,(                ),A,7,7,7,7,7,7,9,12,11,7,7,7,7,8,8,7,7,7,7,7,9,9,8,7,7,6,6,9,6,7,7,6,6,6,5,8,8,7,7,6,5,5,8,8,7,6,7,7,11,11,10,13,16,25,27,40,47,47,46,46,43,45,48,48,47,47,47,47,47,47,47,50,48,48,47,51,53,51,49,49,47,47,49,49,48,48,47,47,50,50,49,50,50,48,49,49,46,47,48,47,49,48,,,,,,,,,,,,,,,,,,,,,,,,,,,,,,,,,,,,,,,,,,
MGCBAB2:IS,(                ),A,6,6,6,6,7,6,8,11,10,7,7,7,6,7,7,6,6,6,6,6,9,8,8,7,6,6,6,9,6,7,6,6,6,5,5,8,7,7,6,6,5,5,8,7,6,6,6,6,10,10,9,12,15,24,26,39,46,47,45,46,42,44,47,48,47,47,46,46,46,46,46,49,47,47,46,50,51,49,48,48,46,46,48,48,47,47,46,46,49,49,48,49,48,47,48,48,45,46,46,45,48,47,,,,,,,,,,,,,,,,,,,,,,,,,,,,,,,,,,,,,,,,,,
MGCBAB2:IT,(                ),A,8,8,7,7,8,7,10,13,11,8,8,8,8,8,8,7,7,7,7,7,10,9,9,8,7,7,7,10,7,8,7,7,6,6,6,9,8,8,7,7,6,6,9,8,7,7,8,7,11,11,10,13,16,25,27,39,46,46,45,46,42,44,47,48,47,47,46,46,47,46,46,49,48,47,46,50,52,50,48,48,46,46,48,48,47,47,47,46,50,49,48,49,49,47,49,48,45,47,47,46,48,48,,,,,,,,,,,,,,,,,,,,,,,,,,,,,,,,,,,,,,,,,,
MGCBAB2:KW,(                ),kW,292.0,271.0,263.0,268.0,292.0,263.0,368.0,483.0,431.0,287.0,284.0,283.0,282.0,298.0,297.0,266.0,269.0,267.0,256.0,258.0,376.0,345.0,322.0,295.0,268.0,250.0,245.0,363.0,242.0,284.0,261.0,246.0,236.0,228.0,202.0,337.0,310.0,286.0,267.0,243.0,215.0,213.0,317.0,297.0,263.0,254.0,267.0,266.0,433.0,428.0,403.0,476.0,607.0,972.0,1062.0,1524.0,1796.0,1789.0,1745.0,1755.0,1615.0,1685.0,1786.0,1812.0,1761.0,1778.0,1765.0,1772.0,1775.0,1758.0,1776.0,1898.0,1857.0,1823.0,1787.0,1964.0,2019.0,1926.0,1838.0,1845.0,1779.0,1763.0,1870.0,1865.0,1822.0,1821.0,1799.0,1767.0,1911.0,1893.0,1851.0,1904.0,1873.0,1809.0,1888.0,1864.0,1742.0,1820.0,1818.0,1763.0,1859.0,1858.0,,,,,,,,,,,,,,,,,,,,,,,,,,,,,,,,,,,,,,,,,,
MGCBAB2:PF,(                ),, -33.76, -33.75, -33.75, -33.75, -33.76, -33.75, -33.77, -33.75, -33.75, -33.75, -33.75, -33.75, -33.75, -33.76, -33.76, -33.75, -33.75, -33.75, -33.75, -33.75, -33.75, -33.75, -33.75, -33.75, -33.75, -33.74, -33.74, -33.75, -33.74, -33.74, -33.74, -33.73, -33.74, -33.73, -33.73, -33.74, -33.74, -33.74, -33.74, -33.74, -33.74, -33.74, -33.74, -33.74, -33.74, -33.74, -33.75, -33.75, -33.76, -33.76, -33.76, -0.95, -0.96, -0.95, -0.95, -0.95, -0.94, -0.94, -0.94, -0.94, -0.93, -0.93, -0.93, -0.93, -0.94, -0.94, -0.93, -0.94, -0.94, -0.94, -0.94, -0.95, -0.94, -0.94, -0.94, -0.94, -0.94, -0.94, -0.94, -0.93, -0.94, -0.93, -0.95, -0.94, -0.94, -0.94, -0.94, -0.94, -0.94, -0.94, -0.93, -0.94, -0.94, -0.93, -0.94, -0.94, -0.93, -0.94, -0.94, -0.94, -0.94, -0.94,,,,,,,,,,,,,,,,,,,,,,,,,,,,,,,,,,,,,,,,,,
MGCBAB2:VRS,(                ),kV,23.8,23.8,23.8,23.8,23.8,23.8,23.5,23.5,23.6,23.6,23.6,23.6,23.6,23.6,23.6,23.6,23.6,23.6,23.7,23.7,23.7,23.7,23.7,23.7,23.7,23.7,23.7,23.7,23.7,23.6,23.7,23.6,23.6,23.7,23.6,23.6,23.6,23.6,23.6,23.6,23.5,23.5,23.4,23.4,23.5,23.4,23.4,23.5,23.5,23.6,23.6,23.4,23.4,23.5,23.5,23.4,23.4,23.3,23.4,23.4,23.4,23.3,23.2,23.2,23.2,23.2,23.3,23.3,23.3,23.3,23.3,23.4,23.5,23.5,23.5,23.5,23.5,23.5,23.3,23.4,23.5,23.4,23.4,23.5,23.4,23.4,23.4,23.4,23.5,23.5,23.5,23.5,23.5,23.5,23.6,23.5,23.6,23.6,23.6,23.6,23.5,23.6,,,,,,,,,,,,,,,,,,,,,,,,,,,,,,,,,,,,,,,,,,
MGCBAB2:VST,(                ),kV,23.9,23.9,23.9,23.9,23.9,23.9,23.6,23.6,23.7,23.6,23.6,23.7,23.7,23.7,23.6,23.7,23.7,23.7,23.7,23.7,23.7,23.7,23.7,23.8,23.7,23.7,23.8,23.7,23.7,23.7,23.7,23.7,23.6,23.7,23.7,23.7,23.6,23.6,23.6,23.6,23.5,23.6,23.5,23.4,23.5,23.4,23.4,23.6,23.5,23.7,23.6,23.5,23.5,23.5,23.5,23.4,23.4,23.4,23.4,23.4,23.4,23.3,23.2,23.3,23.2,23.2,23.3,23.3,23.3,23.4,23.4,23.4,23.5,23.6,23.6,23.6,23.5,23.6,23.3,23.4,23.5,23.5,23.5,23.6,23.5,23.5,23.5,23.5,23.5,23.5,23.6,23.6,23.5,23.6,23.6,23.6,23.7,23.6,23.6,23.6,23.6,23.6,,,,,,,,,,,,,,,,,,,,,,,,,,,,,,,,,,,,,,,,,,
MGCBAB2:VTR,(                ),kV,23.8,23.9,23.9,23.9,23.8,23.9,23.6,23.6,23.6,23.6,23.6,23.7,23.7,23.6,23.6,23.7,23.7,23.7,23.7,23.7,23.7,23.7,23.7,23.7,23.7,23.7,23.7,23.7,23.7,23.6,23.7,23.7,23.7,23.7,23.7,23.7,23.6,23.6,23.6,23.6,23.6,23.5,23.5,23.4,23.5,23.4,23.4,23.6,23.5,23.7,23.7,23.5,23.5,23.6,23.5,23.5,23.4,23.2,23.5,23.4,23.4,23.4,23.3,23.3,23.3,23.2,23.3,23.4,23.4,23.4,23.4,23.4,23.6,23.6,23.6,23.6,23.6,23.6,23.4,23.4,23.5,23.5,23.5,23.6,23.5,23.5,23.5,23.6,23.6,23.6,23.5,23.6,23.6,23.5,23.7,23.6,23.7,23.7,23.7,23.6,23.6,23.6,,,,,,,,,,,,,,,,,,,,,,,,,,,,,,,,,,,,,,,,,,
MLAB2-1.KWH,(度數            ),kW h,23644286,23644294,23644302,23644308,23644316,23644324,23644332,23644340,23644346,23644354,23644362,23644368,23644376,23644384,23644392,23644400,23644408,23644416,23644424,23644430,23644438,23644446,23644454,23644460,23644468,23644476,23644484,23644490,23644498,23644506,23644514,23644520,23644526,23644536,23644542,23644550,23644556,23644564,23644572,23644578,23644586,23644594,23644600,23644608,23644616,23644624,23644634,23644640,23644650,23644672,23644692,23644708,23644728,23644748,23644766,23644784,23644802,23644822,23644840,23644858,23644878,23644898,23644918,23644936,23644954,23644978,23645000,23645018,23645040,23645062,23645072,23645102,23645124,23645144,23645164,23645184,23645206,23645228,23645248,23645268,23645286,23645310,23645330,23645350,23645370,23645388,23645412,23645434,23645454,23645474,23645496,23645516,23645538,23645558,23645580,23645600,23645620,23645640,23645662,23645682,23645704,23645722,,,,,,,,,,,,,,,,,,,,,,,,,,,,,,,,,,,,,,,,,,
MLAB2-1:HZ,(                ),Hz,59,60,59,60,60,60,59,60,60,60,60,60,60,59,59,60,60,59,60,59,60,59,59,60,60,59,60,60,59,59,59,59,59,59,59,59,59,59,59,59,59,59,59,59,60,59,59,59,59,59,59,59,59,60,60,59,60,59,59,60,60,59,59,60,60,60,60,60,60,59,59,59,59,60,60,59,60,60,59,59,59,60,60,60,59,59,60,59,59,60,60,60,59,59,59,59,60,60,59,60,60,60,,,,,,,,,,,,,,,,,,,,,,,,,,,,,,,,,,,,,,,,,,
MLAB2-1:IR,(                ),A,88,88,87,86,88,87,87,86,86,87,87,87,82,83,86,86,84,83,85,85,84,84,86,85,83,84,85,85,83,85,84,80,81,78,78,81,84,84,81,83,82,84,91,99,93,93,96,94,202,200,201,203,203,201,202,204,203,204,202,204,217,217,220,234,237,235,235,235,236,233,234,235,233,235,234,232,236,235,237,232,234,234,234,237,235,233,237,237,234,234,235,235,235,235,236,235,236,237,236,235,233,233,,,,,,,,,,,,,,,,,,,,,,,,,,,,,,,,,,,,,,,,,,
MLAB2-1:IS,(                ),A,74,75,76,75,78,75,73,72,72,74,73,72,75,75,78,78,77,77,79,79,77,76,77,76,74,76,73,74,74,76,74,71,71,72,69,72,73,72,73,73,71,72,78,84,79,78,77,79,186,186,185,188,186,185,184,190,186,186,185,187,191,189,192,201,200,203,197,200,199,203,198,206,202,200,201,200,203,201,202,201,198,199,203,200,199,197,198,201,198,202,200,197,200,199,197,197,198,199,198,200,198,200,,,,,,,,,,,,,,,,,,,,,,,,,,,,,,,,,,,,,,,,,,
MLAB2-1:IT,(                ),A,64,64,62,61,65,64,63,61,61,63,65,61,63,63,64,64,62,65,64,65,62,62,64,62,61,64,60,60,60,60,62,58,59,60,58,60,58,58,60,60,57,57,59,67,61,63,61,63,161,163,162,164,162,159,158,164,159,159,160,161,165,168,169,172,171,168,168,172,169,173,169,171,170,169,171,170,173,169,174,165,166,170,171,173,170,168,171,168,168,169,171,171,170,171,173,170,170,171,171,169,168,167,,,,,,,,,,,,,,,,,,,,,,,,,,,,,,,,,,,,,,,,,,
MLAB2-1:KW,(                ),kW,46.0,46.0,45.0,45.0,47.0,46.0,45.0,44.0,44.0,46.0,46.0,45.0,45.0,45.0,46.0,46.0,45.0,45.0,46.0,46.0,45.0,45.0,46.0,45.0,44.0,45.0,44.0,45.0,44.0,45.0,45.0,43.0,43.0,43.0,42.0,44.0,44.0,44.0,44.0,45.0,43.0,44.0,47.0,51.0,48.0,48.0,48.0,49.0,112.0,113.0,112.0,114.0,113.0,112.0,111.0,114.0,112.0,112.0,111.0,113.0,117.0,117.0,118.0,124.0,124.0,124.0,123.0,124.0,123.0,125.0,123.0,125.0,124.0,124.0,125.0,124.0,126.0,125.0,125.0,122.0,123.0,124.0,125.0,125.0,123.0,123.0,124.0,124.0,123.0,124.0,124.0,124.0,124.0,124.0,125.0,123.0,124.0,125.0,125.0,124.0,124.0,124.0,,,,,,,,,,,,,,,,,,,,,,,,,,,,,,,,,,,,,,,,,,
MLAB2-1:PF,(                ),, -0.91, -0.92, -0.91, -0.91, -0.92, -0.92, -0.92, -0.92, -0.92, -0.93, -0.93, -0.92, -0.92, -0.92, -0.92, -0.92, -0.91, -0.92, -0.92, -0.92, -0.91, -0.92, -0.92, -0.92, -0.92, -0.92, -0.92, -0.92, -0.92, -0.92, -0.92, -0.92, -0.92, -0.93, -0.93, -0.93, -0.93, -0.93, -0.94, -0.93, -0.94, -0.94, -0.94, -0.94, -0.94, -0.94, -0.94, -0.94, -0.93, -0.93, -0.93, -0.93, -0.93, -0.93, -0.93, -0.93, -0.93, -0.94, -0.93, -0.93, -0.93, -0.93, -0.93, -0.94, -0.94, -0.94, -0.94, -0.94, -0.94, -0.94, -0.94, -0.94, -0.93, -0.93, -0.93, -0.93, -0.94, -0.94, -0.94, -0.94, -0.93, -0.94, -0.94, -0.94, -0.94, -0.94, -0.94, -0.93, -0.93, -0.93, -0.93, -0.94, -0.93, -0.93, -0.93, -0.93, -0.93, -0.93, -0.93, -0.93, -0.93, -0.93,,,,,,,,,,,,,,,,,,,,,,,,,,,,,,,,,,,,,,,,,,
MLAB2-1:VRS,(                ),V,386.0,386.0,386.0,386.0,386.0,386.0,382.0,382.0,383.0,382.0,382.0,383.0,382.0,383.0,383.0,383.0,383.0,383.0,383.0,383.0,383.0,384.0,384.0,384.0,384.0,384.0,384.0,384.0,384.0,383.0,383.0,383.0,383.0,383.0,383.0,383.0,382.0,382.0,382.0,382.0,382.0,381.0,380.0,379.0,380.0,379.0,379.0,381.0,380.0,382.0,382.0,379.0,379.0,381.0,380.0,378.0,378.0,377.0,379.0,378.0,378.0,377.0,376.0,375.0,376.0,375.0,377.0,377.0,376.0,378.0,378.0,378.0,380.0,381.0,381.0,382.0,380.0,380.0,378.0,378.0,380.0,379.0,380.0,380.0,380.0,379.0,380.0,380.0,380.0,380.0,380.0,380.0,381.0,381.0,382.0,381.0,382.0,382.0,382.0,382.0,380.0,381.0,,,,,,,,,,,,,,,,,,,,,,,,,,,,,,,,,,,,,,,,,,
MLAB2-1:VST,(                ),V,386.0,386.0,386.0,386.0,386.0,386.0,381.0,381.0,382.0,382.0,382.0,383.0,382.0,383.0,382.0,383.0,383.0,383.0,383.0,383.0,383.0,383.0,383.0,383.0,383.0,384.0,384.0,384.0,384.0,383.0,383.0,383.0,383.0,383.0,383.0,383.0,382.0,382.0,382.0,382.0,381.0,381.0,380.0,379.0,380.0,379.0,378.0,380.0,379.0,382.0,381.0,379.0,379.0,380.0,379.0,378.0,377.0,376.0,378.0,378.0,378.0,377.0,375.0,375.0,376.0,374.0,376.0,376.0,376.0,377.0,377.0,378.0,380.0,380.0,380.0,381.0,380.0,380.0,377.0,377.0,379.0,378.0,379.0,380.0,379.0,379.0,379.0,379.0,379.0,379.0,380.0,380.0,380.0,380.0,381.0,380.0,382.0,381.0,381.0,382.0,380.0,381.0,,,,,,,,,,,,,,,,,,,,,,,,,,,,,,,,,,,,,,,,,,
MLAB2-1:VTR,(                ),V,386.0,386.0,386.0,386.0,386.0,387.0,382.0,382.0,383.0,382.0,382.0,383.0,382.0,383.0,383.0,383.0,383.0,383.0,383.0,383.0,383.0,384.0,384.0,384.0,383.0,384.0,384.0,384.0,384.0,383.0,383.0,383.0,383.0,383.0,383.0,383.0,383.0,382.0,382.0,382.0,381.0,381.0,380.0,379.0,380.0,379.0,379.0,381.0,380.0,383.0,382.0,380.0,379.0,381.0,380.0,379.0,378.0,377.0,379.0,378.0,378.0,377.0,376.0,376.0,376.0,375.0,377.0,377.0,377.0,378.0,378.0,378.0,381.0,381.0,381.0,382.0,380.0,380.0,378.0,378.0,380.0,379.0,380.0,380.0,380.0,380.0,380.0,380.0,380.0,380.0,381.0,381.0,381.0,381.0,382.0,381.0,382.0,382.0,382.0,383.0,381.0,381.0,,,,,,,,,,,,,,,,,,,,,,,,,,,,,,,,,,,,,,,,,,
MLAB2-2.KWH,(度數            ),kW h,0,0,0,0,0,0,0,0,0,0,0,0,0,0,0,0,0,0,0,0,0,0,0,0,0,0,0,0,0,0,0,0,0,0,0,0,0,0,0,0,0,0,0,0,0,0,0,0,0,0,0,0,0,0,0,0,0,0,0,0,0,0,0,0,0,0,0,0,0,0,0,0,0,0,0,0,0,0,0,0,0,0,0,0,0,0,0,0,0,0,0,0,0,0,0,0,0,0,0,0,0,0,,,,,,,,,,,,,,,,,,,,,,,,,,,,,,,,,,,,,,,,,,
MLAB2-2:HZ,(                ),Hz,0,0,0,0,0,0,0,0,0,0,0,0,0,0,0,0,0,0,0,0,0,0,0,0,0,0,0,0,0,0,0,0,0,0,0,0,0,0,0,0,0,0,0,0,0,0,0,0,0,0,0,0,0,0,0,0,0,0,0,0,0,0,0,0,0,0,0,0,0,0,0,0,0,0,0,0,0,0,0,0,0,0,0,0,0,0,0,0,0,0,0,0,0,0,0,0,0,0,0,0,0,0,,,,,,,,,,,,,,,,,,,,,,,,,,,,,,,,,,,,,,,,,,
MLAB2-2:IR,(                ),A,0,0,0,0,0,0,0,0,0,0,0,0,0,0,0,0,0,0,0,0,0,0,0,0,0,0,0,0,0,0,0,0,0,0,0,0,0,0,0,0,0,0,0,0,0,0,0,0,0,0,0,0,0,0,0,0,0,0,0,0,0,0,0,0,0,0,0,0,0,0,0,0,0,0,0,0,0,0,0,0,0,0,0,0,0,0,0,0,0,0,0,0,0,0,0,0,0,0,0,0,0,0,,,,,,,,,,,,,,,,,,,,,,,,,,,,,,,,,,,,,,,,,,
MLAB2-2:IS,(                ),A,0,0,0,0,0,0,0,0,0,0,0,0,0,0,0,0,0,0,0,0,0,0,0,0,0,0,0,0,0,0,0,0,0,0,0,0,0,0,0,0,0,0,0,0,0,0,0,0,0,0,0,0,0,0,0,0,0,0,0,0,0,0,0,0,0,0,0,0,0,0,0,0,0,0,0,0,0,0,0,0,0,0,0,0,0,0,0,0,0,0,0,0,0,0,0,0,0,0,0,0,0,0,,,,,,,,,,,,,,,,,,,,,,,,,,,,,,,,,,,,,,,,,,
MLAB2-2:IT,(                ),A,0,0,0,0,0,0,0,0,0,0,0,0,0,0,0,0,0,0,0,0,0,0,0,0,0,0,0,0,0,0,0,0,0,0,0,0,0,0,0,0,0,0,0,0,0,0,0,0,0,0,0,0,0,0,0,0,0,0,0,0,0,0,0,0,0,0,0,0,0,0,0,0,0,0,0,0,0,0,0,0,0,0,0,0,0,0,0,0,0,0,0,0,0,0,0,0,0,0,0,0,0,0,,,,,,,,,,,,,,,,,,,,,,,,,,,,,,,,,,,,,,,,,,
MLAB2-2:KW,(                ),kW,0.0,0.0,0.0,0.0,0.0,0.0,0.0,0.0,0.0,0.0,0.0,0.0,0.0,0.0,0.0,0.0,0.0,0.0,0.0,0.0,0.0,0.0,0.0,0.0,0.0,0.0,0.0,0.0,0.0,0.0,0.0,0.0,0.0,0.0,0.0,0.0,0.0,0.0,0.0,0.0,0.0,0.0,0.0,0.0,0.0,0.0,0.0,0.0,0.0,0.0,0.0,0.0,0.0,0.0,0.0,0.0,0.0,0.0,0.0,0.0,0.0,0.0,0.0,0.0,0.0,0.0,0.0,0.0,0.0,0.0,0.0,0.0,0.0,0.0,0.0,0.0,0.0,0.0,0.0,0.0,0.0,0.0,0.0,0.0,0.0,0.0,0.0,0.0,0.0,0.0,0.0,0.0,0.0,0.0,0.0,0.0,0.0,0.0,0.0,0.0,0.0,0.0,,,,,,,,,,,,,,,,,,,,,,,,,,,,,,,,,,,,,,,,,,
MLAB2-2:PF,(                ),, -32.77, -32.77, -32.77, -32.77, -32.77, -32.77, -32.77, -32.77, -32.77, -32.77, -32.77, -32.77, -32.77, -32.77, -32.77, -32.77, -32.77, -32.77, -32.77, -32.77, -32.77, -32.77, -32.77, -32.77, -32.77, -32.77, -32.77, -32.77, -32.77, -32.77, -32.77, -32.77, -32.77, -32.77, -32.77, -32.77, -32.77, -32.77, -32.77, -32.77, -32.77, -32.77, -32.77, -32.77, -32.77, -32.77, -32.77, -32.77, -32.77, -32.77, -32.77, -32.77, -32.77, -32.77, -32.77, -32.77, -32.77, -32.77, -32.77, -32.77, -32.77, -32.77, -32.77, -32.77, -32.77, -32.77, -32.77, -32.77, -32.77, -32.77, -32.77, -32.77, -32.77, -32.77, -32.77, -32.77, -32.77, -32.77, -32.77, -32.77, -32.77, -32.77, -32.77, -32.77, -32.77, -32.77, -32.77, -32.77, -32.77, -32.77, -32.77, -32.77, -32.77, -32.77, -32.77, -32.77, -32.77, -32.77, -32.77, -32.77, -32.77, -32.77,,,,,,,,,,,,,,,,,,,,,,,,,,,,,,,,,,,,,,,,,,
MLAB2-2:VRS,(                ),V,0.0,0.0,0.0,0.0,0.0,0.0,0.0,0.0,0.0,0.0,0.0,0.0,0.0,0.0,0.0,0.0,0.0,0.0,0.0,0.0,0.0,0.0,0.0,0.0,0.0,0.0,0.0,0.0,0.0,0.0,0.0,0.0,0.0,0.0,0.0,0.0,0.0,0.0,0.0,0.0,0.0,0.0,0.0,0.0,0.0,0.0,0.0,0.0,0.0,0.0,0.0,0.0,0.0,0.0,0.0,0.0,0.0,0.0,0.0,0.0,0.0,0.0,0.0,0.0,0.0,0.0,0.0,0.0,0.0,0.0,0.0,0.0,0.0,0.0,0.0,0.0,0.0,0.0,0.0,0.0,0.0,0.0,0.0,0.0,0.0,0.0,0.0,0.0,0.0,0.0,0.0,0.0,0.0,0.0,0.0,0.0,0.0,0.0,0.0,0.0,0.0,0.0,,,,,,,,,,,,,,,,,,,,,,,,,,,,,,,,,,,,,,,,,,
MLAB2-2:VST,(                ),V,0.0,0.0,0.0,0.0,0.0,0.0,0.0,0.0,0.0,0.0,0.0,0.0,0.0,0.0,0.0,0.0,0.0,0.0,0.0,0.0,0.0,0.0,0.0,0.0,0.0,0.0,0.0,0.0,0.0,0.0,0.0,0.0,0.0,0.0,0.0,0.0,0.0,0.0,0.0,0.0,0.0,0.0,0.0,0.0,0.0,0.0,0.0,0.0,0.0,0.0,0.0,0.0,0.0,0.0,0.0,0.0,0.0,0.0,0.0,0.0,0.0,0.0,0.0,0.0,0.0,0.0,0.0,0.0,0.0,0.0,0.0,0.0,0.0,0.0,0.0,0.0,0.0,0.0,0.0,0.0,0.0,0.0,0.0,0.0,0.0,0.0,0.0,0.0,0.0,0.0,0.0,0.0,0.0,0.0,0.0,0.0,0.0,0.0,0.0,0.0,0.0,0.0,,,,,,,,,,,,,,,,,,,,,,,,,,,,,,,,,,,,,,,,,,
MLAB2-2:VTR,(                ),V,0.0,0.0,0.0,0.0,0.0,0.0,0.0,0.0,0.0,0.0,0.0,0.0,0.0,0.0,0.0,0.0,0.0,0.0,0.0,0.0,0.0,0.0,0.0,0.0,0.0,0.0,0.0,0.0,0.0,0.0,0.0,0.0,0.0,0.0,0.0,0.0,0.0,0.0,0.0,0.0,0.0,0.0,0.0,0.0,0.0,0.0,0.0,0.0,0.0,0.0,0.0,0.0,0.0,0.0,0.0,0.0,0.0,0.0,0.0,0.0,0.0,0.0,0.0,0.0,0.0,0.0,0.0,0.0,0.0,0.0,0.0,0.0,0.0,0.0,0.0,0.0,0.0,0.0,0.0,0.0,0.0,0.0,0.0,0.0,0.0,0.0,0.0,0.0,0.0,0.0,0.0,0.0,0.0,0.0,0.0,0.0,0.0,0.0,0.0,0.0,0.0,0.0,,,,,,,,,,,,,,,,,,,,,,,,,,,,,,,,,,,,,,,,,,
EMLAB2-1.KWH,(度數            ),kW h,23879696,23879702,23879710,23879716,23879724,23879732,23879744,23879764,23879784,23879802,23879806,23879812,23879820,23879828,23879836,23879844,23879854,23879860,23879866,23879872,23879878,23879884,23879890,23879896,23879902,23879906,23879912,23879918,23879924,23879928,23879934,23879940,23879944,23879950,23879954,23879960,23879964,23879970,23879974,23879980,23879986,23879992,23879996,23880000,23880006,23880012,23880018,23880022,23880028,23880034,23880040,23880044,23880050,23880056,23880062,23880068,23880074,23880080,23880086,23880094,23880112,23880128,23880142,23880158,23880170,23880178,23880186,23880194,23880202,23880206,23880210,23880220,23880226,23880232,23880238,23880248,23880268,23880286,23880304,23880322,23880328,23880336,23880342,23880350,23880356,23880362,23880370,23880380,23880390,23880410,23880428,23880444,23880460,23880476,23880482,23880490,23880494,23880502,23880508,23880514,23880520,23880526,,,,,,,,,,,,,,,,,,,,,,,,,,,,,,,,,,,,,,,,,,
EMLAB2-1:HZ,(                ),Hz,59,60,59,60,59,60,60,59,60,60,60,60,59,59,59,60,59,59,60,59,59,60,59,60,59,59,60,60,59,59,59,59,59,59,59,59,59,59,59,59,60,59,59,60,59,59,59,59,59,59,59,60,60,60,60,60,60,59,59,60,60,59,59,60,60,60,60,60,60,59,59,59,59,60,60,59,60,60,59,59,59,60,60,60,60,59,60,59,60,60,60,60,59,59,59,60,60,60,59,60,60,59,,,,,,,,,,,,,,,,,,,,,,,,,,,,,,,,,,,,,,,,,,
EMLAB2-1:IR,(                ),A,70,71,71,75,83,78,191,190,183,71,66,66,91,90,86,83,70,66,66,70,66,66,70,66,60,65,54,65,60,65,60,61,60,60,54,62,62,61,61,60,61,61,54,62,67,67,67,67,66,69,67,68,76,73,74,74,70,79,74,166,165,155,162,164,92,87,84,86,70,70,75,75,74,75,76,181,186,185,186,182,75,78,76,76,73,72,90,91,179,188,185,169,160,168,75,71,71,67,71,76,76,76,,,,,,,,,,,,,,,,,,,,,,,,,,,,,,,,,,,,,,,,,,
EMLAB2-1:IS,(                ),A,52,54,46,64,69,55,182,182,173,53,46,41,77,77,69,69,52,48,48,48,46,46,45,45,39,44,37,45,39,44,36,38,37,38,32,40,38,39,38,35,41,40,32,39,39,31,38,39,36,38,34,41,45,32,40,39,40,45,42,147,149,148,146,148,62,62,58,59,40,43,46,46,45,38,44,163,164,161,166,164,41,52,50,52,49,46,70,67,176,178,172,156,157,158,47,42,41,38,41,37,46,46,,,,,,,,,,,,,,,,,,,,,,,,,,,,,,,,,,,,,,,,,,
EMLAB2-1:IT,(                ),A,63,63,64,75,82,76,190,189,187,57,51,62,82,80,77,83,63,59,61,63,56,55,56,53,49,54,51,51,45,51,45,51,49,51,44,50,49,50,49,50,51,49,49,44,44,44,44,51,54,50,54,59,64,59,59,53,60,57,50,166,166,165,164,164,82,77,74,74,56,59,59,68,65,67,65,181,181,179,182,182,65,70,69,70,67,62,88,85,188,192,186,165,168,168,62,52,60,60,56,63,63,65,,,,,,,,,,,,,,,,,,,,,,,,,,,,,,,,,,,,,,,,,,
EMLAB2-1:KW,(                ),kW,40.0,41.0,39.0,46.0,51.0,45.0,116.0,116.0,112.0,39.0,35.0,36.0,54.0,53.0,50.0,50.0,40.0,37.0,38.0,39.0,36.0,36.0,37.0,35.0,31.0,35.0,30.0,34.0,31.0,34.0,30.0,32.0,31.0,31.0,27.0,32.0,32.0,32.0,31.0,31.0,32.0,32.0,28.0,30.0,31.0,30.0,31.0,33.0,33.0,33.0,33.0,35.0,40.0,35.0,37.0,35.0,36.0,38.0,35.0,93.0,93.0,90.0,92.0,92.0,50.0,48.0,46.0,47.0,35.0,36.0,38.0,40.0,39.0,38.0,39.0,110.0,110.0,109.0,111.0,110.0,38.0,43.0,42.0,42.0,40.0,38.0,53.0,52.0,106.0,109.0,106.0,96.0,94.0,96.0,40.0,35.0,37.0,35.0,36.0,38.0,40.0,40.0,,,,,,,,,,,,,,,,,,,,,,,,,,,,,,,,,,,,,,,,,,
EMLAB2-1:PF,(                ),, -1.00, -1.00, -1.00, -0.99, -0.99, -0.99, -0.94, -0.94, -0.93, -33.77, -33.77, -33.77, -0.99, -0.99, -0.99, -0.99, -33.77, -33.77, -33.77, -33.77, -33.77, -33.77, -33.77, -33.77, -33.76, -33.77, -33.76, -33.77, -33.76, -33.77, -33.76, -33.76, -33.76, -33.76, -33.76, -33.76, -33.76, -33.76, -33.76, -33.76, -33.76, -33.76, -33.76, -33.76, -33.76, -33.76, -33.76, -33.76, -33.76, -33.76, -33.76, -33.76, -33.77, -33.76, -33.76, -33.75, -33.77, -33.77, -33.76, -0.89, -0.89, -0.89, -0.89, -0.89, -1.00, -1.00, -1.00, -1.00, -33.75, -33.76, -33.77, -33.77, -33.77, -33.77, -33.77, -0.95, -0.95, -0.95, -0.95, -0.95, -33.77, -33.77, -33.77, -33.77, -33.77, -33.77, -1.00, -1.00, -0.89, -0.90, -0.89, -0.89, -0.89, -0.89, -33.77, -33.76, -33.76, -33.76, -33.76, -33.77, -33.77, -33.77,,,,,,,,,,,,,,,,,,,,,,,,,,,,,,,,,,,,,,,,,,
EMLAB2-1:VRS,(                ),V,386.0,386.0,386.0,386.0,386.0,387.0,381.0,381.0,382.0,382.0,382.0,383.0,383.0,383.0,383.0,383.0,383.0,384.0,384.0,384.0,384.0,383.0,384.0,384.0,384.0,384.0,384.0,384.0,383.0,384.0,383.0,383.0,383.0,383.0,383.0,383.0,383.0,383.0,382.0,382.0,382.0,381.0,380.0,379.0,380.0,380.0,379.0,382.0,381.0,383.0,383.0,380.0,381.0,381.0,380.0,380.0,379.0,378.0,380.0,378.0,379.0,377.0,377.0,376.0,377.0,376.0,378.0,378.0,378.0,379.0,378.0,379.0,382.0,382.0,382.0,381.0,380.0,380.0,378.0,378.0,381.0,380.0,381.0,381.0,381.0,380.0,381.0,381.0,381.0,380.0,380.0,381.0,381.0,381.0,383.0,382.0,383.0,383.0,383.0,383.0,382.0,383.0,,,,,,,,,,,,,,,,,,,,,,,,,,,,,,,,,,,,,,,,,,
EMLAB2-1:VST,(                ),V,386.0,386.0,386.0,386.0,386.0,387.0,380.0,381.0,382.0,382.0,382.0,383.0,383.0,382.0,383.0,383.0,383.0,383.0,383.0,383.0,384.0,383.0,384.0,383.0,384.0,384.0,384.0,384.0,384.0,384.0,383.0,383.0,383.0,383.0,383.0,383.0,383.0,382.0,382.0,382.0,381.0,381.0,380.0,379.0,380.0,379.0,379.0,382.0,380.0,383.0,382.0,380.0,380.0,381.0,380.0,379.0,378.0,377.0,379.0,378.0,378.0,376.0,375.0,375.0,376.0,375.0,377.0,376.0,377.0,378.0,378.0,379.0,381.0,381.0,381.0,381.0,380.0,380.0,377.0,377.0,380.0,379.0,380.0,380.0,380.0,380.0,380.0,380.0,379.0,379.0,379.0,379.0,380.0,380.0,382.0,381.0,382.0,382.0,382.0,382.0,381.0,382.0,,,,,,,,,,,,,,,,,,,,,,,,,,,,,,,,,,,,,,,,,,
EMLAB2-1:VTR,(                ),V,387.0,386.0,387.0,386.0,387.0,387.0,381.0,381.0,382.0,382.0,383.0,383.0,383.0,383.0,383.0,383.0,383.0,383.0,383.0,384.0,384.0,384.0,384.0,384.0,384.0,384.0,384.0,384.0,383.0,384.0,383.0,383.0,383.0,383.0,383.0,383.0,383.0,383.0,383.0,382.0,382.0,381.0,380.0,379.0,380.0,380.0,379.0,382.0,381.0,384.0,383.0,380.0,381.0,382.0,380.0,379.0,379.0,378.0,380.0,379.0,378.0,377.0,376.0,376.0,377.0,376.0,378.0,377.0,378.0,379.0,379.0,379.0,382.0,382.0,382.0,381.0,381.0,380.0,377.0,378.0,381.0,380.0,381.0,381.0,380.0,380.0,381.0,381.0,380.0,380.0,380.0,380.0,381.0,381.0,383.0,382.0,383.0,383.0,383.0,382.0,382.0,383.0,,,,,,,,,,,,,,,,,,,,,,,,,,,,,,,,,,,,,,,,,,
MGCBARF.KWH,(度數            ),,38.9630,38.9631,38.9631,38.9631,38.9631,38.9631,38.9632,38.9632,38.9632,38.9632,38.9633,38.9633,38.9633,38.9633,38.9633,38.9634,38.9634,38.9634,38.9634,38.9634,38.9635,38.9635,38.9635,38.9635,38.9636,38.9636,38.9636,38.9636,38.9637,38.9637,38.9637,38.9637,38.9637,38.9638,38.9638,38.9638,38.9638,38.9638,38.9639,38.9639,38.9639,38.9639,38.9639,38.9640,38.9640,38.9640,38.9640,38.9640,38.9641,38.9641,38.9641,38.9642,38.9642,38.9643,38.9644,38.9645,38.9647,38.9648,38.9650,38.9652,38.9654,38.9655,38.9657,38.9659,38.9660,38.9662,38.9664,38.9666,38.9667,38.9669,38.9670,38.9673,38.9675,38.9677,38.9679,38.9680,38.9682,38.9684,38.9686,38.9688,38.9689,38.9691,38.9693,38.9695,38.9697,38.9698,38.9700,38.9702,38.9704,38.9706,38.9708,38.9709,38.9711,38.9713,38.9715,38.9717,38.9719,38.9721,38.9722,38.9724,38.9726,38.9728,,,,,,,,,,,,,,,,,,,,,,,,,,,,,,,,,,,,,,,,,,
MGCBARF:F,(                ),Hz,60,60,60,60,60,60,60,60,60,60,60,60,60,60,60,60,60,60,60,60,60,60,60,60,60,60,60,60,60,60,60,60,60,60,60,60,60,60,60,60,60,60,60,60,60,60,60,60,60,60,60,60,60,60,60,60,60,60,60,60,60,60,60,60,60,60,60,60,60,60,60,60,60,60,60,60,60,60,60,60,60,60,60,60,60,60,60,60,60,60,60,60,60,60,60,60,60,60,60,60,60,60,,,,,,,,,,,,,,,,,,,,,,,,,,,,,,,,,,,,,,,,,,
MGCBARF:I1,(                ),A,2.5,2.8,2.7,2.8,2.8,2.6,3.2,5.2,4.3,3.3,3.3,3.3,3.3,3.3,3.3,2.8,3.0,3.0,2.8,2.8,4.7,4.3,3.8,3.4,3.1,2.7,2.7,4.6,2.7,3.3,3.0,2.7,2.5,2.4,2.1,4.1,3.6,3.3,3.0,2.7,2.1,4.4,3.9,3.3,2.8,2.6,2.6,2.4,4.7,4.3,4.0,5.8,7.6,13.4,15.0,23.7,28.7,28.3,27.8,26.6,24.8,25.7,27.2,28.0,27.9,28.0,28.0,28.4,28.1,28.2,28.7,29.8,29.7,28.7,28.8,29.5,29.6,29.3,28.0,28.0,27.9,28.0,29.8,29.2,28.9,29.5,28.3,27.6,29.4,28.6,27.9,29.1,28.6,27.9,29.5,29.4,28.6,28.5,28.4,29.6,29.3,29.3,,,,,,,,,,,,,,,,,,,,,,,,,,,,,,,,,,,,,,,,,,
MGCBARF:I2,(                ),A,2.3,2.6,2.6,2.6,2.6,2.5,3.0,4.8,4.0,3.0,3.0,3.1,3.0,3.0,3.0,2.6,2.8,2.8,2.8,2.7,4.5,4.1,3.7,3.4,3.1,2.7,2.7,4.4,2.7,3.2,2.9,2.7,2.5,2.4,2.1,4.0,3.6,3.2,3.0,2.7,2.2,4.3,3.8,3.2,2.9,2.7,2.6,2.5,4.5,4.0,3.7,5.4,7.1,13.0,14.7,23.7,28.7,28.4,27.8,26.7,24.6,25.6,27.1,28.0,27.9,27.9,27.8,28.2,27.8,27.8,28.5,29.5,29.4,28.5,28.6,29.3,29.3,29.0,27.7,27.7,27.7,27.7,29.4,28.9,28.6,29.2,27.9,27.3,29.1,28.3,27.6,28.7,28.3,27.7,29.2,29.1,28.4,28.3,28.1,29.3,29.0,28.9,,,,,,,,,,,,,,,,,,,,,,,,,,,,,,,,,,,,,,,,,,
MGCBARF:I3,(                ),A,3.2,3.5,3.4,3.4,3.4,3.3,3.8,5.6,4.8,3.8,3.8,3.8,3.8,3.7,3.8,3.4,3.5,3.5,3.3,3.2,5.1,4.6,4.2,3.8,3.6,3.2,3.2,5.0,3.2,3.7,3.4,3.3,3.0,2.9,2.6,4.5,4.1,3.8,3.5,3.2,2.7,5.0,4.4,3.8,3.4,3.2,3.2,3.0,5.1,4.7,4.4,5.9,7.6,13.6,15.3,23.7,28.5,28.2,27.7,26.4,24.6,25.6,27.1,27.8,27.7,27.8,27.8,28.2,27.9,27.9,28.4,29.5,29.3,28.5,28.7,29.2,29.3,29.0,27.8,27.7,27.6,27.7,29.4,28.9,28.6,29.1,27.9,27.4,29.1,28.3,27.6,28.7,28.3,27.6,29.2,29.1,28.3,28.3,28.1,29.4,29.1,28.9,,,,,,,,,,,,,,,,,,,,,,,,,,,,,,,,,,,,,,,,,,
MGCBARF:KW,(                ),kW,103.7,113.7,109.7,109.5,111.3,104.9,124.9,203.6,170.4,126.5,125.8,126.7,124.8,124.4,126.2,109.6,114.2,115.0,107.9,106.7,187.4,168.3,150.0,133.5,121.3,105.4,105.5,182.8,104.9,129.9,117.0,108.5,98.2,95.2,80.8,165.6,146.5,131.1,120.4,107.3,85.9,180.0,155.4,127.1,114.9,107.4,104.9,101.6,191.7,177.2,161.7,213.8,292.0,520.1,578.3,912.4,1096.8,1085.8,1062.5,1013.7,938.0,973.1,1025.7,1056.6,1054.2,1050.3,1054.1,1071.7,1058.1,1062.3,1086.2,1137.9,1138.1,1100.2,1105.1,1137.3,1137.3,1123.6,1055.8,1056.1,1064.4,1059.6,1128.3,1121.1,1107.1,1119.5,1075.0,1047.8,1128.2,1094.0,1059.4,1113.2,1091.8,1059.9,1135.8,1131.0,1098.4,1095.8,1088.5,1139.2,1125.6,1118.7,,,,,,,,,,,,,,,,,,,,,,,,,,,,,,,,,,,,,,,,,,
MGCBARF:PF,(                ),,1.07,1.07,1.09,1.07,1.06,1.09,1.09,1.04,1.06,1.09,1.09,1.09,1.09,1.09,1.09,1.10,1.10,1.10,1.10,1.11,1.05,1.06,1.07,1.08,1.09,1.11,1.11,1.05,1.11,1.07,1.08,1.09,1.10,1.11,1.13,1.04,1.05,1.06,1.07,1.08,1.10,1.04,1.05,1.06,1.08,1.07,1.07,1.07,1.01,1.01,1.01,0.92,0.96,0.95,0.94,0.95,0.94,0.94,0.94,0.94,0.93,0.94,0.94,0.94,0.94,0.94,0.94,0.94,0.94,0.94,0.94,0.95,0.94,0.94,0.93,0.94,0.95,0.94,0.94,0.94,0.94,0.93,0.94,0.95,0.94,0.94,0.94,0.93,0.94,0.94,0.93,0.95,0.94,0.93,0.95,0.95,0.94,0.94,0.94,0.95,0.94,0.94,,,,,,,,,,,,,,,,,,,,,,,,,,,,,,,,,,,,,,,,,,
MGCBARF:V12,(                ),kV,23.9,23.9,23.9,23.9,23.9,23.9,23.6,23.6,23.7,23.7,23.7,23.7,23.7,23.7,23.7,23.7,23.7,23.7,23.8,23.7,23.8,23.7,23.8,23.8,23.8,23.8,23.8,23.8,23.8,23.7,23.7,23.7,23.7,23.7,23.7,23.7,23.7,23.7,23.7,23.7,23.6,23.6,23.5,23.5,23.6,23.5,23.4,23.7,23.5,23.7,23.7,23.5,23.5,23.6,23.5,23.5,23.4,23.4,23.5,23.5,23.5,23.4,23.3,23.3,23.3,23.2,23.3,23.3,23.4,23.4,23.4,23.4,23.6,23.6,23.6,23.6,23.6,23.6,23.4,23.4,23.5,23.5,23.5,23.6,23.5,23.5,23.5,23.5,23.6,23.6,23.6,23.6,23.6,23.6,23.6,23.6,23.7,23.7,23.7,23.7,23.6,23.6,,,,,,,,,,,,,,,,,,,,,,,,,,,,,,,,,,,,,,,,,,
MGCBARF:V23,(                ),kV,23.9,23.9,23.9,24.0,24.0,24.0,23.6,23.6,23.7,23.7,23.7,23.7,23.7,23.7,23.7,23.7,23.7,23.8,23.8,23.8,23.8,23.7,23.8,23.8,23.8,23.8,23.8,23.8,23.7,23.7,23.7,23.7,23.7,23.7,23.7,23.8,23.7,23.7,23.7,23.6,23.6,23.6,23.5,23.5,23.6,23.5,23.5,23.7,23.5,23.7,23.7,23.6,23.5,23.6,23.5,23.5,23.4,23.4,23.5,23.5,23.5,23.4,23.3,23.3,23.3,23.2,23.4,23.3,23.4,23.4,23.4,23.5,23.6,23.6,23.6,23.7,23.6,23.6,23.4,23.4,23.6,23.5,23.5,23.6,23.5,23.5,23.6,23.5,23.6,23.6,23.6,23.6,23.6,23.6,23.7,23.6,23.7,23.7,23.7,23.7,23.6,23.7,,,,,,,,,,,,,,,,,,,,,,,,,,,,,,,,,,,,,,,,,,
MGCBARF:V31,(                ),kV,24.0,23.9,23.9,24.0,24.0,24.0,23.7,23.7,23.7,23.7,23.7,23.7,23.7,23.7,23.7,23.7,23.8,23.8,23.8,23.8,23.8,23.8,23.8,23.8,23.8,23.8,23.8,23.8,23.8,23.8,23.8,23.7,23.8,23.7,23.7,23.8,23.7,23.7,23.7,23.7,23.7,23.6,23.6,23.5,23.6,23.5,23.5,23.7,23.6,23.8,23.7,23.6,23.6,23.6,23.6,23.5,23.5,23.4,23.5,23.5,23.5,23.4,23.4,23.4,23.4,23.3,23.4,23.4,23.5,23.5,23.5,23.5,23.6,23.7,23.7,23.7,23.7,23.6,23.4,23.5,23.6,23.6,23.6,23.6,23.6,23.6,23.6,23.6,23.7,23.6,23.6,23.7,23.7,23.7,23.7,23.7,23.8,23.7,23.7,23.7,23.7,23.7,,,,,,,,,,,,,,,,,,,,,,,,,,,,,,,,,,,,,,,,,,
MPA1:HZ,(                ),Hz,59,60,59,60,60,60,59,60,60,60,60,60,60,60,59,60,60,59,60,59,59,59,60,59,60,60,59,59,60,59,59,59,59,59,59,59,60,60,59,59,60,59,59,59,60,59,59,59,59,59,59,59,59,60,59,59,60,59,59,60,60,59,59,60,60,60,60,60,60,59,59,59,60,60,60,59,60,60,59,59,59,60,60,60,59,59,60,59,60,60,60,59,59,59,59,59,60,59,59,60,59,60,,,,,,,,,,,,,,,,,,,,,,,,,,,,,,,,,,,,,,,,,,
MPA1:IR,(                ),A,8,7,7,8,8,7,7,8,8,8,7,7,8,8,7,7,8,8,7,7,8,8,8,7,7,8,8,7,7,8,8,7,7,8,8,8,7,7,8,8,7,7,8,8,8,7,7,8,8,7,7,20,21,623,636,648,1147,1160,1168,1094,969,1062,1138,1163,1171,1180,1169,1174,1169,1168,1164,1163,1160,1162,1157,1154,1159,1161,1167,1163,1153,1158,1159,1152,1152,1157,1160,1154,1156,1158,1157,1156,1155,1149,1148,1149,1149,1147,1150,1151,1147,1154,,,,,,,,,,,,,,,,,,,,,,,,,,,,,,,,,,,,,,,,,,
MPA1:IS,(                ),A,11,10,9,11,11,9,10,11,11,11,10,10,11,11,10,9,11,11,10,9,11,11,11,9,10,12,11,10,10,12,11,10,10,11,11,11,10,10,11,12,10,9,11,11,11,9,9,11,12,9,10,24,24,616,627,638,1161,1179,1181,1106,980,1072,1147,1174,1182,1192,1181,1184,1177,1177,1175,1178,1175,1173,1168,1169,1174,1174,1178,1174,1168,1171,1169,1166,1162,1169,1167,1161,1166,1167,1168,1164,1167,1164,1157,1163,1159,1158,1161,1160,1158,1166,,,,,,,,,,,,,,,,,,,,,,,,,,,,,,,,,,,,,,,,,,
MPA1:IT,(                ),A,8,8,7,8,8,7,8,8,7,7,8,8,7,8,8,7,7,9,9,7,7,8,9,7,8,8,7,7,8,8,7,7,8,8,6,7,8,8,7,8,8,7,6,8,8,7,6,8,8,7,6,20,19,630,642,648,1152,1169,1168,1099,968,1062,1139,1165,1169,1185,1175,1180,1175,1171,1171,1167,1167,1167,1165,1166,1166,1164,1171,1167,1159,1160,1160,1161,1156,1163,1160,1157,1161,1160,1162,1159,1162,1157,1155,1157,1158,1157,1156,1158,1155,1159,,,,,,,,,,,,,,,,,,,,,,,,,,,,,,,,,,,,,,,,,,
MPA1:KW,(                ),kW,4.5,3.9,3.2,4.6,4.5,3.2,3.8,4.5,3.8,3.8,3.8,3.8,3.8,4.5,3.9,3.2,3.7,4.5,3.9,3.2,3.8,4.5,4.5,3.2,3.9,4.5,3.8,3.2,3.8,4.5,3.8,3.2,3.8,4.4,3.8,3.8,3.9,3.8,3.8,4.5,3.9,3.1,3.7,4.4,4.5,3.2,3.1,4.5,4.5,3.2,3.2,9.7,9.7,384.6,392.3,396.2,711.2,717.6,722.6,676.7,597.1,652.7,698.7,713.9,717.5,723.3,720.3,723.2,721.2,719.0,718.7,719.7,721.8,722.1,720.8,720.4,722.6,721.5,719.4,717.6,715.9,717.2,716.6,716.7,714.7,718.2,716.9,714.6,718.3,718.2,718.9,717.6,718.5,715.4,714.3,716.2,717.2,715.5,717.0,717.2,713.4,719.6,,,,,,,,,,,,,,,,,,,,,,,,,,,,,,,,,,,,,,,,,,
MPA1:KWH,(                ),,12365568,12365568,12365569,12365570,12365570,12365571,12365572,12365572,12365573,12365574,12365574,12365575,12365576,12365576,12365577,12365578,12365578,12365579,12365580,12365580,12365581,12365581,12365582,12365583,12365583,12365584,12365585,12365585,12365587,12365588,12365588,12365589,12365590,12365590,12365590,12365591,12365591,12365592,12365592,12365593,12365594,12365595,12365595,12365596,12365597,12365597,12365598,12365598,12365599,12365600,12365600,12365601,12365603,12365641,12365704,12365771,12365871,12365983,12366106,12366210,12366332,12366429,12366547,12366656,12366762,12366910,12367023,12367136,12367262,12367385,12367445,12367628,12367741,12367866,12367989,12368096,12368221,12368345,12368470,12368581,12368687,12368823,12368947,12369059,12369184,12369277,12369424,12369536,12369660,12369773,12369896,12370013,12370137,12370250,12370374,12370497,12370603,12370739,12370851,12370976,12371086,12371192,,,,,,,,,,,,,,,,,,,,,,,,,,,,,,,,,,,,,,,,,,
MPA1:PF,(                ),,0.74,0.69,0.62,0.74,0.74,0.62,0.69,0.74,0.68,0.67,0.69,0.69,0.68,0.74,0.69,0.62,0.67,0.74,0.69,0.62,0.67,0.73,0.74,0.62,0.69,0.74,0.67,0.61,0.68,0.73,0.67,0.61,0.68,0.73,0.67,0.68,0.69,0.69,0.67,0.74,0.69,0.61,0.68,0.74,0.74,0.62,0.62,0.73,0.73,0.62,0.62,0.68,0.69,0.93,0.93,0.93,0.94,0.94,0.94,0.94,0.93,0.94,0.94,0.94,0.94,0.94,0.94,0.94,0.94,0.94,0.94,0.94,0.94,0.94,0.94,0.94,0.94,0.94,0.94,0.94,0.94,0.94,0.94,0.94,0.94,0.94,0.94,0.94,0.94,0.94,0.94,0.94,0.94,0.94,0.94,0.94,0.94,0.94,0.94,0.94,0.94,0.94,,,,,,,,,,,,,,,,,,,,,,,,,,,,,,,,,,,,,,,,,,
MPA1:VRS,(                ),V,388.9,388.4,388.6,389.2,388.9,389.1,383.9,384.0,385.3,384.7,385.0,385.6,385.0,385.1,385.4,385.5,385.9,385.8,385.9,385.9,385.9,386.0,386.2,386.5,386.6,386.5,387.0,386.4,386.2,386.0,385.9,385.7,386.0,385.6,385.7,385.8,385.3,384.9,384.6,384.5,384.3,383.5,382.5,381.7,383.1,382.3,381.4,385.0,383.4,385.8,385.3,382.8,382.7,383.4,381.9,381.3,379.3,377.7,379.4,379.1,379.0,378.2,376.5,376.5,375.6,375.2,377.2,377.6,378.4,377.9,378.3,378.6,381.0,381.1,381.5,381.7,381.8,381.0,377.6,378.9,380.2,380.2,379.4,380.8,380.8,380.5,379.6,380.2,381.0,380.7,380.7,381.0,381.0,380.9,381.2,382.0,382.8,382.0,382.1,382.1,381.0,382.0,,,,,,,,,,,,,,,,,,,,,,,,,,,,,,,,,,,,,,,,,,
MPA1:VST,(                ),V,388.6,388.3,388.4,388.9,388.7,388.9,383.6,383.9,384.9,384.3,384.9,385.3,384.8,384.9,385.2,385.3,385.6,385.7,385.8,385.7,385.5,385.7,386.0,386.2,386.3,386.2,386.8,386.3,386.0,385.8,385.7,385.6,385.7,385.5,385.4,385.8,385.1,384.6,384.6,384.1,384.0,383.3,382.1,381.6,382.9,382.2,380.9,384.7,382.8,385.2,384.9,382.5,382.0,382.9,380.9,380.7,378.2,376.6,378.1,378.2,379.8,377.2,376.3,375.3,375.3,374.0,376.7,376.5,377.7,377.7,377.9,378.3,380.2,380.3,381.3,381.0,380.6,380.0,376.8,377.8,379.7,379.1,379.7,380.5,379.6,379.2,379.2,380.3,379.9,379.7,380.4,380.8,379.6,380.0,380.6,380.9,382.5,381.8,381.5,380.8,380.5,381.9,,,,,,,,,,,,,,,,,,,,,,,,,,,,,,,,,,,,,,,,,,
MPA1:VTR,(                ),V,389.2,388.8,388.8,389.4,389.0,389.4,384.1,384.3,385.7,384.6,385.2,385.6,385.1,385.0,385.3,385.4,385.8,385.8,385.8,385.8,385.7,385.9,386.2,386.4,386.4,386.3,386.9,386.3,386.0,385.8,385.7,385.6,385.9,385.5,385.6,385.9,385.2,384.9,384.7,384.3,384.2,383.5,382.5,381.7,383.0,382.6,381.5,385.2,383.4,386.0,385.3,382.9,382.8,382.2,382.3,380.5,378.7,377.2,379.5,378.5,379.5,377.6,376.2,376.5,376.3,374.4,377.6,377.1,377.8,377.2,377.6,379.0,380.6,381.1,381.6,381.3,381.2,380.8,377.6,378.0,380.6,379.4,379.7,380.0,380.0,380.1,380.3,380.0,381.3,381.1,381.0,380.3,381.3,381.5,382.2,381.2,383.1,382.2,382.4,382.1,381.3,381.7,,,,,,,,,,,,,,,,,,,,,,,,,,,,,,,,,,,,,,,,,,
MPA2:HZ,(                ),Hz,59,60,59,60,60,60,59,60,60,60,60,60,60,60,59,60,60,59,60,59,59,59,59,59,60,59,59,59,60,59,59,59,59,59,59,59,60,60,59,59,60,59,59,59,60,59,60,59,59,59,59,59,59,60,59,59,60,59,59,60,60,59,59,60,60,60,60,60,60,59,59,59,60,60,60,59,59,60,59,60,59,60,60,60,59,59,60,59,60,60,60,59,59,59,59,59,60,59,59,60,59,60,,,,,,,,,,,,,,,,,,,,,,,,,,,,,,,,,,,,,,,,,,
MPA2:IR,(                ),A,72,95,96,95,96,95,142,144,143,144,143,143,143,144,142,110,128,127,127,128,128,128,127,128,128,129,129,128,128,73,73,73,72,73,73,73,74,74,73,73,73,73,72,72,73,71,71,70,70,71,72,258,282,378,505,1065,1015,1013,1025,1009,948,979,1034,1031,1030,1038,1041,1034,1035,1030,1033,1022,1016,1021,1013,1015,1016,1032,1026,1039,1016,1032,1023,1024,1021,1029,1023,1020,1027,1020,1026,1019,1028,1013,1012,1025,1021,1014,1010,1019,1020,1015,,,,,,,,,,,,,,,,,,,,,,,,,,,,,,,,,,,,,,,,,,
MPA2:IS,(                ),A,66,88,88,88,89,88,139,139,137,138,138,137,138,137,136,103,120,121,121,120,121,121,121,120,121,121,121,121,120,66,66,66,66,66,66,66,66,66,66,66,66,66,65,66,66,65,65,65,65,65,65,266,289,391,527,1135,1077,1078,1090,1073,1005,1036,1093,1091,1093,1100,1102,1093,1092,1089,1093,1087,1076,1081,1074,1077,1076,1095,1088,1100,1076,1093,1083,1086,1079,1088,1081,1075,1084,1079,1086,1078,1089,1076,1069,1084,1079,1072,1067,1074,1076,1078,,,,,,,,,,,,,,,,,,,,,,,,,,,,,,,,,,,,,,,,,,
MPA2:IT,(                ),A,74,93,94,93,95,94,140,139,136,139,139,137,139,137,139,106,123,124,123,123,123,123,123,123,123,123,123,124,123,74,74,74,74,74,74,75,75,75,74,74,74,74,74,74,74,73,73,72,72,73,73,260,281,378,512,1106,1050,1055,1063,1051,978,1011,1065,1066,1066,1073,1077,1073,1070,1066,1073,1064,1052,1057,1053,1057,1056,1068,1064,1074,1052,1067,1057,1064,1057,1063,1058,1055,1062,1056,1064,1056,1068,1053,1051,1064,1061,1053,1047,1055,1056,1055,,,,,,,,,,,,,,,,,,,,,,,,,,,,,,,,,,,,,,,,,,
MPA2:KW,(                ),kW,28.0,44.0,44.0,43.9,44.2,44.2,73.6,73.2,73.1,72.8,72.4,72.2,72.3,72.2,72.3,52.6,62.7,62.6,62.5,62.4,62.5,62.4,62.5,62.6,62.8,62.5,62.5,62.6,62.4,27.9,27.8,27.9,27.8,28.0,27.9,28.0,28.0,27.9,28.0,27.9,27.9,27.8,28.0,27.9,27.9,27.6,27.7,27.6,27.6,27.7,27.7,145.3,157.8,230.0,308.3,666.6,633.5,631.6,641.3,631.1,588.2,606.5,639.5,638.7,638.4,640.4,645.2,642.0,641.8,639.9,643.4,638.4,635.8,639.4,636.9,638.1,637.4,646.2,638.8,646.6,635.5,643.8,639.1,641.3,637.8,642.1,639.4,636.8,642.2,638.9,642.5,638.7,644.1,637.1,635.4,643.2,642.4,637.2,633.9,639.0,638.1,638.5,,,,,,,,,,,,,,,,,,,,,,,,,,,,,,,,,,,,,,,,,,
MPA2:KWH,(                ),,19688418,19688422,19688430,19688438,19688444,19688452,19688462,19688476,19688488,19688500,19688512,19688522,19688536,19688548,19688560,19688572,19688582,19688592,19688604,19688612,19688624,19688634,19688644,19688654,19688666,19688676,19688686,19688696,19688708,19688714,19688720,19688724,19688728,19688734,19688738,19688742,19688746,19688752,19688756,19688762,19688766,19688770,19688776,19688780,19688784,19688788,19688794,19688798,19688802,19688808,19688812,19688826,19688850,19688882,19688924,19689014,19689128,19689228,19689336,19689428,19689546,19689640,19689750,19689848,19689940,19690074,19690174,19690276,19690386,19690496,19690548,19690710,19690812,19690924,19691032,19691126,19691238,19691348,19691458,19691558,19691652,19691774,19691886,19691986,19692096,19692180,19692310,19692412,19692522,19692622,19692732,19692836,19692948,19693048,19693160,19693268,19693364,19693484,19693584,19693694,19693794,19693888,,,,,,,,,,,,,,,,,,,,,,,,,,,,,,,,,,,,,,,,,,
MPA2:PF,(                ),, -0.59, -0.71, -0.71, -0.71, -0.70, -0.71, -0.79, -0.78, -0.79, -0.78, -0.78, -0.78, -0.77, -0.78, -0.78, -0.74, -0.76, -0.75, -0.76, -0.76, -0.75, -0.75, -0.76, -0.76, -0.76, -0.75, -0.75, -0.75, -0.75, -0.59, -0.59, -0.59, -0.59, -0.59, -0.59, -0.59, -0.58, -0.58, -0.59, -0.59, -0.59, -0.59, -0.60, -0.60, -0.59, -0.60, -0.60, -0.60, -0.60, -0.59, -0.59,0.84,0.84,0.91,0.91,0.92,0.92,0.92,0.92,0.92,0.92,0.92,0.92,0.92,0.92,0.92,0.92,0.92,0.92,0.92,0.92,0.92,0.92,0.92,0.92,0.92,0.92,0.92,0.92,0.92,0.92,0.92,0.92,0.92,0.92,0.92,0.92,0.92,0.92,0.92,0.92,0.92,0.92,0.92,0.92,0.92,0.92,0.92,0.92,0.92,0.92,0.92,,,,,,,,,,,,,,,,,,,,,,,,,,,,,,,,,,,,,,,,,,
MPA2:VRS,(                ),V,389.2,388.9,389.1,389.4,389.3,389.5,384.2,384.3,385.6,384.9,385.4,385.9,385.2,385.2,385.5,386.1,386.1,386.3,386.2,386.1,386.4,386.3,386.7,386.8,386.7,386.8,387.4,386.6,386.4,386.4,386.3,386.1,386.3,385.8,386.2,386.1,385.7,385.4,384.9,384.8,384.5,384.1,382.9,382.2,383.4,382.8,381.8,385.4,383.8,386.3,385.9,381.9,381.9,383.0,381.9,379.5,379.5,377.8,380.2,378.8,380.3,377.7,376.5,376.6,376.3,374.9,377.3,378.4,377.8,378.7,378.3,378.7,380.3,382.0,382.3,381.7,382.0,381.0,379.0,379.3,380.6,380.1,380.8,380.3,380.1,380.3,380.9,381.1,380.9,381.7,381.6,381.9,381.0,382.3,381.6,382.2,383.0,382.8,381.8,383.0,381.3,382.7,,,,,,,,,,,,,,,,,,,,,,,,,,,,,,,,,,,,,,,,,,
MPA2:VST,(                ),V,389.0,388.8,388.8,389.3,389.1,389.3,384.0,384.3,385.2,384.6,385.2,385.6,385.1,385.1,385.2,385.9,386.0,386.2,386.2,386.1,386.0,386.1,386.4,386.6,386.6,386.5,387.1,386.6,386.3,386.3,386.1,385.9,386.0,385.8,386.0,386.1,385.5,385.0,385.0,384.5,384.4,383.9,382.5,381.7,383.3,382.6,381.5,385.1,383.3,385.7,385.5,381.8,381.5,382.7,381.2,377.4,378.1,376.1,378.6,378.8,378.4,377.5,376.3,375.9,376.0,373.6,376.3,376.4,377.5,377.4,378.1,377.4,380.7,380.2,380.8,381.6,380.9,381.0,377.3,378.2,380.2,379.4,379.4,379.5,380.3,379.7,379.3,379.7,380.9,380.3,379.7,380.5,380.6,380.8,381.8,381.1,382.6,380.5,381.7,381.8,380.6,380.7,,,,,,,,,,,,,,,,,,,,,,,,,,,,,,,,,,,,,,,,,,
MPA2:VTR,(                ),V,389.5,389.2,389.1,389.6,389.3,389.7,384.2,384.4,385.7,384.7,385.4,385.9,385.1,385.0,385.4,385.8,386.0,386.0,386.0,385.9,386.0,386.2,386.5,386.5,386.4,386.6,387.1,386.5,386.1,386.1,386.0,385.9,386.1,385.7,386.0,386.2,385.5,385.2,385.0,384.5,384.4,384.0,382.8,381.7,383.3,383.0,381.9,385.5,383.8,386.5,385.9,381.8,381.8,382.8,381.6,379.4,378.9,377.3,379.1,378.8,378.9,377.4,376.4,376.7,376.1,375.2,377.6,376.6,377.9,377.6,378.5,379.3,381.0,381.1,382.5,381.9,381.3,381.0,377.5,378.1,380.8,379.5,380.5,380.5,380.5,380.3,380.4,380.4,381.2,380.8,381.0,381.4,381.2,381.6,381.9,381.7,383.2,383.0,382.7,382.0,381.4,382.2,,,,,,,,,,,,,,,,,,,,,,,,,,,,,,,,,,,,,,,,,,
MLARF-1.PF,(                ),,0.96,0.96,0.95,0.95,0.95,0.94,0.95,0.99,0.98,0.95,0.94,0.94,0.94,0.94,0.95,0.95,0.94,0.94,0.90,0.90,0.99,0.99,0.98,0.98,0.97,0.88,0.88,0.99,0.88,0.98,0.98,0.97,0.97,0.97,0.87,0.99,0.99,0.98,0.98,0.97,0.90,0.99,0.99,0.98,0.98,0.97,0.97,0.96,0.99,0.99,0.99,0.93,0.99,0.94,0.94,0.99,0.99,0.98,0.98,0.98,0.97,0.97,0.96,0.97,0.96,0.96,0.96,0.96,0.96,0.96,0.96,0.99,0.99,0.98,0.98,0.99,0.99,0.99,0.96,0.96,0.96,0.96,0.99,0.99,0.99,0.98,0.96,0.96,0.99,0.98,0.96,0.99,0.98,0.96,0.99,0.99,0.99,0.98,0.98,0.99,0.99,0.99,,,,,,,,,,,,,,,,,,,,,,,,,,,,,,,,,,,,,,,,,,
MLARF-1:HZ,(                ),Hz,59,60,59,60,60,60,59,60,60,60,60,60,60,60,59,60,60,59,60,59,59,59,59,59,60,60,59,59,60,59,59,59,59,59,59,59,60,60,59,59,60,59,59,59,60,59,59,59,59,59,59,59,59,60,59,59,60,59,59,60,60,59,59,60,60,60,60,60,60,59,59,59,60,60,60,59,60,60,59,59,59,60,60,60,59,59,60,59,60,60,60,59,59,59,59,59,60,59,59,60,59,60,,,,,,,,,,,,,,,,,,,,,,,,,,,,,,,,,,,,,,,,,,
MLARF-1:IR,(                ),A,99,102,99,98,97,96,98,270,199,95,94,94,95,92,95,92,89,89,51,51,230,185,146,107,79,44,46,218,44,155,127,108,81,73,42,225,183,153,125,93,47,228,204,155,110,94,81,70,238,210,174,64,248,65,65,228,203,172,123,104,89,82,79,90,89,89,120,117,116,116,115,299,248,201,159,297,297,249,114,113,115,114,276,252,215,193,119,118,257,204,118,255,207,118,301,282,218,206,197,308,271,268,,,,,,,,,,,,,,,,,,,,,,,,,,,,,,,,,,,,,,,,,,
MLARF-1:IS,(                ),A,30,33,35,31,29,29,31,205,135,32,32,33,29,29,28,27,26,26,26,27,205,165,123,87,56,23,24,196,22,131,103,85,58,50,22,208,161,131,103,69,27,207,184,131,85,69,61,49,210,183,147,38,223,38,41,205,179,151,95,96,60,58,54,69,68,64,72,74,72,70,72,253,199,160,112,252,250,204,70,67,69,68,232,203,171,144,92,72,211,155,78,207,157,72,256,236,172,157,143,258,223,198,,,,,,,,,,,,,,,,,,,,,,,,,,,,,,,,,,,,,,,,,,
MLARF-1:IT,(                ),A,42,43,42,38,39,37,41,199,131,41,42,41,36,37,39,38,35,34,31,31,192,149,110,87,57,25,26,182,25,119,93,77,58,50,25,193,146,118,93,69,29,192,167,117,84,68,59,47,195,159,124,28,199,29,35,182,156,133,88,70,52,47,43,45,43,39,38,41,38,36,38,206,154,118,78,202,203,159,39,37,39,39,185,155,124,101,35,37,160,110,42,157,113,36,207,189,126,114,105,211,179,159,,,,,,,,,,,,,,,,,,,,,,,,,,,,,,,,,,,,,,,,,,
MLARF-1:KW,(                ),kW,36.7,38.2,37.3,35.5,35.5,34.3,36.0,148.0,101.2,35.3,35.1,35.2,33.5,32.9,34.3,33.0,31.1,31.1,21.5,21.8,138.4,109.9,82.8,61.6,41.5,18.1,18.9,131.9,17.6,88.8,70.1,58.3,42.6,37.1,17.3,138.2,107.7,87.9,69.6,49.8,20.6,137.8,121.1,87.2,60.3,49.5,42.9,35.5,141.2,121.7,97.4,26.9,146.7,27.2,29.3,134.4,117.2,98.3,66.4,57.9,42.9,39.8,37.0,43.1,42.2,40.2,48.2,48.8,47.6,46.5,47.2,165.7,131.5,104.4,75.8,165.5,165.1,134.2,46.9,45.8,47.2,46.7,151.7,133.5,110.9,95.0,52.4,47.9,137.6,102.2,50.3,135.6,103.7,48.0,168.5,155.6,112.8,104.0,97.3,171.4,147.8,137.0,,,,,,,,,,,,,,,,,,,,,,,,,,,,,,,,,,,,,,,,,,
MLARF-1:KWH,(                ),,6697198,6697204,6697210,6697216,6697222,6697228,6697233,6697253,6697275,6697286,6697292,6697297,6697304,6697309,6697315,6697320,6697326,6697331,6697335,6697338,6697354,6697376,6697390,6697402,6697411,6697415,6697418,6697436,6697454,6697472,6697484,6697492,6697500,6697507,6697511,6697532,6697554,6697570,6697582,6697593,6697598,6697602,6697623,6697638,6697652,6697660,6697668,6697675,6697683,6697710,6697729,6697742,6697753,6697776,6697780,6697794,6697815,6697832,6697847,6697855,6697865,6697872,6697878,6697884,6697891,6697899,6697906,6697913,6697921,6697930,6697934,6697960,6697984,6698004,6698019,6698033,6698062,6698089,6698103,6698110,6698117,6698126,6698144,6698166,6698188,6698200,6698215,6698222,6698239,6698257,6698272,6698294,6698314,6698328,6698349,6698378,6698398,6698412,6698428,6698443,6698468,6698489,,,,,,,,,,,,,,,,,,,,,,,,,,,,,,,,,,,,,,,,,,
MLARF-1:PF,(                ),, -0.96, -0.96, -0.95, -0.95, -0.95, -0.94, -0.95, -0.99, -0.98, -0.95, -0.94, -0.94, -0.94, -0.94, -0.95, -0.95, -0.94, -0.94,0.90,0.90, -0.99, -0.99, -0.98, -0.98, -0.97,0.88,0.88, -0.99,0.88, -0.98, -0.98, -0.97, -0.97, -0.97,0.87, -0.99, -0.99, -0.98, -0.98, -0.97,0.90, -0.99, -0.99, -0.98, -0.98, -0.97, -0.97, -0.96, -0.99, -0.99, -0.99,0.93, -0.99,0.94,0.94, -0.99, -0.99, -0.98, -0.98, -0.98, -0.97, -0.97, -0.96, -0.97, -0.96, -0.96,0.96,0.96,0.96,0.96,0.96, -0.99, -0.99, -0.98, -0.98, -0.99, -0.99, -0.99,0.96,0.96,0.96,0.96, -0.99, -0.99, -0.99, -0.98,0.96,0.96, -0.99, -0.98,0.96, -0.99, -0.98,0.96, -0.99, -0.99, -0.99, -0.98, -0.98, -0.99, -0.99, -0.99,,,,,,,,,,,,,,,,,,,,,,,,,,,,,,,,,,,,,,,,,,
MLARF-1:VRS,(                ),V,388.5,388.3,388.2,388.5,388.4,388.7,383.4,383.4,385.0,384.3,384.8,385.2,384.6,384.7,384.8,385.3,385.4,385.4,385.6,385.6,385.4,385.7,386.0,386.3,386.3,386.1,386.5,385.9,385.9,385.8,385.7,385.5,385.8,385.3,385.6,385.4,384.9,384.8,384.4,384.2,384.0,383.3,382.2,381.2,382.8,382.1,381.3,384.6,382.9,385.5,385.0,382.4,382.1,383.7,382.5,381.5,381.2,379.8,381.9,381.3,381.8,380.1,379.3,378.8,378.8,377.4,379.6,379.5,380.1,380.3,380.5,381.0,383.1,383.8,384.1,383.6,383.5,383.4,380.1,380.9,382.7,382.1,382.3,382.8,382.8,382.4,382.6,382.8,383.3,383.2,383.4,383.6,383.2,383.6,384.1,383.7,385.2,384.6,384.6,384.3,383.4,384.1,,,,,,,,,,,,,,,,,,,,,,,,,,,,,,,,,,,,,,,,,,
MLARF-1:VST,(                ),V,388.3,388.2,388.0,388.3,388.2,388.6,383.3,383.5,384.5,383.9,384.5,384.8,384.5,384.3,384.6,385.1,385.2,385.3,385.3,385.2,385.0,385.3,385.5,385.8,385.8,385.7,386.1,385.6,385.5,385.5,385.3,385.1,385.4,385.0,385.2,385.2,384.5,384.2,384.2,383.7,383.5,382.9,381.5,381.0,382.4,381.9,380.6,384.1,382.2,384.8,384.3,381.9,381.2,382.9,381.8,380.7,380.2,379.0,381.0,380.3,381.0,379.2,378.0,377.7,377.7,376.3,378.5,378.3,379.0,379.3,379.7,380.1,382.3,382.8,383.2,382.8,382.6,382.5,379.1,379.9,381.7,381.1,381.2,381.9,381.8,381.4,381.3,381.6,382.3,382.2,382.3,382.4,382.1,382.8,383.3,382.8,384.4,383.5,383.6,383.3,382.3,383.6,,,,,,,,,,,,,,,,,,,,,,,,,,,,,,,,,,,,,,,,,,
MLARF-1:VTR,(                ),V,389.1,389.0,388.8,389.2,388.9,389.4,384.0,384.3,385.7,384.5,385.2,385.4,385.0,384.8,385.1,385.5,385.7,385.7,385.5,385.5,385.4,385.7,385.8,386.0,386.1,386.0,386.5,386.0,385.7,385.7,385.5,385.3,385.7,385.2,385.5,385.6,385.0,384.6,384.5,384.0,383.9,383.4,382.3,381.2,382.7,382.4,381.3,384.7,383.1,386.1,385.2,382.7,382.5,383.9,382.7,381.6,381.3,380.0,381.9,381.3,381.7,380.1,379.2,378.9,378.7,377.4,380.0,379.7,380.5,380.7,381.0,381.6,383.7,384.2,384.7,384.3,384.1,383.7,380.5,381.1,383.2,382.4,382.6,383.4,383.3,382.9,383.0,383.2,383.9,383.7,383.7,384.2,383.9,384.3,385.0,384.3,385.8,385.3,385.3,385.0,384.2,384.9,,,,,,,,,,,,,,,,,,,,,,,,,,,,,,,,,,,,,,,,,,
MPARF:HZ,(                ),Hz,59,60,59,60,60,60,59,60,60,60,60,60,60,60,59,60,60,59,60,59,59,59,59,59,60,59,59,59,60,59,59,59,59,59,59,59,60,60,59,59,60,59,59,59,60,59,59,59,59,59,59,59,59,60,59,59,60,59,59,60,60,59,59,60,60,60,60,60,60,59,59,59,60,60,60,59,60,60,59,59,59,60,60,60,59,59,60,59,60,60,60,59,59,59,59,59,60,59,59,60,59,60,,,,,,,,,,,,,,,,,,,,,,,,,,,,,,,,,,,,,,,,,,
MPARF:IR,(                ),A,124,123,120,150,115,111,111,112,110,114,113,112,114,112,114,110,110,111,111,111,111,110,111,113,109,110,111,110,109,109,110,111,111,112,112,115,117,117,116,115,114,143,117,118,120,123,126,124,166,168,172,193,206,189,192,198,192,214,179,204,183,186,189,217,208,202,208,211,205,216,272,236,228,216,221,209,225,210,209,214,232,214,212,244,205,245,249,195,228,234,206,216,198,197,233,227,201,222,219,218,218,205,,,,,,,,,,,,,,,,,,,,,,,,,,,,,,,,,,,,,,,,,,
MPARF:IS,(                ),A,80,81,78,110,80,76,77,77,76,78,78,77,78,78,79,77,77,79,79,79,79,78,79,79,80,79,79,78,79,79,79,80,79,80,80,81,79,80,79,80,79,102,79,81,82,80,81,78,107,108,112,122,143,141,118,133,120,146,115,138,115,120,121,151,151,130,139,145,127,147,205,174,159,141,144,140,156,135,134,149,159,142,145,176,141,182,182,126,161,170,134,147,129,132,153,171,135,148,141,151,156,134,,,,,,,,,,,,,,,,,,,,,,,,,,,,,,,,,,,,,,,,,,
MPARF:IT,(                ),A,133,133,133,159,129,125,127,124,123,124,122,122,125,122,124,121,122,123,124,123,124,122,123,125,123,124,124,125,123,123,123,125,122,123,124,127,128,127,127,127,125,153,130,131,131,131,135,133,158,153,155,174,184,167,165,179,169,197,159,184,162,166,169,199,189,173,180,185,180,188,245,215,206,190,197,186,206,183,181,189,203,184,181,220,183,224,225,174,204,206,179,188,170,170,201,204,179,198,193,196,198,180,,,,,,,,,,,,,,,,,,,,,,,,,,,,,,,,,,,,,,,,,,
MPARF:KW,(                ),kW,68.7,67.5,63.6,84.0,59.3,57.0,56.4,57.0,56.5,59.2,58.6,58.2,59.7,58.4,60.1,55.8,55.9,56.1,55.7,55.7,55.7,55.1,55.7,56.9,55.6,55.4,55.7,55.7,55.0,54.9,55.4,56.0,54.9,55.4,55.5,58.5,60.6,60.6,60.6,60.5,59.3,79.0,61.1,61.5,62.4,65.5,66.8,66.1,92.8,92.0,93.1,104.3,114.6,107.1,101.7,109.3,103.3,119.0,97.2,112.8,98.6,100.8,102.0,120.5,116.5,106.5,111.6,114.6,108.2,116.7,152.8,133.3,126.4,116.3,119.7,114.5,126.2,112.8,111.0,117.0,127.2,114.4,113.9,137.0,112.4,139.3,140.0,105.3,127.0,130.7,110.4,117.4,105.8,106.1,124.8,128.1,110.0,121.6,118.0,120.9,122.8,110.7,,,,,,,,,,,,,,,,,,,,,,,,,,,,,,,,,,,,,,,,,,
MPARF:KWH,(                ),,5933977,5933988,5933999,5934011,5934020,5934031,5934040,5934052,5934062,5934071,5934082,5934090,5934102,5934111,5934121,5934130,5934140,5934149,5934159,5934168,5934178,5934187,5934195,5934205,5934214,5934225,5934233,5934242,5934252,5934262,5934270,5934280,5934289,5934298,5934307,5934317,5934328,5934337,5934347,5934357,5934368,5934378,5934388,5934397,5934410,5934420,5934432,5934443,5934452,5934470,5934487,5934504,5934521,5934539,5934556,5934574,5934592,5934609,5934627,5934642,5934662,5934679,5934698,5934715,5934732,5934756,5934776,5934795,5934816,5934837,5934847,5934880,5934899,5934920,5934942,5934960,5934980,5935001,5935022,5935041,5935059,5935082,5935103,5935123,5935144,5935160,5935185,5935204,5935226,5935246,5935267,5935287,5935309,5935328,5935351,5935373,5935391,5935414,5935434,5935454,5935473,5935491,,,,,,,,,,,,,,,,,,,,,,,,,,,,,,,,,,,,,,,,,,
MPARF:PF,(                ),, -0.90, -0.89, -0.86, -0.89, -0.82, -0.82, -0.81, -0.82, -0.82, -0.84, -0.84, -0.84, -0.85, -0.84, -0.85, -0.81, -0.81, -0.80, -0.80, -0.80, -0.80, -0.80, -0.80, -0.81, -0.80, -0.80, -0.80, -0.80, -0.80, -0.79, -0.80, -0.80, -0.79, -0.79, -0.79, -0.81, -0.84, -0.84, -0.85, -0.85, -0.84, -0.90, -0.85, -0.85, -0.85, -0.89, -0.89, -0.89, -0.98,0.97,0.96,0.97,0.98,0.98,0.98,0.98,0.98,0.98,0.98,0.98,0.98,0.98,0.98,0.98,0.98,0.97,0.97,0.97,0.97,0.97,0.97,0.97,0.97,0.96,0.96,0.97,0.98,0.97,0.97,0.97,0.97,0.97,0.96,0.97,0.97,0.97,0.97,0.97,0.97,0.97,0.96,0.97,0.97,0.96,0.96,0.96,0.97,0.97,0.97,0.97,0.97,0.97,,,,,,,,,,,,,,,,,,,,,,,,,,,,,,,,,,,,,,,,,,
MPARF:VRS,(                ),V,387.9,387.7,387.7,388.1,388.1,388.4,383.2,383.2,384.6,383.8,384.4,384.8,384.2,384.2,384.5,384.9,385.1,385.1,385.1,385.2,385.4,385.5,385.5,385.8,386.0,385.7,386.2,385.8,385.4,385.3,385.3,385.1,385.3,384.8,385.2,385.1,384.4,384.3,383.9,383.6,383.4,382.6,381.7,380.6,382.3,381.4,380.5,383.7,381.9,384.1,383.6,380.9,380.8,382.0,380.8,379.9,379.5,378.4,380.5,379.7,380.0,378.6,377.5,377.0,377.2,376.1,378.0,377.9,378.7,378.8,378.6,379.4,381.5,382.0,382.3,382.3,381.8,382.0,378.5,379.2,381.2,380.4,380.6,381.1,381.1,380.6,380.8,381.2,381.7,381.4,381.7,382.0,381.5,382.0,382.6,382.2,383.4,382.9,382.7,382.9,381.9,382.7,,,,,,,,,,,,,,,,,,,,,,,,,,,,,,,,,,,,,,,,,,
MPARF:VST,(                ),V,388.6,388.4,388.4,388.8,388.8,389.0,384.0,383.9,385.0,384.3,384.9,385.4,384.8,384.7,385.0,385.5,385.7,385.7,385.9,386.0,385.9,386.0,386.1,386.4,386.5,386.3,386.7,386.4,386.0,386.0,385.8,385.7,385.8,385.5,385.7,385.9,385.0,384.8,384.6,384.1,383.9,383.2,382.1,381.4,383.1,382.1,381.0,384.4,382.1,384.3,383.9,381.4,380.8,382.3,381.1,380.1,379.6,378.7,380.6,379.8,380.4,378.7,377.5,377.1,377.2,376.2,378.1,377.9,378.7,378.8,379.0,379.7,381.7,382.2,382.5,382.6,382.2,382.1,378.5,379.3,381.1,380.6,380.7,381.5,381.2,380.6,380.8,381.2,381.8,381.6,381.9,382.0,381.7,382.3,382.8,382.2,383.6,382.8,382.8,382.9,381.9,382.9,,,,,,,,,,,,,,,,,,,,,,,,,,,,,,,,,,,,,,,,,,
MPARF:VTR,(                ),V,388.3,388.0,387.9,388.4,388.3,388.7,383.5,383.4,384.9,383.9,384.5,385.0,384.2,384.1,384.5,384.8,385.1,385.1,385.1,385.3,385.2,385.5,385.4,385.8,385.8,385.6,386.1,385.7,385.2,385.2,385.1,385.0,385.3,384.8,385.1,385.3,384.4,384.2,384.0,383.5,383.3,382.5,381.7,380.6,382.4,381.7,380.6,383.9,381.8,384.3,383.4,381.1,380.9,382.3,380.9,379.8,379.5,378.6,380.4,379.9,380.0,378.5,377.5,377.2,377.0,376.2,378.2,377.9,378.8,378.9,378.8,379.8,381.7,382.3,382.6,382.5,382.0,381.9,378.6,379.3,381.4,380.6,380.8,381.5,381.3,380.7,380.8,381.4,381.9,381.5,381.9,382.2,381.9,382.3,383.2,382.3,383.8,383.2,383.2,383.2,382.2,382.8,,,,,,,,,,,,,,,,,,,,,,,,,,,,,,,,,,,,,,,,,,
MGCBB.KWH,(度數            ),,138.560,138.560,138.560,138.560,138.561,138.561,138.561,138.561,138.561,138.561,138.561,138.561,138.561,138.562,138.562,138.562,138.562,138.562,138.562,138.562,138.562,138.562,138.562,138.563,138.563,138.563,138.563,138.563,138.563,138.563,138.563,138.563,138.563,138.563,138.564,138.564,138.564,138.564,138.564,138.564,138.564,138.564,138.564,138.564,138.564,138.565,138.565,138.565,138.565,138.565,138.565,138.565,138.565,138.566,138.566,138.566,138.566,138.567,138.567,138.567,138.568,138.568,138.569,138.569,138.569,138.570,138.570,138.571,138.572,138.572,138.572,138.573,138.574,138.574,138.575,138.575,138.576,138.577,138.577,138.578,138.578,138.579,138.579,138.580,138.581,138.581,138.582,138.582,138.583,138.583,138.584,138.584,138.585,138.585,138.586,138.587,138.587,138.587,138.588,138.589,138.589,138.590,,,,,,,,,,,,,,,,,,,,,,,,,,,,,,,,,,,,,,,,,,
MGCBB:F,(                ),Hz,60,60,60,60,60,60,60,60,60,60,60,60,60,60,60,60,60,60,60,60,60,60,60,60,60,60,60,60,60,60,60,60,60,60,60,60,60,60,60,60,60,60,60,60,60,60,60,60,60,60,60,60,60,60,60,60,60,60,60,60,60,60,60,60,60,60,60,60,60,60,60,60,60,60,60,60,60,60,60,60,60,60,60,60,60,60,60,60,60,60,60,60,60,60,60,60,60,60,60,60,60,60,,,,,,,,,,,,,,,,,,,,,,,,,,,,,,,,,,,,,,,,,,
MGCBB:I1,(                ),A,16.0,15.7,15.5,14.9,14.9,15.3,15.9,17.2,18.0,15.9,16.1,16.0,16.5,16.6,15.5,15.9,14.9,14.4,12.7,13.2,13.8,13.1,14.0,13.5,15.6,15.3,17.7,14.4,13.9,11.8,11.2,11.3,11.3,13.6,13.0,12.0,13.8,13.2,15.1,14.3,13.5,12.3,12.9,14.7,14.1,16.1,20.0,18.0,18.6,18.7,18.2,23.2,26.8,26.7,38.7,40.7,43.4,47.0,49.6,50.7,52.6,62.3,61.4,67.3,66.3,82.9,83.4,81.6,84.9,83.8,82.2,86.2,86.3,85.7,87.9,87.3,86.0,87.1,84.7,86.5,87.4,89.1,86.9,83.0,85.3,85.3,83.4,83.7,82.2,83.3,83.7,83.9,78.4,81.1,81.1,79.2,77.6,79.4,76.2,81.8,83.4,82.9,,,,,,,,,,,,,,,,,,,,,,,,,,,,,,,,,,,,,,,,,,
MGCBB:I2,(                ),A,15.5,15.4,14.8,14.5,15.0,14.6,15.9,17.8,18.0,16.1,16.3,15.5,16.1,16.3,14.7,15.8,14.8,14.8,13.0,13.3,13.6,12.1,13.5,13.3,15.8,15.1,17.0,13.8,13.4,12.0,10.6,11.0,10.5,13.9,12.8,12.0,13.7,13.3,15.5,14.5,13.2,12.4,12.3,14.8,14.2,16.4,20.4,18.7,19.4,19.3,18.6,23.6,26.7,27.3,39.6,40.9,43.8,49.2,50.9,52.1,53.4,61.4,60.7,67.6,66.8,82.8,83.3,81.3,84.0,83.5,81.6,85.2,86.3,84.5,86.8,86.8,85.8,86.8,83.9,86.7,87.3,88.8,87.0,82.4,84.6,84.1,82.0,81.3,81.0,82.3,82.2,82.7,76.8,80.2,79.9,78.3,77.0,78.4,74.4,80.7,81.7,82.9,,,,,,,,,,,,,,,,,,,,,,,,,,,,,,,,,,,,,,,,,,
MGCBB:I3,(                ),A,17.1,16.8,16.5,16.3,16.1,16.2,16.6,18.4,18.3,17.0,17.5,17.2,17.4,17.3,16.6,16.1,16.3,16.0,14.7,14.8,15.0,14.5,15.3,14.9,16.5,16.5,19.1,15.4,14.8,12.9,12.4,12.4,12.1,14.8,14.0,13.7,15.4,14.6,16.4,15.3,14.4,13.3,14.4,16.2,15.6,17.8,21.7,19.8,20.0,20.2,19.0,23.8,28.0,28.5,41.0,42.5,45.5,50.2,51.6,53.5,53.5,63.9,62.2,69.8,68.9,84.5,85.5,83.8,87.2,86.0,83.1,87.4,87.8,86.7,89.4,89.0,86.6,87.9,85.8,87.0,88.5,89.5,87.5,85.0,86.3,86.8,84.8,85.0,83.5,84.5,85.7,86.1,80.6,82.9,82.7,80.9,79.2,81.3,77.4,83.2,84.7,83.9,,,,,,,,,,,,,,,,,,,,,,,,,,,,,,,,,,,,,,,,,,
MGCBB:KW,(                ),kW,638.8,630.9,618.1,605.2,607.0,607.9,641.8,712.5,724.0,648.9,657.6,644.2,661.5,665.5,615.9,631.7,606.5,601.3,525.9,538.9,549.4,509.9,530.4,536.0,631.3,616.9,720.1,573.2,556.8,481.5,445.1,448.2,435.6,554.7,523.6,493.3,567.5,544.7,624.5,584.7,543.5,499.8,514.2,600.5,577.9,665.2,826.0,755.1,770.1,773.4,740.1,946.6,1060.4,1073.3,1570.8,1623.6,1741.6,1889.2,1972.0,2024.8,2075.2,2457.7,2384.8,2661.2,2632.8,3257.0,3286.8,3195.7,3345.9,3300.6,3219.2,3385.3,3425.8,3380.2,3477.8,3468.9,3398.3,3453.6,3315.1,3400.7,3465.2,3511.1,3416.6,3286.8,3347.1,3354.4,3274.4,3258.1,3226.5,3282.1,3302.6,3315.1,3101.9,3206.4,3203.7,3132.5,3080.1,3146.2,2984.3,3230.1,3282.4,3283.9,,,,,,,,,,,,,,,,,,,,,,,,,,,,,,,,,,,,,,,,,,
MGCBB:PF,(                ),,0.95,0.95,0.95,0.96,0.96,0.95,0.96,0.98,0.98,0.97,0.97,0.97,0.96,0.97,0.96,0.97,0.96,0.96,0.95,0.95,0.94,0.93,0.94,0.94,0.96,0.96,0.97,0.96,0.97,0.96,0.95,0.94,0.94,0.96,0.96,0.95,0.97,0.96,0.97,0.97,0.97,0.96,0.96,0.97,0.97,0.97,0.98,0.98,0.98,0.97,0.96,0.98,0.96,0.96,0.97,0.97,0.97,0.96,0.96,0.95,0.96,0.97,0.96,0.97,0.97,0.97,0.96,0.96,0.96,0.97,0.97,0.97,0.97,0.97,0.96,0.97,0.97,0.96,0.97,0.97,0.97,0.97,0.97,0.96,0.96,0.96,0.96,0.96,0.96,0.96,0.96,0.96,0.96,0.96,0.96,0.96,0.96,0.96,0.96,0.96,0.96,0.97,,,,,,,,,,,,,,,,,,,,,,,,,,,,,,,,,,,,,,,,,,
MGCBB:V12,(                ),kV,23.9,23.9,23.9,23.9,23.9,23.9,23.6,23.6,23.7,23.6,23.7,23.7,23.7,23.7,23.7,23.7,23.7,23.7,23.7,23.7,23.8,23.7,23.7,23.7,23.7,23.8,23.8,23.8,23.7,23.7,23.7,23.7,23.7,23.7,23.7,23.7,23.7,23.7,23.7,23.6,23.6,23.6,23.5,23.5,23.5,23.5,23.4,23.6,23.5,23.7,23.7,23.5,23.5,23.6,23.5,23.4,23.4,23.4,23.5,23.4,23.4,23.4,23.3,23.2,23.3,23.2,23.3,23.3,23.4,23.4,23.4,23.4,23.5,23.6,23.6,23.6,23.6,23.6,23.4,23.4,23.5,23.5,23.5,23.5,23.5,23.5,23.5,23.5,23.6,23.5,23.6,23.6,23.6,23.6,23.6,23.6,23.7,23.6,23.7,23.6,23.6,23.6,,,,,,,,,,,,,,,,,,,,,,,,,,,,,,,,,,,,,,,,,,
MGCBB:V23,(                ),kV,24.0,24.0,24.0,24.0,24.0,24.0,23.7,23.7,23.8,23.7,23.7,23.7,23.7,23.7,23.7,23.8,23.8,23.8,23.8,23.8,23.8,23.8,23.8,23.8,23.8,23.8,23.8,23.8,23.8,23.7,23.8,23.8,23.8,23.8,23.8,23.8,23.7,23.7,23.7,23.7,23.7,23.6,23.6,23.5,23.6,23.5,23.5,23.7,23.6,23.8,23.7,23.6,23.6,23.7,23.6,23.5,23.5,23.4,23.5,23.5,23.5,23.4,23.4,23.4,23.4,23.3,23.4,23.4,23.5,23.5,23.5,23.5,23.6,23.7,23.7,23.7,23.6,23.6,23.4,23.5,23.6,23.6,23.6,23.6,23.6,23.6,23.6,23.6,23.6,23.6,23.6,23.7,23.7,23.7,23.7,23.7,23.8,23.7,23.7,23.7,23.7,23.7,,,,,,,,,,,,,,,,,,,,,,,,,,,,,,,,,,,,,,,,,,
MGCBB:V31,(                ),kV,23.9,23.9,23.9,23.9,23.9,23.9,23.6,23.6,23.7,23.7,23.7,23.7,23.7,23.7,23.7,23.8,23.7,23.7,23.8,23.8,23.8,23.8,23.8,23.8,23.8,23.8,23.8,23.8,23.8,23.7,23.7,23.7,23.8,23.7,23.7,23.7,23.7,23.7,23.7,23.6,23.6,23.6,23.5,23.5,23.6,23.5,23.5,23.6,23.6,23.7,23.7,23.5,23.5,23.6,23.5,23.5,23.4,23.4,23.5,23.5,23.5,23.4,23.3,23.3,23.3,23.2,23.4,23.4,23.4,23.4,23.4,23.5,23.6,23.6,23.6,23.6,23.6,23.6,23.4,23.4,23.5,23.5,23.5,23.6,23.5,23.5,23.5,23.5,23.6,23.6,23.6,23.6,23.6,23.6,23.7,23.6,23.7,23.7,23.7,23.7,23.6,23.6,,,,,,,,,,,,,,,,,,,,,,,,,,,,,,,,,,,,,,,,,,
MLB1-1:HZ,(                ),Hz,59,60,59,60,60,60,59,60,60,60,60,60,60,59,59,60,60,59,60,59,59,59,59,59,60,60,59,60,60,59,59,59,59,59,59,59,60,60,59,59,60,59,59,59,60,59,59,59,59,59,59,59,59,60,59,59,60,59,59,60,60,59,59,60,59,60,60,60,60,59,59,59,60,60,60,59,60,60,59,59,59,60,60,60,59,59,60,59,60,60,60,59,59,59,59,59,60,60,59,59,59,60,,,,,,,,,,,,,,,,,,,,,,,,,,,,,,,,,,,,,,,,,,
MLB1-1:IR,(                ),A,524,525,496,460,444,440,458,559,547,438,508,508,501,543,535,492,467,474,446,408,510,445,431,459,574,599,716,515,487,405,358,324,379,459,418,420,536,513,581,527,477,433,447,554,543,649,882,747,674,685,632,816,726,666,991,937,972,1077,1032,1006,1010,1279,1197,1320,1225,1631,1584,1576,1591,1511,1471,1558,1588,1565,1565,1482,1404,1506,1495,1431,1491,1536,1495,1448,1497,1540,1550,1565,1592,1615,1622,1669,1489,1634,1533,1474,1367,1564,1382,1575,1596,1587,,,,,,,,,,,,,,,,,,,,,,,,,,,,,,,,,,,,,,,,,,
MLB1-1:IS,(                ),A,431,429,393,357,446,414,489,599,576,426,437,408,438,476,418,439,413,409,380,377,471,379,414,420,555,554,647,451,450,358,274,314,305,458,396,376,462,424,559,508,455,387,379,525,472,611,817,709,637,712,649,799,678,627,957,871,955,1015,1046,996,1036,1202,1081,1239,1104,1638,1528,1529,1562,1473,1397,1539,1594,1479,1509,1473,1413,1545,1461,1396,1525,1561,1525,1412,1490,1500,1417,1393,1502,1564,1513,1533,1398,1581,1499,1464,1389,1493,1264,1482,1494,1565,,,,,,,,,,,,,,,,,,,,,,,,,,,,,,,,,,,,,,,,,,
MLB1-1:IT,(                ),A,404,415,401,367,391,404,429,558,517,397,444,386,415,442,390,428,451,460,406,363,453,367,410,419,553,552,660,457,441,362,296,289,298,443,398,357,463,460,572,488,426,388,348,481,475,600,830,700,628,696,623,807,720,654,987,888,963,1086,1108,1045,1012,1278,1086,1274,1184,1644,1542,1518,1499,1473,1410,1518,1571,1481,1537,1479,1393,1508,1440,1360,1414,1490,1451,1392,1458,1503,1436,1429,1523,1535,1571,1634,1389,1552,1512,1416,1329,1515,1243,1488,1511,1525,,,,,,,,,,,,,,,,,,,,,,,,,,,,,,,,,,,,,,,,,,
MLB1-1:KW,(                ),kW,280.8,284.1,267.7,249.0,268.1,260.9,285.7,369.6,352.0,259.3,286.9,269.3,277.6,304.6,278.5,283.6,271.3,277.9,252.7,233.3,296.0,241.7,255.2,264.9,359.3,363.5,442.4,303.7,296.3,236.0,189.7,188.1,197.3,291.0,255.3,242.1,315.4,298.0,372.0,329.7,291.4,254.6,245.0,332.3,315.9,399.2,546.9,469.9,416.4,448.0,402.1,519.3,447.0,402.3,630.5,572.6,618.8,663.3,668.2,634.8,634.7,794.3,696.8,799.4,727.5,1023.3,969.8,961.8,967.1,919.8,889.6,963.9,1002.7,952.2,968.5,932.4,880.1,958.1,916.6,870.7,930.5,964.0,937.4,891.9,926.6,949.4,918.0,917.3,971.8,994.5,995.8,1022.6,900.5,1009.2,959.0,916.7,859.6,966.9,811.8,960.0,971.4,989.3,,,,,,,,,,,,,,,,,,,,,,,,,,,,,,,,,,,,,,,,,,
MLB1-1:KWH,(                ),,33638008,33638052,33638100,33638148,33638188,33638236,33638276,33638344,33638400,33638448,33638496,33638536,33638596,33638644,33638696,33638740,33638788,33638832,33638880,33638920,33638968,33639012,33639048,33639096,33639148,33639208,33639272,33639324,33639388,33639436,33639468,33639504,33639536,33639580,33639624,33639668,33639708,33639752,33639812,33639876,33639928,33639976,33640012,33640052,33640112,33640176,33640256,33640344,33640400,33640480,33640556,33640628,33640704,33640780,33640860,33640968,33641076,33641176,33641292,33641388,33641512,33641628,33641760,33641876,33641984,33642156,33642308,33642460,33642624,33642784,33642860,33643084,33643236,33643400,33643548,33643708,33643864,33644024,33644184,33644324,33644464,33644640,33644804,33644952,33645112,33645228,33645420,33645564,33645720,33645864,33646032,33646204,33646368,33646512,33646680,33646836,33646976,33647124,33647284,33647448,33647596,33647744,,,,,,,,,,,,,,,,,,,,,,,,,,,,,,,,,,,,,,,,,,
MLB1-1:PF,(                ),,0.92,0.93,0.93,0.94,0.94,0.93,0.94,0.98,0.97,0.93,0.93,0.93,0.93,0.94,0.94,0.94,0.92,0.92,0.92,0.92,0.93,0.91,0.92,0.92,0.96,0.96,0.98,0.96,0.97,0.95,0.92,0.92,0.90,0.97,0.96,0.95,0.97,0.96,0.98,0.98,0.97,0.96,0.95,0.97,0.96,0.98,0.99,0.99,0.98,0.96,0.96,0.98,0.96,0.94,0.98,0.97,0.98,0.96,0.96,0.95,0.95,0.97,0.96,0.96,0.96,0.97,0.96,0.96,0.96,0.96,0.96,0.96,0.97,0.96,0.96,0.96,0.96,0.96,0.96,0.96,0.96,0.96,0.96,0.96,0.96,0.96,0.96,0.96,0.96,0.97,0.97,0.97,0.96,0.97,0.96,0.96,0.96,0.96,0.95,0.96,0.96,0.96,,,,,,,,,,,,,,,,,,,,,,,,,,,,,,,,,,,,,,,,,,
MLB1-1:VRS,(                ),V,386.5,386.6,386.6,387.0,387.0,387.2,382.6,382.3,382.6,382.7,382.9,383.3,383.4,382.9,383.1,383.6,383.5,383.7,384.1,384.2,384.3,384.0,384.2,384.4,384.5,384.3,384.7,385.1,384.5,384.3,384.3,384.0,384.1,384.3,384.2,384.1,383.3,382.8,383.2,382.8,382.2,381.4,380.4,379.9,381.0,380.1,378.6,382.4,380.4,382.9,382.6,379.9,379.2,380.6,379.5,378.3,377.5,375.8,377.8,377.5,377.4,375.7,374.3,373.7,374.2,372.1,373.9,373.9,374.2,375.0,375.3,375.7,377.7,378.2,378.2,378.7,377.9,378.0,374.7,375.4,377.5,376.7,377.1,378.1,377.1,376.9,376.9,376.8,377.3,377.3,377.7,377.7,377.9,378.1,379.2,378.6,380.3,379.0,379.5,378.7,378.0,379.2,,,,,,,,,,,,,,,,,,,,,,,,,,,,,,,,,,,,,,,,,,
MLB1-1:VST,(                ),V,387.3,387.3,387.2,387.6,387.0,387.7,382.6,382.3,382.5,382.6,383.3,383.9,383.6,383.1,383.6,383.7,383.7,383.8,384.2,384.2,384.5,384.4,384.1,384.6,384.4,384.4,385.0,385.3,384.5,384.2,384.4,383.9,384.4,384.4,384.3,384.3,383.6,383.2,383.2,382.9,382.3,381.6,380.8,380.0,381.4,380.4,379.4,383.0,381.1,383.7,382.8,380.3,380.1,381.3,380.2,379.0,378.4,376.8,378.5,378.3,377.8,376.8,375.4,374.9,375.3,372.9,375.0,374.9,375.2,376.1,376.3,376.7,378.6,379.4,379.3,379.7,378.7,378.6,375.7,376.1,378.1,377.6,377.9,379.0,377.9,378.0,378.4,378.6,378.6,378.5,379.1,379.3,379.3,379.3,380.5,379.5,381.1,380.3,380.9,380.1,379.6,379.9,,,,,,,,,,,,,,,,,,,,,,,,,,,,,,,,,,,,,,,,,,
MLB1-1:VTR,(                ),V,387.7,387.5,387.6,387.8,387.5,387.9,383.1,382.9,383.3,383.3,383.6,384.4,384.4,383.9,384.3,384.5,384.2,384.1,384.5,384.8,385.3,384.9,384.7,385.2,385.1,385.0,385.6,385.9,385.2,384.7,385.1,384.5,384.9,384.9,384.7,384.6,384.2,383.8,383.4,383.5,383.0,382.1,381.5,380.6,381.9,380.7,379.5,383.2,381.6,383.7,383.2,380.6,380.3,381.4,380.4,379.3,378.6,376.7,378.4,378.2,378.4,376.8,375.9,375.1,375.6,373.1,375.2,375.4,375.8,376.3,376.4,376.9,378.8,379.7,379.2,379.6,378.8,379.0,376.0,376.6,378.6,378.2,378.4,379.2,378.3,378.2,378.5,378.8,378.9,378.7,379.0,379.1,379.7,379.5,380.4,379.9,381.3,380.3,381.2,380.2,379.6,380.2,,,,,,,,,,,,,,,,,,,,,,,,,,,,,,,,,,,,,,,,,,
MLB2-1:HZ,(                ),Hz,59,60,59,60,60,60,59,60,60,60,60,60,60,59,59,60,60,59,60,59,59,59,59,59,60,60,59,60,60,59,59,59,59,59,59,59,60,60,59,59,60,59,59,59,60,59,59,59,59,59,59,59,59,60,59,59,59,59,59,60,60,59,59,60,59,60,60,60,60,59,59,59,59,60,60,59,60,60,59,59,59,60,60,60,59,59,60,59,60,60,60,59,59,59,59,59,60,60,59,59,59,60,,,,,,,,,,,,,,,,,,,,,,,,,,,,,,,,,,,,,,,,,,
MLB2-1:IR,(                ),A,100,94,111,110,117,113,110,110,114,114,114,117,109,120,112,115,108,105,118,109,109,123,117,109,100,99,110,97,97,99,101,102,100,94,101,98,100,101,99,104,98,100,107,96,97,98,96,104,99,100,113,104,106,114,261,292,311,433,481,485,498,605,621,734,791,969,997,957,1060,1089,1076,1075,1104,1139,1187,1206,1163,1141,1075,1231,1146,1106,1119,1029,1057,1085,1001,1061,1027,1047,994,1114,1012,1014,1090,1057,1009,944,961,1099,1104,1052,,,,,,,,,,,,,,,,,,,,,,,,,,,,,,,,,,,,,,,,,,
MLB2-1:IS,(                ),A,72,65,65,68,71,74,67,70,71,71,73,68,68,75,68,63,74,66,77,62,64,69,70,66,66,65,68,69,64,65,66,67,71,64,69,64,64,67,64,72,64,70,69,59,67,63,69,65,64,62,71,75,71,76,210,247,263,391,442,433,442,527,587,662,735,885,911,861,963,995,958,1020,1087,1104,1142,1127,1113,1086,998,1136,1079,1048,1065,968,900,956,898,965,929,953,915,989,914,953,979,946,916,874,904,1001,1034,1010,,,,,,,,,,,,,,,,,,,,,,,,,,,,,,,,,,,,,,,,,,
MLB2-1:IT,(                ),A,102,97,93,96,98,101,94,95,101,101,99,97,97,118,96,101,91,95,107,98,100,99,98,90,94,94,93,94,91,92,96,95,88,91,95,108,92,96,94,96,94,97,106,97,102,99,101,91,93,95,101,97,97,103,237,276,299,444,476,470,469,551,582,681,756,917,965,915,1001,1025,1012,1015,1036,1082,1102,1096,1078,1054,980,1125,1068,1034,1041,968,970,996,960,994,937,997,961,1038,962,985,1022,989,961,923,924,1047,1076,1032,,,,,,,,,,,,,,,,,,,,,,,,,,,,,,,,,,,,,,,,,,
MLB2-1:KW,(                ),kW,54.3,48.9,52.6,52.8,57.8,58.1,52.7,53.1,56.7,56.7,55.5,54.8,52.9,64.1,54.6,54.8,52.4,50.3,60.4,51.6,52.0,59.3,57.2,52.6,50.1,49.7,53.5,50.6,47.0,48.5,50.4,50.8,48.6,47.4,51.6,52.0,48.5,51.2,49.4,54.1,48.4,51.3,54.7,45.7,50.1,50.0,51.3,51.8,49.9,50.7,57.1,55.7,55.6,61.8,150.7,172.7,185.0,265.4,297.1,294.8,297.2,354.9,377.5,436.2,479.1,572.9,588.4,556.4,623.7,642.1,628.5,644.2,675.0,698.0,720.2,720.8,701.7,684.8,630.0,725.1,687.9,663.2,671.7,614.0,602.8,625.2,585.9,621.1,595.0,618.8,589.4,649.7,592.9,607.8,642.0,616.4,595.9,561.7,573.5,652.9,669.3,643.5,,,,,,,,,,,,,,,,,,,,,,,,,,,,,,,,,,,,,,,,,,
MLB2-1:KWH,(                ),,17007364,17007372,17007380,17007390,17007398,17007408,17007416,17007426,17007436,17007444,17007454,17007462,17007472,17007482,17007492,17007500,17007510,17007518,17007528,17007536,17007546,17007556,17007564,17007572,17007582,17007590,17007598,17007606,17007616,17007624,17007632,17007640,17007648,17007656,17007664,17007674,17007682,17007690,17007698,17007706,17007716,17007722,17007732,17007740,17007748,17007756,17007764,17007774,17007780,17007788,17007798,17007808,17007816,17007826,17007840,17007870,17007900,17007936,17007980,17008026,17008084,17008136,17008200,17008260,17008328,17008440,17008530,17008622,17008728,17008836,17008890,17009056,17009158,17009278,17009388,17009502,17009622,17009740,17009850,17009952,17010056,17010184,17010300,17010398,17010506,17010586,17010710,17010808,17010918,17011014,17011120,17011224,17011328,17011424,17011534,17011642,17011732,17011832,17011932,17012036,17012138,17012238,,,,,,,,,,,,,,,,,,,,,,,,,,,,,,,,,,,,,,,,,,
MLB2-1:PF,(                ),, -0.89, -0.85, -0.87, -0.86, -0.90, -0.90, -0.88, -0.87, -0.89, -0.89, -0.88, -0.87, -0.87, -0.92, -0.89, -0.88, -0.86, -0.85, -0.90, -0.86, -0.86, -0.91, -0.90, -0.89, -0.86, -0.87, -0.89, -0.87, -0.84, -0.85, -0.86, -0.86, -0.84, -0.85, -0.88, -0.86, -0.85, -0.87, -0.87, -0.90, -0.85, -0.87, -0.88, -0.82, -0.85, -0.87, -0.88, -0.90, -0.88, -0.89, -0.90, -0.92, -0.92, -0.95,0.97,0.96,0.97,0.96,0.97,0.97,0.96,0.97,0.97,0.97,0.97,0.96,0.94,0.94,0.95,0.95,0.95,0.95,0.95,0.96,0.96,0.96,0.95,0.95,0.95,0.96,0.95,0.95,0.95,0.94,0.94,0.94,0.94,0.94,0.94,0.94,0.94,0.94,0.94,0.94,0.94,0.94,0.94,0.93,0.93,0.94,0.95,0.95,,,,,,,,,,,,,,,,,,,,,,,,,,,,,,,,,,,,,,,,,,
MLB2-1:VRS,(                ),V,388.5,388.6,388.4,388.4,388.3,388.8,384.0,383.7,384.3,384.2,384.7,385.3,385.4,384.7,385.0,385.4,385.4,385.5,385.7,385.6,386.3,385.7,385.8,386.4,386.3,386.1,386.4,386.8,385.9,385.5,385.6,385.2,385.6,385.9,385.4,385.5,384.7,384.3,384.6,384.1,383.7,382.9,381.8,381.5,382.8,381.8,380.7,384.3,382.5,385.0,384.5,382.2,381.8,383.1,381.4,380.1,379.5,378.1,379.7,379.5,379.3,377.6,376.3,375.7,376.0,373.8,375.2,375.4,375.6,375.8,376.3,376.9,379.0,379.4,379.2,379.5,378.7,378.8,375.7,375.8,378.3,377.9,378.1,379.1,377.9,377.8,378.3,378.0,378.6,378.5,378.8,378.7,378.8,379.4,380.2,379.1,380.8,380.2,380.3,379.6,378.9,380.2,,,,,,,,,,,,,,,,,,,,,,,,,,,,,,,,,,,,,,,,,,
MLB2-1:VST,(                ),V,389.1,389.1,388.9,388.9,388.6,389.3,384.4,384.0,384.5,384.5,384.9,385.5,385.6,384.9,385.2,385.5,385.5,385.5,385.7,385.7,386.5,385.9,385.8,386.5,386.2,386.1,386.5,386.9,385.9,385.4,385.6,385.2,385.7,385.8,385.5,385.8,384.9,384.6,384.7,384.2,383.8,383.0,382.2,381.6,383.0,382.1,381.2,384.8,382.9,385.9,385.0,382.5,382.5,383.7,382.0,380.6,380.1,378.6,380.4,380.3,379.9,378.4,377.2,376.7,376.8,374.7,376.4,376.6,376.8,376.9,377.5,378.0,379.8,380.4,380.2,380.6,379.6,379.6,376.7,377.0,379.3,378.9,379.1,380.0,379.3,379.2,379.5,379.4,379.7,379.6,380.1,380.2,380.2,380.4,381.7,380.3,382.0,381.5,381.7,381.0,380.4,380.9,,,,,,,,,,,,,,,,,,,,,,,,,,,,,,,,,,,,,,,,,,
MLB2-1:VTR,(                ),V,389.1,389.0,389.0,389.1,388.8,389.3,384.5,384.3,384.9,384.8,385.2,385.8,385.9,385.3,385.7,386.0,386.0,386.0,386.1,386.2,386.9,386.4,386.4,387.0,386.8,386.6,387.1,387.3,386.4,385.9,386.2,385.7,386.3,386.3,386.0,385.8,385.4,385.1,384.8,384.8,384.2,383.5,382.6,381.9,383.4,382.2,381.3,385.0,383.4,385.9,385.3,382.7,382.8,384.0,382.3,380.9,380.4,378.8,380.6,380.5,380.3,378.9,377.6,377.0,377.2,375.1,376.6,376.8,376.9,377.2,377.5,378.2,380.3,380.7,380.5,380.9,379.9,380.2,377.2,377.4,379.7,379.2,379.5,380.1,379.3,379.4,379.7,379.6,380.1,379.8,380.2,380.3,380.2,380.4,381.5,380.4,381.9,381.5,381.6,381.0,380.4,381.1,,,,,,,,,,,,,,,,,,,,,,,,,,,,,,,,,,,,,,,,,,
MLB3-1:HZ,(                ),Hz,60,60,59,60,60,60,59,60,60,60,60,60,60,59,59,60,60,59,60,59,59,59,59,59,60,60,59,60,60,59,59,59,59,59,59,59,60,59,59,59,60,59,59,59,60,59,59,59,59,59,59,59,59,60,59,59,60,59,59,60,60,59,59,60,59,60,60,60,60,59,59,59,59,60,60,59,60,60,59,59,59,60,60,60,59,59,59,59,60,59,60,59,59,59,59,59,60,60,59,59,59,60,,,,,,,,,,,,,,,,,,,,,,,,,,,,,,,,,,,,,,,,,,
MLB3-1:IR,(                ),A,234,214,251,239,205,232,240,225,273,300,253,257,267,186,204,194,219,186,131,184,124,174,165,156,136,133,171,145,141,98,132,167,131,161,162,147,132,137,130,130,138,115,161,125,121,126,150,150,170,203,172,197,286,314,490,568,655,716,777,849,912,1125,1068,1158,1109,1270,1322,1247,1283,1292,1274,1367,1294,1295,1402,1430,1426,1431,1422,1381,1467,1518,1384,1357,1414,1384,1384,1388,1316,1294,1388,1277,1280,1256,1195,1264,1233,1271,1219,1233,1272,1251,,,,,,,,,,,,,,,,,,,,,,,,,,,,,,,,,,,,,,,,,,
MLB3-1:IS,(                ),A,222,234,237,226,199,198,217,208,253,268,252,260,269,184,203,266,207,180,128,179,123,146,119,132,173,126,130,135,151,139,128,136,137,137,154,113,146,122,135,142,134,145,134,133,135,122,135,148,202,192,198,198,238,276,419,526,604,694,726,780,943,1040,1049,1085,1122,1272,1263,1186,1199,1237,1270,1276,1230,1236,1404,1342,1379,1343,1330,1397,1344,1497,1364,1301,1426,1312,1381,1294,1336,1271,1341,1250,1175,1197,1165,1206,1149,1208,1136,1143,1179,1233,,,,,,,,,,,,,,,,,,,,,,,,,,,,,,,,,,,,,,,,,,
MLB3-1:IT,(                ),A,256,248,245,222,230,231,250,225,254,300,275,292,292,199,232,205,204,220,158,226,170,152,157,162,165,130,140,160,166,152,151,155,135,159,150,166,151,150,141,142,164,150,145,151,161,162,152,181,238,196,194,169,268,343,501,586,655,790,776,881,963,1088,1088,1133,1146,1261,1276,1265,1272,1264,1208,1314,1284,1235,1346,1334,1373,1372,1349,1362,1401,1478,1380,1339,1372,1316,1352,1336,1251,1247,1331,1236,1225,1208,1166,1253,1178,1239,1191,1146,1185,1222,,,,,,,,,,,,,,,,,,,,,,,,,,,,,,,,,,,,,,,,,,
MLB3-1:KW,(                ),kW,152.8,149.5,157.6,147.3,136.4,142.3,150.8,139.1,169.1,187.7,168.1,174.6,178.9,121.8,136.7,142.6,136.0,125.5,85.7,125.6,87.5,97.8,91.5,92.3,98.6,81.5,91.7,92.4,95.4,81.2,86.1,95.8,84.0,94.4,97.9,86.3,88.7,85.5,85.5,85.7,91.1,85.2,90.3,85.0,88.0,84.6,91.2,99.7,128.9,127.0,119.7,119.7,166.3,194.6,295.6,355.0,399.5,459.9,478.8,527.1,592.6,689.3,674.8,710.0,708.3,794.8,813.0,775.8,787.3,796.2,788.9,826.5,807.7,798.4,883.5,872.8,888.0,879.5,862.8,873.2,893.6,956.5,875.3,846.5,893.2,848.9,873.2,851.1,826.9,805.6,862.7,796.4,778.5,771.9,745.2,788.3,754.5,788.2,749.5,744.8,769.0,785.7,,,,,,,,,,,,,,,,,,,,,,,,,,,,,,,,,,,,,,,,,,
MLB3-1:KWH,(                ),,28286512,28286534,28286560,28286586,28286606,28286630,28286652,28286678,28286702,28286732,28286762,28286784,28286818,28286844,28286866,28286886,28286910,28286934,28286948,28286962,28286978,28286994,28287010,28287024,28287040,28287056,28287070,28287082,28287102,28287116,28287128,28287144,28287160,28287174,28287190,28287204,28287220,28287234,28287250,28287266,28287280,28287292,28287308,28287320,28287338,28287352,28287366,28287384,28287398,28287418,28287442,28287460,28287484,28287514,28287552,28287610,28287668,28287734,28287818,28287894,28287996,28288098,28288216,28288322,28288426,28288584,28288708,28288832,28288974,28289110,28289176,28289386,28289514,28289656,28289788,28289930,28290086,28290238,28290392,28290530,28290664,28290838,28290992,28291130,28291286,28291398,28291562,28291710,28291854,28291986,28292134,28292266,28292404,28292524,28292654,28292784,28292898,28293030,28293164,28293288,28293408,28293520,,,,,,,,,,,,,,,,,,,,,,,,,,,,,,,,,,,,,,,,,,
MLB3-1:PF,(                ),,0.96,0.96,0.96,0.96,0.96,0.96,0.96,0.96,0.98,0.98,0.97,0.97,0.97,0.96,0.96,0.97,0.97,0.96,0.93,0.96,0.94,0.93,0.93,0.92,0.93,0.94,0.93,0.94,0.94,0.94,0.94,0.94,0.94,0.93,0.94,0.91,0.93,0.94,0.95,0.93,0.95,0.94,0.93,0.94,0.95,0.94,0.95,0.94,0.96,0.97,0.96,0.96,0.95,0.94,0.95,0.96,0.96,0.96,0.96,0.96,0.96,0.97,0.97,0.97,0.97,0.97,0.97,0.97,0.97,0.97,0.97,0.97,0.97,0.97,0.97,0.97,0.97,0.97,0.97,0.97,0.97,0.97,0.97,0.97,0.97,0.97,0.97,0.97,0.97,0.97,0.97,0.97,0.96,0.96,0.96,0.97,0.96,0.96,0.96,0.96,0.96,0.96,,,,,,,,,,,,,,,,,,,,,,,,,,,,,,,,,,,,,,,,,,
MLB3-1:VRS,(                ),V,387.7,387.9,387.7,387.7,387.8,388.1,383.4,383.1,383.6,383.5,384.1,384.6,384.8,384.3,384.6,384.7,385.0,385.0,385.2,385.1,385.7,385.1,385.2,385.8,385.8,385.7,385.8,386.3,385.3,385.2,385.1,384.7,384.9,385.3,384.9,385.0,384.4,383.9,384.1,383.8,383.2,382.5,381.2,381.0,382.4,381.4,380.1,383.9,382.0,384.4,384.1,381.6,380.8,381.9,380.5,379.2,378.0,377.1,378.6,378.2,378.0,376.3,375.0,374.6,375.1,373.4,375.2,375.2,375.3,375.6,376.3,376.8,379.2,379.3,379.1,379.1,378.4,378.5,375.2,376.0,377.6,377.5,377.8,378.6,377.8,377.8,377.9,377.8,378.6,378.4,378.6,379.1,378.7,379.3,380.4,379.3,380.8,380.0,380.2,379.8,378.8,380.2,,,,,,,,,,,,,,,,,,,,,,,,,,,,,,,,,,,,,,,,,,
MLB3-1:VST,(                ),V,388.4,388.3,388.2,388.2,388.1,388.7,383.8,383.4,383.8,383.8,384.2,384.8,384.9,384.4,384.8,384.4,385.0,384.9,385.2,385.0,385.7,385.4,385.3,386.0,385.5,385.7,386.0,386.4,385.1,384.9,385.0,384.8,385.0,385.3,384.9,385.3,384.5,384.1,384.1,383.8,383.3,382.6,381.6,381.0,382.6,381.6,380.6,384.4,382.3,385.3,384.4,381.9,381.6,382.5,381.4,379.9,378.9,377.8,379.5,379.1,378.5,377.3,376.0,375.7,375.7,374.0,376.1,376.3,376.6,376.6,377.1,377.9,380.2,380.4,380.0,380.3,379.4,379.5,376.3,376.6,379.0,378.4,378.6,379.6,378.6,378.9,379.1,379.2,379.3,379.4,379.6,380.1,380.1,380.4,381.5,380.4,382.1,381.2,381.6,381.1,380.5,380.8,,,,,,,,,,,,,,,,,,,,,,,,,,,,,,,,,,,,,,,,,,
MLB3-1:VTR,(                ),V,388.1,388.0,388.1,388.1,388.1,388.5,383.6,383.3,384.1,383.8,384.2,384.7,384.9,384.7,384.9,385.0,385.4,385.1,385.3,385.1,386.0,385.7,385.7,386.2,386.0,386.1,386.4,386.6,385.6,385.2,385.5,385.0,385.4,385.4,385.2,385.0,384.7,384.4,384.2,384.1,383.4,382.8,381.8,381.2,382.7,381.4,380.7,384.2,382.4,385.1,384.6,382.1,381.7,382.4,381.1,380.0,378.9,377.5,379.5,378.8,378.7,377.3,376.0,375.6,375.9,374.2,376.3,376.3,376.3,376.7,377.3,377.5,380.0,380.5,380.1,380.3,379.3,379.6,376.3,376.9,378.8,378.5,378.7,379.4,378.8,378.9,379.3,379.1,379.8,379.5,379.7,380.2,380.0,380.2,381.4,380.2,381.8,381.1,381.2,381.1,380.4,380.9,,,,,,,,,,,,,,,,,,,,,,,,,,,,,,,,,,,,,,,,,,
MLB4-1:HZ,(                ),Hz,59,60,59,60,60,60,59,60,60,60,60,60,60,59,59,60,60,59,60,59,59,59,59,59,60,60,59,60,60,59,59,59,59,59,59,59,60,59,59,59,60,59,59,59,60,59,59,59,59,59,59,59,59,60,59,59,59,59,59,60,60,59,59,60,59,60,60,60,60,59,59,59,59,60,60,59,60,60,59,59,59,60,60,60,59,59,59,59,60,60,60,59,59,59,59,59,60,60,59,59,59,60,,,,,,,,,,,,,,,,,,,,,,,,,,,,,,,,,,,,,,,,,,
MLB4-1:IR,(                ),A,181,181,160,170,190,186,183,173,177,167,177,169,182,171,164,163,173,169,152,159,152,146,165,168,159,154,163,155,155,153,158,138,140,146,153,144,144,142,150,136,151,141,157,173,166,167,156,150,209,176,186,318,526,561,696,727,768,659,724,738,744,843,880,959,985,1211,1233,1232,1328,1265,1243,1318,1230,1267,1250,1214,1245,1185,1202,1257,1309,1212,1236,1246,1243,1229,1234,1161,1152,1136,1204,1134,1154,1135,1147,1131,1166,1145,1110,1166,1189,1190,,,,,,,,,,,,,,,,,,,,,,,,,,,,,,,,,,,,,,,,,,
MLB4-1:IS,(                ),A,198,183,169,170,167,177,184,163,174,172,161,163,178,190,170,185,169,165,132,120,126,98,110,131,122,128,122,138,121,131,128,116,117,136,126,117,103,138,126,119,128,136,105,124,130,128,147,124,209,147,184,325,551,587,676,695,719,670,702,702,735,835,858,938,938,1129,1152,1177,1243,1200,1240,1190,1173,1188,1174,1181,1259,1191,1166,1247,1261,1190,1174,1179,1186,1165,1149,1088,1047,1039,1066,1007,1050,1056,1021,1010,1095,1021,1025,1139,1086,1112,,,,,,,,,,,,,,,,,,,,,,,,,,,,,,,,,,,,,,,,,,
MLB4-1:IT,(                ),A,215,203,187,236,201,184,188,192,216,192,201,191,209,190,199,194,193,183,170,168,167,146,149,167,150,162,171,157,140,135,153,162,139,156,151,136,159,138,144,153,146,149,177,198,182,184,197,195,232,207,186,351,547,603,720,741,777,723,763,803,783,828,853,1052,1037,1187,1263,1257,1376,1315,1281,1284,1272,1286,1276,1274,1317,1264,1241,1321,1347,1298,1286,1307,1269,1262,1218,1178,1178,1146,1148,1138,1179,1149,1161,1145,1183,1156,1146,1200,1189,1214,,,,,,,,,,,,,,,,,,,,,,,,,,,,,,,,,,,,,,,,,,
MLB4-1:KW,(                ),kW,121.8,115.8,106.2,118.5,113.8,112.0,116.5,110.7,118.8,111.3,112.7,109.9,119.0,115.3,112.2,114.5,113.5,108.3,95.3,93.8,88.2,78.1,85.1,93.3,86.4,90.9,93.7,89.1,82.7,83.7,88.6,83.0,78.4,88.0,85.0,78.9,81.3,83.0,82.9,81.0,85.3,84.8,88.1,100.4,95.4,97.2,100.7,93.4,137.5,109.9,117.6,212.2,335.9,366.3,441.9,453.2,473.3,422.2,453.7,467.5,471.7,522.4,541.3,621.1,624.0,744.8,775.7,785.6,840.8,805.4,802.9,810.1,789.8,804.8,794.7,789.1,820.7,784.9,767.7,817.1,840.6,792.9,790.7,800.4,791.9,784.3,772.2,734.0,724.5,712.3,733.4,703.0,725.6,717.2,716.9,705.0,742.8,715.6,704.9,753.0,743.0,755.7,,,,,,,,,,,,,,,,,,,,,,,,,,,,,,,,,,,,,,,,,,
MLB4-1:KWH,(                ),,22869266,22869284,22869304,22869324,22869342,22869362,22869378,22869400,22869418,22869436,22869456,22869470,22869492,22869512,22869530,22869548,22869568,22869586,22869602,22869618,22869634,22869648,22869662,22869676,22869692,22869708,22869722,22869734,22869752,22869766,22869780,22869794,22869808,22869820,22869834,22869848,22869862,22869876,22869890,22869904,22869918,22869930,22869946,22869960,22869978,22869994,22870010,22870026,22870040,22870064,22870084,22870112,22870146,22870210,22870278,22870352,22870432,22870504,22870580,22870648,22870740,22870820,22870914,22871002,22871096,22871236,22871354,22871478,22871618,22871756,22871820,22872022,22872144,22872282,22872406,22872536,22872674,22872814,22872952,22873074,22873192,22873350,22873494,22873620,22873758,22873862,22874010,22874140,22874264,22874380,22874502,22874620,22874744,22874858,22874982,22875102,22875210,22875334,22875456,22875584,22875700,22875812,,,,,,,,,,,,,,,,,,,,,,,,,,,,,,,,,,,,,,,,,,
MLB4-1:PF,(                ),,0.92,0.91,0.92,0.92,0.91,0.92,0.95,0.95,0.95,0.95,0.94,0.95,0.94,0.94,0.95,0.95,0.96,0.94,0.94,0.94,0.89,0.90,0.90,0.90,0.90,0.92,0.92,0.89,0.90,0.90,0.91,0.90,0.89,0.91,0.89,0.89,0.90,0.90,0.89,0.90,0.91,0.90,0.91,0.92,0.90,0.92,0.92,0.90,0.96,0.94,0.95,0.97,0.94,0.95,0.96,0.96,0.96,0.94,0.95,0.95,0.95,0.96,0.96,0.97,0.97,0.98,0.98,0.98,0.98,0.98,0.98,0.98,0.98,0.98,0.98,0.98,0.98,0.98,0.98,0.98,0.98,0.98,0.98,0.98,0.98,0.98,0.98,0.98,0.98,0.98,0.98,0.98,0.98,0.98,0.98,0.98,0.98,0.98,0.98,0.98,0.98,0.98,,,,,,,,,,,,,,,,,,,,,,,,,,,,,,,,,,,,,,,,,,
MLB4-1:VRS,(                ),V,386.8,387.3,387.1,387.1,387.1,387.4,382.9,382.5,383.4,383.2,383.6,384.2,383.9,383.8,384.1,384.1,384.4,384.3,384.6,384.7,385.1,384.7,384.7,385.3,385.1,385.0,385.4,385.5,384.8,384.4,384.6,384.2,384.3,384.8,384.2,384.5,383.8,383.4,383.6,383.2,382.6,381.9,380.8,380.2,381.6,380.9,379.8,383.3,381.5,383.9,383.5,380.9,380.0,380.9,379.8,378.5,377.4,376.9,378.5,378.2,378.2,376.7,375.5,374.9,375.3,373.4,375.3,375.5,375.5,375.8,376.6,376.8,379.4,379.6,379.5,379.8,379.1,379.3,376.0,376.7,378.3,378.5,378.2,379.2,378.2,378.4,378.4,378.6,379.2,379.2,379.3,379.6,379.2,379.8,380.7,379.9,381.2,380.6,380.8,380.3,379.3,380.4,,,,,,,,,,,,,,,,,,,,,,,,,,,,,,,,,,,,,,,,,,
MLB4-1:VST,(                ),V,387.2,387.6,387.3,387.4,387.2,387.7,383.1,382.7,383.5,383.2,383.7,384.4,384.0,383.7,384.2,383.9,384.3,384.2,384.5,384.7,385.1,384.8,384.7,385.4,385.0,385.0,385.4,385.4,384.7,384.2,384.5,384.1,384.4,384.6,384.2,384.6,383.9,383.4,383.5,383.2,382.6,381.8,381.1,380.3,381.8,381.1,380.2,383.7,381.7,384.8,383.7,381.1,380.5,381.6,380.4,379.0,378.4,377.5,379.2,379.1,378.8,377.4,376.2,375.9,376.2,374.6,376.8,376.5,376.9,377.0,377.5,378.3,380.6,380.8,380.8,380.9,379.9,380.1,377.0,377.5,379.4,379.5,379.5,380.3,379.5,379.8,380.0,380.1,380.6,380.5,380.7,381.2,380.9,381.0,382.4,381.3,382.4,382.2,382.2,381.5,380.9,381.5,,,,,,,,,,,,,,,,,,,,,,,,,,,,,,,,,,,,,,,,,,
MLB4-1:VTR,(                ),V,387.1,387.4,387.3,387.1,387.2,387.6,383.1,382.7,383.5,383.4,383.7,384.3,384.1,384.0,384.3,384.2,384.5,384.5,384.7,384.9,385.4,385.0,385.1,385.7,385.4,385.4,385.7,385.8,385.1,384.7,384.9,384.3,384.7,384.8,384.5,384.6,384.0,383.9,383.6,383.5,382.9,382.2,381.2,380.3,381.9,380.9,380.1,383.6,382.0,384.5,383.9,381.1,380.7,381.7,380.3,379.0,378.4,377.3,379.0,378.7,378.9,377.8,376.5,375.5,376.0,374.7,376.4,376.5,376.3,376.8,377.2,377.8,380.2,380.6,380.2,380.5,379.5,380.0,376.7,377.3,379.2,379.1,379.2,379.8,379.1,379.4,379.9,379.8,380.1,380.3,380.5,380.7,380.3,380.7,381.8,380.9,382.0,381.7,381.6,381.2,380.7,381.3,,,,,,,,,,,,,,,,,,,,,,,,,,,,,,,,,,,,,,,,,,
ACMP-1:HZ,(                ),Hz,59,60,59,60,60,60,59,60,60,60,60,60,60,59,59,60,60,59,60,59,59,59,59,59,60,60,59,60,60,59,59,59,59,59,59,59,60,59,59,59,60,59,59,59,60,59,59,59,59,59,59,59,59,59,59,60,59,59,59,60,60,59,59,60,59,60,60,60,60,59,60,59,59,60,60,59,60,59,59,59,59,60,60,60,59,59,59,59,60,60,59,59,59,59,59,59,60,60,59,59,59,60,,,,,,,,,,,,,,,,,,,,,,,,,,,,,,,,,,,,,,,,,,
ACMP-1:IR,(                ),A,7.7,7.0,6.9,7.8,7.7,6.9,6.9,7.7,7.7,7.7,6.9,6.9,7.7,7.8,7.0,7.0,7.7,7.7,6.8,7.0,7.9,7.9,7.7,6.9,7.0,7.9,7.8,7.0,7.0,7.9,7.9,7.1,7.2,7.7,8.0,7.9,7.1,7.2,7.7,8.0,7.2,7.2,8.1,7.8,8.0,7.2,7.3,8.1,8.0,7.2,7.2,20.4,21.2,629.6,638.0,649.2,1150.4,1160.5,1164.7,1094.1,969.2,1063.3,1141.7,1164.0,1172.2,1176.0,1174.3,1176.1,1174.3,1175.4,1167.1,1166.8,1160.7,1163.5,1161.7,1160.4,1162.7,1161.9,1166.8,1163.8,1152.2,1158.4,1158.4,1151.6,1157.4,1158.6,1161.3,1156.2,1162.9,1159.1,1153.7,1156.6,1157.1,1152.0,1148.5,1154.9,1151.4,1153.0,1150.6,1153.3,1153.1,1160.1,,,,,,,,,,,,,,,,,,,,,,,,,,,,,,,,,,,,,,,,,,
ACMP-1:IS,(                ),A,11,9,9,11,11,9,9,11,11,10,9,10,11,11,10,9,11,11,9,9,11,11,11,9,10,11,11,9,10,11,11,9,10,11,11,11,10,10,11,11,10,9,11,11,11,9,9,11,11,9,9,23,24,618,627,637,1161,1173,1179,1105,980,1074,1151,1175,1185,1189,1182,1183,1181,1183,1179,1179,1172,1171,1173,1171,1175,1172,1174,1171,1167,1168,1169,1167,1164,1168,1166,1162,1169,1167,1165,1161,1163,1162,1159,1164,1160,1160,1158,1160,1159,1169,,,,,,,,,,,,,,,,,,,,,,,,,,,,,,,,,,,,,,,,,,
ACMP-1:IT,(                ),A,8,8,7,8,8,7,8,8,7,7,8,8,7,8,8,7,7,8,8,7,7,8,8,7,8,8,7,7,8,8,7,6,8,8,6,6,8,8,7,8,8,6,6,8,8,6,6,8,8,6,6,19,18,634,640,646,1152,1163,1171,1098,967,1061,1141,1165,1171,1181,1176,1178,1177,1176,1172,1171,1163,1165,1165,1166,1167,1164,1171,1164,1157,1159,1159,1158,1159,1161,1161,1159,1161,1161,1159,1159,1160,1155,1156,1160,1157,1156,1154,1157,1155,1162,,,,,,,,,,,,,,,,,,,,,,,,,,,,,,,,,,,,,,,,,,
ACMP-1:KW,(                ),kW,4.5,3.8,3.1,4.5,4.5,3.2,3.8,4.5,3.8,3.8,3.8,3.9,3.8,4.5,3.9,3.2,3.8,4.5,3.8,3.2,3.9,4.5,4.5,3.2,3.9,4.5,3.8,3.1,3.8,4.5,3.8,3.1,3.9,4.5,3.8,3.8,3.8,3.8,3.8,4.5,3.8,3.1,3.8,4.4,4.4,3.2,3.1,4.5,4.5,3.2,3.2,9.5,9.7,392.5,398.5,401.6,720.6,724.8,730.5,686.0,602.9,661.2,708.2,722.5,729.3,730.2,730.5,731.9,731.5,732.6,729.0,729.8,729.4,732.0,730.8,732.3,730.5,730.4,727.4,724.9,724.2,726.0,725.8,725.6,724.5,726.6,725.7,725.6,728.7,726.8,725.7,726.5,727.1,724.7,726.0,728.2,727.2,726.9,725.5,725.5,724.3,730.4,,,,,,,,,,,,,,,,,,,,,,,,,,,,,,,,,,,,,,,,,,
ACMP-1:KWH,(                ),,12538421,12538421,12538422,12538423,12538423,12538424,12538425,12538425,12538426,12538427,12538427,12538429,12538430,12538430,12538431,12538432,12538432,12538432,12538433,12538433,12538434,12538435,12538435,12538436,12538436,12538437,12538438,12538438,12538439,12538440,12538440,12538441,12538442,12538442,12538443,12538444,12538444,12538445,12538446,12538446,12538447,12538448,12538448,12538449,12538450,12538450,12538451,12538451,12538452,12538453,12538453,12538454,12538456,12538495,12538560,12538628,12538730,12538843,12538967,12539073,12539197,12539294,12539414,12539524,12539632,12539781,12539896,12540011,12540139,12540264,12540324,12540509,12540624,12540751,12540865,12540984,12541110,12541236,12541362,12541474,12541582,12541720,12541846,12541960,12542086,12542179,12542317,12542443,12542570,12542683,12542806,12542926,12543051,12543167,12543291,12543416,12543523,12543649,12543775,12543901,12544013,12544121,,,,,,,,,,,,,,,,,,,,,,,,,,,,,,,,,,,,,,,,,,
ACMP-1:PF,(                ),,0.74,0.68,0.61,0.73,0.73,0.61,0.69,0.73,0.68,0.67,0.69,0.69,0.67,0.74,0.69,0.62,0.67,0.73,0.69,0.61,0.67,0.73,0.74,0.61,0.69,0.73,0.66,0.61,0.68,0.73,0.67,0.60,0.68,0.73,0.67,0.67,0.68,0.68,0.67,0.73,0.69,0.61,0.67,0.74,0.73,0.62,0.62,0.73,0.73,0.61,0.61,0.68,0.68,0.93,0.93,0.93,0.94,0.94,0.94,0.94,0.93,0.94,0.94,0.94,0.94,0.94,0.94,0.94,0.94,0.94,0.94,0.94,0.94,0.94,0.94,0.94,0.94,0.94,0.94,0.94,0.94,0.94,0.94,0.94,0.94,0.94,0.94,0.94,0.94,0.94,0.94,0.94,0.94,0.94,0.94,0.94,0.94,0.94,0.94,0.94,0.94,0.94,,,,,,,,,,,,,,,,,,,,,,,,,,,,,,,,,,,,,,,,,,
ACMP-1:VRS,(                ),V,396.1,396.3,396.3,396.0,396.1,396.6,391.8,391.5,392.2,392.1,392.4,393.1,392.8,392.5,393.0,393.1,393.3,393.2,393.4,393.4,394.2,393.7,393.6,394.4,394.1,394.3,394.4,394.5,393.7,393.2,393.5,393.0,393.3,393.6,393.0,392.9,392.7,392.3,392.1,392.2,391.5,390.8,389.7,388.9,390.7,389.4,388.7,392.3,390.8,393.2,392.6,390.1,390.0,389.7,387.9,386.5,382.7,381.5,384.3,383.7,385.1,383.5,381.5,380.4,381.4,380.1,381.9,380.8,381.9,382.4,383.0,383.7,385.6,385.8,385.5,385.4,385.3,385.7,382.9,381.5,384.6,383.9,384.9,385.8,383.7,385.4,385.3,386.0,385.2,385.7,386.2,385.1,385.3,385.7,387.6,386.8,387.7,385.8,387.1,386.7,385.2,386.3,,,,,,,,,,,,,,,,,,,,,,,,,,,,,,,,,,,,,,,,,,
ACMP-1:VST,(                ),V,395.4,395.8,396.1,395.6,395.3,396.3,391.4,391.4,391.3,391.8,391.8,392.0,392.7,391.7,392.0,392.5,392.9,393.0,392.9,393.1,393.0,392.9,392.7,394.2,393.4,394.0,393.5,393.8,393.1,392.8,393.4,392.8,392.8,393.6,392.4,392.3,392.1,391.2,391.6,391.6,390.7,390.1,389.3,388.4,390.0,388.6,387.7,391.7,389.8,392.4,392.0,388.9,388.8,388.0,387.8,386.4,384.8,382.9,382.8,384.1,383.2,381.4,379.4,379.7,381.3,380.2,381.3,383.4,383.4,382.5,381.6,382.4,385.2,387.4,385.9,387.7,383.9,385.5,382.4,383.4,384.2,385.4,383.8,385.4,385.0,384.0,383.1,385.2,385.1,384.8,384.4,387.4,386.5,384.9,386.7,386.9,388.1,388.5,387.1,385.7,386.4,386.8,,,,,,,,,,,,,,,,,,,,,,,,,,,,,,,,,,,,,,,,,,
ACMP-1:VTR,(                ),V,396.6,396.7,396.8,396.4,396.2,397.1,392.2,391.9,392.2,392.2,392.5,393.3,393.1,392.4,392.9,393.1,393.4,393.3,393.4,393.4,394.1,393.7,393.4,394.4,394.0,394.3,394.4,394.5,393.7,393.3,393.5,393.2,393.3,393.7,393.0,393.2,392.8,392.2,392.4,392.1,391.5,390.8,389.8,388.9,390.7,389.6,388.9,392.6,390.8,393.7,392.7,390.1,390.5,386.7,388.3,387.6,383.5,382.5,382.4,383.8,381.4,381.0,380.2,381.6,380.0,378.0,381.6,381.2,380.8,382.0,382.7,383.8,386.8,385.8,385.6,386.5,385.9,384.9,380.2,383.3,385.8,384.9,385.0,384.4,384.4,384.6,384.9,383.0,385.5,384.3,384.8,385.6,385.7,386.9,386.4,385.2,385.5,386.6,386.8,386.6,386.2,387.8,,,,,,,,,,,,,,,,,,,,,,,,,,,,,,,,,,,,,,,,,,
ACMP-2:HZ,(                ),Hz,59,60,59,60,60,60,59,60,60,60,60,60,60,59,59,60,60,59,60,59,59,59,59,59,60,59,60,60,60,59,59,59,59,59,59,59,60,59,59,59,60,59,59,59,60,59,59,59,59,59,59,59,59,60,59,59,59,59,59,60,60,59,59,60,59,60,60,60,60,59,59,59,59,60,60,59,60,60,59,59,59,60,60,60,59,59,60,59,60,60,60,59,59,59,59,59,60,60,59,59,59,60,,,,,,,,,,,,,,,,,,,,,,,,,,,,,,,,,,,,,,,,,,
ACMP-2:IR,(                ),A,52,78,78,78,78,78,133,134,133,132,131,132,131,132,131,87,114,114,114,114,114,114,114,114,114,113,114,113,113,52,52,52,52,52,52,52,52,52,52,52,52,53,53,53,53,52,52,52,52,52,52,259,281,407,535,1063,1027,1018,1029,1011,949,986,1040,1036,1036,1040,1041,1036,1039,1034,1030,1026,1019,1026,1017,1019,1020,1037,1030,1042,1019,1035,1026,1025,1027,1033,1025,1024,1030,1023,1028,1022,1029,1017,1017,1024,1020,1016,1012,1022,1020,1018,,,,,,,,,,,,,,,,,,,,,,,,,,,,,,,,,,,,,,,,,,
ACMP-2:IS,(                ),A,47,74,74,74,74,74,133,132,130,131,132,130,130,130,129,86,112,111,111,111,111,112,112,112,112,112,112,111,112,47,47,47,47,47,47,47,47,47,47,48,47,48,47,47,48,47,47,47,47,47,47,264,289,422,557,1128,1089,1082,1092,1072,1004,1043,1098,1098,1096,1098,1101,1091,1095,1092,1093,1089,1079,1084,1077,1078,1079,1098,1087,1102,1077,1096,1083,1084,1082,1091,1077,1079,1085,1080,1086,1076,1087,1076,1073,1081,1079,1070,1068,1076,1073,1076,,,,,,,,,,,,,,,,,,,,,,,,,,,,,,,,,,,,,,,,,,
ACMP-2:IT,(                ),A,48,75,75,74,75,75,132,130,130,130,129,129,127,127,128,84,111,111,111,110,110,110,110,110,111,109,110,110,110,47,47,47,47,48,47,48,47,47,48,47,47,47,48,48,47,47,47,47,47,47,47,258,281,410,546,1101,1064,1059,1067,1049,976,1015,1070,1070,1068,1072,1079,1068,1073,1069,1071,1065,1056,1060,1054,1056,1056,1072,1065,1077,1053,1070,1057,1058,1060,1066,1056,1056,1059,1056,1063,1056,1065,1053,1052,1059,1060,1051,1047,1055,1054,1055,,,,,,,,,,,,,,,,,,,,,,,,,,,,,,,,,,,,,,,,,,
ACMP-2:KW,(                ),kW,28.1,44.3,44.3,44.2,44.5,44.3,73.8,73.5,73.1,73.0,72.9,72.9,72.3,72.5,72.5,49.4,63.0,62.8,63.0,62.8,62.7,62.8,62.9,63.1,63.0,62.6,62.9,62.8,62.8,28.0,28.0,28.0,28.1,28.2,28.0,28.1,28.1,28.0,28.0,28.1,28.1,28.1,28.2,28.1,28.1,27.8,27.9,27.9,27.7,27.9,27.9,147.5,160.8,234.4,313.7,674.8,649.0,642.9,651.9,639.8,597.3,619.7,652.7,651.7,651.3,650.4,655.0,650.6,651.7,650.7,651.5,649.5,647.6,651.0,647.2,648.6,647.6,658.9,648.6,656.3,645.0,655.4,650.2,650.8,649.7,653.8,647.4,647.9,651.9,649.1,652.7,647.6,652.4,647.1,648.4,650.2,650.2,646.4,644.3,649.8,647.2,648.6,,,,,,,,,,,,,,,,,,,,,,,,,,,,,,,,,,,,,,,,,,
ACMP-2:KWH,(                ),,19964456,19964462,19964468,19964476,19964484,19964492,19964500,19964514,19964526,19964538,19964552,19964560,19964574,19964588,19964600,19964612,19964622,19964630,19964642,19964652,19964664,19964674,19964684,19964694,19964706,19964714,19964726,19964736,19964748,19964754,19964760,19964764,19964768,19964774,19964778,19964782,19964788,19964792,19964796,19964800,19964806,19964810,19964816,19964820,19964826,19964830,19964834,19964840,19964842,19964848,19964852,19964866,19964892,19964924,19964968,19965060,19965174,19965276,19965388,19965482,19965600,19965696,19965806,19965906,19966002,19966136,19966238,19966342,19966454,19966564,19966618,19966784,19966886,19966998,19967100,19967206,19967318,19967430,19967544,19967644,19967740,19967864,19967976,19968078,19968192,19968276,19968398,19968510,19968624,19968724,19968836,19968942,19969056,19969158,19969270,19969382,19969478,19969590,19969702,19969816,19969916,19970012,,,,,,,,,,,,,,,,,,,,,,,,,,,,,,,,,,,,,,,,,,
ACMP-2:PF,(                ),,0.84,0.85,0.85,0.85,0.85,0.85,0.82,0.82,0.82,0.82,0.82,0.82,0.82,0.82,0.82,0.85,0.82,0.82,0.82,0.82,0.82,0.82,0.82,0.82,0.82,0.82,0.82,0.82,0.82,0.84,0.84,0.84,0.84,0.84,0.84,0.84,0.84,0.84,0.84,0.84,0.84,0.84,0.84,0.85,0.84,0.84,0.85,0.84,0.84,0.84,0.84,0.84,0.84,0.84,0.86,0.92,0.92,0.92,0.92,0.92,0.92,0.92,0.92,0.92,0.92,0.92,0.92,0.92,0.92,0.92,0.92,0.92,0.92,0.92,0.92,0.92,0.92,0.92,0.92,0.92,0.92,0.92,0.92,0.92,0.92,0.92,0.92,0.92,0.92,0.92,0.92,0.92,0.92,0.92,0.92,0.92,0.92,0.92,0.92,0.92,0.92,0.92,,,,,,,,,,,,,,,,,,,,,,,,,,,,,,,,,,,,,,,,,,
ACMP-2:VRS,(                ),V,396.6,396.8,396.6,396.8,396.4,397.2,392.0,391.8,392.6,392.6,392.9,393.5,393.6,393.0,393.3,393.4,393.8,393.6,393.8,394.4,394.4,394.1,394.2,394.8,394.3,394.6,394.6,394.3,393.7,393.8,394.1,393.6,393.8,394.0,393.7,393.8,393.3,392.9,392.8,392.6,391.8,391.2,390.5,389.4,391.2,390.0,389.1,392.7,391.2,393.8,393.1,388.8,388.4,389.3,387.6,383.9,384.2,383.8,384.8,384.3,384.5,383.2,381.7,381.3,382.2,380.8,382.5,382.3,382.2,383.3,383.6,383.7,386.4,387.9,386.8,387.1,386.0,386.0,383.2,382.6,385.9,385.8,385.2,385.9,385.7,386.0,386.7,385.4,386.0,386.2,385.9,386.4,387.2,386.8,387.4,386.3,387.4,387.9,388.0,387.4,387.0,387.4,,,,,,,,,,,,,,,,,,,,,,,,,,,,,,,,,,,,,,,,,,
ACMP-2:VST,(                ),V,396.8,397.3,397.1,397.0,397.3,397.8,392.7,392.0,393.5,393.2,393.1,393.7,394.2,393.4,393.5,393.8,394.6,394.0,394.1,394.3,395.0,394.9,394.1,395.2,394.8,395.3,395.4,395.1,394.3,394.4,393.9,393.8,394.6,394.4,394.1,394.3,393.5,393.1,393.2,393.0,391.9,391.8,390.2,390.1,391.7,390.8,389.3,393.2,391.4,394.0,393.3,389.3,388.9,389.6,388.2,385.4,383.5,382.6,384.6,384.2,384.6,383.7,382.9,382.6,382.6,380.9,383.0,383.2,382.8,383.2,383.7,385.2,386.6,386.8,387.0,387.5,386.5,387.6,383.4,384.5,385.2,385.4,386.9,387.8,386.0,385.8,385.5,385.7,387.2,387.0,387.3,386.9,385.6,387.2,389.1,387.7,387.8,388.3,388.2,387.7,387.3,388.2,,,,,,,,,,,,,,,,,,,,,,,,,,,,,,,,,,,,,,,,,,
ACMP-2:VTR,(                ),V,396.9,397.0,396.9,396.9,396.7,397.6,392.1,391.8,392.5,392.4,392.9,393.4,393.4,392.7,393.1,393.1,393.6,393.7,393.8,394.3,394.2,394.0,394.0,394.8,393.8,394.0,394.4,394.1,393.4,393.6,393.8,393.6,393.9,393.9,393.5,393.9,393.2,392.7,393.0,392.4,391.7,391.1,390.3,389.3,391.2,390.2,389.2,392.8,391.0,394.1,393.2,388.4,388.4,389.2,387.4,384.4,382.0,380.1,383.4,382.7,384.4,383.0,382.0,381.9,381.9,379.2,381.6,382.2,380.3,381.8,382.3,383.9,386.2,384.7,386.7,387.0,385.9,386.6,382.5,382.2,384.7,384.9,386.4,387.1,385.4,384.7,384.3,386.3,386.4,386.1,386.4,385.1,385.0,386.7,388.1,385.9,387.3,386.5,387.3,387.6,386.3,386.9,,,,,,,,,,,,,,,,,,,,,,,,,,,,,,,,,,,,,,,,,,
GCB1:HZ,(                ),Hz,59,60,59,60,59,60,60,60,60,60,60,60,59,59,59,60,59,59,59,59,59,60,59,60,59,59,60,60,59,60,59,59,59,59,59,59,60,59,59,59,59,59,59,60,59,59,59,59,59,59,59,59,60,60,60,60,60,59,60,60,60,59,59,60,60,60,60,60,60,60,60,59,59,60,60,59,60,59,59,59,59,60,60,60,59,59,60,59,60,59,59,59,59,59,59,60,60,59,59,60,59,59,,,,,,,,,,,,,,,,,,,,,,,,,,,,,,,,,,,,,,,,,,
GCB1:IR,(                ),A,3,3,3,2,2,3,2,2,2,2,2,2,2,2,2,2,2,2,2,3,2,2,2,2,2,2,2,2,2,2,2,2,2,2,3,3,3,3,3,3,3,3,3,3,3,3,3,4,4,3,3,5,4,4,5,6,5,6,7,7,8,8,10,12,12,13,13,13,13,13,13,13,14,14,13,13,14,14,13,14,14,14,14,13,13,13,13,13,13,15,13,13,12,12,13,13,13,12,12,13,13,13,,,,,,,,,,,,,,,,,,,,,,,,,,,,,,,,,,,,,,,,,,
GCB1:IS,(                ),A,3,3,3,2,3,3,2,2,3,2,3,3,2,2,2,3,2,2,2,3,2,2,2,3,3,2,2,2,2,2,2,2,2,2,3,3,3,3,3,3,3,3,3,3,3,4,3,3,4,3,3,5,4,4,4,5,5,6,7,7,7,8,10,11,11,13,12,13,13,12,13,13,13,13,12,12,13,13,12,13,13,13,13,12,12,12,12,13,12,14,13,12,11,11,12,12,12,12,12,12,12,12,,,,,,,,,,,,,,,,,,,,,,,,,,,,,,,,,,,,,,,,,,
GCB1:IT,(                ),A,3,3,3,3,3,3,2,3,3,3,3,3,2,2,2,3,3,2,2,3,2,2,2,2,3,2,2,2,2,2,2,3,3,3,3,3,3,3,3,3,3,3,3,3,3,3,3,3,3,3,3,5,3,4,4,5,5,6,6,7,7,7,10,11,11,13,12,13,13,13,13,13,13,13,12,12,13,13,12,13,13,13,13,12,12,12,12,13,13,14,13,12,12,12,12,13,12,12,12,12,12,12,,,,,,,,,,,,,,,,,,,,,,,,,,,,,,,,,,,,,,,,,,
GCB1:KW,(                ),kW,87.1,86.3,83.7,76.8,84.5,89.1,75.6,77.1,78.9,73.4,80.2,81.9,72.7,70.3,71.7,80.6,78.0,71.9,75.6,81.6,74.4,72.9,74.9,75.6,78.7,71.8,72.5,73.8,72.6,72.2,73.6,74.3,73.4,77.4,90.5,85.7,81.3,87.3,83.4,81.3,78.4,83.7,75.1,101.9,89.4,102.7,79.4,90.8,91.6,81.2,93.4,149.1,94.9,106.8,118.1,138.2,132.8,143.8,176.9,166.6,173.3,170.2,223.1,239.3,238.8,278.1,272.0,291.7,283.0,281.1,283.4,290.8,292.2,310.1,281.4,282.2,306.4,293.4,278.2,295.9,305.4,314.2,308.5,281.2,278.8,279.3,277.9,279.4,285.3,319.6,285.4,274.9,267.6,264.8,293.0,292.1,282.8,271.5,272.1,279.7,272.5,276.1,,,,,,,,,,,,,,,,,,,,,,,,,,,,,,,,,,,,,,,,,,
GCB1:KWH,(                ),,8926458,8926472,8926486,8926500,8926515,8926528,8926541,8926556,8926569,8926582,8926595,8926605,8926620,8926633,8926645,8926657,8926671,8926682,8926695,8926708,8926721,8926733,8926743,8926758,8926771,8926783,8926796,8926807,8926820,8926831,8926844,8926858,8926868,8926883,8926897,8926912,8926926,8926940,8926952,8926967,8926981,8926994,8927007,8927018,8927035,8927050,8927064,8927077,8927091,8927108,8927124,8927140,8927157,8927173,8927191,8927216,8927236,8927261,8927285,8927309,8927341,8927373,8927406,8927442,8927478,8927525,8927569,8927617,8927667,8927704,8927735,8927808,8927861,8927906,8927955,8927997,8928050,8928100,8928145,8928193,8928232,8928292,8928338,8928387,8928432,8928474,8928528,8928578,8928625,8928677,8928726,8928768,8928817,8928864,8928910,8928953,8928994,8929046,8929094,8929138,8929186,8929227,,,,,,,,,,,,,,,,,,,,,,,,,,,,,,,,,,,,,,,,,,
GCB1:PF,(                ),, -0.82, -0.86, -0.85, -0.87, -0.86, -0.87, -0.86, -0.85, -0.85, -0.86, -0.86, -0.86, -0.85, -0.86, -0.86, -0.85, -0.87, -0.86, -0.86, -0.87, -0.87, -0.86, -0.86, -0.85, -0.87, -0.87, -0.88, -0.89, -0.87, -0.87, -0.85, -0.83, -0.83, -0.84, -0.81, -0.80, -0.78, -0.79, -0.80, -0.82, -0.81, -0.79, -0.77, -0.84, -0.80, -0.84, -0.80, -0.73, -0.72, -0.73, -0.75, -0.79, -0.71, -0.76, -0.74, -0.72, -0.70, -0.69, -0.71, -0.64, -0.64, -0.63, -0.61, -0.59, -0.59, -0.60, -0.60, -0.62, -0.61, -0.61, -0.61, -0.62, -0.61, -0.64, -0.62, -0.62, -0.64, -0.61, -0.61, -0.61, -0.63, -0.63, -0.64, -0.61, -0.61, -0.61, -0.61, -0.60, -0.61, -0.63, -0.60, -0.62, -0.61, -0.61, -0.64, -0.63, -0.62, -0.62, -0.62, -0.61, -0.62, -0.61,,,,,,,,,,,,,,,,,,,,,,,,,,,,,,,,,,,,,,,,,,
GCB1:VRS,(                ),V,21.3,21.3,21.3,21.3,21.3,21.3,21.0,21.1,21.1,21.1,21.1,21.1,21.1,21.1,21.1,21.1,21.1,21.1,21.1,21.2,21.2,21.2,21.1,21.2,21.2,21.2,21.2,21.2,21.2,21.2,21.1,21.2,21.1,21.1,21.1,21.1,21.1,21.1,21.1,21.1,21.1,21.0,20.9,20.9,21.0,20.9,20.9,21.1,21.0,21.1,21.1,21.0,21.0,21.0,21.0,20.9,20.9,20.8,20.8,20.8,20.9,20.8,20.7,20.7,20.8,20.7,20.8,20.8,20.8,20.9,20.8,20.9,21.0,21.0,21.0,21.0,21.0,21.0,20.8,20.9,21.0,20.9,21.0,21.0,20.9,20.9,21.0,21.0,21.0,20.9,21.0,21.0,21.0,21.0,21.1,21.0,21.1,21.1,21.1,21.1,21.0,21.1,,,,,,,,,,,,,,,,,,,,,,,,,,,,,,,,,,,,,,,,,,
GCB1:VST,(                ),V,21.2,21.2,21.3,21.3,21.3,21.3,21.0,21.0,21.1,21.1,21.1,21.1,21.1,21.0,21.1,21.1,21.1,21.0,21.1,21.1,21.1,21.1,21.1,21.1,21.1,21.1,21.1,21.1,21.1,21.1,21.1,21.1,21.1,21.1,21.1,21.1,21.1,21.1,21.0,21.0,21.0,21.0,20.9,20.9,20.9,20.9,20.9,21.0,20.9,21.1,21.1,20.9,20.9,21.0,20.9,20.9,20.8,20.8,20.8,20.8,20.8,20.8,20.6,20.6,20.7,20.7,20.8,20.7,20.8,20.8,20.8,20.8,21.0,21.0,21.0,21.0,21.0,21.0,20.8,20.8,21.0,20.8,20.9,21.0,20.8,20.9,20.9,20.9,20.9,20.9,21.0,21.0,20.9,21.0,21.0,21.0,21.0,21.0,21.0,21.0,20.9,21.0,,,,,,,,,,,,,,,,,,,,,,,,,,,,,,,,,,,,,,,,,,
GCB1:VTR,(                ),V,21.3,21.3,21.3,21.3,21.3,21.3,21.0,21.0,21.1,21.1,21.1,21.1,21.1,21.1,21.1,21.1,21.1,21.1,21.1,21.1,21.1,21.1,21.1,21.2,21.2,21.2,21.2,21.2,21.1,21.1,21.1,21.1,21.1,21.1,21.1,21.1,21.1,21.1,21.1,21.0,21.0,21.0,20.9,20.9,21.0,20.9,20.9,21.1,21.0,21.2,21.1,20.9,21.0,21.0,20.9,20.9,20.9,20.8,20.9,20.9,20.9,20.8,20.7,20.8,20.8,20.7,20.8,20.8,20.8,20.9,20.9,20.9,21.0,21.0,21.0,21.1,21.0,21.0,20.9,20.9,21.0,20.9,21.0,21.0,21.0,21.0,21.0,21.0,21.0,21.0,21.0,21.0,21.0,21.0,21.1,21.0,21.1,21.1,21.1,21.1,21.0,21.1,,,,,,,,,,,,,,,,,,,,,,,,,,,,,,,,,,,,,,,,,,
GCB2:HZ,(                ),Hz,59,59,60,60,60,60,60,60,60,59,60,60,59,59,59,60,59,59,59,59,59,60,59,60,59,59,59,60,59,60,59,59,59,59,59,59,60,59,59,59,59,59,59,59,59,59,59,59,59,59,59,60,60,60,60,60,60,59,60,60,60,59,59,60,60,60,60,60,60,59,60,59,59,60,60,59,60,60,59,59,59,60,60,60,59,59,60,59,60,59,59,59,59,59,59,60,60,60,59,60,59,59,,,,,,,,,,,,,,,,,,,,,,,,,,,,,,,,,,,,,,,,,,
GCB2:IR,(                ),A,0,0,0,0,0,0,0,0,0,0,0,0,0,0,0,0,0,0,0,0,0,0,0,0,0,0,0,0,0,0,0,0,0,0,0,0,0,0,0,0,0,0,0,0,0,5,9,11,14,4,5,18,7,6,11,12,12,14,14,14,15,16,16,17,17,21,25,25,24,23,23,23,22,22,21,17,24,17,24,17,18,24,17,23,24,17,23,24,17,23,24,17,22,24,17,23,17,22,24,17,22,21,,,,,,,,,,,,,,,,,,,,,,,,,,,,,,,,,,,,,,,,,,
GCB2:IS,(                ),A,0,0,0,0,0,0,0,0,0,0,0,0,0,0,0,0,0,0,0,0,0,0,0,0,0,0,0,0,0,0,0,0,0,0,0,0,0,0,0,0,0,0,0,0,0,5,9,11,14,4,5,18,7,6,11,12,12,14,14,14,15,16,16,17,17,21,26,25,24,23,23,23,23,23,21,17,24,17,24,17,18,24,17,23,24,17,23,24,17,23,24,17,22,24,17,23,17,22,25,17,22,21,,,,,,,,,,,,,,,,,,,,,,,,,,,,,,,,,,,,,,,,,,
GCB2:IT,(                ),A,0,0,0,0,0,0,0,0,0,0,0,0,0,0,0,0,0,0,0,0,0,0,0,0,0,0,0,0,0,0,0,0,0,0,0,0,0,0,0,0,0,0,0,0,0,5,9,11,14,4,5,17,7,6,11,12,12,13,14,14,15,16,16,16,16,21,25,24,23,22,22,22,22,22,20,16,23,16,23,17,17,23,17,23,23,16,22,23,17,22,23,16,21,23,16,23,16,21,24,16,21,20,,,,,,,,,,,,,,,,,,,,,,,,,,,,,,,,,,,,,,,,,,
GCB2:KW,(                ),kW,5.2,5.2,5.3,5.3,5.2,5.3,5.2,5.2,4.6,5.4,5.2,5.2,5.2,5.2,5.2,4.6,5.2,5.2,5.2,5.2,5.2,4.6,4.6,5.2,5.2,5.3,5.3,4.6,5.2,5.2,5.2,5.2,5.2,5.2,5.2,5.2,5.2,5.2,5.2,4.6,4.6,5.2,5.1,5.1,5.1,166.0,309.6,364.5,469.3,130.5,183.1,601.3,242.2,198.1,374.1,425.2,424.6,461.5,466.2,483.4,515.4,528.7,543.8,571.5,561.7,704.3,853.9,846.5,800.4,779.9,780.3,759.2,757.6,758.7,716.3,572.0,813.2,578.5,817.8,577.4,595.3,804.1,585.6,786.4,806.7,570.6,773.0,810.1,578.1,770.0,814.4,570.8,751.5,798.3,558.4,787.3,565.9,754.8,828.7,559.4,740.4,707.9,,,,,,,,,,,,,,,,,,,,,,,,,,,,,,,,,,,,,,,,,,
GCB2:KWH,(                ),,16118440,16118440,16118440,16118440,16118440,16118440,16118450,16118450,16118450,16118450,16118450,16118450,16118450,16118450,16118450,16118450,16118450,16118450,16118461,16118461,16118461,16118461,16118461,16118461,16118461,16118461,16118461,16118461,16118461,16118461,16118470,16118470,16118470,16118470,16118470,16118470,16118470,16118470,16118470,16118470,16118470,16118480,16118480,16118480,16118480,16118490,16118520,16118580,16118640,16118740,16118761,16118820,16118881,16118920,16118971,16119040,16119110,16119190,16119260,16119330,16119420,16119510,16119600,16119691,16119770,16119890,16120020,16120161,16120310,16120410,16120490,16120681,16120820,16120940,16121070,16121151,16121290,16121401,16121500,16121640,16121710,16121871,16121970,16122091,16122211,16122320,16122440,16122580,16122690,16122800,16122930,16123030,16123140,16123281,16123390,16123491,16123600,16123711,16123850,16123961,16124060,16124181,,,,,,,,,,,,,,,,,,,,,,,,,,,,,,,,,,,,,,,,,,
GCB2:PF,(                ),,0.72,0.72,0.72,0.73,0.72,0.72,0.75,0.75,0.75,0.76,0.74,0.74,0.74,0.74,0.74,0.75,0.74,0.74,0.74,0.74,0.74,0.74,0.74,0.74,0.74,0.79,0.79,0.74,0.74,0.74,0.74,0.74,0.74,0.74,0.74,0.74,0.74,0.75,0.75,0.75,0.76,0.75,0.76,0.76,0.76,0.96,0.94,0.93,0.94,0.96,0.94,0.93,0.94,0.96,0.96,0.95,0.95,0.94,0.94,0.94,0.93,0.93,0.93,0.95,0.95,0.94,0.94,0.94,0.94,0.94,0.94,0.94,0.94,0.94,0.94,0.94,0.94,0.94,0.94,0.94,0.94,0.94,0.94,0.94,0.94,0.94,0.94,0.94,0.94,0.94,0.94,0.94,0.94,0.94,0.94,0.94,0.94,0.94,0.94,0.94,0.94,0.94,,,,,,,,,,,,,,,,,,,,,,,,,,,,,,,,,,,,,,,,,,
GCB2:VRS,(                ),V,21.3,21.3,21.3,21.3,21.3,21.3,21.0,21.1,21.0,21.0,21.1,21.0,21.1,21.1,21.1,21.1,21.0,21.1,21.1,21.1,21.2,21.1,21.1,21.1,21.1,21.1,21.2,21.1,21.1,21.2,21.2,21.0,21.1,21.1,21.0,21.1,21.1,21.0,21.1,21.1,21.0,20.9,20.9,20.9,20.9,20.9,20.9,21.0,20.9,21.1,21.0,20.9,21.0,21.0,20.9,20.8,20.9,20.8,20.9,20.8,20.9,20.8,20.7,20.7,20.7,20.7,20.8,20.7,20.7,20.8,20.8,20.9,20.9,21.0,21.0,21.0,21.0,21.0,20.8,20.8,20.9,20.8,20.9,21.0,20.8,20.9,20.9,20.9,21.0,20.9,21.0,21.0,20.9,21.0,21.1,20.9,21.1,21.0,21.0,21.1,21.0,21.1,,,,,,,,,,,,,,,,,,,,,,,,,,,,,,,,,,,,,,,,,,
GCB2:VST,(                ),V,21.3,21.3,21.3,21.3,21.3,21.3,21.0,21.0,21.1,21.1,21.1,21.1,21.1,21.1,21.1,21.1,21.1,21.1,21.1,21.1,21.1,21.1,21.1,21.1,21.1,21.2,21.1,21.1,21.1,21.1,21.1,21.1,21.1,21.1,21.1,21.1,21.1,21.1,21.0,21.0,21.0,21.0,20.9,20.8,20.9,20.9,20.9,21.0,20.9,21.1,21.1,20.9,21.0,21.0,20.9,20.9,20.9,20.8,20.9,20.9,20.9,20.8,20.8,20.7,20.7,20.7,20.8,20.8,20.8,20.9,20.8,20.9,21.0,21.0,21.0,21.0,21.0,21.0,20.8,20.9,21.0,20.9,21.0,21.0,20.9,20.9,21.0,21.0,21.0,21.0,21.0,21.0,21.0,21.0,21.1,21.0,21.1,21.1,21.1,21.1,21.0,21.1,,,,,,,,,,,,,,,,,,,,,,,,,,,,,,,,,,,,,,,,,,
GCB2:VTR,(                ),V,21.3,21.3,21.3,21.3,21.4,21.3,21.0,21.1,21.1,21.1,21.1,21.1,21.1,21.1,21.1,21.1,21.1,21.2,21.2,21.2,21.2,21.1,21.2,21.2,21.2,21.2,21.2,21.2,21.2,21.2,21.2,21.1,21.1,21.2,21.1,21.1,21.1,21.1,21.1,21.1,21.0,20.9,21.0,20.9,21.0,20.9,20.9,21.0,20.9,21.2,21.1,20.9,21.0,21.0,20.9,20.8,20.9,20.8,20.9,20.8,20.9,20.8,20.7,20.7,20.7,20.7,20.8,20.8,20.8,20.9,20.9,20.9,21.0,21.0,21.0,21.1,21.0,21.0,20.8,20.9,20.9,20.9,21.0,21.0,21.0,20.9,21.0,20.9,21.0,21.0,21.0,21.0,21.0,21.0,21.1,20.9,21.1,21.0,21.0,21.1,21.0,21.1,,,,,,,,,,,,,,,,,,,,,,,,,,,,,,,,,,,,,,,,,,
PM:HZ,(                ),Hz,59,59,60,60,60,60,60,60,60,60,60,60,59,59,59,60,59,59,59,59,59,60,59,60,59,59,59,60,59,60,59,59,59,59,59,59,60,59,59,59,59,59,59,59,59,59,59,59,59,59,59,60,60,60,60,60,60,59,59,60,60,59,59,60,60,60,60,60,60,60,60,59,59,60,60,59,60,59,59,59,59,60,60,60,60,59,60,59,60,59,59,59,59,59,59,60,60,59,59,60,60,59,,,,,,,,,,,,,,,,,,,,,,,,,,,,,,,,,,,,,,,,,,
PM:IR,(                ),A,183,183,177,164,150,163,151,155,153,147,155,156,146,152,149,156,152,150,145,159,148,151,150,140,165,148,149,149,138,147,162,161,156,169,199,195,176,171,175,162,164,171,174,209,187,205,182,214,216,194,211,303,228,244,295,335,316,354,417,432,486,450,658,709,707,860,812,846,799,833,809,836,856,866,796,826,848,829,824,866,874,906,867,825,833,815,811,824,842,898,806,790,806,813,807,818,805,798,787,798,786,818,,,,,,,,,,,,,,,,,,,,,,,,,,,,,,,,,,,,,,,,,,
PM:IS,(                ),A,175,146,137,114,154,146,141,133,138,110,133,143,117,120,123,129,133,112,130,145,138,120,131,133,137,122,119,113,123,141,126,130,127,124,168,161,173,166,151,149,159,177,158,193,174,195,149,215,227,188,185,312,244,236,263,332,346,358,439,474,463,467,666,726,735,811,778,806,796,801,785,791,809,838,799,781,843,828,823,832,812,854,849,809,828,778,803,769,774,858,788,756,727,728,776,798,751,731,738,786,745,767,,,,,,,,,,,,,,,,,,,,,,,,,,,,,,,,,,,,,,,,,,
PM:IT,(                ),A,149,176,155,141,165,161,136,152,164,155,160,159,148,121,129,169,145,140,146,149,125,140,137,154,146,122,125,141,139,112,130,137,144,149,176,160,154,201,179,169,149,172,144,196,182,203,145,178,185,156,210,308,181,204,231,282,278,321,375,381,392,432,584,634,633,754,718,740,727,710,752,739,722,738,710,698,729,735,685,741,718,741,737,679,685,699,691,748,754,759,785,698,672,673,729,711,725,685,694,701,700,678,,,,,,,,,,,,,,,,,,,,,,,,,,,,,,,,,,,,,,,,,,
PM:KW,(                ),kW,103.0,99.6,92.8,81.9,92.1,91.2,83.4,86.8,89.3,80.5,86.5,89.1,80.8,76.9,78.5,89.3,82.5,78.8,82.0,87.2,79.7,80.2,81.4,84.7,87.0,76.0,75.4,76.3,77.2,77.5,82.5,85.6,86.0,87.7,110.4,106.0,104.1,111.3,103.2,96.3,95.8,106.5,98.6,117.4,110.3,118.8,96.6,129.3,133.5,114.7,127.6,188.4,138.9,142.0,165.7,200.9,199.6,219.4,261.0,278.6,289.9,290.2,403.6,433.6,434.5,504.9,482.4,499.0,484.9,491.5,491.9,496.0,504.5,514.7,486.7,486.1,508.7,505.0,487.6,513.0,505.5,525.2,515.1,486.6,493.7,481.2,484.4,492.9,500.0,530.4,502.4,471.8,461.7,464.5,486.4,489.4,479.4,465.8,467.5,483.6,468.0,477.1,,,,,,,,,,,,,,,,,,,,,,,,,,,,,,,,,,,,,,,,,,
PM:KWH,(                ),,14331057,14331073,14331090,14331104,14331120,14331135,14331148,14331166,14331179,14331195,14331208,14331219,14331237,14331250,14331263,14331279,14331292,14331304,14331318,14331332,14331346,14331359,14331371,14331386,14331400,14331414,14331427,14331438,14331453,14331464,14331478,14331494,14331504,14331522,14331539,14331557,14331574,14331592,14331607,14331626,14331644,14331660,14331676,14331690,14331712,14331729,14331748,14331764,14331783,14331807,14331830,14331852,14331877,14331900,14331925,14331958,14331988,14332025,14332062,14332100,14332155,14332206,14332265,14332328,14332394,14332479,14332555,14332640,14332727,14332791,14332844,14332972,14333061,14333139,14333223,14333295,14333386,14333471,14333549,14333634,14333700,14333804,14333884,14333967,14334043,14334116,14334209,14334296,14334376,14334465,14334549,14334623,14334706,14334787,14334868,14334940,14335010,14335100,14335181,14335257,14335339,14335410,,,,,,,,,,,,,,,,,,,,,,,,,,,,,,,,,,,,,,,,,,
PM:PF,(                ),,0.91,0.88,0.88,0.87,0.87,0.87,0.88,0.89,0.88,0.88,0.87,0.88,0.88,0.88,0.88,0.89,0.86,0.88,0.87,0.87,0.87,0.88,0.88,0.89,0.87,0.87,0.86,0.85,0.87,0.87,0.89,0.90,0.90,0.89,0.92,0.92,0.93,0.93,0.92,0.90,0.92,0.93,0.94,0.89,0.92,0.89,0.92,0.96,0.96,0.96,0.95,0.93,0.96,0.94,0.95,0.96,0.97,0.97,0.96,0.98,0.98,0.98,0.97,0.96,0.96,0.96,0.96,0.96,0.96,0.96,0.96,0.96,0.96,0.96,0.96,0.95,0.95,0.96,0.96,0.96,0.96,0.96,0.96,0.95,0.96,0.95,0.95,0.96,0.96,0.96,0.96,0.95,0.95,0.95,0.95,0.95,0.95,0.95,0.95,0.95,0.95,0.95,,,,,,,,,,,,,,,,,,,,,,,,,,,,,,,,,,,,,,,,,,
PM:VRS,(                ),V,388.2,388.2,388.5,388.4,388.9,388.6,383.2,383.7,384.6,384.5,384.9,385.2,385.2,385.0,385.3,385.2,385.4,385.4,385.5,385.9,386.1,385.9,385.7,386.4,385.9,386.5,386.1,386.3,385.6,385.7,385.7,385.3,385.3,385.9,385.3,385.2,384.9,384.9,384.5,383.9,383.6,383.2,381.9,380.9,382.5,381.6,381.7,384.1,382.1,385.3,384.5,381.4,382.0,382.4,381.5,380.7,380.2,378.7,380.6,380.5,380.5,378.9,377.3,377.0,377.3,375.5,377.7,377.0,377.6,378.6,378.6,379.0,381.6,381.3,382.0,381.9,380.7,381.3,378.1,379.1,380.4,379.3,380.2,381.3,380.6,380.5,380.4,380.2,380.8,380.3,381.2,381.5,381.3,381.3,382.5,381.7,382.9,382.3,382.5,383.1,381.3,382.8,,,,,,,,,,,,,,,,,,,,,,,,,,,,,,,,,,,,,,,,,,
PM:VST,(                ),V,388.3,388.4,388.7,388.8,388.9,388.9,383.3,383.7,385.0,384.6,384.9,385.2,385.2,385.0,385.3,385.0,385.2,385.4,385.3,385.6,385.9,386.0,385.4,386.0,385.7,386.3,386.0,386.1,385.2,385.3,385.4,385.1,385.3,385.7,385.1,385.2,384.7,384.7,384.4,383.7,383.5,382.8,382.0,380.5,382.2,381.4,382.0,384.0,382.1,385.6,384.7,381.3,382.3,382.9,381.8,380.9,380.4,378.9,380.7,380.6,380.8,379.1,377.7,377.3,377.5,376.1,378.3,377.8,378.2,379.2,379.3,379.7,382.1,381.7,382.5,382.6,381.1,381.5,378.6,379.5,381.2,379.8,380.7,381.5,381.0,381.0,381.3,381.5,381.8,380.9,381.9,382.3,382.5,382.4,383.4,382.2,383.8,383.4,383.5,383.8,382.1,383.3,,,,,,,,,,,,,,,,,,,,,,,,,,,,,,,,,,,,,,,,,,
PM:VTR,(                ),V,388.5,388.1,388.7,388.6,388.9,388.8,383.5,383.7,384.9,384.7,384.9,385.2,385.2,385.2,385.5,385.1,385.4,385.5,385.6,386.1,386.4,386.1,385.8,386.2,386.2,386.7,386.4,386.4,385.7,385.8,386.0,385.5,385.4,385.8,385.5,385.5,385.0,384.8,384.4,384.0,383.9,383.3,382.3,380.8,382.5,381.4,382.1,384.4,382.7,385.9,384.7,381.6,382.8,383.4,382.4,381.6,381.0,379.5,381.2,381.3,381.6,379.7,378.5,378.0,378.4,376.8,378.8,378.4,378.8,379.8,379.8,380.1,382.8,382.5,382.9,383.0,382.0,382.2,379.5,380.3,381.9,380.8,381.6,382.5,382.0,381.7,381.9,381.6,382.2,381.7,382.1,382.8,382.8,382.8,383.4,382.9,384.0,383.8,383.9,384.4,382.4,384.0,,,,,,,,,,,,,,,,,,,,,,,,,,,,,,,,,,,,,,,,,,
PAC:HZ,(                ),Hz,59,59,60,60,60,60,60,60,60,60,60,60,59,59,59,60,59,59,59,59,59,60,59,60,59,59,59,60,59,60,59,59,59,59,59,59,60,59,59,59,60,59,59,59,59,59,59,59,59,59,59,60,60,60,60,60,60,59,59,60,60,59,59,60,60,60,60,60,60,60,60,59,59,60,60,59,60,59,59,59,59,60,60,60,60,59,60,59,60,59,59,59,59,59,59,60,60,59,59,59,60,59,,,,,,,,,,,,,,,,,,,,,,,,,,,,,,,,,,,,,,,,,,
PAC:IR,(                ),A,9,9,9,9,9,9,9,9,9,9,9,9,9,9,9,9,9,9,9,9,9,9,9,9,9,9,9,9,9,9,9,9,9,9,9,9,9,9,9,9,9,9,9,9,9,288,545,638,825,224,320,1067,423,339,648,738,737,814,828,843,910,941,972,978,986,1242,1515,1477,1402,1377,1352,1321,1326,1328,960,983,1428,1009,1435,1025,1035,1411,1005,1354,1411,998,1350,1404,1007,1341,1410,998,1329,1393,968,1373,984,1322,1419,971,1281,1234,,,,,,,,,,,,,,,,,,,,,,,,,,,,,,,,,,,,,,,,,,
PAC:IS,(                ),A,9,9,9,9,9,9,9,9,5,10,9,9,9,9,9,5,9,9,9,9,9,5,5,9,9,8,8,5,9,9,9,9,9,9,9,9,9,9,9,5,5,9,9,9,9,286,554,647,840,218,320,1091,428,341,652,744,743,826,829,861,927,958,991,1016,1022,1290,1565,1543,1458,1419,1410,1381,1382,1381,1001,1030,1475,1042,1496,1044,1078,1468,1054,1406,1464,1050,1404,1477,1039,1401,1469,1047,1377,1450,1021,1432,1037,1371,1489,1012,1338,1281,,,,,,,,,,,,,,,,,,,,,,,,,,,,,,,,,,,,,,,,,,
PAC:IT,(                ),A,8,8,8,8,8,8,8,8,8,8,8,8,8,8,8,8,8,8,8,8,8,8,8,8,8,8,8,8,8,8,8,8,8,8,8,8,8,8,8,8,8,8,8,8,8,286,543,639,822,224,316,1057,421,338,643,736,738,813,814,845,910,939,973,967,986,1241,1519,1487,1411,1378,1360,1326,1327,1324,960,984,1433,1008,1443,1018,1039,1412,1011,1349,1416,1000,1357,1414,1011,1340,1414,1003,1328,1389,964,1373,975,1327,1427,973,1279,1230,,,,,,,,,,,,,,,,,,,,,,,,,,,,,,,,,,,,,,,,,,
PAC:KW,(                ),kW,4.9,4.9,4.9,4.9,4.9,4.9,4.9,4.9,4.2,5.0,4.9,4.9,4.9,4.9,4.9,4.3,4.9,4.9,4.9,4.9,4.9,4.2,4.2,4.9,4.9,5.0,5.1,4.3,4.9,4.9,4.9,4.9,4.9,4.9,4.9,4.9,4.9,4.9,4.8,4.2,4.2,4.8,4.8,4.8,4.8,181.7,338.5,397.5,514.3,142.0,200.2,656.7,264.3,215.8,409.2,464.1,463.4,503.7,510.0,526.4,560.8,578.0,596.7,611.7,620.1,767.4,938.7,920.9,874.1,856.0,846.5,825.8,833.1,832.6,619.7,620.1,893.8,633.5,897.4,634.8,652.9,880.4,633.8,846.3,881.7,628.7,846.0,882.7,632.3,840.0,883.9,631.2,831.7,871.9,612.4,861.6,630.2,831.9,896.2,613.3,802.3,774.7,,,,,,,,,,,,,,,,,,,,,,,,,,,,,,,,,,,,,,,,,,
PAC:KWH,(                ),,17584016,17584018,17584018,17584018,17584020,17584020,17584022,17584022,17584022,17584024,17584024,17584026,17584026,17584026,17584028,17584028,17584030,17584030,17584030,17584032,17584032,17584034,17584034,17584034,17584036,17584036,17584036,17584038,17584038,17584040,17584040,17584040,17584042,17584042,17584044,17584044,17584044,17584046,17584046,17584048,17584048,17584048,17584050,17584050,17584052,17584062,17584100,17584160,17584224,17584334,17584360,17584426,17584490,17584540,17584584,17584670,17584742,17584824,17584904,17584980,17585080,17585180,17585278,17585374,17585464,17585588,17585730,17585892,17586046,17586158,17586248,17586460,17586604,17586734,17586878,17586970,17587116,17587236,17587354,17587496,17587582,17587750,17587866,17587988,17588126,17588238,17588370,17588522,17588640,17588762,17588912,17589022,17589140,17589290,17589406,17589520,17589632,17589760,17589910,17590026,17590140,17590268,,,,,,,,,,,,,,,,,,,,,,,,,,,,,,,,,,,,,,,,,,
PAC:PF,(                ),,0.84,0.84,0.84,0.85,0.84,0.84,0.85,0.85,0.89,0.86,0.85,0.85,0.85,0.85,0.85,0.89,0.85,0.85,0.85,0.85,0.85,0.88,0.88,0.85,0.85,0.92,0.92,0.88,0.85,0.85,0.85,0.85,0.85,0.85,0.85,0.85,0.85,0.85,0.85,0.89,0.89,0.85,0.85,0.85,0.85,0.96,0.94,0.94,0.95,0.96,0.95,0.94,0.95,0.96,0.96,0.96,0.96,0.95,0.95,0.95,0.94,0.94,0.94,0.96,0.96,0.95,0.95,0.95,0.95,0.95,0.95,0.95,0.95,0.95,0.97,0.95,0.95,0.95,0.95,0.95,0.95,0.95,0.95,0.95,0.95,0.95,0.95,0.95,0.95,0.95,0.95,0.95,0.95,0.95,0.95,0.95,0.95,0.95,0.95,0.95,0.95,0.95,,,,,,,,,,,,,,,,,,,,,,,,,,,,,,,,,,,,,,,,,,
PAC:VRS,(                ),V,387.4,387.7,387.8,387.7,388.3,388.1,382.6,383.1,383.8,383.6,384.2,384.5,384.4,384.3,384.6,384.4,384.6,384.6,384.9,385.3,385.5,385.2,385.0,385.4,385.2,385.8,385.5,385.6,384.7,384.9,384.8,384.5,384.7,385.0,384.5,384.6,384.2,384.0,383.6,383.1,382.9,382.3,381.1,380.4,381.7,380.3,378.4,380.5,377.5,383.7,382.7,376.5,379.4,380.8,378.7,377.5,377.0,375.0,376.6,376.4,375.9,374.4,372.7,373.0,373.4,370.4,371.4,371.1,371.3,373.5,373.3,373.6,376.1,376.3,378.8,378.2,375.1,377.6,372.7,375.0,376.8,374.0,376.7,375.8,374.6,376.8,374.8,374.5,377.2,375.2,375.3,377.7,375.9,375.7,378.8,376.2,379.1,377.0,376.5,379.2,375.7,377.5,,,,,,,,,,,,,,,,,,,,,,,,,,,,,,,,,,,,,,,,,,
PAC:VST,(                ),V,387.8,387.9,388.1,387.9,388.3,388.2,382.8,383.1,384.4,383.7,384.3,384.6,384.3,384.2,384.6,384.3,384.5,384.5,384.6,385.2,385.4,385.2,384.7,385.2,385.0,385.7,385.3,385.4,384.4,384.7,384.5,384.3,384.5,384.8,384.4,384.6,384.1,384.0,383.6,383.2,382.8,382.2,381.2,380.1,381.6,380.1,378.8,380.9,377.8,384.1,382.8,376.3,379.7,381.1,378.8,378.0,377.2,375.1,377.3,376.8,376.5,374.5,373.3,373.7,373.7,371.0,371.2,371.4,372.4,373.6,373.3,373.9,376.5,376.3,379.4,378.3,375.6,377.5,372.7,375.3,377.0,374.3,376.9,375.7,375.0,376.7,375.1,375.1,377.5,375.5,375.7,377.9,376.5,375.9,379.1,376.4,379.5,377.3,376.8,379.8,376.2,377.8,,,,,,,,,,,,,,,,,,,,,,,,,,,,,,,,,,,,,,,,,,
PAC:VTR,(                ),V,388.2,388.2,388.5,388.3,388.8,388.6,383.3,383.7,384.6,384.4,384.8,385.1,385.0,384.9,385.2,385.0,385.2,385.2,385.4,385.8,386.1,385.8,385.5,386.0,385.8,386.3,386.0,386.1,385.4,385.4,385.4,385.0,385.2,385.4,385.1,385.2,384.6,384.6,384.1,383.7,383.6,382.9,381.8,380.8,382.3,379.8,379.1,381.4,378.1,384.5,382.8,376.6,380.5,381.5,379.4,378.1,377.7,375.6,377.9,377.4,376.7,375.5,374.2,373.9,374.4,371.5,372.3,371.8,372.7,373.6,373.9,374.6,377.1,377.3,380.0,378.9,375.9,378.2,373.2,376.0,377.9,374.8,377.9,376.1,375.6,377.1,376.0,375.4,377.9,376.2,376.3,378.7,376.7,376.3,380.0,377.1,380.2,378.3,377.7,380.2,376.9,378.6,,,,,,,,,,,,,,,,,,,,,,,,,,,,,,,,,,,,,,,,,,
CH1B1:KWH,(                ),,4433714,4433714,4433714,4433714,4433714,4433714,4433714,4433714,4433714,4433714,4433714,4433714,4433714,4433714,4433714,4433714,4433714,4433714,4433714,4433714,4433714,4433714,4433714,4433714,4433714,4433714,4433714,4433714,4433714,4433714,4433714,4433714,4433714,4433714,4433714,4433714,4433714,4433714,4433714,4433714,4433714,4433714,4433714,4433714,4433714,4433714,4433714,4433714,4433714,4433714,4433714,4433714,4433714,4433714,4433714,4433714,4433714,4433714,4433714,4433714,4433714,4433714,4433714,4433714,4433714,4433714,4433714,4433714,4433714,4433714,4433714,4433714,4433714,4433714,4433714,4433714,4433714,4433714,4433714,4433714,4433714,4433714,4433714,4433714,4433714,4433714,4433714,4433714,4433714,4433714,4433714,4433714,4433714,4433714,4433714,4433714,4433714,4433714,4433714,4433714,4433714,4433714,,,,,,,,,,,,,,,,,,,,,,,,,,,,,,,,,,,,,,,,,,
CH2B1:KWH,(                ),,3323912,3323912,3323912,3323912,3323912,3323912,3323912,3323912,3323912,3323912,3323912,3323912,3323912,3323912,3323912,3323912,3323912,3323912,3323912,3323912,3323912,3323912,3323912,3323912,3323912,3323912,3323912,3323912,3323912,3323912,3323912,3323912,3323912,3323912,3323912,3323912,3323912,3323912,3323912,3323912,3323912,3323912,3323912,3323912,3323912,3323912,3323912,3323912,3323912,3323912,3323912,3323912,3323912,3323912,3323912,3323912,3323912,3323912,3323912,3323912,3323912,3323912,3323912,3323912,3323912,3323912,3323912,3323912,3323912,3323912,3323912,3323912,3323912,3323912,3323912,3323912,3323912,3323912,3323912,3323912,3323912,3323912,3323912,3323912,3323912,3323912,3323912,3323912,3323912,3323912,3323912,3323912,3323912,3323912,3323912,3323912,3323912,3323912,3323912,3323912,3323912,3323912,,,,,,,,,,,,,,,,,,,,,,,,,,,,,,,,,,,,,,,,,,
CHP1B1:KWH,(                ),,313214,313214,313214,313214,313214,313214,313214,313214,313214,313214,313214,313214,313214,313214,313214,313214,313214,313214,313214,313214,313214,313214,313214,313214,313214,313214,313214,313214,313214,313214,313214,313214,313214,313214,313214,313214,313214,313214,313214,313214,313214,313214,313214,313214,313214,313214,313214,313214,313214,313214,313214,313214,313214,313214,313214,313214,313214,313214,313214,313214,313214,313214,313214,313214,313214,313214,313214,313214,313214,313214,313214,313214,313214,313214,313214,313214,313214,313214,313214,313214,313214,313214,313214,313214,313214,313214,313214,313214,313214,313214,313214,313214,313214,313214,313214,313214,313214,313214,313214,313214,313214,313214,,,,,,,,,,,,,,,,,,,,,,,,,,,,,,,,,,,,,,,,,,
CHP2B1:KWH,(                ),,259932,259932,259932,259932,259932,259932,259932,259932,259932,259932,259932,259932,259932,259932,259932,259932,259932,259932,259932,259932,259932,259932,259932,259932,259932,259932,259932,259932,259932,259932,259932,259932,259932,259932,259932,259932,259932,259932,259932,259932,259932,259932,259932,259932,259932,259932,259932,259932,259932,259932,259932,259932,259932,259932,259932,259932,259932,259932,259932,259932,259932,259932,259932,259932,259932,259932,259932,259932,259932,259932,259932,259932,259932,259932,259932,259932,259932,259932,259932,259932,259932,259932,259932,259932,259932,259932,259932,259932,259932,259932,259932,259932,259932,259932,259932,259932,259932,259932,259932,259932,259932,259932,,,,,,,,,,,,,,,,,,,,,,,,,,,,,,,,,,,,,,,,,,
CHP3B1:KWH,(                ),,4159,4159,4159,4159,4159,4159,4159,4159,4159,4159,4159,4159,4159,4159,4159,4159,4159,4159,4159,4159,4159,4159,4159,4159,4159,4159,4159,4159,4159,4159,4159,4159,4159,4159,4159,4159,4159,4159,4159,4159,4159,4159,4159,4159,4159,4159,4159,4159,4159,4159,4159,4159,4159,4159,4159,4159,4159,4159,4159,4159,4159,4159,4159,4159,4159,4159,4159,4159,4159,4159,4159,4159,4159,4159,4159,4159,4159,4159,4159,4159,4159,4159,4159,4159,4159,4159,4159,4159,4159,4159,4159,4159,4159,4159,4159,4159,4159,4159,4159,4159,4159,4159,,,,,,,,,,,,,,,,,,,,,,,,,,,,,,,,,,,,,,,,,,
CT1B1:KW,(                ),kW,8.2,8.2,8.2,8.2,8.2,8.2,8.2,8.2,8.2,8.2,8.2,8.2,8.2,8.2,8.2,8.2,8.2,8.2,8.2,8.2,8.2,8.2,8.2,8.2,8.2,8.2,8.2,8.2,8.2,8.2,8.2,8.2,8.2,8.2,8.2,8.2,8.2,8.2,8.2,8.2,8.2,8.2,8.2,8.2,8.2,8.2,8.2,8.2,8.2,8.2,8.2,8.2,8.2,8.2,8.2,8.2,8.2,8.2,8.2,8.2,8.2,8.2,8.2,8.2,8.2,8.2,8.2,8.2,8.2,8.2,8.2,8.2,8.2,8.2,8.2,8.2,8.2,8.2,8.2,8.2,8.2,8.2,8.2,8.2,8.2,8.2,8.2,8.2,8.2,8.2,8.2,8.2,8.2,8.2,8.2,8.2,8.2,8.2,8.2,8.2,8.2,8.2,,,,,,,,,,,,,,,,,,,,,,,,,,,,,,,,,,,,,,,,,,
CT1B1:KWH,(                ),,244843,244843,244843,244843,244843,244843,244843,244843,244843,244843,244843,244843,244843,244843,244843,244843,244843,244843,244843,244843,244843,244843,244843,244843,244843,244843,244843,244843,244843,244843,244843,244843,244843,244843,244843,244843,244843,244843,244843,244843,244843,244843,244843,244843,244843,244843,244843,244843,244843,244843,244843,244843,244843,244843,244843,244843,244843,244843,244843,244843,244843,244843,244843,244843,244843,244843,244843,244843,244843,244843,244843,244843,244843,244843,244843,244843,244843,244843,244843,244843,244843,244843,244843,244843,244843,244843,244843,244843,244843,244843,244843,244843,244843,244843,244843,244843,244843,244843,244843,244843,244843,244843,,,,,,,,,,,,,,,,,,,,,,,,,,,,,,,,,,,,,,,,,,
CT2B1:KW,(                ),kW,0.0,0.0,0.0,0.0,0.0,0.0,0.0,0.0,0.0,0.0,0.0,0.0,0.0,0.0,0.0,0.0,0.0,0.0,0.0,0.0,0.0,0.0,0.0,0.0,0.0,0.0,0.0,0.0,0.0,0.0,0.0,0.0,0.0,0.0,0.0,0.0,0.0,0.0,0.0,0.0,0.0,0.0,0.0,0.0,0.0,0.0,0.0,0.0,0.0,0.0,0.0,0.0,0.0,0.0,0.0,0.0,0.0,0.0,0.0,0.0,0.0,0.0,0.0,0.0,0.0,0.0,0.0,0.0,0.0,0.0,0.0,0.0,0.0,0.0,0.0,0.0,0.0,0.0,0.0,0.0,0.0,0.0,0.0,0.0,0.0,0.0,0.0,0.0,0.0,0.0,0.0,0.0,0.0,0.0,0.0,0.0,0.0,0.0,0.0,0.0,0.0,0.0,,,,,,,,,,,,,,,,,,,,,,,,,,,,,,,,,,,,,,,,,,
CT2B1:KWH,(                ),,111175,111175,111175,111175,111175,111175,111175,111175,111175,111175,111175,111175,111175,111175,111175,111175,111175,111175,111175,111175,111175,111175,111175,111175,111175,111175,111175,111175,111175,111175,111175,111175,111175,111175,111175,111175,111175,111175,111175,111175,111175,111175,111175,111175,111175,111175,111175,111175,111175,111175,111175,111175,111175,111175,111175,111175,111175,111175,111175,111175,111175,111175,111175,111175,111175,111175,111175,111175,111175,111175,111175,111175,111175,111175,111175,111175,111175,111175,111175,111175,111175,111175,111175,111175,111175,111175,111175,111175,111175,111175,111175,111175,111175,111175,111175,111175,111175,111175,111175,111175,111175,111175,,,,,,,,,,,,,,,,,,,,,,,,,,,,,,,,,,,,,,,,,,
CWP1B1:KWH,(                ),,839195,839195,839195,839195,839195,839195,839195,839195,839195,839195,839195,839195,839195,839195,839195,839195,839195,839195,839195,839195,839195,839195,839195,839195,839195,839195,839195,839195,839195,839195,839195,839195,839195,839195,839195,839195,839195,839195,839195,839195,839195,839195,839195,839195,839195,839195,839195,839195,839195,839195,839195,839195,839195,839195,839195,839195,839195,839195,839195,839195,839195,839195,839195,839195,839195,839195,839195,839195,839195,839195,839195,839195,839195,839195,839195,839195,839195,839195,839195,839195,839195,839195,839195,839195,839195,839195,839195,839195,839195,839195,839195,839195,839195,839195,839195,839195,839195,839195,839195,839195,839195,839195,,,,,,,,,,,,,,,,,,,,,,,,,,,,,,,,,,,,,,,,,,
CWP2B1:KWH,(                ),,705224,705224,705224,705224,705224,705224,705224,705224,705224,705224,705224,705224,705224,705224,705224,705224,705224,705224,705224,705224,705224,705224,705224,705224,705224,705224,705224,705224,705224,705224,705224,705224,705224,705224,705224,705224,705224,705224,705224,705224,705224,705224,705224,705224,705224,705224,705224,705224,705224,705224,705224,705224,705224,705224,705224,705224,705224,705224,705224,705224,705224,705224,705224,705224,705224,705224,705224,705224,705224,705224,705224,705224,705224,705224,705224,705224,705224,705224,705224,705224,705224,705224,705224,705224,705224,705224,705224,705224,705224,705224,705224,705224,705224,705224,705224,705224,705224,705224,705224,705224,705224,705224,,,,,,,,,,,,,,,,,,,,,,,,,,,,,,,,,,,,,,,,,,
CWP3B1:KWH,(                ),,10,10,10,10,10,10,10,10,10,10,10,10,10,10,10,10,10,10,10,10,10,10,10,10,10,10,10,10,10,10,10,10,10,10,10,10,10,10,10,10,10,10,10,10,10,10,10,10,10,10,10,10,10,10,10,10,10,10,10,10,10,10,10,10,10,10,10,10,10,10,10,10,10,10,10,10,10,10,10,10,10,10,10,10,10,10,10,10,10,10,10,10,10,10,10,10,10,10,10,10,10,10,,,,,,,,,,,,,,,,,,,,,,,,,,,,,,,,,,,,,,,,,,
CH1F7.KWH,(度數            ),kW h,652217,652217,652217,652217,652217,652217,652217,652217,652217,652217,652217,652217,652217,652217,652217,652217,652217,652217,652217,652217,652217,652217,652217,652217,652217,652217,652217,652217,652217,652217,652217,652217,652217,652217,652217,652217,652217,652217,652217,652217,652217,652217,652217,652217,652217,652217,652217,652217,652217,652217,652217,652217,652217,652251,652303,652355,652407,652460,652512,652563,652609,652652,652701,652751,652804,652857,652909,652961,653014,653067,653093,653172,653224,653277,653329,653381,653433,653485,653538,653589,653640,653692,653743,653794,653846,653897,653948,654000,654051,654102,654154,654206,654257,654309,654360,654412,654463,654515,654566,654618,654669,654721,,,,,,,,,,,,,,,,,,,,,,,,,,,,,,,,,,,,,,,,,,
CH2F7:KWH,(                ),,3674941,3674941,3674941,3674941,3674941,3674941,3674941,3674941,3674941,3674941,3674941,3674942,3674942,3674942,3674942,3674942,3674942,3674942,3674942,3674942,3674942,3674942,3674942,3674942,3674942,3674942,3674942,3674942,3674942,3674943,3674943,3674943,3674943,3674943,3674943,3674943,3674943,3674943,3674943,3674943,3674944,3674944,3674944,3674944,3674944,3674944,3674944,3674944,3674944,3674944,3674944,3674944,3674944,3674944,3674944,3674944,3674944,3674944,3674945,3674945,3674945,3674945,3674945,3674945,3674945,3674945,3674945,3674945,3674945,3674945,3674946,3674946,3674946,3674946,3674946,3674946,3674946,3674946,3674946,3674946,3674946,3674946,3674946,3674946,3674946,3674946,3674946,3674946,3674947,3674947,3674947,3674947,3674947,3674947,3674947,3674947,3674947,3674947,3674947,3674947,3674948,3674948,,,,,,,,,,,,,,,,,,,,,,,,,,,,,,,,,,,,,,,,,,
CH3F7:KWH,(                ),,1628347,1628347,1628347,1628347,1628347,1628347,1628347,1628347,1628347,1628347,1628347,1628347,1628347,1628347,1628347,1628347,1628348,1628348,1628348,1628348,1628348,1628348,1628348,1628348,1628348,1628348,1628348,1628348,1628348,1628348,1628349,1628349,1628349,1628349,1628349,1628349,1628349,1628349,1628349,1628349,1628349,1628349,1628349,1628349,1628350,1628350,1628350,1628350,1628350,1628350,1628350,1628350,1628350,1628350,1628350,1628350,1628381,1628428,1628480,1628523,1628575,1628617,1628667,1628713,1628758,1628820,1628868,1628916,1628969,1629021,1629046,1629119,1629172,1629225,1629272,1629323,1629376,1629429,1629482,1629529,1629574,1629632,1629685,1629734,1629787,1629827,1629885,1629938,1629991,1630039,1630091,1630141,1630195,1630243,1630296,1630349,1630394,1630447,1630501,1630554,1630601,1630647,,,,,,,,,,,,,,,,,,,,,,,,,,,,,,,,,,,,,,,,,,
CH4F7.KWH,(度數            ),kW h,679151,679151,679151,679151,679151,679151,679151,679151,679151,679151,679151,679151,679151,679151,679151,679151,679151,679151,679151,679151,679151,679151,679151,679151,679151,679151,679151,679151,679151,679151,679151,679151,679151,679151,679151,679151,679151,679151,679151,679151,679151,679151,679151,679151,679151,679151,679151,679151,679151,679151,679151,679151,679151,679151,679151,679185,679240,679292,679345,679397,679446,679491,679543,679595,679648,679702,679753,679806,679859,679912,679939,680018,680072,680124,680177,680230,680283,680336,680389,680441,680494,680547,680599,680652,680704,680757,680809,680862,680915,680967,681020,681073,681125,681178,681231,681284,681337,681390,681442,681495,681548,681601,,,,,,,,,,,,,,,,,,,,,,,,,,,,,,,,,,,,,,,,,,
CH5F7.KWH,(度數            ),kW h,662123,662123,662123,662123,662123,662123,662123,662123,662123,662123,662123,662123,662123,662123,662123,662123,662123,662123,662123,662123,662123,662123,662123,662123,662123,662123,662123,662123,662123,662123,662123,662123,662123,662123,662123,662123,662123,662123,662123,662123,662123,662123,662123,662123,662123,662123,662123,662123,662123,662123,662123,662123,662123,662123,662123,662123,662123,662123,662123,662123,662123,662123,662123,662123,662123,662123,662123,662123,662123,662123,662123,662123,662123,662123,662123,662123,662123,662123,662123,662123,662123,662123,662123,662123,662123,662123,662123,662123,662123,662123,662123,662123,662123,662123,662123,662123,662123,662123,662123,662123,662123,662123,,,,,,,,,,,,,,,,,,,,,,,,,,,,,,,,,,,,,,,,,,
CHP1F7:KWH,(                ),,542869,542869,542869,542869,542869,542869,542869,542869,542869,542869,542869,542869,542869,542869,542869,542869,542869,542869,542869,542869,542869,542869,542869,542869,542869,542869,542869,542869,542869,542869,542869,542869,542869,542869,542869,542869,542869,542869,542869,542869,542869,542869,542869,542869,542869,542869,542869,542869,542869,542869,542869,542871,542877,542882,542887,542893,542898,542903,542908,542913,542919,542924,542929,542935,542940,542945,542950,542956,542961,542966,542969,542977,542983,542987,542993,542998,543004,543009,543014,543019,543024,543030,543035,543040,543046,543051,543056,543062,543067,543072,543077,543082,543088,543093,543099,543103,543108,543114,543120,543125,543130,543135,,,,,,,,,,,,,,,,,,,,,,,,,,,,,,,,,,,,,,,,,,
CHP2F7:KWH,(                ),,242977,242977,242977,242977,242977,242977,242977,242977,242977,242977,242977,242977,242977,242977,242977,242977,242977,242977,242977,242977,242977,242977,242977,242977,242977,242977,242977,242977,242977,242977,242977,242977,242977,242977,242977,242977,242977,242977,242977,242977,242977,242977,242977,242977,242977,242977,242977,242977,242977,242977,242977,242977,242977,242977,242977,242977,242977,242977,242977,242977,242977,242977,242977,242977,242977,242977,242977,242977,242977,242977,242977,242977,242977,242977,242977,242977,242977,242977,242977,242977,242977,242977,242977,242977,242977,242977,242977,242977,242977,242977,242977,242977,242977,242977,242977,242977,242977,242977,242977,242977,242977,242977,,,,,,,,,,,,,,,,,,,,,,,,,,,,,,,,,,,,,,,,,,
CHP3F7:KWH,(                ),,123161,123161,123161,123161,123161,123161,123161,123161,123161,123161,123161,123161,123161,123161,123161,123161,123161,123161,123161,123161,123161,123161,123161,123161,123161,123161,123161,123161,123161,123161,123161,123161,123161,123161,123161,123161,123161,123161,123161,123161,123161,123161,123161,123161,123161,123161,123161,123161,123161,123161,123161,123161,123161,123161,123162,123165,123168,123171,123174,123176,123180,123183,123185,123188,123191,123194,123197,123200,123203,123206,123207,123212,123215,123217,123220,123223,123226,123229,123232,123235,123237,123240,123243,123246,123249,123252,123255,123258,123261,123264,123267,123269,123272,123275,123278,123281,123284,123287,123290,123293,123296,123299,,,,,,,,,,,,,,,,,,,,,,,,,,,,,,,,,,,,,,,,,,
CHP4F7:KWH,(                ),,530215,530215,530215,530215,530215,530215,530215,530215,530215,530215,530215,530215,530215,530215,530215,530215,530215,530215,530215,530215,530215,530215,530215,530215,530215,530215,530215,530215,530215,530215,530215,530215,530215,530215,530215,530215,530215,530215,530215,530215,530215,530215,530215,530215,530215,530215,530215,530215,530215,530215,530215,530215,530215,530218,530222,530228,530233,530238,530243,530248,530253,530259,530263,530269,530274,530279,530284,530289,530294,530299,530302,530310,530315,530320,530325,530330,530335,530341,530346,530351,530355,530361,530366,530371,530376,530382,530387,530392,530397,530402,530407,530412,530417,530423,530428,530433,530437,530443,530448,530453,530458,530464,,,,,,,,,,,,,,,,,,,,,,,,,,,,,,,,,,,,,,,,,,
CHP5F7:KWH,(                ),,546768,546768,546768,546768,546768,546768,546768,546768,546768,546768,546768,546768,546768,546768,546768,546768,546768,546768,546768,546768,546768,546768,546768,546768,546768,546768,546768,546768,546768,546768,546768,546768,546768,546768,546768,546768,546768,546768,546768,546768,546768,546768,546768,546768,546768,546768,546768,546768,546768,546768,546768,546768,546768,546768,546768,546768,546768,546768,546768,546768,546768,546768,546768,546768,546768,546768,546768,546768,546768,546768,546768,546768,546768,546768,546768,546768,546768,546768,546768,546768,546768,546768,546768,546768,546768,546768,546768,546768,546768,546768,546768,546768,546768,546768,546768,546768,546768,546768,546768,546768,546768,546768,,,,,,,,,,,,,,,,,,,,,,,,,,,,,,,,,,,,,,,,,,
CWP1F7:KWH,(                ),,546437,546437,546437,546437,546437,546437,546437,546437,546437,546437,546437,546437,546437,546437,546437,546437,546437,546437,546437,546437,546437,546437,546437,546437,546437,546437,546437,546437,546437,546437,546437,546437,546437,546437,546437,546437,546437,546437,546437,546437,546437,546437,546437,546437,546437,546437,546437,546437,546437,546437,546437,546439,546445,546450,546454,546460,546465,546470,546475,546479,546485,546490,546495,546500,546505,546510,546515,546520,546525,546530,546533,546540,546546,546550,546556,546560,546566,546571,546576,546581,546585,546591,546596,546601,546606,546611,546616,546621,546626,546631,546636,546641,546646,546651,546657,546661,546666,546672,546677,546682,546687,546692,,,,,,,,,,,,,,,,,,,,,,,,,,,,,,,,,,,,,,,,,,
CWP2F7:KWH,(                ),,274310,274310,274310,274310,274310,274310,274310,274310,274310,274310,274310,274310,274310,274310,274310,274310,274310,274310,274310,274310,274310,274310,274310,274310,274310,274310,274310,274310,274310,274310,274310,274310,274310,274310,274310,274310,274310,274310,274310,274310,274310,274310,274310,274310,274310,274310,274310,274310,274310,274310,274310,274310,274310,274310,274310,274310,274310,274310,274310,274310,274310,274310,274310,274310,274310,274310,274310,274310,274310,274310,274310,274310,274310,274310,274310,274310,274310,274310,274310,274310,274310,274310,274310,274310,274310,274310,274310,274310,274310,274310,274310,274310,274310,274310,274310,274310,274310,274310,274310,274310,274310,274310,,,,,,,,,,,,,,,,,,,,,,,,,,,,,,,,,,,,,,,,,,
CWP3F7:KWH,(                ),,148351,148351,148351,148351,148351,148351,148351,148351,148351,148351,148351,148351,148351,148351,148351,148351,148351,148351,148351,148351,148351,148351,148351,148351,148351,148351,148351,148351,148351,148351,148351,148351,148351,148351,148351,148351,148351,148351,148351,148351,148351,148351,148351,148351,148351,148351,148351,148351,148351,148351,148351,148351,148351,148351,148352,148355,148359,148362,148366,148369,148373,148376,148379,148383,148386,148390,148393,148396,148400,148403,148405,148410,148414,148417,148420,148423,148427,148430,148434,148437,148440,148444,148447,148451,148454,148458,148461,148464,148468,148471,148475,148478,148481,148485,148488,148492,148495,148499,148502,148505,148509,148512,,,,,,,,,,,,,,,,,,,,,,,,,,,,,,,,,,,,,,,,,,
CWP4F7:KWH,(                ),,584541,584541,584541,584541,584541,584541,584541,584541,584541,584541,584541,584541,584541,584541,584541,584541,584541,584541,584541,584541,584541,584541,584541,584541,584541,584541,584541,584541,584541,584541,584541,584541,584541,584541,584541,584541,584541,584541,584541,584541,584541,584541,584541,584541,584541,584541,584541,584541,584541,584541,584541,584541,584541,584544,584548,584553,584558,584563,584568,584572,584578,584583,584588,584593,584598,584603,584607,584612,584617,584622,584624,584632,584637,584642,584647,584651,584657,584661,584666,584671,584675,584681,584686,584691,584696,584701,584706,584710,584715,584720,584726,584730,584735,584740,584745,584750,584754,584760,584765,584770,584775,584780,,,,,,,,,,,,,,,,,,,,,,,,,,,,,,,,,,,,,,,,,,
CWP5F7:KWH,(                ),,644500,644500,644500,644500,644500,644500,644500,644500,644500,644500,644500,644500,644500,644500,644500,644500,644500,644500,644500,644500,644500,644500,644500,644500,644500,644500,644500,644500,644500,644500,644500,644500,644500,644500,644500,644500,644500,644500,644500,644500,644500,644500,644500,644500,644500,644500,644500,644500,644500,644500,644500,644500,644500,644500,644500,644500,644500,644500,644500,644500,644500,644500,644500,644500,644500,644500,644500,644500,644500,644500,644500,644500,644500,644500,644500,644500,644500,644500,644500,644500,644500,644500,644500,644500,644500,644500,644500,644500,644500,644500,644500,644500,644500,644500,644500,644500,644500,644500,644500,644500,644500,644500,,,,,,,,,,,,,,,,,,,,,,,,,,,,,,,,,,,,,,,,,,
CT1-1.KWH,(度數            ),kW h,12765,12765,12765,12765,12765,12765,12765,12765,12765,12765,12765,12765,12765,12765,12765,12765,12765,12765,12765,12765,12765,12765,12765,12765,12765,12765,12765,12765,12765,12765,12765,12765,12765,12765,12765,12765,12765,12765,12765,12765,12765,12765,12765,12765,12765,12765,12765,12765,12765,12765,12765,12765,12765,12765,12767,12768,12769,12770,12771,12772,12774,12775,12776,12777,12778,12779,12780,12781,12783,12784,12784,12786,12787,12788,12789,12791,12792,12793,12794,12795,12796,12797,12798,12800,12801,12802,12803,12804,12805,12806,12808,12809,12810,12811,12812,12813,12814,12816,12817,12818,12819,12820,,,,,,,,,,,,,,,,,,,,,,,,,,,,,,,,,,,,,,,,,,
CT1-1:KW,(                ),kW,0.0,0.0,0.0,0.0,0.0,0.0,0.0,0.0,0.0,0.0,0.0,0.0,0.0,0.0,0.0,0.0,0.0,0.0,0.0,0.0,0.0,0.0,0.0,0.0,0.0,0.0,0.0,0.0,0.0,0.0,0.0,0.0,0.0,0.0,0.0,0.0,0.0,0.0,0.0,0.0,0.0,0.0,0.0,0.0,0.0,0.0,0.0,0.0,0.0,0.0,0.0,1.3,1.3,6.9,6.9,7.1,6.9,7.0,6.9,6.8,7.1,6.9,6.6,6.9,6.8,6.8,6.9,6.9,6.9,6.8,6.8,6.8,6.7,6.7,6.6,6.8,6.7,6.7,6.7,6.6,6.7,6.7,6.9,6.8,6.9,6.6,6.9,6.9,6.9,6.6,6.8,6.9,6.8,6.7,6.8,6.9,6.8,6.8,6.9,6.9,6.8,6.8,,,,,,,,,,,,,,,,,,,,,,,,,,,,,,,,,,,,,,,,,,
CT1-2.KWH,(度數            ),kW h,15133,15133,15133,15133,15133,15133,15133,15133,15133,15133,15133,15133,15133,15133,15133,15133,15133,15133,15133,15133,15133,15133,15133,15133,15133,15133,15133,15133,15133,15133,15133,15133,15133,15133,15133,15133,15133,15133,15133,15133,15133,15133,15133,15133,15133,15133,15133,15133,15133,15133,15133,15133,15133,15134,15135,15136,15137,15138,15139,15141,15142,15143,15144,15145,15146,15147,15148,15150,15151,15152,15152,15154,15155,15156,15157,15159,15160,15161,15162,15163,15164,15165,15166,15168,15169,15170,15171,15172,15173,15174,15175,15176,15178,15179,15180,15181,15182,15183,15184,15185,15187,15188,,,,,,,,,,,,,,,,,,,,,,,,,,,,,,,,,,,,,,,,,,
CT1-2:KW,(                ),kW,0.0,0.0,0.0,0.0,0.0,0.0,0.0,0.0,0.0,0.0,0.0,0.0,0.0,0.0,0.0,0.0,0.0,0.0,0.0,0.0,0.0,0.0,0.0,0.0,0.0,0.0,0.0,0.0,0.0,0.0,0.0,0.0,0.0,0.0,0.0,0.0,0.0,0.0,0.0,0.0,0.0,0.0,0.0,0.0,0.0,0.0,0.0,0.0,0.0,0.0,0.0,1.2,1.2,6.7,6.8,6.7,6.8,6.7,6.7,6.7,6.8,6.8,6.8,6.7,6.7,6.7,6.7,6.9,6.8,6.7,6.8,6.8,6.6,6.7,6.7,6.7,6.7,6.8,6.7,6.7,6.7,6.6,6.7,6.7,6.7,6.7,6.7,6.7,6.9,6.6,6.8,6.8,6.7,6.7,6.5,6.9,6.7,6.7,6.7,6.7,6.8,6.8,,,,,,,,,,,,,,,,,,,,,,,,,,,,,,,,,,,,,,,,,,
CT1-3.KWH,(度數            ),kW h,12458,12458,12458,12458,12458,12458,12458,12458,12458,12458,12458,12458,12458,12458,12458,12458,12458,12458,12458,12458,12458,12458,12458,12458,12458,12458,12458,12458,12458,12458,12458,12458,12458,12458,12458,12458,12458,12458,12458,12458,12458,12458,12458,12458,12458,12458,12458,12458,12458,12458,12458,12458,12458,12459,12460,12461,12462,12463,12465,12466,12467,12468,12469,12470,12471,12473,12474,12475,12476,12477,12478,12479,12480,12482,12483,12484,12485,12486,12487,12488,12489,12491,12492,12493,12494,12495,12496,12497,12498,12500,12501,12502,12503,12504,12505,12506,12508,12509,12510,12511,12512,12513,,,,,,,,,,,,,,,,,,,,,,,,,,,,,,,,,,,,,,,,,,
CT1-3:KW,(                ),kW,0.0,0.0,0.0,0.0,0.0,0.0,0.0,0.0,0.0,0.0,0.0,0.0,0.0,0.0,0.0,0.0,0.0,0.0,0.0,0.0,0.0,0.0,0.0,0.0,0.0,0.0,0.0,0.0,0.0,0.0,0.0,0.0,0.0,0.0,0.0,0.0,0.0,0.0,0.0,0.0,0.0,0.0,0.0,0.0,0.0,0.0,0.0,0.0,0.0,0.0,0.0,1.3,1.2,6.9,6.9,6.9,6.9,6.8,6.8,6.7,6.8,6.8,6.8,6.8,6.9,6.8,6.8,6.8,6.8,6.6,6.8,6.8,6.8,6.8,6.6,6.8,6.8,6.7,6.9,6.7,7.0,6.7,6.7,6.8,6.9,6.7,6.7,6.9,6.8,6.8,6.8,6.8,6.9,6.9,6.7,6.9,6.7,6.8,6.9,6.8,6.8,6.9,,,,,,,,,,,,,,,,,,,,,,,,,,,,,,,,,,,,,,,,,,
CT1-4.KWH,(度數            ),kW h,15457,15457,15457,15457,15457,15457,15457,15457,15457,15457,15457,15457,15457,15457,15457,15457,15457,15457,15457,15457,15457,15457,15457,15457,15457,15457,15457,15457,15457,15457,15457,15457,15457,15457,15457,15457,15457,15457,15457,15457,15457,15457,15457,15457,15457,15457,15457,15457,15457,15457,15457,15457,15457,15457,15459,15460,15461,15462,15463,15464,15465,15467,15468,15469,15470,15471,15472,15473,15475,15476,15476,15478,15479,15480,15481,15483,15484,15485,15486,15487,15488,15489,15490,15492,15493,15494,15495,15496,15497,15498,15499,15501,15502,15503,15504,15505,15506,15507,15508,15510,15511,15512,,,,,,,,,,,,,,,,,,,,,,,,,,,,,,,,,,,,,,,,,,
CT1-4:KW,(                ),kW,0.0,0.0,0.0,0.0,0.0,0.0,0.0,0.0,0.0,0.0,0.0,0.0,0.0,0.0,0.0,0.0,0.0,0.0,0.0,0.0,0.0,0.0,0.0,0.0,0.0,0.0,0.0,0.0,0.0,0.0,0.0,0.0,0.0,0.0,0.0,0.0,0.0,0.0,0.0,0.0,0.0,0.0,0.0,0.0,0.0,0.0,0.0,0.0,0.0,0.0,0.0,1.3,1.3,6.9,6.9,6.9,6.9,6.8,6.8,6.8,6.9,6.8,6.8,6.9,6.9,6.8,6.8,6.9,6.9,6.9,6.8,6.8,6.8,6.8,6.6,6.7,6.8,6.7,6.8,6.8,6.8,6.7,6.8,6.7,6.9,6.8,6.8,6.7,6.8,6.8,6.8,6.8,7.0,6.8,6.7,6.8,6.7,6.8,6.9,6.9,6.8,6.9,,,,,,,,,,,,,,,,,,,,,,,,,,,,,,,,,,,,,,,,,,
CT1-ALL.KW,(冷卻水塔系統功率),,0.0,0.0,0.0,0.0,0.0,0.0,0.0,0.0,0.0,0.0,0.0,0.0,0.0,0.0,0.0,0.0,0.0,0.0,0.0,0.0,0.0,0.0,0.0,0.0,0.0,0.0,0.0,0.0,0.0,0.0,0.0,0.0,0.0,0.0,0.0,0.0,0.0,0.0,0.0,0.0,0.0,0.0,0.0,0.0,0.0,0.0,0.0,0.0,0.0,0.0,0.0,5.1,5.1,27.4,27.5,27.6,27.5,27.3,27.2,27.1,27.5,27.4,27.1,27.4,27.3,27.1,27.1,27.5,27.3,27.1,27.2,27.2,27.0,27.0,26.6,27.0,27.0,26.9,27.1,26.8,27.1,26.7,27.1,27.0,27.3,26.9,27.1,27.2,27.5,26.9,27.0,27.3,27.3,27.1,26.8,27.6,26.9,27.1,27.5,27.4,27.2,27.4,,,,,,,,,,,,,,,,,,,,,,,,,,,,,,,,,,,,,,,,,,
CT1-ALL.KWH,(度數            ),kW h,55814,55814,55814,55814,55814,55814,55814,55814,55814,55814,55814,55814,55814,55814,55814,55814,55814,55814,55814,55814,55814,55814,55814,55814,55814,55814,55814,55814,55814,55814,55814,55814,55814,55814,55814,55814,55814,55814,55814,55814,55814,55814,55814,55814,55814,55814,55814,55814,55814,55814,55814,55814,55815,55817,55822,55826,55831,55835,55840,55845,55849,55854,55858,55863,55867,55872,55876,55881,55885,55890,55892,55899,55903,55908,55913,55917,55921,55926,55931,55935,55940,55944,55949,55953,55958,55962,55966,55971,55975,55980,55985,55989,55994,55998,56003,56007,56012,56016,56021,56025,56030,56034,,,,,,,,,,,,,,,,,,,,,,,,,,,,,,,,,,,,,,,,,,
CT2-1.KWH,(度數            ),kW h,12107,12107,12107,12107,12107,12107,12107,12107,12107,12107,12107,12107,12107,12107,12107,12107,12107,12107,12107,12107,12107,12107,12107,12107,12107,12107,12107,12107,12107,12107,12107,12107,12107,12107,12107,12107,12107,12107,12107,12107,12107,12107,12107,12107,12107,12107,12107,12107,12107,12107,12107,12107,12107,12107,12107,12107,12107,12107,12107,12107,12107,12107,12107,12107,12107,12107,12107,12107,12107,12107,12107,12107,12107,12107,12107,12107,12107,12107,12107,12107,12107,12107,12107,12107,12107,12107,12107,12107,12107,12107,12107,12107,12107,12107,12107,12107,12107,12107,12107,12107,12107,12107,,,,,,,,,,,,,,,,,,,,,,,,,,,,,,,,,,,,,,,,,,
CT2-1:KW,(                ),kW,0.0,0.0,0.0,0.0,0.0,0.0,0.0,0.0,0.0,0.0,0.0,0.0,0.0,0.0,0.0,0.0,0.0,0.0,0.0,0.0,0.0,0.0,0.0,0.0,0.0,0.0,0.0,0.0,0.0,0.0,0.0,0.0,0.0,0.0,0.0,0.0,0.0,0.0,0.0,0.0,0.0,0.0,0.0,0.0,0.0,0.0,0.0,0.0,0.0,0.0,0.0,0.0,0.0,0.0,0.0,0.0,0.0,0.0,0.0,0.0,0.0,0.0,0.0,0.0,0.0,0.0,0.0,0.0,0.0,0.0,0.0,0.0,0.0,0.0,0.0,0.0,0.0,0.0,0.0,0.0,0.0,0.0,0.0,0.0,0.0,0.0,0.0,0.0,0.0,0.0,0.0,0.0,0.0,0.0,0.0,0.0,0.0,0.0,0.0,0.0,0.0,0.0,,,,,,,,,,,,,,,,,,,,,,,,,,,,,,,,,,,,,,,,,,
CT2-2.KWH,(度數            ),kW h,11776,11776,11776,11776,11776,11776,11776,11776,11776,11776,11776,11776,11776,11776,11776,11776,11776,11776,11776,11776,11776,11776,11776,11776,11776,11776,11776,11776,11776,11776,11776,11776,11776,11776,11776,11776,11776,11776,11776,11776,11776,11776,11776,11776,11776,11776,11776,11776,11776,11776,11776,11776,11776,11776,11776,11776,11776,11776,11776,11776,11776,11776,11776,11776,11776,11776,11776,11776,11776,11776,11776,11776,11776,11776,11776,11776,11776,11776,11776,11776,11776,11776,11776,11776,11776,11776,11776,11776,11776,11776,11776,11776,11776,11776,11776,11776,11776,11776,11776,11776,11776,11776,,,,,,,,,,,,,,,,,,,,,,,,,,,,,,,,,,,,,,,,,,
CT2-2:KW,(                ),kW,0.0,0.0,0.0,0.0,0.0,0.0,0.0,0.0,0.0,0.0,0.0,0.0,0.0,0.0,0.0,0.0,0.0,0.0,0.0,0.0,0.0,0.0,0.0,0.0,0.0,0.0,0.0,0.0,0.0,0.0,0.0,0.0,0.0,0.0,0.0,0.0,0.0,0.0,0.0,0.0,0.0,0.0,0.0,0.0,0.0,0.0,0.0,0.0,0.0,0.0,0.0,0.0,0.0,0.0,0.0,0.0,0.0,0.0,0.0,0.0,0.0,0.0,0.0,0.0,0.0,0.0,0.0,0.0,0.0,0.0,0.0,0.0,0.0,0.0,0.0,0.0,0.0,0.0,0.0,0.0,0.0,0.0,0.0,0.0,0.0,0.0,0.0,0.0,0.0,0.0,0.0,0.0,0.0,0.0,0.0,0.0,0.0,0.0,0.0,0.0,0.0,0.0,,,,,,,,,,,,,,,,,,,,,,,,,,,,,,,,,,,,,,,,,,
CT2-3.KWH,(度數            ),kW h,11588,11588,11588,11588,11588,11588,11588,11588,11588,11588,11588,11588,11588,11588,11588,11588,11588,11588,11588,11588,11588,11588,11588,11588,11588,11588,11588,11588,11588,11588,11588,11588,11588,11588,11588,11588,11588,11588,11588,11588,11588,11588,11588,11588,11588,11588,11588,11588,11588,11588,11588,11588,11588,11588,11588,11588,11588,11588,11588,11588,11588,11588,11588,11588,11588,11588,11588,11588,11588,11588,11588,11588,11588,11588,11588,11588,11588,11588,11588,11588,11588,11588,11588,11588,11588,11588,11588,11588,11588,11588,11588,11588,11588,11588,11588,11588,11588,11588,11588,11588,11588,11588,,,,,,,,,,,,,,,,,,,,,,,,,,,,,,,,,,,,,,,,,,
CT2-3:KW,(                ),kW,0.0,0.0,0.0,0.0,0.0,0.0,0.0,0.0,0.0,0.0,0.0,0.0,0.0,0.0,0.0,0.0,0.0,0.0,0.0,0.0,0.0,0.0,0.0,0.0,0.0,0.0,0.0,0.0,0.0,0.0,0.0,0.0,0.0,0.0,0.0,0.0,0.0,0.0,0.0,0.0,0.0,0.0,0.0,0.0,0.0,0.0,0.0,0.0,0.0,0.0,0.0,0.0,0.0,0.0,0.0,0.0,0.0,0.0,0.0,0.0,0.0,0.0,0.0,0.0,0.0,0.0,0.0,0.0,0.0,0.0,0.0,0.0,0.0,0.0,0.0,0.0,0.0,0.0,0.0,0.0,0.0,0.0,0.0,0.0,0.0,0.0,0.0,0.0,0.0,0.0,0.0,0.0,0.0,0.0,0.0,0.0,0.0,0.0,0.0,0.0,0.0,0.0,,,,,,,,,,,,,,,,,,,,,,,,,,,,,,,,,,,,,,,,,,
CT2-4.KWH,(度數            ),kW h,11935,11935,11935,11935,11935,11935,11935,11935,11935,11935,11935,11935,11935,11935,11935,11935,11935,11935,11935,11935,11935,11935,11935,11935,11935,11935,11935,11935,11935,11935,11935,11935,11935,11935,11935,11935,11935,11935,11935,11935,11935,11935,11935,11935,11935,11935,11935,11935,11935,11935,11935,11935,11935,11935,11935,11935,11935,11935,11935,11935,11935,11935,11935,11935,11935,11935,11935,11935,11935,11935,11935,11935,11935,11935,11935,11935,11935,11935,11935,11935,11935,11935,11935,11935,11935,11935,11935,11935,11935,11935,11935,11935,11935,11935,11935,11935,11935,11935,11935,11935,11935,11935,,,,,,,,,,,,,,,,,,,,,,,,,,,,,,,,,,,,,,,,,,
CT2-4:KW,(                ),kW,0.0,0.0,0.0,0.0,0.0,0.0,0.0,0.0,0.0,0.0,0.0,0.0,0.0,0.0,0.0,0.0,0.0,0.0,0.0,0.0,0.0,0.0,0.0,0.0,0.0,0.0,0.0,0.0,0.0,0.0,0.0,0.0,0.0,0.0,0.0,0.0,0.0,0.0,0.0,0.0,0.0,0.0,0.0,0.0,0.0,0.0,0.0,0.0,0.0,0.0,0.0,0.0,0.0,0.0,0.0,0.0,0.0,0.0,0.0,0.0,0.0,0.0,0.0,0.0,0.0,0.0,0.0,0.0,0.0,0.0,0.0,0.0,0.0,0.0,0.0,0.0,0.0,0.0,0.0,0.0,0.0,0.0,0.0,0.0,0.0,0.0,0.0,0.0,0.0,0.0,0.0,0.0,0.0,0.0,0.0,0.0,0.0,0.0,0.0,0.0,0.0,0.0,,,,,,,,,,,,,,,,,,,,,,,,,,,,,,,,,,,,,,,,,,
CT2-ALL.KW,(冷卻水塔系統功率),,0.0,0.0,0.0,0.0,0.0,0.0,0.0,0.0,0.0,0.0,0.0,0.0,0.0,0.0,0.0,0.0,0.0,0.0,0.0,0.0,0.0,0.0,0.0,0.0,0.0,0.0,0.0,0.0,0.0,0.0,0.0,0.0,0.0,0.0,0.0,0.0,0.0,0.0,0.0,0.0,0.0,0.0,0.0,0.0,0.0,0.0,0.0,0.0,0.0,0.0,0.0,0.0,0.0,0.0,0.0,0.0,0.0,0.0,0.0,0.0,0.0,0.0,0.0,0.0,0.0,0.0,0.0,0.0,0.0,0.0,0.0,0.0,0.0,0.0,0.0,0.0,0.0,0.0,0.0,0.0,0.0,0.0,0.0,0.0,0.0,0.0,0.0,0.0,0.0,0.0,0.0,0.0,0.0,0.0,0.0,0.0,0.0,0.0,0.0,0.0,0.0,0.0,,,,,,,,,,,,,,,,,,,,,,,,,,,,,,,,,,,,,,,,,,
CT2-ALL.KWH,(度數            ),kW h,47408,47408,47408,47408,47408,47408,47408,47408,47408,47408,47408,47408,47408,47408,47408,47408,47408,47408,47408,47408,47408,47408,47408,47408,47408,47408,47408,47408,47408,47408,47408,47408,47408,47408,47408,47408,47408,47408,47408,47408,47408,47408,47408,47408,47408,47408,47408,47408,47408,47408,47408,47408,47408,47408,47408,47408,47408,47408,47408,47408,47408,47408,47408,47408,47408,47408,47408,47408,47408,47408,47408,47408,47408,47408,47408,47408,47408,47408,47408,47408,47408,47408,47408,47408,47408,47408,47408,47408,47408,47408,47408,47408,47408,47408,47408,47408,47408,47408,47408,47408,47408,47408,,,,,,,,,,,,,,,,,,,,,,,,,,,,,,,,,,,,,,,,,,
CT3-1.KWH,(度數            ),kW h,6605,6605,6605,6605,6605,6605,6605,6605,6605,6605,6605,6605,6605,6605,6605,6605,6605,6605,6605,6605,6605,6605,6605,6605,6605,6605,6605,6605,6605,6605,6605,6605,6605,6605,6605,6605,6605,6605,6605,6605,6605,6605,6605,6605,6605,6605,6605,6605,6605,6605,6605,6605,6605,6605,6605,6605,6605,6605,6605,6605,6605,6605,6605,6605,6605,6605,6605,6605,6605,6605,6605,6605,6605,6605,6605,6605,6605,6605,6605,6605,6605,6605,6605,6605,6605,6605,6605,6605,6605,6605,6605,6605,6605,6605,6605,6605,6605,6605,6605,6605,6605,6605,,,,,,,,,,,,,,,,,,,,,,,,,,,,,,,,,,,,,,,,,,
CT3-1:KW,(                ),kW,0.0,0.0,0.0,0.0,0.0,0.0,0.0,0.0,0.0,0.0,0.0,0.0,0.0,0.0,0.0,0.0,0.0,0.0,0.0,0.0,0.0,0.0,0.0,0.0,0.0,0.0,0.0,0.0,0.0,0.0,0.0,0.0,0.0,0.0,0.0,0.0,0.0,0.0,0.0,0.0,0.0,0.0,0.0,0.0,0.0,0.0,0.0,0.0,0.0,0.0,0.0,0.0,0.0,0.0,0.0,0.0,0.0,0.0,0.0,0.0,0.0,0.0,0.0,0.0,0.0,0.0,0.0,0.0,0.0,0.0,0.0,0.0,0.0,0.0,0.0,0.0,0.0,0.0,0.0,0.0,0.0,0.0,0.0,0.0,0.0,0.0,0.0,0.0,0.0,0.0,0.0,0.0,0.0,0.0,0.0,0.0,0.0,0.0,0.0,0.0,0.0,0.0,,,,,,,,,,,,,,,,,,,,,,,,,,,,,,,,,,,,,,,,,,
CT3-2.KWH,(度數            ),kW h,7660,7660,7660,7660,7660,7660,7660,7660,7660,7660,7660,7660,7660,7660,7660,7660,7660,7660,7660,7660,7660,7660,7660,7660,7660,7660,7660,7660,7660,7660,7660,7660,7660,7660,7660,7660,7660,7660,7660,7660,7660,7660,7660,7660,7660,7660,7660,7660,7660,7660,7660,7660,7660,7660,7660,7661,7661,7662,7663,7664,7665,7666,7668,7669,7670,7671,7672,7673,7674,7675,7675,7677,7678,7679,7680,7681,7682,7683,7684,7685,7687,7688,7689,7690,7691,7692,7693,7694,7695,7696,7697,7698,7699,7700,7701,7702,7703,7705,7706,7707,7708,7709,,,,,,,,,,,,,,,,,,,,,,,,,,,,,,,,,,,,,,,,,,
CT3-2:KW,(                ),kW,0.0,0.0,0.0,0.0,0.0,0.0,0.0,0.0,0.0,0.0,0.0,0.0,0.0,0.0,0.0,0.0,0.0,0.0,0.0,0.0,0.0,0.0,0.0,0.0,0.0,0.0,0.0,0.0,0.0,0.0,0.0,0.0,0.0,0.0,0.0,0.0,0.0,0.0,0.0,0.0,0.0,0.0,0.0,0.0,0.0,0.0,0.0,0.0,0.0,0.0,0.0,0.0,0.0,0.0,6.5,1.3,6.3,6.3,6.3,6.4,6.2,6.4,6.3,6.4,6.4,6.4,6.3,6.3,6.5,6.3,6.3,6.3,6.3,6.4,6.4,6.4,6.4,6.3,6.4,6.3,6.3,6.3,6.3,6.3,6.3,6.4,6.5,6.3,6.4,6.4,6.3,6.3,6.4,6.3,6.4,6.3,6.3,6.3,6.4,6.5,6.3,6.4,,,,,,,,,,,,,,,,,,,,,,,,,,,,,,,,,,,,,,,,,,
CT3-3.KWH,(度數            ),kW h,8010,8010,8010,8010,8010,8010,8010,8010,8010,8010,8010,8010,8010,8010,8010,8010,8010,8010,8010,8010,8010,8010,8010,8010,8010,8010,8010,8010,8010,8010,8010,8010,8010,8010,8010,8010,8010,8010,8010,8010,8010,8010,8010,8010,8010,8010,8010,8010,8010,8010,8010,8010,8010,8010,8010,8011,8011,8012,8013,8014,8015,8016,8018,8019,8020,8021,8022,8023,8024,8025,8026,8027,8028,8029,8031,8032,8033,8034,8035,8036,8037,8038,8039,8040,8041,8042,8043,8045,8046,8047,8048,8049,8050,8051,8052,8053,8054,8055,8056,8057,8059,8060,,,,,,,,,,,,,,,,,,,,,,,,,,,,,,,,,,,,,,,,,,
CT3-3:KW,(                ),kW,0.0,0.0,0.0,0.0,0.0,0.0,0.0,0.0,0.0,0.0,0.0,0.0,0.0,0.0,0.0,0.0,0.0,0.0,0.0,0.0,0.0,0.0,0.0,0.0,0.0,0.0,0.0,0.0,0.0,0.0,0.0,0.0,0.0,0.0,0.0,0.0,0.0,0.0,0.0,0.0,0.0,0.0,0.0,0.0,0.0,0.0,0.0,0.0,0.0,0.0,0.0,0.0,0.0,0.0,6.7,1.3,6.4,6.5,6.5,6.5,6.5,6.5,6.6,6.4,6.5,6.5,6.5,6.5,6.6,6.5,6.4,6.5,6.4,6.5,6.4,6.5,6.5,6.5,6.5,6.4,6.5,6.6,6.5,6.4,6.5,6.5,6.4,6.5,6.4,6.4,6.4,6.5,6.5,6.4,6.5,6.4,6.6,6.4,6.5,6.4,6.4,6.5,,,,,,,,,,,,,,,,,,,,,,,,,,,,,,,,,,,,,,,,,,
CT3-4.KWH,(度數            ),kW h,8065,8065,8065,8065,8065,8065,8065,8065,8065,8065,8065,8065,8065,8065,8065,8065,8065,8065,8065,8065,8065,8065,8065,8065,8065,8065,8065,8065,8065,8065,8065,8065,8065,8065,8065,8065,8065,8065,8065,8065,8065,8065,8065,8065,8065,8065,8065,8065,8065,8065,8065,8065,8065,8065,8065,8066,8066,8067,8068,8069,8070,8071,8072,8073,8074,8076,8077,8078,8079,8080,8080,8082,8083,8084,8085,8086,8087,8088,8089,8090,8092,8093,8094,8095,8096,8097,8098,8099,8100,8101,8102,8103,8104,8105,8106,8108,8109,8110,8111,8112,8113,8114,,,,,,,,,,,,,,,,,,,,,,,,,,,,,,,,,,,,,,,,,,
CT3-4:KW,(                ),kW,0.0,0.0,0.0,0.0,0.0,0.0,0.0,0.0,0.0,0.0,0.0,0.0,0.0,0.0,0.0,0.0,0.0,0.0,0.0,0.0,0.0,0.0,0.0,0.0,0.0,0.0,0.0,0.0,0.0,0.0,0.0,0.0,0.0,0.0,0.0,0.0,0.0,0.0,0.0,0.0,0.0,0.0,0.0,0.0,0.0,0.0,0.0,0.0,0.0,0.0,0.0,0.0,0.0,0.0,6.6,1.3,6.4,6.2,6.5,6.4,6.4,6.4,6.4,6.5,6.5,6.5,6.4,6.4,6.4,6.4,6.4,6.4,6.4,6.5,6.4,6.3,6.4,6.4,6.4,6.4,6.4,6.4,6.3,6.4,6.4,6.3,6.4,6.3,6.4,6.4,6.2,6.4,6.4,6.4,6.3,6.4,6.3,6.5,6.4,6.4,6.5,6.4,,,,,,,,,,,,,,,,,,,,,,,,,,,,,,,,,,,,,,,,,,
CT3-ALL.KW,(冷卻水塔系統功率),,0.0,0.0,0.0,0.0,0.0,0.0,0.0,0.0,0.0,0.0,0.0,0.0,0.0,0.0,0.0,0.0,0.0,0.0,0.0,0.0,0.0,0.0,0.0,0.0,0.0,0.0,0.0,0.0,0.0,0.0,0.0,0.0,0.0,0.0,0.0,0.0,0.0,0.0,0.0,0.0,0.0,0.0,0.0,0.0,0.0,0.0,0.0,0.0,0.0,0.0,0.0,0.0,0.0,0.0,19.8,3.9,19.2,19.0,19.3,19.3,19.1,19.2,19.3,19.3,19.4,19.4,19.2,19.2,19.4,19.3,19.2,19.3,19.1,19.3,19.2,19.3,19.2,19.2,19.2,19.2,19.3,19.4,19.1,19.1,19.2,19.2,19.2,19.1,19.1,19.2,19.0,19.2,19.3,19.1,19.3,19.1,19.2,19.2,19.3,19.3,19.2,19.3,,,,,,,,,,,,,,,,,,,,,,,,,,,,,,,,,,,,,,,,,,
CT3-ALL.KWH,(度數            ),kW h,30341,30341,30341,30341,30341,30341,30341,30341,30341,30341,30341,30341,30341,30341,30341,30341,30341,30341,30341,30341,30341,30341,30341,30341,30341,30341,30341,30341,30341,30341,30341,30341,30341,30341,30341,30341,30341,30341,30341,30341,30341,30341,30341,30341,30341,30341,30341,30341,30341,30341,30341,30341,30341,30341,30342,30343,30345,30348,30351,30354,30357,30361,30364,30367,30370,30374,30377,30380,30383,30386,30388,30393,30396,30399,30402,30405,30409,30412,30415,30418,30422,30425,30428,30431,30434,30437,30441,30444,30447,30450,30453,30457,30460,30463,30466,30470,30473,30476,30479,30482,30486,30489,,,,,,,,,,,,,,,,,,,,,,,,,,,,,,,,,,,,,,,,,,
CT4-1.KWH,(度數            ),kW h,14252,14252,14252,14252,14252,14252,14252,14252,14252,14252,14252,14252,14252,14252,14252,14252,14252,14252,14252,14252,14252,14252,14252,14252,14252,14252,14252,14252,14252,14252,14252,14252,14252,14252,14252,14252,14252,14252,14252,14252,14252,14252,14252,14252,14252,14252,14252,14252,14252,14252,14252,14252,14252,14252,14253,14253,14254,14255,14257,14258,14259,14260,14261,14262,14263,14264,14265,14266,14268,14269,14269,14271,14272,14273,14274,14275,14276,14278,14279,14280,14281,14282,14283,14284,14285,14286,14287,14289,14290,14291,14292,14293,14294,14295,14296,14297,14298,14300,14301,14302,14303,14304,,,,,,,,,,,,,,,,,,,,,,,,,,,,,,,,,,,,,,,,,,
CT4-1:KW,(                ),kW,0.0,0.0,0.0,0.0,0.0,0.0,0.0,0.0,0.0,0.0,0.0,0.0,0.0,0.0,0.0,0.0,0.0,0.0,0.0,0.0,0.0,0.0,0.0,0.0,0.0,0.0,0.0,0.0,0.0,0.0,0.0,0.0,0.0,0.0,0.0,0.0,0.0,0.0,0.0,0.0,0.0,0.0,0.0,0.0,0.0,0.0,0.0,0.0,0.0,0.0,0.0,0.0,0.0,3.8,1.1,6.5,6.5,6.6,6.5,6.8,6.7,6.6,6.5,6.7,6.4,6.8,6.5,6.6,6.5,6.5,6.7,6.6,6.7,6.7,6.7,6.5,6.6,6.6,6.6,6.5,6.7,6.4,6.6,6.7,6.7,6.7,6.6,6.3,6.6,6.7,6.7,6.8,6.5,6.5,6.7,6.5,6.5,6.6,6.5,6.6,6.6,6.8,,,,,,,,,,,,,,,,,,,,,,,,,,,,,,,,,,,,,,,,,,
CT4-2.KWH,(度數            ),kW h,8737,8737,8737,8737,8737,8737,8737,8737,8737,8737,8737,8737,8737,8737,8737,8737,8737,8737,8737,8737,8737,8737,8737,8737,8737,8737,8737,8737,8737,8737,8737,8737,8737,8737,8737,8737,8737,8737,8737,8737,8737,8737,8737,8737,8737,8737,8737,8737,8737,8737,8737,8737,8737,8737,8737,8738,8738,8739,8739,8740,8740,8741,8742,8742,8743,8743,8744,8744,8745,8745,8746,8747,8747,8748,8748,8749,8749,8750,8750,8751,8751,8752,8753,8753,8754,8754,8755,8755,8756,8756,8757,8758,8758,8759,8759,8760,8760,8761,8761,8762,8763,8763,,,,,,,,,,,,,,,,,,,,,,,,,,,,,,,,,,,,,,,,,,
CT4-2:KW,(                ),kW,0.0,0.0,0.0,0.0,0.0,0.0,0.0,0.0,0.0,0.0,0.0,0.0,0.0,0.0,0.0,0.0,0.0,0.0,0.0,0.0,0.0,0.0,0.0,0.0,0.0,0.0,0.0,0.0,0.0,0.0,0.0,0.0,0.0,0.0,0.0,0.0,0.0,0.0,0.0,0.0,0.0,0.0,0.0,0.0,0.0,0.0,0.0,0.0,0.0,0.0,0.0,0.0,0.0,2.0,0.7,3.3,3.5,3.4,3.4,3.5,3.4,3.4,3.3,3.5,3.3,3.4,3.3,3.4,3.3,3.1,3.6,3.3,3.4,3.4,3.4,3.3,3.3,3.2,3.1,3.4,3.3,3.3,3.3,3.3,3.4,3.3,3.2,3.2,3.5,3.3,3.2,3.6,3.4,3.4,3.4,3.2,3.2,3.2,3.3,3.4,3.5,3.4,,,,,,,,,,,,,,,,,,,,,,,,,,,,,,,,,,,,,,,,,,
CT4-3.KWH,(度數            ),kW h,13531,13531,13531,13531,13531,13531,13531,13531,13531,13531,13531,13531,13531,13531,13531,13531,13531,13531,13531,13531,13531,13531,13531,13531,13531,13531,13531,13531,13531,13531,13531,13531,13531,13531,13531,13531,13531,13531,13531,13531,13531,13531,13531,13531,13531,13531,13531,13531,13531,13531,13531,13531,13531,13532,13532,13533,13534,13535,13536,13537,13538,13539,13540,13541,13542,13543,13544,13546,13547,13548,13548,13550,13551,13552,13553,13554,13555,13556,13557,13558,13560,13561,13562,13563,13564,13565,13566,13567,13568,13569,13570,13571,13572,13573,13575,13576,13577,13578,13579,13580,13581,13582,,,,,,,,,,,,,,,,,,,,,,,,,,,,,,,,,,,,,,,,,,
CT4-3:KW,(                ),kW,0.0,0.0,0.0,0.0,0.0,0.0,0.0,0.0,0.0,0.0,0.0,0.0,0.0,0.0,0.0,0.0,0.0,0.0,0.0,0.0,0.0,0.0,0.0,0.0,0.0,0.0,0.0,0.0,0.0,0.0,0.0,0.0,0.0,0.0,0.0,0.0,0.0,0.0,0.0,0.0,0.0,0.0,0.0,0.0,0.0,0.0,0.0,0.0,0.0,0.0,0.0,0.0,0.0,3.5,1.1,6.5,6.3,6.4,6.4,6.5,6.4,6.4,6.5,6.4,6.4,6.4,6.4,6.5,6.3,6.4,6.4,6.6,6.4,6.4,6.6,6.3,6.4,6.4,6.3,6.4,6.4,6.4,6.4,6.4,6.4,6.4,6.4,6.3,6.4,6.5,6.5,6.4,6.5,6.5,6.4,6.4,6.4,6.3,6.4,6.4,6.4,6.6,,,,,,,,,,,,,,,,,,,,,,,,,,,,,,,,,,,,,,,,,,
CT4-4.KWH,(度數            ),kW h,11619,11619,11619,11619,11619,11619,11619,11619,11619,11619,11619,11619,11619,11619,11619,11619,11619,11619,11619,11619,11619,11619,11619,11619,11619,11619,11619,11619,11619,11619,11619,11619,11619,11619,11619,11619,11619,11619,11619,11619,11619,11619,11619,11619,11619,11619,11619,11619,11619,11619,11619,11619,11619,11620,11620,11620,11622,11623,11624,11625,11626,11627,11628,11629,11630,11631,11633,11634,11635,11636,11636,11638,11639,11640,11641,11642,11643,11644,11646,11647,11648,11649,11650,11651,11652,11653,11654,11655,11656,11657,11659,11660,11661,11662,11663,11664,11665,11666,11667,11668,11669,11670,,,,,,,,,,,,,,,,,,,,,,,,,,,,,,,,,,,,,,,,,,
CT4-4:KW,(                ),kW,0.0,0.0,0.0,0.0,0.0,0.0,0.0,0.0,0.0,0.0,0.0,0.0,0.0,0.0,0.0,0.0,0.0,0.0,0.0,0.0,0.0,0.0,0.0,0.0,0.0,0.0,0.0,0.0,0.0,0.0,0.0,0.0,0.0,0.0,0.0,0.0,0.0,0.0,0.0,0.0,0.0,0.0,0.0,0.0,0.0,0.0,0.0,0.0,0.0,0.0,0.0,0.0,0.0,3.7,1.2,6.7,6.5,6.7,6.5,6.6,6.4,6.5,6.4,6.6,6.5,6.4,6.7,6.5,6.7,6.6,6.5,6.3,6.4,6.6,6.5,6.4,6.6,6.6,6.4,6.6,6.7,6.4,6.6,6.5,6.6,6.6,6.4,6.4,6.7,6.4,6.5,6.3,6.5,6.4,6.6,6.4,6.5,6.7,6.5,6.9,6.8,6.6,,,,,,,,,,,,,,,,,,,,,,,,,,,,,,,,,,,,,,,,,,
CT4-ALL.KW,(冷卻水塔系統功率),,0.0,0.0,0.0,0.0,0.0,0.0,0.0,0.0,0.0,0.0,0.0,0.0,0.0,0.0,0.0,0.0,0.0,0.0,0.0,0.0,0.0,0.0,0.0,0.0,0.0,0.0,0.0,0.0,0.0,0.0,0.0,0.0,0.0,0.0,0.0,0.0,0.0,0.0,0.0,0.0,0.0,0.0,0.0,0.0,0.0,0.0,0.0,0.0,0.0,0.0,0.0,0.0,0.0,13.0,4.2,23.0,22.9,23.2,22.9,23.5,22.8,22.9,22.7,23.2,23.0,22.9,22.9,22.9,22.8,22.7,23.3,22.8,22.9,23.0,23.3,22.5,23.0,22.9,22.4,22.7,23.1,22.5,22.9,23.0,23.1,23.1,22.8,22.2,23.2,22.8,23.0,23.1,22.9,22.8,23.1,22.5,22.5,22.9,22.8,23.3,23.3,23.3,,,,,,,,,,,,,,,,,,,,,,,,,,,,,,,,,,,,,,,,,,
CT4-ALL.KWH,(度數            ),kW h,48141,48141,48141,48141,48141,48141,48141,48141,48141,48141,48141,48141,48141,48141,48141,48141,48141,48141,48141,48141,48141,48141,48141,48141,48141,48141,48141,48141,48141,48141,48141,48141,48141,48141,48141,48141,48141,48141,48141,48141,48141,48141,48141,48141,48141,48141,48141,48141,48141,48141,48141,48141,48141,48142,48143,48145,48149,48153,48157,48161,48165,48169,48172,48176,48180,48184,48188,48191,48195,48199,48201,48207,48211,48214,48218,48222,48226,48230,48233,48237,48241,48245,48249,48253,48256,48260,48264,48268,48271,48275,48279,48283,48287,48291,48294,48298,48302,48306,48310,48313,48317,48321,,,,,,,,,,,,,,,,,,,,,,,,,,,,,,,,,,,,,,,,,,
CT5-1.KWH,(度數            ),kW h,14924,14924,14924,14924,14924,14924,14924,14924,14924,14924,14924,14924,14924,14924,14924,14924,14924,14924,14924,14924,14924,14924,14924,14924,14924,14924,14924,14924,14924,14924,14924,14924,14924,14924,14924,14924,14924,14924,14924,14924,14924,14924,14924,14924,14924,14924,14924,14924,14924,14924,14924,14924,14924,14924,14924,14924,14924,14924,14924,14924,14924,14924,14924,14924,14924,14924,14924,14924,14924,14924,14924,14924,14924,14924,14924,14924,14924,14924,14924,14924,14924,14924,14924,14924,14924,14924,14924,14924,14924,14924,14924,14924,14924,14924,14924,14924,14924,14924,14924,14924,14924,14924,,,,,,,,,,,,,,,,,,,,,,,,,,,,,,,,,,,,,,,,,,
CT5-1:KW,(                ),kW,0.0,0.0,0.0,0.0,0.0,0.0,0.0,0.0,0.0,0.0,0.0,0.0,0.0,0.0,0.0,0.0,0.0,0.0,0.0,0.0,0.0,0.0,0.0,0.0,0.0,0.0,0.0,0.0,0.0,0.0,0.0,0.0,0.0,0.0,0.0,0.0,0.0,0.0,0.0,0.0,0.0,0.0,0.0,0.0,0.0,0.0,0.0,0.0,0.0,0.0,0.0,0.0,0.0,0.0,0.0,0.0,0.0,0.0,0.0,0.0,0.0,0.0,0.0,0.0,0.0,0.0,0.0,0.0,0.0,0.0,0.0,0.0,0.0,0.0,0.0,0.0,0.0,0.0,0.0,0.0,0.0,0.0,0.0,0.0,0.0,0.0,0.0,0.0,0.0,0.0,0.0,0.0,0.0,0.0,0.0,0.0,0.0,0.0,0.0,0.0,0.0,0.0,,,,,,,,,,,,,,,,,,,,,,,,,,,,,,,,,,,,,,,,,,
CT5-2.KWH,(度數            ),kW h,14275,14275,14275,14275,14275,14275,14275,14275,14275,14275,14275,14275,14275,14275,14275,14275,14275,14275,14275,14275,14275,14275,14275,14275,14275,14275,14275,14275,14275,14275,14275,14275,14275,14275,14275,14275,14275,14275,14275,14275,14275,14275,14275,14275,14275,14275,14275,14275,14275,14275,14275,14275,14275,14275,14275,14275,14275,14275,14275,14275,14275,14275,14275,14275,14275,14275,14275,14275,14275,14275,14275,14275,14275,14275,14275,14275,14275,14275,14275,14275,14275,14275,14275,14275,14275,14275,14275,14275,14275,14275,14275,14275,14275,14275,14275,14275,14275,14275,14275,14275,14275,14275,,,,,,,,,,,,,,,,,,,,,,,,,,,,,,,,,,,,,,,,,,
CT5-2:KW,(                ),kW,0.0,0.0,0.0,0.0,0.0,0.0,0.0,0.0,0.0,0.0,0.0,0.0,0.0,0.0,0.0,0.0,0.0,0.0,0.0,0.0,0.0,0.0,0.0,0.0,0.0,0.0,0.0,0.0,0.0,0.0,0.0,0.0,0.0,0.0,0.0,0.0,0.0,0.0,0.0,0.0,0.0,0.0,0.0,0.0,0.0,0.0,0.0,0.0,0.0,0.0,0.0,0.0,0.0,0.0,0.0,0.0,0.0,0.0,0.0,0.0,0.0,0.0,0.0,0.0,0.0,0.0,0.0,0.0,0.0,0.0,0.0,0.0,0.0,0.0,0.0,0.0,0.0,0.0,0.0,0.0,0.0,0.0,0.0,0.0,0.0,0.0,0.0,0.0,0.0,0.0,0.0,0.0,0.0,0.0,0.0,0.0,0.0,0.0,0.0,0.0,0.0,0.0,,,,,,,,,,,,,,,,,,,,,,,,,,,,,,,,,,,,,,,,,,
CT5-3.KWH,(度數            ),kW h,12997,12997,12997,12997,12997,12997,12997,12997,12997,12997,12997,12997,12997,12997,12997,12997,12997,12997,12997,12997,12997,12997,12997,12997,12997,12997,12997,12997,12997,12997,12997,12997,12997,12997,12997,12997,12997,12997,12997,12997,12997,12997,12997,12997,12997,12997,12997,12997,12997,12997,12997,12997,12997,12997,12997,12997,12997,12997,12997,12997,12997,12997,12997,12997,12997,12997,12997,12997,12997,12997,12997,12997,12997,12997,12997,12997,12997,12997,12997,12997,12997,12997,12997,12997,12997,12997,12997,12997,12997,12997,12997,12997,12997,12997,12997,12997,12997,12997,12997,12997,12997,12997,,,,,,,,,,,,,,,,,,,,,,,,,,,,,,,,,,,,,,,,,,
CT5-3:KW,(                ),kW,0.0,0.0,0.0,0.0,0.0,0.0,0.0,0.0,0.0,0.0,0.0,0.0,0.0,0.0,0.0,0.0,0.0,0.0,0.0,0.0,0.0,0.0,0.0,0.0,0.0,0.0,0.0,0.0,0.0,0.0,0.0,0.0,0.0,0.0,0.0,0.0,0.0,0.0,0.0,0.0,0.0,0.0,0.0,0.0,0.0,0.0,0.0,0.0,0.0,0.0,0.0,0.0,0.0,0.0,0.0,0.0,0.0,0.0,0.0,0.0,0.0,0.0,0.0,0.0,0.0,0.0,0.0,0.0,0.0,0.0,0.0,0.0,0.0,0.0,0.0,0.0,0.0,0.0,0.0,0.0,0.0,0.0,0.0,0.0,0.0,0.0,0.0,0.0,0.0,0.0,0.0,0.0,0.0,0.0,0.0,0.0,0.0,0.0,0.0,0.0,0.0,0.0,,,,,,,,,,,,,,,,,,,,,,,,,,,,,,,,,,,,,,,,,,
CT5-4.KWH,(度數            ),kW h,14429,14429,14429,14429,14429,14429,14429,14429,14429,14429,14429,14429,14429,14429,14429,14429,14429,14429,14429,14429,14429,14429,14429,14429,14429,14429,14429,14429,14429,14429,14429,14429,14429,14429,14429,14429,14429,14429,14429,14429,14429,14429,14429,14429,14429,14429,14429,14429,14429,14429,14429,14429,14429,14429,14429,14429,14429,14429,14429,14429,14429,14429,14429,14429,14429,14429,14429,14429,14429,14429,14429,14429,14429,14429,14429,14429,14429,14429,14429,14429,14429,14429,14429,14429,14429,14429,14429,14429,14429,14429,14429,14429,14429,14429,14429,14429,14429,14429,14429,14429,14429,14429,,,,,,,,,,,,,,,,,,,,,,,,,,,,,,,,,,,,,,,,,,
CT5-4:KW,(                ),kW,0.0,0.0,0.0,0.0,0.0,0.0,0.0,0.0,0.0,0.0,0.0,0.0,0.0,0.0,0.0,0.0,0.0,0.0,0.0,0.0,0.0,0.0,0.0,0.0,0.0,0.0,0.0,0.0,0.0,0.0,0.0,0.0,0.0,0.0,0.0,0.0,0.0,0.0,0.0,0.0,0.0,0.0,0.0,0.0,0.0,0.0,0.0,0.0,0.0,0.0,0.0,0.0,0.0,0.0,0.0,0.0,0.0,0.0,0.0,0.0,0.0,0.0,0.0,0.0,0.0,0.0,0.0,0.0,0.0,0.0,0.0,0.0,0.0,0.0,0.0,0.0,0.0,0.0,0.0,0.0,0.0,0.0,0.0,0.0,0.0,0.0,0.0,0.0,0.0,0.0,0.0,0.0,0.0,0.0,0.0,0.0,0.0,0.0,0.0,0.0,0.0,0.0,,,,,,,,,,,,,,,,,,,,,,,,,,,,,,,,,,,,,,,,,,
CT5-ALL.KW,(冷卻水塔系統功率),,0.0,0.0,0.0,0.0,0.0,0.0,0.0,0.0,0.0,0.0,0.0,0.0,0.0,0.0,0.0,0.0,0.0,0.0,0.0,0.0,0.0,0.0,0.0,0.0,0.0,0.0,0.0,0.0,0.0,0.0,0.0,0.0,0.0,0.0,0.0,0.0,0.0,0.0,0.0,0.0,0.0,0.0,0.0,0.0,0.0,0.0,0.0,0.0,0.0,0.0,0.0,0.0,0.0,0.0,0.0,0.0,0.0,0.0,0.0,0.0,0.0,0.0,0.0,0.0,0.0,0.0,0.0,0.0,0.0,0.0,0.0,0.0,0.0,0.0,0.0,0.0,0.0,0.0,0.0,0.0,0.0,0.0,0.0,0.0,0.0,0.0,0.0,0.0,0.0,0.0,0.0,0.0,0.0,0.0,0.0,0.0,0.0,0.0,0.0,0.0,0.0,0.0,,,,,,,,,,,,,,,,,,,,,,,,,,,,,,,,,,,,,,,,,,
CT5-ALL.KWH,(度數            ),kW h,56627,56627,56627,56627,56627,56627,56627,56627,56627,56627,56627,56627,56627,56627,56627,56627,56627,56627,56627,56627,56627,56627,56627,56627,56627,56627,56627,56627,56627,56627,56627,56627,56627,56627,56627,56627,56627,56627,56627,56627,56627,56627,56627,56627,56627,56627,56627,56627,56627,56627,56627,56627,56627,56627,56627,56627,56627,56627,56627,56627,56627,56627,56627,56627,56627,56627,56627,56627,56627,56627,56627,56627,56627,56627,56627,56627,56627,56627,56627,56627,56627,56627,56627,56627,56627,56627,56627,56627,56627,56627,56627,56627,56627,56627,56627,56627,56627,56627,56627,56627,56627,56627,,,,,,,,,,,,,,,,,,,,,,,,,,,,,,,,,,,,,,,,,,
CTB1-ALL.KW,(冷卻水塔系統功率),,8.2,8.2,8.2,8.2,8.2,8.2,8.2,8.2,8.2,8.2,8.2,8.2,8.2,8.2,8.2,8.2,8.2,8.2,8.2,8.2,8.2,8.2,8.2,8.2,8.2,8.2,8.2,8.2,8.2,8.2,8.2,8.2,8.2,8.2,8.2,8.2,8.2,8.2,8.2,8.2,8.2,8.2,8.2,8.2,8.2,8.2,8.2,8.2,8.2,8.2,8.2,8.2,8.2,8.2,8.2,8.2,8.2,8.2,8.2,8.2,8.2,8.2,8.2,8.2,8.2,8.2,8.2,8.2,8.2,8.2,8.2,8.2,8.2,8.2,8.2,8.2,8.2,8.2,8.2,8.2,8.2,8.2,8.2,8.2,8.2,8.2,8.2,8.2,8.2,8.2,8.2,8.2,8.2,8.2,8.2,8.2,8.2,8.2,8.2,8.2,8.2,8.2,,,,,,,,,,,,,,,,,,,,,,,,,,,,,,,,,,,,,,,,,,
ZP1F7:KW,(                ),kW,0.0,0.0,0.0,0.0,0.0,0.0,0.0,0.0,0.0,0.0,0.0,0.0,0.0,0.0,0.0,0.0,0.0,0.0,0.0,0.0,0.0,0.0,0.0,0.0,0.0,0.0,0.0,0.0,0.0,0.0,0.0,0.0,0.0,0.0,0.0,0.0,0.0,0.0,0.0,0.0,0.0,0.0,0.0,0.0,0.0,0.0,0.0,0.0,0.0,0.0,0.0,9.5,7.2,10.6,9.7,8.6,8.9,9.1,9.0,9.1,9.1,9.2,9.2,9.1,8.5,8.4,8.2,8.3,8.5,9.0,8.6,8.7,8.8,8.8,8.6,8.7,8.9,8.6,9.0,8.6,8.9,8.3,8.9,8.6,8.7,8.4,9.1,8.9,8.9,8.8,8.4,8.9,8.3,8.7,8.4,8.9,8.4,8.8,8.8,8.7,8.9,8.6,,,,,,,,,,,,,,,,,,,,,,,,,,,,,,,,,,,,,,,,,,
ZP1F7:KWH,(                ),,595003,595003,595003,595003,595003,595003,595003,595003,595003,595003,595003,595003,595003,595003,595003,595003,595003,595003,595003,595003,595003,595003,595003,595003,595003,595003,595003,595003,595003,595003,595003,595003,595003,595003,595003,595003,595003,595003,595003,595003,595003,595003,595003,595003,595003,595003,595003,595003,595003,595003,595003,595004,595005,595007,595008,595010,595011,595013,595014,595016,595017,595019,595020,595022,595023,595025,595026,595027,595029,595030,595031,595033,595035,595036,595038,595039,595040,595042,595043,595045,595046,595048,595049,595051,595052,595053,595055,595056,595058,595059,595061,595062,595064,595065,595066,595068,595069,595071,595072,595074,595075,595077,,,,,,,,,,,,,,,,,,,,,,,,,,,,,,,,,,,,,,,,,,
ZP2F7:KW,(                ),kW,0.0,0.0,0.0,0.0,0.0,0.0,0.0,0.0,0.0,0.0,0.0,0.0,0.0,0.0,0.0,0.0,0.0,0.0,0.0,0.0,0.0,0.0,0.0,0.0,0.0,0.0,0.0,0.0,0.0,0.0,0.0,0.0,0.0,0.0,0.0,0.0,0.0,0.0,0.0,0.0,0.0,0.0,0.0,0.0,0.0,0.0,0.0,0.0,0.0,0.0,0.0,9.6,7.2,0.0,0.0,0.0,0.0,0.0,0.0,0.0,0.0,0.0,0.0,0.0,0.0,0.0,0.0,0.0,0.0,0.0,0.0,0.0,0.0,0.0,0.0,0.0,0.0,0.0,0.0,0.0,0.0,0.0,0.0,0.0,0.0,0.0,0.0,0.0,0.0,0.0,0.0,0.0,0.0,0.0,0.0,0.0,0.0,0.0,0.0,0.0,0.0,0.0,,,,,,,,,,,,,,,,,,,,,,,,,,,,,,,,,,,,,,,,,,
ZP2F7:KWH,(                ),,530470,530470,530470,530470,530470,530470,530470,530470,530470,530470,530470,530470,530470,530470,530470,530470,530470,530470,530470,530470,530470,530470,530470,530470,530470,530470,530470,530470,530470,530470,530470,530470,530470,530470,530470,530470,530470,530470,530470,530470,530470,530470,530470,530470,530470,530470,530470,530470,530470,530470,530470,530471,530472,530473,530473,530473,530473,530473,530473,530473,530473,530473,530473,530473,530473,530473,530473,530473,530473,530473,530473,530473,530473,530473,530473,530473,530473,530473,530473,530473,530473,530473,530473,530473,530473,530473,530473,530473,530473,530473,530473,530473,530473,530473,530473,530473,530473,530473,530473,530473,530473,530473,,,,,,,,,,,,,,,,,,,,,,,,,,,,,,,,,,,,,,,,,,
ZP3F7:KW,(                ),kW,0.0,16.1,16.2,16.3,16.3,16.2,16.1,16.1,16.2,16.2,16.1,16.1,16.1,16.3,16.2,16.0,16.2,16.1,16.2,16.3,16.3,16.3,16.1,16.2,16.3,16.2,16.3,16.2,16.2,0.0,0.0,0.0,0.0,0.0,0.0,0.0,0.0,0.0,0.0,0.0,0.0,0.0,0.0,0.0,0.0,0.0,0.0,0.0,0.0,0.0,0.0,9.3,6.9,10.2,9.6,8.5,8.9,8.9,8.8,8.9,9.0,8.9,9.0,8.8,8.2,8.3,7.8,8.2,8.3,8.7,8.4,8.6,8.6,8.4,8.6,8.5,8.6,8.2,8.6,8.5,8.7,8.0,8.6,8.6,8.5,8.1,8.9,8.6,8.6,8.5,8.3,8.7,8.3,8.5,8.2,8.8,8.0,8.4,8.6,8.5,8.6,8.4,,,,,,,,,,,,,,,,,,,,,,,,,,,,,,,,,,,,,,,,,,
ZP3F7:KWH,(                ),,323978,323979,323982,323985,323987,323990,323992,323995,323998,324001,324004,324006,324009,324012,324014,324017,324020,324022,324025,324028,324031,324033,324036,324039,324041,324044,324047,324049,324052,324054,324054,324054,324054,324054,324054,324054,324054,324054,324054,324054,324054,324054,324054,324054,324054,324054,324054,324054,324054,324054,324054,324054,324056,324057,324058,324060,324061,324063,324064,324066,324067,324069,324070,324072,324073,324074,324076,324077,324078,324080,324081,324083,324084,324086,324087,324088,324090,324091,324093,324094,324095,324097,324098,324100,324101,324103,324104,324105,324107,324108,324110,324111,324112,324114,324115,324117,324118,324120,324121,324122,324124,324125,,,,,,,,,,,,,,,,,,,,,,,,,,,,,,,,,,,,,,,,,,
ZP4F7:KW,(                ),kW,0.0,0.0,0.0,0.0,0.0,0.0,0.0,0.0,0.0,0.0,0.0,0.0,0.0,0.0,0.0,0.0,0.0,0.0,0.0,0.0,0.0,0.0,0.0,0.0,0.0,0.0,0.0,0.0,0.0,0.0,0.0,0.0,0.0,0.0,0.0,0.0,0.0,0.0,0.0,0.0,0.0,0.0,0.0,0.0,0.0,0.0,0.0,0.0,0.0,0.0,0.0,15.1,13.0,14.0,12.2,10.9,11.3,11.3,11.3,11.0,11.4,11.6,11.3,11.4,11.5,10.9,10.4,10.7,10.7,10.9,10.7,10.9,11.0,11.0,10.8,11.0,10.9,10.2,10.7,10.5,11.1,10.8,11.0,10.7,10.8,10.4,10.8,10.8,10.8,10.9,10.5,10.9,10.4,10.8,10.7,11.0,10.6,10.8,10.9,11.0,10.8,10.8,,,,,,,,,,,,,,,,,,,,,,,,,,,,,,,,,,,,,,,,,,
ZP4F7:KWH,(                ),,791425,791425,791425,791425,791425,791425,791425,791425,791425,791425,791425,791425,791425,791425,791425,791425,791425,791425,791425,791425,791425,791425,791425,791425,791425,791425,791425,791425,791425,791425,791425,791425,791425,791425,791425,791425,791425,791425,791425,791425,791425,791425,791425,791425,791425,791425,791425,791425,791425,791425,791425,791426,791429,791431,791433,791435,791437,791438,791440,791442,791444,791446,791448,791450,791451,791453,791455,791457,791459,791460,791461,791464,791466,791468,791469,791471,791473,791475,791477,791478,791480,791482,791484,791486,791487,791489,791491,791493,791495,791496,791498,791500,791502,791504,791505,791507,791509,791511,791512,791514,791516,791518,,,,,,,,,,,,,,,,,,,,,,,,,,,,,,,,,,,,,,,,,,
ZP5F7:KW,(                ),kW,0.0,0.0,0.0,0.0,0.0,0.0,0.0,0.0,0.0,0.0,0.0,0.0,0.0,0.0,0.0,0.0,0.0,0.0,0.0,0.0,0.0,0.0,0.0,0.0,0.0,0.0,0.0,0.0,0.0,0.0,0.0,0.0,0.0,0.0,0.0,0.0,0.0,0.0,0.0,0.0,0.0,0.0,0.0,0.0,0.0,0.0,0.0,0.0,0.0,0.0,0.0,0.0,0.0,0.0,0.0,0.0,0.0,0.0,0.0,0.0,0.0,0.0,0.0,0.0,0.0,0.0,0.0,0.0,0.0,0.0,0.0,0.0,0.0,0.0,0.0,0.0,0.0,0.0,0.0,0.0,0.0,0.0,0.0,0.0,0.0,0.0,0.0,0.0,0.0,0.0,0.0,0.0,0.0,0.0,0.0,0.0,0.0,0.0,0.0,0.0,0.0,0.0,,,,,,,,,,,,,,,,,,,,,,,,,,,,,,,,,,,,,,,,,,
ZP5F7:KWH,(                ),,722077,722077,722077,722077,722077,722077,722077,722077,722077,722077,722077,722077,722077,722077,722077,722077,722077,722077,722077,722077,722077,722077,722077,722077,722077,722077,722077,722077,722077,722077,722077,722077,722077,722077,722077,722077,722077,722077,722077,722077,722077,722077,722077,722077,722077,722077,722077,722077,722077,722077,722077,722077,722077,722077,722077,722077,722077,722077,722077,722077,722077,722077,722077,722077,722077,722077,722077,722077,722077,722077,722077,722077,722077,722077,722077,722077,722077,722077,722077,722077,722077,722077,722077,722077,722077,722077,722077,722077,722077,722077,722077,722077,722077,722077,722077,722077,722077,722077,722077,722077,722077,722077,,,,,,,,,,,,,,,,,,,,,,,,,,,,,,,,,,,,,,,,,,
ZP6F7:KW,(                ),kW,0.0,0.0,0.0,0.0,0.0,0.0,0.0,0.0,0.0,0.0,0.0,0.0,0.0,0.0,0.0,0.4,18.9,18.8,18.7,18.7,18.8,18.6,18.9,18.5,18.7,18.7,18.7,18.8,18.7,0.0,0.0,0.0,0.0,0.0,0.0,0.0,0.0,0.0,0.0,0.0,0.0,0.0,0.0,0.0,0.0,0.0,0.0,0.0,0.0,0.0,0.0,15.1,12.8,13.7,12.0,10.7,11.2,11.3,11.2,11.0,11.2,11.5,11.5,11.4,11.4,10.8,10.3,10.7,10.4,10.7,10.7,10.9,10.9,10.9,10.5,10.7,10.9,10.2,11.0,10.3,10.9,10.5,10.8,10.8,10.8,10.3,10.8,10.8,10.8,10.7,10.4,10.8,10.5,10.6,10.6,10.8,10.5,10.8,10.7,10.8,10.6,10.9,,,,,,,,,,,,,,,,,,,,,,,,,,,,,,,,,,,,,,,,,,
ZP6F7:KWH,(                ),,335640,335640,335640,335640,335640,335640,335640,335640,335640,335640,335640,335640,335640,335640,335640,335640,335643,335646,335650,335653,335656,335659,335662,335665,335668,335672,335675,335677,335681,335682,335682,335682,335682,335682,335682,335682,335682,335682,335682,335682,335682,335682,335682,335682,335682,335682,335682,335682,335682,335682,335682,335683,335686,335688,335690,335692,335694,335695,335697,335699,335701,335703,335705,335707,335708,335710,335712,335714,335716,335718,335718,335721,335723,335725,335726,335728,335730,335732,335734,335735,335737,335739,335741,335743,335744,335746,335748,335749,335751,335753,335755,335757,335758,335760,335762,335764,335765,335767,335769,335771,335773,335774,,,,,,,,,,,,,,,,,,,,,,,,,,,,,,,,,,,,,,,,,,
ZP7F7:KW,(                ),kW,0.0,0.0,0.0,0.0,0.0,0.0,0.0,0.0,0.0,0.0,0.0,0.0,0.0,0.0,0.0,0.0,0.0,0.0,0.0,0.0,0.0,0.0,0.0,0.0,0.0,0.0,0.0,0.0,0.0,0.0,0.0,0.0,0.0,0.0,0.0,0.0,0.0,0.0,0.0,0.0,0.0,0.0,0.0,0.0,0.0,0.0,0.0,0.0,0.0,0.0,0.0,0.0,11.6,12.0,10.0,8.1,0.0,10.4,8.3,0.0,0.0,9.3,8.0,0.0,0.0,9.1,7.9,0.0,11.4,8.8,8.5,0.0,10.4,8.7,0.0,0.0,9.5,8.0,0.0,13.7,9.4,7.9,0.0,10.8,8.8,7.7,0.0,10.1,8.5,0.0,12.1,9.3,8.0,0.0,10.9,8.8,7.9,0.0,10.2,8.6,0.0,0.0,,,,,,,,,,,,,,,,,,,,,,,,,,,,,,,,,,,,,,,,,,
ZP7F7:KWH,(                ),,424845,424845,424845,424845,424845,424845,424845,424845,424845,424845,424845,424845,424845,424845,424845,424845,424845,424845,424845,424845,424845,424845,424845,424845,424845,424845,424845,424845,424845,424845,424845,424845,424845,424845,424845,424845,424845,424845,424845,424845,424845,424845,424845,424845,424845,424845,424845,424845,424845,424845,424845,424845,424847,424848,424850,424852,424852,424853,424854,424855,424855,424857,424859,424859,424859,424861,424863,424863,424864,424865,424866,424867,424868,424870,424871,424871,424873,424874,424875,424875,424876,424878,424878,424879,424881,424882,424882,424884,424885,424886,424886,424888,424890,424890,424891,424892,424894,424894,424895,424897,424898,424898,,,,,,,,,,,,,,,,,,,,,,,,,,,,,,,,,,,,,,,,,,
ZP8F7:KW,(                ),kW,0.0,0.0,0.0,0.0,0.0,0.0,0.0,0.0,0.0,0.0,0.0,0.0,0.0,0.0,0.0,0.0,0.0,0.0,0.0,0.0,0.0,0.0,0.0,0.0,0.0,0.0,0.0,0.0,0.0,0.0,0.0,0.0,0.0,0.0,0.0,0.0,0.0,0.0,0.0,0.0,0.0,0.0,0.0,0.0,0.0,0.0,0.0,0.0,0.0,0.0,0.0,0.0,0.0,0.0,0.0,0.0,0.0,0.0,0.0,0.0,0.0,0.0,0.0,0.0,0.0,0.0,0.0,0.0,0.0,0.0,0.0,0.0,0.0,0.0,0.0,0.0,0.0,0.0,0.0,0.0,0.0,0.0,0.0,0.0,0.0,0.0,0.0,0.0,0.0,0.0,0.0,0.0,0.0,0.0,0.0,0.0,0.0,0.0,0.0,0.0,0.0,0.0,,,,,,,,,,,,,,,,,,,,,,,,,,,,,,,,,,,,,,,,,,
ZP8F7:KWH,(                ),,445300,445300,445300,445300,445300,445300,445300,445300,445300,445300,445300,445300,445300,445300,445300,445300,445300,445300,445300,445300,445300,445300,445300,445300,445300,445300,445300,445300,445300,445300,445300,445300,445300,445300,445300,445300,445300,445300,445300,445300,445300,445300,445300,445300,445300,445300,445300,445300,445300,445300,445300,445300,445300,445300,445300,445300,445300,445300,445300,445300,445300,445300,445300,445300,445300,445300,445300,445300,445300,445300,445300,445300,445300,445300,445300,445300,445300,445300,445300,445300,445300,445300,445300,445300,445300,445300,445300,445300,445300,445300,445300,445300,445300,445300,445300,445300,445300,445300,445300,445300,445300,445300,,,,,,,,,,,,,,,,,,,,,,,,,,,,,,,,,,,,,,,,,,
ZP9F7:KW,(                ),kW,0.0,0.0,0.0,0.0,0.0,0.0,0.0,0.0,0.0,0.0,0.0,0.0,0.0,0.0,0.0,0.0,0.0,0.0,0.0,0.0,0.0,0.0,0.0,0.0,0.0,0.0,0.0,0.0,0.0,0.0,0.0,0.0,0.0,0.0,0.0,0.0,0.0,0.0,0.0,0.0,0.0,0.0,0.0,0.0,0.0,0.0,0.0,0.0,0.0,0.0,0.0,0.0,11.9,12.2,10.3,8.2,15.6,10.6,8.6,11.3,15.7,9.5,8.3,14.7,15.5,9.3,8.1,15.4,11.7,8.9,8.5,15.4,10.4,8.7,11.7,15.6,9.6,8.1,15.6,13.8,9.5,8.0,15.7,10.8,8.9,8.0,15.6,10.4,8.6,14.9,13.2,9.5,8.2,15.6,10.9,8.8,8.0,15.6,10.4,8.6,13.7,15.6,,,,,,,,,,,,,,,,,,,,,,,,,,,,,,,,,,,,,,,,,,
ZP9F7:KWH,(                ),,246164,246164,246164,246164,246164,246164,246164,246164,246164,246164,246164,246164,246164,246164,246164,246164,246164,246164,246164,246164,246164,246164,246164,246164,246164,246164,246164,246164,246164,246164,246164,246164,246164,246164,246164,246164,246164,246164,246164,246164,246164,246164,246164,246164,246164,246164,246164,246164,246164,246164,246164,246164,246166,246168,246170,246171,246173,246176,246177,246178,246181,246183,246185,246186,246188,246191,246192,246194,246196,246198,246199,246202,246204,246205,246207,246209,246211,246213,246215,246217,246219,246220,246222,246225,246226,246228,246230,246232,246234,246235,246238,246240,246241,246243,246245,246247,246248,246251,246253,246254,246256,246258,,,,,,,,,,,,,,,,,,,,,,,,,,,,,,,,,,,,,,,,,,
ZP10F7:KW,(                ),kW,0.0,0.0,0.0,0.0,0.0,0.0,0.0,0.0,0.0,0.0,0.0,0.0,0.0,0.0,0.0,0.0,0.0,0.0,0.0,0.0,0.0,0.0,0.0,0.0,0.0,0.0,0.0,0.0,0.0,0.0,0.0,0.0,0.0,0.0,0.0,0.0,0.0,0.0,0.0,0.0,0.0,0.0,0.0,0.0,0.0,0.0,0.0,0.0,0.0,0.0,0.0,0.0,0.0,0.0,0.0,14.7,14.1,13.9,14.0,13.2,13.9,14.1,13.5,13.2,13.1,13.3,12.7,13.3,12.5,13.4,12.9,13.1,13.4,13.0,13.0,13.5,12.9,12.8,13.0,13.1,13.3,12.5,13.1,13.6,13.0,13.0,13.0,12.7,13.4,13.1,13.3,13.2,12.6,13.3,12.5,12.9,12.7,12.6,13.4,13.1,13.1,13.5,,,,,,,,,,,,,,,,,,,,,,,,,,,,,,,,,,,,,,,,,,
ZP10F7:KWH,(                ),,564397,564397,564397,564397,564397,564397,564397,564397,564397,564397,564397,564397,564397,564397,564397,564397,564397,564397,564397,564397,564397,564397,564397,564397,564397,564397,564397,564397,564397,564397,564397,564397,564397,564397,564397,564397,564397,564397,564397,564397,564397,564397,564397,564397,564397,564397,564397,564397,564397,564397,564397,564397,564397,564397,564397,564400,564402,564405,564407,564409,564412,564414,564416,564418,564420,564423,564425,564427,564429,564431,564432,564436,564438,564440,564442,564444,564447,564449,564451,564453,564455,564457,564460,564462,564464,564466,564468,564470,564473,564475,564477,564479,564481,564484,564486,564488,564490,564492,564494,564497,564499,564501,,,,,,,,,,,,,,,,,,,,,,,,,,,,,,,,,,,,,,,,,,
ZP11F7:KW,(                ),kW,0.0,0.0,0.0,0.0,0.0,0.0,0.0,0.0,0.0,0.0,0.0,0.0,0.0,0.0,0.0,0.0,0.0,0.0,0.0,0.0,0.0,0.0,0.0,0.0,0.0,0.0,0.0,0.0,0.0,0.0,0.0,0.0,0.0,0.0,0.0,0.0,0.0,0.0,0.0,0.0,0.0,0.0,0.0,0.0,0.0,0.0,0.0,0.0,0.0,0.0,0.0,0.0,0.0,0.0,0.0,0.0,0.0,0.0,0.0,0.0,0.0,0.0,0.0,0.0,0.0,0.0,0.0,0.0,0.0,0.0,0.0,0.0,0.0,0.0,0.0,0.0,0.0,0.0,0.0,0.0,0.0,0.0,0.0,0.0,0.0,0.0,0.0,0.0,0.0,0.0,0.0,0.0,0.0,0.0,0.0,0.0,0.0,0.0,0.0,0.0,0.0,0.0,,,,,,,,,,,,,,,,,,,,,,,,,,,,,,,,,,,,,,,,,,
ZP11F7:KWH,(                ),,414268,414268,414268,414268,414268,414268,414268,414268,414268,414268,414268,414268,414268,414268,414268,414268,414268,414268,414268,414268,414268,414268,414268,414268,414268,414268,414268,414268,414268,414268,414268,414268,414268,414268,414268,414268,414268,414268,414268,414268,414268,414268,414268,414268,414268,414268,414268,414268,414268,414268,414268,414268,414268,414268,414268,414268,414268,414268,414268,414268,414268,414268,414268,414268,414268,414268,414268,414268,414268,414268,414268,414268,414268,414268,414268,414268,414268,414268,414268,414268,414268,414268,414268,414268,414268,414268,414268,414268,414268,414268,414268,414268,414268,414268,414268,414268,414268,414268,414268,414268,414268,414268,,,,,,,,,,,,,,,,,,,,,,,,,,,,,,,,,,,,,,,,,,
ZP12F7:KW,(                ),kW,0.0,0.0,0.0,0.0,0.0,0.0,29.8,29.4,29.3,28.9,28.9,28.6,28.6,28.5,28.4,11.8,0.0,0.0,0.0,0.0,0.0,0.0,0.0,0.0,0.0,0.0,0.0,0.0,0.0,0.0,0.0,0.0,0.0,0.0,0.0,0.0,0.0,0.0,0.0,0.0,0.0,0.0,0.0,0.0,0.0,0.0,0.0,0.0,0.0,0.0,0.0,0.0,0.0,0.0,29.8,14.5,14.0,13.8,13.8,13.1,14.1,13.8,13.5,13.1,13.1,13.4,12.6,13.3,12.4,13.3,12.9,12.9,13.5,12.9,13.1,13.3,13.0,12.6,12.9,12.8,13.2,12.4,13.0,13.4,12.9,12.9,12.9,12.7,13.4,12.9,13.1,13.2,12.4,13.2,12.4,12.9,12.5,12.5,13.3,13.0,13.0,13.4,,,,,,,,,,,,,,,,,,,,,,,,,,,,,,,,,,,,,,,,,,
ZP12F7:KWH,(                ),,252161,252161,252161,252161,252161,252161,252164,252169,252174,252179,252184,252189,252194,252198,252203,252208,252208,252208,252208,252208,252208,252208,252208,252208,252208,252208,252208,252208,252208,252208,252208,252208,252208,252208,252208,252208,252208,252208,252208,252208,252208,252208,252208,252208,252208,252208,252208,252208,252208,252208,252208,252208,252208,252208,252209,252213,252215,252217,252219,252221,252224,252226,252229,252231,252233,252235,252237,252239,252242,252244,252245,252248,252250,252252,252255,252256,252259,252261,252263,252265,252267,252270,252272,252274,252276,252278,252280,252283,252285,252287,252289,252291,252293,252296,252298,252300,252302,252304,252306,252309,252311,252312,,,,,,,,,,,,,,,,,,,,,,,,,,,,,,,,,,,,,,,,,,
ZP13F7:KW,(                ),kW,0.0,0.0,0.0,0.0,0.0,0.0,0.0,0.0,0.0,0.0,0.0,0.0,0.0,0.0,0.0,0.0,0.0,0.0,0.0,0.0,0.0,0.0,0.0,0.0,0.0,0.0,0.0,0.0,0.0,0.0,0.0,0.0,0.0,0.0,0.0,0.0,0.0,0.0,0.0,0.0,0.0,0.0,0.0,0.0,0.0,0.0,0.0,0.0,0.0,0.0,0.0,0.0,0.0,0.0,0.0,13.6,12.0,0.5,0.0,14.2,11.8,0.0,1.2,12.6,11.7,0.0,17.8,12.3,10.9,0.0,0.0,11.8,0.0,0.0,13.3,11.6,0.0,18.2,12.5,11.0,0.0,17.4,11.9,1.0,0.0,14.1,11.4,0.0,0.5,12.4,11.0,0.0,16.6,11.7,3.5,0.0,14.7,11.7,0.0,0.0,12.9,11.4,,,,,,,,,,,,,,,,,,,,,,,,,,,,,,,,,,,,,,,,,,
ZP13F7:KWH,(                ),,535076,535076,535076,535076,535076,535076,535076,535076,535076,535076,535076,535076,535076,535076,535076,535076,535076,535076,535076,535076,535076,535076,535076,535076,535076,535076,535076,535076,535076,535076,535076,535076,535076,535076,535076,535076,535076,535076,535076,535076,535076,535076,535076,535076,535076,535076,535076,535076,535076,535076,535076,535076,535076,535076,535076,535077,535080,535081,535081,535083,535085,535086,535086,535089,535091,535092,535092,535095,535097,535097,535097,535100,535102,535102,535103,535105,535106,535107,535109,535111,535112,535112,535115,535116,535116,535118,535120,535121,535121,535123,535125,535126,535127,535129,535131,535131,535132,535134,535136,535136,535138,535139,,,,,,,,,,,,,,,,,,,,,,,,,,,,,,,,,,,,,,,,,,
ZP14F7:KW,(                ),kW,0.0,0.0,0.0,0.0,0.0,0.0,0.0,0.0,0.0,0.0,0.0,0.0,0.0,0.0,0.0,0.0,0.0,0.0,0.0,0.0,0.0,0.0,0.0,0.0,0.0,0.0,0.0,0.0,0.0,0.0,0.0,0.0,0.0,0.0,0.0,0.0,0.0,0.0,0.0,0.0,0.0,0.0,0.0,0.0,0.0,0.0,0.0,0.0,0.0,0.0,0.0,0.0,0.0,0.0,0.0,0.0,0.0,0.0,0.0,0.0,0.0,0.0,0.0,0.0,0.0,0.0,0.0,0.0,0.0,0.0,0.0,0.0,0.0,0.0,0.0,0.0,0.0,0.0,0.0,0.0,0.0,0.0,0.0,0.0,0.0,0.0,0.0,0.0,0.0,0.0,0.0,0.0,0.0,0.0,0.0,0.0,0.0,0.0,0.0,0.0,0.0,0.0,,,,,,,,,,,,,,,,,,,,,,,,,,,,,,,,,,,,,,,,,,
ZP14F7:KWH,(                ),,369398,369398,369398,369398,369398,369398,369398,369398,369398,369398,369398,369398,369398,369398,369398,369398,369398,369398,369398,369398,369398,369398,369398,369398,369398,369398,369398,369398,369398,369398,369398,369398,369398,369398,369398,369398,369398,369398,369398,369398,369398,369398,369398,369398,369398,369398,369398,369398,369398,369398,369398,369398,369398,369398,369398,369398,369398,369398,369398,369398,369398,369398,369398,369398,369398,369398,369398,369398,369398,369398,369398,369398,369398,369398,369398,369398,369398,369398,369398,369398,369398,369398,369398,369398,369398,369398,369398,369398,369398,369398,369398,369398,369398,369398,369398,369398,369398,369398,369398,369398,369398,369398,,,,,,,,,,,,,,,,,,,,,,,,,,,,,,,,,,,,,,,,,,
ZP15F7:KW,(                ),kW,0.0,0.0,0.0,0.0,0.0,0.0,0.0,0.0,0.0,0.0,0.0,0.0,0.0,0.0,0.0,0.0,0.0,0.0,0.0,0.0,0.0,0.0,0.0,0.0,0.0,0.0,0.0,0.0,0.0,0.0,0.0,0.0,0.0,0.0,0.0,0.0,0.0,0.0,0.0,0.0,0.0,0.0,0.0,0.0,0.0,0.0,0.0,0.0,0.0,0.0,0.0,0.0,0.0,0.0,21.4,10.5,9.2,11.7,21.3,10.8,9.0,14.7,21.2,9.6,8.9,17.5,13.4,9.3,8.2,18.3,21.2,8.9,12.9,20.7,10.0,8.8,16.2,13.8,9.4,8.2,15.3,13.1,9.0,11.3,19.6,10.6,8.7,15.2,21.2,9.4,8.3,17.2,12.5,8.9,9.7,20.5,11.1,8.8,12.7,21.0,9.7,8.6,,,,,,,,,,,,,,,,,,,,,,,,,,,,,,,,,,,,,,,,,,
ZP15F7:KWH,(                ),,222670,222670,222670,222670,222670,222670,222670,222670,222670,222670,222670,222670,222670,222670,222670,222670,222670,222670,222670,222670,222670,222670,222670,222670,222670,222670,222670,222670,222670,222670,222670,222670,222670,222670,222670,222670,222670,222670,222670,222670,222670,222670,222670,222670,222670,222670,222670,222670,222670,222670,222670,222670,222670,222670,222671,222674,222676,222677,222680,222682,222684,222686,222689,222691,222692,222695,222698,222700,222701,222703,222705,222708,222709,222712,222715,222716,222718,222721,222723,222724,222726,222730,222731,222733,222735,222738,222740,222741,222745,222747,222748,222750,222753,222755,222757,222759,222762,222764,222765,222768,222770,222772,,,,,,,,,,,,,,,,,,,,,,,,,,,,,,,,,,,,,,,,,,
