變數名稱,說明,單位,00:10:00,00:20:00,00:30:00,00:40:00,00:50:00,01:00:00,01:10:00,01:20:00,01:30:00,01:40:00,01:50:00,02:00:00,02:10:00,02:20:00,02:30:00,02:40:00,02:50:00,03:00:00,03:10:00,03:20:00,03:30:00,03:40:00,03:50:00,04:00:00,04:10:00,04:20:00,04:30:00,04:40:00,04:50:00,05:00:00,05:10:00,05:20:00,05:30:00,05:40:00,05:50:00,06:00:00,06:10:00,06:20:00,06:30:00,06:40:00,06:50:00,07:00:00,07:10:00,07:20:00,07:30:00,07:40:00,07:50:00,08:00:00,08:10:00,08:20:00,08:30:00,08:40:00,08:50:00,09:00:00,09:10:00,09:20:00,09:30:00,09:40:00,09:50:00,10:00:00,10:10:00,10:20:00,10:30:00,10:40:00,10:50:00,11:00:00,11:10:00,11:20:00,11:30:00,11:40:00,11:50:00,12:00:00,12:10:00,12:20:00,12:30:00,12:40:00,12:50:00,13:00:00,13:10:00,13:20:00,13:30:00,13:40:00,13:50:00,14:00:00,14:10:00,14:20:00,14:30:00,14:40:00,14:50:00,15:00:00,15:10:00,15:20:00,15:30:00,15:40:00,15:50:00,16:00:00,16:10:00,16:20:00,16:30:00,16:40:00,16:50:00,17:00:00,17:10:00,17:20:00,17:30:00,17:40:00,17:50:00,18:00:00,18:10:00,18:20:00,18:30:00,18:40:00,18:50:00,19:00:00,19:10:00,19:20:00,19:30:00,19:40:00,19:50:00,20:00:00,20:10:00,20:20:00,20:30:00,20:40:00,20:50:00,21:00:00,21:10:00,21:20:00,21:30:00,21:40:00,21:50:00,22:00:00,22:10:00,22:20:00,22:30:00,22:40:00,22:50:00,23:00:00,23:10:00,23:20:00,23:30:00,23:40:00,23:50:00,00:00:00
7F-CH-1.ST,(CH1出水溫度     ),DEG C,9.9,10.5,9.8,10.1,9.7,9.5,9.4,9.3,9.3,9.2,9.4,9.2,9.4,10.5,11.3,12.0,12.6,13.1,13.6,14.0,14.4,14.8,15.2,15.5,15.6,15.9,16.1,16.3,16.8,17.1,17.4,17.7,17.9,15.9,16.8,17.2,17.1,,,,,,,,,,,,,,,,,,,,,,,,,,,,,,,,,,,,,,,,,,,,,,,,,,,,,,,,,,,,,,,,,,,,,,,,,,,,,,,,,,,,,,,,,,,,,,,,,,,,,,,,,,,
7F-CH-2.ST,(CH2出水溫度     ),DEG C,10.1,10.6,10.0,10.3,9.9,9.7,9.6,9.5,9.5,9.5,9.6,9.5,9.7,10.7,11.6,12.3,12.9,13.4,13.8,14.3,14.7,15.1,15.4,15.8,15.9,16.1,16.3,16.5,17.0,17.3,17.6,17.9,18.1,15.8,16.9,17.4,17.4,,,,,,,,,,,,,,,,,,,,,,,,,,,,,,,,,,,,,,,,,,,,,,,,,,,,,,,,,,,,,,,,,,,,,,,,,,,,,,,,,,,,,,,,,,,,,,,,,,,,,,,,,,,
7F-CH-3.ST,(CH3出水溫度     ),DEG C,10.1,10.6,9.9,10.2,9.8,9.7,9.5,9.4,9.4,9.4,9.6,9.4,9.6,10.7,11.5,12.2,12.8,13.3,13.8,14.2,14.6,15.0,15.3,15.7,15.8,16.0,16.2,16.4,16.9,17.2,17.5,17.8,18.0,15.8,16.8,17.3,17.3,,,,,,,,,,,,,,,,,,,,,,,,,,,,,,,,,,,,,,,,,,,,,,,,,,,,,,,,,,,,,,,,,,,,,,,,,,,,,,,,,,,,,,,,,,,,,,,,,,,,,,,,,,,
7F-CH-4.ST,(CH4出水溫度     ),DEG C,7.7,7.3,7.6,7.4,7.6,7.6,7.6,7.6,7.6,7.8,7.5,7.4,9.4,10.4,11.3,12.0,12.6,13.1,13.6,14.0,14.4,14.8,15.1,15.4,15.6,15.8,16.0,16.2,16.7,17.0,17.3,17.6,17.8,15.4,16.5,17.1,17.1,,,,,,,,,,,,,,,,,,,,,,,,,,,,,,,,,,,,,,,,,,,,,,,,,,,,,,,,,,,,,,,,,,,,,,,,,,,,,,,,,,,,,,,,,,,,,,,,,,,,,,,,,,,
7F-CH-5.ST,(CH5出水溫度     ),DEG C,9.9,10.5,9.8,10.1,9.7,9.5,9.4,9.3,9.3,9.3,9.4,9.3,9.5,10.5,11.3,12.0,12.7,13.2,13.7,14.1,14.5,14.9,15.2,15.6,15.7,15.9,16.1,16.3,16.8,17.1,17.4,17.7,17.9,15.7,16.7,17.2,17.2,,,,,,,,,,,,,,,,,,,,,,,,,,,,,,,,,,,,,,,,,,,,,,,,,,,,,,,,,,,,,,,,,,,,,,,,,,,,,,,,,,,,,,,,,,,,,,,,,,,,,,,,,,,
7F-CH.ST,(冰水總出水溫度  ),DEG C,8.9,8.9,8.7,8.8,8.6,8.6,8.5,8.5,8.5,8.5,8.4,8.3,9.4,10.5,11.3,12.0,12.6,13.1,13.6,14.0,14.4,14.8,15.2,15.5,15.6,15.9,16.1,16.3,16.7,17.1,17.4,17.6,17.9,15.9,16.7,17.2,17.1,,,,,,,,,,,,,,,,,,,,,,,,,,,,,,,,,,,,,,,,,,,,,,,,,,,,,,,,,,,,,,,,,,,,,,,,,,,,,,,,,,,,,,,,,,,,,,,,,,,,,,,,,,,
7F-CH-1.RT,(CH1回水溫度     ),,10.0,10.4,9.9,10.1,9.8,9.6,9.5,9.4,9.4,9.4,9.5,9.3,9.6,10.6,11.5,12.1,12.8,13.3,13.7,14.2,14.6,14.9,15.3,15.6,15.8,16.0,16.2,16.4,16.9,17.2,17.5,17.8,18.0,15.6,16.7,17.2,17.3,,,,,,,,,,,,,,,,,,,,,,,,,,,,,,,,,,,,,,,,,,,,,,,,,,,,,,,,,,,,,,,,,,,,,,,,,,,,,,,,,,,,,,,,,,,,,,,,,,,,,,,,,,,
7F-CH-2.RT,(CH2回水溫度     ),,10.1,10.4,10.0,10.2,9.9,9.7,9.6,9.5,9.5,9.7,9.6,9.5,9.7,10.8,11.6,12.3,12.9,13.4,13.9,14.3,14.7,15.1,15.4,15.8,15.9,16.1,16.3,16.5,17.0,17.4,17.7,17.9,18.2,15.6,16.7,17.3,17.4,,,,,,,,,,,,,,,,,,,,,,,,,,,,,,,,,,,,,,,,,,,,,,,,,,,,,,,,,,,,,,,,,,,,,,,,,,,,,,,,,,,,,,,,,,,,,,,,,,,,,,,,,,,
7F-CH-3.RT,(CH3回水溫度     ),,10.0,10.4,9.9,10.1,9.8,9.7,9.5,9.4,9.4,9.5,9.5,9.4,9.6,10.7,11.5,12.2,12.8,13.3,13.8,14.2,14.6,15.0,15.4,15.7,15.8,16.1,16.3,16.5,16.9,17.3,17.6,17.8,18.1,15.6,16.7,17.3,17.4,,,,,,,,,,,,,,,,,,,,,,,,,,,,,,,,,,,,,,,,,,,,,,,,,,,,,,,,,,,,,,,,,,,,,,,,,,,,,,,,,,,,,,,,,,,,,,,,,,,,,,,,,,,
7F-CH-4.RT,(CH4回水溫度     ),,10.0,10.3,9.9,10.1,9.8,9.7,9.6,9.5,9.5,9.8,9.5,9.4,9.7,10.8,11.6,12.3,12.9,13.4,13.8,14.3,14.7,15.0,15.4,15.7,15.9,16.1,16.3,16.5,17.0,17.3,17.6,17.9,18.1,15.5,16.6,17.3,17.4,,,,,,,,,,,,,,,,,,,,,,,,,,,,,,,,,,,,,,,,,,,,,,,,,,,,,,,,,,,,,,,,,,,,,,,,,,,,,,,,,,,,,,,,,,,,,,,,,,,,,,,,,,,
7F-CH-5.RT,(CH5回水溫度     ),,9.9,10.2,9.7,9.9,9.7,9.5,9.4,9.3,9.3,9.5,9.4,9.2,9.5,10.6,11.4,12.1,12.7,13.2,13.7,14.1,14.5,14.9,15.2,15.6,15.7,15.9,16.1,16.3,16.8,17.2,17.5,17.7,17.9,15.4,16.5,17.1,17.2,,,,,,,,,,,,,,,,,,,,,,,,,,,,,,,,,,,,,,,,,,,,,,,,,,,,,,,,,,,,,,,,,,,,,,,,,,,,,,,,,,,,,,,,,,,,,,,,,,,,,,,,,,,
7F-CH.RT,(冰水總回水溫度  ),DEG C,9.8,10.0,9.7,9.8,9.6,9.5,9.3,9.3,9.2,9.6,9.3,9.2,9.5,10.5,11.4,12.0,12.6,13.2,13.6,14.0,14.4,14.8,15.2,15.5,15.6,15.9,16.1,16.3,16.8,17.1,17.4,17.6,17.9,15.0,16.3,17.0,17.2,,,,,,,,,,,,,,,,,,,,,,,,,,,,,,,,,,,,,,,,,,,,,,,,,,,,,,,,,,,,,,,,,,,,,,,,,,,,,,,,,,,,,,,,,,,,,,,,,,,,,,,,,,,
7F-CH-1.CHDT,(冰水溫差        ),DEG C,0.0,0.0,0.0,0.0,0.0,0.0,0.0,0.0,0.0,0.0,0.0,0.0,0.0,0.0,0.0,0.0,0.0,0.0,0.0,0.0,0.0,0.0,0.0,0.0,0.0,0.0,0.0,0.0,0.0,0.0,0.0,0.0,0.0,0.0,0.0,0.0,0.0,,,,,,,,,,,,,,,,,,,,,,,,,,,,,,,,,,,,,,,,,,,,,,,,,,,,,,,,,,,,,,,,,,,,,,,,,,,,,,,,,,,,,,,,,,,,,,,,,,,,,,,,,,,
7F-CH-2.CHDT,(冰水溫差        ),DEG C,0.0,0.0,0.0,0.0,0.0,0.0,0.0,0.0,0.0,0.0,0.0,0.0,0.0,0.0,0.0,0.0,0.0,0.0,0.0,0.0,0.0,0.0,0.0,0.0,0.0,0.0,0.0,0.0,0.0,0.0,0.0,0.0,0.0,0.0,0.0,0.0,0.0,,,,,,,,,,,,,,,,,,,,,,,,,,,,,,,,,,,,,,,,,,,,,,,,,,,,,,,,,,,,,,,,,,,,,,,,,,,,,,,,,,,,,,,,,,,,,,,,,,,,,,,,,,,
7F-CH-3.CHDT,(冰水溫差        ),DEG C,0.0,0.0,0.0,0.0,0.0,0.0,0.0,0.0,0.0,0.0,0.0,0.0,0.0,0.0,0.0,0.0,0.0,0.0,0.0,0.0,0.0,0.0,0.0,0.0,0.0,0.0,0.0,0.0,0.0,0.0,0.0,0.0,0.0,0.0,0.0,0.0,0.0,,,,,,,,,,,,,,,,,,,,,,,,,,,,,,,,,,,,,,,,,,,,,,,,,,,,,,,,,,,,,,,,,,,,,,,,,,,,,,,,,,,,,,,,,,,,,,,,,,,,,,,,,,,
7F-CH-4.CHDT,(冰水溫差        ),DEG C,2.3,3.0,2.3,2.7,2.2,2.1,2.0,1.8,1.8,2.0,2.1,2.0,0.0,0.0,0.0,0.0,0.0,0.0,0.0,0.0,0.0,0.0,0.0,0.0,0.0,0.0,0.0,0.0,0.0,0.0,0.0,0.0,0.0,0.0,0.0,0.0,0.0,,,,,,,,,,,,,,,,,,,,,,,,,,,,,,,,,,,,,,,,,,,,,,,,,,,,,,,,,,,,,,,,,,,,,,,,,,,,,,,,,,,,,,,,,,,,,,,,,,,,,,,,,,,
7F-CH-5.CHDT,(冰水溫差        ),DEG C,0.0,0.0,0.0,0.0,0.0,0.0,0.0,0.0,0.0,0.0,0.0,0.0,0.0,0.0,0.0,0.0,0.0,0.0,0.0,0.0,0.0,0.0,0.0,0.0,0.0,0.0,0.0,0.0,0.0,0.0,0.0,0.0,0.0,0.0,0.0,0.0,0.0,,,,,,,,,,,,,,,,,,,,,,,,,,,,,,,,,,,,,,,,,,,,,,,,,,,,,,,,,,,,,,,,,,,,,,,,,,,,,,,,,,,,,,,,,,,,,,,,,,,,,,,,,,,
7F-CHSYS.CHDT,(冰水系統溫差    ),DEG C,0.9,1.1,1.0,1.0,0.9,0.9,0.8,0.8,0.8,1.1,1.0,1.0,0.1,0.1,0.1,0.1,0.1,0.0,0.0,0.0,0.0,0.0,0.0,0.0,0.0, -0.0,0.0,0.0,0.0,0.0,0.0,0.0,0.0, -0.9, -0.5, -0.2,0.1,,,,,,,,,,,,,,,,,,,,,,,,,,,,,,,,,,,,,,,,,,,,,,,,,,,,,,,,,,,,,,,,,,,,,,,,,,,,,,,,,,,,,,,,,,,,,,,,,,,,,,,,,,,
7F-CH-1.FM,(CH1水流量       ),,1932,1801,1819,1844,1857,1858,1861,1862,1826,1625,1609,1576,2455,1901,1896,1873,1891,1879,1892,1923,1858,1894,1896,1900,1365,1374,1374,1356,1387,1341,1332,1341,1301,1983,1990,1998,1991,,,,,,,,,,,,,,,,,,,,,,,,,,,,,,,,,,,,,,,,,,,,,,,,,,,,,,,,,,,,,,,,,,,,,,,,,,,,,,,,,,,,,,,,,,,,,,,,,,,,,,,,,,,
7F-CH-2.FM,(CH2水流量       ),,1768,1689,1710,1768,1726,1734,1742,1731,1728,1440,1442,1328,2489,1760,1787,1795,1814,1823,1873,1892,1874,1942,1940,1959,1160,1182,1171,1190,1167,1173,1184,1182,1170,2082,2081,2124,2128,,,,,,,,,,,,,,,,,,,,,,,,,,,,,,,,,,,,,,,,,,,,,,,,,,,,,,,,,,,,,,,,,,,,,,,,,,,,,,,,,,,,,,,,,,,,,,,,,,,,,,,,,,,
7F-CH-3.FM,(CH3水流量       ),,753,695,634,701,651,743,681,698,670, -1,1, -1,1278,754,806,795,745,735,792,792,785,785,740,796, -1, -1,1, -1,1, -1, -1, -1,1,926,901,917,968,,,,,,,,,,,,,,,,,,,,,,,,,,,,,,,,,,,,,,,,,,,,,,,,,,,,,,,,,,,,,,,,,,,,,,,,,,,,,,,,,,,,,,,,,,,,,,,,,,,,,,,,,,,
7F-CH-4.FM,(CH4水流量       ),,6948,6812,7054,7009,7001,6874,7010,6851,7043,6693,6934,6767,3453,2524,2499,2599,2454,2579,2579,2499,2557,2529,2604,2567,1956,1796,1887,1821,1904,1867,1993,1926,1949,2734,2735,2723,2729,,,,,,,,,,,,,,,,,,,,,,,,,,,,,,,,,,,,,,,,,,,,,,,,,,,,,,,,,,,,,,,,,,,,,,,,,,,,,,,,,,,,,,,,,,,,,,,,,,,,,,,,,,,
7F-CH-5.FM,(CH5水流量       ),,1679,1489,1621,1570,1601,1654,1657,1643,1489,1237,1440,1070,2407,1642,1656,1724,1723,1781,1714,1878,1760,1792,1798,1926,981,1212,973,1220,1118,1014,1285,1124,1326,2112,2096,2046,2032,,,,,,,,,,,,,,,,,,,,,,,,,,,,,,,,,,,,,,,,,,,,,,,,,,,,,,,,,,,,,,,,,,,,,,,,,,,,,,,,,,,,,,,,,,,,,,,,,,,,,,,,,,,
7F-CH.FM,(冰水總流量      ),,13942,12378,12189,13048,12704,12818,12780,12574,12818,12330,12625,12058,11694,9006,9095,8989,9178,8793,9198,9215,9198,8861,9154,8954,6263,6074,6094,6043,6190,6115,6094,6208,6012,8380,8483,8274,8500,,,,,,,,,,,,,,,,,,,,,,,,,,,,,,,,,,,,,,,,,,,,,,,,,,,,,,,,,,,,,,,,,,,,,,,,,,,,,,,,,,,,,,,,,,,,,,,,,,,,,,,,,,,
7F-CW-1.ST,(CW1出水溫度     ),DEG C,29.2,29.2,29.1,29.1,29.1,29.0,29.0,29.0,29.0,29.0,28.9,28.9,28.9,28.8,28.8,28.8,28.8,28.8,28.8,28.8,28.7,28.7,28.7,28.7,28.7,28.7,28.6,28.6,28.6,28.6,28.6,28.6,28.6,28.6,28.5,28.5,28.5,,,,,,,,,,,,,,,,,,,,,,,,,,,,,,,,,,,,,,,,,,,,,,,,,,,,,,,,,,,,,,,,,,,,,,,,,,,,,,,,,,,,,,,,,,,,,,,,,,,,,,,,,,,
7F-CW-2.ST,(CW2出水溫度     ),DEG C,27.7,27.7,27.7,27.7,27.7,27.7,27.6,27.7,27.7,27.7,27.6,27.7,27.6,27.6,27.6,27.6,27.6,27.6,27.6,27.6,27.7,27.6,27.5,27.6,27.6,27.7,27.6,27.6,27.6,27.7,27.5,27.7,27.6,27.6,27.6,27.6,27.6,,,,,,,,,,,,,,,,,,,,,,,,,,,,,,,,,,,,,,,,,,,,,,,,,,,,,,,,,,,,,,,,,,,,,,,,,,,,,,,,,,,,,,,,,,,,,,,,,,,,,,,,,,,
7F-CW-3.ST,(CW3出水溫度     ),DEG C,29.8,29.8,29.7,29.7,29.7,29.7,29.7,29.7,29.7,29.7,29.7,29.7,29.7,29.7,29.6,29.6,29.6,29.6,29.6,29.6,29.6,29.6,29.6,29.6,29.6,29.6,29.6,29.5,29.5,29.5,29.5,29.5,29.5,29.5,29.5,29.5,29.5,,,,,,,,,,,,,,,,,,,,,,,,,,,,,,,,,,,,,,,,,,,,,,,,,,,,,,,,,,,,,,,,,,,,,,,,,,,,,,,,,,,,,,,,,,,,,,,,,,,,,,,,,,,
7F-CW-4.ST,(CW4出水溫度     ),DEG C,31.1,32.0,30.7,31.4,30.4,29.9,29.7,29.4,29.5,29.3,30.0,29.7,26.5,26.4,26.5,26.6,26.6,26.6,26.7,26.7,26.7,26.7,26.8,26.8,26.8,26.8,26.9,26.9,26.9,26.9,27.0,27.0,27.0,27.0,27.0,27.0,27.1,,,,,,,,,,,,,,,,,,,,,,,,,,,,,,,,,,,,,,,,,,,,,,,,,,,,,,,,,,,,,,,,,,,,,,,,,,,,,,,,,,,,,,,,,,,,,,,,,,,,,,,,,,,
7F-CW-5.ST,(CW5出水溫度     ),DEG C,29.8,29.9,29.9,29.9,29.9,29.9,29.9,29.9,29.9,29.9,29.9,29.9,29.9,29.9,29.9,29.8,29.8,29.8,29.7,29.7,29.7,29.7,29.7,29.6,29.6,29.6,29.6,29.6,29.6,29.5,29.5,29.5,29.5,29.5,29.5,29.5,29.5,,,,,,,,,,,,,,,,,,,,,,,,,,,,,,,,,,,,,,,,,,,,,,,,,,,,,,,,,,,,,,,,,,,,,,,,,,,,,,,,,,,,,,,,,,,,,,,,,,,,,,,,,,,
7F-CW.ST,(冷卻水總出水溫度),,31.1,32.0,30.7,31.4,30.4,29.9,29.7,29.4,29.5,29.3,30.0,29.7,0.0,0.0,0.0,0.0,0.0,0.0,0.0,0.0,0.0,0.0,0.0,0.0,0.0,0.0,0.0,0.0,0.0,0.0,0.0,0.0,0.0,0.0,0.0,0.0,0.0,,,,,,,,,,,,,,,,,,,,,,,,,,,,,,,,,,,,,,,,,,,,,,,,,,,,,,,,,,,,,,,,,,,,,,,,,,,,,,,,,,,,,,,,,,,,,,,,,,,,,,,,,,,
7F-CW-1.RT,(CW1回水溫度     ),,29.5,29.5,29.5,29.5,29.5,29.5,29.5,29.5,29.5,29.5,29.4,29.4,29.4,29.4,29.4,29.4,29.4,29.4,29.4,29.4,29.3,29.3,29.3,29.3,29.3,29.3,29.3,29.3,29.3,29.3,29.3,29.3,29.3,29.3,29.3,29.3,29.3,,,,,,,,,,,,,,,,,,,,,,,,,,,,,,,,,,,,,,,,,,,,,,,,,,,,,,,,,,,,,,,,,,,,,,,,,,,,,,,,,,,,,,,,,,,,,,,,,,,,,,,,,,,
7F-CW-2.RT,(CW2回水溫度     ),,31.7,31.7,31.7,31.6,31.6,31.6,31.6,31.5,31.5,31.5,31.5,31.4,31.4,31.4,31.4,31.3,31.3,31.3,31.3,31.3,31.2,31.2,31.2,31.1,31.1,31.1,31.1,31.0,31.0,31.0,31.0,31.0,30.9,30.9,30.9,30.8,30.8,,,,,,,,,,,,,,,,,,,,,,,,,,,,,,,,,,,,,,,,,,,,,,,,,,,,,,,,,,,,,,,,,,,,,,,,,,,,,,,,,,,,,,,,,,,,,,,,,,,,,,,,,,,
7F-CW-3.RT,(CW3回水溫度     ),,31.2,31.2,31.2,31.1,31.1,31.1,31.1,31.1,31.1,31.1,31.1,31.1,31.0,31.0,31.0,31.0,31.0,31.0,31.0,31.0,30.9,30.9,30.9,30.9,30.9,30.8,30.8,30.8,30.8,30.8,30.8,30.7,30.7,30.7,30.7,30.7,30.7,,,,,,,,,,,,,,,,,,,,,,,,,,,,,,,,,,,,,,,,,,,,,,,,,,,,,,,,,,,,,,,,,,,,,,,,,,,,,,,,,,,,,,,,,,,,,,,,,,,,,,,,,,,
7F-CW-4.RT,(CW4回水溫度     ),,28.9,29.2,28.5,28.8,28.3,28.0,27.9,27.8,27.8,27.6,28.1,27.9,26.5,26.4,26.6,26.7,26.8,26.9,26.9,27.0,27.1,27.1,27.1,27.2,27.2,27.2,27.3,27.3,27.3,27.3,27.4,27.4,27.4,27.4,27.4,27.5,27.5,,,,,,,,,,,,,,,,,,,,,,,,,,,,,,,,,,,,,,,,,,,,,,,,,,,,,,,,,,,,,,,,,,,,,,,,,,,,,,,,,,,,,,,,,,,,,,,,,,,,,,,,,,,
7F-CW-5.RT,(CW5回水溫度     ),,30.0,30.0,30.0,30.0,30.1,30.1,30.1,30.1,30.1,30.1,30.1,30.1,30.1,30.1,30.1,30.1,30.0,30.0,30.0,30.0,30.0,29.9,29.9,29.9,29.9,29.9,29.8,29.8,29.8,29.8,29.8,29.8,29.7,29.7,29.7,29.7,29.7,,,,,,,,,,,,,,,,,,,,,,,,,,,,,,,,,,,,,,,,,,,,,,,,,,,,,,,,,,,,,,,,,,,,,,,,,,,,,,,,,,,,,,,,,,,,,,,,,,,,,,,,,,,
7F-CW.RT,(冷卻水總回水溫度),,28.9,29.2,28.6,28.8,28.3,28.0,27.9,27.8,27.8,27.6,28.1,27.9,0.0,0.0,0.0,0.0,0.0,0.0,0.0,0.0,0.0,0.0,0.0,0.0,0.0,0.0,0.0,0.0,0.0,0.0,0.0,0.0,0.0,0.0,0.0,0.0,0.0,,,,,,,,,,,,,,,,,,,,,,,,,,,,,,,,,,,,,,,,,,,,,,,,,,,,,,,,,,,,,,,,,,,,,,,,,,,,,,,,,,,,,,,,,,,,,,,,,,,,,,,,,,,
7F-CH-1.CWDT,(冷卻水溫差      ),DEG C,0.0,0.0,0.0,0.0,0.0,0.0,0.0,0.0,0.0,0.0,0.0,0.0,0.0,0.0,0.0,0.0,0.0,0.0,0.0,0.0,0.0,0.0,0.0,0.0,0.0,0.0,0.0,0.0,0.0,0.0,0.0,0.0,0.0,0.0,0.0,0.0,0.0,,,,,,,,,,,,,,,,,,,,,,,,,,,,,,,,,,,,,,,,,,,,,,,,,,,,,,,,,,,,,,,,,,,,,,,,,,,,,,,,,,,,,,,,,,,,,,,,,,,,,,,,,,,
7F-CH-2.CWDT,(冷卻水溫差      ),DEG C,0.0,0.0,0.0,0.0,0.0,0.0,0.0,0.0,0.0,0.0,0.0,0.0,0.0,0.0,0.0,0.0,0.0,0.0,0.0,0.0,0.0,0.0,0.0,0.0,0.0,0.0,0.0,0.0,0.0,0.0,0.0,0.0,0.0,0.0,0.0,0.0,0.0,,,,,,,,,,,,,,,,,,,,,,,,,,,,,,,,,,,,,,,,,,,,,,,,,,,,,,,,,,,,,,,,,,,,,,,,,,,,,,,,,,,,,,,,,,,,,,,,,,,,,,,,,,,
7F-CH-3.CWDT,(冷卻水溫差      ),DEG C,0.0,0.0,0.0,0.0,0.0,0.0,0.0,0.0,0.0,0.0,0.0,0.0,0.0,0.0,0.0,0.0,0.0,0.0,0.0,0.0,0.0,0.0,0.0,0.0,0.0,0.0,0.0,0.0,0.0,0.0,0.0,0.0,0.0,0.0,0.0,0.0,0.0,,,,,,,,,,,,,,,,,,,,,,,,,,,,,,,,,,,,,,,,,,,,,,,,,,,,,,,,,,,,,,,,,,,,,,,,,,,,,,,,,,,,,,,,,,,,,,,,,,,,,,,,,,,
7F-CH-4.CWDT,(冷卻水溫差      ),DEG C,2.2,2.9,2.2,2.5,2.1,1.9,1.8,1.6,1.7,1.6,1.9,1.8,0.0,0.0,0.0,0.0,0.0,0.0,0.0,0.0,0.0,0.0,0.0,0.0,0.0,0.0,0.0,0.0,0.0,0.0,0.0,0.0,0.0,0.0,0.0,0.0,0.0,,,,,,,,,,,,,,,,,,,,,,,,,,,,,,,,,,,,,,,,,,,,,,,,,,,,,,,,,,,,,,,,,,,,,,,,,,,,,,,,,,,,,,,,,,,,,,,,,,,,,,,,,,,
7F-CH-5.CWDT,(冷卻水溫差      ),DEG C,0.0,0.0,0.0,0.0,0.0,0.0,0.0,0.0,0.0,0.0,0.0,0.0,0.0,0.0,0.0,0.0,0.0,0.0,0.0,0.0,0.0,0.0,0.0,0.0,0.0,0.0,0.0,0.0,0.0,0.0,0.0,0.0,0.0,0.0,0.0,0.0,0.0,,,,,,,,,,,,,,,,,,,,,,,,,,,,,,,,,,,,,,,,,,,,,,,,,,,,,,,,,,,,,,,,,,,,,,,,,,,,,,,,,,,,,,,,,,,,,,,,,,,,,,,,,,,
7F-CHSYS.CWDT,(冷卻水系統溫差  ),DEG C,2.2,2.9,2.2,2.5,2.1,1.9,1.8,1.6,1.7,1.6,1.9,1.8,0.0,0.0,0.0,0.0,0.0,0.0,0.0,0.0,0.0,0.0,0.0,0.0,0.0,0.0,0.0,0.0,0.0,0.0,0.0,0.0,0.0,0.0,0.0,0.0,0.0,,,,,,,,,,,,,,,,,,,,,,,,,,,,,,,,,,,,,,,,,,,,,,,,,,,,,,,,,,,,,,,,,,,,,,,,,,,,,,,,,,,,,,,,,,,,,,,,,,,,,,,,,,,
7F-CW-1.FM,(CW1水流量       ),,17,15,15,15,15,15,15,17,17,18,17,17,17,17,17,15,15,15,15,15,17,17,17,15,15,15,15,18,17,17,17,15,15,15,15,15,17,,,,,,,,,,,,,,,,,,,,,,,,,,,,,,,,,,,,,,,,,,,,,,,,,,,,,,,,,,,,,,,,,,,,,,,,,,,,,,,,,,,,,,,,,,,,,,,,,,,,,,,,,,,
7F-CW-2.FM,(CW2水流量       ),,15,15,15,14,17,17,14,14,14,15,15,15,15,14,14,14,14,12,12,14,15,15,14,14,12,15,15,12,12,12,15,12,12,12,17,14,14,,,,,,,,,,,,,,,,,,,,,,,,,,,,,,,,,,,,,,,,,,,,,,,,,,,,,,,,,,,,,,,,,,,,,,,,,,,,,,,,,,,,,,,,,,,,,,,,,,,,,,,,,,,
7F-CW-3.FM,(CW3水流量       ),,21,21,21,21,21,21,21,18,21,23,21,21,21,21,21,21,18,18,21,18,21,21,21,18,18,21,18,18,18,18,18,18,21,18,18,18,21,,,,,,,,,,,,,,,,,,,,,,,,,,,,,,,,,,,,,,,,,,,,,,,,,,,,,,,,,,,,,,,,,,,,,,,,,,,,,,,,,,,,,,,,,,,,,,,,,,,,,,,,,,,
7F-CW-4.FM,(CW4水流量       ),,7584,7679,7528,7631,7659,7635,7632,7578,7495,7534,7496,7556,18,15,15,15,15,15,15,15,15,15,15,15,15,15,12,15,15,15,15,15,15,15,15,15,15,,,,,,,,,,,,,,,,,,,,,,,,,,,,,,,,,,,,,,,,,,,,,,,,,,,,,,,,,,,,,,,,,,,,,,,,,,,,,,,,,,,,,,,,,,,,,,,,,,,,,,,,,,,
7F-CW-5.FM,(CW5水流量       ),,18,21,18,18,18,18,18,15,18,18,18,18,18,18,18,17,17,17,15,15,17,15,15,15,15,15,15,15,15,15,15,15,15,15,15,15,15,,,,,,,,,,,,,,,,,,,,,,,,,,,,,,,,,,,,,,,,,,,,,,,,,,,,,,,,,,,,,,,,,,,,,,,,,,,,,,,,,,,,,,,,,,,,,,,,,,,,,,,,,,,
7F-CW.FM,(冷卻水總流量    ),,7660,7754,7631,7673,7729,7709,7714,7645,7537,7665,7570,7631,89,87,84,81,84,82,81,82,84,85,84,82,84,84,78,81,79,79,82,78,78,78,82,79,84,,,,,,,,,,,,,,,,,,,,,,,,,,,,,,,,,,,,,,,,,,,,,,,,,,,,,,,,,,,,,,,,,,,,,,,,,,,,,,,,,,,,,,,,,,,,,,,,,,,,,,,,,,,
CH1F7:KW,(                ),kW,0.0,0.0,0.0,0.0,0.0,0.0,0.0,0.0,0.0,0.0,0.0,0.0,0.0,0.0,0.0,0.0,0.0,0.0,0.0,0.0,0.0,0.0,0.0,0.0,0.0,0.0,0.0,0.0,0.0,0.0,0.0,0.0,0.0,0.0,0.0,0.0,0.0,,,,,,,,,,,,,,,,,,,,,,,,,,,,,,,,,,,,,,,,,,,,,,,,,,,,,,,,,,,,,,,,,,,,,,,,,,,,,,,,,,,,,,,,,,,,,,,,,,,,,,,,,,,
CH2F7:KW,(                ),kW,0.0,0.8,0.8,0.0,0.8,0.0,0.6,0.8,0.0,0.8,0.8,0.0,0.8,0.0,0.8,0.8,0.0,0.8,0.0,0.0,0.8,0.8,0.0,0.8,0.8,0.0,0.0,0.7,0.8,0.0,0.0,0.7,0.7,0.0,0.0,0.8,0.7,,,,,,,,,,,,,,,,,,,,,,,,,,,,,,,,,,,,,,,,,,,,,,,,,,,,,,,,,,,,,,,,,,,,,,,,,,,,,,,,,,,,,,,,,,,,,,,,,,,,,,,,,,,
CH3F7:KW,(                ),kW,0.0,0.7,0.7,0.7,0.0,0.0,0.7,0.7,0.0,0.0,0.7,0.7,0.0,0.0,0.7,0.7,0.7,0.0,0.0,0.7,0.7,0.0,0.0,0.7,0.7,0.7,0.0,0.0,0.7,0.7,0.0,0.0,0.7,0.7,0.0,0.0,0.0,,,,,,,,,,,,,,,,,,,,,,,,,,,,,,,,,,,,,,,,,,,,,,,,,,,,,,,,,,,,,,,,,,,,,,,,,,,,,,,,,,,,,,,,,,,,,,,,,,,,,,,,,,,
CH4F7:KW,(                ),kW,162.0,218.0,162.0,186.0,149.0,142.0,138.0,133.0,135.0,132.0,150.0,146.0,0.0,0.0,0.0,0.0,0.0,0.0,0.0,0.0,0.0,0.0,0.0,0.0,0.0,0.0,0.0,0.0,0.0,0.0,0.0,0.0,0.0,0.0,0.0,0.0,0.0,,,,,,,,,,,,,,,,,,,,,,,,,,,,,,,,,,,,,,,,,,,,,,,,,,,,,,,,,,,,,,,,,,,,,,,,,,,,,,,,,,,,,,,,,,,,,,,,,,,,,,,,,,,
CH5F7:KW,(                ),kW,0.0,0.0,0.0,0.0,0.0,0.0,0.0,0.0,0.0,0.0,0.0,0.0,0.0,0.0,0.0,0.0,0.0,0.0,0.0,0.0,0.0,0.0,0.0,0.0,0.0,0.0,0.0,0.0,0.0,0.0,0.0,0.0,0.0,0.0,0.0,0.0,0.0,,,,,,,,,,,,,,,,,,,,,,,,,,,,,,,,,,,,,,,,,,,,,,,,,,,,,,,,,,,,,,,,,,,,,,,,,,,,,,,,,,,,,,,,,,,,,,,,,,,,,,,,,,,
CHF7-ALL.KW,(冰機系統功率    ),,162.0,219.5,163.5,186.7,149.8,142.0,139.3,134.5,135.0,132.8,151.5,146.7,0.8,0.0,1.5,1.4,0.7,0.8,0.0,0.7,1.4,0.8,0.0,1.4,1.4,0.7,0.0,0.7,1.4,0.7,0.0,0.7,1.4,0.7,0.0,0.8,0.7,,,,,,,,,,,,,,,,,,,,,,,,,,,,,,,,,,,,,,,,,,,,,,,,,,,,,,,,,,,,,,,,,,,,,,,,,,,,,,,,,,,,,,,,,,,,,,,,,,,,,,,,,,,
7F-CH-1.TON,(冷凍頓          ),,0,0,0,0,0,0,0,0,0,0,0,0,0,0,0,0,0,0,0,0,0,0,0,0,0,0,0,0,0,0,0,0,0,0,0,0,0,,,,,,,,,,,,,,,,,,,,,,,,,,,,,,,,,,,,,,,,,,,,,,,,,,,,,,,,,,,,,,,,,,,,,,,,,,,,,,,,,,,,,,,,,,,,,,,,,,,,,,,,,,,
7F-CH-2.TON,(冷凍頓          ),,0,0,0,0,0,0,0,0,0,0,0,0,0,0,0,0,0,0,0,0,0,0,0,0,0,0,0,0,0,0,0,0,0,0,0,0,0,,,,,,,,,,,,,,,,,,,,,,,,,,,,,,,,,,,,,,,,,,,,,,,,,,,,,,,,,,,,,,,,,,,,,,,,,,,,,,,,,,,,,,,,,,,,,,,,,,,,,,,,,,,
7F-CH-3.TON,(冷凍頓          ),,0,0,0,0,0,0,0,0,0,0,0,0,0,0,0,0,0,0,0,0,0,0,0,0,0,0,0,0,0,0,0,0,0,0,0,0,0,,,,,,,,,,,,,,,,,,,,,,,,,,,,,,,,,,,,,,,,,,,,,,,,,,,,,,,,,,,,,,,,,,,,,,,,,,,,,,,,,,,,,,,,,,,,,,,,,,,,,,,,,,,
7F-CH-4.TON,(冷凍頓          ),,320,399,329,369,310,282,273,251,256,262,286,269,0,0,0,0,0,0,0,0,0,0,0,0,0,0,0,0,0,0,0,0,0,0,0,0,0,,,,,,,,,,,,,,,,,,,,,,,,,,,,,,,,,,,,,,,,,,,,,,,,,,,,,,,,,,,,,,,,,,,,,,,,,,,,,,,,,,,,,,,,,,,,,,,,,,,,,,,,,,,
7F-CH-5.TON,(冷凍頓          ),,0,0,0,0,0,0,0,0,0,0,0,0,0,0,0,0,0,0,0,0,0,0,0,0,0,0,0,0,0,0,0,0,0,0,0,0,0,,,,,,,,,,,,,,,,,,,,,,,,,,,,,,,,,,,,,,,,,,,,,,,,,,,,,,,,,,,,,,,,,,,,,,,,,,,,,,,,,,,,,,,,,,,,,,,,,,,,,,,,,,,
7F-CHSYS.TON,(冷凍頓          ),,128,142,134,143,129,119,113,102,107,148,133,135,0,0,0,0,0,0,0,0,0,0,0,0,0,0,0,0,0,0,0,0,0,0,0,0,0,,,,,,,,,,,,,,,,,,,,,,,,,,,,,,,,,,,,,,,,,,,,,,,,,,,,,,,,,,,,,,,,,,,,,,,,,,,,,,,,,,,,,,,,,,,,,,,,,,,,,,,,,,,
7F-CH-1.KW/RT,(冰機效率        ),,0.00,0.00,0.00,0.00,0.00,0.00,0.00,0.00,0.00,0.00,0.00,0.00,0.00,0.00,0.00,0.00,0.00,0.00,0.00,0.00,0.00,0.00,0.00,0.00,0.00,0.00,0.00,0.00,0.00,0.00,0.00,0.00,0.00,0.00,0.00,0.00,0.00,,,,,,,,,,,,,,,,,,,,,,,,,,,,,,,,,,,,,,,,,,,,,,,,,,,,,,,,,,,,,,,,,,,,,,,,,,,,,,,,,,,,,,,,,,,,,,,,,,,,,,,,,,,
7F-CH-2.KW/RT,(冰機效率        ),,0.00,0.00,0.00,0.00,0.00,0.00,0.00,0.00,0.00,0.00,0.00,0.00,0.00,0.00,0.00,0.00,0.00,0.00,0.00,0.00,0.00,0.00,0.00,0.00,0.00,0.00,0.00,0.00,0.00,0.00,0.00,0.00,0.00,0.00,0.00,0.00,0.00,,,,,,,,,,,,,,,,,,,,,,,,,,,,,,,,,,,,,,,,,,,,,,,,,,,,,,,,,,,,,,,,,,,,,,,,,,,,,,,,,,,,,,,,,,,,,,,,,,,,,,,,,,,
7F-CH-3.KW/RT,(冰機效率        ),,0.00,0.00,0.00,0.00,0.00,0.00,0.00,0.00,0.00,0.00,0.00,0.00,0.00,0.00,0.00,0.00,0.00,0.00,0.00,0.00,0.00,0.00,0.00,0.00,0.00,0.00,0.00,0.00,0.00,0.00,0.00,0.00,0.00,0.00,0.00,0.00,0.00,,,,,,,,,,,,,,,,,,,,,,,,,,,,,,,,,,,,,,,,,,,,,,,,,,,,,,,,,,,,,,,,,,,,,,,,,,,,,,,,,,,,,,,,,,,,,,,,,,,,,,,,,,,
7F-CH-4.KW/RT,(冰機效率        ),,0.00,0.00,0.00,0.00,0.00,0.00,0.00,0.00,0.00,0.00,0.00,0.00,0.00,0.00,0.00,0.00,0.00,0.00,0.00,0.00,0.00,0.00,0.00,0.00,0.00,0.00,0.00,0.00,0.00,0.00,0.00,0.00,0.00,0.00,0.00,0.00,0.00,,,,,,,,,,,,,,,,,,,,,,,,,,,,,,,,,,,,,,,,,,,,,,,,,,,,,,,,,,,,,,,,,,,,,,,,,,,,,,,,,,,,,,,,,,,,,,,,,,,,,,,,,,,
7F-CH-5.KW/RT,(冰機效率        ),,0.00,0.00,0.00,0.00,0.00,0.00,0.00,0.00,0.00,0.00,0.00,0.00,0.00,0.00,0.00,0.00,0.00,0.00,0.00,0.00,0.00,0.00,0.00,0.00,0.00,0.00,0.00,0.00,0.00,0.00,0.00,0.00,0.00,0.00,0.00,0.00,0.00,,,,,,,,,,,,,,,,,,,,,,,,,,,,,,,,,,,,,,,,,,,,,,,,,,,,,,,,,,,,,,,,,,,,,,,,,,,,,,,,,,,,,,,,,,,,,,,,,,,,,,,,,,,
7F-CHSYS.KW/RT,(冰水系統效率    ),,8.64,7.81,8.25,7.76,8.59,9.32,9.82,10.91,10.35,7.49,8.37,8.24,0.00,0.00,0.00,0.00,0.00,0.00,0.00,0.00,0.00,0.00,0.00,0.00,0.00,0.00,0.00,0.00,0.00,0.00,0.00,0.00,0.00,0.00,0.00,0.00,0.00,,,,,,,,,,,,,,,,,,,,,,,,,,,,,,,,,,,,,,,,,,,,,,,,,,,,,,,,,,,,,,,,,,,,,,,,,,,,,,,,,,,,,,,,,,,,,,,,,,,,,,,,,,,
7F-CW-1.TON,(冷卻水冷凍頓    ),,0,0,0,0,0,0,0,0,0,0,0,0,0,0,0,0,0,0,0,0,0,0,0,0,0,0,0,0,0,0,0,0,0,0,0,0,0,,,,,,,,,,,,,,,,,,,,,,,,,,,,,,,,,,,,,,,,,,,,,,,,,,,,,,,,,,,,,,,,,,,,,,,,,,,,,,,,,,,,,,,,,,,,,,,,,,,,,,,,,,,
7F-CW-2.TON,(冷卻水冷凍頓    ),,0,0,0,0,0,0,0,0,0,0,0,0,0,0,0,0,0,0,0,0,0,0,0,0,0,0,0,0,0,0,0,0,0,0,0,0,0,,,,,,,,,,,,,,,,,,,,,,,,,,,,,,,,,,,,,,,,,,,,,,,,,,,,,,,,,,,,,,,,,,,,,,,,,,,,,,,,,,,,,,,,,,,,,,,,,,,,,,,,,,,
7F-CW-3.TON,(冷卻水冷凍頓    ),,0,0,0,0,0,0,0,0,0,0,0,0,0,0,0,0,0,0,0,0,0,0,0,0,0,0,0,0,0,0,0,0,0,0,0,0,0,,,,,,,,,,,,,,,,,,,,,,,,,,,,,,,,,,,,,,,,,,,,,,,,,,,,,,,,,,,,,,,,,,,,,,,,,,,,,,,,,,,,,,,,,,,,,,,,,,,,,,,,,,,
7F-CW-4.TON,(冷卻水冷凍頓    ),,338,439,323,380,313,282,268,246,251,244,283,270,0,0,0,0,0,0,0,0,0,0,0,0,0,0,0,0,0,0,0,0,0,0,0,0,0,,,,,,,,,,,,,,,,,,,,,,,,,,,,,,,,,,,,,,,,,,,,,,,,,,,,,,,,,,,,,,,,,,,,,,,,,,,,,,,,,,,,,,,,,,,,,,,,,,,,,,,,,,,
7F-CW-5.TON,(冷卻水冷凍頓    ),,0,0,0,0,0,0,0,0,0,0,0,0,0,0,0,0,0,0,0,0,0,0,0,0,0,0,0,0,0,0,0,0,0,0,0,0,0,,,,,,,,,,,,,,,,,,,,,,,,,,,,,,,,,,,,,,,,,,,,,,,,,,,,,,,,,,,,,,,,,,,,,,,,,,,,,,,,,,,,,,,,,,,,,,,,,,,,,,,,,,,
7F-CWSYS.TON,(冷凍頓          ),,340,441,326,386,317,287,270,247,250,248,285,273,0,0,0,0,0,0,0,0,0,0,0,0,0,0,0,0,0,0,0,0,0,0,0,0,0,,,,,,,,,,,,,,,,,,,,,,,,,,,,,,,,,,,,,,,,,,,,,,,,,,,,,,,,,,,,,,,,,,,,,,,,,,,,,,,,,,,,,,,,,,,,,,,,,,,,,,,,,,,
7F-CH-1.HB,(                ),,0.00,0.00,0.00,0.00,0.00,0.00,0.00,0.00,0.00,0.00,0.00,0.00,0.00,0.00,0.00,0.00,0.00,0.00,0.00,0.00,0.00,0.00,0.00,0.00,0.00,0.00,0.00,0.00,0.00,0.00,0.00,0.00,0.00,0.00,0.00,0.00,0.00,,,,,,,,,,,,,,,,,,,,,,,,,,,,,,,,,,,,,,,,,,,,,,,,,,,,,,,,,,,,,,,,,,,,,,,,,,,,,,,,,,,,,,,,,,,,,,,,,,,,,,,,,,,
7F-CH-2.HB,(                ),,0.00,0.00,0.00,0.00,0.00,0.00,0.00,0.00,0.00,0.00,0.00,0.00,0.00,0.00,0.00,0.00,0.00,0.00,0.00,0.00,0.00,0.00,0.00,0.00,0.00,0.00,0.00,0.00,0.00,0.00,0.00,0.00,0.00,0.00,0.00,0.00,0.00,,,,,,,,,,,,,,,,,,,,,,,,,,,,,,,,,,,,,,,,,,,,,,,,,,,,,,,,,,,,,,,,,,,,,,,,,,,,,,,,,,,,,,,,,,,,,,,,,,,,,,,,,,,
7F-CH-3.HB,(                ),,0.00,0.00,0.00,0.00,0.00,0.00,0.00,0.00,0.00,0.00,0.00,0.00,0.00,0.00,0.00,0.00,0.00,0.00,0.00,0.00,0.00,0.00,0.00,0.00,0.00,0.00,0.00,0.00,0.00,0.00,0.00,0.00,0.00,0.00,0.00,0.00,0.00,,,,,,,,,,,,,,,,,,,,,,,,,,,,,,,,,,,,,,,,,,,,,,,,,,,,,,,,,,,,,,,,,,,,,,,,,,,,,,,,,,,,,,,,,,,,,,,,,,,,,,,,,,,
7F-CH-4.HB,(                ),, -5.24, -9.18,1.80, -3.06, -0.90, -0.01,1.75,1.84,2.20,7.60,1.07, -0.50,0.00,0.00,0.00,0.00,0.00,0.00,0.00,0.00,0.00,0.00,0.00,0.00,0.00,0.00,0.00,0.00,0.00,0.00,0.00,0.00,0.00,0.00,0.00,0.00,0.00,,,,,,,,,,,,,,,,,,,,,,,,,,,,,,,,,,,,,,,,,,,,,,,,,,,,,,,,,,,,,,,,,,,,,,,,,,,,,,,,,,,,,,,,,,,,,,,,,,,,,,,,,,,
7F-CH-5.HB,(                ),,0.00,0.00,0.00,0.00,0.00,0.00,0.00,0.00,0.00,0.00,0.00,0.00,0.00,0.00,0.00,0.00,0.00,0.00,0.00,0.00,0.00,0.00,0.00,0.00,0.00,0.00,0.00,0.00,0.00,0.00,0.00,0.00,0.00,0.00,0.00,0.00,0.00,,,,,,,,,,,,,,,,,,,,,,,,,,,,,,,,,,,,,,,,,,,,,,,,,,,,,,,,,,,,,,,,,,,,,,,,,,,,,,,,,,,,,,,,,,,,,,,,,,,,,,,,,,,
7F-CHSYS.HB,(                ),,31.19,4.01,38.15,19.16,40.69,51.73,58.73,68.91,69.06,87.23,57.27,65.50,0.00,0.00,0.00,0.00,0.00,0.00,0.00,0.00,0.00,0.00,0.00,0.00,0.00,0.00,0.00,0.00,0.00,0.00,0.00,0.00,0.00,0.00,0.00,0.00,0.00,,,,,,,,,,,,,,,,,,,,,,,,,,,,,,,,,,,,,,,,,,,,,,,,,,,,,,,,,,,,,,,,,,,,,,,,,,,,,,,,,,,,,,,,,,,,,,,,,,,,,,,,,,,
CHP1F7:KW,(                ),kW,0.0,0.0,0.0,0.0,0.0,0.0,0.0,0.0,0.0,0.0,0.0,0.0,0.0,0.0,0.0,0.0,0.0,0.0,0.0,0.0,0.0,0.0,0.0,0.0,0.0,0.0,0.0,0.0,0.0,0.0,0.0,0.0,0.0,0.0,0.0,0.0,0.0,,,,,,,,,,,,,,,,,,,,,,,,,,,,,,,,,,,,,,,,,,,,,,,,,,,,,,,,,,,,,,,,,,,,,,,,,,,,,,,,,,,,,,,,,,,,,,,,,,,,,,,,,,,
CHP2F7:KW,(                ),kW,0.0,0.0,0.0,0.0,0.0,0.0,0.0,0.0,0.0,0.0,0.0,0.0,0.0,0.0,0.0,0.0,0.0,0.0,0.0,0.0,0.0,0.0,0.0,0.0,0.0,0.0,0.0,0.0,0.0,0.0,0.0,0.0,0.0,0.0,0.0,0.0,0.0,,,,,,,,,,,,,,,,,,,,,,,,,,,,,,,,,,,,,,,,,,,,,,,,,,,,,,,,,,,,,,,,,,,,,,,,,,,,,,,,,,,,,,,,,,,,,,,,,,,,,,,,,,,
CHP3F7:KW,(                ),kW,0.0,0.0,0.0,0.0,0.0,0.0,0.0,0.0,0.0,0.0,0.0,0.0,0.0,0.0,0.0,0.0,0.0,0.0,0.0,0.0,0.0,0.0,0.0,0.0,0.0,0.0,0.0,0.0,0.0,0.0,0.0,0.0,0.0,0.0,0.0,0.0,0.0,,,,,,,,,,,,,,,,,,,,,,,,,,,,,,,,,,,,,,,,,,,,,,,,,,,,,,,,,,,,,,,,,,,,,,,,,,,,,,,,,,,,,,,,,,,,,,,,,,,,,,,,,,,
CHP4F7:KW,(                ),kW,31.3,31.3,31.4,31.2,31.2,31.2,31.4,31.2,31.4,31.2,31.3,31.3,0.0,0.0,0.0,0.0,0.0,0.0,0.0,0.0,0.0,0.0,0.0,0.0,0.0,0.0,0.0,0.0,0.0,0.0,0.0,0.0,0.0,0.0,0.0,0.0,0.0,,,,,,,,,,,,,,,,,,,,,,,,,,,,,,,,,,,,,,,,,,,,,,,,,,,,,,,,,,,,,,,,,,,,,,,,,,,,,,,,,,,,,,,,,,,,,,,,,,,,,,,,,,,
CHP5F7:KW,(                ),kW,0.0,0.0,0.0,0.0,0.0,0.0,0.0,0.0,0.0,0.0,0.0,0.0,0.0,0.0,0.0,0.0,0.0,0.0,0.0,0.0,0.0,0.0,0.0,0.0,0.0,0.0,0.0,0.0,0.0,0.0,0.0,0.0,0.0,0.0,0.0,0.0,0.0,,,,,,,,,,,,,,,,,,,,,,,,,,,,,,,,,,,,,,,,,,,,,,,,,,,,,,,,,,,,,,,,,,,,,,,,,,,,,,,,,,,,,,,,,,,,,,,,,,,,,,,,,,,
CHPF7-ALL.KW,(冰水泵系統功率  ),,31.3,31.3,31.4,31.2,31.2,31.2,31.4,31.2,31.4,31.2,31.3,31.3,0.0,0.0,0.0,0.0,0.0,0.0,0.0,0.0,0.0,0.0,0.0,0.0,0.0,0.0,0.0,0.0,0.0,0.0,0.0,0.0,0.0,0.0,0.0,0.0,0.0,,,,,,,,,,,,,,,,,,,,,,,,,,,,,,,,,,,,,,,,,,,,,,,,,,,,,,,,,,,,,,,,,,,,,,,,,,,,,,,,,,,,,,,,,,,,,,,,,,,,,,,,,,,
CWP1F7:KW,(                ),kW,0.0,0.0,0.0,0.0,0.0,0.0,0.0,0.0,0.0,0.0,0.0,0.0,0.0,0.0,0.0,0.0,0.0,0.0,0.0,0.0,0.0,0.0,0.0,0.0,0.0,0.0,0.0,0.0,0.0,0.0,0.0,0.0,0.0,0.0,0.0,0.0,0.0,,,,,,,,,,,,,,,,,,,,,,,,,,,,,,,,,,,,,,,,,,,,,,,,,,,,,,,,,,,,,,,,,,,,,,,,,,,,,,,,,,,,,,,,,,,,,,,,,,,,,,,,,,,
CWP2F7:KW,(                ),kW,0.0,0.0,0.0,0.0,0.0,0.0,0.0,0.0,0.0,0.0,0.0,0.0,0.0,0.0,0.0,0.0,0.0,0.0,0.0,0.0,0.0,0.0,0.0,0.0,0.0,0.0,0.0,0.0,0.0,0.0,0.0,0.0,0.0,0.0,0.0,0.0,0.0,,,,,,,,,,,,,,,,,,,,,,,,,,,,,,,,,,,,,,,,,,,,,,,,,,,,,,,,,,,,,,,,,,,,,,,,,,,,,,,,,,,,,,,,,,,,,,,,,,,,,,,,,,,
CWP3F7:KW,(                ),kW,0.0,0.0,0.0,0.0,0.0,0.0,0.0,0.0,0.0,0.0,0.0,0.0,0.0,0.0,0.0,0.0,0.0,0.0,0.0,0.0,0.0,0.0,0.0,0.0,0.0,0.0,0.0,0.0,0.0,0.0,0.0,0.0,0.0,0.0,0.0,0.0,0.0,,,,,,,,,,,,,,,,,,,,,,,,,,,,,,,,,,,,,,,,,,,,,,,,,,,,,,,,,,,,,,,,,,,,,,,,,,,,,,,,,,,,,,,,,,,,,,,,,,,,,,,,,,,
CWP4F7:KW,(                ),kW,29.7,29.6,29.8,29.7,29.6,29.6,29.7,29.6,29.6,29.7,29.7,29.6,0.0,0.0,0.0,0.0,0.0,0.0,0.0,0.0,0.0,0.0,0.0,0.0,0.0,0.0,0.0,0.0,0.0,0.0,0.0,0.0,0.0,0.0,0.0,0.0,0.0,,,,,,,,,,,,,,,,,,,,,,,,,,,,,,,,,,,,,,,,,,,,,,,,,,,,,,,,,,,,,,,,,,,,,,,,,,,,,,,,,,,,,,,,,,,,,,,,,,,,,,,,,,,
CWP5F7:KW,(                ),kW,0.0,0.0,0.0,0.0,0.0,0.0,0.0,0.0,0.0,0.0,0.0,0.0,0.0,0.0,0.0,0.0,0.0,0.0,0.0,0.0,0.0,0.0,0.0,0.0,0.0,0.0,0.0,0.0,0.0,0.0,0.0,0.0,0.0,0.0,0.0,0.0,0.0,,,,,,,,,,,,,,,,,,,,,,,,,,,,,,,,,,,,,,,,,,,,,,,,,,,,,,,,,,,,,,,,,,,,,,,,,,,,,,,,,,,,,,,,,,,,,,,,,,,,,,,,,,,
CWPF7-ALL.KW,(冷卻水泵系統功率),,29.7,29.6,29.8,29.7,29.6,29.6,29.7,29.6,29.7,29.7,29.7,29.6,0.0,0.0,0.0,0.0,0.0,0.0,0.0,0.0,0.0,0.0,0.0,0.0,0.0,0.0,0.0,0.0,0.0,0.0,0.0,0.0,0.0,0.0,0.0,0.0,0.0,,,,,,,,,,,,,,,,,,,,,,,,,,,,,,,,,,,,,,,,,,,,,,,,,,,,,,,,,,,,,,,,,,,,,,,,,,,,,,,,,,,,,,,,,,,,,,,,,,,,,,,,,,,
CH-B1-1.CST,(冰水送水溫度    ),DEG C,11.74,11.78,11.79,11.84,11.85,11.90,11.95,11.99,12.03,12.06,12.10,12.12,12.15,12.15,12.17,12.19,12.21,12.22,12.23,12.25,12.24,12.23,12.23,12.22,12.22,12.20,12.17,12.15,12.12,12.09,12.06,12.05,12.06,12.06,12.04,12.09,12.12,,,,,,,,,,,,,,,,,,,,,,,,,,,,,,,,,,,,,,,,,,,,,,,,,,,,,,,,,,,,,,,,,,,,,,,,,,,,,,,,,,,,,,,,,,,,,,,,,,,,,,,,,,,
CH-B1-2.CST,(冰水送水溫度    ),DEG C,11.66,11.72,11.78,11.84,11.89,11.92,11.98,12.03,12.06,12.10,12.11,12.12,12.11,12.10,12.11,12.15,12.13,12.13,12.16,12.15,12.09,12.10,12.06,11.99,11.99,11.92,11.88,11.81,11.80,11.78,11.78,11.77,11.77,11.88,11.98,12.08,12.13,,,,,,,,,,,,,,,,,,,,,,,,,,,,,,,,,,,,,,,,,,,,,,,,,,,,,,,,,,,,,,,,,,,,,,,,,,,,,,,,,,,,,,,,,,,,,,,,,,,,,,,,,,,
CHW.ST,(冰水總出水溫度  ),DEG C,12.4,12.4,12.4,12.4,12.4,12.4,12.4,12.4,12.5,12.5,12.5,12.6,12.6,12.6,12.6,12.7,12.7,12.7,12.7,12.7,12.8,12.8,12.8,12.8,12.9,12.9,12.9,12.9,12.9,12.9,13.0,13.0,13.0,13.0,13.0,13.0,13.0,,,,,,,,,,,,,,,,,,,,,,,,,,,,,,,,,,,,,,,,,,,,,,,,,,,,,,,,,,,,,,,,,,,,,,,,,,,,,,,,,,,,,,,,,,,,,,,,,,,,,,,,,,,
CH-B1-1.CRT,(冰水進水溫度    ),DEG C,12.98,13.07,13.16,13.26,13.35,13.41,13.50,13.57,13.64,13.70,13.77,13.82,13.87,13.91,13.96,14.01,14.06,14.10,14.14,14.18,14.20,14.23,14.26,14.29,14.31,14.34,14.35,14.36,14.37,14.38,14.39,14.39,14.37,14.35,14.35,14.34,14.32,,,,,,,,,,,,,,,,,,,,,,,,,,,,,,,,,,,,,,,,,,,,,,,,,,,,,,,,,,,,,,,,,,,,,,,,,,,,,,,,,,,,,,,,,,,,,,,,,,,,,,,,,,,
CH-B1-2.CRT,(冰水進水溫度    ),DEG C,12.62,12.70,12.77,12.87,12.99,13.06,13.17,13.27,13.36,13.43,13.54,13.64,13.72,13.84,13.95,14.05,14.13,14.19,14.28,14.35,14.40,14.49,14.53,14.58,14.63,14.68,14.73,14.79,14.82,14.86,14.90,14.94,14.97,15.02,15.07,15.10,15.11,,,,,,,,,,,,,,,,,,,,,,,,,,,,,,,,,,,,,,,,,,,,,,,,,,,,,,,,,,,,,,,,,,,,,,,,,,,,,,,,,,,,,,,,,,,,,,,,,,,,,,,,,,,
CHW.RT,(冰水總回水溫度  ),DEG C,13.6,13.2,12.4,11.8,11.5,11.5,11.3,11.4,11.2,11.2,11.2,11.2,11.2,11.3,11.2,11.4,11.9,12.4,12.9,13.3,13.7,14.1,14.4,14.7,14.9,15.2,15.5,15.7,15.9,15.9,16.0,16.4,16.8,17.0,17.3,17.6,17.9,,,,,,,,,,,,,,,,,,,,,,,,,,,,,,,,,,,,,,,,,,,,,,,,,,,,,,,,,,,,,,,,,,,,,,,,,,,,,,,,,,,,,,,,,,,,,,,,,,,,,,,,,,,
CH-B1-1.CHDT,(冰水溫差        ),DEG C,1.2,1.3,1.4,1.4,1.5,1.5,1.5,1.6,1.6,1.6,1.7,1.7,1.7,1.8,1.8,1.8,1.8,1.9,1.9,1.9,2.0,2.0,2.0,2.1,2.1,2.1,2.2,2.2,2.3,2.3,2.3,2.3,2.3,2.3,2.3,2.2,2.2,,,,,,,,,,,,,,,,,,,,,,,,,,,,,,,,,,,,,,,,,,,,,,,,,,,,,,,,,,,,,,,,,,,,,,,,,,,,,,,,,,,,,,,,,,,,,,,,,,,,,,,,,,,
CH-B1-2.CHDT,(冰水溫差        ),DEG C,1.0,1.0,1.0,1.0,1.1,1.1,1.2,1.2,1.3,1.3,1.4,1.5,1.6,1.7,1.8,1.9,2.0,2.1,2.1,2.2,2.3,2.4,2.5,2.6,2.6,2.8,2.9,3.0,3.0,3.1,3.1,3.2,3.2,3.1,3.1,3.0,3.0,,,,,,,,,,,,,,,,,,,,,,,,,,,,,,,,,,,,,,,,,,,,,,,,,,,,,,,,,,,,,,,,,,,,,,,,,,,,,,,,,,,,,,,,,,,,,,,,,,,,,,,,,,,
CH-B1.CHDT,(冰水系統溫差    ),DEG C,1.3,0.9,0.1, -0.6, -0.9, -0.9, -1.1, -1.0, -1.2, -1.3, -1.3, -1.3, -1.4, -1.3, -1.4, -1.2, -0.8, -0.3,0.2,0.6,0.9,1.3,1.6,1.8,2.1,2.3,2.6,2.8,2.9,3.0,3.1,3.4,3.8,4.1,4.3,4.6,4.9,,,,,,,,,,,,,,,,,,,,,,,,,,,,,,,,,,,,,,,,,,,,,,,,,,,,,,,,,,,,,,,,,,,,,,,,,,,,,,,,,,,,,,,,,,,,,,,,,,,,,,,,,,,
CH-B1-1.CFM,(流量回受值      ),,6,6,8,8,8,6,8,8,8,8,8,8,8,8,8,8,6,6,6,6,8,6,6,8,8,8,8,6,6,8,6,8,8,6,6,6,8,,,,,,,,,,,,,,,,,,,,,,,,,,,,,,,,,,,,,,,,,,,,,,,,,,,,,,,,,,,,,,,,,,,,,,,,,,,,,,,,,,,,,,,,,,,,,,,,,,,,,,,,,,,
CH-B1-2.CFM,(流量回受值      ),,5,5,5,5,5,5,5,5,5,5,5,5,5,6,6,4,6,6,4,5,5,5,5,5,6,6,6,4,6,6,4,6,5,5,5,5,5,,,,,,,,,,,,,,,,,,,,,,,,,,,,,,,,,,,,,,,,,,,,,,,,,,,,,,,,,,,,,,,,,,,,,,,,,,,,,,,,,,,,,,,,,,,,,,,,,,,,,,,,,,,
CH-B1.CFM,(冰水系統總流量  ),,0,0,0,0,0,0,0,0,0,0,0,0,0,0,0,0,0,0,0,0,0,0,0,0,0,0,0,0,0,0,0,0,0,0,0,0,0,,,,,,,,,,,,,,,,,,,,,,,,,,,,,,,,,,,,,,,,,,,,,,,,,,,,,,,,,,,,,,,,,,,,,,,,,,,,,,,,,,,,,,,,,,,,,,,,,,,,,,,,,,,
CH-B1-1.CWST,(冷卻水進水溫度  ),DEG C,29.29,29.30,29.30,29.31,29.31,29.30,29.30,29.30,29.30,29.30,29.30,29.30,29.29,29.29,29.29,29.28,29.28,29.27,29.27,29.26,29.26,29.26,29.25,29.24,29.24,29.23,29.23,29.23,29.22,29.21,29.21,29.20,29.19,29.19,29.18,29.18,29.17,,,,,,,,,,,,,,,,,,,,,,,,,,,,,,,,,,,,,,,,,,,,,,,,,,,,,,,,,,,,,,,,,,,,,,,,,,,,,,,,,,,,,,,,,,,,,,,,,,,,,,,,,,,
CH-B1-2.CWST,(冷卻水進水溫度  ),DEG C,29.23,29.24,29.24,29.25,29.25,29.25,29.26,29.26,29.26,29.26,29.26,29.26,29.26,29.25,29.25,29.25,29.25,29.24,29.24,29.24,29.23,29.23,29.23,29.22,29.22,29.21,29.20,29.20,29.19,29.19,29.18,29.18,29.17,29.16,29.16,29.15,29.15,,,,,,,,,,,,,,,,,,,,,,,,,,,,,,,,,,,,,,,,,,,,,,,,,,,,,,,,,,,,,,,,,,,,,,,,,,,,,,,,,,,,,,,,,,,,,,,,,,,,,,,,,,,
CW.ST,(冷卻水總出水溫度),DEG C,29.05,29.04,29.03,29.01,28.99,28.97,28.94,28.91,28.89,28.85,28.83,28.80,28.77,28.74,28.71,28.68,28.66,28.63,28.60,28.57,28.54,28.52,28.49,28.46,28.44,28.41,28.38,28.36,28.33,28.31,28.29,28.26,28.24,28.21,28.19,28.16,28.15,,,,,,,,,,,,,,,,,,,,,,,,,,,,,,,,,,,,,,,,,,,,,,,,,,,,,,,,,,,,,,,,,,,,,,,,,,,,,,,,,,,,,,,,,,,,,,,,,,,,,,,,,,,
CH-B1-1.CWRT,(冷卻水出水溫度  ),,29.34,29.36,29.36,29.37,29.37,29.37,29.37,29.36,29.36,29.35,29.35,29.34,29.33,29.32,29.31,29.30,29.29,29.28,29.26,29.25,29.24,29.22,29.21,29.19,29.18,29.16,29.14,29.13,29.11,29.10,29.08,29.06,29.04,29.03,29.01,28.99,28.98,,,,,,,,,,,,,,,,,,,,,,,,,,,,,,,,,,,,,,,,,,,,,,,,,,,,,,,,,,,,,,,,,,,,,,,,,,,,,,,,,,,,,,,,,,,,,,,,,,,,,,,,,,,
CH-B1-2.CWRT,(冷卻水出水溫度  ),,29.34,29.35,29.35,29.34,29.34,29.33,29.33,29.32,29.31,29.30,29.30,29.29,29.28,29.27,29.26,29.25,29.24,29.23,29.22,29.21,29.20,29.19,29.18,29.16,29.15,29.14,29.13,29.11,29.10,29.09,29.08,29.07,29.05,29.04,29.03,29.01,29.00,,,,,,,,,,,,,,,,,,,,,,,,,,,,,,,,,,,,,,,,,,,,,,,,,,,,,,,,,,,,,,,,,,,,,,,,,,,,,,,,,,,,,,,,,,,,,,,,,,,,,,,,,,,
CW.RT,(冷卻水總回水溫度),DEG C,29.01,28.99,28.95,28.91,28.87,28.83,28.79,28.75,28.71,28.67,28.63,28.59,28.55,28.51,28.47,28.44,28.40,28.37,28.33,28.30,28.26,28.23,28.20,28.17,28.13,28.10,28.07,28.04,28.02,27.99,27.96,27.94,27.90,27.89,27.86,27.83,27.82,,,,,,,,,,,,,,,,,,,,,,,,,,,,,,,,,,,,,,,,,,,,,,,,,,,,,,,,,,,,,,,,,,,,,,,,,,,,,,,,,,,,,,,,,,,,,,,,,,,,,,,,,,,
CH-B1-1.CWDT,(冷卻水溫差      ),DEG C,0.1,0.1,0.1,0.1,0.1,0.1,0.1,0.1,0.1,0.1,0.0,0.0,0.0,0.0,0.0,0.0,0.0,0.0, -0.0, -0.0, -0.0, -0.0, -0.0, -0.1, -0.1, -0.1, -0.1, -0.1, -0.1, -0.1, -0.1, -0.1, -0.1, -0.2, -0.2, -0.2, -0.2,,,,,,,,,,,,,,,,,,,,,,,,,,,,,,,,,,,,,,,,,,,,,,,,,,,,,,,,,,,,,,,,,,,,,,,,,,,,,,,,,,,,,,,,,,,,,,,,,,,,,,,,,,,
CH-B1-2.CWDT,(冷卻水溫差      ),DEG C,0.1,0.1,0.1,0.1,0.1,0.1,0.1,0.1,0.1,0.0,0.0,0.0,0.0,0.0,0.0,0.0, -0.0, -0.0, -0.0, -0.0, -0.0, -0.0, -0.0, -0.1, -0.1, -0.1, -0.1, -0.1, -0.1, -0.1, -0.1, -0.1, -0.1, -0.1, -0.1, -0.1, -0.1,,,,,,,,,,,,,,,,,,,,,,,,,,,,,,,,,,,,,,,,,,,,,,,,,,,,,,,,,,,,,,,,,,,,,,,,,,,,,,,,,,,,,,,,,,,,,,,,,,,,,,,,,,,
CH-B1.CWDT,(冷卻水系統溫差  ),DEG C,0.0,0.1,0.1,0.1,0.1,0.1,0.1,0.2,0.2,0.2,0.2,0.2,0.2,0.2,0.2,0.2,0.3,0.3,0.3,0.3,0.3,0.3,0.3,0.3,0.3,0.3,0.3,0.3,0.3,0.3,0.3,0.3,0.3,0.3,0.3,0.3,0.3,,,,,,,,,,,,,,,,,,,,,,,,,,,,,,,,,,,,,,,,,,,,,,,,,,,,,,,,,,,,,,,,,,,,,,,,,,,,,,,,,,,,,,,,,,,,,,,,,,,,,,,,,,,
CH-B1-1.CWFM,(流量回受值      ),,6,6,6,6,6,6,6,6,6,6,6,6,6,6,6,6,6,6,6,6,6,6,6,6,6,6,6,6,6,6,6,6,6,6,6,6,6,,,,,,,,,,,,,,,,,,,,,,,,,,,,,,,,,,,,,,,,,,,,,,,,,,,,,,,,,,,,,,,,,,,,,,,,,,,,,,,,,,,,,,,,,,,,,,,,,,,,,,,,,,,
CH-B1-2.CWFM,(流量回受值      ),,0,0,0,0,0,0, -2,0,0,0,0,0,0,0,0,0,0,0,0,0,0,0,0,0,0,0,0,0,0,0,0,0,0,0,0,0,0,,,,,,,,,,,,,,,,,,,,,,,,,,,,,,,,,,,,,,,,,,,,,,,,,,,,,,,,,,,,,,,,,,,,,,,,,,,,,,,,,,,,,,,,,,,,,,,,,,,,,,,,,,,
CH-B1.CWFM,(冷卻水系統總流量),,0,0,0,0,0,0,0,0,0,0,0,0,0,0,0,0,0,0,0,0,0,0,0,0,0,0,0,0,0,0,0,0,0,0,0,0,0,,,,,,,,,,,,,,,,,,,,,,,,,,,,,,,,,,,,,,,,,,,,,,,,,,,,,,,,,,,,,,,,,,,,,,,,,,,,,,,,,,,,,,,,,,,,,,,,,,,,,,,,,,,
CH1B1:KW,(                ),kW,0.5,0.5,0.5,0.5,0.5,0.5,0.5,0.5,0.5,0.5,0.5,0.5,0.5,0.5,0.5,0.5,0.5,0.5,0.5,0.5,0.5,0.5,0.5,0.5,0.5,0.5,0.5,0.5,0.5,0.5,0.5,0.5,0.5,0.5,0.5,0.5,0.5,,,,,,,,,,,,,,,,,,,,,,,,,,,,,,,,,,,,,,,,,,,,,,,,,,,,,,,,,,,,,,,,,,,,,,,,,,,,,,,,,,,,,,,,,,,,,,,,,,,,,,,,,,,
CH2B1:KW,(                ),kW,0.5,0.5,0.5,0.5,0.5,0.5,0.5,0.5,0.5,0.5,0.5,0.5,0.5,0.5,0.5,0.5,0.5,0.5,0.5,0.5,0.5,0.5,0.5,0.5,0.5,0.5,0.5,0.5,0.5,0.5,0.5,0.5,0.5,0.5,0.5,0.5,0.5,,,,,,,,,,,,,,,,,,,,,,,,,,,,,,,,,,,,,,,,,,,,,,,,,,,,,,,,,,,,,,,,,,,,,,,,,,,,,,,,,,,,,,,,,,,,,,,,,,,,,,,,,,,
CHB1-ALL.KW,(冰機系統功率    ),,1.1,1.1,1.1,1.1,1.1,1.1,1.1,1.1,1.1,1.1,1.1,1.1,1.1,1.1,1.1,1.1,1.1,1.1,1.1,1.1,1.1,1.1,1.1,1.1,1.1,1.1,1.1,1.1,1.1,1.1,1.1,1.1,1.1,1.1,1.1,1.1,1.1,,,,,,,,,,,,,,,,,,,,,,,,,,,,,,,,,,,,,,,,,,,,,,,,,,,,,,,,,,,,,,,,,,,,,,,,,,,,,,,,,,,,,,,,,,,,,,,,,,,,,,,,,,,
CH-B1-1.TON,(冷凍頓          ),,0,0,0,0,0,0,0,0,0,0,0,0,0,0,0,0,0,0,0,0,0,0,0,0,0,0,0,0,0,0,0,0,0,0,0,0,0,,,,,,,,,,,,,,,,,,,,,,,,,,,,,,,,,,,,,,,,,,,,,,,,,,,,,,,,,,,,,,,,,,,,,,,,,,,,,,,,,,,,,,,,,,,,,,,,,,,,,,,,,,,
CH-B1-2.TON,(冷凍頓          ),,0,0,0,0,0,0,0,0,0,0,0,0,0,0,0,0,0,0,0,0,0,0,0,0,0,0,0,0,0,0,0,0,0,0,0,0,0,,,,,,,,,,,,,,,,,,,,,,,,,,,,,,,,,,,,,,,,,,,,,,,,,,,,,,,,,,,,,,,,,,,,,,,,,,,,,,,,,,,,,,,,,,,,,,,,,,,,,,,,,,,
CH-B1.TON,(冰水系統冷凍頓  ),,0,0,0,0,0,0,0,0,0,0,0,0,0,0,0,0,0,0,0,0,0,0,0,0,0,0,0,0,0,0,0,0,0,0,0,0,0,,,,,,,,,,,,,,,,,,,,,,,,,,,,,,,,,,,,,,,,,,,,,,,,,,,,,,,,,,,,,,,,,,,,,,,,,,,,,,,,,,,,,,,,,,,,,,,,,,,,,,,,,,,
CH-B1-1.KW/RT,(冰機效率        ),,0.00,0.00,0.00,0.00,0.00,0.00,0.00,0.00,0.00,0.00,0.00,0.00,0.00,0.00,0.00,0.00,0.00,0.00,0.00,0.00,0.00,0.00,0.00,0.00,0.00,0.00,0.00,0.00,0.00,0.00,0.00,0.00,0.00,0.00,0.00,0.00,0.00,,,,,,,,,,,,,,,,,,,,,,,,,,,,,,,,,,,,,,,,,,,,,,,,,,,,,,,,,,,,,,,,,,,,,,,,,,,,,,,,,,,,,,,,,,,,,,,,,,,,,,,,,,,
CH-B1-2.KW/RT,(冰機效率        ),,0.00,0.00,0.00,0.00,0.00,0.00,0.00,0.00,0.00,0.00,0.00,0.00,0.00,0.00,0.00,0.00,0.00,0.00,0.00,0.00,0.00,0.00,0.00,0.00,0.00,0.00,0.00,0.00,0.00,0.00,0.00,0.00,0.00,0.00,0.00,0.00,0.00,,,,,,,,,,,,,,,,,,,,,,,,,,,,,,,,,,,,,,,,,,,,,,,,,,,,,,,,,,,,,,,,,,,,,,,,,,,,,,,,,,,,,,,,,,,,,,,,,,,,,,,,,,,
CH-B1.KW/RT,(冰水系統效率    ),,0.00,0.00,0.00,0.00,0.00,0.00,0.00,0.00,0.00,0.00,0.00,0.00,0.00,0.00,0.00,0.00,0.00,0.00,0.00,0.00,0.00,0.00,0.00,0.00,0.00,0.00,0.00,0.00,0.00,0.00,0.00,0.00,0.00,0.00,0.00,0.00,0.00,,,,,,,,,,,,,,,,,,,,,,,,,,,,,,,,,,,,,,,,,,,,,,,,,,,,,,,,,,,,,,,,,,,,,,,,,,,,,,,,,,,,,,,,,,,,,,,,,,,,,,,,,,,
CW-B1-1.TON,(冷凍頓          ),,0,0,0,0,0,0,0,0,0,0,0,0,0,0,0,0,0,0,0,0,0,0,0,0,0,0,0,0,0,0,0,0,0,0,0,0,0,,,,,,,,,,,,,,,,,,,,,,,,,,,,,,,,,,,,,,,,,,,,,,,,,,,,,,,,,,,,,,,,,,,,,,,,,,,,,,,,,,,,,,,,,,,,,,,,,,,,,,,,,,,
CW-B1-2.TON,(冷凍頓          ),,0,0,0,0,0,0,0,0,0,0,0,0,0,0,0,0,0,0,0,0,0,0,0,0,0,0,0,0,0,0,0,0,0,0,0,0,0,,,,,,,,,,,,,,,,,,,,,,,,,,,,,,,,,,,,,,,,,,,,,,,,,,,,,,,,,,,,,,,,,,,,,,,,,,,,,,,,,,,,,,,,,,,,,,,,,,,,,,,,,,,
CW-B1.TON,(冷卻水系統冷凍頓),,0,0,0,0,0,0,0,0,0,0,0,0,0,0,0,0,0,0,0,0,0,0,0,0,0,0,0,0,0,0,0,0,0,0,0,0,0,,,,,,,,,,,,,,,,,,,,,,,,,,,,,,,,,,,,,,,,,,,,,,,,,,,,,,,,,,,,,,,,,,,,,,,,,,,,,,,,,,,,,,,,,,,,,,,,,,,,,,,,,,,
CH-B1-1.HB,(                ),,0.00,0.00,0.00,0.00,0.00,0.00,0.00,0.00,0.00,0.00,0.00,0.00,0.00,0.00,0.00,0.00,0.00,0.00,0.00,0.00,0.00,0.00,0.00,0.00,0.00,0.00,0.00,0.00,0.00,0.00,0.00,0.00,0.00,0.00,0.00,0.00,0.00,,,,,,,,,,,,,,,,,,,,,,,,,,,,,,,,,,,,,,,,,,,,,,,,,,,,,,,,,,,,,,,,,,,,,,,,,,,,,,,,,,,,,,,,,,,,,,,,,,,,,,,,,,,
CH-B1-2.HB,(                ),,0.00,0.00,0.00,0.00,0.00,0.00,0.00,0.00,0.00,0.00,0.00,0.00,0.00,0.00,0.00,0.00,0.00,0.00,0.00,0.00,0.00,0.00,0.00,0.00,0.00,0.00,0.00,0.00,0.00,0.00,0.00,0.00,0.00,0.00,0.00,0.00,0.00,,,,,,,,,,,,,,,,,,,,,,,,,,,,,,,,,,,,,,,,,,,,,,,,,,,,,,,,,,,,,,,,,,,,,,,,,,,,,,,,,,,,,,,,,,,,,,,,,,,,,,,,,,,
CH-B1.HB,(                ),,0.00,0.00,0.00,0.00,0.00,0.00,0.00,0.00,0.00,0.00,0.00,0.00,0.00,0.00,0.00,0.00,0.00,0.00,0.00,0.00,0.00,0.00,0.00,0.00,0.00,0.00,0.00,0.00,0.00,0.00,0.00,0.00,0.00,0.00,0.00,0.00,0.00,,,,,,,,,,,,,,,,,,,,,,,,,,,,,,,,,,,,,,,,,,,,,,,,,,,,,,,,,,,,,,,,,,,,,,,,,,,,,,,,,,,,,,,,,,,,,,,,,,,,,,,,,,,
CWP1B1:KW,(                ),kW,39.2,39.2,39.2,39.2,39.2,39.2,39.2,39.2,39.2,39.2,39.2,39.2,39.2,39.2,39.2,39.2,39.2,39.2,39.2,39.2,39.2,39.2,39.2,39.2,39.2,39.2,39.2,39.2,39.2,39.2,39.2,39.2,39.2,39.2,39.2,39.2,39.2,,,,,,,,,,,,,,,,,,,,,,,,,,,,,,,,,,,,,,,,,,,,,,,,,,,,,,,,,,,,,,,,,,,,,,,,,,,,,,,,,,,,,,,,,,,,,,,,,,,,,,,,,,,
CWP2B1:KW,(                ),kW,0.0,0.0,0.0,0.0,0.0,0.0,0.0,0.0,0.0,0.0,0.0,0.0,0.0,0.0,0.0,0.0,0.0,0.0,0.0,0.0,0.0,0.0,0.0,0.0,0.0,0.0,0.0,0.0,0.0,0.0,0.0,0.0,0.0,0.0,0.0,0.0,0.0,,,,,,,,,,,,,,,,,,,,,,,,,,,,,,,,,,,,,,,,,,,,,,,,,,,,,,,,,,,,,,,,,,,,,,,,,,,,,,,,,,,,,,,,,,,,,,,,,,,,,,,,,,,
CWP3B1:KW,(                ),kW,0.0,0.0,0.0,0.0,0.0,0.0,0.0,0.0,0.0,0.0,0.0,0.0,0.0,0.0,0.0,0.0,0.0,0.0,0.0,0.0,0.0,0.0,0.0,0.0,0.0,0.0,0.0,0.0,0.0,0.0,0.0,0.0,0.0,0.0,0.0,0.0,0.0,,,,,,,,,,,,,,,,,,,,,,,,,,,,,,,,,,,,,,,,,,,,,,,,,,,,,,,,,,,,,,,,,,,,,,,,,,,,,,,,,,,,,,,,,,,,,,,,,,,,,,,,,,,
CWPB1-ALL.KW,(冷卻水泵系統功率),,39.2,39.2,39.2,39.2,39.2,39.2,39.2,39.2,39.2,39.2,39.2,39.2,39.2,39.2,39.2,39.2,39.2,39.2,39.2,39.2,39.2,39.2,39.2,39.2,39.2,39.2,39.2,39.2,39.2,39.2,39.2,39.2,39.2,39.2,39.2,39.2,39.2,,,,,,,,,,,,,,,,,,,,,,,,,,,,,,,,,,,,,,,,,,,,,,,,,,,,,,,,,,,,,,,,,,,,,,,,,,,,,,,,,,,,,,,,,,,,,,,,,,,,,,,,,,,
CHP1B1:KW,(                ),kW,14.6,14.6,14.6,14.6,14.6,14.6,14.6,14.6,14.6,14.6,14.6,14.6,14.6,14.6,14.6,14.6,14.6,14.6,14.6,14.6,14.6,14.6,14.6,14.6,14.6,14.6,14.6,14.6,14.6,14.6,14.6,14.6,14.6,14.6,14.6,14.6,14.6,,,,,,,,,,,,,,,,,,,,,,,,,,,,,,,,,,,,,,,,,,,,,,,,,,,,,,,,,,,,,,,,,,,,,,,,,,,,,,,,,,,,,,,,,,,,,,,,,,,,,,,,,,,
CHP2B1:KW,(                ),kW,0.0,0.0,0.0,0.0,0.0,0.0,0.0,0.0,0.0,0.0,0.0,0.0,0.0,0.0,0.0,0.0,0.0,0.0,0.0,0.0,0.0,0.0,0.0,0.0,0.0,0.0,0.0,0.0,0.0,0.0,0.0,0.0,0.0,0.0,0.0,0.0,0.0,,,,,,,,,,,,,,,,,,,,,,,,,,,,,,,,,,,,,,,,,,,,,,,,,,,,,,,,,,,,,,,,,,,,,,,,,,,,,,,,,,,,,,,,,,,,,,,,,,,,,,,,,,,
CHP3B1:KW,(                ),kW,0.0,0.0,0.0,0.0,0.0,0.0,0.0,0.0,0.0,0.0,0.0,0.0,0.0,0.0,0.0,0.0,0.0,0.0,0.0,0.0,0.0,0.0,0.0,0.0,0.0,0.0,0.0,0.0,0.0,0.0,0.0,0.0,0.0,0.0,0.0,0.0,0.0,,,,,,,,,,,,,,,,,,,,,,,,,,,,,,,,,,,,,,,,,,,,,,,,,,,,,,,,,,,,,,,,,,,,,,,,,,,,,,,,,,,,,,,,,,,,,,,,,,,,,,,,,,,
CHPB1-ALL.KW,(冰水泵系統功率  ),,14.6,14.6,14.6,14.6,14.6,14.6,14.6,14.6,14.6,14.6,14.6,14.6,14.6,14.6,14.6,14.6,14.6,14.6,14.6,14.6,14.6,14.6,14.6,14.6,14.6,14.6,14.6,14.6,14.6,14.6,14.6,14.6,14.6,14.6,14.6,14.6,14.6,,,,,,,,,,,,,,,,,,,,,,,,,,,,,,,,,,,,,,,,,,,,,,,,,,,,,,,,,,,,,,,,,,,,,,,,,,,,,,,,,,,,,,,,,,,,,,,,,,,,,,,,,,,
MGCBAB2.KWH,(度數            ),kW h,263898624,263898752,263898848,263898960,263899072,263899168,263899296,263899392,263899504,263899600,263899696,263899776,263899856,263899920,263899952,263900000,263900048,263900080,263900128,263900160,263900208,263900256,263900304,263900368,263900416,263900448,263900496,263900544,263900576,263900624,263900656,263900720,263900768,263900832,263900896,263900960,263900976,,,,,,,,,,,,,,,,,,,,,,,,,,,,,,,,,,,,,,,,,,,,,,,,,,,,,,,,,,,,,,,,,,,,,,,,,,,,,,,,,,,,,,,,,,,,,,,,,,,,,,,,,,,
MGCBAB2:HZ,(                ),Hz,59,60,60,60,60,60,60,59,59,59,59,60,60,60,60,60,60,60,59,60,60,60,60,60,59,59,60,60,60,60,60,59,59,60,60,60,60,,,,,,,,,,,,,,,,,,,,,,,,,,,,,,,,,,,,,,,,,,,,,,,,,,,,,,,,,,,,,,,,,,,,,,,,,,,,,,,,,,,,,,,,,,,,,,,,,,,,,,,,,,,
MGCBAB2:IR,(                ),A,18,19,17,17,15,17,17,16,15,14,14,15,8,7,6,6,6,6,6,7,6,6,9,8,7,7,6,6,6,6,8,8,10,10,9,8,8,,,,,,,,,,,,,,,,,,,,,,,,,,,,,,,,,,,,,,,,,,,,,,,,,,,,,,,,,,,,,,,,,,,,,,,,,,,,,,,,,,,,,,,,,,,,,,,,,,,,,,,,,,,
MGCBAB2:IS,(                ),A,17,19,16,16,14,17,16,16,14,13,13,14,8,7,6,6,5,6,6,6,6,6,8,7,7,6,6,6,5,5,8,7,9,9,9,7,8,,,,,,,,,,,,,,,,,,,,,,,,,,,,,,,,,,,,,,,,,,,,,,,,,,,,,,,,,,,,,,,,,,,,,,,,,,,,,,,,,,,,,,,,,,,,,,,,,,,,,,,,,,,
MGCBAB2:IT,(                ),A,19,20,17,17,15,18,17,17,15,14,14,15,9,8,7,7,6,7,7,7,7,7,10,8,8,7,7,7,6,6,9,8,10,10,10,9,9,,,,,,,,,,,,,,,,,,,,,,,,,,,,,,,,,,,,,,,,,,,,,,,,,,,,,,,,,,,,,,,,,,,,,,,,,,,,,,,,,,,,,,,,,,,,,,,,,,,,,,,,,,,
MGCBAB2:KW,(                ),kW,721.0,779.0,657.0,663.0,577.0,690.0,666.0,648.0,589.0,545.0,542.0,579.0,335.0,292.0,257.0,245.0,239.0,244.0,245.0,260.0,257.0,254.0,363.0,319.0,287.0,272.0,254.0,247.0,232.0,224.0,345.0,318.0,403.0,395.0,359.0,323.0,334.0,,,,,,,,,,,,,,,,,,,,,,,,,,,,,,,,,,,,,,,,,,,,,,,,,,,,,,,,,,,,,,,,,,,,,,,,,,,,,,,,,,,,,,,,,,,,,,,,,,,,,,,,,,,
MGCBAB2:PF,(                ),, -0.97, -0.97, -0.96, -0.96, -0.95, -0.97, -0.97, -0.96, -0.96, -0.95, -0.95, -0.96, -33.77, -33.77, -33.77, -33.77, -33.77, -33.77, -33.77, -33.77, -33.77, -33.77, -33.76, -33.76, -33.76, -33.76, -33.76, -33.76, -33.77, -33.77, -33.76, -33.76, -33.76, -33.76, -33.76, -33.76, -33.77,,,,,,,,,,,,,,,,,,,,,,,,,,,,,,,,,,,,,,,,,,,,,,,,,,,,,,,,,,,,,,,,,,,,,,,,,,,,,,,,,,,,,,,,,,,,,,,,,,,,,,,,,,,
MGCBAB2:VRS,(                ),kV,23.6,23.6,23.6,23.7,23.7,23.6,23.5,23.5,23.5,23.6,23.6,23.6,23.6,23.7,23.7,23.7,23.7,23.7,23.7,23.6,23.6,23.6,23.6,23.6,23.5,23.5,23.5,23.6,23.6,23.6,23.5,23.5,23.5,23.5,23.5,23.5,23.5,,,,,,,,,,,,,,,,,,,,,,,,,,,,,,,,,,,,,,,,,,,,,,,,,,,,,,,,,,,,,,,,,,,,,,,,,,,,,,,,,,,,,,,,,,,,,,,,,,,,,,,,,,,
MGCBAB2:VST,(                ),kV,23.7,23.7,23.7,23.8,23.8,23.6,23.6,23.6,23.6,23.6,23.6,23.7,23.7,23.7,23.7,23.7,23.7,23.8,23.7,23.6,23.6,23.7,23.7,23.6,23.6,23.6,23.6,23.6,23.6,23.6,23.5,23.6,23.6,23.5,23.5,23.6,23.5,,,,,,,,,,,,,,,,,,,,,,,,,,,,,,,,,,,,,,,,,,,,,,,,,,,,,,,,,,,,,,,,,,,,,,,,,,,,,,,,,,,,,,,,,,,,,,,,,,,,,,,,,,,
MGCBAB2:VTR,(                ),kV,23.7,23.7,23.7,23.7,23.8,23.6,23.6,23.6,23.6,23.6,23.7,23.7,23.7,23.7,23.7,23.7,23.7,23.8,23.7,23.6,23.7,23.5,23.7,23.6,23.6,23.6,23.6,23.6,23.6,23.6,23.7,23.6,23.7,23.6,23.5,23.6,23.6,,,,,,,,,,,,,,,,,,,,,,,,,,,,,,,,,,,,,,,,,,,,,,,,,,,,,,,,,,,,,,,,,,,,,,,,,,,,,,,,,,,,,,,,,,,,,,,,,,,,,,,,,,,
MLAB2-1.KWH,(度數            ),kW h,23598840,23598848,23598854,23598860,23598868,23598876,23598884,23598890,23598898,23598906,23598912,23598920,23598928,23598934,23598940,23598948,23598956,23598962,23598968,23598976,23598984,23598990,23598998,23599004,23599012,23599018,23599026,23599034,23599040,23599046,23599054,23599060,23599068,23599074,23599082,23599088,23599092,,,,,,,,,,,,,,,,,,,,,,,,,,,,,,,,,,,,,,,,,,,,,,,,,,,,,,,,,,,,,,,,,,,,,,,,,,,,,,,,,,,,,,,,,,,,,,,,,,,,,,,,,,,
MLAB2-1:HZ,(                ),Hz,59,60,60,60,60,59,60,59,59,59,59,60,60,60,60,60,60,60,59,60,60,60,60,60,59,59,60,59,60,60,60,59,59,60,60,60,60,,,,,,,,,,,,,,,,,,,,,,,,,,,,,,,,,,,,,,,,,,,,,,,,,,,,,,,,,,,,,,,,,,,,,,,,,,,,,,,,,,,,,,,,,,,,,,,,,,,,,,,,,,,
MLAB2-1:IR,(                ),A,81,85,82,82,82,82,82,82,84,83,81,82,82,78,78,77,76,77,78,78,78,77,78,79,78,78,76,77,78,77,77,76,76,75,76,76,75,,,,,,,,,,,,,,,,,,,,,,,,,,,,,,,,,,,,,,,,,,,,,,,,,,,,,,,,,,,,,,,,,,,,,,,,,,,,,,,,,,,,,,,,,,,,,,,,,,,,,,,,,,,
MLAB2-1:IS,(                ),A,64,69,66,69,68,69,69,69,70,72,70,71,66,70,68,68,66,70,67,68,69,71,68,70,67,68,68,66,69,69,69,66,66,65,68,65,67,,,,,,,,,,,,,,,,,,,,,,,,,,,,,,,,,,,,,,,,,,,,,,,,,,,,,,,,,,,,,,,,,,,,,,,,,,,,,,,,,,,,,,,,,,,,,,,,,,,,,,,,,,,
MLAB2-1:IT,(                ),A,51,59,55,56,56,59,57,57,58,60,57,57,55,59,56,56,56,59,56,55,56,59,55,56,58,56,56,55,59,58,55,53,52,52,53,53,56,,,,,,,,,,,,,,,,,,,,,,,,,,,,,,,,,,,,,,,,,,,,,,,,,,,,,,,,,,,,,,,,,,,,,,,,,,,,,,,,,,,,,,,,,,,,,,,,,,,,,,,,,,,
MLAB2-1:KW,(                ),kW,42.0,45.0,43.0,44.0,43.0,44.0,43.0,43.0,44.0,45.0,43.0,44.0,43.0,43.0,42.0,42.0,42.0,43.0,42.0,42.0,42.0,43.0,43.0,43.0,43.0,42.0,42.0,41.0,43.0,43.0,42.0,41.0,41.0,40.0,41.0,41.0,41.0,,,,,,,,,,,,,,,,,,,,,,,,,,,,,,,,,,,,,,,,,,,,,,,,,,,,,,,,,,,,,,,,,,,,,,,,,,,,,,,,,,,,,,,,,,,,,,,,,,,,,,,,,,,
MLAB2-1:PF,(                ),, -33.75, -0.95, -0.95, -0.95, -0.95, -0.96, -0.95, -0.95, -0.95, -0.95, -0.94, -0.94, -0.95, -0.95, -0.94, -0.94, -0.94, -0.94, -0.94, -0.95, -0.95, -0.95, -0.95, -0.95, -0.95, -0.95, -0.95, -0.95, -0.95, -0.95, -0.95, -0.95, -0.95, -0.95, -0.95, -0.95, -0.96,,,,,,,,,,,,,,,,,,,,,,,,,,,,,,,,,,,,,,,,,,,,,,,,,,,,,,,,,,,,,,,,,,,,,,,,,,,,,,,,,,,,,,,,,,,,,,,,,,,,,,,,,,,
MLAB2-1:VRS,(                ),V,383.0,383.0,384.0,384.0,384.0,382.0,382.0,382.0,382.0,382.0,383.0,383.0,383.0,384.0,384.0,384.0,384.0,384.0,384.0,382.0,382.0,383.0,383.0,382.0,382.0,382.0,382.0,382.0,383.0,382.0,382.0,382.0,382.0,381.0,381.0,381.0,381.0,,,,,,,,,,,,,,,,,,,,,,,,,,,,,,,,,,,,,,,,,,,,,,,,,,,,,,,,,,,,,,,,,,,,,,,,,,,,,,,,,,,,,,,,,,,,,,,,,,,,,,,,,,,
MLAB2-1:VST,(                ),V,383.0,383.0,384.0,384.0,384.0,382.0,381.0,381.0,382.0,382.0,382.0,383.0,383.0,383.0,384.0,384.0,384.0,384.0,384.0,382.0,382.0,382.0,382.0,382.0,382.0,382.0,382.0,382.0,382.0,382.0,382.0,381.0,381.0,381.0,380.0,381.0,381.0,,,,,,,,,,,,,,,,,,,,,,,,,,,,,,,,,,,,,,,,,,,,,,,,,,,,,,,,,,,,,,,,,,,,,,,,,,,,,,,,,,,,,,,,,,,,,,,,,,,,,,,,,,,
MLAB2-1:VTR,(                ),V,384.0,384.0,384.0,385.0,385.0,383.0,382.0,382.0,382.0,382.0,383.0,383.0,384.0,384.0,384.0,384.0,384.0,384.0,384.0,382.0,383.0,383.0,383.0,382.0,382.0,382.0,382.0,382.0,382.0,382.0,382.0,382.0,382.0,382.0,381.0,382.0,381.0,,,,,,,,,,,,,,,,,,,,,,,,,,,,,,,,,,,,,,,,,,,,,,,,,,,,,,,,,,,,,,,,,,,,,,,,,,,,,,,,,,,,,,,,,,,,,,,,,,,,,,,,,,,
MLAB2-2.KWH,(度數            ),kW h,0,0,0,0,0,0,0,0,0,0,0,0,0,0,0,0,0,0,0,0,0,0,0,0,0,0,0,0,0,0,0,0,0,0,0,0,0,,,,,,,,,,,,,,,,,,,,,,,,,,,,,,,,,,,,,,,,,,,,,,,,,,,,,,,,,,,,,,,,,,,,,,,,,,,,,,,,,,,,,,,,,,,,,,,,,,,,,,,,,,,
MLAB2-2:HZ,(                ),Hz,0,0,0,0,0,0,0,0,0,0,0,0,0,0,0,0,0,0,0,0,0,0,0,0,0,0,0,0,0,0,0,0,0,0,0,0,0,,,,,,,,,,,,,,,,,,,,,,,,,,,,,,,,,,,,,,,,,,,,,,,,,,,,,,,,,,,,,,,,,,,,,,,,,,,,,,,,,,,,,,,,,,,,,,,,,,,,,,,,,,,
MLAB2-2:IR,(                ),A,0,0,0,0,0,0,0,0,0,0,0,0,0,0,0,0,0,0,0,0,0,0,0,0,0,0,0,0,0,0,0,0,0,0,0,0,0,,,,,,,,,,,,,,,,,,,,,,,,,,,,,,,,,,,,,,,,,,,,,,,,,,,,,,,,,,,,,,,,,,,,,,,,,,,,,,,,,,,,,,,,,,,,,,,,,,,,,,,,,,,
MLAB2-2:IS,(                ),A,0,0,0,0,0,0,0,0,0,0,0,0,0,0,0,0,0,0,0,0,0,0,0,0,0,0,0,0,0,0,0,0,0,0,0,0,0,,,,,,,,,,,,,,,,,,,,,,,,,,,,,,,,,,,,,,,,,,,,,,,,,,,,,,,,,,,,,,,,,,,,,,,,,,,,,,,,,,,,,,,,,,,,,,,,,,,,,,,,,,,
MLAB2-2:IT,(                ),A,0,0,0,0,0,0,0,0,0,0,0,0,0,0,0,0,0,0,0,0,0,0,0,0,0,0,0,0,0,0,0,0,0,0,0,0,0,,,,,,,,,,,,,,,,,,,,,,,,,,,,,,,,,,,,,,,,,,,,,,,,,,,,,,,,,,,,,,,,,,,,,,,,,,,,,,,,,,,,,,,,,,,,,,,,,,,,,,,,,,,
MLAB2-2:KW,(                ),kW,0.0,0.0,0.0,0.0,0.0,0.0,0.0,0.0,0.0,0.0,0.0,0.0,0.0,0.0,0.0,0.0,0.0,0.0,0.0,0.0,0.0,0.0,0.0,0.0,0.0,0.0,0.0,0.0,0.0,0.0,0.0,0.0,0.0,0.0,0.0,0.0,0.0,,,,,,,,,,,,,,,,,,,,,,,,,,,,,,,,,,,,,,,,,,,,,,,,,,,,,,,,,,,,,,,,,,,,,,,,,,,,,,,,,,,,,,,,,,,,,,,,,,,,,,,,,,,
MLAB2-2:PF,(                ),, -32.77, -32.77, -32.77, -32.77, -32.77, -32.77, -32.77, -32.77, -32.77, -32.77, -32.77, -32.77, -32.77, -32.77, -32.77, -32.77, -32.77, -32.77, -32.77, -32.77, -32.77, -32.77, -32.77, -32.77, -32.77, -32.77, -32.77, -32.77, -32.77, -32.77, -32.77, -32.77, -32.77, -32.77, -32.77, -32.77, -32.77,,,,,,,,,,,,,,,,,,,,,,,,,,,,,,,,,,,,,,,,,,,,,,,,,,,,,,,,,,,,,,,,,,,,,,,,,,,,,,,,,,,,,,,,,,,,,,,,,,,,,,,,,,,
MLAB2-2:VRS,(                ),V,0.0,0.0,0.0,0.0,0.0,0.0,0.0,0.0,0.0,0.0,0.0,0.0,0.0,0.0,0.0,0.0,0.0,0.0,0.0,0.0,0.0,0.0,0.0,0.0,0.0,0.0,0.0,0.0,0.0,0.0,0.0,0.0,0.0,0.0,0.0,0.0,0.0,,,,,,,,,,,,,,,,,,,,,,,,,,,,,,,,,,,,,,,,,,,,,,,,,,,,,,,,,,,,,,,,,,,,,,,,,,,,,,,,,,,,,,,,,,,,,,,,,,,,,,,,,,,
MLAB2-2:VST,(                ),V,0.0,0.0,0.0,0.0,0.0,0.0,0.0,0.0,0.0,0.0,0.0,0.0,0.0,0.0,0.0,0.0,0.0,0.0,0.0,0.0,0.0,0.0,0.0,0.0,0.0,0.0,0.0,0.0,0.0,0.0,0.0,0.0,0.0,0.0,0.0,0.0,0.0,,,,,,,,,,,,,,,,,,,,,,,,,,,,,,,,,,,,,,,,,,,,,,,,,,,,,,,,,,,,,,,,,,,,,,,,,,,,,,,,,,,,,,,,,,,,,,,,,,,,,,,,,,,
MLAB2-2:VTR,(                ),V,0.0,0.0,0.0,0.0,0.0,0.0,0.0,0.0,0.0,0.0,0.0,0.0,0.0,0.0,0.0,0.0,0.0,0.0,0.0,0.0,0.0,0.0,0.0,0.0,0.0,0.0,0.0,0.0,0.0,0.0,0.0,0.0,0.0,0.0,0.0,0.0,0.0,,,,,,,,,,,,,,,,,,,,,,,,,,,,,,,,,,,,,,,,,,,,,,,,,,,,,,,,,,,,,,,,,,,,,,,,,,,,,,,,,,,,,,,,,,,,,,,,,,,,,,,,,,,
EMLAB2-1.KWH,(度數            ),kW h,23856724,23856730,23856736,23856742,23856748,23856756,23856762,23856768,23856774,23856778,23856784,23856788,23856792,23856798,23856802,23856806,23856812,23856816,23856822,23856826,23856834,23856842,23856850,23856854,23856858,23856862,23856868,23856872,23856878,23856882,23856886,23856892,23856898,23856902,23856908,23856910,23856914,,,,,,,,,,,,,,,,,,,,,,,,,,,,,,,,,,,,,,,,,,,,,,,,,,,,,,,,,,,,,,,,,,,,,,,,,,,,,,,,,,,,,,,,,,,,,,,,,,,,,,,,,,,
EMLAB2-1:HZ,(                ),Hz,59,60,60,60,59,59,59,59,59,59,59,60,60,60,60,60,60,60,59,60,60,60,60,60,59,60,60,59,60,60,60,59,59,60,60,60,60,,,,,,,,,,,,,,,,,,,,,,,,,,,,,,,,,,,,,,,,,,,,,,,,,,,,,,,,,,,,,,,,,,,,,,,,,,,,,,,,,,,,,,,,,,,,,,,,,,,,,,,,,,,
EMLAB2-1:IR,(                ),A,74,61,68,68,63,73,61,70,61,59,59,57,59,59,61,59,52,59,62,77,75,75,62,52,58,58,62,63,66,63,57,64,65,62,57,64,64,,,,,,,,,,,,,,,,,,,,,,,,,,,,,,,,,,,,,,,,,,,,,,,,,,,,,,,,,,,,,,,,,,,,,,,,,,,,,,,,,,,,,,,,,,,,,,,,,,,,,,,,,,,
EMLAB2-1:IS,(                ),A,55,40,48,48,46,55,42,50,41,34,33,32,32,25,40,33,25,32,37,55,55,47,36,32,34,32,32,33,42,33,24,33,33,34,33,32,35,,,,,,,,,,,,,,,,,,,,,,,,,,,,,,,,,,,,,,,,,,,,,,,,,,,,,,,,,,,,,,,,,,,,,,,,,,,,,,,,,,,,,,,,,,,,,,,,,,,,,,,,,,,
EMLAB2-1:IT,(                ),A,61,56,61,63,61,61,55,61,58,40,45,46,40,46,50,45,40,45,51,69,63,70,51,44,41,46,46,47,52,40,45,39,56,45,46,46,51,,,,,,,,,,,,,,,,,,,,,,,,,,,,,,,,,,,,,,,,,,,,,,,,,,,,,,,,,,,,,,,,,,,,,,,,,,,,,,,,,,,,,,,,,,,,,,,,,,,,,,,,,,,
EMLAB2-1:KW,(                ),kW,40.0,33.0,38.0,39.0,36.0,40.0,33.0,38.0,34.0,28.0,28.0,28.0,27.0,27.0,32.0,28.0,24.0,29.0,32.0,43.0,41.0,41.0,31.0,26.0,27.0,28.0,29.0,30.0,34.0,28.0,26.0,28.0,32.0,29.0,28.0,30.0,31.0,,,,,,,,,,,,,,,,,,,,,,,,,,,,,,,,,,,,,,,,,,,,,,,,,,,,,,,,,,,,,,,,,,,,,,,,,,,,,,,,,,,,,,,,,,,,,,,,,,,,,,,,,,,
EMLAB2-1:PF,(                ),, -1.00, -33.77, -1.00, -1.00, -1.00, -1.00, -33.77, -1.00, -33.77, -33.76, -33.74, -33.76, -33.74, -33.76, -33.76, -33.76, -33.75, -33.74, -33.76, -1.00, -1.00, -1.00, -33.76, -33.74, -33.76, -33.76, -33.74, -33.76, -33.76, -33.76, -33.76, -33.74, -33.76, -33.76, -33.76, -33.76, -33.76,,,,,,,,,,,,,,,,,,,,,,,,,,,,,,,,,,,,,,,,,,,,,,,,,,,,,,,,,,,,,,,,,,,,,,,,,,,,,,,,,,,,,,,,,,,,,,,,,,,,,,,,,,,
EMLAB2-1:VRS,(                ),V,383.0,383.0,384.0,384.0,384.0,382.0,381.0,381.0,382.0,382.0,382.0,383.0,383.0,384.0,384.0,384.0,384.0,384.0,384.0,382.0,382.0,383.0,383.0,382.0,382.0,382.0,382.0,382.0,382.0,382.0,382.0,381.0,382.0,382.0,381.0,381.0,381.0,,,,,,,,,,,,,,,,,,,,,,,,,,,,,,,,,,,,,,,,,,,,,,,,,,,,,,,,,,,,,,,,,,,,,,,,,,,,,,,,,,,,,,,,,,,,,,,,,,,,,,,,,,,
EMLAB2-1:VST,(                ),V,383.0,383.0,384.0,384.0,384.0,382.0,381.0,381.0,382.0,382.0,382.0,383.0,383.0,383.0,383.0,384.0,384.0,384.0,384.0,382.0,382.0,382.0,382.0,382.0,382.0,382.0,382.0,382.0,382.0,382.0,381.0,381.0,381.0,381.0,381.0,381.0,381.0,,,,,,,,,,,,,,,,,,,,,,,,,,,,,,,,,,,,,,,,,,,,,,,,,,,,,,,,,,,,,,,,,,,,,,,,,,,,,,,,,,,,,,,,,,,,,,,,,,,,,,,,,,,
EMLAB2-1:VTR,(                ),V,384.0,384.0,385.0,385.0,385.0,382.0,382.0,382.0,382.0,383.0,383.0,384.0,383.0,384.0,384.0,385.0,384.0,385.0,384.0,382.0,382.0,383.0,383.0,382.0,382.0,382.0,382.0,382.0,383.0,382.0,382.0,382.0,382.0,382.0,381.0,382.0,381.0,,,,,,,,,,,,,,,,,,,,,,,,,,,,,,,,,,,,,,,,,,,,,,,,,,,,,,,,,,,,,,,,,,,,,,,,,,,,,,,,,,,,,,,,,,,,,,,,,,,,,,,,,,,
MGCBARF.KWH,(度數            ),,38.6340,38.6341,38.6341,38.6342,38.6343,38.6343,38.6344,38.6345,38.6345,38.6346,38.6346,38.6347,38.6347,38.6347,38.6348,38.6348,38.6348,38.6348,38.6348,38.6348,38.6349,38.6349,38.6349,38.6349,38.6350,38.6350,38.6350,38.6350,38.6350,38.6351,38.6351,38.6351,38.6351,38.6352,38.6352,38.6352,38.6352,,,,,,,,,,,,,,,,,,,,,,,,,,,,,,,,,,,,,,,,,,,,,,,,,,,,,,,,,,,,,,,,,,,,,,,,,,,,,,,,,,,,,,,,,,,,,,,,,,,,,,,,,,,
MGCBARF:F,(                ),Hz,60,60,60,60,60,60,60,60,60,60,60,60,60,60,60,60,60,60,60,60,60,60,60,60,60,60,60,60,60,60,60,60,60,60,60,60,60,,,,,,,,,,,,,,,,,,,,,,,,,,,,,,,,,,,,,,,,,,,,,,,,,,,,,,,,,,,,,,,,,,,,,,,,,,,,,,,,,,,,,,,,,,,,,,,,,,,,,,,,,,,
MGCBARF:I1,(                ),A,10.4,10.9,9.4,9.8,8.3,9.8,9.7,9.6,8.5,7.8,7.6,8.7,4.1,3.4,2.8,2.7,2.7,2.9,2.6,2.7,2.7,2.7,4.4,3.8,3.3,3.3,2.7,2.6,2.3,2.2,3.2,3.8,5.2,5.1,4.7,4.0,3.7,,,,,,,,,,,,,,,,,,,,,,,,,,,,,,,,,,,,,,,,,,,,,,,,,,,,,,,,,,,,,,,,,,,,,,,,,,,,,,,,,,,,,,,,,,,,,,,,,,,,,,,,,,,
MGCBARF:I2,(                ),A,10.1,10.7,9.1,9.6,8.0,9.6,9.3,9.4,8.3,7.6,7.4,8.5,4.0,3.2,2.6,2.5,2.5,2.7,2.5,2.5,2.5,2.6,4.3,3.7,3.2,3.3,2.6,2.5,2.1,2.1,3.0,3.7,5.0,4.9,4.5,3.9,3.6,,,,,,,,,,,,,,,,,,,,,,,,,,,,,,,,,,,,,,,,,,,,,,,,,,,,,,,,,,,,,,,,,,,,,,,,,,,,,,,,,,,,,,,,,,,,,,,,,,,,,,,,,,,
MGCBARF:I3,(                ),A,10.8,11.2,9.7,10.2,8.7,10.3,10.0,10.0,8.9,8.1,7.8,9.1,4.6,3.9,3.2,3.2,3.2,3.4,3.1,3.1,3.1,3.1,4.9,4.3,3.8,3.9,3.3,3.1,2.7,2.7,3.7,4.3,5.6,5.5,5.1,4.4,4.2,,,,,,,,,,,,,,,,,,,,,,,,,,,,,,,,,,,,,,,,,,,,,,,,,,,,,,,,,,,,,,,,,,,,,,,,,,,,,,,,,,,,,,,,,,,,,,,,,,,,,,,,,,,
MGCBARF:KW,(                ),kW,414.1,435.7,371.9,390.9,326.2,393.6,383.2,377.0,335.8,305.3,293.8,346.0,168.4,140.6,112.8,109.6,109.7,119.0,107.8,107.8,107.7,108.8,183.8,157.1,136.8,142.0,114.9,109.4,93.9,92.2,134.5,159.3,213.8,207.4,189.7,163.4,152.2,,,,,,,,,,,,,,,,,,,,,,,,,,,,,,,,,,,,,,,,,,,,,,,,,,,,,,,,,,,,,,,,,,,,,,,,,,,,,,,,,,,,,,,,,,,,,,,,,,,,,,,,,,,
MGCBARF:PF,(                ),,0.97,0.97,0.97,0.96,0.95,0.97,0.97,0.96,0.96,0.95,0.94,0.96,1.04,1.03,1.04,1.05,1.04,1.04,1.05,1.05,1.05,1.05,1.02,1.02,1.02,1.03,1.02,1.03,1.03,1.04,1.02,1.01,1.01,1.02,1.02,1.03,1.03,,,,,,,,,,,,,,,,,,,,,,,,,,,,,,,,,,,,,,,,,,,,,,,,,,,,,,,,,,,,,,,,,,,,,,,,,,,,,,,,,,,,,,,,,,,,,,,,,,,,,,,,,,,
MGCBARF:V12,(                ),kV,23.7,23.7,23.7,23.8,23.7,23.6,23.6,23.6,23.6,23.6,23.7,23.7,23.7,23.7,23.7,23.8,23.8,23.8,23.7,23.6,23.7,23.6,23.7,23.6,23.6,23.6,23.6,23.6,23.7,23.6,23.6,23.6,23.6,23.6,23.6,23.6,23.6,,,,,,,,,,,,,,,,,,,,,,,,,,,,,,,,,,,,,,,,,,,,,,,,,,,,,,,,,,,,,,,,,,,,,,,,,,,,,,,,,,,,,,,,,,,,,,,,,,,,,,,,,,,
MGCBARF:V23,(                ),kV,23.7,23.7,23.8,23.8,23.8,23.7,23.7,23.7,23.7,23.7,23.7,23.7,23.8,23.8,23.8,23.8,23.8,23.8,23.8,23.7,23.7,23.7,23.7,23.7,23.7,23.7,23.7,23.7,23.7,23.7,23.6,23.6,23.6,23.6,23.6,23.6,23.6,,,,,,,,,,,,,,,,,,,,,,,,,,,,,,,,,,,,,,,,,,,,,,,,,,,,,,,,,,,,,,,,,,,,,,,,,,,,,,,,,,,,,,,,,,,,,,,,,,,,,,,,,,,
MGCBARF:V31,(                ),kV,23.8,23.8,23.8,23.8,23.8,23.7,23.7,23.7,23.7,23.7,23.7,23.8,23.8,23.8,23.8,23.8,23.8,23.8,23.8,23.7,23.7,23.7,23.7,23.7,23.7,23.7,23.7,23.7,23.7,23.7,23.7,23.6,23.7,23.7,23.6,23.6,23.6,,,,,,,,,,,,,,,,,,,,,,,,,,,,,,,,,,,,,,,,,,,,,,,,,,,,,,,,,,,,,,,,,,,,,,,,,,,,,,,,,,,,,,,,,,,,,,,,,,,,,,,,,,,
MPA1:HZ,(                ),Hz,59,60,60,60,59,59,60,59,59,59,59,60,60,60,59,60,60,60,59,59,60,60,60,60,59,60,60,59,59,60,60,59,59,60,59,59,60,,,,,,,,,,,,,,,,,,,,,,,,,,,,,,,,,,,,,,,,,,,,,,,,,,,,,,,,,,,,,,,,,,,,,,,,,,,,,,,,,,,,,,,,,,,,,,,,,,,,,,,,,,,
MPA1:IR,(                ),A,68,68,68,66,67,66,69,68,68,66,67,68,7,7,8,8,8,7,7,8,8,7,7,8,8,8,7,7,8,8,7,7,8,8,7,7,7,,,,,,,,,,,,,,,,,,,,,,,,,,,,,,,,,,,,,,,,,,,,,,,,,,,,,,,,,,,,,,,,,,,,,,,,,,,,,,,,,,,,,,,,,,,,,,,,,,,,,,,,,,,
MPA1:IS,(                ),A,66,68,68,67,68,66,67,68,67,67,69,67,9,9,11,11,11,10,9,10,11,9,9,11,11,11,9,10,11,11,9,9,11,11,9,10,10,,,,,,,,,,,,,,,,,,,,,,,,,,,,,,,,,,,,,,,,,,,,,,,,,,,,,,,,,,,,,,,,,,,,,,,,,,,,,,,,,,,,,,,,,,,,,,,,,,,,,,,,,,,
MPA1:IT,(                ),A,63,64,66,64,65,66,64,66,64,66,66,62,8,7,8,8,7,8,7,7,8,8,6,8,8,7,7,8,8,6,6,8,8,6,7,8,8,,,,,,,,,,,,,,,,,,,,,,,,,,,,,,,,,,,,,,,,,,,,,,,,,,,,,,,,,,,,,,,,,,,,,,,,,,,,,,,,,,,,,,,,,,,,,,,,,,,,,,,,,,,
MPA1:KW,(                ),kW,28.7,29.8,30.1,29.2,29.5,28.7,29.6,30.0,28.8,29.3,30.2,29.1,3.8,3.1,4.4,4.4,3.7,3.7,3.0,3.7,4.3,3.7,3.0,4.4,4.4,3.7,3.0,3.8,4.4,3.7,3.1,3.7,4.4,3.7,3.0,3.7,3.7,,,,,,,,,,,,,,,,,,,,,,,,,,,,,,,,,,,,,,,,,,,,,,,,,,,,,,,,,,,,,,,,,,,,,,,,,,,,,,,,,,,,,,,,,,,,,,,,,,,,,,,,,,,
MPA1:KWH,(                ),,12212435,12212440,12212445,12212449,12212454,12212459,12212464,12212469,12212474,12212478,12212484,12212489,12212493,12212494,12212494,12212495,12212496,12212496,12212497,12212497,12212499,12212500,12212500,12212501,12212502,12212502,12212502,12212502,12212503,12212504,12212504,12212505,12212506,12212506,12212507,12212508,12212508,,,,,,,,,,,,,,,,,,,,,,,,,,,,,,,,,,,,,,,,,,,,,,,,,,,,,,,,,,,,,,,,,,,,,,,,,,,,,,,,,,,,,,,,,,,,,,,,,,,,,,,,,,,
MPA1:PF,(                ),,0.66,0.67,0.67,0.66,0.66,0.65,0.66,0.67,0.65,0.66,0.67,0.66,0.68,0.60,0.73,0.73,0.67,0.68,0.60,0.67,0.73,0.68,0.60,0.73,0.73,0.67,0.61,0.69,0.73,0.67,0.61,0.69,0.73,0.67,0.61,0.69,0.68,,,,,,,,,,,,,,,,,,,,,,,,,,,,,,,,,,,,,,,,,,,,,,,,,,,,,,,,,,,,,,,,,,,,,,,,,,,,,,,,,,,,,,,,,,,,,,,,,,,,,,,,,,,
MPA1:VRS,(                ),V,385.3,385.6,385.9,386.4,386.3,384.0,384.2,384.1,384.3,384.4,385.2,385.7,385.9,385.9,385.9,386.9,387.0,386.7,386.4,384.4,384.9,384.8,385.2,384.7,384.3,384.5,384.5,384.7,384.9,384.4,384.4,383.8,384.1,384.0,383.2,383.2,383.6,,,,,,,,,,,,,,,,,,,,,,,,,,,,,,,,,,,,,,,,,,,,,,,,,,,,,,,,,,,,,,,,,,,,,,,,,,,,,,,,,,,,,,,,,,,,,,,,,,,,,,,,,,,
MPA1:VST,(                ),V,385.0,385.2,385.8,386.1,386.0,384.0,383.9,383.9,384.1,384.4,384.9,385.4,385.7,385.7,385.8,386.5,386.7,386.6,386.3,384.2,384.7,384.5,384.8,384.4,384.1,384.2,384.3,384.4,384.6,384.1,384.1,383.5,383.9,383.8,382.8,383.1,383.3,,,,,,,,,,,,,,,,,,,,,,,,,,,,,,,,,,,,,,,,,,,,,,,,,,,,,,,,,,,,,,,,,,,,,,,,,,,,,,,,,,,,,,,,,,,,,,,,,,,,,,,,,,,
MPA1:VTR,(                ),V,386.1,386.4,386.5,387.1,386.7,384.6,384.8,384.7,384.7,384.7,385.4,386.0,386.3,386.3,386.3,387.1,387.2,386.9,386.7,384.5,385.0,384.9,385.1,384.8,384.4,384.7,384.7,384.7,385.0,384.5,384.5,383.9,384.2,384.3,383.4,383.7,383.9,,,,,,,,,,,,,,,,,,,,,,,,,,,,,,,,,,,,,,,,,,,,,,,,,,,,,,,,,,,,,,,,,,,,,,,,,,,,,,,,,,,,,,,,,,,,,,,,,,,,,,,,,,,
MPA2:HZ,(                ),Hz,59,60,60,60,59,59,60,59,59,59,59,60,60,60,59,60,60,60,59,59,60,60,60,60,59,60,60,59,59,60,60,59,59,60,59,59,60,,,,,,,,,,,,,,,,,,,,,,,,,,,,,,,,,,,,,,,,,,,,,,,,,,,,,,,,,,,,,,,,,,,,,,,,,,,,,,,,,,,,,,,,,,,,,,,,,,,,,,,,,,,
MPA2:IR,(                ),A,518,590,508,559,500,482,476,468,470,438,483,465,155,116,116,116,115,115,115,116,115,116,116,116,84,84,84,84,84,84,84,84,84,127,127,126,127,,,,,,,,,,,,,,,,,,,,,,,,,,,,,,,,,,,,,,,,,,,,,,,,,,,,,,,,,,,,,,,,,,,,,,,,,,,,,,,,,,,,,,,,,,,,,,,,,,,,,,,,,,,
MPA2:IS,(                ),A,534,612,524,580,517,500,490,485,487,454,501,480,152,111,112,111,111,111,111,112,111,111,111,111,80,79,80,79,79,80,80,79,80,125,125,125,125,,,,,,,,,,,,,,,,,,,,,,,,,,,,,,,,,,,,,,,,,,,,,,,,,,,,,,,,,,,,,,,,,,,,,,,,,,,,,,,,,,,,,,,,,,,,,,,,,,,,,,,,,,,
MPA2:IT,(                ),A,535,615,524,579,516,498,489,482,484,451,496,476,153,112,112,112,112,112,112,112,112,112,112,112,80,81,81,80,80,80,80,81,80,125,126,125,125,,,,,,,,,,,,,,,,,,,,,,,,,,,,,,,,,,,,,,,,,,,,,,,,,,,,,,,,,,,,,,,,,,,,,,,,,,,,,,,,,,,,,,,,,,,,,,,,,,,,,,,,,,,
MPA2:KW,(                ),kW,317.7,369.1,312.5,348.2,306.6,293.9,288.1,283.4,285.2,265.6,296.1,283.9,82.5,62.0,62.0,62.1,61.9,61.9,61.9,61.8,61.7,62.0,61.9,62.1,46.1,46.1,46.3,46.1,46.1,46.2,46.2,46.0,46.2,69.0,68.9,68.7,68.8,,,,,,,,,,,,,,,,,,,,,,,,,,,,,,,,,,,,,,,,,,,,,,,,,,,,,,,,,,,,,,,,,,,,,,,,,,,,,,,,,,,,,,,,,,,,,,,,,,,,,,,,,,,
MPA2:KWH,(                ),,19471306,19471360,19471416,19471460,19471524,19471572,19471622,19471672,19471716,19471762,19471814,19471864,19471900,19471912,19471920,19471932,19471944,19471952,19471964,19471972,19471984,19471994,19472002,19472016,19472024,19472032,19472040,19472048,19472056,19472062,19472070,19472078,19472084,19472096,19472106,19472118,19472124,,,,,,,,,,,,,,,,,,,,,,,,,,,,,,,,,,,,,,,,,,,,,,,,,,,,,,,,,,,,,,,,,,,,,,,,,,,,,,,,,,,,,,,,,,,,,,,,,,,,,,,,,,,
MPA2:PF,(                ),,0.90,0.92,0.90,0.91,0.90,0.90,0.90,0.89,0.89,0.89,0.90,0.90,0.81,0.82,0.82,0.82,0.82,0.82,0.82,0.82,0.82,0.82,0.82,0.82,0.85,0.85,0.85,0.85,0.85,0.85,0.85,0.85,0.85,0.82,0.82,0.83,0.83,,,,,,,,,,,,,,,,,,,,,,,,,,,,,,,,,,,,,,,,,,,,,,,,,,,,,,,,,,,,,,,,,,,,,,,,,,,,,,,,,,,,,,,,,,,,,,,,,,,,,,,,,,,
MPA2:VRS,(                ),V,384.0,383.7,384.5,384.9,385.5,383.2,383.7,383.3,383.9,383.7,383.6,385.1,385.3,386.0,385.8,386.5,386.5,386.6,386.2,384.2,384.7,384.5,385.1,384.4,384.1,384.2,384.7,384.5,384.7,384.2,384.3,383.7,383.9,384.0,383.2,383.0,383.2,,,,,,,,,,,,,,,,,,,,,,,,,,,,,,,,,,,,,,,,,,,,,,,,,,,,,,,,,,,,,,,,,,,,,,,,,,,,,,,,,,,,,,,,,,,,,,,,,,,,,,,,,,,
MPA2:VST,(                ),V,383.9,383.4,384.8,385.1,385.2,382.3,382.6,382.2,383.2,383.7,383.2,384.1,385.1,385.7,385.7,386.2,386.2,386.4,386.2,384.2,384.6,384.2,384.7,384.4,383.9,384.0,384.3,384.3,384.3,383.9,383.9,383.4,383.6,383.8,382.8,383.0,383.0,,,,,,,,,,,,,,,,,,,,,,,,,,,,,,,,,,,,,,,,,,,,,,,,,,,,,,,,,,,,,,,,,,,,,,,,,,,,,,,,,,,,,,,,,,,,,,,,,,,,,,,,,,,
MPA2:VTR,(                ),V,384.7,384.9,385.4,385.6,385.2,383.7,383.0,383.6,383.6,383.4,384.7,384.7,385.5,386.2,385.8,386.7,386.8,386.5,386.3,384.3,384.8,384.6,385.1,384.8,384.1,384.2,384.7,384.4,384.4,384.3,384.2,383.7,383.8,384.1,383.2,383.3,383.5,,,,,,,,,,,,,,,,,,,,,,,,,,,,,,,,,,,,,,,,,,,,,,,,,,,,,,,,,,,,,,,,,,,,,,,,,,,,,,,,,,,,,,,,,,,,,,,,,,,,,,,,,,,
MLARF-1.PF,(                ),,0.99,0.99,0.98,0.97,0.97,0.99,0.99,0.99,0.97,0.97,0.93,0.98,0.98,0.98,0.92,0.91,0.91,0.91,0.91,0.91,0.91,0.90,0.99,0.98,0.98,0.97,0.97,0.96,0.90,0.90,0.99,0.99,0.99,0.99,0.99,0.99,0.98,,,,,,,,,,,,,,,,,,,,,,,,,,,,,,,,,,,,,,,,,,,,,,,,,,,,,,,,,,,,,,,,,,,,,,,,,,,,,,,,,,,,,,,,,,,,,,,,,,,,,,,,,,,
MLARF-1:HZ,(                ),Hz,59,60,60,60,59,59,60,59,59,59,59,60,60,60,59,60,60,60,59,59,60,60,60,60,59,60,60,59,59,60,60,59,59,60,59,59,60,,,,,,,,,,,,,,,,,,,,,,,,,,,,,,,,,,,,,,,,,,,,,,,,,,,,,,,,,,,,,,,,,,,,,,,,,,,,,,,,,,,,,,,,,,,,,,,,,,,,,,,,,,,
MLARF-1:IR,(                ),A,307,269,228,194,141,306,293,258,190,139,67,172,149,122,60,54,53,54,54,54,55,44,215,158,137,118,91,79,46,46,189,190,313,261,224,166,142,,,,,,,,,,,,,,,,,,,,,,,,,,,,,,,,,,,,,,,,,,,,,,,,,,,,,,,,,,,,,,,,,,,,,,,,,,,,,,,,,,,,,,,,,,,,,,,,,,,,,,,,,,,
MLARF-1:IS,(                ),A,247,209,166,131,78,244,235,204,134,96,25,134,116,88,26,24,24,23,23,24,24,28,195,134,117,95,66,56,22,22,168,167,292,243,205,144,121,,,,,,,,,,,,,,,,,,,,,,,,,,,,,,,,,,,,,,,,,,,,,,,,,,,,,,,,,,,,,,,,,,,,,,,,,,,,,,,,,,,,,,,,,,,,,,,,,,,,,,,,,,,
MLARF-1:IT,(                ),A,242,203,165,127,81,255,242,209,139,105,32,142,121,92,31,30,30,30,30,30,30,26,198,136,118,97,69,58,25,25,171,170,279,229,192,131,110,,,,,,,,,,,,,,,,,,,,,,,,,,,,,,,,,,,,,,,,,,,,,,,,,,,,,,,,,,,,,,,,,,,,,,,,,,,,,,,,,,,,,,,,,,,,,,,,,,,,,,,,,,,
MLARF-1:KW,(                ),kW,175.1,149.4,122.4,97.8,65.0,176.7,168.7,146.6,100.1,73.1,25.6,97.5,83.9,65.7,24.1,22.1,21.6,21.6,21.9,21.8,21.8,19.6,133.9,93.5,80.6,66.8,48.7,41.1,18.4,18.5,115.7,115.3,194.0,161.0,136.6,95.9,80.8,,,,,,,,,,,,,,,,,,,,,,,,,,,,,,,,,,,,,,,,,,,,,,,,,,,,,,,,,,,,,,,,,,,,,,,,,,,,,,,,,,,,,,,,,,,,,,,,,,,,,,,,,,,
MLARF-1:KWH,(                ),,6640297,6640323,6640346,6640361,6640377,6640388,6640418,6640446,6640465,6640480,6640490,6640495,6640509,6640522,6640526,6640531,6640535,6640538,6640542,6640545,6640549,6640553,6640566,6640585,6640598,6640608,6640617,6640625,6640630,6640632,6640635,6640660,6640677,6640708,6640731,6640750,6640758,,,,,,,,,,,,,,,,,,,,,,,,,,,,,,,,,,,,,,,,,,,,,,,,,,,,,,,,,,,,,,,,,,,,,,,,,,,,,,,,,,,,,,,,,,,,,,,,,,,,,,,,,,,
MLARF-1:PF,(                ),, -0.99, -0.99, -0.98, -0.97, -0.97, -0.99, -0.99, -0.99, -0.97, -0.97, -0.93, -0.98, -0.98, -0.98, -0.92,0.91, -0.91, -0.91, -0.91, -0.91,0.91,0.90, -0.99, -0.98, -0.98, -0.97, -0.97, -0.96, -0.90, -0.90, -0.99, -0.99, -0.99, -0.99, -0.99, -0.99, -0.98,,,,,,,,,,,,,,,,,,,,,,,,,,,,,,,,,,,,,,,,,,,,,,,,,,,,,,,,,,,,,,,,,,,,,,,,,,,,,,,,,,,,,,,,,,,,,,,,,,,,,,,,,,,
MLARF-1:VRS,(                ),V,384.8,385.1,385.6,386.1,386.0,383.6,383.7,383.6,384.1,384.3,384.9,385.4,385.2,385.7,385.7,386.4,386.3,386.4,386.1,384.1,384.5,384.4,384.8,384.5,384.0,384.1,384.3,384.3,384.5,384.1,384.1,383.4,383.5,383.8,383.0,382.9,383.2,,,,,,,,,,,,,,,,,,,,,,,,,,,,,,,,,,,,,,,,,,,,,,,,,,,,,,,,,,,,,,,,,,,,,,,,,,,,,,,,,,,,,,,,,,,,,,,,,,,,,,,,,,,
MLARF-1:VST,(                ),V,384.5,384.8,385.4,385.9,385.7,383.5,383.5,383.5,383.8,384.2,384.6,385.1,385.0,385.4,385.3,386.0,385.8,385.9,385.9,383.8,384.3,384.1,384.3,384.1,383.6,383.6,383.9,383.9,384.0,383.7,383.6,383.0,383.1,383.3,382.5,382.7,382.8,,,,,,,,,,,,,,,,,,,,,,,,,,,,,,,,,,,,,,,,,,,,,,,,,,,,,,,,,,,,,,,,,,,,,,,,,,,,,,,,,,,,,,,,,,,,,,,,,,,,,,,,,,,
MLARF-1:VTR,(                ),V,385.9,386.2,386.7,387.2,386.7,384.5,384.5,384.4,384.8,384.8,385.5,385.8,385.5,386.1,386.1,386.7,386.6,386.5,386.5,384.4,384.8,384.7,384.8,384.6,384.0,384.2,384.4,384.4,384.6,384.2,384.2,383.7,383.8,384.1,383.4,383.3,383.5,,,,,,,,,,,,,,,,,,,,,,,,,,,,,,,,,,,,,,,,,,,,,,,,,,,,,,,,,,,,,,,,,,,,,,,,,,,,,,,,,,,,,,,,,,,,,,,,,,,,,,,,,,,
MPARF:HZ,(                ),Hz,59,60,60,60,59,59,60,59,59,59,59,60,60,60,59,60,60,60,59,59,60,60,60,60,59,60,60,59,59,60,60,59,59,60,59,59,60,,,,,,,,,,,,,,,,,,,,,,,,,,,,,,,,,,,,,,,,,,,,,,,,,,,,,,,,,,,,,,,,,,,,,,,,,,,,,,,,,,,,,,,,,,,,,,,,,,,,,,,,,,,
MPARF:IR,(                ),A,123,147,121,143,112,116,111,139,112,118,114,138,117,113,114,113,114,114,110,111,111,112,112,111,111,133,112,111,109,108,112,109,110,110,110,112,112,,,,,,,,,,,,,,,,,,,,,,,,,,,,,,,,,,,,,,,,,,,,,,,,,,,,,,,,,,,,,,,,,,,,,,,,,,,,,,,,,,,,,,,,,,,,,,,,,,,,,,,,,,,
MPARF:IS,(                ),A,73,99,76,95,72,74,72,93,74,78,76,95,75,76,77,76,77,77,75,76,75,76,76,77,75,93,76,76,75,76,76,76,76,77,76,79,78,,,,,,,,,,,,,,,,,,,,,,,,,,,,,,,,,,,,,,,,,,,,,,,,,,,,,,,,,,,,,,,,,,,,,,,,,,,,,,,,,,,,,,,,,,,,,,,,,,,,,,,,,,,
MPARF:IT,(                ),A,136,155,135,157,130,134,128,151,126,133,129,151,132,127,129,129,129,129,126,127,127,128,128,128,126,147,128,126,126,126,128,127,127,127,127,129,128,,,,,,,,,,,,,,,,,,,,,,,,,,,,,,,,,,,,,,,,,,,,,,,,,,,,,,,,,,,,,,,,,,,,,,,,,,,,,,,,,,,,,,,,,,,,,,,,,,,,,,,,,,,
MPARF:KW,(                ),kW,67.8,82.3,63.9,77.6,57.4,60.0,56.2,74.6,56.5,62.0,60.3,76.4,60.6,58.9,59.4,58.0,57.6,57.8,54.6,55.1,54.5,55.9,55.2,54.6,54.3,70.6,55.1,54.5,53.3,52.4,55.1,53.5,53.2,54.4,54.1,55.0,55.2,,,,,,,,,,,,,,,,,,,,,,,,,,,,,,,,,,,,,,,,,,,,,,,,,,,,,,,,,,,,,,,,,,,,,,,,,,,,,,,,,,,,,,,,,,,,,,,,,,,,,,,,,,,
MPARF:KWH,(                ),,5889991,5890003,5890015,5890023,5890036,5890045,5890056,5890066,5890075,5890086,5890096,5890108,5890117,5890128,5890137,5890149,5890158,5890168,5890178,5890186,5890197,5890206,5890216,5890226,5890235,5890244,5890254,5890263,5890273,5890281,5890289,5890299,5890308,5890318,5890327,5890336,5890341,,,,,,,,,,,,,,,,,,,,,,,,,,,,,,,,,,,,,,,,,,,,,,,,,,,,,,,,,,,,,,,,,,,,,,,,,,,,,,,,,,,,,,,,,,,,,,,,,,,,,,,,,,,
MPARF:PF,(                ),, -0.90, -0.92, -0.86, -0.88, -0.82, -0.83, -0.81, -0.88, -0.82, -0.85, -0.84, -0.89, -0.84, -0.84, -0.83, -0.82, -0.81, -0.81, -0.79, -0.79, -0.79, -0.79, -0.79, -0.78, -0.79, -0.85, -0.79, -0.78, -0.78, -0.76, -0.79, -0.78, -0.77, -0.78, -0.78, -0.78, -0.79,,,,,,,,,,,,,,,,,,,,,,,,,,,,,,,,,,,,,,,,,,,,,,,,,,,,,,,,,,,,,,,,,,,,,,,,,,,,,,,,,,,,,,,,,,,,,,,,,,,,,,,,,,,
MPARF:VRS,(                ),V,384.3,384.5,385.1,385.3,385.5,383.6,383.5,383.1,383.7,383.9,384.3,384.8,384.7,385.1,385.1,386.0,385.9,386.0,385.8,383.7,384.2,384.2,384.6,384.1,383.4,383.5,384.0,383.9,384.0,383.6,383.6,383.2,383.4,383.5,382.8,382.7,382.7,,,,,,,,,,,,,,,,,,,,,,,,,,,,,,,,,,,,,,,,,,,,,,,,,,,,,,,,,,,,,,,,,,,,,,,,,,,,,,,,,,,,,,,,,,,,,,,,,,,,,,,,,,,
MPARF:VST,(                ),V,385.1,385.1,385.8,386.2,386.3,384.4,384.2,383.9,384.4,384.5,385.0,385.5,385.4,385.7,385.8,386.5,386.5,386.7,386.5,384.4,384.8,384.8,385.1,384.6,384.0,384.1,384.6,384.5,384.6,384.3,384.2,383.8,383.9,384.2,383.3,383.6,383.4,,,,,,,,,,,,,,,,,,,,,,,,,,,,,,,,,,,,,,,,,,,,,,,,,,,,,,,,,,,,,,,,,,,,,,,,,,,,,,,,,,,,,,,,,,,,,,,,,,,,,,,,,,,
MPARF:VTR,(                ),V,385.2,385.3,385.8,386.0,386.1,384.2,384.0,383.7,384.2,384.2,384.8,385.1,385.1,385.5,385.5,386.2,386.2,386.2,386.1,383.9,384.4,384.4,384.7,384.3,383.5,383.7,384.2,384.0,384.1,383.8,383.8,383.4,383.5,383.7,383.0,383.2,383.0,,,,,,,,,,,,,,,,,,,,,,,,,,,,,,,,,,,,,,,,,,,,,,,,,,,,,,,,,,,,,,,,,,,,,,,,,,,,,,,,,,,,,,,,,,,,,,,,,,,,,,,,,,,
MGCBB.KWH,(度數            ),,137.598,137.598,137.598,137.598,137.598,137.598,137.599,137.599,137.599,137.599,137.599,137.599,137.599,137.599,137.599,137.600,137.600,137.600,137.600,137.600,137.600,137.600,137.600,137.600,137.600,137.601,137.601,137.601,137.601,137.601,137.601,137.601,137.601,137.601,137.601,137.602,137.602,,,,,,,,,,,,,,,,,,,,,,,,,,,,,,,,,,,,,,,,,,,,,,,,,,,,,,,,,,,,,,,,,,,,,,,,,,,,,,,,,,,,,,,,,,,,,,,,,,,,,,,,,,,
MGCBB:F,(                ),Hz,60,60,60,60,60,60,60,60,60,60,60,60,60,60,60,60,60,60,60,60,60,60,60,60,60,60,60,60,60,60,60,60,60,60,60,60,60,,,,,,,,,,,,,,,,,,,,,,,,,,,,,,,,,,,,,,,,,,,,,,,,,,,,,,,,,,,,,,,,,,,,,,,,,,,,,,,,,,,,,,,,,,,,,,,,,,,,,,,,,,,
MGCBB:I1,(                ),A,21.2,21.8,22.3,18.8,17.5,16.6,17.5,16.9,16.0,16.4,15.4,15.1,17.1,17.0,18.0,17.8,15.1,14.9,14.9,14.6,15.1,14.5,14.6,14.1,17.2,13.6,14.1,16.7,16.6,15.2,14.5,13.3,14.0,13.8,13.7,13.6,13.4,,,,,,,,,,,,,,,,,,,,,,,,,,,,,,,,,,,,,,,,,,,,,,,,,,,,,,,,,,,,,,,,,,,,,,,,,,,,,,,,,,,,,,,,,,,,,,,,,,,,,,,,,,,
MGCBB:I2,(                ),A,21.3,22.7,22.6,18.5,17.4,16.6,18.2,16.6,15.7,16.0,15.0,15.3,17.0,18.1,18.3,17.7,15.7,15.1,15.5,15.0,15.4,14.7,14.5,14.7,17.3,13.9,14.2,17.3,16.7,15.4,14.5,13.1,13.4,13.4,13.3,13.4,13.0,,,,,,,,,,,,,,,,,,,,,,,,,,,,,,,,,,,,,,,,,,,,,,,,,,,,,,,,,,,,,,,,,,,,,,,,,,,,,,,,,,,,,,,,,,,,,,,,,,,,,,,,,,,
MGCBB:I3,(                ),A,22.3,23.5,23.2,19.8,18.4,17.8,18.5,17.6,16.6,17.1,16.2,16.1,18.0,18.5,19.0,18.2,15.9,15.7,16.0,15.6,15.9,15.7,15.4,15.4,18.3,14.7,14.7,17.7,17.6,16.0,15.7,14.2,14.4,14.3,14.5,14.4,14.0,,,,,,,,,,,,,,,,,,,,,,,,,,,,,,,,,,,,,,,,,,,,,,,,,,,,,,,,,,,,,,,,,,,,,,,,,,,,,,,,,,,,,,,,,,,,,,,,,,,,,,,,,,,
MGCBB:KW,(                ),kW,869.1,911.9,915.1,760.2,699.3,664.2,717.5,675.3,635.4,649.6,611.5,608.8,689.9,710.7,725.7,712.2,611.8,603.1,605.8,591.1,604.8,582.5,574.6,576.2,702.0,547.2,558.6,684.5,669.4,612.5,585.6,535.4,543.8,536.8,538.1,536.5,523.6,,,,,,,,,,,,,,,,,,,,,,,,,,,,,,,,,,,,,,,,,,,,,,,,,,,,,,,,,,,,,,,,,,,,,,,,,,,,,,,,,,,,,,,,,,,,,,,,,,,,,,,,,,,
MGCBB:PF,(                ),,0.98,0.98,0.98,0.97,0.96,0.96,0.97,0.97,0.96,0.96,0.96,0.96,0.97,0.97,0.97,0.97,0.95,0.95,0.95,0.96,0.95,0.95,0.94,0.95,0.97,0.95,0.95,0.97,0.96,0.96,0.96,0.96,0.96,0.95,0.95,0.95,0.95,,,,,,,,,,,,,,,,,,,,,,,,,,,,,,,,,,,,,,,,,,,,,,,,,,,,,,,,,,,,,,,,,,,,,,,,,,,,,,,,,,,,,,,,,,,,,,,,,,,,,,,,,,,
MGCBB:V12,(                ),kV,23.7,23.7,23.7,23.8,23.8,23.7,23.6,23.6,23.6,23.7,23.7,23.7,23.7,23.7,23.7,23.8,23.8,23.8,23.8,23.6,23.6,23.7,23.7,23.6,23.6,23.6,23.7,23.6,23.6,23.6,23.6,23.6,23.6,23.6,23.6,23.6,23.6,,,,,,,,,,,,,,,,,,,,,,,,,,,,,,,,,,,,,,,,,,,,,,,,,,,,,,,,,,,,,,,,,,,,,,,,,,,,,,,,,,,,,,,,,,,,,,,,,,,,,,,,,,,
MGCBB:V23,(                ),kV,23.8,23.8,23.8,23.8,23.8,23.7,23.7,23.7,23.7,23.7,23.7,23.8,23.8,23.8,23.8,23.8,23.8,23.8,23.8,23.7,23.7,23.7,23.7,23.7,23.7,23.7,23.7,23.7,23.7,23.7,23.7,23.7,23.7,23.7,23.6,23.6,23.6,,,,,,,,,,,,,,,,,,,,,,,,,,,,,,,,,,,,,,,,,,,,,,,,,,,,,,,,,,,,,,,,,,,,,,,,,,,,,,,,,,,,,,,,,,,,,,,,,,,,,,,,,,,
MGCBB:V31,(                ),kV,23.7,23.7,23.7,23.8,23.8,23.6,23.6,23.6,23.6,23.7,23.7,23.7,23.7,23.7,23.7,23.8,23.8,23.8,23.8,23.7,23.7,23.7,23.7,23.7,23.6,23.6,23.7,23.6,23.6,23.6,23.6,23.6,23.6,23.6,23.6,23.6,23.6,,,,,,,,,,,,,,,,,,,,,,,,,,,,,,,,,,,,,,,,,,,,,,,,,,,,,,,,,,,,,,,,,,,,,,,,,,,,,,,,,,,,,,,,,,,,,,,,,,,,,,,,,,,
MLB1-1:HZ,(                ),Hz,59,60,59,60,59,59,60,59,59,59,59,60,60,60,59,60,60,60,59,59,60,60,60,60,59,60,60,59,59,60,60,59,59,60,60,59,60,,,,,,,,,,,,,,,,,,,,,,,,,,,,,,,,,,,,,,,,,,,,,,,,,,,,,,,,,,,,,,,,,,,,,,,,,,,,,,,,,,,,,,,,,,,,,,,,,,,,,,,,,,,
MLB1-1:IR,(                ),A,663,702,691,591,526,521,552,503,446,495,438,448,566,590,598,621,468,474,453,456,461,466,479,448,590,400,419,564,530,459,436,382,377,403,377,386,377,,,,,,,,,,,,,,,,,,,,,,,,,,,,,,,,,,,,,,,,,,,,,,,,,,,,,,,,,,,,,,,,,,,,,,,,,,,,,,,,,,,,,,,,,,,,,,,,,,,,,,,,,,,
MLB1-1:IS,(                ),A,623,703,725,520,492,436,573,476,461,453,399,383,512,570,606,594,430,458,431,429,468,414,417,412,564,384,385,582,538,451,398,321,329,354,314,318,310,,,,,,,,,,,,,,,,,,,,,,,,,,,,,,,,,,,,,,,,,,,,,,,,,,,,,,,,,,,,,,,,,,,,,,,,,,,,,,,,,,,,,,,,,,,,,,,,,,,,,,,,,,,
MLB1-1:IT,(                ),A,622,699,726,546,511,450,557,476,423,442,394,409,519,608,562,568,438,452,463,437,469,431,400,438,560,375,388,552,525,438,386,328,321,347,321,330,314,,,,,,,,,,,,,,,,,,,,,,,,,,,,,,,,,,,,,,,,,,,,,,,,,,,,,,,,,,,,,,,,,,,,,,,,,,,,,,,,,,,,,,,,,,,,,,,,,,,,,,,,,,,
MLB1-1:KW,(                ),kW,413.5,458.2,467.4,356.2,322.4,290.9,361.2,309.6,279.2,288.7,256.3,256.5,338.6,377.7,378.9,382.0,275.6,288.6,277.2,273.3,289.1,267.6,260.0,266.0,367.0,236.2,240.0,364.8,337.8,286.4,255.6,216.0,212.1,224.3,205.8,208.2,203.0,,,,,,,,,,,,,,,,,,,,,,,,,,,,,,,,,,,,,,,,,,,,,,,,,,,,,,,,,,,,,,,,,,,,,,,,,,,,,,,,,,,,,,,,,,,,,,,,,,,,,,,,,,,
MLB1-1:KWH,(                ),,33329218,33329294,33329370,33329428,33329496,33329544,33329600,33329658,33329706,33329750,33329796,33329840,33329886,33329946,33329994,33330064,33330122,33330166,33330218,33330252,33330310,33330354,33330400,33330448,33330496,33330546,33330588,33330638,33330696,33330744,33330784,33330828,33330866,33330904,33330936,33330974,33330988,,,,,,,,,,,,,,,,,,,,,,,,,,,,,,,,,,,,,,,,,,,,,,,,,,,,,,,,,,,,,,,,,,,,,,,,,,,,,,,,,,,,,,,,,,,,,,,,,,,,,,,,,,,
MLB1-1:PF,(                ),,0.98,0.98,0.98,0.97,0.95,0.94,0.97,0.96,0.95,0.94,0.94,0.93,0.96,0.96,0.97,0.97,0.93,0.94,0.93,0.94,0.94,0.92,0.91,0.93,0.97,0.92,0.91,0.97,0.96,0.96,0.95,0.95,0.93,0.92,0.92,0.91,0.92,,,,,,,,,,,,,,,,,,,,,,,,,,,,,,,,,,,,,,,,,,,,,,,,,,,,,,,,,,,,,,,,,,,,,,,,,,,,,,,,,,,,,,,,,,,,,,,,,,,,,,,,,,,
MLB1-1:VRS,(                ),V,383.1,383.5,383.6,384.4,384.6,382.2,382.1,382.1,382.4,382.5,383.1,383.6,383.5,383.8,383.9,383.9,384.6,384.3,384.4,382.4,382.7,382.9,382.6,382.4,382.2,382.1,382.7,382.4,382.4,382.4,382.1,382.7,382.2,382.2,382.1,381.8,381.7,,,,,,,,,,,,,,,,,,,,,,,,,,,,,,,,,,,,,,,,,,,,,,,,,,,,,,,,,,,,,,,,,,,,,,,,,,,,,,,,,,,,,,,,,,,,,,,,,,,,,,,,,,,
MLB1-1:VST,(                ),V,384.2,384.5,384.4,385.5,385.4,383.2,382.7,382.9,382.9,383.1,383.7,384.2,384.1,384.3,384.2,384.5,384.9,384.5,384.7,382.8,382.9,383.5,383.1,382.8,382.6,382.3,382.9,382.6,382.6,382.7,382.4,383.2,382.6,382.5,382.6,382.3,382.1,,,,,,,,,,,,,,,,,,,,,,,,,,,,,,,,,,,,,,,,,,,,,,,,,,,,,,,,,,,,,,,,,,,,,,,,,,,,,,,,,,,,,,,,,,,,,,,,,,,,,,,,,,,
MLB1-1:VTR,(                ),V,383.9,384.1,384.1,385.2,385.2,383.2,382.7,382.9,383.1,383.3,383.8,384.3,384.3,384.3,384.6,384.8,385.2,385.0,384.8,383.0,383.2,383.7,383.6,382.9,383.0,382.7,383.2,383.0,383.0,383.0,382.7,383.3,383.0,382.8,382.9,382.2,382.3,,,,,,,,,,,,,,,,,,,,,,,,,,,,,,,,,,,,,,,,,,,,,,,,,,,,,,,,,,,,,,,,,,,,,,,,,,,,,,,,,,,,,,,,,,,,,,,,,,,,,,,,,,,
MLB2-1:HZ,(                ),Hz,59,60,59,60,59,59,60,59,59,59,59,60,60,60,59,60,60,60,59,60,60,59,60,60,59,59,60,59,59,60,60,59,59,60,60,59,60,,,,,,,,,,,,,,,,,,,,,,,,,,,,,,,,,,,,,,,,,,,,,,,,,,,,,,,,,,,,,,,,,,,,,,,,,,,,,,,,,,,,,,,,,,,,,,,,,,,,,,,,,,,
MLB2-1:IR,(                ),A,150,142,136,139,140,136,137,139,137,140,138,100,100,100,97,105,98,98,102,105,98,99,99,99,104,108,101,102,104,100,97,99,103,92,98,101,100,,,,,,,,,,,,,,,,,,,,,,,,,,,,,,,,,,,,,,,,,,,,,,,,,,,,,,,,,,,,,,,,,,,,,,,,,,,,,,,,,,,,,,,,,,,,,,,,,,,,,,,,,,,
MLB2-1:IS,(                ),A,97,82,80,80,80,89,81,75,81,84,81,81,81,84,81,83,85,80,81,82,77,78,88,82,82,83,85,77,75,74,73,71,86,73,77,69,69,,,,,,,,,,,,,,,,,,,,,,,,,,,,,,,,,,,,,,,,,,,,,,,,,,,,,,,,,,,,,,,,,,,,,,,,,,,,,,,,,,,,,,,,,,,,,,,,,,,,,,,,,,,
MLB2-1:IT,(                ),A,120,113,107,109,105,126,110,101,102,103,102,105,111,110,100,107,105,108,103,108,102,98,101,104,107,103,105,101,104,97,98,98,103,95,96,94,96,,,,,,,,,,,,,,,,,,,,,,,,,,,,,,,,,,,,,,,,,,,,,,,,,,,,,,,,,,,,,,,,,,,,,,,,,,,,,,,,,,,,,,,,,,,,,,,,,,,,,,,,,,,
MLB2-1:KW,(                ),kW,76.9,70.5,66.2,68.4,67.1,72.9,67.0,63.7,64.6,66.8,64.9,56.2,58.0,58.9,54.5,59.5,57.4,56.5,57.3,58.2,53.7,53.4,56.1,55.5,58.1,58.4,57.5,54.3,55.7,52.0,51.1,52.6,57.7,49.7,53.2,51.7,51.3,,,,,,,,,,,,,,,,,,,,,,,,,,,,,,,,,,,,,,,,,,,,,,,,,,,,,,,,,,,,,,,,,,,,,,,,,,,,,,,,,,,,,,,,,,,,,,,,,,,,,,,,,,,
MLB2-1:KWH,(                ),,16836852,16836864,16836876,16836886,16836900,16836910,16836922,16836934,16836944,16836954,16836966,16836976,16836986,16836996,16837004,16837014,16837024,16837034,16837044,16837050,16837062,16837072,16837080,16837090,16837100,16837108,16837118,16837128,16837138,16837144,16837152,16837162,16837172,16837180,16837188,16837196,16837202,,,,,,,,,,,,,,,,,,,,,,,,,,,,,,,,,,,,,,,,,,,,,,,,,,,,,,,,,,,,,,,,,,,,,,,,,,,,,,,,,,,,,,,,,,,,,,,,,,,,,,,,,,,
MLB2-1:PF,(                ),, -0.94, -0.94, -0.92, -0.93, -0.92, -0.94, -0.92, -0.91, -0.91, -0.92, -0.91, -0.88, -0.89, -0.90, -0.88, -0.91, -0.89, -0.89, -0.90, -0.89, -0.87, -0.87, -0.88, -0.87, -0.89, -0.90, -0.89, -0.87, -0.89, -0.87, -0.86, -0.88, -0.89, -0.86, -0.89, -0.88, -0.88,,,,,,,,,,,,,,,,,,,,,,,,,,,,,,,,,,,,,,,,,,,,,,,,,,,,,,,,,,,,,,,,,,,,,,,,,,,,,,,,,,,,,,,,,,,,,,,,,,,,,,,,,,,
MLB2-1:VRS,(                ),V,385.1,385.1,385.2,386.3,386.2,384.3,383.5,383.6,383.8,384.2,384.6,385.3,385.4,385.7,385.8,385.7,386.2,386.0,386.0,384.2,384.3,384.8,384.5,384.1,384.0,383.6,384.2,384.2,384.2,383.8,383.5,383.9,383.6,383.6,383.4,383.2,383.1,,,,,,,,,,,,,,,,,,,,,,,,,,,,,,,,,,,,,,,,,,,,,,,,,,,,,,,,,,,,,,,,,,,,,,,,,,,,,,,,,,,,,,,,,,,,,,,,,,,,,,,,,,,
MLB2-1:VST,(                ),V,386.1,386.3,386.1,387.1,387.0,385.1,384.3,384.4,384.5,384.8,385.3,385.8,385.8,386.2,386.2,386.2,386.6,386.2,386.4,384.5,384.6,385.2,384.8,384.5,384.4,383.9,384.5,384.5,384.4,384.1,383.8,384.3,384.0,384.0,383.9,383.7,383.5,,,,,,,,,,,,,,,,,,,,,,,,,,,,,,,,,,,,,,,,,,,,,,,,,,,,,,,,,,,,,,,,,,,,,,,,,,,,,,,,,,,,,,,,,,,,,,,,,,,,,,,,,,,
MLB2-1:VTR,(                ),V,385.8,385.9,385.8,386.8,386.8,384.7,384.2,384.3,384.5,384.9,385.3,385.8,385.8,386.2,386.3,386.4,386.7,386.4,386.4,384.6,384.7,385.4,385.1,384.7,384.5,384.2,384.7,384.7,384.7,384.3,384.1,384.4,384.2,384.2,384.1,383.5,383.5,,,,,,,,,,,,,,,,,,,,,,,,,,,,,,,,,,,,,,,,,,,,,,,,,,,,,,,,,,,,,,,,,,,,,,,,,,,,,,,,,,,,,,,,,,,,,,,,,,,,,,,,,,,
MLB3-1:HZ,(                ),Hz,59,60,59,60,59,59,60,59,59,59,59,60,60,60,59,60,60,60,59,59,60,60,60,60,59,59,60,59,59,60,60,59,59,60,60,59,60,,,,,,,,,,,,,,,,,,,,,,,,,,,,,,,,,,,,,,,,,,,,,,,,,,,,,,,,,,,,,,,,,,,,,,,,,,,,,,,,,,,,,,,,,,,,,,,,,,,,,,,,,,,
MLB3-1:IR,(                ),A,312,324,327,247,239,211,197,234,245,237,238,245,247,212,233,192,202,202,222,192,213,199,204,204,222,200,199,221,236,233,245,223,249,223,257,239,237,,,,,,,,,,,,,,,,,,,,,,,,,,,,,,,,,,,,,,,,,,,,,,,,,,,,,,,,,,,,,,,,,,,,,,,,,,,,,,,,,,,,,,,,,,,,,,,,,,,,,,,,,,,
MLB3-1:IS,(                ),A,311,321,329,281,237,236,228,261,245,244,237,234,245,242,231,228,240,211,212,219,222,215,220,216,219,197,236,242,245,234,238,240,261,241,238,240,233,,,,,,,,,,,,,,,,,,,,,,,,,,,,,,,,,,,,,,,,,,,,,,,,,,,,,,,,,,,,,,,,,,,,,,,,,,,,,,,,,,,,,,,,,,,,,,,,,,,,,,,,,,,
MLB3-1:IT,(                ),A,353,374,332,269,247,277,249,245,257,250,237,249,239,265,247,230,258,218,245,242,224,246,236,254,233,239,222,262,257,224,254,253,221,211,249,257,250,,,,,,,,,,,,,,,,,,,,,,,,,,,,,,,,,,,,,,,,,,,,,,,,,,,,,,,,,,,,,,,,,,,,,,,,,,,,,,,,,,,,,,,,,,,,,,,,,,,,,,,,,,,
MLB3-1:KW,(                ),kW,211.5,220.3,214.1,170.1,153.5,152.7,142.2,156.4,156.7,154.5,150.0,154.6,156.5,153.6,151.6,138.8,151.3,135.0,143.6,137.8,140.0,140.6,139.2,141.6,142.4,134.1,139.4,152.2,155.2,145.2,154.4,151.0,154.8,141.8,156.4,155.4,150.8,,,,,,,,,,,,,,,,,,,,,,,,,,,,,,,,,,,,,,,,,,,,,,,,,,,,,,,,,,,,,,,,,,,,,,,,,,,,,,,,,,,,,,,,,,,,,,,,,,,,,,,,,,,
MLB3-1:KWH,(                ),,28048236,28048272,28048310,28048336,28048364,28048388,28048418,28048442,28048466,28048490,28048518,28048544,28048566,28048594,28048616,28048644,28048670,28048692,28048716,28048734,28048766,28048786,28048810,28048834,28048856,28048880,28048902,28048930,28048954,28048978,28049000,28049028,28049056,28049082,28049106,28049130,28049144,,,,,,,,,,,,,,,,,,,,,,,,,,,,,,,,,,,,,,,,,,,,,,,,,,,,,,,,,,,,,,,,,,,,,,,,,,,,,,,,,,,,,,,,,,,,,,,,,,,,,,,,,,,
MLB3-1:PF,(                ),,0.97,0.97,0.98,0.96,0.95,0.95,0.95,0.96,0.95,0.95,0.95,0.96,0.96,0.96,0.96,0.96,0.97,0.96,0.95,0.95,0.96,0.96,0.95,0.95,0.95,0.95,0.96,0.95,0.95,0.95,0.95,0.95,0.96,0.95,0.95,0.96,0.95,,,,,,,,,,,,,,,,,,,,,,,,,,,,,,,,,,,,,,,,,,,,,,,,,,,,,,,,,,,,,,,,,,,,,,,,,,,,,,,,,,,,,,,,,,,,,,,,,,,,,,,,,,,
MLB3-1:VRS,(                ),V,384.2,384.5,384.5,385.6,385.5,383.6,383.0,383.0,383.1,383.5,383.7,384.5,384.6,385.0,385.0,385.2,385.8,385.4,385.3,383.5,383.6,384.1,383.8,383.4,383.3,382.9,383.6,383.4,383.3,383.0,382.6,383.2,382.9,382.8,382.7,382.4,382.3,,,,,,,,,,,,,,,,,,,,,,,,,,,,,,,,,,,,,,,,,,,,,,,,,,,,,,,,,,,,,,,,,,,,,,,,,,,,,,,,,,,,,,,,,,,,,,,,,,,,,,,,,,,
MLB3-1:VST,(                ),V,385.0,385.4,385.3,386.1,386.3,384.2,383.5,383.5,383.6,384.0,384.2,385.0,385.0,385.4,385.4,385.5,386.0,385.6,385.6,383.7,383.9,384.4,384.0,383.7,383.5,383.3,383.7,383.6,383.6,383.3,383.0,383.5,383.2,383.0,383.2,382.9,382.7,,,,,,,,,,,,,,,,,,,,,,,,,,,,,,,,,,,,,,,,,,,,,,,,,,,,,,,,,,,,,,,,,,,,,,,,,,,,,,,,,,,,,,,,,,,,,,,,,,,,,,,,,,,
MLB3-1:VTR,(                ),V,384.5,384.5,384.7,385.7,385.8,383.6,383.1,383.3,383.4,383.8,384.0,384.9,384.9,385.1,385.2,385.6,385.8,385.7,385.4,383.5,383.9,384.4,384.1,383.6,383.6,383.2,383.9,383.6,383.7,383.4,383.1,383.4,383.6,383.2,383.1,382.5,382.4,,,,,,,,,,,,,,,,,,,,,,,,,,,,,,,,,,,,,,,,,,,,,,,,,,,,,,,,,,,,,,,,,,,,,,,,,,,,,,,,,,,,,,,,,,,,,,,,,,,,,,,,,,,
MLB4-1:HZ,(                ),Hz,59,60,59,60,59,59,60,59,59,59,59,60,60,60,59,60,60,60,59,60,60,60,60,60,59,59,60,59,59,60,60,59,59,60,60,59,60,,,,,,,,,,,,,,,,,,,,,,,,,,,,,,,,,,,,,,,,,,,,,,,,,,,,,,,,,,,,,,,,,,,,,,,,,,,,,,,,,,,,,,,,,,,,,,,,,,,,,,,,,,,
MLB4-1:IR,(                ),A,203,198,198,210,187,184,176,176,174,173,172,168,159,138,148,153,158,151,152,152,155,147,127,139,157,144,143,126,155,146,148,130,148,155,140,147,139,,,,,,,,,,,,,,,,,,,,,,,,,,,,,,,,,,,,,,,,,,,,,,,,,,,,,,,,,,,,,,,,,,,,,,,,,,,,,,,,,,,,,,,,,,,,,,,,,,,,,,,,,,,
MLB4-1:IS,(                ),A,184,179,184,177,183,183,164,168,159,167,162,182,164,130,140,162,157,126,143,136,141,144,132,127,146,132,131,124,130,174,136,129,137,143,145,145,147,,,,,,,,,,,,,,,,,,,,,,,,,,,,,,,,,,,,,,,,,,,,,,,,,,,,,,,,,,,,,,,,,,,,,,,,,,,,,,,,,,,,,,,,,,,,,,,,,,,,,,,,,,,
MLB4-1:IT,(                ),A,212,212,202,217,197,206,189,170,166,176,176,189,158,146,167,147,154,152,146,146,144,153,149,147,173,155,160,145,147,163,153,141,132,147,164,162,145,,,,,,,,,,,,,,,,,,,,,,,,,,,,,,,,,,,,,,,,,,,,,,,,,,,,,,,,,,,,,,,,,,,,,,,,,,,,,,,,,,,,,,,,,,,,,,,,,,,,,,,,,,,
MLB4-1:KW,(                ),kW,123.4,121.3,121.0,126.1,116.3,116.8,109.2,108.0,102.7,106.8,105.5,110.2,99.7,84.6,92.3,93.1,93.8,86.5,88.8,87.3,87.6,88.6,82.3,84.2,96.1,86.5,87.6,80.0,87.2,97.9,89.1,83.1,83.2,89.4,91.0,92.7,87.6,,,,,,,,,,,,,,,,,,,,,,,,,,,,,,,,,,,,,,,,,,,,,,,,,,,,,,,,,,,,,,,,,,,,,,,,,,,,,,,,,,,,,,,,,,,,,,,,,,,,,,,,,,,
MLB4-1:KWH,(                ),,22663616,22663638,22663658,22663674,22663698,22663716,22663736,22663754,22663772,22663788,22663808,22663826,22663840,22663856,22663870,22663886,22663902,22663916,22663932,22663944,22663962,22663978,22663992,22664006,22664020,22664034,22664050,22664066,22664080,22664094,22664106,22664124,22664138,22664152,22664166,22664184,22664190,,,,,,,,,,,,,,,,,,,,,,,,,,,,,,,,,,,,,,,,,,,,,,,,,,,,,,,,,,,,,,,,,,,,,,,,,,,,,,,,,,,,,,,,,,,,,,,,,,,,,,,,,,,
MLB4-1:PF,(                ),,0.93,0.93,0.93,0.94,0.92,0.92,0.93,0.95,0.93,0.93,0.93,0.92,0.93,0.92,0.91,0.91,0.90,0.91,0.91,0.91,0.90,0.90,0.91,0.92,0.91,0.91,0.91,0.92,0.91,0.92,0.93,0.94,0.90,0.91,0.92,0.93,0.92,,,,,,,,,,,,,,,,,,,,,,,,,,,,,,,,,,,,,,,,,,,,,,,,,,,,,,,,,,,,,,,,,,,,,,,,,,,,,,,,,,,,,,,,,,,,,,,,,,,,,,,,,,,
MLB4-1:VRS,(                ),V,383.7,384.2,384.1,385.0,385.1,383.1,382.4,382.7,382.8,383.1,383.4,383.9,384.3,384.6,384.6,384.6,385.2,385.1,384.9,383.0,383.0,383.6,383.4,383.1,382.8,382.5,383.1,383.2,383.1,382.9,382.5,382.9,382.7,382.2,382.4,382.3,381.9,,,,,,,,,,,,,,,,,,,,,,,,,,,,,,,,,,,,,,,,,,,,,,,,,,,,,,,,,,,,,,,,,,,,,,,,,,,,,,,,,,,,,,,,,,,,,,,,,,,,,,,,,,,
MLB4-1:VST,(                ),V,384.5,385.0,384.8,385.8,385.6,383.7,383.0,383.1,383.2,383.3,383.8,384.1,384.4,384.8,384.9,384.9,385.3,385.3,385.1,383.1,383.2,383.8,383.5,383.3,383.1,382.8,383.2,383.2,383.2,382.8,382.7,383.1,382.8,382.4,382.7,382.5,382.2,,,,,,,,,,,,,,,,,,,,,,,,,,,,,,,,,,,,,,,,,,,,,,,,,,,,,,,,,,,,,,,,,,,,,,,,,,,,,,,,,,,,,,,,,,,,,,,,,,,,,,,,,,,
MLB4-1:VTR,(                ),V,384.0,384.4,384.3,385.3,385.3,383.2,382.7,382.9,383.1,383.3,383.6,384.2,384.5,384.8,384.8,385.1,385.5,385.4,385.1,383.2,383.3,384.0,383.8,383.4,383.1,382.8,383.3,383.4,383.4,383.0,382.9,383.2,383.1,382.5,382.7,382.3,382.2,,,,,,,,,,,,,,,,,,,,,,,,,,,,,,,,,,,,,,,,,,,,,,,,,,,,,,,,,,,,,,,,,,,,,,,,,,,,,,,,,,,,,,,,,,,,,,,,,,,,,,,,,,,
ACMP-1:HZ,(                ),Hz,59,60,59,60,59,59,59,59,59,59,59,60,60,60,59,60,60,60,59,59,60,60,60,60,59,59,60,59,59,60,60,59,59,60,60,59,60,,,,,,,,,,,,,,,,,,,,,,,,,,,,,,,,,,,,,,,,,,,,,,,,,,,,,,,,,,,,,,,,,,,,,,,,,,,,,,,,,,,,,,,,,,,,,,,,,,,,,,,,,,,
ACMP-1:IR,(                ),A,65.7,67.7,69.0,67.1,66.9,67.2,65.7,67.0,67.3,67.5,67.5,67.9,7.2,7.0,7.8,7.8,7.9,7.0,7.1,7.8,7.7,7.1,7.1,7.9,7.8,7.9,7.0,7.0,7.9,7.8,7.2,7.0,7.9,7.8,7.0,7.0,7.1,,,,,,,,,,,,,,,,,,,,,,,,,,,,,,,,,,,,,,,,,,,,,,,,,,,,,,,,,,,,,,,,,,,,,,,,,,,,,,,,,,,,,,,,,,,,,,,,,,,,,,,,,,,
ACMP-1:IS,(                ),A,67,69,67,67,68,65,67,69,65,68,69,68,9,9,11,11,10,9,9,10,11,9,9,11,11,10,9,9,11,10,9,9,11,10,9,9,9,,,,,,,,,,,,,,,,,,,,,,,,,,,,,,,,,,,,,,,,,,,,,,,,,,,,,,,,,,,,,,,,,,,,,,,,,,,,,,,,,,,,,,,,,,,,,,,,,,,,,,,,,,,
ACMP-1:IT,(                ),A,64,67,63,62,67,64,65,64,65,64,64,66,8,6,8,8,6,8,6,6,8,8,6,8,8,6,6,8,8,6,6,8,8,6,6,8,8,,,,,,,,,,,,,,,,,,,,,,,,,,,,,,,,,,,,,,,,,,,,,,,,,,,,,,,,,,,,,,,,,,,,,,,,,,,,,,,,,,,,,,,,,,,,,,,,,,,,,,,,,,,
ACMP-1:KW,(                ),kW,29.0,30.9,29.8,29.3,30.4,29.0,29.5,30.2,29.1,30.0,30.4,30.2,3.7,3.0,4.4,4.4,3.7,3.7,3.0,3.7,4.3,3.8,3.0,4.4,4.4,3.7,3.0,3.7,4.4,3.7,3.1,3.7,4.4,3.7,3.0,3.7,3.7,,,,,,,,,,,,,,,,,,,,,,,,,,,,,,,,,,,,,,,,,,,,,,,,,,,,,,,,,,,,,,,,,,,,,,,,,,,,,,,,,,,,,,,,,,,,,,,,,,,,,,,,,,,
ACMP-1:KWH,(                ),,12383193,12383198,12383203,12383208,12383213,12383218,12383223,12383228,12383233,12383238,12383243,12383248,12383254,12383254,12383254,12383254,12383255,12383256,12383256,12383257,12383258,12383258,12383259,12383259,12383260,12383261,12383261,12383262,12383263,12383263,12383264,12383264,12383265,12383266,12383266,12383267,12383267,,,,,,,,,,,,,,,,,,,,,,,,,,,,,,,,,,,,,,,,,,,,,,,,,,,,,,,,,,,,,,,,,,,,,,,,,,,,,,,,,,,,,,,,,,,,,,,,,,,,,,,,,,,
ACMP-1:PF,(                ),,0.65,0.67,0.66,0.66,0.66,0.65,0.66,0.67,0.65,0.66,0.67,0.66,0.68,0.60,0.73,0.73,0.67,0.67,0.60,0.67,0.73,0.68,0.60,0.73,0.73,0.66,0.60,0.68,0.73,0.66,0.60,0.68,0.72,0.66,0.60,0.68,0.68,,,,,,,,,,,,,,,,,,,,,,,,,,,,,,,,,,,,,,,,,,,,,,,,,,,,,,,,,,,,,,,,,,,,,,,,,,,,,,,,,,,,,,,,,,,,,,,,,,,,,,,,,,,
ACMP-1:VRS,(                ),V,392.8,392.8,392.9,394.1,393.9,391.7,391.3,391.5,391.8,392.2,392.2,392.8,393.2,393.5,393.6,393.8,394.3,394.0,393.7,392.1,392.0,392.9,392.6,392.0,391.9,391.6,392.0,391.8,392.3,391.8,391.4,391.3,391.6,391.2,391.5,391.1,390.6,,,,,,,,,,,,,,,,,,,,,,,,,,,,,,,,,,,,,,,,,,,,,,,,,,,,,,,,,,,,,,,,,,,,,,,,,,,,,,,,,,,,,,,,,,,,,,,,,,,,,,,,,,,
ACMP-1:VST,(                ),V,392.3,393.2,392.5,393.8,394.3,391.9,392.0,391.1,390.9,391.6,392.1,393.0,393.2,393.3,393.3,393.5,394.3,393.6,393.5,391.9,391.8,392.1,392.0,391.7,391.6,391.6,391.4,391.5,392.3,391.8,391.4,390.7,390.6,391.3,390.9,390.7,390.3,,,,,,,,,,,,,,,,,,,,,,,,,,,,,,,,,,,,,,,,,,,,,,,,,,,,,,,,,,,,,,,,,,,,,,,,,,,,,,,,,,,,,,,,,,,,,,,,,,,,,,,,,,,
ACMP-1:VTR,(                ),V,393.5,394.0,393.4,394.6,394.7,392.4,392.0,391.7,391.6,392.3,392.5,393.1,393.4,393.8,393.8,393.8,394.6,394.2,393.9,392.2,392.3,393.0,392.7,392.2,392.1,391.9,392.0,392.0,392.4,391.9,391.7,391.4,391.5,391.5,391.8,391.6,391.0,,,,,,,,,,,,,,,,,,,,,,,,,,,,,,,,,,,,,,,,,,,,,,,,,,,,,,,,,,,,,,,,,,,,,,,,,,,,,,,,,,,,,,,,,,,,,,,,,,,,,,,,,,,
ACMP-2:HZ,(                ),Hz,60,60,59,60,59,59,60,59,59,59,59,60,60,60,59,60,60,60,59,59,60,59,60,60,59,59,60,59,59,60,60,59,59,60,60,59,60,,,,,,,,,,,,,,,,,,,,,,,,,,,,,,,,,,,,,,,,,,,,,,,,,,,,,,,,,,,,,,,,,,,,,,,,,,,,,,,,,,,,,,,,,,,,,,,,,,,,,,,,,,,
ACMP-2:IR,(                ),A,523,588,510,559,501,484,480,471,472,442,486,464,155,115,116,116,116,115,116,115,116,116,116,116,84,85,85,84,85,84,84,84,84,127,127,127,127,,,,,,,,,,,,,,,,,,,,,,,,,,,,,,,,,,,,,,,,,,,,,,,,,,,,,,,,,,,,,,,,,,,,,,,,,,,,,,,,,,,,,,,,,,,,,,,,,,,,,,,,,,,
ACMP-2:IS,(                ),A,537,609,525,579,516,499,493,485,488,455,501,477,152,111,111,111,111,111,112,111,112,111,111,111,79,79,79,79,79,80,80,79,80,125,124,124,125,,,,,,,,,,,,,,,,,,,,,,,,,,,,,,,,,,,,,,,,,,,,,,,,,,,,,,,,,,,,,,,,,,,,,,,,,,,,,,,,,,,,,,,,,,,,,,,,,,,,,,,,,,,
ACMP-2:IT,(                ),A,537,612,525,579,515,497,491,481,485,452,497,471,152,112,112,112,111,112,111,112,111,111,112,112,81,80,80,80,80,80,80,81,81,125,125,125,124,,,,,,,,,,,,,,,,,,,,,,,,,,,,,,,,,,,,,,,,,,,,,,,,,,,,,,,,,,,,,,,,,,,,,,,,,,,,,,,,,,,,,,,,,,,,,,,,,,,,,,,,,,,
ACMP-2:KW,(                ),kW,325.9,373.8,318.5,354.6,312.2,299.5,295.5,288.8,291.0,271.6,302.0,286.6,84.1,63.0,63.2,63.4,63.2,63.1,63.2,62.9,63.0,63.1,63.1,63.0,47.0,47.1,47.1,47.0,47.0,47.2,46.9,47.0,47.1,70.2,70.0,70.2,70.2,,,,,,,,,,,,,,,,,,,,,,,,,,,,,,,,,,,,,,,,,,,,,,,,,,,,,,,,,,,,,,,,,,,,,,,,,,,,,,,,,,,,,,,,,,,,,,,,,,,,,,,,,,,
ACMP-2:KWH,(                ),,19744300,19744362,19744420,19744464,19744530,19744578,19744630,19744680,19744724,19744772,19744826,19744876,19744912,19744924,19744934,19744946,19744956,19744966,19744978,19744986,19744998,19745008,19745020,19745030,19745038,19745046,19745054,19745062,19745068,19745078,19745086,19745094,19745102,19745112,19745124,19745136,19745142,,,,,,,,,,,,,,,,,,,,,,,,,,,,,,,,,,,,,,,,,,,,,,,,,,,,,,,,,,,,,,,,,,,,,,,,,,,,,,,,,,,,,,,,,,,,,,,,,,,,,,,,,,,
ACMP-2:PF,(                ),,0.90,0.92,0.90,0.91,0.90,0.90,0.89,0.89,0.89,0.89,0.90,0.90,0.81,0.82,0.82,0.82,0.82,0.82,0.82,0.82,0.82,0.82,0.82,0.82,0.85,0.85,0.85,0.85,0.85,0.85,0.85,0.85,0.85,0.82,0.82,0.83,0.83,,,,,,,,,,,,,,,,,,,,,,,,,,,,,,,,,,,,,,,,,,,,,,,,,,,,,,,,,,,,,,,,,,,,,,,,,,,,,,,,,,,,,,,,,,,,,,,,,,,,,,,,,,,
ACMP-2:VRS,(                ),V,390.1,390.7,391.2,391.8,392.3,390.0,389.4,389.5,389.4,389.9,390.3,391.0,393.0,393.2,393.5,393.7,394.0,394.2,393.7,391.8,392.0,392.6,392.3,391.9,391.6,391.7,392.1,391.9,392.1,391.7,391.2,391.0,391.4,390.9,391.2,390.8,390.4,,,,,,,,,,,,,,,,,,,,,,,,,,,,,,,,,,,,,,,,,,,,,,,,,,,,,,,,,,,,,,,,,,,,,,,,,,,,,,,,,,,,,,,,,,,,,,,,,,,,,,,,,,,
ACMP-2:VST,(                ),V,392.4,391.6,391.9,392.9,392.2,390.9,390.6,390.3,389.8,390.8,391.8,391.8,393.7,394.1,394.0,394.6,394.7,394.2,394.2,391.7,392.8,392.5,392.5,391.8,392.3,391.7,392.2,392.4,392.6,392.4,392.0,391.8,391.5,391.3,391.5,391.7,391.0,,,,,,,,,,,,,,,,,,,,,,,,,,,,,,,,,,,,,,,,,,,,,,,,,,,,,,,,,,,,,,,,,,,,,,,,,,,,,,,,,,,,,,,,,,,,,,,,,,,,,,,,,,,
ACMP-2:VTR,(                ),V,392.0,390.5,391.7,392.1,391.7,390.6,390.7,389.8,390.4,389.8,391.5,390.7,392.9,393.3,393.6,394.0,394.5,394.0,393.8,391.6,391.9,392.8,392.3,391.9,391.6,392.0,392.2,391.7,392.3,391.9,391.3,391.1,391.3,391.1,391.3,391.3,390.8,,,,,,,,,,,,,,,,,,,,,,,,,,,,,,,,,,,,,,,,,,,,,,,,,,,,,,,,,,,,,,,,,,,,,,,,,,,,,,,,,,,,,,,,,,,,,,,,,,,,,,,,,,,
GCB1:HZ,(                ),Hz,59,60,60,60,59,59,59,59,59,59,59,59,60,60,60,60,60,60,59,60,60,60,60,60,59,60,59,59,60,60,60,59,59,60,60,60,59,,,,,,,,,,,,,,,,,,,,,,,,,,,,,,,,,,,,,,,,,,,,,,,,,,,,,,,,,,,,,,,,,,,,,,,,,,,,,,,,,,,,,,,,,,,,,,,,,,,,,,,,,,,
GCB1:IR,(                ),A,3,3,3,3,3,3,3,3,3,3,3,3,3,3,3,2,3,3,3,2,2,2,3,2,3,3,3,2,2,3,2,3,3,3,3,3,3,,,,,,,,,,,,,,,,,,,,,,,,,,,,,,,,,,,,,,,,,,,,,,,,,,,,,,,,,,,,,,,,,,,,,,,,,,,,,,,,,,,,,,,,,,,,,,,,,,,,,,,,,,,
GCB1:IS,(                ),A,3,3,3,3,3,3,3,3,3,3,3,2,3,3,3,2,3,3,3,2,2,2,2,2,3,3,2,2,2,3,2,3,3,3,3,3,3,,,,,,,,,,,,,,,,,,,,,,,,,,,,,,,,,,,,,,,,,,,,,,,,,,,,,,,,,,,,,,,,,,,,,,,,,,,,,,,,,,,,,,,,,,,,,,,,,,,,,,,,,,,
GCB1:IT,(                ),A,3,3,3,3,3,3,3,3,3,3,3,2,3,3,3,3,3,2,3,2,2,3,3,2,3,3,3,3,2,3,2,2,3,3,3,3,3,,,,,,,,,,,,,,,,,,,,,,,,,,,,,,,,,,,,,,,,,,,,,,,,,,,,,,,,,,,,,,,,,,,,,,,,,,,,,,,,,,,,,,,,,,,,,,,,,,,,,,,,,,,
GCB1:KW,(                ),kW,97.7,94.3,86.0,89.4,89.0,84.6,80.7,86.5,85.5,83.8,86.1,77.9,107.1,84.2,80.6,81.1,83.6,80.2,85.7,76.7,74.1,79.5,80.4,75.7,88.6,84.1,78.9,77.7,78.1,84.6,75.5,79.9,89.8,83.4,95.3,85.0,88.3,,,,,,,,,,,,,,,,,,,,,,,,,,,,,,,,,,,,,,,,,,,,,,,,,,,,,,,,,,,,,,,,,,,,,,,,,,,,,,,,,,,,,,,,,,,,,,,,,,,,,,,,,,,
GCB1:KWH,(                ),,8840572,8840588,8840602,8840616,8840633,8840648,8840662,8840676,8840690,8840702,8840719,8840732,8840746,8840761,8840772,8840788,8840801,8840813,8840829,8840839,8840853,8840867,8840881,8840894,8840908,8840922,8840935,8840949,8840961,8840975,8840987,8841002,8841016,8841030,8841045,8841060,8841066,,,,,,,,,,,,,,,,,,,,,,,,,,,,,,,,,,,,,,,,,,,,,,,,,,,,,,,,,,,,,,,,,,,,,,,,,,,,,,,,,,,,,,,,,,,,,,,,,,,,,,,,,,,
GCB1:PF,(                ),, -0.83, -0.82, -0.84, -0.87, -0.87, -0.87, -0.88, -0.87, -0.85, -0.86, -0.86, -0.86, -0.89, -0.88, -0.86, -0.89, -0.88, -0.87, -0.88, -0.87, -0.87, -0.88, -0.86, -0.87, -0.88, -0.85, -0.86, -0.88, -0.88, -0.87, -0.86, -0.87, -0.84, -0.84, -0.80, -0.80, -0.78,,,,,,,,,,,,,,,,,,,,,,,,,,,,,,,,,,,,,,,,,,,,,,,,,,,,,,,,,,,,,,,,,,,,,,,,,,,,,,,,,,,,,,,,,,,,,,,,,,,,,,,,,,,
GCB1:VRS,(                ),V,21.1,21.1,21.1,21.1,21.1,21.1,21.0,21.1,21.1,21.0,21.1,21.1,21.1,21.1,21.1,21.1,21.1,21.2,21.2,21.1,21.1,21.1,21.1,21.0,21.1,21.0,21.1,21.0,21.1,21.0,21.0,21.0,21.0,21.0,20.9,21.0,21.0,,,,,,,,,,,,,,,,,,,,,,,,,,,,,,,,,,,,,,,,,,,,,,,,,,,,,,,,,,,,,,,,,,,,,,,,,,,,,,,,,,,,,,,,,,,,,,,,,,,,,,,,,,,
GCB1:VST,(                ),V,21.0,21.1,21.1,21.1,21.1,21.1,21.0,21.0,21.1,21.0,21.1,21.0,21.1,21.1,21.1,21.1,21.1,21.1,21.2,21.0,21.1,21.0,21.0,21.0,21.0,20.9,21.0,21.0,21.1,21.0,21.0,21.0,21.0,21.0,20.9,21.0,20.9,,,,,,,,,,,,,,,,,,,,,,,,,,,,,,,,,,,,,,,,,,,,,,,,,,,,,,,,,,,,,,,,,,,,,,,,,,,,,,,,,,,,,,,,,,,,,,,,,,,,,,,,,,,
GCB1:VTR,(                ),V,21.1,21.1,21.2,21.2,21.2,21.1,21.0,21.0,21.1,21.1,21.1,21.1,21.1,21.1,21.1,21.2,21.2,21.2,21.2,21.0,21.1,21.1,21.1,21.1,21.0,21.0,21.1,21.1,21.1,21.0,21.0,21.0,21.0,21.0,21.0,21.0,21.0,,,,,,,,,,,,,,,,,,,,,,,,,,,,,,,,,,,,,,,,,,,,,,,,,,,,,,,,,,,,,,,,,,,,,,,,,,,,,,,,,,,,,,,,,,,,,,,,,,,,,,,,,,,
GCB2:HZ,(                ),Hz,59,59,60,60,59,59,59,59,59,59,59,59,60,60,60,60,60,60,59,59,60,60,60,60,59,59,59,59,60,60,60,59,59,60,60,59,59,,,,,,,,,,,,,,,,,,,,,,,,,,,,,,,,,,,,,,,,,,,,,,,,,,,,,,,,,,,,,,,,,,,,,,,,,,,,,,,,,,,,,,,,,,,,,,,,,,,,,,,,,,,
GCB2:IR,(                ),A,1,1,1,1,1,1,1,1,1,1,1,1,1,1,1,1,1,1,1,1,1,1,1,1,1,1,1,1,1,1,1,1,1,1,1,1,1,,,,,,,,,,,,,,,,,,,,,,,,,,,,,,,,,,,,,,,,,,,,,,,,,,,,,,,,,,,,,,,,,,,,,,,,,,,,,,,,,,,,,,,,,,,,,,,,,,,,,,,,,,,
GCB2:IS,(                ),A,1,1,1,0,0,1,1,1,1,1,0,1,0,1,0,1,1,0,1,1,1,1,0,0,0,0,0,0,0,0,0,0,0,0,0,1,1,,,,,,,,,,,,,,,,,,,,,,,,,,,,,,,,,,,,,,,,,,,,,,,,,,,,,,,,,,,,,,,,,,,,,,,,,,,,,,,,,,,,,,,,,,,,,,,,,,,,,,,,,,,
GCB2:IT,(                ),A,1,1,1,1,1,1,1,1,1,1,1,1,1,1,1,1,1,1,1,1,1,1,1,1,1,1,1,1,1,1,1,1,1,1,1,1,1,,,,,,,,,,,,,,,,,,,,,,,,,,,,,,,,,,,,,,,,,,,,,,,,,,,,,,,,,,,,,,,,,,,,,,,,,,,,,,,,,,,,,,,,,,,,,,,,,,,,,,,,,,,
GCB2:KW,(                ),kW,14.1,14.8,14.8,14.1,14.3,14.3,14.6,14.4,14.5,14.8,14.1,14.6,14.2,14.4,13.9,14.6,14.4,14.0,14.7,14.6,14.7,14.8,14.0,14.2,14.1,14.0,14.2,14.2,14.3,13.7,14.0,14.1,14.0,14.2,14.0,14.6,14.2,,,,,,,,,,,,,,,,,,,,,,,,,,,,,,,,,,,,,,,,,,,,,,,,,,,,,,,,,,,,,,,,,,,,,,,,,,,,,,,,,,,,,,,,,,,,,,,,,,,,,,,,,,,
GCB2:KWH,(                ),,15960320,15960320,15960320,15960330,15960330,15960330,15960330,15960341,15960341,15960341,15960341,15960350,15960350,15960350,15960350,15960360,15960360,15960360,15960360,15960370,15960370,15960370,15960370,15960381,15960381,15960381,15960381,15960381,15960390,15960390,15960390,15960390,15960400,15960400,15960400,15960400,15960410,,,,,,,,,,,,,,,,,,,,,,,,,,,,,,,,,,,,,,,,,,,,,,,,,,,,,,,,,,,,,,,,,,,,,,,,,,,,,,,,,,,,,,,,,,,,,,,,,,,,,,,,,,,
GCB2:PF,(                ),,0.75,0.76,0.78,0.76,0.76,0.75,0.76,0.76,0.76,0.77,0.75,0.76,0.75,0.75,0.74,0.75,0.75,0.74,0.76,0.76,0.76,0.76,0.75,0.75,0.75,0.75,0.76,0.75,0.75,0.74,0.75,0.75,0.75,0.77,0.77,0.77,0.76,,,,,,,,,,,,,,,,,,,,,,,,,,,,,,,,,,,,,,,,,,,,,,,,,,,,,,,,,,,,,,,,,,,,,,,,,,,,,,,,,,,,,,,,,,,,,,,,,,,,,,,,,,,
GCB2:VRS,(                ),V,21.1,21.1,21.2,21.2,21.2,21.1,21.1,21.0,21.0,21.0,21.1,21.1,21.0,21.1,21.1,21.2,21.2,21.1,21.1,21.1,21.1,21.1,21.1,21.0,21.1,21.0,21.0,21.0,21.1,21.1,21.1,21.0,21.0,21.0,20.9,21.0,21.0,,,,,,,,,,,,,,,,,,,,,,,,,,,,,,,,,,,,,,,,,,,,,,,,,,,,,,,,,,,,,,,,,,,,,,,,,,,,,,,,,,,,,,,,,,,,,,,,,,,,,,,,,,,
GCB2:VST,(                ),V,21.1,21.1,21.1,21.1,21.2,21.0,21.0,21.0,21.0,21.0,21.1,21.1,21.1,21.1,21.1,21.1,21.2,21.1,21.1,21.0,21.1,21.1,21.1,21.0,21.0,21.0,21.0,21.0,21.0,21.0,21.0,21.0,21.0,21.0,21.0,21.0,21.0,,,,,,,,,,,,,,,,,,,,,,,,,,,,,,,,,,,,,,,,,,,,,,,,,,,,,,,,,,,,,,,,,,,,,,,,,,,,,,,,,,,,,,,,,,,,,,,,,,,,,,,,,,,
GCB2:VTR,(                ),V,21.1,21.1,21.2,21.2,21.2,21.1,21.1,21.0,21.0,21.1,21.1,21.1,21.1,21.1,21.1,21.2,21.2,21.2,21.1,21.0,21.1,21.2,21.1,21.0,21.1,21.1,21.1,21.1,21.1,21.1,21.1,21.0,21.0,21.0,20.9,21.0,21.0,,,,,,,,,,,,,,,,,,,,,,,,,,,,,,,,,,,,,,,,,,,,,,,,,,,,,,,,,,,,,,,,,,,,,,,,,,,,,,,,,,,,,,,,,,,,,,,,,,,,,,,,,,,
PM:HZ,(                ),Hz,59,59,60,59,59,59,59,59,59,59,59,59,60,60,60,60,60,60,59,60,60,60,60,60,59,59,59,59,60,60,60,59,59,60,60,59,59,,,,,,,,,,,,,,,,,,,,,,,,,,,,,,,,,,,,,,,,,,,,,,,,,,,,,,,,,,,,,,,,,,,,,,,,,,,,,,,,,,,,,,,,,,,,,,,,,,,,,,,,,,,
PM:IR,(                ),A,194,196,183,172,168,163,163,170,166,161,174,162,202,161,159,158,164,158,164,149,152,154,166,160,165,165,166,154,157,164,155,154,177,177,213,197,196,,,,,,,,,,,,,,,,,,,,,,,,,,,,,,,,,,,,,,,,,,,,,,,,,,,,,,,,,,,,,,,,,,,,,,,,,,,,,,,,,,,,,,,,,,,,,,,,,,,,,,,,,,,
PM:IS,(                ),A,188,182,150,150,150,136,135,153,170,143,152,137,184,145,135,123,135,152,135,130,120,125,141,127,158,153,130,118,124,150,124,141,170,152,187,173,191,,,,,,,,,,,,,,,,,,,,,,,,,,,,,,,,,,,,,,,,,,,,,,,,,,,,,,,,,,,,,,,,,,,,,,,,,,,,,,,,,,,,,,,,,,,,,,,,,,,,,,,,,,,
PM:IT,(                ),A,193,178,154,175,173,171,149,163,149,166,156,137,195,154,154,156,156,136,168,148,142,157,139,135,169,160,144,155,148,155,139,152,168,150,182,150,164,,,,,,,,,,,,,,,,,,,,,,,,,,,,,,,,,,,,,,,,,,,,,,,,,,,,,,,,,,,,,,,,,,,,,,,,,,,,,,,,,,,,,,,,,,,,,,,,,,,,,,,,,,,
PM:KW,(                ),kW,115.0,112.4,97.0,96.0,94.3,90.2,84.9,93.3,94.9,91.1,93.3,84.7,108.6,88.0,87.2,82.5,86.4,86.5,89.0,82.0,80.2,83.7,86.4,80.6,93.5,93.2,85.1,81.3,81.3,89.1,81.0,86.1,101.5,94.4,118.0,106.3,114.2,,,,,,,,,,,,,,,,,,,,,,,,,,,,,,,,,,,,,,,,,,,,,,,,,,,,,,,,,,,,,,,,,,,,,,,,,,,,,,,,,,,,,,,,,,,,,,,,,,,,,,,,,,,
PM:KWH,(                ),,14192262,14192282,14192298,14192314,14192331,14192347,14192363,14192377,14192393,14192406,14192424,14192438,14192453,14192469,14192480,14192496,14192509,14192524,14192539,14192550,14192565,14192580,14192595,14192608,14192623,14192638,14192653,14192668,14192680,14192695,14192708,14192724,14192741,14192755,14192774,14192792,14192801,,,,,,,,,,,,,,,,,,,,,,,,,,,,,,,,,,,,,,,,,,,,,,,,,,,,,,,,,,,,,,,,,,,,,,,,,,,,,,,,,,,,,,,,,,,,,,,,,,,,,,,,,,,
PM:PF,(                ),,0.90,0.91,0.89,0.87,0.86,0.86,0.86,0.87,0.88,0.88,0.87,0.88,0.84,0.86,0.87,0.85,0.85,0.87,0.86,0.87,0.87,0.86,0.87,0.87,0.86,0.88,0.87,0.86,0.85,0.86,0.87,0.87,0.89,0.89,0.92,0.92,0.94,,,,,,,,,,,,,,,,,,,,,,,,,,,,,,,,,,,,,,,,,,,,,,,,,,,,,,,,,,,,,,,,,,,,,,,,,,,,,,,,,,,,,,,,,,,,,,,,,,,,,,,,,,,
PM:VRS,(                ),V,384.6,385.1,385.5,385.9,386.1,384.0,383.7,383.7,384.0,384.3,384.6,384.9,385.0,385.4,385.6,385.9,386.2,386.3,386.1,384.0,384.6,385.2,384.3,384.0,383.9,383.9,383.9,384.1,384.1,383.7,383.7,383.7,383.7,383.2,382.5,383.1,382.7,,,,,,,,,,,,,,,,,,,,,,,,,,,,,,,,,,,,,,,,,,,,,,,,,,,,,,,,,,,,,,,,,,,,,,,,,,,,,,,,,,,,,,,,,,,,,,,,,,,,,,,,,,,
PM:VST,(                ),V,385.1,385.8,386.1,386.3,386.4,384.5,384.0,384.0,384.2,384.4,384.9,385.1,385.1,385.5,385.8,386.2,386.3,386.3,386.1,383.9,384.7,385.3,384.4,384.2,383.7,384.1,384.1,384.1,384.2,383.6,383.9,383.6,383.6,383.5,382.5,383.3,382.9,,,,,,,,,,,,,,,,,,,,,,,,,,,,,,,,,,,,,,,,,,,,,,,,,,,,,,,,,,,,,,,,,,,,,,,,,,,,,,,,,,,,,,,,,,,,,,,,,,,,,,,,,,,
PM:VTR,(                ),V,384.6,385.3,385.7,386.0,386.1,384.1,383.9,383.8,384.3,384.3,384.8,385.2,385.1,385.6,385.8,386.2,386.4,386.5,386.0,384.1,384.7,385.3,384.7,384.3,384.0,384.1,384.2,384.2,384.3,383.9,384.0,383.9,383.9,383.5,382.7,383.4,383.1,,,,,,,,,,,,,,,,,,,,,,,,,,,,,,,,,,,,,,,,,,,,,,,,,,,,,,,,,,,,,,,,,,,,,,,,,,,,,,,,,,,,,,,,,,,,,,,,,,,,,,,,,,,
PAC:HZ,(                ),Hz,59,59,60,60,59,59,59,59,59,59,59,59,60,60,60,60,60,60,59,59,60,60,60,60,59,59,59,59,60,60,60,59,59,60,60,59,59,,,,,,,,,,,,,,,,,,,,,,,,,,,,,,,,,,,,,,,,,,,,,,,,,,,,,,,,,,,,,,,,,,,,,,,,,,,,,,,,,,,,,,,,,,,,,,,,,,,,,,,,,,,
PAC:IR,(                ),A,29,29,29,29,29,29,29,29,29,29,29,29,30,29,29,29,30,30,29,29,29,29,28,29,29,29,29,29,30,29,29,29,29,29,29,29,29,,,,,,,,,,,,,,,,,,,,,,,,,,,,,,,,,,,,,,,,,,,,,,,,,,,,,,,,,,,,,,,,,,,,,,,,,,,,,,,,,,,,,,,,,,,,,,,,,,,,,,,,,,,
PAC:IS,(                ),A,29,30,28,25,25,29,29,30,29,30,29,30,30,30,29,30,30,30,29,29,30,29,29,29,29,29,29,29,30,29,29,29,29,25,25,29,30,,,,,,,,,,,,,,,,,,,,,,,,,,,,,,,,,,,,,,,,,,,,,,,,,,,,,,,,,,,,,,,,,,,,,,,,,,,,,,,,,,,,,,,,,,,,,,,,,,,,,,,,,,,
PAC:IT,(                ),A,27,27,27,27,27,27,27,28,27,28,27,28,28,28,27,28,28,28,27,27,28,27,27,27,27,27,27,27,28,27,27,27,27,28,27,27,28,,,,,,,,,,,,,,,,,,,,,,,,,,,,,,,,,,,,,,,,,,,,,,,,,,,,,,,,,,,,,,,,,,,,,,,,,,,,,,,,,,,,,,,,,,,,,,,,,,,,,,,,,,,
PAC:KW,(                ),kW,14.8,14.9,15.1,14.2,13.9,14.8,14.6,15.1,14.8,15.0,14.6,15.0,15.3,15.0,14.9,15.1,15.3,15.2,14.9,14.9,15.1,14.8,14.3,14.8,14.6,14.8,14.7,15.0,15.2,14.8,14.7,14.8,14.8,14.6,14.0,14.3,15.1,,,,,,,,,,,,,,,,,,,,,,,,,,,,,,,,,,,,,,,,,,,,,,,,,,,,,,,,,,,,,,,,,,,,,,,,,,,,,,,,,,,,,,,,,,,,,,,,,,,,,,,,,,,
PAC:KWH,(                ),,17411618,17411620,17411622,17411624,17411626,17411628,17411630,17411632,17411636,17411640,17411642,17411644,17411646,17411650,17411652,17411654,17411656,17411660,17411662,17411664,17411666,17411670,17411672,17411674,17411676,17411678,17411682,17411684,17411686,17411688,17411692,17411694,17411696,17411698,17411702,17411704,17411704,,,,,,,,,,,,,,,,,,,,,,,,,,,,,,,,,,,,,,,,,,,,,,,,,,,,,,,,,,,,,,,,,,,,,,,,,,,,,,,,,,,,,,,,,,,,,,,,,,,,,,,,,,,
PAC:PF,(                ),,0.78,0.78,0.80,0.78,0.78,0.78,0.78,0.79,0.78,0.78,0.78,0.78,0.79,0.78,0.78,0.78,0.79,0.78,0.78,0.79,0.79,0.78,0.77,0.78,0.78,0.78,0.78,0.79,0.79,0.78,0.78,0.78,0.78,0.80,0.79,0.77,0.79,,,,,,,,,,,,,,,,,,,,,,,,,,,,,,,,,,,,,,,,,,,,,,,,,,,,,,,,,,,,,,,,,,,,,,,,,,,,,,,,,,,,,,,,,,,,,,,,,,,,,,,,,,,
PAC:VRS,(                ),V,383.8,384.3,384.7,385.0,385.1,383.2,382.8,382.9,383.0,383.3,383.8,384.0,384.5,384.5,384.8,385.0,385.5,385.4,385.1,383.1,383.7,384.1,383.4,383.3,382.9,382.7,383.0,383.2,383.2,382.9,382.8,382.9,382.9,382.6,381.8,382.2,381.9,,,,,,,,,,,,,,,,,,,,,,,,,,,,,,,,,,,,,,,,,,,,,,,,,,,,,,,,,,,,,,,,,,,,,,,,,,,,,,,,,,,,,,,,,,,,,,,,,,,,,,,,,,,
PAC:VST,(                ),V,384.6,385.0,385.3,385.5,385.6,383.8,383.3,383.3,383.4,383.6,384.1,384.3,384.7,384.8,385.1,385.4,385.6,385.5,385.2,383.1,383.9,384.2,383.6,383.5,383.0,382.9,383.2,383.3,383.3,383.1,383.0,383.0,383.0,382.7,381.9,382.5,382.2,,,,,,,,,,,,,,,,,,,,,,,,,,,,,,,,,,,,,,,,,,,,,,,,,,,,,,,,,,,,,,,,,,,,,,,,,,,,,,,,,,,,,,,,,,,,,,,,,,,,,,,,,,,
PAC:VTR,(                ),V,384.4,384.9,385.2,385.6,385.6,383.7,383.4,383.4,383.7,383.7,384.3,384.6,385.0,385.1,385.3,385.7,386.0,385.9,385.5,383.5,384.2,384.6,384.1,383.9,383.5,383.4,383.7,383.8,383.8,383.5,383.4,383.5,383.5,383.0,382.4,382.7,382.5,,,,,,,,,,,,,,,,,,,,,,,,,,,,,,,,,,,,,,,,,,,,,,,,,,,,,,,,,,,,,,,,,,,,,,,,,,,,,,,,,,,,,,,,,,,,,,,,,,,,,,,,,,,
CH1B1:KWH,(                ),,4433714,4433714,4433714,4433714,4433714,4433714,4433714,4433714,4433714,4433714,4433714,4433714,4433714,4433714,4433714,4433714,4433714,4433714,4433714,4433714,4433714,4433714,4433714,4433714,4433714,4433714,4433714,4433714,4433714,4433714,4433714,4433714,4433714,4433714,4433714,4433714,4433714,,,,,,,,,,,,,,,,,,,,,,,,,,,,,,,,,,,,,,,,,,,,,,,,,,,,,,,,,,,,,,,,,,,,,,,,,,,,,,,,,,,,,,,,,,,,,,,,,,,,,,,,,,,
CH2B1:KWH,(                ),,3323912,3323912,3323912,3323912,3323912,3323912,3323912,3323912,3323912,3323912,3323912,3323912,3323912,3323912,3323912,3323912,3323912,3323912,3323912,3323912,3323912,3323912,3323912,3323912,3323912,3323912,3323912,3323912,3323912,3323912,3323912,3323912,3323912,3323912,3323912,3323912,3323912,,,,,,,,,,,,,,,,,,,,,,,,,,,,,,,,,,,,,,,,,,,,,,,,,,,,,,,,,,,,,,,,,,,,,,,,,,,,,,,,,,,,,,,,,,,,,,,,,,,,,,,,,,,
CHP1B1:KWH,(                ),,313214,313214,313214,313214,313214,313214,313214,313214,313214,313214,313214,313214,313214,313214,313214,313214,313214,313214,313214,313214,313214,313214,313214,313214,313214,313214,313214,313214,313214,313214,313214,313214,313214,313214,313214,313214,313214,,,,,,,,,,,,,,,,,,,,,,,,,,,,,,,,,,,,,,,,,,,,,,,,,,,,,,,,,,,,,,,,,,,,,,,,,,,,,,,,,,,,,,,,,,,,,,,,,,,,,,,,,,,
CHP2B1:KWH,(                ),,259932,259932,259932,259932,259932,259932,259932,259932,259932,259932,259932,259932,259932,259932,259932,259932,259932,259932,259932,259932,259932,259932,259932,259932,259932,259932,259932,259932,259932,259932,259932,259932,259932,259932,259932,259932,259932,,,,,,,,,,,,,,,,,,,,,,,,,,,,,,,,,,,,,,,,,,,,,,,,,,,,,,,,,,,,,,,,,,,,,,,,,,,,,,,,,,,,,,,,,,,,,,,,,,,,,,,,,,,
CHP3B1:KWH,(                ),,4159,4159,4159,4159,4159,4159,4159,4159,4159,4159,4159,4159,4159,4159,4159,4159,4159,4159,4159,4159,4159,4159,4159,4159,4159,4159,4159,4159,4159,4159,4159,4159,4159,4159,4159,4159,4159,,,,,,,,,,,,,,,,,,,,,,,,,,,,,,,,,,,,,,,,,,,,,,,,,,,,,,,,,,,,,,,,,,,,,,,,,,,,,,,,,,,,,,,,,,,,,,,,,,,,,,,,,,,
CT1B1:KW,(                ),kW,8.2,8.2,8.2,8.2,8.2,8.2,8.2,8.2,8.2,8.2,8.2,8.2,8.2,8.2,8.2,8.2,8.2,8.2,8.2,8.2,8.2,8.2,8.2,8.2,8.2,8.2,8.2,8.2,8.2,8.2,8.2,8.2,8.2,8.2,8.2,8.2,8.2,,,,,,,,,,,,,,,,,,,,,,,,,,,,,,,,,,,,,,,,,,,,,,,,,,,,,,,,,,,,,,,,,,,,,,,,,,,,,,,,,,,,,,,,,,,,,,,,,,,,,,,,,,,
CT1B1:KWH,(                ),,244843,244843,244843,244843,244843,244843,244843,244843,244843,244843,244843,244843,244843,244843,244843,244843,244843,244843,244843,244843,244843,244843,244843,244843,244843,244843,244843,244843,244843,244843,244843,244843,244843,244843,244843,244843,244843,,,,,,,,,,,,,,,,,,,,,,,,,,,,,,,,,,,,,,,,,,,,,,,,,,,,,,,,,,,,,,,,,,,,,,,,,,,,,,,,,,,,,,,,,,,,,,,,,,,,,,,,,,,
CT2B1:KW,(                ),kW,0.0,0.0,0.0,0.0,0.0,0.0,0.0,0.0,0.0,0.0,0.0,0.0,0.0,0.0,0.0,0.0,0.0,0.0,0.0,0.0,0.0,0.0,0.0,0.0,0.0,0.0,0.0,0.0,0.0,0.0,0.0,0.0,0.0,0.0,0.0,0.0,0.0,,,,,,,,,,,,,,,,,,,,,,,,,,,,,,,,,,,,,,,,,,,,,,,,,,,,,,,,,,,,,,,,,,,,,,,,,,,,,,,,,,,,,,,,,,,,,,,,,,,,,,,,,,,
CT2B1:KWH,(                ),,111175,111175,111175,111175,111175,111175,111175,111175,111175,111175,111175,111175,111175,111175,111175,111175,111175,111175,111175,111175,111175,111175,111175,111175,111175,111175,111175,111175,111175,111175,111175,111175,111175,111175,111175,111175,111175,,,,,,,,,,,,,,,,,,,,,,,,,,,,,,,,,,,,,,,,,,,,,,,,,,,,,,,,,,,,,,,,,,,,,,,,,,,,,,,,,,,,,,,,,,,,,,,,,,,,,,,,,,,
CWP1B1:KWH,(                ),,839195,839195,839195,839195,839195,839195,839195,839195,839195,839195,839195,839195,839195,839195,839195,839195,839195,839195,839195,839195,839195,839195,839195,839195,839195,839195,839195,839195,839195,839195,839195,839195,839195,839195,839195,839195,839195,,,,,,,,,,,,,,,,,,,,,,,,,,,,,,,,,,,,,,,,,,,,,,,,,,,,,,,,,,,,,,,,,,,,,,,,,,,,,,,,,,,,,,,,,,,,,,,,,,,,,,,,,,,
CWP2B1:KWH,(                ),,705224,705224,705224,705224,705224,705224,705224,705224,705224,705224,705224,705224,705224,705224,705224,705224,705224,705224,705224,705224,705224,705224,705224,705224,705224,705224,705224,705224,705224,705224,705224,705224,705224,705224,705224,705224,705224,,,,,,,,,,,,,,,,,,,,,,,,,,,,,,,,,,,,,,,,,,,,,,,,,,,,,,,,,,,,,,,,,,,,,,,,,,,,,,,,,,,,,,,,,,,,,,,,,,,,,,,,,,,
CWP3B1:KWH,(                ),,10,10,10,10,10,10,10,10,10,10,10,10,10,10,10,10,10,10,10,10,10,10,10,10,10,10,10,10,10,10,10,10,10,10,10,10,10,,,,,,,,,,,,,,,,,,,,,,,,,,,,,,,,,,,,,,,,,,,,,,,,,,,,,,,,,,,,,,,,,,,,,,,,,,,,,,,,,,,,,,,,,,,,,,,,,,,,,,,,,,,
CH1F7.KWH,(度數            ),kW h,570743,570743,570743,570743,570743,570743,570743,570743,570743,570743,570743,570743,570743,570743,570743,570743,570743,570743,570743,570743,570743,570743,570743,570743,570743,570743,570743,570743,570743,570743,570743,570743,570743,570743,570743,570743,570743,,,,,,,,,,,,,,,,,,,,,,,,,,,,,,,,,,,,,,,,,,,,,,,,,,,,,,,,,,,,,,,,,,,,,,,,,,,,,,,,,,,,,,,,,,,,,,,,,,,,,,,,,,,
CH2F7:KWH,(                ),,3647621,3647621,3647621,3647621,3647621,3647621,3647621,3647621,3647621,3647621,3647621,3647621,3647621,3647621,3647621,3647622,3647622,3647622,3647622,3647622,3647622,3647622,3647622,3647622,3647622,3647622,3647622,3647623,3647623,3647623,3647623,3647623,3647623,3647623,3647623,3647623,3647623,,,,,,,,,,,,,,,,,,,,,,,,,,,,,,,,,,,,,,,,,,,,,,,,,,,,,,,,,,,,,,,,,,,,,,,,,,,,,,,,,,,,,,,,,,,,,,,,,,,,,,,,,,,
CH3F7:KWH,(                ),,1612130,1612130,1612130,1612130,1612130,1612130,1612130,1612130,1612130,1612130,1612130,1612131,1612131,1612131,1612131,1612131,1612131,1612131,1612131,1612131,1612131,1612131,1612131,1612131,1612131,1612131,1612131,1612131,1612131,1612132,1612132,1612132,1612132,1612132,1612132,1612132,1612132,,,,,,,,,,,,,,,,,,,,,,,,,,,,,,,,,,,,,,,,,,,,,,,,,,,,,,,,,,,,,,,,,,,,,,,,,,,,,,,,,,,,,,,,,,,,,,,,,,,,,,,,,,,
CH4F7.KWH,(度數            ),kW h,612630,612662,612691,612721,612749,612773,612797,612820,612842,612864,612890,612914,612927,612927,612927,612927,612927,612927,612927,612927,612927,612927,612927,612927,612927,612927,612927,612927,612927,612927,612927,612927,612927,612927,612927,612927,612927,,,,,,,,,,,,,,,,,,,,,,,,,,,,,,,,,,,,,,,,,,,,,,,,,,,,,,,,,,,,,,,,,,,,,,,,,,,,,,,,,,,,,,,,,,,,,,,,,,,,,,,,,,,
CH5F7.KWH,(度數            ),kW h,615301,615301,615301,615301,615301,615301,615301,615301,615301,615301,615301,615301,615301,615301,615301,615301,615301,615301,615301,615301,615301,615301,615301,615301,615301,615301,615301,615301,615301,615301,615301,615301,615301,615301,615301,615301,615301,,,,,,,,,,,,,,,,,,,,,,,,,,,,,,,,,,,,,,,,,,,,,,,,,,,,,,,,,,,,,,,,,,,,,,,,,,,,,,,,,,,,,,,,,,,,,,,,,,,,,,,,,,,
CHP1F7:KWH,(                ),,534165,534165,534165,534165,534165,534165,534165,534165,534165,534165,534165,534165,534165,534165,534165,534165,534165,534165,534165,534165,534165,534165,534165,534165,534165,534165,534165,534165,534165,534165,534165,534165,534165,534165,534165,534165,534165,,,,,,,,,,,,,,,,,,,,,,,,,,,,,,,,,,,,,,,,,,,,,,,,,,,,,,,,,,,,,,,,,,,,,,,,,,,,,,,,,,,,,,,,,,,,,,,,,,,,,,,,,,,
CHP2F7:KWH,(                ),,241383,241383,241383,241383,241383,241383,241383,241383,241383,241383,241383,241383,241383,241383,241383,241383,241383,241383,241383,241383,241383,241383,241383,241383,241383,241383,241383,241383,241383,241383,241383,241383,241383,241383,241383,241383,241383,,,,,,,,,,,,,,,,,,,,,,,,,,,,,,,,,,,,,,,,,,,,,,,,,,,,,,,,,,,,,,,,,,,,,,,,,,,,,,,,,,,,,,,,,,,,,,,,,,,,,,,,,,,
CHP3F7:KWH,(                ),,122107,122107,122107,122107,122107,122107,122107,122107,122107,122107,122107,122107,122107,122107,122107,122107,122107,122107,122107,122107,122107,122107,122107,122107,122107,122107,122107,122107,122107,122107,122107,122107,122107,122107,122107,122107,122107,,,,,,,,,,,,,,,,,,,,,,,,,,,,,,,,,,,,,,,,,,,,,,,,,,,,,,,,,,,,,,,,,,,,,,,,,,,,,,,,,,,,,,,,,,,,,,,,,,,,,,,,,,,
CHP4F7:KWH,(                ),,522997,523002,523007,523013,523018,523023,523028,523033,523039,523043,523049,523054,523059,523059,523059,523059,523059,523059,523059,523059,523059,523059,523059,523059,523059,523059,523059,523059,523059,523059,523059,523059,523059,523059,523059,523059,523059,,,,,,,,,,,,,,,,,,,,,,,,,,,,,,,,,,,,,,,,,,,,,,,,,,,,,,,,,,,,,,,,,,,,,,,,,,,,,,,,,,,,,,,,,,,,,,,,,,,,,,,,,,,
CHP5F7:KWH,(                ),,541841,541841,541841,541841,541841,541841,541841,541841,541841,541841,541841,541841,541841,541841,541841,541841,541841,541841,541841,541841,541841,541841,541841,541841,541841,541841,541841,541841,541841,541841,541841,541841,541841,541841,541841,541841,541841,,,,,,,,,,,,,,,,,,,,,,,,,,,,,,,,,,,,,,,,,,,,,,,,,,,,,,,,,,,,,,,,,,,,,,,,,,,,,,,,,,,,,,,,,,,,,,,,,,,,,,,,,,,
CWP1F7:KWH,(                ),,538081,538081,538081,538081,538081,538081,538081,538081,538081,538081,538081,538081,538081,538081,538081,538081,538081,538081,538081,538081,538081,538081,538081,538081,538081,538081,538081,538081,538081,538081,538081,538081,538081,538081,538081,538081,538081,,,,,,,,,,,,,,,,,,,,,,,,,,,,,,,,,,,,,,,,,,,,,,,,,,,,,,,,,,,,,,,,,,,,,,,,,,,,,,,,,,,,,,,,,,,,,,,,,,,,,,,,,,,
CWP2F7:KWH,(                ),,272500,272500,272500,272500,272500,272500,272500,272500,272500,272500,272500,272500,272500,272500,272500,272500,272500,272500,272500,272500,272500,272500,272500,272500,272500,272500,272500,272500,272500,272500,272500,272500,272500,272500,272500,272500,272500,,,,,,,,,,,,,,,,,,,,,,,,,,,,,,,,,,,,,,,,,,,,,,,,,,,,,,,,,,,,,,,,,,,,,,,,,,,,,,,,,,,,,,,,,,,,,,,,,,,,,,,,,,,
CWP3F7:KWH,(                ),,147106,147106,147106,147106,147106,147106,147106,147106,147106,147106,147106,147106,147106,147106,147106,147106,147106,147106,147106,147106,147106,147106,147106,147106,147106,147106,147106,147106,147106,147106,147106,147106,147106,147106,147106,147106,147106,,,,,,,,,,,,,,,,,,,,,,,,,,,,,,,,,,,,,,,,,,,,,,,,,,,,,,,,,,,,,,,,,,,,,,,,,,,,,,,,,,,,,,,,,,,,,,,,,,,,,,,,,,,
CWP4F7:KWH,(                ),,577616,577621,577626,577631,577636,577641,577646,577651,577656,577660,577666,577670,577675,577675,577675,577675,577675,577675,577675,577675,577675,577675,577675,577675,577675,577675,577675,577675,577675,577675,577675,577675,577675,577675,577675,577675,577675,,,,,,,,,,,,,,,,,,,,,,,,,,,,,,,,,,,,,,,,,,,,,,,,,,,,,,,,,,,,,,,,,,,,,,,,,,,,,,,,,,,,,,,,,,,,,,,,,,,,,,,,,,,
CWP5F7:KWH,(                ),,638304,638304,638304,638304,638304,638304,638304,638304,638304,638304,638304,638304,638304,638304,638304,638304,638304,638304,638304,638304,638304,638304,638304,638304,638304,638304,638304,638304,638304,638304,638304,638304,638304,638304,638304,638304,638304,,,,,,,,,,,,,,,,,,,,,,,,,,,,,,,,,,,,,,,,,,,,,,,,,,,,,,,,,,,,,,,,,,,,,,,,,,,,,,,,,,,,,,,,,,,,,,,,,,,,,,,,,,,
CT1-1.KWH,(度數            ),kW h,10922,10922,10922,10922,10922,10922,10922,10922,10922,10922,10922,10922,10922,10922,10922,10922,10922,10922,10922,10922,10922,10922,10922,10922,10922,10922,10922,10922,10922,10922,10922,10922,10922,10922,10922,10922,10922,,,,,,,,,,,,,,,,,,,,,,,,,,,,,,,,,,,,,,,,,,,,,,,,,,,,,,,,,,,,,,,,,,,,,,,,,,,,,,,,,,,,,,,,,,,,,,,,,,,,,,,,,,,
CT1-1:KW,(                ),kW,0.0,0.0,0.0,0.0,0.0,0.0,0.0,0.0,0.0,0.0,0.0,0.0,0.0,0.0,0.0,0.0,0.0,0.0,0.0,0.0,0.0,0.0,0.0,0.0,0.0,0.0,0.0,0.0,0.0,0.0,0.0,0.0,0.0,0.0,0.0,0.0,0.0,,,,,,,,,,,,,,,,,,,,,,,,,,,,,,,,,,,,,,,,,,,,,,,,,,,,,,,,,,,,,,,,,,,,,,,,,,,,,,,,,,,,,,,,,,,,,,,,,,,,,,,,,,,
CT1-2.KWH,(度數            ),kW h,13310,13310,13310,13310,13310,13310,13310,13310,13310,13310,13310,13310,13310,13310,13310,13310,13310,13310,13310,13310,13310,13310,13310,13310,13310,13310,13310,13310,13310,13310,13310,13310,13310,13310,13310,13310,13310,,,,,,,,,,,,,,,,,,,,,,,,,,,,,,,,,,,,,,,,,,,,,,,,,,,,,,,,,,,,,,,,,,,,,,,,,,,,,,,,,,,,,,,,,,,,,,,,,,,,,,,,,,,
CT1-2:KW,(                ),kW,0.0,0.0,0.0,0.0,0.0,0.0,0.0,0.0,0.0,0.0,0.0,0.0,0.0,0.0,0.0,0.0,0.0,0.0,0.0,0.0,0.0,0.0,0.0,0.0,0.0,0.0,0.0,0.0,0.0,0.0,0.0,0.0,0.0,0.0,0.0,0.0,0.0,,,,,,,,,,,,,,,,,,,,,,,,,,,,,,,,,,,,,,,,,,,,,,,,,,,,,,,,,,,,,,,,,,,,,,,,,,,,,,,,,,,,,,,,,,,,,,,,,,,,,,,,,,,
CT1-3.KWH,(度數            ),kW h,10620,10620,10620,10620,10620,10620,10620,10620,10620,10620,10620,10620,10620,10620,10620,10620,10620,10620,10620,10620,10620,10620,10620,10620,10620,10620,10620,10620,10620,10620,10620,10620,10620,10620,10620,10620,10620,,,,,,,,,,,,,,,,,,,,,,,,,,,,,,,,,,,,,,,,,,,,,,,,,,,,,,,,,,,,,,,,,,,,,,,,,,,,,,,,,,,,,,,,,,,,,,,,,,,,,,,,,,,
CT1-3:KW,(                ),kW,0.0,0.0,0.0,0.0,0.0,0.0,0.0,0.0,0.0,0.0,0.0,0.0,0.0,0.0,0.0,0.0,0.0,0.0,0.0,0.0,0.0,0.0,0.0,0.0,0.0,0.0,0.0,0.0,0.0,0.0,0.0,0.0,0.0,0.0,0.0,0.0,0.0,,,,,,,,,,,,,,,,,,,,,,,,,,,,,,,,,,,,,,,,,,,,,,,,,,,,,,,,,,,,,,,,,,,,,,,,,,,,,,,,,,,,,,,,,,,,,,,,,,,,,,,,,,,
CT1-4.KWH,(度數            ),kW h,13615,13615,13615,13615,13615,13615,13615,13615,13615,13615,13615,13615,13615,13615,13615,13615,13615,13615,13615,13615,13615,13615,13615,13615,13615,13615,13615,13615,13615,13615,13615,13615,13615,13615,13615,13615,13615,,,,,,,,,,,,,,,,,,,,,,,,,,,,,,,,,,,,,,,,,,,,,,,,,,,,,,,,,,,,,,,,,,,,,,,,,,,,,,,,,,,,,,,,,,,,,,,,,,,,,,,,,,,
CT1-4:KW,(                ),kW,0.0,0.0,0.0,0.0,0.0,0.0,0.0,0.0,0.0,0.0,0.0,0.0,0.0,0.0,0.0,0.0,0.0,0.0,0.0,0.0,0.0,0.0,0.0,0.0,0.0,0.0,0.0,0.0,0.0,0.0,0.0,0.0,0.0,0.0,0.0,0.0,0.0,,,,,,,,,,,,,,,,,,,,,,,,,,,,,,,,,,,,,,,,,,,,,,,,,,,,,,,,,,,,,,,,,,,,,,,,,,,,,,,,,,,,,,,,,,,,,,,,,,,,,,,,,,,
CT1-ALL.KW,(冷卻水塔系統功率),,0.0,0.0,0.0,0.0,0.0,0.0,0.0,0.0,0.0,0.0,0.0,0.0,0.0,0.0,0.0,0.0,0.0,0.0,0.0,0.0,0.0,0.0,0.0,0.0,0.0,0.0,0.0,0.0,0.0,0.0,0.0,0.0,0.0,0.0,0.0,0.0,0.0,,,,,,,,,,,,,,,,,,,,,,,,,,,,,,,,,,,,,,,,,,,,,,,,,,,,,,,,,,,,,,,,,,,,,,,,,,,,,,,,,,,,,,,,,,,,,,,,,,,,,,,,,,,
CT1-ALL.KWH,(度數            ),kW h,48468,48468,48468,48468,48468,48468,48468,48468,48468,48468,48468,48468,48468,48468,48468,48468,48468,48468,48468,48468,48468,48468,48468,48468,48468,48468,48468,48468,48468,48468,48468,48468,48468,48468,48468,48468,48468,,,,,,,,,,,,,,,,,,,,,,,,,,,,,,,,,,,,,,,,,,,,,,,,,,,,,,,,,,,,,,,,,,,,,,,,,,,,,,,,,,,,,,,,,,,,,,,,,,,,,,,,,,,
CT2-1.KWH,(度數            ),kW h,11746,11746,11746,11746,11746,11746,11746,11746,11746,11746,11746,11746,11746,11746,11746,11746,11746,11746,11746,11746,11746,11746,11746,11746,11746,11746,11746,11746,11746,11746,11746,11746,11746,11746,11746,11746,11746,,,,,,,,,,,,,,,,,,,,,,,,,,,,,,,,,,,,,,,,,,,,,,,,,,,,,,,,,,,,,,,,,,,,,,,,,,,,,,,,,,,,,,,,,,,,,,,,,,,,,,,,,,,
CT2-1:KW,(                ),kW,0.0,0.0,0.0,0.0,0.0,0.0,0.0,0.0,0.0,0.0,0.0,0.0,0.0,0.0,0.0,0.0,0.0,0.0,0.0,0.0,0.0,0.0,0.0,0.0,0.0,0.0,0.0,0.0,0.0,0.0,0.0,0.0,0.0,0.0,0.0,0.0,0.0,,,,,,,,,,,,,,,,,,,,,,,,,,,,,,,,,,,,,,,,,,,,,,,,,,,,,,,,,,,,,,,,,,,,,,,,,,,,,,,,,,,,,,,,,,,,,,,,,,,,,,,,,,,
CT2-2.KWH,(度數            ),kW h,11419,11419,11419,11419,11419,11419,11419,11419,11419,11419,11419,11419,11419,11419,11419,11419,11419,11419,11419,11419,11419,11419,11419,11419,11419,11419,11419,11419,11419,11419,11419,11419,11419,11419,11419,11419,11419,,,,,,,,,,,,,,,,,,,,,,,,,,,,,,,,,,,,,,,,,,,,,,,,,,,,,,,,,,,,,,,,,,,,,,,,,,,,,,,,,,,,,,,,,,,,,,,,,,,,,,,,,,,
CT2-2:KW,(                ),kW,0.0,0.0,0.0,0.0,0.0,0.0,0.0,0.0,0.0,0.0,0.0,0.0,0.0,0.0,0.0,0.0,0.0,0.0,0.0,0.0,0.0,0.0,0.0,0.0,0.0,0.0,0.0,0.0,0.0,0.0,0.0,0.0,0.0,0.0,0.0,0.0,0.0,,,,,,,,,,,,,,,,,,,,,,,,,,,,,,,,,,,,,,,,,,,,,,,,,,,,,,,,,,,,,,,,,,,,,,,,,,,,,,,,,,,,,,,,,,,,,,,,,,,,,,,,,,,
CT2-3.KWH,(度數            ),kW h,11236,11236,11236,11236,11236,11236,11236,11236,11236,11236,11236,11236,11236,11236,11236,11236,11236,11236,11236,11236,11236,11236,11236,11236,11236,11236,11236,11236,11236,11236,11236,11236,11236,11236,11236,11236,11236,,,,,,,,,,,,,,,,,,,,,,,,,,,,,,,,,,,,,,,,,,,,,,,,,,,,,,,,,,,,,,,,,,,,,,,,,,,,,,,,,,,,,,,,,,,,,,,,,,,,,,,,,,,
CT2-3:KW,(                ),kW,0.0,0.0,0.0,0.0,0.0,0.0,0.0,0.0,0.0,0.0,0.0,0.0,0.0,0.0,0.0,0.0,0.0,0.0,0.0,0.0,0.0,0.0,0.0,0.0,0.0,0.0,0.0,0.0,0.0,0.0,0.0,0.0,0.0,0.0,0.0,0.0,0.0,,,,,,,,,,,,,,,,,,,,,,,,,,,,,,,,,,,,,,,,,,,,,,,,,,,,,,,,,,,,,,,,,,,,,,,,,,,,,,,,,,,,,,,,,,,,,,,,,,,,,,,,,,,
CT2-4.KWH,(度數            ),kW h,11576,11576,11576,11576,11576,11576,11576,11576,11576,11576,11576,11576,11576,11576,11576,11576,11576,11576,11576,11576,11576,11576,11576,11576,11576,11576,11576,11576,11576,11576,11576,11576,11576,11576,11576,11576,11576,,,,,,,,,,,,,,,,,,,,,,,,,,,,,,,,,,,,,,,,,,,,,,,,,,,,,,,,,,,,,,,,,,,,,,,,,,,,,,,,,,,,,,,,,,,,,,,,,,,,,,,,,,,
CT2-4:KW,(                ),kW,0.0,0.0,0.0,0.0,0.0,0.0,0.0,0.0,0.0,0.0,0.0,0.0,0.0,0.0,0.0,0.0,0.0,0.0,0.0,0.0,0.0,0.0,0.0,0.0,0.0,0.0,0.0,0.0,0.0,0.0,0.0,0.0,0.0,0.0,0.0,0.0,0.0,,,,,,,,,,,,,,,,,,,,,,,,,,,,,,,,,,,,,,,,,,,,,,,,,,,,,,,,,,,,,,,,,,,,,,,,,,,,,,,,,,,,,,,,,,,,,,,,,,,,,,,,,,,
CT2-ALL.KW,(冷卻水塔系統功率),,0.0,0.0,0.0,0.0,0.0,0.0,0.0,0.0,0.0,0.0,0.0,0.0,0.0,0.0,0.0,0.0,0.0,0.0,0.0,0.0,0.0,0.0,0.0,0.0,0.0,0.0,0.0,0.0,0.0,0.0,0.0,0.0,0.0,0.0,0.0,0.0,0.0,,,,,,,,,,,,,,,,,,,,,,,,,,,,,,,,,,,,,,,,,,,,,,,,,,,,,,,,,,,,,,,,,,,,,,,,,,,,,,,,,,,,,,,,,,,,,,,,,,,,,,,,,,,
CT2-ALL.KWH,(度數            ),kW h,45978,45978,45978,45978,45978,45978,45978,45978,45978,45978,45978,45978,45978,45978,45978,45978,45978,45978,45978,45978,45978,45978,45978,45978,45978,45978,45978,45978,45978,45978,45978,45978,45978,45978,45978,45978,45978,,,,,,,,,,,,,,,,,,,,,,,,,,,,,,,,,,,,,,,,,,,,,,,,,,,,,,,,,,,,,,,,,,,,,,,,,,,,,,,,,,,,,,,,,,,,,,,,,,,,,,,,,,,
CT3-1.KWH,(度數            ),kW h,6486,6486,6486,6486,6486,6486,6486,6486,6486,6486,6486,6486,6486,6486,6486,6486,6486,6486,6486,6486,6486,6486,6486,6486,6486,6486,6486,6486,6486,6486,6486,6486,6486,6486,6486,6486,6486,,,,,,,,,,,,,,,,,,,,,,,,,,,,,,,,,,,,,,,,,,,,,,,,,,,,,,,,,,,,,,,,,,,,,,,,,,,,,,,,,,,,,,,,,,,,,,,,,,,,,,,,,,,
CT3-1:KW,(                ),kW,0.0,0.0,0.0,0.0,0.0,0.0,0.0,0.0,0.0,0.0,0.0,0.0,0.0,0.0,0.0,0.0,0.0,0.0,0.0,0.0,0.0,0.0,0.0,0.0,0.0,0.0,0.0,0.0,0.0,0.0,0.0,0.0,0.0,0.0,0.0,0.0,0.0,,,,,,,,,,,,,,,,,,,,,,,,,,,,,,,,,,,,,,,,,,,,,,,,,,,,,,,,,,,,,,,,,,,,,,,,,,,,,,,,,,,,,,,,,,,,,,,,,,,,,,,,,,,
CT3-2.KWH,(度數            ),kW h,7292,7292,7292,7292,7292,7292,7292,7292,7292,7292,7292,7292,7292,7292,7292,7292,7292,7292,7292,7292,7292,7292,7292,7292,7292,7292,7292,7292,7292,7292,7292,7292,7292,7292,7292,7292,7292,,,,,,,,,,,,,,,,,,,,,,,,,,,,,,,,,,,,,,,,,,,,,,,,,,,,,,,,,,,,,,,,,,,,,,,,,,,,,,,,,,,,,,,,,,,,,,,,,,,,,,,,,,,
CT3-2:KW,(                ),kW,0.0,0.0,0.0,0.0,0.0,0.0,0.0,0.0,0.0,0.0,0.0,0.0,0.0,0.0,0.0,0.0,0.0,0.0,0.0,0.0,0.0,0.0,0.0,0.0,0.0,0.0,0.0,0.0,0.0,0.0,0.0,0.0,0.0,0.0,0.0,0.0,0.0,,,,,,,,,,,,,,,,,,,,,,,,,,,,,,,,,,,,,,,,,,,,,,,,,,,,,,,,,,,,,,,,,,,,,,,,,,,,,,,,,,,,,,,,,,,,,,,,,,,,,,,,,,,
CT3-3.KWH,(度數            ),kW h,7634,7634,7634,7634,7634,7634,7634,7634,7634,7634,7634,7634,7634,7634,7634,7634,7634,7634,7634,7634,7634,7634,7634,7634,7634,7634,7634,7634,7634,7634,7634,7634,7634,7634,7634,7634,7634,,,,,,,,,,,,,,,,,,,,,,,,,,,,,,,,,,,,,,,,,,,,,,,,,,,,,,,,,,,,,,,,,,,,,,,,,,,,,,,,,,,,,,,,,,,,,,,,,,,,,,,,,,,
CT3-3:KW,(                ),kW,0.0,0.0,0.0,0.0,0.0,0.0,0.0,0.0,0.0,0.0,0.0,0.0,0.0,0.0,0.0,0.0,0.0,0.0,0.0,0.0,0.0,0.0,0.0,0.0,0.0,0.0,0.0,0.0,0.0,0.0,0.0,0.0,0.0,0.0,0.0,0.0,0.0,,,,,,,,,,,,,,,,,,,,,,,,,,,,,,,,,,,,,,,,,,,,,,,,,,,,,,,,,,,,,,,,,,,,,,,,,,,,,,,,,,,,,,,,,,,,,,,,,,,,,,,,,,,
CT3-4.KWH,(度數            ),kW h,7693,7693,7693,7693,7693,7693,7693,7693,7693,7693,7693,7693,7693,7693,7693,7693,7693,7693,7693,7693,7693,7693,7693,7693,7693,7693,7693,7693,7693,7693,7693,7693,7693,7693,7693,7693,7693,,,,,,,,,,,,,,,,,,,,,,,,,,,,,,,,,,,,,,,,,,,,,,,,,,,,,,,,,,,,,,,,,,,,,,,,,,,,,,,,,,,,,,,,,,,,,,,,,,,,,,,,,,,
CT3-4:KW,(                ),kW,0.0,0.0,0.0,0.0,0.0,0.0,0.0,0.0,0.0,0.0,0.0,0.0,0.0,0.0,0.0,0.0,0.0,0.0,0.0,0.0,0.0,0.0,0.0,0.0,0.0,0.0,0.0,0.0,0.0,0.0,0.0,0.0,0.0,0.0,0.0,0.0,0.0,,,,,,,,,,,,,,,,,,,,,,,,,,,,,,,,,,,,,,,,,,,,,,,,,,,,,,,,,,,,,,,,,,,,,,,,,,,,,,,,,,,,,,,,,,,,,,,,,,,,,,,,,,,
CT3-ALL.KW,(冷卻水塔系統功率),,0.0,0.0,0.0,0.0,0.0,0.0,0.0,0.0,0.0,0.0,0.0,0.0,0.0,0.0,0.0,0.0,0.0,0.0,0.0,0.0,0.0,0.0,0.0,0.0,0.0,0.0,0.0,0.0,0.0,0.0,0.0,0.0,0.0,0.0,0.0,0.0,0.0,,,,,,,,,,,,,,,,,,,,,,,,,,,,,,,,,,,,,,,,,,,,,,,,,,,,,,,,,,,,,,,,,,,,,,,,,,,,,,,,,,,,,,,,,,,,,,,,,,,,,,,,,,,
CT3-ALL.KWH,(度數            ),kW h,29107,29107,29107,29107,29107,29107,29107,29107,29107,29107,29107,29107,29107,29107,29107,29107,29107,29107,29107,29107,29107,29107,29107,29107,29107,29107,29107,29107,29107,29107,29107,29107,29107,29107,29107,29107,29107,,,,,,,,,,,,,,,,,,,,,,,,,,,,,,,,,,,,,,,,,,,,,,,,,,,,,,,,,,,,,,,,,,,,,,,,,,,,,,,,,,,,,,,,,,,,,,,,,,,,,,,,,,,
CT4-1.KWH,(度數            ),kW h,12735,12736,12737,12738,12739,12741,12742,12743,12744,12745,12746,12747,12748,12748,12748,12748,12748,12748,12748,12748,12748,12748,12748,12748,12748,12748,12748,12748,12748,12748,12748,12748,12748,12748,12748,12748,12748,,,,,,,,,,,,,,,,,,,,,,,,,,,,,,,,,,,,,,,,,,,,,,,,,,,,,,,,,,,,,,,,,,,,,,,,,,,,,,,,,,,,,,,,,,,,,,,,,,,,,,,,,,,
CT4-1:KW,(                ),kW,6.7,6.5,6.6,6.6,6.6,6.6,6.7,6.7,6.6,6.6,6.5,6.6,0.0,0.0,0.0,0.0,0.0,0.0,0.0,0.0,0.0,0.0,0.0,0.0,0.0,0.0,0.0,0.0,0.0,0.0,0.0,0.0,0.0,0.0,0.0,0.0,0.0,,,,,,,,,,,,,,,,,,,,,,,,,,,,,,,,,,,,,,,,,,,,,,,,,,,,,,,,,,,,,,,,,,,,,,,,,,,,,,,,,,,,,,,,,,,,,,,,,,,,,,,,,,,
CT4-2.KWH,(度數            ),kW h,7968,7968,7969,7970,7970,7971,7971,7972,7972,7973,7973,7974,7975,7975,7975,7975,7975,7975,7975,7975,7975,7975,7975,7975,7975,7975,7975,7975,7975,7975,7975,7975,7975,7975,7975,7975,7975,,,,,,,,,,,,,,,,,,,,,,,,,,,,,,,,,,,,,,,,,,,,,,,,,,,,,,,,,,,,,,,,,,,,,,,,,,,,,,,,,,,,,,,,,,,,,,,,,,,,,,,,,,,
CT4-2:KW,(                ),kW,3.3,3.2,3.4,3.4,3.3,3.4,3.4,3.4,3.4,3.3,3.4,3.2,0.0,0.0,0.0,0.0,0.0,0.0,0.0,0.0,0.0,0.0,0.0,0.0,0.0,0.0,0.0,0.0,0.0,0.0,0.0,0.0,0.0,0.0,0.0,0.0,0.0,,,,,,,,,,,,,,,,,,,,,,,,,,,,,,,,,,,,,,,,,,,,,,,,,,,,,,,,,,,,,,,,,,,,,,,,,,,,,,,,,,,,,,,,,,,,,,,,,,,,,,,,,,,
CT4-3.KWH,(度數            ),kW h,12054,12055,12056,12057,12058,12059,12060,12061,12062,12063,12064,12065,12067,12067,12067,12067,12067,12067,12067,12067,12067,12067,12067,12067,12067,12067,12067,12067,12067,12067,12067,12067,12067,12067,12067,12067,12067,,,,,,,,,,,,,,,,,,,,,,,,,,,,,,,,,,,,,,,,,,,,,,,,,,,,,,,,,,,,,,,,,,,,,,,,,,,,,,,,,,,,,,,,,,,,,,,,,,,,,,,,,,,
CT4-3:KW,(                ),kW,6.4,6.5,6.3,6.5,6.5,6.4,6.4,6.4,6.5,6.4,6.3,6.4,0.0,0.0,0.0,0.0,0.0,0.0,0.0,0.0,0.0,0.0,0.0,0.0,0.0,0.0,0.0,0.0,0.0,0.0,0.0,0.0,0.0,0.0,0.0,0.0,0.0,,,,,,,,,,,,,,,,,,,,,,,,,,,,,,,,,,,,,,,,,,,,,,,,,,,,,,,,,,,,,,,,,,,,,,,,,,,,,,,,,,,,,,,,,,,,,,,,,,,,,,,,,,,
CT4-4.KWH,(度數            ),kW h,10116,10117,10118,10119,10120,10121,10122,10123,10124,10126,10127,10128,10129,10129,10129,10129,10129,10129,10129,10129,10129,10129,10129,10129,10129,10129,10129,10129,10129,10129,10129,10129,10129,10129,10129,10129,10129,,,,,,,,,,,,,,,,,,,,,,,,,,,,,,,,,,,,,,,,,,,,,,,,,,,,,,,,,,,,,,,,,,,,,,,,,,,,,,,,,,,,,,,,,,,,,,,,,,,,,,,,,,,
CT4-4:KW,(                ),kW,6.8,6.5,6.5,6.6,6.6,6.5,6.5,6.5,6.7,6.6,6.7,6.6,0.0,0.0,0.0,0.0,0.0,0.0,0.0,0.0,0.0,0.0,0.0,0.0,0.0,0.0,0.0,0.0,0.0,0.0,0.0,0.0,0.0,0.0,0.0,0.0,0.0,,,,,,,,,,,,,,,,,,,,,,,,,,,,,,,,,,,,,,,,,,,,,,,,,,,,,,,,,,,,,,,,,,,,,,,,,,,,,,,,,,,,,,,,,,,,,,,,,,,,,,,,,,,
CT4-ALL.KW,(冷卻水塔系統功率),,23.2,22.7,22.8,23.2,23.0,23.0,22.9,23.0,23.2,22.9,22.9,22.9,0.0,0.0,0.0,0.0,0.0,0.0,0.0,0.0,0.0,0.0,0.0,0.0,0.0,0.0,0.0,0.0,0.0,0.0,0.0,0.0,0.0,0.0,0.0,0.0,0.0,,,,,,,,,,,,,,,,,,,,,,,,,,,,,,,,,,,,,,,,,,,,,,,,,,,,,,,,,,,,,,,,,,,,,,,,,,,,,,,,,,,,,,,,,,,,,,,,,,,,,,,,,,,
CT4-ALL.KWH,(度數            ),kW h,42874,42878,42881,42885,42889,42893,42897,42901,42904,42908,42912,42916,42920,42920,42920,42920,42920,42920,42920,42920,42920,42920,42920,42920,42920,42920,42920,42920,42920,42920,42920,42920,42920,42920,42920,42920,42920,,,,,,,,,,,,,,,,,,,,,,,,,,,,,,,,,,,,,,,,,,,,,,,,,,,,,,,,,,,,,,,,,,,,,,,,,,,,,,,,,,,,,,,,,,,,,,,,,,,,,,,,,,,
CT5-1.KWH,(度數            ),kW h,13802,13802,13802,13802,13802,13802,13802,13802,13802,13802,13802,13802,13802,13802,13802,13802,13802,13802,13802,13802,13802,13802,13802,13802,13802,13802,13802,13802,13802,13802,13802,13802,13802,13802,13802,13802,13802,,,,,,,,,,,,,,,,,,,,,,,,,,,,,,,,,,,,,,,,,,,,,,,,,,,,,,,,,,,,,,,,,,,,,,,,,,,,,,,,,,,,,,,,,,,,,,,,,,,,,,,,,,,
CT5-1:KW,(                ),kW,0.0,0.0,0.0,0.0,0.0,0.0,0.0,0.0,0.0,0.0,0.0,0.0,0.0,0.0,0.0,0.0,0.0,0.0,0.0,0.0,0.0,0.0,0.0,0.0,0.0,0.0,0.0,0.0,0.0,0.0,0.0,0.0,0.0,0.0,0.0,0.0,0.0,,,,,,,,,,,,,,,,,,,,,,,,,,,,,,,,,,,,,,,,,,,,,,,,,,,,,,,,,,,,,,,,,,,,,,,,,,,,,,,,,,,,,,,,,,,,,,,,,,,,,,,,,,,
CT5-2.KWH,(度數            ),kW h,13196,13196,13196,13196,13196,13196,13196,13196,13196,13196,13196,13196,13196,13196,13196,13196,13196,13196,13196,13196,13196,13196,13196,13196,13196,13196,13196,13196,13196,13196,13196,13196,13196,13196,13196,13196,13196,,,,,,,,,,,,,,,,,,,,,,,,,,,,,,,,,,,,,,,,,,,,,,,,,,,,,,,,,,,,,,,,,,,,,,,,,,,,,,,,,,,,,,,,,,,,,,,,,,,,,,,,,,,
CT5-2:KW,(                ),kW,0.0,0.0,0.0,0.0,0.0,0.0,0.0,0.0,0.0,0.0,0.0,0.0,0.0,0.0,0.0,0.0,0.0,0.0,0.0,0.0,0.0,0.0,0.0,0.0,0.0,0.0,0.0,0.0,0.0,0.0,0.0,0.0,0.0,0.0,0.0,0.0,0.0,,,,,,,,,,,,,,,,,,,,,,,,,,,,,,,,,,,,,,,,,,,,,,,,,,,,,,,,,,,,,,,,,,,,,,,,,,,,,,,,,,,,,,,,,,,,,,,,,,,,,,,,,,,
CT5-3.KWH,(度數            ),kW h,11952,11952,11952,11952,11952,11952,11952,11952,11952,11952,11952,11952,11952,11952,11952,11952,11952,11952,11952,11952,11952,11952,11952,11952,11952,11952,11952,11952,11952,11952,11952,11952,11952,11952,11952,11952,11952,,,,,,,,,,,,,,,,,,,,,,,,,,,,,,,,,,,,,,,,,,,,,,,,,,,,,,,,,,,,,,,,,,,,,,,,,,,,,,,,,,,,,,,,,,,,,,,,,,,,,,,,,,,
CT5-3:KW,(                ),kW,0.0,0.0,0.0,0.0,0.0,0.0,0.0,0.0,0.0,0.0,0.0,0.0,0.0,0.0,0.0,0.0,0.0,0.0,0.0,0.0,0.0,0.0,0.0,0.0,0.0,0.0,0.0,0.0,0.0,0.0,0.0,0.0,0.0,0.0,0.0,0.0,0.0,,,,,,,,,,,,,,,,,,,,,,,,,,,,,,,,,,,,,,,,,,,,,,,,,,,,,,,,,,,,,,,,,,,,,,,,,,,,,,,,,,,,,,,,,,,,,,,,,,,,,,,,,,,
CT5-4.KWH,(度數            ),kW h,13330,13330,13330,13330,13330,13330,13330,13330,13330,13330,13330,13330,13330,13330,13330,13330,13330,13330,13330,13330,13330,13330,13330,13330,13330,13330,13330,13330,13330,13330,13330,13330,13330,13330,13330,13330,13330,,,,,,,,,,,,,,,,,,,,,,,,,,,,,,,,,,,,,,,,,,,,,,,,,,,,,,,,,,,,,,,,,,,,,,,,,,,,,,,,,,,,,,,,,,,,,,,,,,,,,,,,,,,
CT5-4:KW,(                ),kW,0.0,0.0,0.0,0.0,0.0,0.0,0.0,0.0,0.0,0.0,0.0,0.0,0.0,0.0,0.0,0.0,0.0,0.0,0.0,0.0,0.0,0.0,0.0,0.0,0.0,0.0,0.0,0.0,0.0,0.0,0.0,0.0,0.0,0.0,0.0,0.0,0.0,,,,,,,,,,,,,,,,,,,,,,,,,,,,,,,,,,,,,,,,,,,,,,,,,,,,,,,,,,,,,,,,,,,,,,,,,,,,,,,,,,,,,,,,,,,,,,,,,,,,,,,,,,,
CT5-ALL.KW,(冷卻水塔系統功率),,0.0,0.0,0.0,0.0,0.0,0.0,0.0,0.0,0.0,0.0,0.0,0.0,0.0,0.0,0.0,0.0,0.0,0.0,0.0,0.0,0.0,0.0,0.0,0.0,0.0,0.0,0.0,0.0,0.0,0.0,0.0,0.0,0.0,0.0,0.0,0.0,0.0,,,,,,,,,,,,,,,,,,,,,,,,,,,,,,,,,,,,,,,,,,,,,,,,,,,,,,,,,,,,,,,,,,,,,,,,,,,,,,,,,,,,,,,,,,,,,,,,,,,,,,,,,,,
CT5-ALL.KWH,(度數            ),kW h,52282,52282,52282,52282,52282,52282,52282,52282,52282,52282,52282,52282,52282,52282,52282,52282,52282,52282,52282,52282,52282,52282,52282,52282,52282,52282,52282,52282,52282,52282,52282,52282,52282,52282,52282,52282,52282,,,,,,,,,,,,,,,,,,,,,,,,,,,,,,,,,,,,,,,,,,,,,,,,,,,,,,,,,,,,,,,,,,,,,,,,,,,,,,,,,,,,,,,,,,,,,,,,,,,,,,,,,,,
CTB1-ALL.KW,(冷卻水塔系統功率),,8.2,8.2,8.2,8.2,8.2,8.2,8.2,8.2,8.2,8.2,8.2,8.2,8.2,8.2,8.2,8.2,8.2,8.2,8.2,8.2,8.2,8.2,8.2,8.2,8.2,8.2,8.2,8.2,8.2,8.2,8.2,8.2,8.2,8.2,8.2,8.2,8.2,,,,,,,,,,,,,,,,,,,,,,,,,,,,,,,,,,,,,,,,,,,,,,,,,,,,,,,,,,,,,,,,,,,,,,,,,,,,,,,,,,,,,,,,,,,,,,,,,,,,,,,,,,,
ZP1F7:KW,(                ),kW,16.5,16.3,16.3,16.2,16.4,16.2,16.1,16.2,16.3,16.3,16.7,16.3,16.5,16.4,16.5,16.4,16.4,16.5,16.3,16.1,16.3,16.5,16.1,16.2,0.0,0.0,0.0,0.0,0.0,0.0,0.0,0.0,0.1,0.0, -0.0,0.0,0.0,,,,,,,,,,,,,,,,,,,,,,,,,,,,,,,,,,,,,,,,,,,,,,,,,,,,,,,,,,,,,,,,,,,,,,,,,,,,,,,,,,,,,,,,,,,,,,,,,,,,,,,,,,,
ZP1F7:KWH,(                ),,592912,592914,592917,592920,592923,592925,592928,592931,592933,592936,592939,592942,592944,592947,592949,592952,592955,592958,592961,592963,592966,592969,592971,592974,592976,592976,592976,592976,592976,592976,592976,592976,592976,592976,592976,592976,592976,,,,,,,,,,,,,,,,,,,,,,,,,,,,,,,,,,,,,,,,,,,,,,,,,,,,,,,,,,,,,,,,,,,,,,,,,,,,,,,,,,,,,,,,,,,,,,,,,,,,,,,,,,,
ZP2F7:KW,(                ),kW,0.0,0.0,0.0,0.0,0.0,0.0,0.0,0.0,0.0,0.0,0.0,0.0,0.0,0.0,0.0,0.0,0.0,0.0,0.0,0.0,0.0,0.0,0.0,0.0,0.0,0.0,0.0,0.0,0.0,0.0,0.0,0.0,0.0,0.0,0.0,0.0,0.0,,,,,,,,,,,,,,,,,,,,,,,,,,,,,,,,,,,,,,,,,,,,,,,,,,,,,,,,,,,,,,,,,,,,,,,,,,,,,,,,,,,,,,,,,,,,,,,,,,,,,,,,,,,
ZP2F7:KWH,(                ),,528195,528195,528195,528195,528195,528195,528195,528195,528195,528195,528195,528195,528195,528195,528195,528195,528195,528195,528195,528195,528195,528195,528195,528195,528195,528195,528195,528195,528195,528195,528195,528195,528195,528195,528195,528195,528195,,,,,,,,,,,,,,,,,,,,,,,,,,,,,,,,,,,,,,,,,,,,,,,,,,,,,,,,,,,,,,,,,,,,,,,,,,,,,,,,,,,,,,,,,,,,,,,,,,,,,,,,,,,
ZP3F7:KW,(                ),kW,0.0,0.0,0.0,0.0,0.0,0.0,0.0,0.0,0.0,0.0,0.0,0.0,0.0,0.0,0.0,0.0,0.0,0.0,0.0,0.0,0.0,0.0,0.0,0.0,0.0,0.0,0.0,0.0,0.0,0.0,0.0,0.0,0.0,0.0,0.0,0.0,0.0,,,,,,,,,,,,,,,,,,,,,,,,,,,,,,,,,,,,,,,,,,,,,,,,,,,,,,,,,,,,,,,,,,,,,,,,,,,,,,,,,,,,,,,,,,,,,,,,,,,,,,,,,,,
ZP3F7:KWH,(                ),,321677,321677,321677,321677,321677,321677,321677,321677,321677,321677,321677,321677,321677,321677,321677,321677,321677,321677,321677,321677,321677,321677,321677,321677,321677,321677,321677,321677,321677,321677,321677,321677,321677,321677,321677,321677,321677,,,,,,,,,,,,,,,,,,,,,,,,,,,,,,,,,,,,,,,,,,,,,,,,,,,,,,,,,,,,,,,,,,,,,,,,,,,,,,,,,,,,,,,,,,,,,,,,,,,,,,,,,,,
ZP4F7:KW,(                ),kW,14.4,18.6,18.7,18.6,18.7,18.5,18.8,18.7,18.8,18.8,18.7,18.6,18.8,18.7,18.7,18.7,18.7,18.7,18.9,18.7,18.9,18.7,18.7,18.8,18.9,18.9,18.9,18.8,18.9,18.6,18.9,18.7,18.7,18.9,18.7,18.8,18.8,,,,,,,,,,,,,,,,,,,,,,,,,,,,,,,,,,,,,,,,,,,,,,,,,,,,,,,,,,,,,,,,,,,,,,,,,,,,,,,,,,,,,,,,,,,,,,,,,,,,,,,,,,,
ZP4F7:KWH,(                ),,789295,789297,789301,789304,789307,789310,789313,789316,789319,789322,789326,789328,789332,789335,789337,789341,789344,789347,789350,789354,789357,789360,789363,789366,789369,789372,789375,789378,789382,789385,789387,789391,789394,789397,789401,789404,789405,,,,,,,,,,,,,,,,,,,,,,,,,,,,,,,,,,,,,,,,,,,,,,,,,,,,,,,,,,,,,,,,,,,,,,,,,,,,,,,,,,,,,,,,,,,,,,,,,,,,,,,,,,,
ZP5F7:KW,(                ),kW,0.0,0.0,0.0,0.0,0.0,0.0,0.0,0.0,0.0,0.0,0.0,0.0,0.0,0.0,0.0,0.0,0.0,0.0,0.0,0.0,0.0,0.0,0.0,0.0,0.0,0.0,0.0,0.0,0.0,0.0,0.0,0.0,0.0,0.0,0.0,0.0,0.0,,,,,,,,,,,,,,,,,,,,,,,,,,,,,,,,,,,,,,,,,,,,,,,,,,,,,,,,,,,,,,,,,,,,,,,,,,,,,,,,,,,,,,,,,,,,,,,,,,,,,,,,,,,
ZP5F7:KWH,(                ),,719553,719553,719553,719553,719553,719553,719553,719553,719553,719553,719553,719553,719553,719553,719553,719553,719553,719553,719553,719553,719553,719553,719553,719553,719553,719553,719553,719553,719553,719553,719553,719553,719553,719553,719553,719553,719553,,,,,,,,,,,,,,,,,,,,,,,,,,,,,,,,,,,,,,,,,,,,,,,,,,,,,,,,,,,,,,,,,,,,,,,,,,,,,,,,,,,,,,,,,,,,,,,,,,,,,,,,,,,
ZP6F7:KW,(                ),kW,14.3,0.0,0.0,0.0,0.0,0.0,0.0,0.0,0.0,0.0,0.0,0.0,0.0,0.0,0.0,0.0,0.0,0.0,0.0,0.0,0.0,0.0,0.0,0.0,0.0,0.0,0.0,0.0,0.0,0.0,0.0,0.0,0.0,0.0,0.0,0.0,0.0,,,,,,,,,,,,,,,,,,,,,,,,,,,,,,,,,,,,,,,,,,,,,,,,,,,,,,,,,,,,,,,,,,,,,,,,,,,,,,,,,,,,,,,,,,,,,,,,,,,,,,,,,,,
ZP6F7:KWH,(                ),,333208,333208,333208,333208,333208,333208,333208,333208,333208,333208,333208,333208,333208,333208,333208,333208,333208,333208,333208,333208,333208,333208,333208,333208,333208,333208,333208,333208,333208,333208,333208,333208,333208,333208,333208,333208,333208,,,,,,,,,,,,,,,,,,,,,,,,,,,,,,,,,,,,,,,,,,,,,,,,,,,,,,,,,,,,,,,,,,,,,,,,,,,,,,,,,,,,,,,,,,,,,,,,,,,,,,,,,,,
ZP7F7:KW,(                ),kW,15.4,0.0,0.0,0.0,0.0,0.0,0.0,0.0,0.0,1.4,15.3,10.6,0.0,0.0,0.0,0.0,0.0,0.0,0.0,0.0,0.0,0.0,0.0,0.0,0.0,0.0,0.0,0.0,0.0,0.0,0.0,0.0,0.0,0.0,0.0,0.0,0.0,,,,,,,,,,,,,,,,,,,,,,,,,,,,,,,,,,,,,,,,,,,,,,,,,,,,,,,,,,,,,,,,,,,,,,,,,,,,,,,,,,,,,,,,,,,,,,,,,,,,,,,,,,,
ZP7F7:KWH,(                ),,423354,423354,423354,423354,423354,423354,423354,423354,423354,423354,423357,423360,423360,423360,423360,423360,423360,423360,423360,423360,423360,423360,423360,423360,423360,423360,423360,423360,423360,423360,423360,423360,423360,423360,423360,423360,423360,,,,,,,,,,,,,,,,,,,,,,,,,,,,,,,,,,,,,,,,,,,,,,,,,,,,,,,,,,,,,,,,,,,,,,,,,,,,,,,,,,,,,,,,,,,,,,,,,,,,,,,,,,,
ZP8F7:KW,(                ),kW,0.0,0.0,0.0,0.0,0.0,0.0,0.0,0.0,0.0,0.0,0.0,0.0,0.0,0.0,0.0,0.0,0.0,0.0,0.0,0.0,0.0,0.0,0.0,0.0,0.0,0.0,0.0,0.0,0.0,0.0,0.0,0.0,0.0,0.0,0.0,0.0,0.0,,,,,,,,,,,,,,,,,,,,,,,,,,,,,,,,,,,,,,,,,,,,,,,,,,,,,,,,,,,,,,,,,,,,,,,,,,,,,,,,,,,,,,,,,,,,,,,,,,,,,,,,,,,
ZP8F7:KWH,(                ),,443476,443476,443476,443476,443476,443476,443476,443476,443476,443476,443476,443476,443476,443476,443476,443476,443476,443476,443476,443476,443476,443476,443476,443476,443476,443476,443476,443476,443476,443476,443476,443476,443476,443476,443476,443476,443476,,,,,,,,,,,,,,,,,,,,,,,,,,,,,,,,,,,,,,,,,,,,,,,,,,,,,,,,,,,,,,,,,,,,,,,,,,,,,,,,,,,,,,,,,,,,,,,,,,,,,,,,,,,
ZP9F7:KW,(                ),kW,0.0,0.0,0.0,0.0,0.0,0.0,0.0,0.0,0.0,0.0,0.0,0.0,0.0,0.0,0.0,0.0,0.0,0.0,0.0,0.0,0.0,0.0,0.0,0.0,0.0,0.0,0.0,0.0,0.0,0.0,0.0,0.0,0.0,0.0,0.0,0.0,0.0,,,,,,,,,,,,,,,,,,,,,,,,,,,,,,,,,,,,,,,,,,,,,,,,,,,,,,,,,,,,,,,,,,,,,,,,,,,,,,,,,,,,,,,,,,,,,,,,,,,,,,,,,,,
ZP9F7:KWH,(                ),,244560,244560,244560,244560,244560,244560,244560,244560,244560,244560,244560,244560,244560,244560,244560,244560,244560,244560,244560,244560,244560,244560,244560,244560,244560,244560,244560,244560,244560,244560,244560,244560,244560,244560,244560,244560,244560,,,,,,,,,,,,,,,,,,,,,,,,,,,,,,,,,,,,,,,,,,,,,,,,,,,,,,,,,,,,,,,,,,,,,,,,,,,,,,,,,,,,,,,,,,,,,,,,,,,,,,,,,,,
ZP10F7:KW,(                ),kW,0.0,0.0,0.0,23.4,23.3,23.4,23.4,23.4,23.4,4.2,0.0,0.0,0.0,0.0,0.0,0.0,0.0,0.0,0.0,0.0,0.0,0.0,0.0,0.0,0.0,0.0,0.0,0.0,0.0,0.0,0.0,0.0,0.0,23.3,23.4,23.3,23.3,,,,,,,,,,,,,,,,,,,,,,,,,,,,,,,,,,,,,,,,,,,,,,,,,,,,,,,,,,,,,,,,,,,,,,,,,,,,,,,,,,,,,,,,,,,,,,,,,,,,,,,,,,,
ZP10F7:KWH,(                ),,561992,561992,561992,561995,561999,562003,562007,562011,562015,562018,562018,562018,562018,562018,562018,562018,562018,562018,562018,562018,562018,562018,562018,562018,562018,562018,562018,562018,562018,562018,562018,562018,562018,562020,562024,562028,562030,,,,,,,,,,,,,,,,,,,,,,,,,,,,,,,,,,,,,,,,,,,,,,,,,,,,,,,,,,,,,,,,,,,,,,,,,,,,,,,,,,,,,,,,,,,,,,,,,,,,,,,,,,,
ZP11F7:KW,(                ),kW,0.0,0.0,0.0,0.0,0.0,0.0,0.0,0.0,0.0,0.0,0.0,0.0,0.0,0.0,0.0,0.0,0.0,0.0,0.0,0.0,0.0,0.0,0.0,0.0,0.0,0.0,0.0,0.0,0.0,0.0,0.0,0.0,0.0,0.0,0.0,0.0,0.0,,,,,,,,,,,,,,,,,,,,,,,,,,,,,,,,,,,,,,,,,,,,,,,,,,,,,,,,,,,,,,,,,,,,,,,,,,,,,,,,,,,,,,,,,,,,,,,,,,,,,,,,,,,
ZP11F7:KWH,(                ),,411727,411727,411727,411727,411727,411727,411727,411727,411727,411727,411727,411727,411727,411727,411727,411727,411727,411727,411727,411727,411727,411727,411727,411727,411727,411727,411727,411727,411727,411727,411727,411727,411727,411727,411727,411727,411727,,,,,,,,,,,,,,,,,,,,,,,,,,,,,,,,,,,,,,,,,,,,,,,,,,,,,,,,,,,,,,,,,,,,,,,,,,,,,,,,,,,,,,,,,,,,,,,,,,,,,,,,,,,
ZP12F7:KW,(                ),kW,0.0,0.0,0.0,0.0,0.0,0.0,0.0,0.0,0.0,0.0,0.0,0.0,0.0,0.0,0.0,0.0,0.0,0.0,0.0,0.0,0.0,0.0,0.0,0.0,0.0,0.0,0.0,0.0,0.0,0.0,0.0,0.0,0.0,0.0,0.0,0.0,0.0,,,,,,,,,,,,,,,,,,,,,,,,,,,,,,,,,,,,,,,,,,,,,,,,,,,,,,,,,,,,,,,,,,,,,,,,,,,,,,,,,,,,,,,,,,,,,,,,,,,,,,,,,,,
ZP12F7:KWH,(                ),,249360,249360,249360,249360,249360,249360,249360,249360,249360,249360,249360,249360,249360,249360,249360,249360,249360,249360,249360,249360,249360,249360,249360,249360,249360,249360,249360,249360,249360,249360,249360,249360,249360,249360,249360,249360,249360,,,,,,,,,,,,,,,,,,,,,,,,,,,,,,,,,,,,,,,,,,,,,,,,,,,,,,,,,,,,,,,,,,,,,,,,,,,,,,,,,,,,,,,,,,,,,,,,,,,,,,,,,,,
ZP13F7:KW,(                ),kW,0.0,21.6,21.6,0.0,0.0,0.0,0.0,0.0,0.0,0.0,0.0,0.5,21.7,0.0,0.0,0.0,0.0,0.0,0.0,0.0,0.0,0.0,0.0,0.0,0.0,0.0,0.0,0.0,0.0,0.0,0.0,0.0,0.0,0.0,0.0,0.0,0.0,,,,,,,,,,,,,,,,,,,,,,,,,,,,,,,,,,,,,,,,,,,,,,,,,,,,,,,,,,,,,,,,,,,,,,,,,,,,,,,,,,,,,,,,,,,,,,,,,,,,,,,,,,,
ZP13F7:KWH,(                ),,533010,533013,533016,533017,533017,533017,533017,533017,533017,533017,533017,533017,533020,533021,533021,533021,533021,533021,533021,533021,533021,533021,533021,533021,533021,533021,533021,533021,533021,533021,533021,533021,533021,533021,533021,533021,533021,,,,,,,,,,,,,,,,,,,,,,,,,,,,,,,,,,,,,,,,,,,,,,,,,,,,,,,,,,,,,,,,,,,,,,,,,,,,,,,,,,,,,,,,,,,,,,,,,,,,,,,,,,,
ZP14F7:KW,(                ),kW,0.0,0.0,0.0,0.0,0.0,0.0,0.0,0.0,0.0,0.0,0.0,0.0,0.0,0.0,0.0,0.0,0.0,0.0,0.0,0.0,0.0,0.0,0.0,0.0,0.0,0.0,0.0,0.0,0.0,0.0,0.0,0.0,0.0,0.0,0.0,0.0,0.0,,,,,,,,,,,,,,,,,,,,,,,,,,,,,,,,,,,,,,,,,,,,,,,,,,,,,,,,,,,,,,,,,,,,,,,,,,,,,,,,,,,,,,,,,,,,,,,,,,,,,,,,,,,
ZP14F7:KWH,(                ),,367182,367182,367182,367182,367182,367182,367182,367182,367182,367182,367182,367182,367182,367182,367182,367182,367182,367182,367182,367182,367182,367182,367182,367182,367182,367182,367182,367182,367182,367182,367182,367182,367182,367182,367182,367182,367182,,,,,,,,,,,,,,,,,,,,,,,,,,,,,,,,,,,,,,,,,,,,,,,,,,,,,,,,,,,,,,,,,,,,,,,,,,,,,,,,,,,,,,,,,,,,,,,,,,,,,,,,,,,
ZP15F7:KW,(                ),kW,0.0,0.0,0.0,0.0,0.0,0.0,0.0,0.0,0.0,0.0,0.0,0.0,0.0,0.0,0.0,0.0,0.0,0.0,0.0,0.0,0.0,0.0,0.0,0.0,0.0,0.0,0.0,0.0,0.0,0.0,0.0,0.0,0.0,0.0,0.0,0.0,0.0,,,,,,,,,,,,,,,,,,,,,,,,,,,,,,,,,,,,,,,,,,,,,,,,,,,,,,,,,,,,,,,,,,,,,,,,,,,,,,,,,,,,,,,,,,,,,,,,,,,,,,,,,,,
ZP15F7:KWH,(                ),,220896,220896,220896,220896,220896,220896,220896,220896,220896,220896,220896,220896,220896,220896,220896,220896,220896,220896,220896,220896,220896,220896,220896,220896,220896,220896,220896,220896,220896,220896,220896,220896,220896,220896,220896,220896,220896,,,,,,,,,,,,,,,,,,,,,,,,,,,,,,,,,,,,,,,,,,,,,,,,,,,,,,,,,,,,,,,,,,,,,,,,,,,,,,,,,,,,,,,,,,,,,,,,,,,,,,,,,,,
