變數名稱,說明,單位,00:10:00,00:20:00,00:30:00,00:40:00,00:50:00,01:00:00,01:10:00,01:20:00,01:30:00,01:40:00,01:50:00,02:00:00,02:10:00,02:20:00,02:30:00,02:40:00,02:50:00,03:00:00,03:10:00,03:20:00,03:30:00,03:40:00,03:50:00,04:00:00,04:10:00,04:20:00,04:30:00,04:40:00,04:50:00,05:00:00,05:10:00,05:20:00,05:30:00,05:40:00,05:50:00,06:00:00,06:10:00,06:20:00,06:30:00,06:40:00,06:50:00,07:00:00,07:10:00,07:20:00,07:30:00,07:40:00,07:50:00,08:00:00,08:10:00,08:20:00,08:30:00,08:40:00,08:50:00,09:00:00,09:10:00,09:20:00,09:30:00,09:40:00,09:50:00,10:00:00,10:10:00,10:20:00,10:30:00,10:40:00,10:50:00,11:00:00,11:10:00,11:20:00,11:30:00,11:40:00,11:50:00,12:00:00,12:10:00,12:20:00,12:30:00,12:40:00,12:50:00,13:00:00,13:10:00,13:20:00,13:30:00,13:40:00,13:50:00,14:00:00,14:10:00,14:20:00,14:30:00,14:40:00,14:50:00,15:00:00,15:10:00,15:20:00,15:30:00,15:40:00,15:50:00,16:00:00,16:10:00,16:20:00,16:30:00,16:40:00,16:50:00,17:00:00,17:10:00,17:20:00,17:30:00,17:40:00,17:50:00,18:00:00,18:10:00,18:20:00,18:30:00,18:40:00,18:50:00,19:00:00,19:10:00,19:20:00,19:30:00,19:40:00,19:50:00,20:00:00,20:10:00,20:20:00,20:30:00,20:40:00,20:50:00,21:00:00,21:10:00,21:20:00,21:30:00,21:40:00,21:50:00,22:00:00,22:10:00,22:20:00,22:30:00,22:40:00,22:50:00,23:00:00,23:10:00,23:20:00,23:30:00,23:40:00,23:50:00,00:00:00
7F-CH-1.ST,(CH1出水溫度     ),DEG C,12.5,12.8,13.2,13.5,13.8,14.1,14.4,14.6,14.9,15.1,15.3,15.5,15.7,15.9,16.2,14.8,15.7,15.9,16.2,16.4,16.7,16.9,16.3,16.8,17.1,17.4,17.6,18.1,18.2,18.4,18.6,18.7,18.9,19.0,19.2,19.3,19.4,19.5,19.7,19.8,19.9,20.1,20.2,20.3,20.4,20.5,20.8,20.8,20.6,19.9,18.3,15.7,13.8,14.9,14.3,14.7,,,,,,,,,,,,,,,,,,,,,,,,,,,,,,,,,,,,,,,,,,,,,,,,,,,,,,,,,,,,,,,,,,,,,,,,,,,,,,,,,,,,,,,,
7F-CH-2.ST,(CH2出水溫度     ),DEG C,12.7,13.1,13.4,13.7,14.0,14.3,14.6,14.8,15.1,15.3,15.5,15.7,16.0,16.2,16.4,15.2,15.9,16.2,16.4,16.7,16.9,17.1,16.5,17.0,17.3,17.6,17.8,17.9,18.3,18.5,18.7,18.9,19.0,19.2,19.3,19.4,19.6,19.7,19.8,20.0,20.1,20.2,20.3,20.4,20.6,20.7,20.8,21.0,20.8,20.1,13.0,10.7,9.0,10.4,9.7,10.1,,,,,,,,,,,,,,,,,,,,,,,,,,,,,,,,,,,,,,,,,,,,,,,,,,,,,,,,,,,,,,,,,,,,,,,,,,,,,,,,,,,,,,,,
7F-CH-3.ST,(CH3出水溫度     ),DEG C,12.6,13.0,13.3,13.6,13.9,14.2,14.5,14.8,15.0,15.2,15.4,15.6,15.9,16.1,16.3,15.0,15.8,16.1,16.3,16.6,16.8,17.0,16.4,16.9,17.3,17.5,17.7,17.8,18.3,18.5,18.7,18.8,19.0,19.1,19.3,19.4,19.5,19.6,19.8,19.9,20.0,20.2,20.3,20.4,20.5,20.6,20.8,20.9,21.0,21.0,18.4,15.8,13.8,15.0,14.4,14.8,,,,,,,,,,,,,,,,,,,,,,,,,,,,,,,,,,,,,,,,,,,,,,,,,,,,,,,,,,,,,,,,,,,,,,,,,,,,,,,,,,,,,,,,
7F-CH-4.ST,(CH4出水溫度     ),DEG C,12.4,12.8,13.1,13.4,13.7,14.0,14.3,14.6,14.8,15.0,15.2,15.5,15.7,15.9,16.1,15.1,15.6,15.9,16.1,16.4,16.6,16.8,16.2,16.7,17.0,17.3,17.5,18.0,18.2,18.4,18.5,18.7,18.8,19.0,19.1,19.2,19.4,19.5,19.6,19.8,19.9,20.0,20.1,20.2,20.3,20.5,20.7,20.7,20.6,19.9,18.2,15.5,13.6,14.8,14.2,14.6,,,,,,,,,,,,,,,,,,,,,,,,,,,,,,,,,,,,,,,,,,,,,,,,,,,,,,,,,,,,,,,,,,,,,,,,,,,,,,,,,,,,,,,,
7F-CH-5.ST,(CH5出水溫度     ),DEG C,12.5,12.9,13.2,13.5,13.8,14.1,14.4,14.6,14.9,15.1,15.3,15.5,15.8,16.0,16.2,14.9,15.7,16.0,16.2,16.5,16.7,16.9,16.3,16.8,17.1,17.4,17.6,17.7,17.7,17.8,17.8,17.9,17.9,17.9,18.0,18.0,18.1,18.1,18.1,18.2,18.2,18.3,18.4,18.4,18.5,18.6,18.6,18.7,18.8,18.9,18.3,15.7,13.7,14.5,14.4,14.8,,,,,,,,,,,,,,,,,,,,,,,,,,,,,,,,,,,,,,,,,,,,,,,,,,,,,,,,,,,,,,,,,,,,,,,,,,,,,,,,,,,,,,,,
7F-CH.ST,(冰水總出水溫度  ),DEG C,12.4,12.8,13.1,13.5,13.8,14.1,14.3,14.6,14.8,15.1,15.3,15.5,15.7,15.9,16.1,14.8,15.6,15.9,16.2,16.4,16.6,16.9,16.3,16.8,17.1,17.3,17.6,17.5,17.5,17.5,17.6,17.6,17.8,18.0,18.1,18.3,18.4,18.5,18.7,18.8,19.0,19.1,19.2,19.4,19.5,19.6,19.7,19.8,20.6,19.9,15.8,13.4,11.6,13.0,12.6,13.0,,,,,,,,,,,,,,,,,,,,,,,,,,,,,,,,,,,,,,,,,,,,,,,,,,,,,,,,,,,,,,,,,,,,,,,,,,,,,,,,,,,,,,,,
7F-CH-1.RT,(CH1回水溫度     ),,12.6,13.0,13.3,13.6,13.9,14.2,14.5,14.7,15.0,15.2,15.4,15.6,15.8,16.1,16.3,15.2,15.8,16.0,16.3,16.5,16.8,17.0,16.3,16.9,17.2,17.5,17.7,18.2,18.4,18.6,18.7,18.9,19.0,19.2,19.3,19.4,19.6,19.7,19.8,19.9,20.1,20.2,20.3,20.4,20.5,20.6,20.9,20.9,20.9,20.1,18.3,15.6,13.7,15.0,14.4,14.8,,,,,,,,,,,,,,,,,,,,,,,,,,,,,,,,,,,,,,,,,,,,,,,,,,,,,,,,,,,,,,,,,,,,,,,,,,,,,,,,,,,,,,,,
7F-CH-2.RT,(CH2回水溫度     ),,12.8,13.1,13.5,13.8,14.1,14.4,14.6,14.9,15.1,15.3,15.6,15.8,16.0,16.2,16.4,15.6,16.0,16.2,16.4,16.7,16.9,17.1,16.5,17.0,17.4,17.6,17.9,18.3,18.5,18.7,18.8,19.0,19.1,19.3,19.4,19.5,19.7,19.8,19.9,20.1,20.2,20.3,20.4,20.5,20.6,20.8,21.0,21.0,20.8,20.1,18.4,15.7,13.8,15.2,14.6,14.9,,,,,,,,,,,,,,,,,,,,,,,,,,,,,,,,,,,,,,,,,,,,,,,,,,,,,,,,,,,,,,,,,,,,,,,,,,,,,,,,,,,,,,,,
7F-CH-3.RT,(CH3回水溫度     ),,12.7,13.0,13.4,13.7,14.0,14.3,14.5,14.8,15.0,15.3,15.5,15.7,15.9,16.1,16.3,15.4,15.9,16.1,16.4,16.6,16.8,17.1,16.4,17.0,17.3,17.5,17.8,18.2,18.4,18.6,18.8,18.9,19.1,19.2,19.3,19.5,19.6,19.7,19.9,20.0,20.1,20.2,20.4,20.5,20.6,20.7,20.9,21.0,21.0,21.1,18.4,15.6,13.8,15.1,14.4,14.8,,,,,,,,,,,,,,,,,,,,,,,,,,,,,,,,,,,,,,,,,,,,,,,,,,,,,,,,,,,,,,,,,,,,,,,,,,,,,,,,,,,,,,,,
7F-CH-4.RT,(CH4回水溫度     ),,12.7,13.1,13.4,13.7,14.0,14.3,14.6,14.8,15.1,15.3,15.5,15.7,15.9,16.1,16.4,15.6,15.9,16.1,16.4,16.6,16.9,17.1,16.4,17.0,17.3,17.6,17.8,18.3,18.5,18.6,18.8,19.0,19.1,19.3,19.4,19.5,19.6,19.8,19.9,20.0,20.2,20.3,20.4,20.5,20.6,20.8,21.0,21.0,20.9,20.2,18.4,15.6,13.8,15.1,14.5,14.9,,,,,,,,,,,,,,,,,,,,,,,,,,,,,,,,,,,,,,,,,,,,,,,,,,,,,,,,,,,,,,,,,,,,,,,,,,,,,,,,,,,,,,,,
7F-CH-5.RT,(CH5回水溫度     ),,12.6,12.9,13.2,13.6,13.9,14.1,14.4,14.7,14.9,15.1,15.3,15.6,15.8,16.0,16.2,15.4,15.7,16.0,16.2,16.5,16.7,16.9,16.2,16.8,17.1,17.4,17.6,17.7,17.7,17.8,17.8,17.9,17.9,17.9,18.0,18.0,18.0,18.0,18.1,18.1,18.2,18.2,18.3,18.4,18.4,18.5,18.5,18.6,18.7,18.7,18.2,15.5,13.6,14.6,14.4,14.8,,,,,,,,,,,,,,,,,,,,,,,,,,,,,,,,,,,,,,,,,,,,,,,,,,,,,,,,,,,,,,,,,,,,,,,,,,,,,,,,,,,,,,,,
7F-CH.RT,(冰水總回水溫度  ),DEG C,12.5,12.9,13.2,13.5,13.8,14.1,14.4,14.6,14.8,15.1,15.3,15.5,15.7,15.9,16.1,15.7,15.8,16.0,16.2,16.5,16.7,16.9,16.2,16.8,17.1,17.3,17.6,18.1,18.3,18.4,18.6,18.7,18.9,19.0,19.2,19.3,19.4,19.5,19.7,19.8,19.9,20.1,20.2,20.3,20.4,20.6,20.8,20.8,20.4,19.7,18.0,15.3,13.5,16.7,13.8,14.1,,,,,,,,,,,,,,,,,,,,,,,,,,,,,,,,,,,,,,,,,,,,,,,,,,,,,,,,,,,,,,,,,,,,,,,,,,,,,,,,,,,,,,,,
7F-CH-1.CHDT,(冰水溫差        ),DEG C,0.0,0.0,0.0,0.0,0.0,0.0,0.0,0.0,0.0,0.0,0.0,0.0,0.0,0.0,0.0,0.0,0.0,0.0,0.0,0.0,0.0,0.0,0.0,0.0,0.0,0.0,0.0,0.0,0.0,0.0,0.0,0.0,0.0,0.0,0.0,0.0,0.0,0.0,0.0,0.0,0.0,0.0,0.0,0.0,0.0,0.0,0.0,0.0,0.0,0.0,0.0,0.0,0.0,0.0,0.1,0.1,,,,,,,,,,,,,,,,,,,,,,,,,,,,,,,,,,,,,,,,,,,,,,,,,,,,,,,,,,,,,,,,,,,,,,,,,,,,,,,,,,,,,,,,
7F-CH-2.CHDT,(冰水溫差        ),DEG C,0.0,0.0,0.0,0.0,0.0,0.0,0.0,0.0,0.0,0.0,0.0,0.0,0.0,0.0,0.0,0.0,0.0,0.0,0.0,0.0,0.0,0.0,0.0,0.0,0.0,0.0,0.0,0.0,0.0,0.0,0.0,0.0,0.0,0.0,0.0,0.0,0.0,0.0,0.0,0.0,0.0,0.0,0.0,0.0,0.0,0.0,0.0,0.0, -0.0, -0.0,5.4,5.0,4.8,4.9,4.8,4.9,,,,,,,,,,,,,,,,,,,,,,,,,,,,,,,,,,,,,,,,,,,,,,,,,,,,,,,,,,,,,,,,,,,,,,,,,,,,,,,,,,,,,,,,
7F-CH-3.CHDT,(冰水溫差        ),DEG C,0.0,0.0,0.0,0.0,0.0,0.0,0.0,0.0,0.0,0.0,0.0,0.0,0.0,0.0,0.0,0.0,0.0,0.0,0.0,0.0,0.0,0.0,0.0,0.0,0.0,0.0,0.0,0.0,0.0,0.0,0.0,0.0,0.0,0.0,0.0,0.0,0.0,0.0,0.0,0.0,0.0,0.0,0.0,0.0,0.0,0.0,0.0,0.0,0.0,0.0,0.0,0.0,0.0,0.0,0.0,0.0,,,,,,,,,,,,,,,,,,,,,,,,,,,,,,,,,,,,,,,,,,,,,,,,,,,,,,,,,,,,,,,,,,,,,,,,,,,,,,,,,,,,,,,,
7F-CH-4.CHDT,(冰水溫差        ),DEG C,0.0,0.0,0.0,0.0,0.0,0.0,0.0,0.0,0.0,0.0,0.0,0.0,0.0,0.0,0.0,0.0,0.0,0.0,0.0,0.0,0.0,0.0,0.0,0.0,0.0,0.0,0.0,0.0,0.0,0.0,0.0,0.0,0.0,0.0,0.0,0.0,0.0,0.0,0.0,0.0,0.0,0.0,0.0,0.0,0.0,0.0,0.0,0.0,0.0,0.0,0.0,0.0,0.0,0.0,0.0,0.0,,,,,,,,,,,,,,,,,,,,,,,,,,,,,,,,,,,,,,,,,,,,,,,,,,,,,,,,,,,,,,,,,,,,,,,,,,,,,,,,,,,,,,,,
7F-CH-5.CHDT,(冰水溫差        ),DEG C,0.0,0.0,0.0,0.0,0.0,0.0,0.0,0.0,0.0,0.0,0.0,0.0,0.0,0.0,0.0,0.0,0.0,0.0,0.0,0.0,0.0,0.0,0.0,0.0,0.0,0.0,0.0,0.0,0.0,0.0,0.0,0.0,0.0,0.0,0.0,0.0,0.0,0.0,0.0,0.0,0.0,0.0,0.0,0.0,0.0,0.0,0.0,0.0,0.0,0.0,0.0,0.0,0.0,0.0,0.0,0.0,,,,,,,,,,,,,,,,,,,,,,,,,,,,,,,,,,,,,,,,,,,,,,,,,,,,,,,,,,,,,,,,,,,,,,,,,,,,,,,,,,,,,,,,
7F-CHSYS.CHDT,(冰水系統溫差    ),DEG C,0.1,0.1,0.0,0.0,0.0,0.0,0.0,0.0,0.0,0.0,0.0,0.0,0.0,0.0,0.0,0.8,0.2,0.1,0.1,0.1,0.1,0.1, -0.0, -0.0, -0.0, -0.0, -0.0,0.6,0.7,0.9,1.0,1.1,1.1,1.1,1.1,1.0,1.0,1.0,1.0,1.0,1.0,1.0,1.0,0.9,0.9,1.0,1.1,1.0, -0.2, -0.2,2.2,1.9,1.9,3.7,1.2,1.1,,,,,,,,,,,,,,,,,,,,,,,,,,,,,,,,,,,,,,,,,,,,,,,,,,,,,,,,,,,,,,,,,,,,,,,,,,,,,,,,,,,,,,,,
7F-CH-1.FM,(CH1水流量       ),,1313,1303,1296,1312,1330,1314,1334,1331,1292,1305,1311,1287,1322,1325,1306,1912,1899,1928,1941,1929,1938,1912,1900,1893,1879,1876,1882,761,747,756,742,736,772,756,735,758,758,750,755,760,766,765,760,754,752,735,731,749,0,0,2377,2512,2462,3272,6218,6261,,,,,,,,,,,,,,,,,,,,,,,,,,,,,,,,,,,,,,,,,,,,,,,,,,,,,,,,,,,,,,,,,,,,,,,,,,,,,,,,,,,,,,,,
7F-CH-2.FM,(CH2水流量       ),,959,979,962,965,973,989,974,978,993,989,968,973,987,989,978,1937,1915,1939,1881,1871,1896,1876,1874,1845,1876,1859,1874,21,20,21,21,21,21,20,20,20,20,23,20,20,20,21,21,21,21,20,20,20,5807,5824,6517,6601,6576,7001,6843,6842,,,,,,,,,,,,,,,,,,,,,,,,,,,,,,,,,,,,,,,,,,,,,,,,,,,,,,,,,,,,,,,,,,,,,,,,,,,,,,,,,,,,,,,,
7F-CH-3.FM,(CH3水流量       ),, -1, -1,1,1,1,1,1,1, -1,1, -1, -1, -1, -1, -1,781,885,792,793,918,859,876,846,810,826,812,889, -1, -1, -1, -1,1, -1, -1,1, -1, -1, -1, -1, -3, -1, -1, -1, -1, -1, -1, -1, -1, -1, -1,1360,1393,1362,2348,1956,1984,,,,,,,,,,,,,,,,,,,,,,,,,,,,,,,,,,,,,,,,,,,,,,,,,,,,,,,,,,,,,,,,,,,,,,,,,,,,,,,,,,,,,,,,
7F-CH-4.FM,(CH4水流量       ),,1829,1926,1760,1887,1871,1915,1890,1759,1929,1895,1898,1887,1831,1892,1859,2617,2618,2631,2590,2553,2620,2637,2614,2582,2524,2548,2457,1090,1203,1218,1187,1190,1237,1224,1123,1212,1220,1153,1164,1210,1221,1214,1189,1099,1240,1170,1218,1184,15,14,3126,3312,3185,4204,3559,3796,,,,,,,,,,,,,,,,,,,,,,,,,,,,,,,,,,,,,,,,,,,,,,,,,,,,,,,,,,,,,,,,,,,,,,,,,,,,,,,,,,,,,,,,
7F-CH-5.FM,(CH5水流量       ),,915,956,917,849,1014,1076,881,1081,940,1098,960,1085,987,1137,948,1921,1926,2048,1839,2059,1821,2121,1853,1934,1868,2114,1579,9,9,9,7,9,9,9,9,9,9,9,9,9,7, -3707, -3707, -3707,7,7,7,7,7,10,2626,2735,2539,3685,3203,3185,,,,,,,,,,,,,,,,,,,,,,,,,,,,,,,,,,,,,,,,,,,,,,,,,,,,,,,,,,,,,,,,,,,,,,,,,,,,,,,,,,,,,,,,
7F-CH.FM,(冰水總流量      ),,5520,5802,5774,5551,5451,5224,5730,5252,5592,5465,5623,5403,5558,5479,5317,9886,9810,9924,9851,10023,9594,9377,9095,9143,9095,9226,9061,20,20,20,20,17,17,17,17,17,17,17,17,17,17,17,17,17,17,17,17,17,5070,5053,17452,17833,17751,20992,24935,24763,,,,,,,,,,,,,,,,,,,,,,,,,,,,,,,,,,,,,,,,,,,,,,,,,,,,,,,,,,,,,,,,,,,,,,,,,,,,,,,,,,,,,,,,
7F-CW-1.ST,(CW1出水溫度     ),DEG C,26.5,26.5,26.5,26.5,26.5,26.6,26.6,26.6,26.6,26.6,26.6,26.6,26.6,26.6,26.6,26.6,26.6,26.6,26.6,26.6,26.7,26.7,26.7,26.7,26.7,26.7,26.7,26.7,26.7,26.7,26.7,26.7,26.6,26.6,26.6,26.6,26.6,26.6,26.6,26.6,26.6,26.6,26.6,26.6,26.6,26.6,26.6,26.7,26.7,26.7,26.7,26.7,26.7,26.7,25.8,25.3,,,,,,,,,,,,,,,,,,,,,,,,,,,,,,,,,,,,,,,,,,,,,,,,,,,,,,,,,,,,,,,,,,,,,,,,,,,,,,,,,,,,,,,,
7F-CW-2.ST,(CW2出水溫度     ),DEG C,28.1,28.2,28.1,28.2,28.0,28.0,28.0,27.9,28.0,28.0,27.9,27.9,28.0,27.9,27.8,27.9,27.8,27.7,27.8,27.7,27.8,27.8,27.7,27.8,27.7,27.8,27.6,27.5,27.5,27.6,27.4,27.4,27.4,27.4,27.4,27.3,27.3,27.4,27.4,27.3,27.4,27.3,27.3,27.3,27.4,27.3,27.3,27.3,25.5,24.5,37.2,38.3,38.0,38.3,38.0,38.1,,,,,,,,,,,,,,,,,,,,,,,,,,,,,,,,,,,,,,,,,,,,,,,,,,,,,,,,,,,,,,,,,,,,,,,,,,,,,,,,,,,,,,,,
7F-CW-3.ST,(CW3出水溫度     ),DEG C,30.4,30.4,30.4,30.4,30.3,30.3,30.3,30.3,30.3,30.3,30.2,30.2,30.2,30.2,30.2,30.2,30.2,30.1,30.1,30.1,30.1,30.1,30.0,30.0,30.0,30.0,30.0,30.0,29.9,29.9,29.9,29.9,29.9,29.8,29.8,29.8,29.8,29.8,29.7,29.7,29.7,29.7,29.7,29.7,29.6,29.6,29.6,29.6,29.6,29.6,29.6,29.5,29.5,29.5,29.5,29.5,,,,,,,,,,,,,,,,,,,,,,,,,,,,,,,,,,,,,,,,,,,,,,,,,,,,,,,,,,,,,,,,,,,,,,,,,,,,,,,,,,,,,,,,
7F-CW-4.ST,(CW4出水溫度     ),DEG C,27.3,27.4,27.4,27.4,27.4,27.4,27.5,27.5,27.5,27.5,27.5,27.5,27.5,27.6,27.6,27.6,27.6,27.6,27.6,27.6,27.7,27.7,27.7,27.7,27.7,27.7,27.6,27.7,27.7,27.7,27.7,27.7,27.7,27.7,27.7,27.7,27.7,27.7,27.7,27.7,27.7,27.7,27.8,27.7,27.7,27.7,27.7,27.7,27.7,27.7,27.7,27.8,27.8,27.8,27.8,27.8,,,,,,,,,,,,,,,,,,,,,,,,,,,,,,,,,,,,,,,,,,,,,,,,,,,,,,,,,,,,,,,,,,,,,,,,,,,,,,,,,,,,,,,,
7F-CW-5.ST,(CW5出水溫度     ),DEG C,31.9,31.9,31.8,31.8,31.7,31.7,31.7,31.6,31.6,31.5,31.5,31.4,31.4,31.4,31.3,31.3,31.2,31.2,31.2,31.1,31.1,31.0,31.0,31.0,30.9,30.9,30.8,30.8,30.8,30.7,30.7,30.6,30.6,30.5,30.5,30.5,30.4,30.4,30.3,30.3,30.3,30.2,30.2,30.1,30.1,30.1,30.0,30.0,30.0,29.9,29.9,29.9,29.8,29.8,29.8,29.8,,,,,,,,,,,,,,,,,,,,,,,,,,,,,,,,,,,,,,,,,,,,,,,,,,,,,,,,,,,,,,,,,,,,,,,,,,,,,,,,,,,,,,,,
7F-CW.ST,(冷卻水總出水溫度),,0.0,0.0,0.0,0.0,0.0,0.0,0.0,0.0,0.0,0.0,0.0,0.0,0.0,0.0,0.0,0.0,0.0,0.0,0.0,0.0,0.0,0.0,0.0,0.0,0.0,0.0,0.0,0.0,0.0,0.0,0.0,0.0,0.0,0.0,0.0,0.0,0.0,0.0,0.0,0.0,0.0,0.0,0.0,0.0,0.0,0.0,0.0,0.0,25.5,24.5,37.2,38.3,38.0,38.3,31.9,31.7,,,,,,,,,,,,,,,,,,,,,,,,,,,,,,,,,,,,,,,,,,,,,,,,,,,,,,,,,,,,,,,,,,,,,,,,,,,,,,,,,,,,,,,,
7F-CW-1.RT,(CW1回水溫度     ),,26.5,26.5,26.6,26.6,26.7,26.7,26.7,26.8,26.8,26.9,26.9,26.9,27.0,27.0,27.0,27.0,27.1,27.1,27.1,27.1,27.2,27.2,27.2,27.2,27.2,27.3,27.3,27.3,27.3,27.3,27.3,27.3,27.4,27.4,27.4,27.4,27.4,27.4,27.4,27.4,27.4,27.5,27.5,27.5,27.5,27.5,27.5,27.5,27.5,27.5,27.5,27.5,27.5,27.5,25.6,25.1,,,,,,,,,,,,,,,,,,,,,,,,,,,,,,,,,,,,,,,,,,,,,,,,,,,,,,,,,,,,,,,,,,,,,,,,,,,,,,,,,,,,,,,,
7F-CW-2.RT,(CW2回水溫度     ),,28.6,28.6,28.6,28.6,28.6,28.7,28.7,28.7,28.7,28.7,28.7,28.7,28.7,28.7,28.7,28.7,28.7,28.7,28.7,28.7,28.7,28.7,28.7,28.7,28.7,28.7,28.7,28.7,28.7,28.7,28.7,28.8,28.8,28.8,28.8,28.8,28.8,28.8,28.8,28.8,28.8,28.8,28.8,28.8,28.8,28.8,28.8,28.8,25.3,24.5,31.8,32.8,32.6,32.6,32.4,32.5,,,,,,,,,,,,,,,,,,,,,,,,,,,,,,,,,,,,,,,,,,,,,,,,,,,,,,,,,,,,,,,,,,,,,,,,,,,,,,,,,,,,,,,,
7F-CW-3.RT,(CW3回水溫度     ),,31.4,31.4,31.4,31.4,31.4,31.4,31.3,31.3,31.3,31.3,31.3,31.3,31.2,31.2,31.2,31.2,31.2,31.2,31.1,31.1,31.1,31.1,31.1,31.0,31.0,31.0,31.0,30.9,30.9,30.9,30.9,30.9,30.8,30.8,30.8,30.8,30.8,30.7,30.7,30.7,30.7,30.7,30.6,30.6,30.6,30.6,30.6,30.5,30.5,30.5,30.5,30.4,30.4,30.4,30.4,30.3,,,,,,,,,,,,,,,,,,,,,,,,,,,,,,,,,,,,,,,,,,,,,,,,,,,,,,,,,,,,,,,,,,,,,,,,,,,,,,,,,,,,,,,,
7F-CW-4.RT,(CW4回水溫度     ),,27.7,27.7,27.8,27.8,27.8,27.8,27.9,27.9,27.9,27.9,27.9,27.9,27.9,27.9,28.0,28.0,28.0,28.0,28.0,28.0,28.0,28.0,28.0,28.0,28.0,28.0,28.0,28.0,28.0,28.0,28.0,28.0,28.0,28.0,28.0,28.0,28.0,28.0,28.0,28.0,28.0,28.0,28.0,28.0,28.0,28.0,28.0,28.0,28.0,28.0,28.0,28.0,28.0,28.0,28.0,28.0,,,,,,,,,,,,,,,,,,,,,,,,,,,,,,,,,,,,,,,,,,,,,,,,,,,,,,,,,,,,,,,,,,,,,,,,,,,,,,,,,,,,,,,,
7F-CW-5.RT,(CW5回水溫度     ),,32.8,32.7,32.7,32.6,32.6,32.6,32.5,32.5,32.4,32.4,32.3,32.3,32.3,32.2,32.2,32.1,32.1,32.0,32.0,31.9,31.9,31.8,31.8,31.8,31.7,31.7,31.6,31.6,31.5,31.5,31.4,31.4,31.4,31.3,31.3,31.2,31.2,31.1,31.1,31.0,31.0,30.9,30.9,30.9,30.8,30.8,30.7,30.7,30.7,30.6,30.6,30.5,30.5,30.5,30.4,30.4,,,,,,,,,,,,,,,,,,,,,,,,,,,,,,,,,,,,,,,,,,,,,,,,,,,,,,,,,,,,,,,,,,,,,,,,,,,,,,,,,,,,,,,,
7F-CW.RT,(冷卻水總回水溫度),,0.0,0.0,0.0,0.0,0.0,0.0,0.0,0.0,0.0,0.0,0.0,0.0,0.0,0.0,0.0,0.0,0.0,0.0,0.0,0.0,0.0,0.0,0.0,0.0,0.0,0.0,0.0,0.0,0.0,0.0,0.0,0.0,0.0,0.0,0.0,0.0,0.0,0.0,0.0,0.0,0.0,0.0,0.0,0.0,0.0,0.0,0.0,0.0,25.3,24.5,31.8,32.8,32.6,32.6,29.0,28.8,,,,,,,,,,,,,,,,,,,,,,,,,,,,,,,,,,,,,,,,,,,,,,,,,,,,,,,,,,,,,,,,,,,,,,,,,,,,,,,,,,,,,,,,
7F-CH-1.CWDT,(冷卻水溫差      ),DEG C,0.0,0.0,0.0,0.0,0.0,0.0,0.0,0.0,0.0,0.0,0.0,0.0,0.0,0.0,0.0,0.0,0.0,0.0,0.0,0.0,0.0,0.0,0.0,0.0,0.0,0.0,0.0,0.0,0.0,0.0,0.0,0.0,0.0,0.0,0.0,0.0,0.0,0.0,0.0,0.0,0.0,0.0,0.0,0.0,0.0,0.0,0.0,0.0,0.0,0.0,0.0,0.0,0.0,0.0,0.2,0.1,,,,,,,,,,,,,,,,,,,,,,,,,,,,,,,,,,,,,,,,,,,,,,,,,,,,,,,,,,,,,,,,,,,,,,,,,,,,,,,,,,,,,,,,
7F-CH-2.CWDT,(冷卻水溫差      ),DEG C,0.0,0.0,0.0,0.0,0.0,0.0,0.0,0.0,0.0,0.0,0.0,0.0,0.0,0.0,0.0,0.0,0.0,0.0,0.0,0.0,0.0,0.0,0.0,0.0,0.0,0.0,0.0,0.0,0.0,0.0,0.0,0.0,0.0,0.0,0.0,0.0,0.0,0.0,0.0,0.0,0.0,0.0,0.0,0.0,0.0,0.0,0.0,0.0,0.3,0.1,5.4,5.6,5.4,5.6,5.6,5.6,,,,,,,,,,,,,,,,,,,,,,,,,,,,,,,,,,,,,,,,,,,,,,,,,,,,,,,,,,,,,,,,,,,,,,,,,,,,,,,,,,,,,,,,
7F-CH-3.CWDT,(冷卻水溫差      ),DEG C,0.0,0.0,0.0,0.0,0.0,0.0,0.0,0.0,0.0,0.0,0.0,0.0,0.0,0.0,0.0,0.0,0.0,0.0,0.0,0.0,0.0,0.0,0.0,0.0,0.0,0.0,0.0,0.0,0.0,0.0,0.0,0.0,0.0,0.0,0.0,0.0,0.0,0.0,0.0,0.0,0.0,0.0,0.0,0.0,0.0,0.0,0.0,0.0,0.0,0.0,0.0,0.0,0.0,0.0,0.0,0.0,,,,,,,,,,,,,,,,,,,,,,,,,,,,,,,,,,,,,,,,,,,,,,,,,,,,,,,,,,,,,,,,,,,,,,,,,,,,,,,,,,,,,,,,
7F-CH-4.CWDT,(冷卻水溫差      ),DEG C,0.0,0.0,0.0,0.0,0.0,0.0,0.0,0.0,0.0,0.0,0.0,0.0,0.0,0.0,0.0,0.0,0.0,0.0,0.0,0.0,0.0,0.0,0.0,0.0,0.0,0.0,0.0,0.0,0.0,0.0,0.0,0.0,0.0,0.0,0.0,0.0,0.0,0.0,0.0,0.0,0.0,0.0,0.0,0.0,0.0,0.0,0.0,0.0,0.0,0.0,0.0,0.0,0.0,0.0,0.0,0.0,,,,,,,,,,,,,,,,,,,,,,,,,,,,,,,,,,,,,,,,,,,,,,,,,,,,,,,,,,,,,,,,,,,,,,,,,,,,,,,,,,,,,,,,
7F-CH-5.CWDT,(冷卻水溫差      ),DEG C,0.0,0.0,0.0,0.0,0.0,0.0,0.0,0.0,0.0,0.0,0.0,0.0,0.0,0.0,0.0,0.0,0.0,0.0,0.0,0.0,0.0,0.0,0.0,0.0,0.0,0.0,0.0,0.0,0.0,0.0,0.0,0.0,0.0,0.0,0.0,0.0,0.0,0.0,0.0,0.0,0.0,0.0,0.0,0.0,0.0,0.0,0.0,0.0,0.0,0.0,0.0,0.0,0.0,0.0,0.0,0.0,,,,,,,,,,,,,,,,,,,,,,,,,,,,,,,,,,,,,,,,,,,,,,,,,,,,,,,,,,,,,,,,,,,,,,,,,,,,,,,,,,,,,,,,
7F-CHSYS.CWDT,(冷卻水系統溫差  ),DEG C,0.0,0.0,0.0,0.0,0.0,0.0,0.0,0.0,0.0,0.0,0.0,0.0,0.0,0.0,0.0,0.0,0.0,0.0,0.0,0.0,0.0,0.0,0.0,0.0,0.0,0.0,0.0,0.0,0.0,0.0,0.0,0.0,0.0,0.0,0.0,0.0,0.0,0.0,0.0,0.0,0.0,0.0,0.0,0.0,0.0,0.0,0.0,0.0,0.2,0.1,5.4,5.6,5.4,5.6,2.9,2.9,,,,,,,,,,,,,,,,,,,,,,,,,,,,,,,,,,,,,,,,,,,,,,,,,,,,,,,,,,,,,,,,,,,,,,,,,,,,,,,,,,,,,,,,
7F-CW-1.FM,(CW1水流量       ),,18,15,15,15,15,15,15,15,15,15,18,15,15,15,15,15,15,15,15,15,15,15,18,15,15,15,15,15,15,15,15,15,15,15,15,15,15,15,15,15,15,15,15,15,15,17,17,17,17,17,17,14,14,17,8123,7839,,,,,,,,,,,,,,,,,,,,,,,,,,,,,,,,,,,,,,,,,,,,,,,,,,,,,,,,,,,,,,,,,,,,,,,,,,,,,,,,,,,,,,,,
7F-CW-2.FM,(CW2水流量       ),,15,15,15,15,15,15,15,15,15,15,15,15,15,15,15,14,14,14,14,14,14,14,14,15,15,15,15,14,14,14,14,14,14,14,12,15,12,17,15,15,14,14,14,14,14,14,14,14,17,14,881,3368,3298,2998,3026,2753,,,,,,,,,,,,,,,,,,,,,,,,,,,,,,,,,,,,,,,,,,,,,,,,,,,,,,,,,,,,,,,,,,,,,,,,,,,,,,,,,,,,,,,,
7F-CW-3.FM,(CW3水流量       ),,21,21,21,21,21,21,21,21,21,21,21,21,21,21,21,18,21,21,21,21,21,18,21,21,21,21,21,21,21,21,18,21,21,23,21,21,18,18,17,18,18,21,21,21,18,18,18,21,18,18,18,17,18,18,18,18,,,,,,,,,,,,,,,,,,,,,,,,,,,,,,,,,,,,,,,,,,,,,,,,,,,,,,,,,,,,,,,,,,,,,,,,,,,,,,,,,,,,,,,,
7F-CW-4.FM,(CW4水流量       ),,17,17,14,17,17,14,14,14,17,14,14,14,17,14,14,14,14,14,14,14,14,14,14,17,14,14,14,14,14,14,14,14,14,17,17,14,14,14,14,14,17,14,14,14,14,14,14,14,15,12,15,14,14,14,15,15,,,,,,,,,,,,,,,,,,,,,,,,,,,,,,,,,,,,,,,,,,,,,,,,,,,,,,,,,,,,,,,,,,,,,,,,,,,,,,,,,,,,,,,,
7F-CW-5.FM,(CW5水流量       ),,17,15,18,15,15,15,15,15,15,15,15,15,15,15,15,17,14,14,17,17,14,17,14,17,14,14,14,14,14,14,14,14,14,14,17,14,15,15,15,14,14,14,14,14,14,14,17,14,14,14,14,14,14,14,14,14,,,,,,,,,,,,,,,,,,,,,,,,,,,,,,,,,,,,,,,,,,,,,,,,,,,,,,,,,,,,,,,,,,,,,,,,,,,,,,,,,,,,,,,,
7F-CW.FM,(冷卻水總流量    ),,90,85,85,89,85,82,82,82,85,82,82,82,85,79,79,82,79,79,82,82,79,79,79,87,81,81,81,79,79,76,79,79,76,84,78,81,82,81,78,78,79,76,79,79,79,81,78,81,82,79,920,3456,3362,3062,11198,10628,,,,,,,,,,,,,,,,,,,,,,,,,,,,,,,,,,,,,,,,,,,,,,,,,,,,,,,,,,,,,,,,,,,,,,,,,,,,,,,,,,,,,,,,
CH1F7:KW,(                ),kW,0.0,0.0,0.0,0.0,0.0,0.0,0.0,0.0,0.0,0.0,0.0,0.0,0.0,0.0,0.0,0.0,0.0,0.0,0.0,0.0,0.0,0.0,0.0,0.0,0.0,0.0,0.0,0.0,0.0,0.0,0.0,0.0,0.0,0.0,0.0,0.0,0.0,0.0,0.0,0.0,0.0,0.0,0.0,0.0,0.0,0.0,0.0,0.0,0.0,0.0,0.0,0.0,0.0,0.0,0.0,0.0,,,,,,,,,,,,,,,,,,,,,,,,,,,,,,,,,,,,,,,,,,,,,,,,,,,,,,,,,,,,,,,,,,,,,,,,,,,,,,,,,,,,,,,,
CH2F7:KW,(                ),kW,0.0,0.7,0.0,0.0,0.8,0.0,0.8,0.0,0.8,0.8,0.0,0.8,0.0,0.8,0.8,0.0,0.8,0.0,0.8,0.8,0.0,0.8,0.0,0.8,0.0,0.8,0.8,0.0,0.7,0.0,0.0,0.7,0.0,0.7,0.7,0.0,0.7,0.7,0.0,0.7,0.7,0.0,0.7,0.7,0.0,0.7,0.0,0.0,0.7,0.0,531.5,531.1,528.9,541.0,533.4,534.7,,,,,,,,,,,,,,,,,,,,,,,,,,,,,,,,,,,,,,,,,,,,,,,,,,,,,,,,,,,,,,,,,,,,,,,,,,,,,,,,,,,,,,,,
CH3F7:KW,(                ),kW,0.0,0.0,0.7,0.7,0.0,0.0,0.7,0.7,0.0,0.0,0.7,0.7,0.7,0.0,0.0,0.7,0.7,0.0,0.0,0.7,0.7,0.7,0.0,0.7,0.7,0.7,0.0,0.0,0.7,0.7,0.0,0.0,0.7,0.7,0.7,0.0,0.0,0.7,0.7,0.0,0.0,0.7,0.7,0.7,0.0,0.0,0.7,0.7,0.0,0.0,0.7,0.7,0.7,0.0,0.7,0.7,,,,,,,,,,,,,,,,,,,,,,,,,,,,,,,,,,,,,,,,,,,,,,,,,,,,,,,,,,,,,,,,,,,,,,,,,,,,,,,,,,,,,,,,
CH4F7:KW,(                ),kW,0.0,0.0,0.0,0.0,0.0,0.0,0.0,0.0,0.0,0.0,0.0,0.0,0.0,0.0,0.0,0.0,0.0,0.0,0.0,0.0,0.0,0.0,0.0,0.0,0.0,0.0,0.0,0.0,0.0,0.0,0.0,0.0,0.0,0.0,0.0,0.0,0.0,0.0,0.0,0.0,0.0,0.0,0.0,0.0,0.0,0.0,0.0,0.0,0.0,0.0,0.0,0.0,0.0,0.0,0.0,0.0,,,,,,,,,,,,,,,,,,,,,,,,,,,,,,,,,,,,,,,,,,,,,,,,,,,,,,,,,,,,,,,,,,,,,,,,,,,,,,,,,,,,,,,,
CH5F7:KW,(                ),kW,0.0,0.0,0.0,0.0,0.0,0.0,0.0,0.0,0.0,0.0,0.0,0.0,0.0,0.0,0.0,0.0,0.0,0.0,0.0,0.0,0.0,0.0,0.0,0.0,0.0,0.0,0.0,0.0,0.0,0.0,0.0,0.0,0.0,0.0,0.0,0.0,0.0,0.0,0.0,0.0,0.0,0.0,0.0,0.0,0.0,0.0,0.0,0.0,0.0,0.0,0.0,0.0,0.0,0.0,0.0,0.0,,,,,,,,,,,,,,,,,,,,,,,,,,,,,,,,,,,,,,,,,,,,,,,,,,,,,,,,,,,,,,,,,,,,,,,,,,,,,,,,,,,,,,,,
CHF7-ALL.KW,(冰機系統功率    ),,0.0,0.7,0.7,0.7,0.8,0.0,1.4,0.7,0.8,0.8,0.7,1.4,0.7,0.8,0.8,0.7,1.4,0.0,0.8,1.5,0.7,1.5,0.0,1.5,0.7,1.4,0.8,0.0,1.4,0.7,0.0,0.7,0.7,1.4,1.4,0.0,0.7,1.4,0.7,0.7,0.7,0.7,1.4,1.4,0.0,0.7,0.7,0.7,0.7,0.0,532.2,531.8,529.6,541.0,534.1,535.4,,,,,,,,,,,,,,,,,,,,,,,,,,,,,,,,,,,,,,,,,,,,,,,,,,,,,,,,,,,,,,,,,,,,,,,,,,,,,,,,,,,,,,,,
7F-CH-1.TON,(冷凍頓          ),,0,0,0,0,0,0,0,0,0,0,0,0,0,0,0,0,0,0,0,0,0,0,0,0,0,0,0,0,0,0,0,0,0,0,0,0,0,0,0,0,0,0,0,0,0,0,0,0,0,0,0,0,0,0,0,0,,,,,,,,,,,,,,,,,,,,,,,,,,,,,,,,,,,,,,,,,,,,,,,,,,,,,,,,,,,,,,,,,,,,,,,,,,,,,,,,,,,,,,,,
7F-CH-2.TON,(冷凍頓          ),,0,0,0,0,0,0,0,0,0,0,0,0,0,0,0,0,0,0,0,0,0,0,0,0,0,0,0,0,0,0,0,0,0,0,0,0,0,0,0,0,0,0,0,0,0,0,0,0,0,0,699,651,629,674,656,660,,,,,,,,,,,,,,,,,,,,,,,,,,,,,,,,,,,,,,,,,,,,,,,,,,,,,,,,,,,,,,,,,,,,,,,,,,,,,,,,,,,,,,,,
7F-CH-3.TON,(冷凍頓          ),,0,0,0,0,0,0,0,0,0,0,0,0,0,0,0,0,0,0,0,0,0,0,0,0,0,0,0,0,0,0,0,0,0,0,0,0,0,0,0,0,0,0,0,0,0,0,0,0,0,0,0,0,0,0,0,0,,,,,,,,,,,,,,,,,,,,,,,,,,,,,,,,,,,,,,,,,,,,,,,,,,,,,,,,,,,,,,,,,,,,,,,,,,,,,,,,,,,,,,,,
7F-CH-4.TON,(冷凍頓          ),,0,0,0,0,0,0,0,0,0,0,0,0,0,0,0,0,0,0,0,0,0,0,0,0,0,0,0,0,0,0,0,0,0,0,0,0,0,0,0,0,0,0,0,0,0,0,0,0,0,0,0,0,0,0,0,0,,,,,,,,,,,,,,,,,,,,,,,,,,,,,,,,,,,,,,,,,,,,,,,,,,,,,,,,,,,,,,,,,,,,,,,,,,,,,,,,,,,,,,,,
7F-CH-5.TON,(冷凍頓          ),,0,0,0,0,0,0,0,0,0,0,0,0,0,0,0,0,0,0,0,0,0,0,0,0,0,0,0,0,0,0,0,0,0,0,0,0,0,0,0,0,0,0,0,0,0,0,0,0,0,0,0,0,0,0,0,0,,,,,,,,,,,,,,,,,,,,,,,,,,,,,,,,,,,,,,,,,,,,,,,,,,,,,,,,,,,,,,,,,,,,,,,,,,,,,,,,,,,,,,,,
7F-CHSYS.TON,(冷凍頓          ),,0,0,0,0,0,0,0,0,0,0,0,0,0,0,0,0,0,0,0,0,0,0,0,0,0,0,0,0,0,0,0,0,0,0,0,0,0,0,0,0,0,0,0,0,0,0,0,0,0,0,287,245,247,515,161,149,,,,,,,,,,,,,,,,,,,,,,,,,,,,,,,,,,,,,,,,,,,,,,,,,,,,,,,,,,,,,,,,,,,,,,,,,,,,,,,,,,,,,,,,
7F-CH-1.KW/RT,(冰機效率        ),,0.00,0.00,0.00,0.00,0.00,0.00,0.00,0.00,0.00,0.00,0.00,0.00,0.00,0.00,0.00,0.00,0.00,0.00,0.00,0.00,0.00,0.00,0.00,0.00,0.00,0.00,0.00,0.00,0.00,0.00,0.00,0.00,0.00,0.00,0.00,0.00,0.00,0.00,0.00,0.00,0.00,0.00,0.00,0.00,0.00,0.00,0.00,0.00,0.00,0.00,0.00,0.00,0.00,0.00,0.00,0.00,,,,,,,,,,,,,,,,,,,,,,,,,,,,,,,,,,,,,,,,,,,,,,,,,,,,,,,,,,,,,,,,,,,,,,,,,,,,,,,,,,,,,,,,
7F-CH-2.KW/RT,(冰機效率        ),,0.00,0.00,0.00,0.00,0.00,0.00,0.00,0.00,0.00,0.00,0.00,0.00,0.00,0.00,0.00,0.00,0.00,0.00,0.00,0.00,0.00,0.00,0.00,0.00,0.00,0.00,0.00,0.00,0.00,0.00,0.00,0.00,0.00,0.00,0.00,0.00,0.00,0.00,0.00,0.00,0.00,0.00,0.00,0.00,0.00,0.00,0.00,0.00,0.00,0.00,0.75,0.81,0.83,0.78,0.80,0.79,,,,,,,,,,,,,,,,,,,,,,,,,,,,,,,,,,,,,,,,,,,,,,,,,,,,,,,,,,,,,,,,,,,,,,,,,,,,,,,,,,,,,,,,
7F-CH-3.KW/RT,(冰機效率        ),,0.00,0.00,0.00,0.00,0.00,0.00,0.00,0.00,0.00,0.00,0.00,0.00,0.00,0.00,0.00,0.00,0.00,0.00,0.00,0.00,0.00,0.00,0.00,0.00,0.00,0.00,0.00,0.00,0.00,0.00,0.00,0.00,0.00,0.00,0.00,0.00,0.00,0.00,0.00,0.00,0.00,0.00,0.00,0.00,0.00,0.00,0.00,0.00,0.00,0.00,0.00,0.00,0.00,0.00,0.00,0.00,,,,,,,,,,,,,,,,,,,,,,,,,,,,,,,,,,,,,,,,,,,,,,,,,,,,,,,,,,,,,,,,,,,,,,,,,,,,,,,,,,,,,,,,
7F-CH-4.KW/RT,(冰機效率        ),,0.00,0.00,0.00,0.00,0.00,0.00,0.00,0.00,0.00,0.00,0.00,0.00,0.00,0.00,0.00,0.00,0.00,0.00,0.00,0.00,0.00,0.00,0.00,0.00,0.00,0.00,0.00,0.00,0.00,0.00,0.00,0.00,0.00,0.00,0.00,0.00,0.00,0.00,0.00,0.00,0.00,0.00,0.00,0.00,0.00,0.00,0.00,0.00,0.00,0.00,0.00,0.00,0.00,0.00,0.00,0.00,,,,,,,,,,,,,,,,,,,,,,,,,,,,,,,,,,,,,,,,,,,,,,,,,,,,,,,,,,,,,,,,,,,,,,,,,,,,,,,,,,,,,,,,
7F-CH-5.KW/RT,(冰機效率        ),,0.00,0.00,0.00,0.00,0.00,0.00,0.00,0.00,0.00,0.00,0.00,0.00,0.00,0.00,0.00,0.00,0.00,0.00,0.00,0.00,0.00,0.00,0.00,0.00,0.00,0.00,0.00,0.00,0.00,0.00,0.00,0.00,0.00,0.00,0.00,0.00,0.00,0.00,0.00,0.00,0.00,0.00,0.00,0.00,0.00,0.00,0.00,0.00,0.00,0.00,0.00,0.00,0.00,0.00,0.00,0.00,,,,,,,,,,,,,,,,,,,,,,,,,,,,,,,,,,,,,,,,,,,,,,,,,,,,,,,,,,,,,,,,,,,,,,,,,,,,,,,,,,,,,,,,
7F-CHSYS.KW/RT,(冰水系統效率    ),,0.00,0.00,0.00,0.00,0.00,0.00,0.00,0.00,0.00,0.00,0.00,0.00,0.00,0.00,0.00,0.00,0.00,0.00,0.00,0.00,0.00,0.00,0.00,0.00,0.00,0.00,0.00,0.00,0.00,0.00,0.00,0.00,0.00,0.00,0.00,0.00,0.00,0.00,0.00,0.00,0.00,0.00,0.00,0.00,0.00,0.00,0.00,0.00,0.00,0.00,3.87,4.53,4.49,2.16,6.88,7.44,,,,,,,,,,,,,,,,,,,,,,,,,,,,,,,,,,,,,,,,,,,,,,,,,,,,,,,,,,,,,,,,,,,,,,,,,,,,,,,,,,,,,,,,
7F-CW-1.TON,(冷卻水冷凍頓    ),,0,0,0,0,0,0,0,0,0,0,0,0,0,0,0,0,0,0,0,0,0,0,0,0,0,0,0,0,0,0,0,0,0,0,0,0,0,0,0,0,0,0,0,0,0,0,0,0,0,0,0,0,0,0,0,0,,,,,,,,,,,,,,,,,,,,,,,,,,,,,,,,,,,,,,,,,,,,,,,,,,,,,,,,,,,,,,,,,,,,,,,,,,,,,,,,,,,,,,,,
7F-CW-2.TON,(冷卻水冷凍頓    ),,0,0,0,0,0,0,0,0,0,0,0,0,0,0,0,0,0,0,0,0,0,0,0,0,0,0,0,0,0,0,0,0,0,0,0,0,0,0,0,0,0,0,0,0,0,0,0,0,0,0,94,374,352,335,333,304,,,,,,,,,,,,,,,,,,,,,,,,,,,,,,,,,,,,,,,,,,,,,,,,,,,,,,,,,,,,,,,,,,,,,,,,,,,,,,,,,,,,,,,,
7F-CW-3.TON,(冷卻水冷凍頓    ),,0,0,0,0,0,0,0,0,0,0,0,0,0,0,0,0,0,0,0,0,0,0,0,0,0,0,0,0,0,0,0,0,0,0,0,0,0,0,0,0,0,0,0,0,0,0,0,0,0,0,0,0,0,0,0,0,,,,,,,,,,,,,,,,,,,,,,,,,,,,,,,,,,,,,,,,,,,,,,,,,,,,,,,,,,,,,,,,,,,,,,,,,,,,,,,,,,,,,,,,
7F-CW-4.TON,(冷卻水冷凍頓    ),,0,0,0,0,0,0,0,0,0,0,0,0,0,0,0,0,0,0,0,0,0,0,0,0,0,0,0,0,0,0,0,0,0,0,0,0,0,0,0,0,0,0,0,0,0,0,0,0,0,0,0,0,0,0,0,0,,,,,,,,,,,,,,,,,,,,,,,,,,,,,,,,,,,,,,,,,,,,,,,,,,,,,,,,,,,,,,,,,,,,,,,,,,,,,,,,,,,,,,,,
7F-CW-5.TON,(冷卻水冷凍頓    ),,0,0,0,0,0,0,0,0,0,0,0,0,0,0,0,0,0,0,0,0,0,0,0,0,0,0,0,0,0,0,0,0,0,0,0,0,0,0,0,0,0,0,0,0,0,0,0,0,0,0,0,0,0,0,0,0,,,,,,,,,,,,,,,,,,,,,,,,,,,,,,,,,,,,,,,,,,,,,,,,,,,,,,,,,,,,,,,,,,,,,,,,,,,,,,,,,,,,,,,,
7F-CWSYS.TON,(冷凍頓          ),,0,0,0,0,0,0,0,0,0,0,0,0,0,0,0,0,0,0,0,0,0,0,0,0,0,0,0,0,0,0,0,0,0,0,0,0,0,0,0,0,0,0,0,0,0,0,0,0,0,0,98,386,360,342,640,604,,,,,,,,,,,,,,,,,,,,,,,,,,,,,,,,,,,,,,,,,,,,,,,,,,,,,,,,,,,,,,,,,,,,,,,,,,,,,,,,,,,,,,,,
7F-CH-1.HB,(                ),,0.00,0.00,0.00,0.00,0.00,0.00,0.00,0.00,0.00,0.00,0.00,0.00,0.00,0.00,0.00,0.00,0.00,0.00,0.00,0.00,0.00,0.00,0.00,0.00,0.00,0.00,0.00,0.00,0.00,0.00,0.00,0.00,0.00,0.00,0.00,0.00,0.00,0.00,0.00,0.00,0.00,0.00,0.00,0.00,0.00,0.00,0.00,0.00,0.00,0.00,0.00,0.00,0.00,0.00,0.00,0.00,,,,,,,,,,,,,,,,,,,,,,,,,,,,,,,,,,,,,,,,,,,,,,,,,,,,,,,,,,,,,,,,,,,,,,,,,,,,,,,,,,,,,,,,
7F-CH-2.HB,(                ),,0.00,0.00,0.00,0.00,0.00,0.00,0.00,0.00,0.00,0.00,0.00,0.00,0.00,0.00,0.00,0.00,0.00,0.00,0.00,0.00,0.00,0.00,0.00,0.00,0.00,0.00,0.00,0.00,0.00,0.00,0.00,0.00,0.00,0.00,0.00,0.00,0.00,0.00,0.00,0.00,0.00,0.00,0.00,0.00,0.00,0.00,0.00,0.00,0.00,0.00,794.30,113.82,121.02,145.58,141.41,165.96,,,,,,,,,,,,,,,,,,,,,,,,,,,,,,,,,,,,,,,,,,,,,,,,,,,,,,,,,,,,,,,,,,,,,,,,,,,,,,,,,,,,,,,,
7F-CH-3.HB,(                ),,0.00,0.00,0.00,0.00,0.00,0.00,0.00,0.00,0.00,0.00,0.00,0.00,0.00,0.00,0.00,0.00,0.00,0.00,0.00,0.00,0.00,0.00,0.00,0.00,0.00,0.00,0.00,0.00,0.00,0.00,0.00,0.00,0.00,0.00,0.00,0.00,0.00,0.00,0.00,0.00,0.00,0.00,0.00,0.00,0.00,0.00,0.00,0.00,0.00,0.00,0.00,0.00,0.00,0.00,0.00,0.00,,,,,,,,,,,,,,,,,,,,,,,,,,,,,,,,,,,,,,,,,,,,,,,,,,,,,,,,,,,,,,,,,,,,,,,,,,,,,,,,,,,,,,,,
7F-CH-4.HB,(                ),,0.00,0.00,0.00,0.00,0.00,0.00,0.00,0.00,0.00,0.00,0.00,0.00,0.00,0.00,0.00,0.00,0.00,0.00,0.00,0.00,0.00,0.00,0.00,0.00,0.00,0.00,0.00,0.00,0.00,0.00,0.00,0.00,0.00,0.00,0.00,0.00,0.00,0.00,0.00,0.00,0.00,0.00,0.00,0.00,0.00,0.00,0.00,0.00,0.00,0.00,0.00,0.00,0.00,0.00,0.00,0.00,,,,,,,,,,,,,,,,,,,,,,,,,,,,,,,,,,,,,,,,,,,,,,,,,,,,,,,,,,,,,,,,,,,,,,,,,,,,,,,,,,,,,,,,
7F-CH-5.HB,(                ),,0.00,0.00,0.00,0.00,0.00,0.00,0.00,0.00,0.00,0.00,0.00,0.00,0.00,0.00,0.00,0.00,0.00,0.00,0.00,0.00,0.00,0.00,0.00,0.00,0.00,0.00,0.00,0.00,0.00,0.00,0.00,0.00,0.00,0.00,0.00,0.00,0.00,0.00,0.00,0.00,0.00,0.00,0.00,0.00,0.00,0.00,0.00,0.00,0.00,0.00,0.00,0.00,0.00,0.00,0.00,0.00,,,,,,,,,,,,,,,,,,,,,,,,,,,,,,,,,,,,,,,,,,,,,,,,,,,,,,,,,,,,,,,,,,,,,,,,,,,,,,,,,,,,,,,,
7F-CHSYS.HB,(                ),,0.00,0.00,0.00,0.00,0.00,0.00,0.00,0.00,0.00,0.00,0.00,0.00,0.00,0.00,0.00,0.00,0.00,0.00,0.00,0.00,0.00,0.00,0.00,0.00,0.00,0.00,0.00,0.00,0.00,0.00,0.00,0.00,0.00,0.00,0.00,0.00,0.00,0.00,0.00,0.00,0.00,0.00,0.00,0.00,0.00,0.00,0.00,0.00,78989.60,362784.47,513.51,45.51,56.79,143.02, -25.23, -22.78,,,,,,,,,,,,,,,,,,,,,,,,,,,,,,,,,,,,,,,,,,,,,,,,,,,,,,,,,,,,,,,,,,,,,,,,,,,,,,,,,,,,,,,,
CHP1F7:KW,(                ),kW,0.0,0.0,0.0,0.0,0.0,0.0,0.0,0.0,0.0,0.0,0.0,0.0,0.0,0.0,0.0,0.0,0.0,0.0,0.0,0.0,0.0,0.0,0.0,0.0,0.0,0.0,0.0,0.0,0.0,0.0,0.0,0.0,0.0,0.0,0.0,0.0,0.0,0.0,0.0,0.0,0.0,0.0,0.0,0.0,0.0,0.0,0.0,0.0,0.0,0.0,0.0,0.0,0.0,0.0,31.5,31.5,,,,,,,,,,,,,,,,,,,,,,,,,,,,,,,,,,,,,,,,,,,,,,,,,,,,,,,,,,,,,,,,,,,,,,,,,,,,,,,,,,,,,,,,
CHP2F7:KW,(                ),kW,0.0,0.0,0.0,0.0,0.0,0.0,0.0,0.0,0.0,0.0,0.0,0.0,0.0,0.0,0.0,0.0,0.0,0.0,0.0,0.0,0.0,0.0,0.0,0.0,0.0,0.0,0.0,0.0,0.0,0.0,0.0,0.0,0.0,0.0,0.0,0.0,0.0,0.0,0.0,0.0,0.0,0.0,0.0,0.0,0.0,0.0,0.0,0.0,31.0,31.1,29.4,29.2,29.5,28.4,28.7,28.8,,,,,,,,,,,,,,,,,,,,,,,,,,,,,,,,,,,,,,,,,,,,,,,,,,,,,,,,,,,,,,,,,,,,,,,,,,,,,,,,,,,,,,,,
CHP3F7:KW,(                ),kW,0.0,0.0,0.0,0.0,0.0,0.0,0.0,0.0,0.0,0.0,0.0,0.0,0.0,0.0,0.0,0.0,0.0,0.0,0.0,0.0,0.0,0.0,0.0,0.0,0.0,0.0,0.0,0.0,0.0,0.0,0.0,0.0,0.0,0.0,0.0,0.0,0.0,0.0,0.0,0.0,0.0,0.0,0.0,0.0,0.0,0.0,0.0,0.0,0.0,0.0,0.0,0.0,0.0,0.0,0.0,0.0,,,,,,,,,,,,,,,,,,,,,,,,,,,,,,,,,,,,,,,,,,,,,,,,,,,,,,,,,,,,,,,,,,,,,,,,,,,,,,,,,,,,,,,,
CHP4F7:KW,(                ),kW,0.0,0.0,0.0,0.0,0.0,0.0,0.0,0.0,0.0,0.0,0.0,0.0,0.0,0.0,0.0,0.0,0.0,0.0,0.0,0.0,0.0,0.0,0.0,0.0,0.0,0.0,0.0,0.0,0.0,0.0,0.0,0.0,0.0,0.0,0.0,0.0,0.0,0.0,0.0,0.0,0.0,0.0,0.0,0.0,0.0,0.0,0.0,0.0,0.0,0.0,0.0,0.0,0.0,0.0,0.0,0.0,,,,,,,,,,,,,,,,,,,,,,,,,,,,,,,,,,,,,,,,,,,,,,,,,,,,,,,,,,,,,,,,,,,,,,,,,,,,,,,,,,,,,,,,
CHP5F7:KW,(                ),kW,0.0,0.0,0.0,0.0,0.0,0.0,0.0,0.0,0.0,0.0,0.0,0.0,0.0,0.0,0.0,0.0,0.0,0.0,0.0,0.0,0.0,0.0,0.0,0.0,0.0,0.0,0.0,0.0,0.0,0.0,0.0,0.0,0.0,0.0,0.0,0.0,0.0,0.0,0.0,0.0,0.0,0.0,0.0,0.0,0.0,0.0,0.0,0.0,0.0,0.0,0.0,0.0,0.0,0.0,0.0,0.0,,,,,,,,,,,,,,,,,,,,,,,,,,,,,,,,,,,,,,,,,,,,,,,,,,,,,,,,,,,,,,,,,,,,,,,,,,,,,,,,,,,,,,,,
CHPF7-ALL.KW,(冰水泵系統功率  ),,0.0,0.0,0.0,0.0,0.0,0.0,0.0,0.0,0.0,0.0,0.0,0.0,0.0,0.0,0.0,0.0,0.0,0.0,0.0,0.0,0.0,0.0,0.0,0.0,0.0,0.0,0.0,0.0,0.0,0.0,0.0,0.0,0.0,0.0,0.0,0.0,0.0,0.0,0.0,0.0,0.0,0.0,0.0,0.0,0.0,0.0,0.0,0.0,30.9,31.1,29.4,29.2,29.5,28.4,60.2,60.3,,,,,,,,,,,,,,,,,,,,,,,,,,,,,,,,,,,,,,,,,,,,,,,,,,,,,,,,,,,,,,,,,,,,,,,,,,,,,,,,,,,,,,,,
CWP1F7:KW,(                ),kW,0.0,0.0,0.0,0.0,0.0,0.0,0.0,0.0,0.0,0.0,0.0,0.0,0.0,0.0,0.0,0.0,0.0,0.0,0.0,0.0,0.0,0.0,0.0,0.0,0.0,0.0,0.0,0.0,0.0,0.0,0.0,0.0,0.0,0.0,0.0,0.0,0.0,0.0,0.0,0.0,0.0,0.0,0.0,0.0,0.0,0.0,0.0,0.0,0.0,0.0,0.0,0.0,0.0,0.0,30.3,30.3,,,,,,,,,,,,,,,,,,,,,,,,,,,,,,,,,,,,,,,,,,,,,,,,,,,,,,,,,,,,,,,,,,,,,,,,,,,,,,,,,,,,,,,,
CWP2F7:KW,(                ),kW,0.0,0.0,0.0,0.0,0.0,0.0,0.0,0.0,0.0,0.0,0.0,0.0,0.0,0.0,0.0,0.0,0.0,0.0,0.0,0.0,0.0,0.0,0.0,0.0,0.0,0.0,0.0,0.0,0.0,0.0,0.0,0.0,0.0,0.0,0.0,0.0,0.0,0.0,0.0,0.0,0.0,0.0,0.0,0.0,0.0,0.0,0.0,0.0,33.6,33.5,33.4,33.3,33.2,33.3,33.0,33.2,,,,,,,,,,,,,,,,,,,,,,,,,,,,,,,,,,,,,,,,,,,,,,,,,,,,,,,,,,,,,,,,,,,,,,,,,,,,,,,,,,,,,,,,
CWP3F7:KW,(                ),kW,0.0,0.0,0.0,0.0,0.0,0.0,0.0,0.0,0.0,0.0,0.0,0.0,0.0,0.0,0.0,0.0,0.0,0.0,0.0,0.0,0.0,0.0,0.0,0.0,0.0,0.0,0.0,0.0,0.0,0.0,0.0,0.0,0.0,0.0,0.0,0.0,0.0,0.0,0.0,0.0,0.0,0.0,0.0,0.0,0.0,0.0,0.0,0.0,0.0,0.0,0.0,0.0,0.0,0.0,0.0,0.0,,,,,,,,,,,,,,,,,,,,,,,,,,,,,,,,,,,,,,,,,,,,,,,,,,,,,,,,,,,,,,,,,,,,,,,,,,,,,,,,,,,,,,,,
CWP4F7:KW,(                ),kW,0.0,0.0,0.0,0.0,0.0,0.0,0.0,0.0,0.0,0.0,0.0,0.0,0.0,0.0,0.0,0.0,0.0,0.0,0.0,0.0,0.0,0.0,0.0,0.0,0.0,0.0,0.0,0.0,0.0,0.0,0.0,0.0,0.0,0.0,0.0,0.0,0.0,0.0,0.0,0.0,0.0,0.0,0.0,0.0,0.0,0.0,0.0,0.0,0.0,0.0,0.0,0.0,0.0,0.0,0.0,0.0,,,,,,,,,,,,,,,,,,,,,,,,,,,,,,,,,,,,,,,,,,,,,,,,,,,,,,,,,,,,,,,,,,,,,,,,,,,,,,,,,,,,,,,,
CWP5F7:KW,(                ),kW,0.0,0.0,0.0,0.0,0.0,0.0,0.0,0.0,0.0,0.0,0.0,0.0,0.0,0.0,0.0,0.0,0.0,0.0,0.0,0.0,0.0,0.0,0.0,0.0,0.0,0.0,0.0,0.0,0.0,0.0,0.0,0.0,0.0,0.0,0.0,0.0,0.0,0.0,0.0,0.0,0.0,0.0,0.0,0.0,0.0,0.0,0.0,0.0,0.0,0.0,0.0,0.0,0.0,0.0,0.0,0.0,,,,,,,,,,,,,,,,,,,,,,,,,,,,,,,,,,,,,,,,,,,,,,,,,,,,,,,,,,,,,,,,,,,,,,,,,,,,,,,,,,,,,,,,
CWPF7-ALL.KW,(冷卻水泵系統功率),,0.0,0.0,0.0,0.0,0.0,0.0,0.0,0.0,0.0,0.0,0.0,0.0,0.0,0.0,0.0,0.0,0.0,0.0,0.0,0.0,0.0,0.0,0.0,0.0,0.0,0.0,0.0,0.0,0.0,0.0,0.0,0.0,0.0,0.0,0.0,0.0,0.0,0.0,0.0,0.0,0.0,0.0,0.0,0.0,0.0,0.0,0.0,0.0,33.6,33.5,33.4,33.3,33.2,33.3,63.4,63.6,,,,,,,,,,,,,,,,,,,,,,,,,,,,,,,,,,,,,,,,,,,,,,,,,,,,,,,,,,,,,,,,,,,,,,,,,,,,,,,,,,,,,,,,
CH-B1-1.CST,(冰水送水溫度    ),DEG C,10.83,10.87,10.82,10.84,10.83,10.87,10.89,10.92,10.97,10.99,11.00,11.05,11.06,11.15,11.17,11.19,11.20,11.25,11.22,11.30,11.34,11.44,11.53,11.64,11.75,11.88,11.97,12.12,12.25,12.38,12.53,12.66,12.79,12.93,13.06,13.20,13.28,13.41,13.54,13.65,13.77,13.87,13.99,14.13,14.27,18.75,13.07,10.27,8.83,7.99,7.41,7.34,7.59,7.79,8.08,8.39,,,,,,,,,,,,,,,,,,,,,,,,,,,,,,,,,,,,,,,,,,,,,,,,,,,,,,,,,,,,,,,,,,,,,,,,,,,,,,,,,,,,,,,,
CH-B1-2.CST,(冰水送水溫度    ),DEG C,10.81,10.72,10.78,10.77,10.77,10.79,10.83,10.87,10.88,10.94,10.97,11.01,11.04,11.06,11.03,11.06,11.07,11.12,11.16,11.22,11.28,11.34,11.38,11.46,11.53,11.58,11.66,11.73,11.82,11.95,12.05,12.18,12.31,12.46,12.61,12.74,12.85,12.96,13.07,13.20,13.32,13.45,13.58,13.70,13.82,19.57,16.59,13.48,10.76,10.04,9.30,8.90,9.06,11.21,11.25,11.55,,,,,,,,,,,,,,,,,,,,,,,,,,,,,,,,,,,,,,,,,,,,,,,,,,,,,,,,,,,,,,,,,,,,,,,,,,,,,,,,,,,,,,,,
CHW.ST,(冰水總出水溫度  ),DEG C,11.1,11.1,11.2,11.2,11.2,11.2,11.3,11.3,11.3,11.4,11.4,11.4,11.5,11.5,11.5,11.5,11.6,11.6,11.8,11.9,12.1,12.2,12.3,12.5,12.7,12.9,12.9,13.0,13.2,13.2,13.4,13.6,13.7,13.8,14.0,14.2,14.2,14.3,14.5,14.6,14.6,14.8,14.9,15.0,15.1,18.9,14.1,11.2,9.3,8.6,8.0,7.8,8.0,8.8,9.1,9.4,,,,,,,,,,,,,,,,,,,,,,,,,,,,,,,,,,,,,,,,,,,,,,,,,,,,,,,,,,,,,,,,,,,,,,,,,,,,,,,,,,,,,,,,
CH-B1-1.CRT,(冰水進水溫度    ),DEG C,11.68,11.77,11.88,11.99,12.08,12.16,12.23,12.30,12.39,12.47,12.51,12.55,12.59,12.62,12.65,12.68,12.70,12.72,12.74,12.75,12.77,12.79,12.82,12.84,12.86,12.89,12.90,12.94,12.97,12.99,13.03,13.07,13.11,13.15,13.20,13.26,13.32,13.38,13.44,13.51,13.58,13.65,13.72,13.79,13.87,19.96,17.28,14.24,12.83,11.75,10.82,10.09,10.97,11.17,11.68,12.01,,,,,,,,,,,,,,,,,,,,,,,,,,,,,,,,,,,,,,,,,,,,,,,,,,,,,,,,,,,,,,,,,,,,,,,,,,,,,,,,,,,,,,,,
CH-B1-2.CRT,(冰水進水溫度    ),DEG C,10.73,10.80,10.88,10.98,11.06,11.15,11.25,11.33,11.41,11.52,11.58,11.66,11.75,11.82,11.91,11.99,12.06,12.12,12.22,12.30,12.41,12.50,12.58,12.65,12.75,12.89,12.97,13.05,13.15,13.25,13.35,13.45,13.56,13.69,13.76,13.87,13.92,13.97,14.05,14.08,14.19,14.24,14.29,14.39,14.46,19.66,16.44,13.36,10.61,9.99,9.26,8.90,9.05,11.21,11.25,11.55,,,,,,,,,,,,,,,,,,,,,,,,,,,,,,,,,,,,,,,,,,,,,,,,,,,,,,,,,,,,,,,,,,,,,,,,,,,,,,,,,,,,,,,,
CHW.RT,(冰水總回水溫度  ),DEG C,11.1,11.9,12.5,13.0,13.3,13.5,13.7,13.9,13.9,14.2,14.4,14.6,14.9,15.1,15.2,15.6,15.8,16.1,15.9,15.8,16.1,16.3,16.6,16.7,17.0,17.2,17.1,17.3,17.5,17.7,17.8,18.0,18.2,18.4,18.5,18.6,18.8,18.9,19.1,19.3,19.3,19.4,19.6,19.7,19.9,20.2,18.1,15.1,12.7,11.5,10.2,9.2,10.9,10.9,11.6,12.0,,,,,,,,,,,,,,,,,,,,,,,,,,,,,,,,,,,,,,,,,,,,,,,,,,,,,,,,,,,,,,,,,,,,,,,,,,,,,,,,,,,,,,,,
CH-B1-1.CHDT,(冰水溫差        ),DEG C,0.8,0.9,1.1,1.1,1.2,1.3,1.3,1.4,1.4,1.5,1.5,1.5,1.5,1.5,1.5,1.5,1.5,1.5,1.5,1.4,1.4,1.4,1.3,1.2,1.1,1.0,0.9,0.8,0.7,0.6,0.5,0.4,0.3,0.2,0.1,0.1,0.0, -0.0, -0.1, -0.1, -0.2, -0.2, -0.3, -0.3, -0.4,1.2,4.2,4.0,4.0,3.8,3.4,2.8,3.4,3.4,3.6,3.6,,,,,,,,,,,,,,,,,,,,,,,,,,,,,,,,,,,,,,,,,,,,,,,,,,,,,,,,,,,,,,,,,,,,,,,,,,,,,,,,,,,,,,,,
CH-B1-2.CHDT,(冰水溫差        ),DEG C, -0.1,0.1,0.1,0.2,0.3,0.4,0.4,0.5,0.5,0.6,0.6,0.7,0.7,0.8,0.9,0.9,1.0,1.0,1.1,1.1,1.1,1.2,1.2,1.2,1.2,1.3,1.3,1.3,1.3,1.3,1.3,1.3,1.2,1.2,1.1,1.1,1.1,1.0,1.0,0.9,0.9,0.8,0.7,0.7,0.6,0.1, -0.2, -0.1, -0.2, -0.0, -0.0,0.0, -0.0,0.0,0.0,0.0,,,,,,,,,,,,,,,,,,,,,,,,,,,,,,,,,,,,,,,,,,,,,,,,,,,,,,,,,,,,,,,,,,,,,,,,,,,,,,,,,,,,,,,,
CH-B1.CHDT,(冰水系統溫差    ),DEG C, -0.0,0.8,1.4,1.8,2.0,2.2,2.4,2.6,2.6,2.8,3.0,3.2,3.3,3.6,3.8,4.0,4.2,4.4,4.2,3.9,4.0,4.1,4.3,4.2,4.4,4.3,4.2,4.3,4.4,4.5,4.4,4.5,4.5,4.6,4.6,4.4,4.5,4.6,4.7,4.7,4.7,4.6,4.7,4.8,4.8,1.3,3.9,3.9,3.4,2.8,2.2,1.4,2.9,2.0,2.6,2.6,,,,,,,,,,,,,,,,,,,,,,,,,,,,,,,,,,,,,,,,,,,,,,,,,,,,,,,,,,,,,,,,,,,,,,,,,,,,,,,,,,,,,,,,
CH-B1-1.CFM,(流量回受值      ),,8,8,8,8,8,6,8,8,8,6,6,8,6,8,8,8,8,8,8,6,8,6,8,6,8,8,8,6,8,8,6,6,8,8,8,8,8,6,8,6,6,6,6,6,8,5255,5208,5084,4955,5161,5184,5191,5271,5281,5277,5323,,,,,,,,,,,,,,,,,,,,,,,,,,,,,,,,,,,,,,,,,,,,,,,,,,,,,,,,,,,,,,,,,,,,,,,,,,,,,,,,,,,,,,,,
CH-B1-2.CFM,(流量回受值      ),,5,5,5,5,5,5,5,5,5,5,5,5,5,5,5,5,5,5,5,5,5,5,5,5,5,5,5,5,4,4,4,4,6,6,6,6,4,6,6,6,6,6,4,4,6,1919,1733,1559,1358,1792,1915,1901,1910,1885,1932,2001,,,,,,,,,,,,,,,,,,,,,,,,,,,,,,,,,,,,,,,,,,,,,,,,,,,,,,,,,,,,,,,,,,,,,,,,,,,,,,,,,,,,,,,,
CH-B1.CFM,(冰水系統總流量  ),,0,0,0,0,0,0,0,0,0,0,0,0,0,0,0,0,0,0,0,0,0,0,0,0,0,0,0,0,0,0,0,0,0,0,0,0,0,0,0,0,0,0,0,0,0,5214,5212,5079,4933,5174,5194,5185,5271,5281,5277,5304,,,,,,,,,,,,,,,,,,,,,,,,,,,,,,,,,,,,,,,,,,,,,,,,,,,,,,,,,,,,,,,,,,,,,,,,,,,,,,,,,,,,,,,,
CH-B1-1.CWST,(冷卻水進水溫度  ),DEG C,28.38,28.42,28.47,28.51,28.54,28.58,28.61,28.64,28.67,28.69,28.72,28.74,28.76,28.78,28.80,28.82,28.84,28.85,28.87,28.88,28.90,28.91,28.93,28.94,28.95,28.96,28.97,28.98,28.99,29.00,29.01,29.02,29.03,29.04,29.04,29.05,29.06,29.06,29.07,29.08,29.08,29.08,29.09,29.09,29.10,26.46,30.44,31.41,28.44,27.68,27.44,27.97,29.32,30.45,31.12,31.54,,,,,,,,,,,,,,,,,,,,,,,,,,,,,,,,,,,,,,,,,,,,,,,,,,,,,,,,,,,,,,,,,,,,,,,,,,,,,,,,,,,,,,,,
CH-B1-2.CWST,(冷卻水進水溫度  ),DEG C,28.44,28.50,28.54,28.58,28.62,28.66,28.70,28.73,28.77,28.80,28.83,28.86,28.88,28.91,28.93,28.95,28.98,29.00,29.02,29.04,29.06,29.07,29.09,29.10,29.12,29.13,29.14,29.16,29.17,29.18,29.19,29.20,29.21,29.22,29.23,29.24,29.25,29.25,29.27,29.27,29.28,29.28,29.29,29.30,29.30,29.30,29.31,29.32,29.32,29.32,29.32,29.31,29.31,29.31,29.31,29.31,,,,,,,,,,,,,,,,,,,,,,,,,,,,,,,,,,,,,,,,,,,,,,,,,,,,,,,,,,,,,,,,,,,,,,,,,,,,,,,,,,,,,,,,
CW.ST,(冷卻水總出水溫度),DEG C,28.19,28.22,28.23,28.23,28.22,28.20,28.18,28.16,28.14,28.12,28.09,28.07,28.05,28.03,28.01,27.99,27.97,27.95,27.93,27.91,27.89,27.87,27.85,27.84,27.82,27.80,27.79,27.77,27.75,27.74,27.72,27.70,27.68,27.67,27.65,27.64,27.62,27.61,27.59,27.57,27.56,27.54,27.52,27.51,27.50,27.46,34.17,34.98,32.04,31.20,30.67,30.44,32.45,33.60,34.53,34.99,,,,,,,,,,,,,,,,,,,,,,,,,,,,,,,,,,,,,,,,,,,,,,,,,,,,,,,,,,,,,,,,,,,,,,,,,,,,,,,,,,,,,,,,
CH-B1-1.CWRT,(冷卻水出水溫度  ),,28.38,28.42,28.46,28.49,28.52,28.54,28.56,28.58,28.59,28.61,28.62,28.63,28.64,28.65,28.65,28.66,28.66,28.67,28.67,28.67,28.67,28.67,28.67,28.67,28.67,28.66,28.66,28.66,28.65,28.65,28.64,28.64,28.63,28.63,28.62,28.61,28.61,28.60,28.59,28.58,28.58,28.57,28.56,28.55,28.54,27.52,34.24,35.04,32.05,31.22,30.69,30.53,32.51,33.65,34.57,35.02,,,,,,,,,,,,,,,,,,,,,,,,,,,,,,,,,,,,,,,,,,,,,,,,,,,,,,,,,,,,,,,,,,,,,,,,,,,,,,,,,,,,,,,,
CH-B1-2.CWRT,(冷卻水出水溫度  ),,28.52,28.56,28.59,28.61,28.64,28.65,28.67,28.68,28.70,28.71,28.72,28.73,28.74,28.74,28.75,28.76,28.76,28.77,28.77,28.78,28.78,28.78,28.78,28.78,28.78,28.78,28.78,28.78,28.78,28.78,28.77,28.77,28.77,28.77,28.76,28.76,28.76,28.75,28.75,28.74,28.74,28.73,28.73,28.72,28.71,28.71,28.69,28.83,29.89,29.98,29.97,30.00,30.01,30.00,30.71,31.00,,,,,,,,,,,,,,,,,,,,,,,,,,,,,,,,,,,,,,,,,,,,,,,,,,,,,,,,,,,,,,,,,,,,,,,,,,,,,,,,,,,,,,,,
CW.RT,(冷卻水總回水溫度),DEG C,28.34,28.37,28.39,28.39,28.39,28.36,28.34,28.31,28.28,28.25,28.22,28.19,28.16,28.13,28.09,28.06,28.03,28.00,27.97,27.94,27.91,27.88,27.85,27.83,27.80,27.78,27.75,27.72,27.70,27.68,27.65,27.63,27.61,27.58,27.56,27.54,27.52,27.50,27.48,27.46,27.43,27.41,27.39,27.37,27.36,26.48,30.50,31.42,28.42,27.67,27.43,28.00,29.34,30.45,31.14,31.53,,,,,,,,,,,,,,,,,,,,,,,,,,,,,,,,,,,,,,,,,,,,,,,,,,,,,,,,,,,,,,,,,,,,,,,,,,,,,,,,,,,,,,,,
CH-B1-1.CWDT,(冷卻水溫差      ),DEG C,0.0, -0.0, -0.0, -0.0, -0.0, -0.0, -0.0, -0.1, -0.1, -0.1, -0.1, -0.1, -0.1, -0.1, -0.2, -0.2, -0.2, -0.2, -0.2, -0.2, -0.2, -0.2, -0.3, -0.3, -0.3, -0.3, -0.3, -0.3, -0.3, -0.4, -0.4, -0.4, -0.4, -0.4, -0.4, -0.4, -0.5, -0.5, -0.5, -0.5, -0.5, -0.5, -0.5, -0.5, -0.6,1.1,3.8,3.6,3.6,3.5,3.3,2.6,3.2,3.2,3.4,3.5,,,,,,,,,,,,,,,,,,,,,,,,,,,,,,,,,,,,,,,,,,,,,,,,,,,,,,,,,,,,,,,,,,,,,,,,,,,,,,,,,,,,,,,,
CH-B1-2.CWDT,(冷卻水溫差      ),DEG C,0.1,0.1,0.1,0.0,0.0, -0.0, -0.0, -0.1, -0.1, -0.1, -0.1, -0.1, -0.1, -0.2, -0.2, -0.2, -0.2, -0.2, -0.2, -0.3, -0.3, -0.3, -0.3, -0.3, -0.3, -0.3, -0.4, -0.4, -0.4, -0.4, -0.4, -0.4, -0.4, -0.5, -0.5, -0.5, -0.5, -0.5, -0.5, -0.5, -0.5, -0.6, -0.6, -0.6, -0.6, -0.6, -0.6, -0.5,0.6,0.7,0.7,0.7,0.7,0.7,1.4,1.7,,,,,,,,,,,,,,,,,,,,,,,,,,,,,,,,,,,,,,,,,,,,,,,,,,,,,,,,,,,,,,,,,,,,,,,,,,,,,,,,,,,,,,,,
CH-B1.CWDT,(冷卻水系統溫差  ),DEG C, -0.2, -0.2, -0.2, -0.2, -0.2, -0.2, -0.2, -0.2, -0.1, -0.1, -0.1, -0.1, -0.1, -0.1, -0.1, -0.1, -0.1, -0.0, -0.0, -0.0, -0.0, -0.0,0.0,0.0,0.0,0.0,0.0,0.0,0.0,0.1,0.1,0.1,0.1,0.1,0.1,0.1,0.1,0.1,0.1,0.1,0.1,0.1,0.1,0.1,0.1,1.0,3.7,3.6,3.6,3.5,3.2,2.4,3.1,3.1,3.4,3.5,,,,,,,,,,,,,,,,,,,,,,,,,,,,,,,,,,,,,,,,,,,,,,,,,,,,,,,,,,,,,,,,,,,,,,,,,,,,,,,,,,,,,,,,
CH-B1-1.CWFM,(流量回受值      ),,6,6,6,6,6,6,6,6,6,6,6,5,5,7,7,7,7,7,5,5,5,5,7,5,5,7,7,5,5,5,7,5,5,7,7,5,7,5,5,7,7,7,7,5,7,5895,6074,6097,5940,5954,5939,5951,5917,6092,6119,6092,,,,,,,,,,,,,,,,,,,,,,,,,,,,,,,,,,,,,,,,,,,,,,,,,,,,,,,,,,,,,,,,,,,,,,,,,,,,,,,,,,,,,,,,
CH-B1-2.CWFM,(流量回受值      ),,0,0,0,0,0,0,0,0, -2,0,0,0,0,0,0,0,0,0,0,0,0,0,0, -2,0,0,0,0,0,0,0,0,0,0,0,0,0,0,0,0,0,0,0,0,0,0,0,0, -2,0,0,0,0,0,0, -2,,,,,,,,,,,,,,,,,,,,,,,,,,,,,,,,,,,,,,,,,,,,,,,,,,,,,,,,,,,,,,,,,,,,,,,,,,,,,,,,,,,,,,,,
CH-B1.CWFM,(冷卻水系統總流量),,0,0,0,0,0,0,0,0,0,0,0,0,0,0,0,0,0,0,0,0,0,0,0,0,0,0,0,0,0,0,0,0,0,0,0,0,0,0,0,0,0,0,0,0,0,5888,6080,6099,5952,5940,5942,5958,5917,6092,6119,6085,,,,,,,,,,,,,,,,,,,,,,,,,,,,,,,,,,,,,,,,,,,,,,,,,,,,,,,,,,,,,,,,,,,,,,,,,,,,,,,,,,,,,,,,
CH1B1:KW,(                ),kW,0.5,0.5,0.5,0.5,0.5,0.5,0.5,0.5,0.5,0.5,0.5,0.5,0.5,0.5,0.5,0.5,0.5,0.5,0.5,0.5,0.5,0.5,0.5,0.5,0.5,0.5,0.5,0.5,0.5,0.5,0.5,0.5,0.5,0.5,0.5,0.5,0.5,0.5,0.5,0.5,0.5,0.5,0.5,0.5,0.5,0.5,0.5,0.5,0.5,0.5,0.5,0.5,0.5,0.5,0.5,0.5,,,,,,,,,,,,,,,,,,,,,,,,,,,,,,,,,,,,,,,,,,,,,,,,,,,,,,,,,,,,,,,,,,,,,,,,,,,,,,,,,,,,,,,,
CH2B1:KW,(                ),kW,0.5,0.5,0.5,0.5,0.5,0.5,0.5,0.5,0.5,0.5,0.5,0.5,0.5,0.5,0.5,0.5,0.5,0.5,0.5,0.5,0.5,0.5,0.5,0.5,0.5,0.5,0.5,0.5,0.5,0.5,0.5,0.5,0.5,0.5,0.5,0.5,0.5,0.5,0.5,0.5,0.5,0.5,0.5,0.5,0.5,0.5,0.5,0.5,0.5,0.5,0.5,0.5,0.5,0.5,0.5,0.5,,,,,,,,,,,,,,,,,,,,,,,,,,,,,,,,,,,,,,,,,,,,,,,,,,,,,,,,,,,,,,,,,,,,,,,,,,,,,,,,,,,,,,,,
CHB1-ALL.KW,(冰機系統功率    ),,1.1,1.1,1.1,1.1,1.1,1.1,1.1,1.1,1.1,1.1,1.1,1.1,1.1,1.1,1.1,1.1,1.1,1.1,1.1,1.1,1.1,1.1,1.1,1.1,1.1,1.1,1.1,1.1,1.1,1.1,1.1,1.1,1.1,1.1,1.1,1.1,1.1,1.1,1.1,1.1,1.1,1.1,1.1,1.1,1.1,1.1,1.1,1.1,1.1,1.1,1.1,1.1,1.1,1.1,1.1,1.1,,,,,,,,,,,,,,,,,,,,,,,,,,,,,,,,,,,,,,,,,,,,,,,,,,,,,,,,,,,,,,,,,,,,,,,,,,,,,,,,,,,,,,,,
CH-B1-1.TON,(冷凍頓          ),,0,0,0,0,0,0,0,0,0,0,0,0,0,0,0,0,0,0,0,0,0,0,0,0,0,0,0,0,0,0,0,0,0,0,0,0,0,0,0,0,0,0,0,0,0,124,435,400,392,385,350,283,353,353,377,382,,,,,,,,,,,,,,,,,,,,,,,,,,,,,,,,,,,,,,,,,,,,,,,,,,,,,,,,,,,,,,,,,,,,,,,,,,,,,,,,,,,,,,,,
CH-B1-2.TON,(冷凍頓          ),,0,0,0,0,0,0,0,0,0,0,0,0,0,0,0,0,0,0,0,0,0,0,0,0,0,0,0,0,0,0,0,0,0,0,0,0,0,0,0,0,0,0,0,0,0,0,0,0,0,0,0,0,0,0,0,0,,,,,,,,,,,,,,,,,,,,,,,,,,,,,,,,,,,,,,,,,,,,,,,,,,,,,,,,,,,,,,,,,,,,,,,,,,,,,,,,,,,,,,,,
CH-B1.TON,(冰水系統冷凍頓  ),,0,0,0,0,0,0,0,0,0,0,0,0,0,0,0,0,0,0,0,0,0,0,0,0,0,0,0,0,0,0,0,0,0,0,0,0,0,0,0,0,0,0,0,0,0,129,407,396,337,291,229,147,299,214,270,273,,,,,,,,,,,,,,,,,,,,,,,,,,,,,,,,,,,,,,,,,,,,,,,,,,,,,,,,,,,,,,,,,,,,,,,,,,,,,,,,,,,,,,,,
CH-B1-1.KW/RT,(冰機效率        ),,0.00,0.00,0.00,0.00,0.00,0.00,0.00,0.00,0.00,0.00,0.00,0.00,0.00,0.00,0.00,0.00,0.00,0.00,0.00,0.00,0.00,0.00,0.00,0.00,0.00,0.00,0.00,0.00,0.00,0.00,0.00,0.00,0.00,0.00,0.00,0.00,0.00,0.00,0.00,0.00,0.00,0.00,0.00,0.00,0.00,0.00,0.00,0.00,0.00,0.00,0.00,0.00,0.00,0.00,0.00,0.00,,,,,,,,,,,,,,,,,,,,,,,,,,,,,,,,,,,,,,,,,,,,,,,,,,,,,,,,,,,,,,,,,,,,,,,,,,,,,,,,,,,,,,,,
CH-B1-2.KW/RT,(冰機效率        ),,0.00,0.00,0.00,0.00,0.00,0.00,0.00,0.00,0.00,0.00,0.00,0.00,0.00,0.00,0.00,0.00,0.00,0.00,0.00,0.00,0.00,0.00,0.00,0.00,0.00,0.00,0.00,0.00,0.00,0.00,0.00,0.00,0.00,0.00,0.00,0.00,0.00,0.00,0.00,0.00,0.00,0.00,0.00,0.00,0.00,0.00,0.00,0.00,0.00,0.00,0.00,0.00,0.00,0.00,0.00,0.00,,,,,,,,,,,,,,,,,,,,,,,,,,,,,,,,,,,,,,,,,,,,,,,,,,,,,,,,,,,,,,,,,,,,,,,,,,,,,,,,,,,,,,,,
CH-B1.KW/RT,(冰水系統效率    ),,0.00,0.00,0.00,0.00,0.00,0.00,0.00,0.00,0.00,0.00,0.00,0.00,0.00,0.00,0.00,0.00,0.00,0.00,0.00,0.00,0.00,0.00,0.00,0.00,0.00,0.00,0.00,0.00,0.00,0.00,0.00,0.00,0.00,0.00,0.00,0.00,0.00,0.00,0.00,0.00,0.00,0.00,0.00,0.00,0.00,0.00,0.00,0.00,0.00,0.00,0.00,0.00,0.00,0.00,0.00,0.00,,,,,,,,,,,,,,,,,,,,,,,,,,,,,,,,,,,,,,,,,,,,,,,,,,,,,,,,,,,,,,,,,,,,,,,,,,,,,,,,,,,,,,,,
CW-B1-1.TON,(冷凍頓          ),,0,0,0,0,0,0,0,0,0,0,0,0,0,0,0,0,0,0,0,0,0,0,0,0,0,0,0,0,0,0,0,0,0,0,0,0,0,0,0,0,0,0,0,0,0,123,459,437,427,416,383,302,373,385,418,420,,,,,,,,,,,,,,,,,,,,,,,,,,,,,,,,,,,,,,,,,,,,,,,,,,,,,,,,,,,,,,,,,,,,,,,,,,,,,,,,,,,,,,,,
CW-B1-2.TON,(冷凍頓          ),,0,0,0,0,0,0,0,0,0,0,0,0,0,0,0,0,0,0,0,0,0,0,0,0,0,0,0,0,0,0,0,0,0,0,0,0,0,0,0,0,0,0,0,0,0,0,0,0,0,0,0,0,0,0,0,0,,,,,,,,,,,,,,,,,,,,,,,,,,,,,,,,,,,,,,,,,,,,,,,,,,,,,,,,,,,,,,,,,,,,,,,,,,,,,,,,,,,,,,,,
CW-B1.TON,(冷卻水系統冷凍頓),,0,0,0,0,0,0,0,0,0,0,0,0,0,0,0,0,0,0,0,0,0,0,0,0,0,0,0,0,0,0,0,0,0,0,0,0,0,0,0,0,0,0,0,0,0,112,443,430,427,415,381,287,365,380,412,417,,,,,,,,,,,,,,,,,,,,,,,,,,,,,,,,,,,,,,,,,,,,,,,,,,,,,,,,,,,,,,,,,,,,,,,,,,,,,,,,,,,,,,,,
CH-B1-1.HB,(                ),,0.00,0.00,0.00,0.00,0.00,0.00,0.00,0.00,0.00,0.00,0.00,0.00,0.00,0.00,0.00,0.00,0.00,0.00,0.00,0.00,0.00,0.00,0.00,0.00,0.00,0.00,0.00,0.00,0.00,0.00,0.00,0.00,0.00,0.00,0.00,0.00,0.00,0.00,0.00,0.00,0.00,0.00,0.00,0.00,0.00,1.24, -5.19, -8.52, -8.23, -7.48, -8.51, -6.19, -5.50, -8.25, -9.76, -9.36,,,,,,,,,,,,,,,,,,,,,,,,,,,,,,,,,,,,,,,,,,,,,,,,,,,,,,,,,,,,,,,,,,,,,,,,,,,,,,,,,,,,,,,,
CH-B1-2.HB,(                ),,0.00,0.00,0.00,0.00,0.00,0.00,0.00,0.00,0.00,0.00,0.00,0.00,0.00,0.00,0.00,0.00,0.00,0.00,0.00,0.00,0.00,0.00,0.00,0.00,0.00,0.00,0.00,0.00,0.00,0.00,0.00,0.00,0.00,0.00,0.00,0.00,0.00,0.00,0.00,0.00,0.00,0.00,0.00,0.00,0.00,0.00,0.00,0.00,0.00,0.00,0.00,0.00,0.00,0.00,0.00,0.00,,,,,,,,,,,,,,,,,,,,,,,,,,,,,,,,,,,,,,,,,,,,,,,,,,,,,,,,,,,,,,,,,,,,,,,,,,,,,,,,,,,,,,,,
CH-B1.HB,(                ),,0.00,0.00,0.00,0.00,0.00,0.00,0.00,0.00,0.00,0.00,0.00,0.00,0.00,0.00,0.00,0.00,0.00,0.00,0.00,0.00,0.00,0.00,0.00,0.00,0.00,0.00,0.00,0.00,0.00,0.00,0.00,0.00,0.00,0.00,0.00,0.00,0.00,0.00,0.00,0.00,0.00,0.00,0.00,0.00,0.00,15.02, -8.18, -7.80, -21.05, -29.84, -39.79, -48.66, -17.84, -43.57, -34.35, -34.40,,,,,,,,,,,,,,,,,,,,,,,,,,,,,,,,,,,,,,,,,,,,,,,,,,,,,,,,,,,,,,,,,,,,,,,,,,,,,,,,,,,,,,,,
CWP1B1:KW,(                ),kW,39.2,39.2,39.2,39.2,39.2,39.2,39.2,39.2,39.2,39.2,39.2,39.2,39.2,39.2,39.2,39.2,39.2,39.2,39.2,39.2,39.2,39.2,39.2,39.2,39.2,39.2,39.2,39.2,39.2,39.2,39.2,39.2,39.2,39.2,39.2,39.2,39.2,39.2,39.2,39.2,39.2,39.2,39.2,39.2,39.2,39.2,39.2,39.2,39.2,39.2,39.2,39.2,39.2,39.2,39.2,39.2,,,,,,,,,,,,,,,,,,,,,,,,,,,,,,,,,,,,,,,,,,,,,,,,,,,,,,,,,,,,,,,,,,,,,,,,,,,,,,,,,,,,,,,,
CWP2B1:KW,(                ),kW,0.0,0.0,0.0,0.0,0.0,0.0,0.0,0.0,0.0,0.0,0.0,0.0,0.0,0.0,0.0,0.0,0.0,0.0,0.0,0.0,0.0,0.0,0.0,0.0,0.0,0.0,0.0,0.0,0.0,0.0,0.0,0.0,0.0,0.0,0.0,0.0,0.0,0.0,0.0,0.0,0.0,0.0,0.0,0.0,0.0,0.0,0.0,0.0,0.0,0.0,0.0,0.0,0.0,0.0,0.0,0.0,,,,,,,,,,,,,,,,,,,,,,,,,,,,,,,,,,,,,,,,,,,,,,,,,,,,,,,,,,,,,,,,,,,,,,,,,,,,,,,,,,,,,,,,
CWP3B1:KW,(                ),kW,0.0,0.0,0.0,0.0,0.0,0.0,0.0,0.0,0.0,0.0,0.0,0.0,0.0,0.0,0.0,0.0,0.0,0.0,0.0,0.0,0.0,0.0,0.0,0.0,0.0,0.0,0.0,0.0,0.0,0.0,0.0,0.0,0.0,0.0,0.0,0.0,0.0,0.0,0.0,0.0,0.0,0.0,0.0,0.0,0.0,0.0,0.0,0.0,0.0,0.0,0.0,0.0,0.0,0.0,0.0,0.0,,,,,,,,,,,,,,,,,,,,,,,,,,,,,,,,,,,,,,,,,,,,,,,,,,,,,,,,,,,,,,,,,,,,,,,,,,,,,,,,,,,,,,,,
CWPB1-ALL.KW,(冷卻水泵系統功率),,39.2,39.2,39.2,39.2,39.2,39.2,39.2,39.2,39.2,39.2,39.2,39.2,39.2,39.2,39.2,39.2,39.2,39.2,39.2,39.2,39.2,39.2,39.2,39.2,39.2,39.2,39.2,39.2,39.2,39.2,39.2,39.2,39.2,39.2,39.2,39.2,39.2,39.2,39.2,39.2,39.2,39.2,39.2,39.2,39.2,39.2,39.2,39.2,39.2,39.2,39.2,39.2,39.2,39.2,39.2,39.2,,,,,,,,,,,,,,,,,,,,,,,,,,,,,,,,,,,,,,,,,,,,,,,,,,,,,,,,,,,,,,,,,,,,,,,,,,,,,,,,,,,,,,,,
CHP1B1:KW,(                ),kW,14.6,14.6,14.6,14.6,14.6,14.6,14.6,14.6,14.6,14.6,14.6,14.6,14.6,14.6,14.6,14.6,14.6,14.6,14.6,14.6,14.6,14.6,14.6,14.6,14.6,14.6,14.6,14.6,14.6,14.6,14.6,14.6,14.6,14.6,14.6,14.6,14.6,14.6,14.6,14.6,14.6,14.6,14.6,14.6,14.6,14.6,14.6,14.6,14.6,14.6,14.6,14.6,14.6,14.6,14.6,14.6,,,,,,,,,,,,,,,,,,,,,,,,,,,,,,,,,,,,,,,,,,,,,,,,,,,,,,,,,,,,,,,,,,,,,,,,,,,,,,,,,,,,,,,,
CHP2B1:KW,(                ),kW,0.0,0.0,0.0,0.0,0.0,0.0,0.0,0.0,0.0,0.0,0.0,0.0,0.0,0.0,0.0,0.0,0.0,0.0,0.0,0.0,0.0,0.0,0.0,0.0,0.0,0.0,0.0,0.0,0.0,0.0,0.0,0.0,0.0,0.0,0.0,0.0,0.0,0.0,0.0,0.0,0.0,0.0,0.0,0.0,0.0,0.0,0.0,0.0,0.0,0.0,0.0,0.0,0.0,0.0,0.0,0.0,,,,,,,,,,,,,,,,,,,,,,,,,,,,,,,,,,,,,,,,,,,,,,,,,,,,,,,,,,,,,,,,,,,,,,,,,,,,,,,,,,,,,,,,
CHP3B1:KW,(                ),kW,0.0,0.0,0.0,0.0,0.0,0.0,0.0,0.0,0.0,0.0,0.0,0.0,0.0,0.0,0.0,0.0,0.0,0.0,0.0,0.0,0.0,0.0,0.0,0.0,0.0,0.0,0.0,0.0,0.0,0.0,0.0,0.0,0.0,0.0,0.0,0.0,0.0,0.0,0.0,0.0,0.0,0.0,0.0,0.0,0.0,0.0,0.0,0.0,0.0,0.0,0.0,0.0,0.0,0.0,0.0,0.0,,,,,,,,,,,,,,,,,,,,,,,,,,,,,,,,,,,,,,,,,,,,,,,,,,,,,,,,,,,,,,,,,,,,,,,,,,,,,,,,,,,,,,,,
CHPB1-ALL.KW,(冰水泵系統功率  ),,14.6,14.6,14.6,14.6,14.6,14.6,14.6,14.6,14.6,14.6,14.6,14.6,14.6,14.6,14.6,14.6,14.6,14.6,14.6,14.6,14.6,14.6,14.6,14.6,14.6,14.6,14.6,14.6,14.6,14.6,14.6,14.6,14.6,14.6,14.6,14.6,14.6,14.6,14.6,14.6,14.6,14.6,14.6,14.6,14.6,14.6,14.6,14.6,14.6,14.6,14.6,14.6,14.6,14.6,14.6,14.6,,,,,,,,,,,,,,,,,,,,,,,,,,,,,,,,,,,,,,,,,,,,,,,,,,,,,,,,,,,,,,,,,,,,,,,,,,,,,,,,,,,,,,,,
MGCBAB2.KWH,(度數            ),kW h,264762800,264762848,264762896,264762944,264763008,264763040,264763104,264763136,264763184,264763232,264763280,264763296,264763344,264763376,264763408,264763456,264763488,264763552,264763616,264763664,264763712,264763744,264763808,264763840,264763888,264763936,264764000,264764016,264764048,264764096,264764144,264764176,264764224,264764256,264764288,264764320,264764352,264764400,264764432,264764480,264764528,264764560,264764576,264764624,264764656,264764688,264764736,264764784,264764848,264764928,264765056,264765248,264765440,264765616,264765824,264766016,,,,,,,,,,,,,,,,,,,,,,,,,,,,,,,,,,,,,,,,,,,,,,,,,,,,,,,,,,,,,,,,,,,,,,,,,,,,,,,,,,,,,,,,
MGCBAB2:HZ,(                ),Hz,59,59,60,60,59,60,60,60,59,60,60,60,59,60,59,60,59,59,59,59,59,59,60,60,59,59,60,59,60,60,60,60,59,59,59,60,60,59,60,59,59,60,59,59,60,59,60,59,60,59,59,60,59,60,59,60,,,,,,,,,,,,,,,,,,,,,,,,,,,,,,,,,,,,,,,,,,,,,,,,,,,,,,,,,,,,,,,,,,,,,,,,,,,,,,,,,,,,,,,,
MGCBAB2:IR,(                ),A,7,7,6,9,8,7,7,7,7,7,6,6,6,6,6,6,6,9,8,8,7,7,6,9,8,8,6,5,7,7,7,7,5,5,5,5,5,5,8,7,5,5,5,5,5,5,8,7,11,11,29,28,29,30,32,32,,,,,,,,,,,,,,,,,,,,,,,,,,,,,,,,,,,,,,,,,,,,,,,,,,,,,,,,,,,,,,,,,,,,,,,,,,,,,,,,,,,,,,,,
MGCBAB2:IS,(                ),A,7,6,6,8,7,7,6,6,6,6,5,5,5,5,5,6,6,9,8,7,7,6,6,9,8,7,6,5,6,6,6,6,5,5,5,5,5,5,8,7,5,5,5,5,5,5,7,7,10,10,28,27,28,29,31,31,,,,,,,,,,,,,,,,,,,,,,,,,,,,,,,,,,,,,,,,,,,,,,,,,,,,,,,,,,,,,,,,,,,,,,,,,,,,,,,,,,,,,,,,
MGCBAB2:IT,(                ),A,8,8,7,9,9,8,8,7,7,7,7,7,6,6,6,7,7,10,9,8,8,7,7,10,9,8,7,6,7,7,7,7,6,6,6,6,6,6,9,8,6,6,6,6,6,6,9,8,11,11,28,28,29,30,32,32,,,,,,,,,,,,,,,,,,,,,,,,,,,,,,,,,,,,,,,,,,,,,,,,,,,,,,,,,,,,,,,,,,,,,,,,,,,,,,,,,,,,,,,,
MGCBAB2:KW,(                ),kW,294.0,277.0,250.0,337.0,316.0,288.0,272.0,259.0,255.0,259.0,233.0,231.0,219.0,223.0,217.0,246.0,245.0,366.0,333.0,300.0,284.0,260.0,233.0,360.0,315.0,300.0,230.0,192.0,267.0,265.0,262.0,269.0,192.0,192.0,190.0,190.0,199.0,193.0,316.0,275.0,192.0,198.0,203.0,204.0,199.0,206.0,311.0,286.0,431.0,417.0,1082.0,1044.0,1116.0,1134.0,1217.0,1219.0,,,,,,,,,,,,,,,,,,,,,,,,,,,,,,,,,,,,,,,,,,,,,,,,,,,,,,,,,,,,,,,,,,,,,,,,,,,,,,,,,,,,,,,,
MGCBAB2:PF,(                ),, -33.74, -33.75, -33.73, -33.74, -33.74, -33.73, -33.73, -33.73, -33.73, -33.73, -33.72, -33.72, -33.72, -33.73, -33.72, -33.73, -33.74, -33.74, -33.74, -33.73, -33.74, -33.72, -33.72, -33.74, -33.73, -33.73, -33.72, -33.70, -33.74, -33.76, -33.76, -33.76, -33.70, -33.70, -33.70, -33.70, -33.71, -33.71, -33.73, -33.72, -33.70, -33.71, -33.71, -33.71, -33.71, -33.73, -33.74, -33.73, -0.98, -0.99, -0.95, -0.94, -0.95, -0.95, -0.95, -0.95,,,,,,,,,,,,,,,,,,,,,,,,,,,,,,,,,,,,,,,,,,,,,,,,,,,,,,,,,,,,,,,,,,,,,,,,,,,,,,,,,,,,,,,,
MGCBAB2:VRS,(                ),kV,23.6,23.6,23.6,23.6,23.7,23.7,23.7,23.7,23.7,23.6,23.6,23.6,23.6,23.7,23.7,23.7,23.7,23.7,23.7,23.7,23.7,23.7,23.8,23.7,23.8,23.5,23.5,23.5,23.5,23.5,23.5,23.5,23.5,23.5,23.5,23.5,23.5,23.5,23.5,23.5,23.5,23.5,23.4,23.4,23.4,23.4,23.5,23.5,23.4,23.3,23.3,23.2,23.2,23.2,23.2,23.2,,,,,,,,,,,,,,,,,,,,,,,,,,,,,,,,,,,,,,,,,,,,,,,,,,,,,,,,,,,,,,,,,,,,,,,,,,,,,,,,,,,,,,,,
MGCBAB2:VST,(                ),kV,23.7,23.7,23.7,23.7,23.7,23.7,23.8,23.7,23.7,23.6,23.7,23.7,23.7,23.8,23.7,23.7,23.8,23.8,23.8,23.8,23.8,23.8,23.8,23.8,23.8,23.6,23.6,23.5,23.6,23.6,23.6,23.7,23.6,23.6,23.6,23.6,23.6,23.6,23.6,23.6,23.5,23.6,23.5,23.5,23.5,23.5,23.6,23.6,23.4,23.4,23.4,23.4,23.2,23.3,23.3,23.3,,,,,,,,,,,,,,,,,,,,,,,,,,,,,,,,,,,,,,,,,,,,,,,,,,,,,,,,,,,,,,,,,,,,,,,,,,,,,,,,,,,,,,,,
MGCBAB2:VTR,(                ),kV,23.7,23.7,23.7,23.7,23.7,23.7,23.8,23.7,23.7,23.7,23.7,23.6,23.7,23.7,23.7,23.7,23.8,23.8,23.8,23.7,23.8,23.8,23.7,23.8,23.8,23.6,23.6,23.6,23.6,23.6,23.6,23.5,23.6,23.6,23.6,23.5,23.6,23.5,23.6,23.5,23.6,23.5,23.5,23.5,23.4,23.4,23.6,23.5,23.4,23.4,23.4,23.2,23.2,23.3,23.2,23.2,,,,,,,,,,,,,,,,,,,,,,,,,,,,,,,,,,,,,,,,,,,,,,,,,,,,,,,,,,,,,,,,,,,,,,,,,,,,,,,,,,,,,,,,
MLAB2-1.KWH,(度數            ),kW h,23668658,23668664,23668670,23668676,23668682,23668686,23668692,23668698,23668702,23668708,23668714,23668720,23668726,23668730,23668736,23668742,23668746,23668752,23668758,23668762,23668768,23668774,23668778,23668784,23668788,23668794,23668800,23668804,23668810,23668816,23668820,23668826,23668830,23668836,23668840,23668846,23668850,23668856,23668862,23668868,23668872,23668878,23668882,23668888,23668894,23668900,23668906,23668912,23668924,23668942,23668960,23668980,23668994,23669018,23669034,23669054,,,,,,,,,,,,,,,,,,,,,,,,,,,,,,,,,,,,,,,,,,,,,,,,,,,,,,,,,,,,,,,,,,,,,,,,,,,,,,,,,,,,,,,,
MLAB2-1:HZ,(                ),Hz,59,59,59,60,59,60,60,60,59,60,60,60,60,60,59,59,59,59,59,59,59,60,60,59,59,59,60,59,59,59,60,60,59,60,59,60,59,59,60,59,59,60,59,59,60,59,60,59,60,59,59,60,60,60,59,60,,,,,,,,,,,,,,,,,,,,,,,,,,,,,,,,,,,,,,,,,,,,,,,,,,,,,,,,,,,,,,,,,,,,,,,,,,,,,,,,,,,,,,,,
MLAB2-1:IR,(                ),A,63,62,65,64,64,63,62,66,65,68,63,65,62,64,62,61,61,60,61,59,59,61,61,60,59,61,58,61,60,59,61,59,59,58,59,60,63,64,62,62,62,64,66,72,70,73,72,73,200,199,201,201,202,200,200,201,,,,,,,,,,,,,,,,,,,,,,,,,,,,,,,,,,,,,,,,,,,,,,,,,,,,,,,,,,,,,,,,,,,,,,,,,,,,,,,,,,,,,,,,
MLAB2-1:IS,(                ),A,52,48,50,49,52,49,49,52,55,52,51,52,52,55,49,48,49,47,51,48,52,51,51,50,49,49,47,49,51,49,50,47,48,48,49,49,51,52,50,49,49,50,52,53,54,55,55,55,187,184,184,187,186,184,183,183,,,,,,,,,,,,,,,,,,,,,,,,,,,,,,,,,,,,,,,,,,,,,,,,,,,,,,,,,,,,,,,,,,,,,,,,,,,,,,,,,,,,,,,,
MLAB2-1:IT,(                ),A,40,35,36,36,39,36,37,37,41,39,37,37,40,42,35,34,35,34,39,34,38,35,35,35,36,34,33,34,39,35,34,31,31,36,32,32,31,34,31,31,31,35,34,36,36,40,36,36,160,160,159,160,161,160,159,159,,,,,,,,,,,,,,,,,,,,,,,,,,,,,,,,,,,,,,,,,,,,,,,,,,,,,,,,,,,,,,,,,,,,,,,,,,,,,,,,,,,,,,,,
MLAB2-1:KW,(                ),kW,34.0,32.0,33.0,32.0,34.0,32.0,32.0,34.0,35.0,34.0,33.0,33.0,34.0,35.0,32.0,31.0,32.0,31.0,33.0,31.0,32.0,32.0,32.0,32.0,32.0,31.0,30.0,31.0,33.0,31.0,32.0,30.0,30.0,31.0,30.0,30.0,31.0,33.0,31.0,31.0,31.0,33.0,33.0,35.0,35.0,36.0,36.0,36.0,111.0,112.0,111.0,111.0,111.0,111.0,111.0,111.0,,,,,,,,,,,,,,,,,,,,,,,,,,,,,,,,,,,,,,,,,,,,,,,,,,,,,,,,,,,,,,,,,,,,,,,,,,,,,,,,,,,,,,,,
MLAB2-1:PF,(                ),, -0.98, -0.98, -0.98, -0.98, -0.98, -0.98, -0.98, -0.98, -0.98, -0.98, -0.98, -0.98, -0.98, -0.98, -0.98, -0.98, -0.98, -0.98, -0.98, -0.98, -0.98, -0.98, -0.98, -0.98, -0.98, -0.98, -0.98, -0.99, -0.99, -0.98, -0.99, -1.00, -1.00, -1.00, -1.00, -1.00, -1.00, -1.00, -1.00, -1.00, -1.00, -33.76, -33.77, -0.99, -0.99, -0.99, -0.99, -1.00, -0.93, -0.93, -0.94, -0.94, -0.94, -0.94, -0.94, -0.94,,,,,,,,,,,,,,,,,,,,,,,,,,,,,,,,,,,,,,,,,,,,,,,,,,,,,,,,,,,,,,,,,,,,,,,,,,,,,,,,,,,,,,,,
MLAB2-1:VRS,(                ),V,383.0,383.0,384.0,384.0,384.0,385.0,385.0,384.0,384.0,383.0,383.0,384.0,384.0,384.0,384.0,385.0,384.0,385.0,385.0,385.0,385.0,385.0,385.0,385.0,386.0,381.0,381.0,381.0,381.0,382.0,382.0,381.0,382.0,381.0,382.0,381.0,382.0,381.0,382.0,381.0,381.0,381.0,380.0,380.0,380.0,379.0,381.0,381.0,379.0,378.0,377.0,376.0,375.0,376.0,375.0,375.0,,,,,,,,,,,,,,,,,,,,,,,,,,,,,,,,,,,,,,,,,,,,,,,,,,,,,,,,,,,,,,,,,,,,,,,,,,,,,,,,,,,,,,,,
MLAB2-1:VST,(                ),V,383.0,383.0,384.0,384.0,384.0,384.0,384.0,384.0,384.0,383.0,383.0,383.0,384.0,384.0,383.0,384.0,384.0,385.0,384.0,385.0,385.0,385.0,385.0,385.0,386.0,381.0,381.0,381.0,381.0,381.0,381.0,381.0,382.0,381.0,382.0,381.0,381.0,381.0,381.0,381.0,381.0,381.0,380.0,380.0,380.0,379.0,381.0,381.0,379.0,377.0,377.0,376.0,375.0,376.0,375.0,375.0,,,,,,,,,,,,,,,,,,,,,,,,,,,,,,,,,,,,,,,,,,,,,,,,,,,,,,,,,,,,,,,,,,,,,,,,,,,,,,,,,,,,,,,,
MLAB2-1:VTR,(                ),V,384.0,384.0,384.0,385.0,385.0,385.0,385.0,385.0,385.0,383.0,384.0,384.0,384.0,384.0,384.0,385.0,385.0,385.0,385.0,385.0,385.0,386.0,386.0,385.0,386.0,382.0,381.0,381.0,382.0,382.0,382.0,382.0,382.0,382.0,382.0,381.0,382.0,381.0,382.0,381.0,381.0,382.0,381.0,380.0,380.0,380.0,382.0,381.0,379.0,378.0,377.0,376.0,376.0,376.0,375.0,375.0,,,,,,,,,,,,,,,,,,,,,,,,,,,,,,,,,,,,,,,,,,,,,,,,,,,,,,,,,,,,,,,,,,,,,,,,,,,,,,,,,,,,,,,,
MLAB2-2.KWH,(度數            ),kW h,0,0,0,0,0,0,0,0,0,0,0,0,0,0,0,0,0,0,0,0,0,0,0,0,0,0,0,0,0,0,0,0,0,0,0,0,0,0,0,0,0,0,0,0,0,0,0,0,0,0,0,0,0,0,0,0,,,,,,,,,,,,,,,,,,,,,,,,,,,,,,,,,,,,,,,,,,,,,,,,,,,,,,,,,,,,,,,,,,,,,,,,,,,,,,,,,,,,,,,,
MLAB2-2:HZ,(                ),Hz,0,0,0,0,0,0,0,0,0,0,0,0,0,0,0,0,0,0,0,0,0,0,0,0,0,0,0,0,0,0,0,0,0,0,0,0,0,0,0,0,0,0,0,0,0,0,0,0,0,0,0,0,0,0,0,0,,,,,,,,,,,,,,,,,,,,,,,,,,,,,,,,,,,,,,,,,,,,,,,,,,,,,,,,,,,,,,,,,,,,,,,,,,,,,,,,,,,,,,,,
MLAB2-2:IR,(                ),A,0,0,0,0,0,0,0,0,0,0,0,0,0,0,0,0,0,0,0,0,0,0,0,0,0,0,0,0,0,0,0,0,0,0,0,0,0,0,0,0,0,0,0,0,0,0,0,0,0,0,0,0,0,0,0,0,,,,,,,,,,,,,,,,,,,,,,,,,,,,,,,,,,,,,,,,,,,,,,,,,,,,,,,,,,,,,,,,,,,,,,,,,,,,,,,,,,,,,,,,
MLAB2-2:IS,(                ),A,0,0,0,0,0,0,0,0,0,0,0,0,0,0,0,0,0,0,0,0,0,0,0,0,0,0,0,0,0,0,0,0,0,0,0,0,0,0,0,0,0,0,0,0,0,0,0,0,0,0,0,0,0,0,0,0,,,,,,,,,,,,,,,,,,,,,,,,,,,,,,,,,,,,,,,,,,,,,,,,,,,,,,,,,,,,,,,,,,,,,,,,,,,,,,,,,,,,,,,,
MLAB2-2:IT,(                ),A,0,0,0,0,0,0,0,0,0,0,0,0,0,0,0,0,0,0,0,0,0,0,0,0,0,0,0,0,0,0,0,0,0,0,0,0,0,0,0,0,0,0,0,0,0,0,0,0,0,0,0,0,0,0,0,0,,,,,,,,,,,,,,,,,,,,,,,,,,,,,,,,,,,,,,,,,,,,,,,,,,,,,,,,,,,,,,,,,,,,,,,,,,,,,,,,,,,,,,,,
MLAB2-2:KW,(                ),kW,0.0,0.0,0.0,0.0,0.0,0.0,0.0,0.0,0.0,0.0,0.0,0.0,0.0,0.0,0.0,0.0,0.0,0.0,0.0,0.0,0.0,0.0,0.0,0.0,0.0,0.0,0.0,0.0,0.0,0.0,0.0,0.0,0.0,0.0,0.0,0.0,0.0,0.0,0.0,0.0,0.0,0.0,0.0,0.0,0.0,0.0,0.0,0.0,0.0,0.0,0.0,0.0,0.0,0.0,0.0,0.0,,,,,,,,,,,,,,,,,,,,,,,,,,,,,,,,,,,,,,,,,,,,,,,,,,,,,,,,,,,,,,,,,,,,,,,,,,,,,,,,,,,,,,,,
MLAB2-2:PF,(                ),, -32.77, -32.77, -32.77, -32.77, -32.77, -32.77, -32.77, -32.77, -32.77, -32.77, -32.77, -32.77, -32.77, -32.77, -32.77, -32.77, -32.77, -32.77, -32.77, -32.77, -32.77, -32.77, -32.77, -32.77, -32.77, -32.77, -32.77, -32.77, -32.77, -32.77, -32.77, -32.77, -32.77, -32.77, -32.77, -32.77, -32.77, -32.77, -32.77, -32.77, -32.77, -32.77, -32.77, -32.77, -32.77, -32.77, -32.77, -32.77, -32.77, -32.77, -32.77, -32.77, -32.77, -32.77, -32.77, -32.77,,,,,,,,,,,,,,,,,,,,,,,,,,,,,,,,,,,,,,,,,,,,,,,,,,,,,,,,,,,,,,,,,,,,,,,,,,,,,,,,,,,,,,,,
MLAB2-2:VRS,(                ),V,0.0,0.0,0.0,0.0,0.0,0.0,0.0,0.0,0.0,0.0,0.0,0.0,0.0,0.0,0.0,0.0,0.0,0.0,0.0,0.0,0.0,0.0,0.0,0.0,0.0,0.0,0.0,0.0,0.0,0.0,0.0,0.0,0.0,0.0,0.0,0.0,0.0,0.0,0.0,0.0,0.0,0.0,0.0,0.0,0.0,0.0,0.0,0.0,0.0,0.0,0.0,0.0,0.0,0.0,0.0,0.0,,,,,,,,,,,,,,,,,,,,,,,,,,,,,,,,,,,,,,,,,,,,,,,,,,,,,,,,,,,,,,,,,,,,,,,,,,,,,,,,,,,,,,,,
MLAB2-2:VST,(                ),V,0.0,0.0,0.0,0.0,0.0,0.0,0.0,0.0,0.0,0.0,0.0,0.0,0.0,0.0,0.0,0.0,0.0,0.0,0.0,0.0,0.0,0.0,0.0,0.0,0.0,0.0,0.0,0.0,0.0,0.0,0.0,0.0,0.0,0.0,0.0,0.0,0.0,0.0,0.0,0.0,0.0,0.0,0.0,0.0,0.0,0.0,0.0,0.0,0.0,0.0,0.0,0.0,0.0,0.0,0.0,0.0,,,,,,,,,,,,,,,,,,,,,,,,,,,,,,,,,,,,,,,,,,,,,,,,,,,,,,,,,,,,,,,,,,,,,,,,,,,,,,,,,,,,,,,,
MLAB2-2:VTR,(                ),V,0.0,0.0,0.0,0.0,0.0,0.0,0.0,0.0,0.0,0.0,0.0,0.0,0.0,0.0,0.0,0.0,0.0,0.0,0.0,0.0,0.0,0.0,0.0,0.0,0.0,0.0,0.0,0.0,0.0,0.0,0.0,0.0,0.0,0.0,0.0,0.0,0.0,0.0,0.0,0.0,0.0,0.0,0.0,0.0,0.0,0.0,0.0,0.0,0.0,0.0,0.0,0.0,0.0,0.0,0.0,0.0,,,,,,,,,,,,,,,,,,,,,,,,,,,,,,,,,,,,,,,,,,,,,,,,,,,,,,,,,,,,,,,,,,,,,,,,,,,,,,,,,,,,,,,,
EMLAB2-1.KWH,(度數            ),kW h,23892356,23892362,23892368,23892376,23892382,23892386,23892394,23892400,23892408,23892414,23892418,23892422,23892426,23892432,23892436,23892444,23892450,23892456,23892464,23892470,23892474,23892478,23892484,23892488,23892494,23892498,23892502,23892508,23892514,23892532,23892548,23892562,23892572,23892576,23892582,23892586,23892590,23892596,23892600,23892606,23892610,23892614,23892620,23892624,23892630,23892634,23892638,23892642,23892648,23892652,23892658,23892662,23892666,23892672,23892676,23892682,,,,,,,,,,,,,,,,,,,,,,,,,,,,,,,,,,,,,,,,,,,,,,,,,,,,,,,,,,,,,,,,,,,,,,,,,,,,,,,,,,,,,,,,
EMLAB2-1:HZ,(                ),Hz,60,59,59,60,60,60,59,60,59,60,59,60,60,60,59,60,59,59,59,60,59,60,60,60,59,59,59,59,60,59,60,59,60,59,60,60,59,59,60,59,60,60,59,59,60,59,59,59,60,60,59,60,60,60,59,59,,,,,,,,,,,,,,,,,,,,,,,,,,,,,,,,,,,,,,,,,,,,,,,,,,,,,,,,,,,,,,,,,,,,,,,,,,,,,,,,,,,,,,,,
EMLAB2-1:IR,(                ),A,67,68,69,68,68,66,72,60,68,62,57,57,55,60,57,70,69,69,62,58,62,57,57,57,51,61,58,58,160,161,152,166,57,57,57,57,60,57,56,57,57,56,57,61,51,57,57,58,57,61,62,63,57,64,64,63,,,,,,,,,,,,,,,,,,,,,,,,,,,,,,,,,,,,,,,,,,,,,,,,,,,,,,,,,,,,,,,,,,,,,,,,,,,,,,,,,,,,,,,,
EMLAB2-1:IS,(                ),A,47,50,52,49,48,48,54,40,49,32,33,35,32,40,33,55,49,53,48,37,39,25,33,33,29,41,33,25,143,150,147,157,33,33,33,34,39,27,34,33,33,33,35,39,31,34,34,34,34,33,31,34,26,34,25,34,,,,,,,,,,,,,,,,,,,,,,,,,,,,,,,,,,,,,,,,,,,,,,,,,,,,,,,,,,,,,,,,,,,,,,,,,,,,,,,,,,,,,,,,
EMLAB2-1:IT,(                ),A,55,65,68,57,58,64,63,55,64,53,48,46,49,53,41,72,66,67,61,51,55,42,42,50,51,49,49,49,155,165,161,171,49,48,43,49,52,50,45,44,50,48,49,53,48,44,47,44,47,40,41,41,50,42,49,49,,,,,,,,,,,,,,,,,,,,,,,,,,,,,,,,,,,,,,,,,,,,,,,,,,,,,,,,,,,,,,,,,,,,,,,,,,,,,,,,,,,,,,,,
EMLAB2-1:KW,(                ),kW,36.0,39.0,40.0,37.0,37.0,38.0,41.0,33.0,39.0,31.0,29.0,29.0,28.0,32.0,27.0,42.0,40.0,41.0,37.0,31.0,33.0,26.0,28.0,30.0,27.0,32.0,29.0,27.0,101.0,100.0,97.0,103.0,29.0,29.0,28.0,29.0,32.0,28.0,28.0,28.0,29.0,29.0,29.0,32.0,26.0,28.0,29.0,28.0,28.0,28.0,28.0,28.0,27.0,29.0,28.0,30.0,,,,,,,,,,,,,,,,,,,,,,,,,,,,,,,,,,,,,,,,,,,,,,,,,,,,,,,,,,,,,,,,,,,,,,,,,,,,,,,,,,,,,,,,
EMLAB2-1:PF,(                ),, -33.77, -1.00, -1.00, -1.00, -1.00, -1.00, -1.00, -33.77, -1.00, -33.76, -33.76, -33.76, -33.76, -33.76, -33.74, -1.00, -33.77, -33.77, -33.77, -33.76, -33.77, -33.76, -33.74, -33.76, -33.76, -33.76, -33.76, -33.76, -33.77, -0.95, -0.95, -0.95, -33.76, -33.76, -33.76, -33.74, -33.76, -33.76, -33.76, -33.75, -33.76, -33.76, -33.75, -33.76, -33.76, -33.75, -33.76, -33.76, -33.76, -33.74, -33.76, -33.76, -33.76, -33.76, -33.76, -33.76,,,,,,,,,,,,,,,,,,,,,,,,,,,,,,,,,,,,,,,,,,,,,,,,,,,,,,,,,,,,,,,,,,,,,,,,,,,,,,,,,,,,,,,,
EMLAB2-1:VRS,(                ),V,383.0,383.0,383.0,384.0,384.0,385.0,385.0,384.0,384.0,383.0,383.0,384.0,383.0,384.0,384.0,384.0,384.0,384.0,385.0,385.0,385.0,386.0,385.0,386.0,386.0,382.0,381.0,382.0,382.0,380.0,381.0,380.0,382.0,382.0,382.0,382.0,381.0,381.0,381.0,381.0,381.0,381.0,381.0,380.0,380.0,380.0,381.0,381.0,380.0,379.0,378.0,376.0,376.0,377.0,376.0,376.0,,,,,,,,,,,,,,,,,,,,,,,,,,,,,,,,,,,,,,,,,,,,,,,,,,,,,,,,,,,,,,,,,,,,,,,,,,,,,,,,,,,,,,,,
EMLAB2-1:VST,(                ),V,383.0,383.0,384.0,384.0,385.0,384.0,385.0,384.0,384.0,383.0,383.0,384.0,383.0,384.0,384.0,384.0,384.0,384.0,384.0,385.0,385.0,385.0,385.0,385.0,386.0,381.0,381.0,381.0,381.0,380.0,380.0,380.0,382.0,382.0,382.0,381.0,381.0,381.0,381.0,381.0,381.0,381.0,380.0,380.0,380.0,379.0,381.0,381.0,379.0,379.0,377.0,376.0,376.0,376.0,376.0,376.0,,,,,,,,,,,,,,,,,,,,,,,,,,,,,,,,,,,,,,,,,,,,,,,,,,,,,,,,,,,,,,,,,,,,,,,,,,,,,,,,,,,,,,,,
EMLAB2-1:VTR,(                ),V,384.0,383.0,384.0,385.0,385.0,385.0,385.0,384.0,385.0,383.0,384.0,384.0,384.0,385.0,384.0,385.0,384.0,385.0,385.0,385.0,385.0,386.0,386.0,386.0,386.0,382.0,381.0,381.0,382.0,381.0,380.0,380.0,382.0,382.0,382.0,382.0,381.0,381.0,381.0,381.0,381.0,382.0,381.0,380.0,380.0,380.0,381.0,381.0,380.0,379.0,378.0,377.0,376.0,377.0,376.0,376.0,,,,,,,,,,,,,,,,,,,,,,,,,,,,,,,,,,,,,,,,,,,,,,,,,,,,,,,,,,,,,,,,,,,,,,,,,,,,,,,,,,,,,,,,
MGCBARF.KWH,(度數            ),,39.1347,39.1347,39.1348,39.1348,39.1348,39.1348,39.1349,39.1349,39.1349,39.1349,39.1349,39.1350,39.1350,39.1350,39.1350,39.1350,39.1350,39.1351,39.1351,39.1351,39.1352,39.1352,39.1352,39.1352,39.1353,39.1353,39.1353,39.1353,39.1353,39.1353,39.1353,39.1354,39.1354,39.1354,39.1354,39.1354,39.1354,39.1354,39.1355,39.1355,39.1355,39.1355,39.1355,39.1356,39.1356,39.1356,39.1356,39.1356,39.1357,39.1357,39.1358,39.1359,39.1360,39.1361,39.1362,39.1363,,,,,,,,,,,,,,,,,,,,,,,,,,,,,,,,,,,,,,,,,,,,,,,,,,,,,,,,,,,,,,,,,,,,,,,,,,,,,,,,,,,,,,,,
MGCBARF:F,(                ),Hz,60,60,60,60,60,60,60,60,60,60,60,60,60,60,60,60,60,60,60,60,60,60,60,60,60,60,60,60,60,60,60,60,60,60,60,60,60,60,60,60,60,60,60,60,60,60,60,60,60,60,60,60,60,60,60,60,,,,,,,,,,,,,,,,,,,,,,,,,,,,,,,,,,,,,,,,,,,,,,,,,,,,,,,,,,,,,,,,,,,,,,,,,,,,,,,,,,,,,,,,
MGCBARF:I1,(                ),A,3.7,3.0,2.9,4.2,3.9,3.5,3.1,3.3,2.9,2.9,2.7,2.7,2.5,2.4,2.4,2.8,2.8,4.7,4.2,3.8,3.4,3.2,2.7,3.1,4.1,3.8,2.7,2.0,2.1,2.0,2.0,2.0,2.1,2.1,2.0,2.0,2.1,2.1,4.0,3.4,2.0,2.1,2.1,2.1,2.1,2.1,3.9,3.5,4.6,4.5,16.3,16.3,17.3,17.5,18.8,18.5,,,,,,,,,,,,,,,,,,,,,,,,,,,,,,,,,,,,,,,,,,,,,,,,,,,,,,,,,,,,,,,,,,,,,,,,,,,,,,,,,,,,,,,,
MGCBARF:I2,(                ),A,3.5,2.8,2.7,4.0,3.6,3.3,3.0,3.1,2.7,2.7,2.6,2.6,2.4,2.4,2.4,2.7,2.7,4.5,4.1,3.6,3.4,3.2,2.7,3.3,4.0,3.7,2.7,2.1,2.1,2.1,2.1,2.1,2.1,2.1,2.1,2.1,2.2,2.1,3.9,3.4,2.1,2.1,2.2,2.1,2.1,2.2,3.7,3.3,4.3,4.1,16.0,15.8,16.8,17.2,18.5,18.2,,,,,,,,,,,,,,,,,,,,,,,,,,,,,,,,,,,,,,,,,,,,,,,,,,,,,,,,,,,,,,,,,,,,,,,,,,,,,,,,,,,,,,,,
MGCBARF:I3,(                ),A,4.4,3.6,3.6,4.8,4.5,4.1,3.7,3.9,3.5,3.4,3.3,3.2,3.0,3.0,3.0,3.2,3.3,5.1,4.7,4.2,3.9,3.7,3.2,3.6,4.6,4.3,3.2,2.6,2.6,2.6,2.6,2.6,2.6,2.6,2.6,2.6,2.6,2.6,4.5,3.9,2.6,2.6,2.7,2.7,2.7,2.7,4.3,4.0,4.9,4.7,16.4,16.3,17.4,17.6,18.9,18.6,,,,,,,,,,,,,,,,,,,,,,,,,,,,,,,,,,,,,,,,,,,,,,,,,,,,,,,,,,,,,,,,,,,,,,,,,,,,,,,,,,,,,,,,
MGCBARF:KW,(                ),kW,156.3,121.1,122.9,170.8,155.0,139.4,127.2,131.4,113.2,110.7,106.7,106.5,98.2,96.9,97.6,107.5,108.1,188.3,168.0,148.6,136.9,127.6,106.5,127.5,164.3,150.5,106.0,80.8,81.0,80.7,80.3,80.7,80.9,80.6,80.6,79.9,82.9,82.0,163.4,137.9,82.0,83.7,86.5,85.4,84.3,86.9,155.8,140.8,184.9,176.3,620.5,611.3,658.5,663.0,717.3,703.3,,,,,,,,,,,,,,,,,,,,,,,,,,,,,,,,,,,,,,,,,,,,,,,,,,,,,,,,,,,,,,,,,,,,,,,,,,,,,,,,,,,,,,,,
MGCBARF:PF,(                ),,1.04,1.06,1.05,1.04,1.05,1.07,1.07,1.07,1.09,1.08,1.09,1.08,1.09,1.10,1.09,1.10,1.10,1.05,1.06,1.07,1.08,1.08,1.10,1.07,1.06,1.06,1.10,1.12,1.12,1.12,1.12,1.12,1.12,1.12,1.12,1.13,1.14,1.11,1.04,1.06,1.11,1.10,1.09,1.09,1.10,1.07,1.03,1.04,0.98,0.99,0.94,0.94,0.95,0.95,0.95,0.95,,,,,,,,,,,,,,,,,,,,,,,,,,,,,,,,,,,,,,,,,,,,,,,,,,,,,,,,,,,,,,,,,,,,,,,,,,,,,,,,,,,,,,,,
MGCBARF:V12,(                ),kV,23.7,23.7,23.7,23.8,23.8,23.8,23.8,23.8,23.8,23.7,23.7,23.7,23.7,23.8,23.8,23.8,23.8,23.8,23.8,23.8,23.8,23.8,23.9,23.9,23.9,23.6,23.6,23.6,23.6,23.6,23.6,23.6,23.6,23.6,23.6,23.6,23.6,23.6,23.6,23.6,23.6,23.6,23.5,23.5,23.5,23.5,23.6,23.6,23.5,23.4,23.4,23.3,23.3,23.3,23.2,23.3,,,,,,,,,,,,,,,,,,,,,,,,,,,,,,,,,,,,,,,,,,,,,,,,,,,,,,,,,,,,,,,,,,,,,,,,,,,,,,,,,,,,,,,,
MGCBARF:V23,(                ),kV,23.8,23.8,23.8,23.8,23.8,23.8,23.8,23.8,23.8,23.7,23.7,23.7,23.8,23.8,23.8,23.8,23.8,23.8,23.8,23.8,23.9,23.9,23.9,23.9,23.9,23.6,23.6,23.6,23.6,23.6,23.6,23.6,23.6,23.6,23.6,23.6,23.6,23.6,23.6,23.6,23.6,23.6,23.6,23.5,23.6,23.5,23.6,23.6,23.5,23.4,23.4,23.3,23.3,23.3,23.3,23.3,,,,,,,,,,,,,,,,,,,,,,,,,,,,,,,,,,,,,,,,,,,,,,,,,,,,,,,,,,,,,,,,,,,,,,,,,,,,,,,,,,,,,,,,
MGCBARF:V31,(                ),kV,23.8,23.8,23.8,23.8,23.8,23.9,23.9,23.8,23.8,23.8,23.8,23.8,23.8,23.8,23.8,23.8,23.8,23.9,23.8,23.9,23.9,23.9,23.9,23.9,23.9,23.6,23.6,23.6,23.6,23.6,23.7,23.7,23.6,23.6,23.7,23.6,23.6,23.6,23.6,23.6,23.6,23.6,23.6,23.5,23.6,23.6,23.7,23.6,23.5,23.5,23.4,23.3,23.3,23.4,23.3,23.3,,,,,,,,,,,,,,,,,,,,,,,,,,,,,,,,,,,,,,,,,,,,,,,,,,,,,,,,,,,,,,,,,,,,,,,,,,,,,,,,,,,,,,,,
MPA1:HZ,(                ),Hz,59,59,59,60,59,60,60,60,59,60,60,60,59,60,60,59,59,59,59,59,59,60,59,60,59,60,60,59,59,60,60,60,59,59,59,60,60,59,60,59,59,59,59,59,59,59,60,59,60,59,59,60,60,60,59,60,,,,,,,,,,,,,,,,,,,,,,,,,,,,,,,,,,,,,,,,,,,,,,,,,,,,,,,,,,,,,,,,,,,,,,,,,,,,,,,,,,,,,,,,
MPA1:IR,(                ),A,7,7,8,8,7,7,8,8,7,7,8,8,8,7,7,8,8,7,7,8,8,7,7,8,8,8,7,7,8,8,7,7,8,8,8,7,7,8,8,7,7,8,8,8,7,7,8,8,69,21,920,917,916,930,964,970,,,,,,,,,,,,,,,,,,,,,,,,,,,,,,,,,,,,,,,,,,,,,,,,,,,,,,,,,,,,,,,,,,,,,,,,,,,,,,,,,,,,,,,,
MPA1:IS,(                ),A,9,9,10,10,9,9,11,10,10,10,11,11,11,10,10,11,11,9,10,11,11,10,9,11,11,11,10,9,11,11,9,10,11,11,12,9,10,11,11,10,10,11,11,11,9,10,11,11,71,22,932,929,924,942,976,979,,,,,,,,,,,,,,,,,,,,,,,,,,,,,,,,,,,,,,,,,,,,,,,,,,,,,,,,,,,,,,,,,,,,,,,,,,,,,,,,,,,,,,,,
MPA1:IT,(                ),A,7,8,7,7,8,7,8,7,8,8,7,8,7,8,8,7,8,7,8,8,7,8,7,8,7,8,8,7,8,7,7,8,7,8,8,7,8,8,7,8,8,7,8,8,7,8,6,6,68,19,924,919,918,934,968,972,,,,,,,,,,,,,,,,,,,,,,,,,,,,,,,,,,,,,,,,,,,,,,,,,,,,,,,,,,,,,,,,,,,,,,,,,,,,,,,,,,,,,,,,
MPA1:KW,(                ),kW,3.1,3.8,3.7,3.7,3.8,3.1,4.4,3.7,3.8,3.8,3.8,4.4,3.7,3.9,3.8,3.7,4.4,3.1,3.8,4.4,3.8,3.8,3.1,4.5,3.8,4.5,3.7,3.1,4.4,3.8,3.1,3.8,3.8,4.4,4.5,3.2,3.8,4.4,3.8,3.8,3.8,3.8,4.4,4.5,3.2,3.8,3.8,3.8,30.1,8.6,570.9,566.7,565.2,575.4,595.6,598.5,,,,,,,,,,,,,,,,,,,,,,,,,,,,,,,,,,,,,,,,,,,,,,,,,,,,,,,,,,,,,,,,,,,,,,,,,,,,,,,,,,,,,,,,
MPA1:KWH,(                ),,12478474,12478475,12478475,12478476,12478477,12478477,12478478,12478478,12478479,12478480,12478480,12478482,12478483,12478483,12478484,12478484,12478485,12478486,12478486,12478486,12478487,12478487,12478488,12478489,12478489,12478490,12478491,12478491,12478492,12478492,12478493,12478494,12478494,12478495,12478496,12478496,12478497,12478498,12478498,12478499,12478499,12478500,12478501,12478501,12478502,12478503,12478503,12478504,12478506,12478510,12478575,12478664,12478759,12478853,12478953,12479045,,,,,,,,,,,,,,,,,,,,,,,,,,,,,,,,,,,,,,,,,,,,,,,,,,,,,,,,,,,,,,,,,,,,,,,,,,,,,,,,,,,,,,,,
MPA1:PF,(                ),,0.61,0.69,0.67,0.67,0.69,0.61,0.73,0.67,0.68,0.69,0.67,0.73,0.67,0.69,0.69,0.67,0.73,0.61,0.68,0.73,0.68,0.69,0.61,0.73,0.67,0.74,0.69,0.62,0.73,0.67,0.61,0.69,0.68,0.73,0.73,0.62,0.69,0.74,0.68,0.69,0.69,0.68,0.74,0.74,0.63,0.70,0.67,0.68,0.66,0.63,0.94,0.94,0.94,0.94,0.94,0.94,,,,,,,,,,,,,,,,,,,,,,,,,,,,,,,,,,,,,,,,,,,,,,,,,,,,,,,,,,,,,,,,,,,,,,,,,,,,,,,,,,,,,,,,
MPA1:VRS,(                ),V,385.7,385.3,385.9,386.5,386.5,386.9,387.1,386.4,386.8,385.6,385.7,385.9,386.0,386.5,386.6,386.7,386.8,387.0,386.9,387.3,387.5,388.0,388.0,388.1,388.0,383.7,383.8,383.8,383.9,384.1,384.1,383.8,383.6,383.5,383.8,383.6,383.6,383.2,383.7,383.3,383.7,383.9,382.7,381.8,382.4,381.6,383.9,383.4,381.9,380.8,377.4,376.3,376.0,376.6,375.5,375.9,,,,,,,,,,,,,,,,,,,,,,,,,,,,,,,,,,,,,,,,,,,,,,,,,,,,,,,,,,,,,,,,,,,,,,,,,,,,,,,,,,,,,,,,
MPA1:VST,(                ),V,385.7,385.2,385.8,386.2,386.3,386.7,386.7,386.2,386.6,385.3,385.5,385.7,385.8,386.2,386.4,386.5,386.5,386.7,386.6,387.1,387.3,387.8,387.9,387.8,387.7,383.6,383.5,383.5,383.6,383.7,384.0,383.7,383.6,383.6,383.7,383.6,383.6,383.2,383.6,383.3,383.4,383.7,382.7,381.8,382.5,381.3,383.5,383.2,381.5,380.6,377.3,376.2,375.6,376.6,375.3,375.5,,,,,,,,,,,,,,,,,,,,,,,,,,,,,,,,,,,,,,,,,,,,,,,,,,,,,,,,,,,,,,,,,,,,,,,,,,,,,,,,,,,,,,,,
MPA1:VTR,(                ),V,386.5,386.0,386.7,387.2,387.0,387.5,387.5,386.9,387.2,386.0,386.2,386.5,386.3,386.7,386.9,387.0,387.1,387.3,387.1,387.7,387.8,388.3,388.2,388.2,388.2,384.0,384.0,384.0,384.1,384.3,384.4,384.1,384.0,383.9,384.1,384.0,383.9,383.5,384.0,383.4,383.9,384.0,382.9,382.1,382.9,382.1,384.1,383.7,382.0,381.2,377.6,376.3,376.2,376.8,375.8,375.7,,,,,,,,,,,,,,,,,,,,,,,,,,,,,,,,,,,,,,,,,,,,,,,,,,,,,,,,,,,,,,,,,,,,,,,,,,,,,,,,,,,,,,,,
MPA2:HZ,(                ),Hz,59,59,59,60,59,60,60,60,59,60,60,60,59,60,60,59,59,59,59,59,59,60,59,60,59,60,60,59,59,60,60,60,59,59,59,60,60,59,60,59,59,59,59,59,59,59,60,59,60,59,59,60,60,60,59,60,,,,,,,,,,,,,,,,,,,,,,,,,,,,,,,,,,,,,,,,,,,,,,,,,,,,,,,,,,,,,,,,,,,,,,,,,,,,,,,,,,,,,,,,
MPA2:IR,(                ),A,93,93,93,93,93,93,94,94,95,95,95,94,95,95,95,129,128,130,129,129,129,128,127,126,126,125,126,70,70,70,71,70,70,71,70,70,71,70,71,69,70,70,70,69,69,68,68,68,142,141,308,303,302,342,433,430,,,,,,,,,,,,,,,,,,,,,,,,,,,,,,,,,,,,,,,,,,,,,,,,,,,,,,,,,,,,,,,,,,,,,,,,,,,,,,,,,,,,,,,,
MPA2:IS,(                ),A,87,87,87,87,87,87,87,88,88,88,88,88,88,88,88,124,123,123,123,123,122,122,120,120,119,120,119,66,66,65,66,65,66,66,65,66,66,66,66,65,66,65,65,65,65,64,64,64,140,139,316,314,311,355,454,451,,,,,,,,,,,,,,,,,,,,,,,,,,,,,,,,,,,,,,,,,,,,,,,,,,,,,,,,,,,,,,,,,,,,,,,,,,,,,,,,,,,,,,,,
MPA2:IT,(                ),A,93,93,93,93,92,93,93,93,94,93,94,94,94,94,94,126,126,127,126,125,126,125,123,123,123,122,122,73,73,73,73,72,72,73,73,73,73,73,73,72,73,72,72,72,72,71,71,70,137,137,308,306,304,348,442,438,,,,,,,,,,,,,,,,,,,,,,,,,,,,,,,,,,,,,,,,,,,,,,,,,,,,,,,,,,,,,,,,,,,,,,,,,,,,,,,,,,,,,,,,
MPA2:KW,(                ),kW,44.1,43.9,44.0,44.1,43.9,44.0,44.0,44.0,43.9,44.0,44.3,44.0,44.0,44.0,44.1,65.2,65.0,65.0,64.8,64.6,65.0,64.5,62.9,62.9,62.7,62.7,62.4,27.9,27.8,28.0,28.1,27.9,27.8,27.9,27.8,27.9,27.9,27.9,27.9,27.9,28.0,27.9,27.7,27.8,27.8,27.5,27.5,27.5,89.6,89.0,172.1,169.8,168.5,192.7,262.6,261.3,,,,,,,,,,,,,,,,,,,,,,,,,,,,,,,,,,,,,,,,,,,,,,,,,,,,,,,,,,,,,,,,,,,,,,,,,,,,,,,,,,,,,,,,
MPA2:KWH,(                ),,19778958,19778966,19778974,19778980,19778988,19778996,19779004,19779010,19779018,19779026,19779030,19779040,19779046,19779054,19779062,19779072,19779080,19779094,19779104,19779114,19779126,19779138,19779148,19779158,19779168,19779178,19779188,19779194,19779198,19779204,19779208,19779212,19779218,19779222,19779226,19779232,19779236,19779240,19779246,19779250,19779254,19779260,19779264,19779268,19779274,19779278,19779282,19779284,19779296,19779312,19779336,19779362,19779392,19779420,19779460,19779500,,,,,,,,,,,,,,,,,,,,,,,,,,,,,,,,,,,,,,,,,,,,,,,,,,,,,,,,,,,,,,,,,,,,,,,,,,,,,,,,,,,,,,,,
MPA2:PF,(                ),, -0.73, -0.72, -0.72, -0.72, -0.72, -0.72, -0.72, -0.72, -0.71, -0.72, -0.72, -0.72, -0.71, -0.71, -0.71, -0.77, -0.77, -0.77, -0.77, -0.77, -0.77, -0.77, -0.76, -0.76, -0.76, -0.77, -0.76, -0.60, -0.60, -0.61, -0.61, -0.60, -0.60, -0.60, -0.60, -0.60, -0.60, -0.60, -0.60, -0.61, -0.61, -0.61, -0.61, -0.61, -0.61, -0.61, -0.61, -0.61,0.97,0.97,0.84,0.84,0.84,0.84,0.91,0.91,,,,,,,,,,,,,,,,,,,,,,,,,,,,,,,,,,,,,,,,,,,,,,,,,,,,,,,,,,,,,,,,,,,,,,,,,,,,,,,,,,,,,,,,
MPA2:VRS,(                ),V,385.9,385.6,386.2,386.7,387.1,387.2,387.5,386.8,387.1,385.8,386.1,386.1,386.2,386.8,387.0,386.9,387.0,387.2,387.3,387.7,387.7,388.2,388.2,388.4,388.2,384.0,384.0,384.2,384.2,384.5,384.2,384.0,384.0,383.9,384.1,384.2,383.9,383.6,384.1,383.6,384.0,384.1,383.2,382.0,382.7,381.9,384.4,383.9,381.9,380.8,379.2,378.2,377.5,378.6,377.2,377.5,,,,,,,,,,,,,,,,,,,,,,,,,,,,,,,,,,,,,,,,,,,,,,,,,,,,,,,,,,,,,,,,,,,,,,,,,,,,,,,,,,,,,,,,
MPA2:VST,(                ),V,386.1,385.6,386.2,386.5,386.9,387.0,387.2,386.6,387.1,385.5,385.8,386.0,386.1,386.6,386.8,386.7,386.9,387.0,387.0,387.6,387.6,388.1,388.2,388.1,388.1,384.0,383.9,383.9,384.0,384.2,384.2,383.9,384.1,384.0,384.0,384.2,383.9,383.7,384.0,383.7,383.8,384.0,383.0,382.0,382.8,381.6,384.0,383.7,381.4,380.4,378.5,377.8,377.4,378.1,376.5,377.0,,,,,,,,,,,,,,,,,,,,,,,,,,,,,,,,,,,,,,,,,,,,,,,,,,,,,,,,,,,,,,,,,,,,,,,,,,,,,,,,,,,,,,,,
MPA2:VTR,(                ),V,386.6,386.3,386.9,387.3,387.5,387.8,387.9,387.1,387.6,386.1,386.4,386.4,386.4,387.0,387.2,387.1,387.2,387.4,387.4,387.9,388.1,388.4,388.4,388.5,388.4,384.2,384.2,384.3,384.4,384.6,384.4,384.2,384.3,384.1,384.2,384.6,384.1,383.9,384.3,383.7,384.2,384.1,383.3,382.2,383.0,382.3,384.6,384.0,381.9,381.0,379.2,378.4,377.6,378.4,377.3,377.5,,,,,,,,,,,,,,,,,,,,,,,,,,,,,,,,,,,,,,,,,,,,,,,,,,,,,,,,,,,,,,,,,,,,,,,,,,,,,,,,,,,,,,,,
MLARF-1.PF,(                ),,0.97,0.96,0.95,0.99,0.98,0.97,0.97,0.97,0.97,0.96,0.96,0.96,0.91,0.91,0.92,0.90,0.90,0.99,0.99,0.98,0.98,0.97,0.89,0.98,0.99,0.98,0.91,0.90,0.90,0.90,0.90,0.89,0.89,0.90,0.89,0.89,0.90,0.89,0.99,0.99,0.90,0.91,0.91,0.91,0.91,0.91,0.99,0.99,0.98,0.98,0.98,0.94,0.98,0.98,0.98,0.98,,,,,,,,,,,,,,,,,,,,,,,,,,,,,,,,,,,,,,,,,,,,,,,,,,,,,,,,,,,,,,,,,,,,,,,,,,,,,,,,,,,,,,,,
MLARF-1:HZ,(                ),Hz,59,59,59,60,59,60,60,60,59,60,60,60,59,60,60,59,59,59,59,59,59,60,59,60,59,60,60,59,59,60,60,60,59,59,59,60,60,59,60,59,59,59,59,59,59,59,60,59,60,59,59,60,60,60,59,60,,,,,,,,,,,,,,,,,,,,,,,,,,,,,,,,,,,,,,,,,,,,,,,,,,,,,,,,,,,,,,,,,,,,,,,,,,,,,,,,,,,,,,,,
MLARF-1:IR,(                ),A,159,114,99,243,210,174,138,124,115,93,89,86,62,59,58,51,52,231,188,145,113,84,50,126,177,153,50,50,50,50,50,50,50,49,49,49,49,49,231,176,51,51,53,54,53,53,212,179,125,113,104,68,177,145,116,103,,,,,,,,,,,,,,,,,,,,,,,,,,,,,,,,,,,,,,,,,,,,,,,,,,,,,,,,,,,,,,,,,,,,,,,,,,,,,,,,,,,,,,,,
MLARF-1:IS,(                ),A,94,46,31,175,141,106,75,60,52,43,37,38,25,25,27,24,24,204,160,116,84,57,24,101,156,125,26,23,24,24,23,25,25,24,23,23,26,23,207,150,25,27,27,27,26,28,186,151,95,81,76,36,141,115,84,74,,,,,,,,,,,,,,,,,,,,,,,,,,,,,,,,,,,,,,,,,,,,,,,,,,,,,,,,,,,,,,,,,,,,,,,,,,,,,,,,,,,,,,,,
MLARF-1:IT,(                ),A,94,53,39,167,136,105,80,65,56,47,43,44,28,29,32,28,28,192,148,107,86,57,26,96,140,113,29,26,26,26,26,26,27,25,25,25,29,25,192,134,26,29,27,26,26,30,159,126,86,71,67,29,123,96,76,70,,,,,,,,,,,,,,,,,,,,,,,,,,,,,,,,,,,,,,,,,,,,,,,,,,,,,,,,,,,,,,,,,,,,,,,,,,,,,,,,,,,,,,,,
MLARF-1:KW,(                ),kW,75.0,45.9,35.9,128.7,106.4,83.8,63.8,53.8,48.2,39.2,36.2,35.8,23.5,22.8,24.0,20.8,20.8,139.0,109.3,80.4,61.9,43.1,20.0,70.8,104.4,85.0,21.1,19.8,19.8,19.7,19.6,19.9,20.1,19.4,19.2,19.2,20.7,19.3,138.4,100.4,20.2,21.3,21.5,21.4,21.2,22.4,122.3,99.5,66.2,56.9,53.1,27.2,94.8,76.1,59.0,53.0,,,,,,,,,,,,,,,,,,,,,,,,,,,,,,,,,,,,,,,,,,,,,,,,,,,,,,,,,,,,,,,,,,,,,,,,,,,,,,,,,,,,,,,,
MLARF-1:KWH,(                ),,6716257,6716268,6716274,6716295,6716316,6716332,6716344,6716353,6716362,6716369,6716376,6716382,6716387,6716391,6716395,6716398,6716401,6716420,6716443,6716460,6716471,6716480,6716485,6716489,6716508,6716523,6716533,6716537,6716540,6716543,6716546,6716548,6716554,6716556,6716559,6716562,6716566,6716569,6716582,6716604,6716616,6716619,6716622,6716626,6716629,6716632,6716652,6716668,6716683,6716694,6716703,6716711,6716722,6716736,6716748,6716757,,,,,,,,,,,,,,,,,,,,,,,,,,,,,,,,,,,,,,,,,,,,,,,,,,,,,,,,,,,,,,,,,,,,,,,,,,,,,,,,,,,,,,,,
MLARF-1:PF,(                ),, -0.97, -0.96, -0.95, -0.99, -0.98, -0.97, -0.97, -0.97, -0.97, -0.96, -0.96, -0.96, -0.91, -0.91,0.92,0.90,0.90, -0.99, -0.99, -0.98, -0.98, -0.97,0.89, -0.98, -0.99, -0.98,0.91,0.90,0.90,0.90,0.90,0.89,0.89,0.90,0.89,0.89,0.90,0.89, -0.99, -0.99,0.90,0.91,0.91,0.91,0.91,0.91, -0.99, -0.99, -0.98, -0.98, -0.98, -0.94, -0.98, -0.98, -0.98, -0.98,,,,,,,,,,,,,,,,,,,,,,,,,,,,,,,,,,,,,,,,,,,,,,,,,,,,,,,,,,,,,,,,,,,,,,,,,,,,,,,,,,,,,,,,
MLARF-1:VRS,(                ),V,385.2,384.9,385.5,385.9,386.2,386.3,386.7,386.1,386.4,385.2,385.4,385.6,385.6,386.2,386.4,386.7,386.4,386.5,386.6,387.0,387.2,387.6,387.7,387.8,387.6,383.4,383.6,383.5,383.6,383.8,383.8,383.4,383.5,383.4,383.5,383.6,383.5,383.1,383.1,382.9,383.4,383.4,382.6,381.5,382.0,381.4,383.6,383.3,381.7,380.6,379.7,378.5,378.1,379.0,377.9,378.3,,,,,,,,,,,,,,,,,,,,,,,,,,,,,,,,,,,,,,,,,,,,,,,,,,,,,,,,,,,,,,,,,,,,,,,,,,,,,,,,,,,,,,,,
MLARF-1:VST,(                ),V,385.3,384.8,385.5,385.8,386.1,386.2,386.4,385.9,386.3,384.9,385.2,385.4,385.3,386.0,386.1,386.1,385.9,386.1,386.2,386.7,386.8,387.2,387.5,387.3,387.2,383.2,383.0,383.1,383.2,383.2,383.4,382.9,383.3,383.3,383.2,383.2,383.0,383.1,382.9,382.8,382.8,383.1,382.2,381.1,382.0,380.7,382.9,382.9,381.1,380.1,379.2,378.2,377.5,378.5,377.3,377.5,,,,,,,,,,,,,,,,,,,,,,,,,,,,,,,,,,,,,,,,,,,,,,,,,,,,,,,,,,,,,,,,,,,,,,,,,,,,,,,,,,,,,,,,
MLARF-1:VTR,(                ),V,386.3,385.9,386.6,387.2,387.3,387.5,387.6,386.8,387.2,385.9,386.1,386.3,386.2,386.7,386.9,386.8,386.7,387.0,387.0,387.4,387.4,387.9,388.0,387.7,388.1,383.9,383.7,383.9,383.9,384.0,384.1,383.6,383.9,383.8,383.8,383.9,383.6,383.6,383.6,383.2,383.6,383.6,382.9,381.8,382.7,381.8,384.0,383.7,381.9,381.1,380.0,379.0,378.5,379.3,378.4,378.4,,,,,,,,,,,,,,,,,,,,,,,,,,,,,,,,,,,,,,,,,,,,,,,,,,,,,,,,,,,,,,,,,,,,,,,,,,,,,,,,,,,,,,,,
MPARF:HZ,(                ),Hz,59,59,59,60,59,60,60,60,59,60,60,60,59,60,60,59,59,59,59,59,59,60,59,60,59,60,60,59,60,60,60,60,59,59,59,60,60,59,60,59,59,59,59,59,59,59,60,59,60,59,59,60,60,60,59,60,,,,,,,,,,,,,,,,,,,,,,,,,,,,,,,,,,,,,,,,,,,,,,,,,,,,,,,,,,,,,,,,,,,,,,,,,,,,,,,,,,,,,,,,
MPARF:IR,(                ),A,134,129,150,129,110,112,111,139,113,116,112,113,109,110,110,106,107,108,108,107,112,111,113,111,110,110,110,110,106,106,106,106,107,108,107,107,107,108,108,108,107,109,113,111,111,113,114,115,127,161,172,198,210,174,176,175,,,,,,,,,,,,,,,,,,,,,,,,,,,,,,,,,,,,,,,,,,,,,,,,,,,,,,,,,,,,,,,,,,,,,,,,,,,,,,,,,,,,,,,,
MPARF:IS,(                ),A,85,79,100,87,75,78,80,99,77,80,76,77,75,78,76,74,74,76,77,76,78,78,79,78,77,77,77,77,78,76,77,77,78,78,78,78,76,75,75,75,74,74,77,76,75,72,71,72,74,104,109,135,143,111,113,112,,,,,,,,,,,,,,,,,,,,,,,,,,,,,,,,,,,,,,,,,,,,,,,,,,,,,,,,,,,,,,,,,,,,,,,,,,,,,,,,,,,,,,,,
MPARF:IT,(                ),A,137,135,158,141,124,128,125,149,128,127,123,124,120,121,121,118,119,121,122,119,122,121,122,120,119,119,118,118,119,119,119,119,120,122,120,121,119,119,119,120,120,119,123,122,122,121,122,122,120,149,153,177,189,155,157,154,,,,,,,,,,,,,,,,,,,,,,,,,,,,,,,,,,,,,,,,,,,,,,,,,,,,,,,,,,,,,,,,,,,,,,,,,,,,,,,,,,,,,,,,
MPARF:KW,(                ),kW,73.2,69.2,83.2,68.9,56.8,58.8,58.2,76.5,57.5,60.6,58.3,59.1,56.8,57.0,57.3,53.7,54.2,54.4,54.3,53.2,56.0,55.5,55.5,55.2,54.4,54.2,53.9,53.5,53.5,52.6,53.2,52.4,53.1,53.7,53.0,53.2,53.8,54.9,54.5,55.3,54.6,56.5,58.4,57.7,57.9,60.2,61.1,61.2,68.7,88.5,92.4,107.6,114.4,93.8,94.7,93.2,,,,,,,,,,,,,,,,,,,,,,,,,,,,,,,,,,,,,,,,,,,,,,,,,,,,,,,,,,,,,,,,,,,,,,,,,,,,,,,,,,,,,,,,
MPARF:KWH,(                ),,5957235,5957249,5957262,5957271,5957282,5957292,5957302,5957313,5957322,5957333,5957343,5957352,5957361,5957372,5957382,5957390,5957398,5957409,5957418,5957427,5957436,5957446,5957455,5957464,5957474,5957482,5957491,5957501,5957510,5957518,5957527,5957535,5957545,5957555,5957563,5957572,5957582,5957591,5957600,5957609,5957618,5957628,5957636,5957647,5957657,5957667,5957677,5957686,5957699,5957715,5957732,5957747,5957764,5957781,5957799,5957815,,,,,,,,,,,,,,,,,,,,,,,,,,,,,,,,,,,,,,,,,,,,,,,,,,,,,,,,,,,,,,,,,,,,,,,,,,,,,,,,,,,,,,,,
MPARF:PF,(                ),, -0.92, -0.91, -0.92, -0.87, -0.83, -0.83, -0.82, -0.89, -0.81, -0.85, -0.84, -0.85, -0.84, -0.83, -0.84, -0.81, -0.81, -0.80, -0.79, -0.79, -0.80, -0.80, -0.79, -0.80, -0.79, -0.80, -0.80, -0.79, -0.80, -0.79, -0.79, -0.78, -0.79, -0.79, -0.79, -0.79, -0.80, -0.82, -0.82, -0.83, -0.82, -0.85, -0.85, -0.85, -0.85, -0.89, -0.90, -0.90, -0.97,0.98,0.97,0.97,0.97,0.98,0.98,0.97,,,,,,,,,,,,,,,,,,,,,,,,,,,,,,,,,,,,,,,,,,,,,,,,,,,,,,,,,,,,,,,,,,,,,,,,,,,,,,,,,,,,,,,,
MPARF:VRS,(                ),V,384.6,384.3,385.0,385.5,385.9,386.0,386.4,385.8,386.1,384.6,385.0,385.1,385.1,385.7,385.8,386.0,386.2,386.3,386.3,386.6,386.7,387.1,387.2,387.3,387.2,382.9,383.2,383.0,383.3,383.2,383.2,383.0,383.2,382.9,383.3,383.3,383.0,382.6,382.9,382.4,382.9,382.8,382.0,380.9,381.4,380.6,383.1,382.5,380.9,379.1,378.1,376.8,376.3,377.3,376.5,376.6,,,,,,,,,,,,,,,,,,,,,,,,,,,,,,,,,,,,,,,,,,,,,,,,,,,,,,,,,,,,,,,,,,,,,,,,,,,,,,,,,,,,,,,,
MPARF:VST,(                ),V,385.5,385.0,385.9,386.2,386.6,386.7,386.9,386.4,386.9,385.0,385.6,385.7,385.8,386.2,386.4,386.6,386.7,386.8,386.9,387.2,387.3,387.7,388.0,387.8,387.8,383.6,383.7,383.5,383.8,383.7,383.8,383.7,383.9,383.8,383.9,384.0,383.7,383.4,383.5,383.3,383.3,383.5,382.6,381.6,382.4,381.1,383.5,383.2,381.2,379.7,378.5,377.4,376.6,377.9,376.8,377.1,,,,,,,,,,,,,,,,,,,,,,,,,,,,,,,,,,,,,,,,,,,,,,,,,,,,,,,,,,,,,,,,,,,,,,,,,,,,,,,,,,,,,,,,
MPARF:VTR,(                ),V,385.4,385.0,385.7,386.2,386.5,386.7,386.8,386.2,386.6,385.0,385.5,385.7,385.6,386.0,386.2,386.3,386.4,386.6,386.6,386.9,387.1,387.5,387.5,387.5,387.5,383.3,383.5,383.3,383.6,383.5,383.5,383.4,383.5,383.3,383.5,383.6,383.3,382.9,383.2,382.5,383.1,382.9,382.3,381.2,381.9,381.1,383.3,382.8,380.9,379.5,378.2,377.2,376.7,377.6,376.5,376.9,,,,,,,,,,,,,,,,,,,,,,,,,,,,,,,,,,,,,,,,,,,,,,,,,,,,,,,,,,,,,,,,,,,,,,,,,,,,,,,,,,,,,,,,
MGCBB.KWH,(度數            ),,139.075,139.075,139.075,139.076,139.076,139.076,139.076,139.076,139.076,139.076,139.076,139.077,139.077,139.077,139.077,139.077,139.077,139.077,139.077,139.077,139.077,139.078,139.078,139.078,139.078,139.078,139.078,139.078,139.078,139.078,139.078,139.078,139.079,139.079,139.079,139.079,139.079,139.079,139.079,139.079,139.079,139.079,139.079,139.080,139.080,139.080,139.080,139.080,139.080,139.080,139.081,139.081,139.081,139.081,139.081,139.082,,,,,,,,,,,,,,,,,,,,,,,,,,,,,,,,,,,,,,,,,,,,,,,,,,,,,,,,,,,,,,,,,,,,,,,,,,,,,,,,,,,,,,,,
MGCBB:F,(                ),Hz,60,60,60,60,60,60,60,60,60,60,60,60,60,60,60,60,60,60,60,60,60,60,60,60,60,60,60,60,60,60,60,60,60,60,60,60,60,60,60,60,60,60,60,60,60,60,60,60,60,60,60,60,60,60,60,60,,,,,,,,,,,,,,,,,,,,,,,,,,,,,,,,,,,,,,,,,,,,,,,,,,,,,,,,,,,,,,,,,,,,,,,,,,,,,,,,,,,,,,,,
MGCBB:I1,(                ),A,20.2,19.2,19.7,23.1,20.8,17.4,17.0,17.2,17.2,19.6,19.3,16.2,14.9,15.8,14.1,14.3,15.5,14.4,14.5,14.3,14.0,14.1,15.1,14.8,13.9,13.5,13.0,14.1,13.0,12.7,14.8,14.5,13.5,11.9,11.4,12.3,13.8,13.6,12.3,15.1,15.0,12.3,14.9,17.1,16.8,20.3,24.4,22.8,19.9,22.5,22.3,31.3,36.4,34.8,43.3,46.5,,,,,,,,,,,,,,,,,,,,,,,,,,,,,,,,,,,,,,,,,,,,,,,,,,,,,,,,,,,,,,,,,,,,,,,,,,,,,,,,,,,,,,,,
MGCBB:I2,(                ),A,22.0,21.0,20.8,24.0,21.9,18.2,16.9,16.5,17.7,20.0,19.8,16.5,15.2,16.4,14.5,14.2,15.2,14.9,14.9,14.2,14.1,13.8,16.0,15.1,13.9,13.9,12.6,14.1,12.6,12.0,15.7,14.9,13.8,11.6,11.1,12.2,13.9,14.1,12.2,15.3,15.5,12.0,15.4,17.0,16.9,20.4,24.8,23.4,20.5,23.9,22.5,31.9,36.5,34.1,44.2,46.6,,,,,,,,,,,,,,,,,,,,,,,,,,,,,,,,,,,,,,,,,,,,,,,,,,,,,,,,,,,,,,,,,,,,,,,,,,,,,,,,,,,,,,,,
MGCBB:I3,(                ),A,22.0,21.3,22.0,24.9,22.8,19.0,18.2,18.2,18.9,21.6,20.4,17.8,16.7,17.2,15.9,15.8,16.4,16.3,16.4,15.5,15.5,15.3,16.8,16.2,15.2,14.5,13.8,15.3,14.1,13.6,16.5,15.8,14.7,12.7,12.0,13.3,14.9,14.6,13.2,16.3,16.5,13.5,16.2,18.3,18.5,21.8,26.0,24.4,20.8,24.0,23.6,32.3,37.7,35.4,44.5,47.9,,,,,,,,,,,,,,,,,,,,,,,,,,,,,,,,,,,,,,,,,,,,,,,,,,,,,,,,,,,,,,,,,,,,,,,,,,,,,,,,,,,,,,,,
MGCBB:KW,(                ),kW,863.4,821.6,837.9,971.8,881.2,729.7,691.2,689.9,720.0,827.5,797.6,671.1,614.5,654.7,641.9,584.4,618.8,594.5,601.3,569.4,569.4,557.4,633.0,606.7,564.0,543.8,509.1,564.9,511.6,489.9,617.4,592.8,546.8,466.4,444.9,481.9,558.7,550.0,488.8,615.1,620.2,483.6,606.2,687.3,691.2,817.6,1014.8,945.2,821.2,942.3,900.4,1250.1,1419.2,1356.5,1684.1,1806.6,,,,,,,,,,,,,,,,,,,,,,,,,,,,,,,,,,,,,,,,,,,,,,,,,,,,,,,,,,,,,,,,,,,,,,,,,,,,,,,,,,,,,,,,
MGCBB:PF,(                ),,0.98,0.97,0.98,0.98,0.98,0.97,0.97,0.97,0.97,0.98,0.98,0.97,0.96,0.96,0.96,0.96,0.96,0.95,0.95,0.94,0.95,0.94,0.96,0.96,0.95,0.95,0.95,0.95,0.94,0.94,0.96,0.96,0.95,0.94,0.94,0.93,0.96,0.95,0.95,0.97,0.97,0.94,0.96,0.96,0.97,0.96,0.98,0.98,0.98,0.98,0.98,0.97,0.95,0.95,0.96,0.95,,,,,,,,,,,,,,,,,,,,,,,,,,,,,,,,,,,,,,,,,,,,,,,,,,,,,,,,,,,,,,,,,,,,,,,,,,,,,,,,,,,,,,,,
MGCBB:V12,(                ),kV,23.7,23.7,23.8,23.8,23.8,23.8,23.8,23.8,23.8,23.7,23.7,23.7,23.7,23.8,23.8,23.8,23.8,23.8,23.8,23.8,23.8,23.8,23.9,23.8,23.8,23.6,23.6,23.6,23.6,23.6,23.6,23.6,23.6,23.6,23.6,23.6,23.6,23.6,23.6,23.6,23.6,23.6,23.5,23.5,23.5,23.5,23.6,23.6,23.5,23.4,23.3,23.3,23.3,23.3,23.3,23.3,,,,,,,,,,,,,,,,,,,,,,,,,,,,,,,,,,,,,,,,,,,,,,,,,,,,,,,,,,,,,,,,,,,,,,,,,,,,,,,,,,,,,,,,
MGCBB:V23,(                ),kV,23.8,23.8,23.8,23.8,23.8,23.9,23.9,23.8,23.8,23.7,23.8,23.8,23.8,23.8,23.8,23.8,23.8,23.9,23.9,23.9,23.9,23.9,23.9,23.9,23.9,23.6,23.7,23.6,23.7,23.7,23.6,23.7,23.7,23.7,23.7,23.7,23.6,23.6,23.6,23.6,23.6,23.6,23.6,23.5,23.6,23.5,23.7,23.6,23.6,23.5,23.4,23.3,23.3,23.4,23.3,23.3,,,,,,,,,,,,,,,,,,,,,,,,,,,,,,,,,,,,,,,,,,,,,,,,,,,,,,,,,,,,,,,,,,,,,,,,,,,,,,,,,,,,,,,,
MGCBB:V31,(                ),kV,23.7,23.7,23.7,23.8,23.8,23.8,23.8,23.8,23.8,23.7,23.7,23.7,23.7,23.8,23.8,23.8,23.8,23.8,23.8,23.8,23.8,23.9,23.9,23.9,23.9,23.6,23.6,23.6,23.6,23.6,23.6,23.6,23.6,23.6,23.6,23.6,23.6,23.6,23.6,23.6,23.6,23.6,23.6,23.5,23.5,23.5,23.6,23.6,23.5,23.4,23.4,23.3,23.3,23.3,23.3,23.3,,,,,,,,,,,,,,,,,,,,,,,,,,,,,,,,,,,,,,,,,,,,,,,,,,,,,,,,,,,,,,,,,,,,,,,,,,,,,,,,,,,,,,,,
MLB1-1:HZ,(                ),Hz,59,59,59,60,59,60,60,59,59,60,60,60,59,60,59,59,59,59,59,59,59,60,60,60,59,60,60,59,60,60,60,60,59,59,59,60,59,59,60,59,59,59,59,59,59,59,60,59,60,59,59,60,60,60,59,60,,,,,,,,,,,,,,,,,,,,,,,,,,,,,,,,,,,,,,,,,,,,,,,,,,,,,,,,,,,,,,,,,,,,,,,,,,,,,,,,,,,,,,,,
MLB1-1:IR,(                ),A,632,591,670,836,799,603,607,611,620,772,745,563,507,516,501,455,531,463,464,490,453,438,528,507,455,373,363,438,414,393,528,505,438,331,327,384,457,417,401,560,537,387,508,638,598,634,891,833,596,687,688,940,934,913,969,1024,,,,,,,,,,,,,,,,,,,,,,,,,,,,,,,,,,,,,,,,,,,,,,,,,,,,,,,,,,,,,,,,,,,,,,,,,,,,,,,,,,,,,,,,
MLB1-1:IS,(                ),A,706,624,647,840,747,556,516,530,527,686,687,458,433,498,454,386,433,422,411,409,410,400,517,480,424,353,338,393,371,336,556,481,423,296,278,309,434,423,345,542,501,322,500,588,526,584,836,796,622,685,625,945,961,954,983,998,,,,,,,,,,,,,,,,,,,,,,,,,,,,,,,,,,,,,,,,,,,,,,,,,,,,,,,,,,,,,,,,,,,,,,,,,,,,,,,,,,,,,,,,
MLB1-1:IT,(                ),A,726,673,691,833,804,579,477,478,573,736,674,501,440,496,471,395,429,440,458,424,418,414,539,481,423,367,318,385,376,324,548,479,407,284,281,325,430,398,332,512,522,301,497,570,528,561,818,764,572,661,582,909,942,872,992,990,,,,,,,,,,,,,,,,,,,,,,,,,,,,,,,,,,,,,,,,,,,,,,,,,,,,,,,,,,,,,,,,,,,,,,,,,,,,,,,,,,,,,,,,
MLB1-1:KW,(                ),kW,452.1,408.5,438.8,551.4,515.5,376.4,343.4,346.9,372.8,479.4,459.0,325.1,284.0,321.3,298.8,254.1,289.2,274.6,274.2,272.3,267.1,253.8,338.6,276.2,274.9,223.6,208.3,253.3,241.0,211.7,349.6,313.0,267.5,185.1,180.3,202.7,282.4,260.4,225.5,347.5,337.0,203.6,319.6,386.9,356.2,382.1,554.0,522.6,383.9,437.2,402.0,579.5,584.0,571.6,610.1,623.0,,,,,,,,,,,,,,,,,,,,,,,,,,,,,,,,,,,,,,,,,,,,,,,,,,,,,,,,,,,,,,,,,,,,,,,,,,,,,,,,,,,,,,,,
MLB1-1:KWH,(                ),,33803252,33803340,33803416,33803492,33803580,33803660,33803720,33803776,33803836,33803916,33803996,33804052,33804108,33804156,33804204,33804252,33804292,33804344,33804392,33804440,33804480,33804528,33804576,33804628,33804676,33804720,33804756,33804800,33804840,33804872,33804920,33804968,33805020,33805060,33805088,33805124,33805164,33805204,33805244,33805288,33805344,33805396,33805432,33805488,33805552,33805608,33805676,33805756,33805840,33805912,33805976,33806056,33806152,33806244,33806344,33806440,,,,,,,,,,,,,,,,,,,,,,,,,,,,,,,,,,,,,,,,,,,,,,,,,,,,,,,,,,,,,,,,,,,,,,,,,,,,,,,,,,,,,,,,
MLB1-1:PF,(                ),,0.99,0.98,0.98,0.99,0.99,0.97,0.96,0.96,0.97,0.99,0.98,0.96,0.93,0.96,0.94,0.92,0.93,0.93,0.92,0.92,0.94,0.91,0.96,0.94,0.95,0.93,0.93,0.94,0.93,0.92,0.97,0.97,0.95,0.92,0.92,0.90,0.97,0.95,0.95,0.98,0.98,0.92,0.96,0.98,0.98,0.98,0.99,0.99,0.98,0.98,0.97,0.96,0.95,0.96,0.96,0.96,,,,,,,,,,,,,,,,,,,,,,,,,,,,,,,,,,,,,,,,,,,,,,,,,,,,,,,,,,,,,,,,,,,,,,,,,,,,,,,,,,,,,,,,
MLB1-1:VRS,(                ),V,383.9,383.6,384.2,384.0,384.1,384.9,384.5,384.4,384.8,382.5,383.1,383.8,383.7,384.7,384.1,384.8,384.2,384.9,384.9,384.7,385.4,385.8,385.8,385.8,386.1,381.9,382.2,382.0,382.2,382.1,381.8,381.6,382.5,382.8,382.8,382.2,381.9,381.8,381.9,381.5,381.7,381.5,380.9,380.3,380.8,379.6,381.3,381.4,380.3,378.7,377.5,375.2,374.5,375.8,374.6,374.5,,,,,,,,,,,,,,,,,,,,,,,,,,,,,,,,,,,,,,,,,,,,,,,,,,,,,,,,,,,,,,,,,,,,,,,,,,,,,,,,,,,,,,,,
MLB1-1:VST,(                ),V,384.5,384.2,385.2,385.1,385.2,385.8,385.4,385.2,385.6,383.4,383.8,384.8,384.4,385.2,384.7,385.4,385.0,385.5,385.4,385.4,386.0,386.2,386.1,386.1,386.6,382.1,382.5,382.5,382.6,382.5,382.0,382.1,382.7,383.1,383.1,382.5,382.1,381.9,382.4,381.6,382.2,381.6,381.4,380.7,381.4,380.4,382.1,381.8,380.6,379.3,378.1,375.6,375.2,376.0,375.3,375.2,,,,,,,,,,,,,,,,,,,,,,,,,,,,,,,,,,,,,,,,,,,,,,,,,,,,,,,,,,,,,,,,,,,,,,,,,,,,,,,,,,,,,,,,
MLB1-1:VTR,(                ),V,383.9,383.7,384.6,384.7,384.7,385.4,385.7,385.6,385.4,383.3,383.9,384.6,384.5,385.3,384.8,385.5,385.2,385.6,385.4,385.6,386.0,386.3,386.1,386.5,386.8,382.2,382.9,382.6,382.7,382.8,382.2,382.2,382.8,383.2,383.3,382.7,382.4,381.9,382.5,382.0,382.3,382.1,381.5,380.9,381.4,380.5,382.4,382.1,381.1,379.2,378.6,375.8,375.1,376.4,375.2,375.5,,,,,,,,,,,,,,,,,,,,,,,,,,,,,,,,,,,,,,,,,,,,,,,,,,,,,,,,,,,,,,,,,,,,,,,,,,,,,,,,,,,,,,,,
MLB2-1:HZ,(                ),Hz,59,59,59,60,59,60,60,59,59,60,60,60,59,60,59,59,59,59,59,59,59,60,60,60,59,60,60,59,60,60,60,60,59,59,59,60,59,59,60,59,59,59,59,59,59,59,60,59,60,59,59,60,60,60,59,60,,,,,,,,,,,,,,,,,,,,,,,,,,,,,,,,,,,,,,,,,,,,,,,,,,,,,,,,,,,,,,,,,,,,,,,,,,,,,,,,,,,,,,,,
MLB2-1:IR,(                ),A,112,114,106,112,111,110,111,106,119,105,112,114,102,107,103,104,107,107,114,112,100,110,115,116,102,109,106,104,112,107,105,103,114,107,106,110,114,109,105,110,105,109,115,104,104,109,110,111,113,115,132,154,174,168,342,396,,,,,,,,,,,,,,,,,,,,,,,,,,,,,,,,,,,,,,,,,,,,,,,,,,,,,,,,,,,,,,,,,,,,,,,,,,,,,,,,,,,,,,,,
MLB2-1:IS,(                ),A,77,82,78,84,77,83,78,78,81,79,85,86,76,75,73,83,84,79,79,80,75,73,84,74,69,73,73,79,72,78,71,75,79,77,71,81,74,73,71,80,78,73,80,70,77,70,81,74,71,76,83,110,128,124,305,358,,,,,,,,,,,,,,,,,,,,,,,,,,,,,,,,,,,,,,,,,,,,,,,,,,,,,,,,,,,,,,,,,,,,,,,,,,,,,,,,,,,,,,,,
MLB2-1:IT,(                ),A,108,117,108,116,107,104,110,107,111,105,109,113,110,103,106,106,109,109,106,111,104,107,107,103,95,98,103,103,98,96,115,102,102,104,100,103,108,102,104,99,101,103,104,100,95,107,97,97,98,100,114,130,148,147,341,377,,,,,,,,,,,,,,,,,,,,,,,,,,,,,,,,,,,,,,,,,,,,,,,,,,,,,,,,,,,,,,,,,,,,,,,,,,,,,,,,,,,,,,,,
MLB2-1:KW,(                ),kW,62.8,66.4,61.5,66.5,62.0,62.6,62.9,60.6,65.5,60.1,64.1,65.9,59.8,59.0,58.6,62.2,63.4,62.1,63.1,64.2,58.1,61.2,65.2,61.8,55.5,59.0,58.2,59.4,58.3,58.5,60.4,58.4,62.5,60.0,57.2,61.2,61.4,58.7,57.7,61.8,59.3,59.9,63.7,56.8,57.3,60.8,60.4,59.9,59.6,61.9,71.1,85.2,96.8,94.9,204.6,232.5,,,,,,,,,,,,,,,,,,,,,,,,,,,,,,,,,,,,,,,,,,,,,,,,,,,,,,,,,,,,,,,,,,,,,,,,,,,,,,,,,,,,,,,,
MLB2-1:KWH,(                ),,17098556,17098568,17098578,17098588,17098600,17098610,17098620,17098630,17098642,17098652,17098662,17098672,17098682,17098692,17098702,17098714,17098722,17098734,17098744,17098756,17098764,17098776,17098784,17098796,17098806,17098816,17098824,17098834,17098844,17098854,17098864,17098872,17098884,17098894,17098902,17098914,17098924,17098934,17098942,17098952,17098964,17098974,17098982,17098992,17099004,17099012,17099022,17099032,17099042,17099054,17099064,17099076,17099092,17099108,17099130,17099166,,,,,,,,,,,,,,,,,,,,,,,,,,,,,,,,,,,,,,,,,,,,,,,,,,,,,,,,,,,,,,,,,,,,,,,,,,,,,,,,,,,,,,,,
MLB2-1:PF,(                ),, -0.95, -0.95, -0.94, -0.95, -0.94, -0.94, -0.94, -0.93, -0.95, -0.94, -0.94, -0.95, -0.93, -0.93, -0.93, -0.95, -0.95, -0.94, -0.95, -0.95, -0.93, -0.94, -0.95, -0.94, -0.93, -0.95, -0.93, -0.93, -0.93, -0.94, -0.94, -0.94, -0.96, -0.94, -0.93, -0.94, -0.94, -0.94, -0.93, -0.95, -0.94, -0.95, -0.96, -0.94, -0.94, -0.96, -0.95, -0.96, -0.96, -0.97, -0.98,0.99,0.99,0.99,0.95,0.94,,,,,,,,,,,,,,,,,,,,,,,,,,,,,,,,,,,,,,,,,,,,,,,,,,,,,,,,,,,,,,,,,,,,,,,,,,,,,,,,,,,,,,,,
MLB2-1:VRS,(                ),V,385.2,385.1,385.7,385.7,385.9,386.5,386.5,386.2,386.3,384.3,384.8,385.5,385.5,386.1,385.9,386.4,386.0,386.5,386.5,386.6,387.1,387.4,387.4,387.2,387.6,383.2,383.4,383.6,383.5,383.3,383.3,383.3,383.7,383.9,383.6,383.8,383.2,383.0,383.2,383.0,383.0,382.7,382.1,381.9,382.3,381.1,383.3,383.2,381.6,380.3,379.3,378.0,377.4,378.2,376.8,376.6,,,,,,,,,,,,,,,,,,,,,,,,,,,,,,,,,,,,,,,,,,,,,,,,,,,,,,,,,,,,,,,,,,,,,,,,,,,,,,,,,,,,,,,,
MLB2-1:VST,(                ),V,385.9,385.7,386.6,386.7,386.6,387.2,387.4,386.9,386.9,385.0,385.4,386.1,386.0,386.6,386.4,386.7,386.4,387.0,387.0,387.1,387.5,387.9,387.7,387.6,388.0,383.6,383.8,384.0,384.0,383.7,383.7,383.6,384.0,384.3,383.9,384.0,383.5,383.2,383.7,383.0,383.4,383.0,382.6,382.2,382.6,381.8,383.9,383.5,382.2,380.9,379.9,378.4,378.2,378.7,377.4,377.1,,,,,,,,,,,,,,,,,,,,,,,,,,,,,,,,,,,,,,,,,,,,,,,,,,,,,,,,,,,,,,,,,,,,,,,,,,,,,,,,,,,,,,,,
MLB2-1:VTR,(                ),V,385.5,385.4,386.1,386.3,386.4,387.0,387.2,386.9,386.7,384.9,385.4,385.8,385.9,386.7,386.4,386.9,386.5,387.0,387.1,387.1,387.4,387.9,387.8,387.8,388.1,383.6,384.0,384.1,384.1,383.9,383.7,383.6,384.1,384.3,384.0,384.0,383.6,383.2,383.6,383.2,383.6,383.2,382.7,382.3,382.6,381.7,384.1,383.7,382.4,380.8,380.0,378.6,378.3,378.9,377.2,377.4,,,,,,,,,,,,,,,,,,,,,,,,,,,,,,,,,,,,,,,,,,,,,,,,,,,,,,,,,,,,,,,,,,,,,,,,,,,,,,,,,,,,,,,,
MLB3-1:HZ,(                ),Hz,59,59,59,60,59,60,60,59,59,60,60,60,59,60,59,59,59,59,59,59,59,60,60,60,60,60,60,59,60,59,60,60,59,59,59,60,59,59,60,59,59,59,59,59,60,59,60,59,60,59,59,60,60,60,59,60,,,,,,,,,,,,,,,,,,,,,,,,,,,,,,,,,,,,,,,,,,,,,,,,,,,,,,,,,,,,,,,,,,,,,,,,,,,,,,,,,,,,,,,,
MLB3-1:IR,(                ),A,257,260,283,273,194,188,200,218,175,205,168,189,176,184,194,202,173,207,206,159,183,188,167,155,162,132,202,188,149,177,143,138,130,147,134,156,132,142,111,130,150,169,124,152,165,157,163,148,146,150,169,244,509,482,556,651,,,,,,,,,,,,,,,,,,,,,,,,,,,,,,,,,,,,,,,,,,,,,,,,,,,,,,,,,,,,,,,,,,,,,,,,,,,,,,,,,,,,,,,,
MLB3-1:IS,(                ),A,275,242,227,262,212,207,194,181,184,177,191,181,175,182,194,193,179,198,194,169,171,160,132,150,145,145,171,185,141,146,112,153,147,138,161,142,149,140,137,137,138,144,143,147,145,152,154,156,164,182,149,235,428,372,500,606,,,,,,,,,,,,,,,,,,,,,,,,,,,,,,,,,,,,,,,,,,,,,,,,,,,,,,,,,,,,,,,,,,,,,,,,,,,,,,,,,,,,,,,,
MLB3-1:IT,(                ),A,289,328,300,305,252,252,253,223,233,228,238,221,240,218,231,237,206,212,246,175,197,181,174,181,186,174,184,193,172,183,157,171,162,139,148,158,145,156,149,171,171,164,133,159,177,178,211,206,199,211,205,238,465,415,552,680,,,,,,,,,,,,,,,,,,,,,,,,,,,,,,,,,,,,,,,,,,,,,,,,,,,,,,,,,,,,,,,,,,,,,,,,,,,,,,,,,,,,,,,,
MLB3-1:KW,(                ),kW,176.6,178.4,173.8,180.5,140.0,137.4,137.1,133.0,127.3,130.4,128.4,125.7,127.0,124.2,133.3,135.8,120.2,132.2,137.9,106.9,117.8,112.9,100.0,103.4,103.7,94.8,116.3,118.7,93.3,103.6,83.9,95.7,91.2,87.0,91.2,94.5,87.8,90.3,82.1,89.0,95.5,99.2,81.6,95.5,102.1,101.1,111.4,107.0,106.7,115.0,106.4,149.1,289.2,259.6,333.2,404.2,,,,,,,,,,,,,,,,,,,,,,,,,,,,,,,,,,,,,,,,,,,,,,,,,,,,,,,,,,,,,,,,,,,,,,,,,,,,,,,,,,,,,,,,
MLB3-1:KWH,(                ),,28412144,28412174,28412206,28412234,28412262,28412288,28412308,28412330,28412352,28412374,28412396,28412416,28412438,28412460,28412480,28412502,28412522,28412546,28412568,28412588,28412604,28412626,28412640,28412658,28412674,28412692,28412710,28412726,28412744,28412758,28412774,28412790,28412806,28412822,28412836,28412850,28412866,28412882,28412894,28412910,28412926,28412944,28412958,28412974,28412990,28413006,28413026,28413044,28413062,28413082,28413100,28413122,28413158,28413202,28413250,28413312,,,,,,,,,,,,,,,,,,,,,,,,,,,,,,,,,,,,,,,,,,,,,,,,,,,,,,,,,,,,,,,,,,,,,,,,,,,,,,,,,,,,,,,,
MLB3-1:PF,(                ),,0.97,0.97,0.96,0.97,0.96,0.95,0.95,0.96,0.96,0.96,0.97,0.96,0.97,0.96,0.97,0.96,0.97,0.96,0.96,0.95,0.96,0.96,0.95,0.95,0.94,0.95,0.94,0.95,0.91,0.93,0.92,0.94,0.94,0.93,0.93,0.93,0.93,0.93,0.93,0.92,0.94,0.94,0.92,0.94,0.95,0.94,0.95,0.95,0.95,0.96,0.93,0.95,0.95,0.94,0.95,0.96,,,,,,,,,,,,,,,,,,,,,,,,,,,,,,,,,,,,,,,,,,,,,,,,,,,,,,,,,,,,,,,,,,,,,,,,,,,,,,,,,,,,,,,,
MLB3-1:VRS,(                ),V,384.5,384.5,385.2,385.0,385.4,386.0,385.9,385.6,386.0,383.9,384.4,385.0,385.2,385.7,385.2,385.8,385.7,386.1,386.1,386.1,386.5,386.9,386.9,386.8,387.0,382.8,382.7,382.9,383.1,382.4,382.9,382.7,383.4,383.4,383.1,383.2,382.9,382.5,382.7,382.6,382.5,382.3,381.9,381.5,381.9,382.5,382.8,382.4,381.3,380.0,378.9,377.6,376.0,376.9,376.0,375.6,,,,,,,,,,,,,,,,,,,,,,,,,,,,,,,,,,,,,,,,,,,,,,,,,,,,,,,,,,,,,,,,,,,,,,,,,,,,,,,,,,,,,,,,
MLB3-1:VST,(                ),V,385.0,385.3,386.3,386.0,386.0,386.7,386.7,386.4,386.5,384.6,384.8,385.6,385.6,386.2,385.7,386.4,386.1,386.6,386.5,386.6,387.1,387.4,387.3,387.2,387.5,383.1,383.2,383.4,383.5,383.0,383.2,383.0,383.6,383.8,383.4,383.5,383.0,382.7,383.1,382.6,382.9,382.7,382.2,381.8,382.3,383.0,383.5,382.8,381.8,380.4,379.5,377.9,377.1,377.7,376.9,376.6,,,,,,,,,,,,,,,,,,,,,,,,,,,,,,,,,,,,,,,,,,,,,,,,,,,,,,,,,,,,,,,,,,,,,,,,,,,,,,,,,,,,,,,,
MLB3-1:VTR,(                ),V,384.3,384.3,385.3,385.2,385.5,386.0,386.2,386.0,386.0,384.2,384.5,385.1,385.1,385.9,385.4,386.1,385.9,386.5,386.2,386.5,386.8,387.3,387.1,387.1,387.2,382.9,383.2,383.3,383.4,382.7,383.0,382.9,383.4,383.7,383.4,383.3,383.1,382.5,383.0,382.5,382.8,382.7,382.3,381.7,381.9,382.8,383.2,382.6,381.6,380.0,379.2,377.9,376.9,377.5,376.5,376.4,,,,,,,,,,,,,,,,,,,,,,,,,,,,,,,,,,,,,,,,,,,,,,,,,,,,,,,,,,,,,,,,,,,,,,,,,,,,,,,,,,,,,,,,
MLB4-1:HZ,(                ),Hz,59,59,59,60,59,60,60,59,59,60,60,60,59,60,59,59,59,59,59,59,59,60,60,60,60,60,60,59,60,60,60,60,59,59,59,60,59,59,60,59,59,59,59,59,60,59,60,59,60,59,59,60,60,60,59,60,,,,,,,,,,,,,,,,,,,,,,,,,,,,,,,,,,,,,,,,,,,,,,,,,,,,,,,,,,,,,,,,,,,,,,,,,,,,,,,,,,,,,,,,
MLB4-1:IR,(                ),A,191,175,196,204,181,174,168,177,174,188,179,174,170,161,172,162,161,147,153,148,158,163,155,157,167,163,156,169,164,157,148,153,162,166,149,144,158,158,148,139,172,146,168,172,222,389,358,332,344,411,438,547,643,614,722,724,,,,,,,,,,,,,,,,,,,,,,,,,,,,,,,,,,,,,,,,,,,,,,,,,,,,,,,,,,,,,,,,,,,,,,,,,,,,,,,,,,,,,,,,
MLB4-1:IS,(                ),A,197,196,197,178,188,181,177,184,192,188,166,177,163,183,174,146,188,120,159,142,128,130,139,150,157,166,156,143,148,126,127,150,134,158,133,154,154,176,154,120,156,123,147,170,193,376,348,312,362,432,429,567,636,613,754,727,,,,,,,,,,,,,,,,,,,,,,,,,,,,,,,,,,,,,,,,,,,,,,,,,,,,,,,,,,,,,,,,,,,,,,,,,,,,,,,,,,,,,,,,
MLB4-1:IT,(                ),A,239,219,215,215,212,193,185,186,203,233,186,205,186,192,199,179,178,183,173,175,172,172,178,180,167,176,169,184,140,143,162,180,173,178,150,168,160,201,163,158,155,166,198,202,258,408,377,357,356,486,464,620,651,606,744,736,,,,,,,,,,,,,,,,,,,,,,,,,,,,,,,,,,,,,,,,,,,,,,,,,,,,,,,,,,,,,,,,,,,,,,,,,,,,,,,,,,,,,,,,
MLB4-1:KW,(                ),kW,128.7,120.6,125.2,124.4,120.8,114.2,109.4,113.0,117.6,126.9,110.0,115.9,109.0,111.7,113.1,102.1,109.1,89.7,98.3,93.7,91.4,93.4,95.6,98.3,97.8,99.7,94.7,99.6,90.6,84.1,86.2,94.8,92.4,101.5,86.0,92.0,93.6,106.2,91.8,82.8,96.1,87.5,104.8,105.6,140.0,235.3,227.6,210.0,223.2,282.4,282.5,367.5,399.2,379.5,463.9,454.2,,,,,,,,,,,,,,,,,,,,,,,,,,,,,,,,,,,,,,,,,,,,,,,,,,,,,,,,,,,,,,,,,,,,,,,,,,,,,,,,,,,,,,,,
MLB4-1:KWH,(                ),,22981146,22981168,22981190,22981208,22981230,22981250,22981268,22981286,22981306,22981326,22981346,22981362,22981380,22981400,22981420,22981436,22981452,22981470,22981488,22981506,22981518,22981534,22981550,22981566,22981580,22981596,22981614,22981630,22981646,22981660,22981676,22981688,22981706,22981724,22981738,22981752,22981768,22981784,22981798,22981814,22981830,22981846,22981860,22981878,22981900,22981934,22981976,22982008,22982052,22982094,22982136,22982188,22982254,22982316,22982388,22982460,,,,,,,,,,,,,,,,,,,,,,,,,,,,,,,,,,,,,,,,,,,,,,,,,,,,,,,,,,,,,,,,,,,,,,,,,,,,,,,,,,,,,,,,
MLB4-1:PF,(                ),,0.92,0.92,0.93,0.94,0.94,0.94,0.93,0.93,0.93,0.94,0.93,0.94,0.94,0.94,0.93,0.94,0.93,0.90,0.91,0.91,0.90,0.90,0.91,0.91,0.89,0.89,0.89,0.91,0.91,0.89,0.90,0.89,0.89,0.91,0.90,0.89,0.90,0.90,0.89,0.90,0.90,0.91,0.93,0.88,0.95,0.92,0.95,0.95,0.96,0.97,0.97,0.97,0.95,0.95,0.96,0.96,,,,,,,,,,,,,,,,,,,,,,,,,,,,,,,,,,,,,,,,,,,,,,,,,,,,,,,,,,,,,,,,,,,,,,,,,,,,,,,,,,,,,,,,
MLB4-1:VRS,(                ),V,384.0,384.0,384.8,384.6,384.8,385.4,385.5,385.0,385.5,383.3,383.7,384.4,384.6,385.1,384.8,385.3,385.0,385.6,385.5,385.7,386.1,386.3,386.4,386.2,386.3,382.1,382.2,382.6,382.4,382.0,382.3,381.9,382.6,382.9,382.7,382.6,382.5,381.9,382.0,382.1,381.9,381.8,381.2,380.9,381.2,379.5,382.0,382.1,380.4,379.1,378.3,376.9,375.7,376.7,375.6,375.4,,,,,,,,,,,,,,,,,,,,,,,,,,,,,,,,,,,,,,,,,,,,,,,,,,,,,,,,,,,,,,,,,,,,,,,,,,,,,,,,,,,,,,,,
MLB4-1:VST,(                ),V,384.4,384.5,385.5,385.4,385.3,386.0,386.2,385.7,385.8,383.8,384.2,384.8,384.9,385.4,385.2,385.6,385.2,386.0,385.8,385.9,386.4,386.8,386.6,386.4,386.6,382.3,382.5,383.0,382.7,382.4,382.5,382.1,382.9,383.1,382.9,382.7,382.7,381.9,382.2,382.0,382.2,382.2,381.6,381.1,381.5,380.0,382.5,382.4,380.8,379.7,378.7,377.3,376.3,376.9,376.1,375.9,,,,,,,,,,,,,,,,,,,,,,,,,,,,,,,,,,,,,,,,,,,,,,,,,,,,,,,,,,,,,,,,,,,,,,,,,,,,,,,,,,,,,,,,
MLB4-1:VTR,(                ),V,383.7,383.9,384.9,384.9,385.0,385.6,385.9,385.4,385.4,383.5,384.0,384.4,384.8,385.3,385.0,385.6,385.3,385.8,385.8,385.8,386.2,386.5,386.4,386.4,386.6,382.3,382.6,382.9,382.8,382.3,382.4,381.9,382.7,383.0,382.9,382.6,382.8,381.7,382.2,382.0,382.3,382.3,381.4,380.9,381.1,379.5,382.3,382.1,380.8,379.2,378.7,377.0,376.1,377.0,375.9,375.9,,,,,,,,,,,,,,,,,,,,,,,,,,,,,,,,,,,,,,,,,,,,,,,,,,,,,,,,,,,,,,,,,,,,,,,,,,,,,,,,,,,,,,,,
ACMP-1:HZ,(                ),Hz,59,59,59,60,59,60,60,59,59,60,60,60,59,60,59,59,59,59,59,59,59,60,60,60,60,60,60,59,60,60,60,60,59,59,59,60,59,59,60,59,59,59,59,59,60,59,60,59,60,59,59,60,60,60,59,60,,,,,,,,,,,,,,,,,,,,,,,,,,,,,,,,,,,,,,,,,,,,,,,,,,,,,,,,,,,,,,,,,,,,,,,,,,,,,,,,,,,,,,,,
ACMP-1:IR,(                ),A,7.1,7.1,7.8,8.1,7.2,7.2,8.0,7.9,7.2,7.3,7.9,7.8,7.9,7.1,7.0,7.9,7.9,6.9,7.0,7.9,7.7,7.1,6.9,7.8,7.8,7.8,7.1,7.1,7.9,8.0,7.1,7.1,7.8,7.9,7.9,7.2,7.1,7.9,8.0,7.0,7.1,8.0,8.1,8.0,7.1,7.3,8.1,8.1,68.4,20.3,942.1,942.5,941.2,959.0,990.8,995.1,,,,,,,,,,,,,,,,,,,,,,,,,,,,,,,,,,,,,,,,,,,,,,,,,,,,,,,,,,,,,,,,,,,,,,,,,,,,,,,,,,,,,,,,
ACMP-1:IS,(                ),A,8,9,10,10,9,9,11,10,9,9,10,11,10,9,9,10,11,9,9,11,10,9,9,11,10,11,9,9,11,10,9,9,10,11,11,9,10,11,11,9,9,11,11,11,9,9,11,11,70,21,951,952,948,969,1001,1003,,,,,,,,,,,,,,,,,,,,,,,,,,,,,,,,,,,,,,,,,,,,,,,,,,,,,,,,,,,,,,,,,,,,,,,,,,,,,,,,,,,,,,,,
ACMP-1:IT,(                ),A,7,8,7,7,8,7,8,6,8,8,6,8,6,8,8,6,8,7,8,7,7,8,7,8,7,8,8,6,8,6,6,8,7,8,8,6,8,8,7,8,8,6,8,8,7,8,6,6,66,18,943,943,942,960,994,996,,,,,,,,,,,,,,,,,,,,,,,,,,,,,,,,,,,,,,,,,,,,,,,,,,,,,,,,,,,,,,,,,,,,,,,,,,,,,,,,,,,,,,,,
ACMP-1:KW,(                ),kW,3.1,3.8,3.7,3.8,3.8,3.1,4.4,3.7,3.8,3.8,3.7,4.4,3.8,3.8,3.8,3.8,4.5,3.1,3.8,4.1,3.9,3.8,3.1,4.5,3.8,4.4,3.8,3.1,4.4,3.8,3.1,3.8,3.8,4.4,4.4,3.1,3.8,4.4,3.8,3.8,3.8,3.8,4.5,4.5,3.1,3.8,3.8,3.8,30.1,8.5,574.5,572.3,571.0,583.2,603.7,605.4,,,,,,,,,,,,,,,,,,,,,,,,,,,,,,,,,,,,,,,,,,,,,,,,,,,,,,,,,,,,,,,,,,,,,,,,,,,,,,,,,,,,,,,,
ACMP-1:KWH,(                ),,12652682,12652683,12652684,12652684,12652685,12652685,12652686,12652687,12652687,12652688,12652690,12652690,12652691,12652692,12652692,12652693,12652693,12652694,12652694,12652694,12652695,12652696,12652696,12652697,12652698,12652698,12652699,12652699,12652700,12652701,12652701,12652702,12652703,12652703,12652704,12652705,12652705,12652706,12652707,12652707,12652708,12652709,12652709,12652710,12652710,12652711,12652712,12652712,12652714,12652718,12652777,12652875,12652972,12653067,12653168,12653262,,,,,,,,,,,,,,,,,,,,,,,,,,,,,,,,,,,,,,,,,,,,,,,,,,,,,,,,,,,,,,,,,,,,,,,,,,,,,,,,,,,,,,,,
ACMP-1:PF,(                ),,0.61,0.68,0.67,0.67,0.68,0.61,0.73,0.66,0.68,0.69,0.67,0.73,0.67,0.68,0.68,0.67,0.73,0.61,0.69,0.70,0.68,0.68,0.61,0.73,0.67,0.73,0.69,0.61,0.73,0.67,0.61,0.69,0.67,0.73,0.73,0.61,0.68,0.73,0.68,0.69,0.69,0.67,0.73,0.74,0.62,0.69,0.67,0.68,0.65,0.63,0.92,0.92,0.92,0.92,0.92,0.92,,,,,,,,,,,,,,,,,,,,,,,,,,,,,,,,,,,,,,,,,,,,,,,,,,,,,,,,,,,,,,,,,,,,,,,,,,,,,,,,,,,,,,,,
ACMP-1:VRS,(                ),V,392.8,392.9,393.7,393.9,393.9,394.3,394.7,394.2,394.4,392.4,392.7,393.4,393.5,394.0,393.9,394.2,394.2,394.6,394.6,394.5,394.8,395.4,395.3,395.3,395.4,390.8,391.3,391.5,391.5,390.7,391.2,390.9,391.5,391.4,391.4,391.5,391.4,390.4,390.9,390.6,390.9,390.8,390.2,389.9,389.7,389.0,391.3,390.8,389.5,388.1,382.7,381.3,381.1,381.2,380.7,380.7,,,,,,,,,,,,,,,,,,,,,,,,,,,,,,,,,,,,,,,,,,,,,,,,,,,,,,,,,,,,,,,,,,,,,,,,,,,,,,,,,,,,,,,,
ACMP-1:VST,(                ),V,392.8,392.3,392.8,393.1,392.8,393.8,394.0,393.0,394.1,391.5,392.2,392.7,393.2,393.5,393.1,393.4,393.8,394.3,393.8,393.9,393.9,394.8,395.2,394.6,394.8,390.4,390.6,390.8,390.6,390.1,390.5,390.3,391.2,391.0,391.3,390.4,390.9,390.5,390.2,390.0,390.3,390.6,389.7,389.5,389.1,388.6,390.8,390.0,388.7,387.8,382.7,380.9,381.0,382.0,380.8,381.1,,,,,,,,,,,,,,,,,,,,,,,,,,,,,,,,,,,,,,,,,,,,,,,,,,,,,,,,,,,,,,,,,,,,,,,,,,,,,,,,,,,,,,,,
ACMP-1:VTR,(                ),V,393.7,393.6,394.5,394.9,394.5,395.1,395.4,394.7,395.2,392.8,393.3,394.2,394.0,394.4,394.4,394.4,394.7,395.2,394.8,395.0,395.3,396.0,395.8,395.6,395.9,391.4,391.7,391.9,391.8,391.1,391.5,391.2,392.0,391.8,392.0,391.8,391.6,391.0,391.2,390.8,391.3,391.2,390.7,390.4,390.2,389.6,391.7,391.1,389.6,388.7,382.4,381.0,380.6,381.0,380.6,380.6,,,,,,,,,,,,,,,,,,,,,,,,,,,,,,,,,,,,,,,,,,,,,,,,,,,,,,,,,,,,,,,,,,,,,,,,,,,,,,,,,,,,,,,,
ACMP-2:HZ,(                ),Hz,59,59,59,60,59,60,60,59,59,60,60,60,60,60,59,59,59,59,59,59,59,60,60,60,60,60,60,59,60,59,60,60,59,59,59,60,59,59,60,59,59,59,59,59,60,59,60,59,60,59,59,60,60,60,59,60,,,,,,,,,,,,,,,,,,,,,,,,,,,,,,,,,,,,,,,,,,,,,,,,,,,,,,,,,,,,,,,,,,,,,,,,,,,,,,,,,,,,,,,,
ACMP-2:IR,(                ),A,79,79,79,80,79,79,79,79,79,79,79,79,79,79,79,119,118,117,117,117,117,117,113,114,114,115,114,52,52,53,53,52,52,52,52,52,52,52,52,52,53,52,52,52,52,52,52,52,171,171,308,305,301,342,463,462,,,,,,,,,,,,,,,,,,,,,,,,,,,,,,,,,,,,,,,,,,,,,,,,,,,,,,,,,,,,,,,,,,,,,,,,,,,,,,,,,,,,,,,,
ACMP-2:IS,(                ),A,74,74,74,74,74,74,74,74,75,75,75,75,75,74,75,116,116,115,115,115,114,114,112,112,111,113,112,47,47,47,47,47,47,47,47,47,47,47,47,47,47,47,47,47,47,46,47,47,172,172,316,315,311,355,481,481,,,,,,,,,,,,,,,,,,,,,,,,,,,,,,,,,,,,,,,,,,,,,,,,,,,,,,,,,,,,,,,,,,,,,,,,,,,,,,,,,,,,,,,,
ACMP-2:IT,(                ),A,75,75,75,75,75,75,75,75,75,75,75,75,75,74,75,115,114,115,114,114,115,114,111,111,110,111,111,48,48,48,48,48,48,48,48,48,48,48,48,48,48,48,48,48,48,47,47,47,166,167,308,307,302,347,473,471,,,,,,,,,,,,,,,,,,,,,,,,,,,,,,,,,,,,,,,,,,,,,,,,,,,,,,,,,,,,,,,,,,,,,,,,,,,,,,,,,,,,,,,,
ACMP-2:KW,(                ),kW,44.4,44.3,44.3,44.5,44.3,44.3,44.4,44.3,44.3,44.3,44.5,44.3,44.2,44.2,44.3,65.6,65.5,65.1,65.0,64.9,65.0,65.1,63.1,63.1,63.0,63.0,62.9,28.1,28.1,28.3,28.3,28.2,28.1,28.1,28.1,28.2,28.1,28.0,28.1,28.1,28.2,28.1,28.1,28.0,28.1,27.7,27.7,27.7,90.8,90.6,175.4,173.6,171.3,196.0,267.7,267.2,,,,,,,,,,,,,,,,,,,,,,,,,,,,,,,,,,,,,,,,,,,,,,,,,,,,,,,,,,,,,,,,,,,,,,,,,,,,,,,,,,,,,,,,
ACMP-2:KWH,(                ),,20056422,20056430,20056438,20056444,20056452,20056460,20056466,20056474,20056482,20056490,20056496,20056504,20056510,20056518,20056526,20056534,20056546,20056558,20056568,20056580,20056590,20056602,20056612,20056622,20056632,20056642,20056654,20056660,20056664,20056668,20056674,20056678,20056682,20056688,20056692,20056696,20056702,20056704,20056710,20056716,20056720,20056724,20056730,20056734,20056738,20056744,20056748,20056752,20056762,20056778,20056800,20056830,20056860,20056890,20056930,20056970,,,,,,,,,,,,,,,,,,,,,,,,,,,,,,,,,,,,,,,,,,,,,,,,,,,,,,,,,,,,,,,,,,,,,,,,,,,,,,,,,,,,,,,,
ACMP-2:PF,(                ),,0.85,0.85,0.85,0.85,0.85,0.85,0.85,0.85,0.85,0.85,0.85,0.85,0.85,0.85,0.85,0.82,0.82,0.82,0.82,0.82,0.82,0.82,0.82,0.82,0.82,0.82,0.82,0.84,0.84,0.84,0.84,0.84,0.84,0.84,0.84,0.84,0.84,0.84,0.84,0.84,0.84,0.84,0.84,0.85,0.85,0.84,0.84,0.84,0.79,0.79,0.84,0.84,0.84,0.84,0.85,0.85,,,,,,,,,,,,,,,,,,,,,,,,,,,,,,,,,,,,,,,,,,,,,,,,,,,,,,,,,,,,,,,,,,,,,,,,,,,,,,,,,,,,,,,,
ACMP-2:VRS,(                ),V,393.3,393.3,394.2,394.3,394.5,395.0,395.2,394.5,394.5,393.0,393.5,393.8,394.1,394.6,394.4,394.6,394.4,394.9,395.0,395.2,395.2,395.9,395.7,395.8,395.8,391.2,391.5,392.2,392.0,391.4,391.6,391.2,392.2,392.3,391.9,392.1,392.0,391.0,391.5,391.0,391.4,391.4,390.8,390.3,390.4,389.5,392.1,391.5,389.0,388.1,385.9,384.9,384.5,385.0,383.9,384.1,,,,,,,,,,,,,,,,,,,,,,,,,,,,,,,,,,,,,,,,,,,,,,,,,,,,,,,,,,,,,,,,,,,,,,,,,,,,,,,,,,,,,,,,
ACMP-2:VST,(                ),V,394.3,394.4,394.9,394.7,395.0,395.1,395.4,395.4,395.6,393.4,393.5,394.8,394.0,395.1,395.1,395.0,394.9,395.5,395.4,395.9,396.2,396.2,396.5,396.0,395.9,391.4,391.7,392.2,392.6,391.8,392.0,391.9,392.7,393.1,392.7,392.3,392.1,391.7,392.2,392.0,391.8,391.7,390.8,390.9,391.3,389.6,392.3,392.3,389.1,388.3,386.3,385.4,384.7,385.5,384.4,384.1,,,,,,,,,,,,,,,,,,,,,,,,,,,,,,,,,,,,,,,,,,,,,,,,,,,,,,,,,,,,,,,,,,,,,,,,,,,,,,,,,,,,,,,,
ACMP-2:VTR,(                ),V,394.1,393.8,394.9,394.9,395.1,395.6,395.8,395.2,395.2,393.5,393.8,394.4,394.3,394.7,394.8,394.7,394.6,395.1,395.0,395.4,395.3,396.1,395.6,395.9,395.9,391.4,391.6,392.3,392.3,391.5,391.9,391.4,392.5,392.7,392.3,392.3,392.0,391.3,391.8,391.3,391.7,391.5,391.0,390.6,390.9,389.9,392.3,391.7,388.7,388.3,386.3,385.2,384.7,385.1,384.1,383.9,,,,,,,,,,,,,,,,,,,,,,,,,,,,,,,,,,,,,,,,,,,,,,,,,,,,,,,,,,,,,,,,,,,,,,,,,,,,,,,,,,,,,,,,
GCB1:HZ,(                ),Hz,59,59,59,60,60,60,59,60,59,59,59,59,59,60,59,60,59,59,59,60,59,60,59,60,59,59,59,59,60,59,60,59,60,59,60,59,59,59,60,59,59,60,59,59,60,59,59,59,60,60,59,60,60,60,59,59,,,,,,,,,,,,,,,,,,,,,,,,,,,,,,,,,,,,,,,,,,,,,,,,,,,,,,,,,,,,,,,,,,,,,,,,,,,,,,,,,,,,,,,,
GCB1:IR,(                ),A,3,3,3,3,3,3,2,3,3,2,2,2,2,2,3,2,2,2,3,2,2,2,2,2,2,2,3,3,2,2,3,3,3,3,3,3,3,3,3,3,3,3,3,3,3,3,3,4,4,3,4,4,3,4,5,6,,,,,,,,,,,,,,,,,,,,,,,,,,,,,,,,,,,,,,,,,,,,,,,,,,,,,,,,,,,,,,,,,,,,,,,,,,,,,,,,,,,,,,,,
GCB1:IS,(                ),A,3,3,3,3,3,3,2,3,3,3,3,2,3,2,3,2,2,2,3,2,2,2,2,2,2,2,2,2,2,3,3,3,2,3,3,3,3,3,3,3,3,3,3,3,3,3,3,4,4,3,4,4,4,4,5,5,,,,,,,,,,,,,,,,,,,,,,,,,,,,,,,,,,,,,,,,,,,,,,,,,,,,,,,,,,,,,,,,,,,,,,,,,,,,,,,,,,,,,,,,
GCB1:IT,(                ),A,3,3,3,3,3,3,3,3,3,3,3,2,2,3,3,2,2,2,2,3,2,2,2,2,3,2,2,2,2,3,3,3,3,3,3,3,3,3,3,3,3,3,3,3,3,3,3,3,4,3,4,4,3,4,5,5,,,,,,,,,,,,,,,,,,,,,,,,,,,,,,,,,,,,,,,,,,,,,,,,,,,,,,,,,,,,,,,,,,,,,,,,,,,,,,,,,,,,,,,,
GCB1:KW,(                ),kW,80.4,81.6,82.0,81.5,83.2,82.0,76.6,81.1,83.4,82.5,77.7,76.3,77.5,77.5,86.9,76.7,70.6,75.8,81.6,79.7,75.5,76.2,77.2,76.2,80.4,73.3,75.4,76.9,74.0,77.6,77.0,77.6,78.3,83.2,85.6,90.6,91.7,86.9,86.8,84.0,79.6,74.6,82.4,83.7,82.4,87.4,84.5,100.1,101.9,90.8,96.4,100.9,95.3,109.1,129.8,138.3,,,,,,,,,,,,,,,,,,,,,,,,,,,,,,,,,,,,,,,,,,,,,,,,,,,,,,,,,,,,,,,,,,,,,,,,,,,,,,,,,,,,,,,,
GCB1:KWH,(                ),,8972135,8972151,8972164,8972179,8972193,8972204,8972219,8972233,8972247,8972260,8972273,8972285,8972299,8972313,8972325,8972339,8972350,8972364,8972378,8972390,8972404,8972412,8972429,8972441,8972454,8972467,8972478,8972492,8972505,8972518,8972531,8972541,8972557,8972570,8972584,8972599,8972610,8972627,8972641,8972656,8972670,8972684,8972695,8972711,8972726,8972738,8972753,8972767,8972785,8972803,8972818,8972836,8972852,8972866,8972890,8972913,,,,,,,,,,,,,,,,,,,,,,,,,,,,,,,,,,,,,,,,,,,,,,,,,,,,,,,,,,,,,,,,,,,,,,,,,,,,,,,,,,,,,,,,
GCB1:PF,(                ),, -0.81, -0.82, -0.82, -0.84, -0.84, -0.84, -0.85, -0.85, -0.83, -0.87, -0.85, -0.87, -0.87, -0.88, -0.88, -0.86, -0.86, -0.88, -0.87, -0.88, -0.88, -0.87, -0.88, -0.88, -0.88, -0.86, -0.85, -0.86, -0.85, -0.87, -0.82, -0.82, -0.84, -0.85, -0.78, -0.78, -0.78, -0.80, -0.80, -0.80, -0.82, -0.79, -0.82, -0.80, -0.80, -0.79, -0.78, -0.77, -0.75, -0.75, -0.72, -0.73, -0.74, -0.70, -0.71, -0.73,,,,,,,,,,,,,,,,,,,,,,,,,,,,,,,,,,,,,,,,,,,,,,,,,,,,,,,,,,,,,,,,,,,,,,,,,,,,,,,,,,,,,,,,
GCB1:VRS,(                ),V,21.1,21.1,21.1,21.1,21.1,21.2,21.2,21.2,21.2,21.1,21.1,21.1,21.2,21.2,21.2,21.2,21.2,21.2,21.2,21.2,21.2,21.2,21.3,21.2,21.2,21.0,21.0,21.0,21.0,21.0,21.0,21.0,21.0,21.0,21.0,21.0,21.0,21.0,21.0,21.0,21.0,21.0,20.9,21.0,20.9,20.9,21.0,21.0,20.9,20.8,20.8,20.7,20.7,20.8,20.7,20.7,,,,,,,,,,,,,,,,,,,,,,,,,,,,,,,,,,,,,,,,,,,,,,,,,,,,,,,,,,,,,,,,,,,,,,,,,,,,,,,,,,,,,,,,
GCB1:VST,(                ),V,21.0,21.1,21.1,21.1,21.1,21.1,21.2,21.1,21.2,21.0,21.1,21.1,21.1,21.2,21.1,21.2,21.1,21.1,21.2,21.1,21.2,21.2,21.3,21.2,21.2,21.0,21.0,20.9,21.0,20.9,21.0,21.0,21.0,21.0,21.0,21.0,21.0,20.9,21.0,21.0,20.9,21.0,20.9,20.9,20.9,20.8,21.0,20.9,20.9,20.8,20.8,20.7,20.6,20.8,20.7,20.7,,,,,,,,,,,,,,,,,,,,,,,,,,,,,,,,,,,,,,,,,,,,,,,,,,,,,,,,,,,,,,,,,,,,,,,,,,,,,,,,,,,,,,,,
GCB1:VTR,(                ),V,21.1,21.1,21.1,21.2,21.2,21.2,21.2,21.2,21.2,21.1,21.1,21.1,21.1,21.2,21.2,21.2,21.2,21.2,21.2,21.2,21.2,21.2,21.2,21.3,21.3,21.0,21.0,21.0,21.0,21.0,21.0,21.0,21.0,21.0,21.0,21.0,21.0,21.0,21.0,21.0,21.0,21.0,21.0,20.9,20.9,20.9,21.0,21.0,20.9,20.9,20.8,20.7,20.7,20.8,20.7,20.7,,,,,,,,,,,,,,,,,,,,,,,,,,,,,,,,,,,,,,,,,,,,,,,,,,,,,,,,,,,,,,,,,,,,,,,,,,,,,,,,,,,,,,,,
GCB2:HZ,(                ),Hz,60,59,59,60,60,60,59,60,59,59,59,59,59,59,59,60,59,59,59,60,59,60,59,60,59,59,59,59,60,59,60,59,60,59,60,60,59,59,60,59,59,60,59,59,60,59,59,59,60,60,59,59,60,60,59,59,,,,,,,,,,,,,,,,,,,,,,,,,,,,,,,,,,,,,,,,,,,,,,,,,,,,,,,,,,,,,,,,,,,,,,,,,,,,,,,,,,,,,,,,
GCB2:IR,(                ),A,0,0,0,0,0,0,0,0,0,0,0,0,0,0,0,0,0,0,0,0,0,0,0,0,0,0,0,0,0,0,0,0,0,0,0,0,0,0,0,0,0,0,0,0,0,5,11,11,11,11,11,10,11,11,12,12,,,,,,,,,,,,,,,,,,,,,,,,,,,,,,,,,,,,,,,,,,,,,,,,,,,,,,,,,,,,,,,,,,,,,,,,,,,,,,,,,,,,,,,,
GCB2:IS,(                ),A,0,0,0,0,0,0,0,0,0,0,0,0,0,0,0,0,0,0,0,0,0,0,0,0,0,0,0,0,0,0,0,0,0,0,0,0,0,0,0,0,0,0,0,0,0,5,11,10,11,11,11,10,11,11,12,12,,,,,,,,,,,,,,,,,,,,,,,,,,,,,,,,,,,,,,,,,,,,,,,,,,,,,,,,,,,,,,,,,,,,,,,,,,,,,,,,,,,,,,,,
GCB2:IT,(                ),A,0,0,0,0,0,0,0,0,0,0,0,0,0,0,0,0,0,0,0,0,0,0,0,0,0,0,0,0,0,0,0,0,0,0,0,0,0,0,0,0,0,0,0,0,0,5,10,10,11,11,11,10,11,11,12,12,,,,,,,,,,,,,,,,,,,,,,,,,,,,,,,,,,,,,,,,,,,,,,,,,,,,,,,,,,,,,,,,,,,,,,,,,,,,,,,,,,,,,,,,
GCB2:KW,(                ),kW,5.6,5.7,5.3,5.7,5.6,5.7,5.7,5.3,5.7,5.6,5.6,5.3,5.7,5.7,5.7,5.7,5.7,5.7,5.7,5.7,5.3,5.8,5.8,5.7,5.7,5.2,5.6,5.6,5.6,5.2,5.6,5.6,5.6,5.7,5.2,5.6,5.6,5.6,5.2,5.6,5.6,5.6,5.6,5.2,5.6,165.6,359.6,354.3,378.3,385.3,369.6,334.3,366.6,374.0,404.5,415.4,,,,,,,,,,,,,,,,,,,,,,,,,,,,,,,,,,,,,,,,,,,,,,,,,,,,,,,,,,,,,,,,,,,,,,,,,,,,,,,,,,,,,,,,
GCB2:KWH,(                ),,16213580,16213580,16213580,16213580,16213580,16213580,16213590,16213590,16213590,16213590,16213590,16213590,16213590,16213590,16213590,16213590,16213590,16213601,16213601,16213601,16213601,16213601,16213601,16213601,16213601,16213601,16213601,16213601,16213611,16213611,16213611,16213611,16213611,16213611,16213611,16213611,16213611,16213611,16213611,16213620,16213620,16213620,16213620,16213620,16213620,16213630,16213680,16213731,16213800,16213870,16213930,16213991,16214050,16214100,16214170,16214241,,,,,,,,,,,,,,,,,,,,,,,,,,,,,,,,,,,,,,,,,,,,,,,,,,,,,,,,,,,,,,,,,,,,,,,,,,,,,,,,,,,,,,,,
GCB2:PF,(                ),,0.75,0.75,0.74,0.75,0.75,0.75,0.75,0.74,0.75,0.75,0.75,0.74,0.75,0.75,0.75,0.75,0.75,0.75,0.75,0.75,0.73,0.80,0.80,0.74,0.75,0.75,0.76,0.76,0.77,0.75,0.77,0.76,0.77,0.77,0.75,0.76,0.77,0.77,0.76,0.77,0.77,0.77,0.77,0.76,0.78,0.96,0.93,0.93,0.95,0.94,0.94,0.95,0.95,0.95,0.94,0.94,,,,,,,,,,,,,,,,,,,,,,,,,,,,,,,,,,,,,,,,,,,,,,,,,,,,,,,,,,,,,,,,,,,,,,,,,,,,,,,,,,,,,,,,
GCB2:VRS,(                ),V,21.1,21.0,21.2,21.2,21.1,21.2,21.1,21.1,21.2,21.0,21.0,21.1,21.1,21.1,21.2,21.2,21.2,21.2,21.2,21.2,21.2,21.2,21.2,21.3,21.3,21.0,21.0,21.0,21.0,21.0,21.0,21.0,21.0,21.0,21.0,21.0,21.0,21.0,20.9,21.0,21.0,21.0,20.9,20.9,20.9,20.9,21.0,21.0,20.9,20.8,20.8,20.8,20.8,20.8,20.7,20.7,,,,,,,,,,,,,,,,,,,,,,,,,,,,,,,,,,,,,,,,,,,,,,,,,,,,,,,,,,,,,,,,,,,,,,,,,,,,,,,,,,,,,,,,
GCB2:VST,(                ),V,21.1,21.1,21.1,21.1,21.1,21.2,21.2,21.2,21.2,21.1,21.1,21.1,21.1,21.2,21.1,21.1,21.2,21.2,21.2,21.2,21.2,21.2,21.2,21.2,21.2,21.0,21.0,21.0,21.0,21.0,21.0,21.0,21.0,21.0,21.0,21.0,21.0,21.0,21.0,21.0,21.0,21.0,20.9,20.9,20.9,20.9,21.0,21.0,20.9,20.8,20.8,20.7,20.7,20.8,20.7,20.7,,,,,,,,,,,,,,,,,,,,,,,,,,,,,,,,,,,,,,,,,,,,,,,,,,,,,,,,,,,,,,,,,,,,,,,,,,,,,,,,,,,,,,,,
GCB2:VTR,(                ),V,21.1,21.1,21.1,21.2,21.1,21.2,21.2,21.1,21.2,21.1,21.1,21.1,21.1,21.2,21.2,21.2,21.2,21.2,21.2,21.2,21.2,21.2,21.2,21.3,21.3,21.0,21.0,21.0,21.0,21.0,21.0,21.0,21.0,21.0,21.1,21.0,21.0,21.0,21.0,21.0,21.0,21.0,20.9,20.9,20.9,20.9,21.0,20.9,20.9,20.8,20.8,20.7,20.7,20.8,20.7,20.7,,,,,,,,,,,,,,,,,,,,,,,,,,,,,,,,,,,,,,,,,,,,,,,,,,,,,,,,,,,,,,,,,,,,,,,,,,,,,,,,,,,,,,,,
PM:HZ,(                ),Hz,60,59,59,60,60,60,59,60,59,59,59,59,59,60,59,60,59,59,59,60,59,60,59,60,59,59,59,59,60,59,60,59,60,59,60,59,59,59,60,59,59,59,59,59,60,59,59,59,60,60,59,60,60,60,59,59,,,,,,,,,,,,,,,,,,,,,,,,,,,,,,,,,,,,,,,,,,,,,,,,,,,,,,,,,,,,,,,,,,,,,,,,,,,,,,,,,,,,,,,,
PM:IR,(                ),A,167,170,169,159,156,159,161,161,162,166,156,157,153,157,170,160,154,161,172,167,163,162,164,147,160,155,176,165,161,152,169,170,178,177,189,201,183,169,173,172,161,163,165,168,178,183,187,197,222,208,224,232,206,273,345,321,,,,,,,,,,,,,,,,,,,,,,,,,,,,,,,,,,,,,,,,,,,,,,,,,,,,,,,,,,,,,,,,,,,,,,,,,,,,,,,,,,,,,,,,
PM:IS,(                ),A,171,163,156,157,159,152,133,158,165,131,133,122,130,111,155,140,107,125,152,127,107,128,120,130,129,116,131,142,134,123,145,148,139,138,172,179,185,177,179,186,162,150,154,176,166,180,168,227,233,198,212,227,214,229,310,346,,,,,,,,,,,,,,,,,,,,,,,,,,,,,,,,,,,,,,,,,,,,,,,,,,,,,,,,,,,,,,,,,,,,,,,,,,,,,,,,,,,,,,,,
PM:IT,(                ),A,148,150,157,149,159,156,139,144,159,165,155,139,145,153,152,129,133,130,125,139,138,132,136,135,146,142,124,125,138,158,141,146,136,164,175,186,209,191,179,157,153,151,171,165,161,182,177,212,217,191,225,218,220,267,254,280,,,,,,,,,,,,,,,,,,,,,,,,,,,,,,,,,,,,,,,,,,,,,,,,,,,,,,,,,,,,,,,,,,,,,,,,,,,,,,,,,,,,,,,,
PM:KW,(                ),kW,98.9,97.3,96.7,92.8,94.1,92.9,85.3,91.6,97.6,89.3,87.8,80.4,82.2,80.0,91.1,83.9,77.6,80.0,87.5,82.9,78.2,82.3,80.7,79.8,83.5,79.7,84.7,83.4,85.5,83.2,91.1,93.0,89.7,94.3,110.9,117.4,119.0,109.2,107.9,104.9,95.6,94.9,97.8,102.9,102.6,111.5,107.9,130.9,139.3,123.4,138.8,141.4,132.1,162.1,191.2,197.3,,,,,,,,,,,,,,,,,,,,,,,,,,,,,,,,,,,,,,,,,,,,,,,,,,,,,,,,,,,,,,,,,,,,,,,,,,,,,,,,,,,,,,,,
PM:KWH,(                ),,14405823,14405841,14405857,14405874,14405891,14405904,14405920,14405936,14405952,14405966,14405981,14405995,14406010,14406024,14406038,14406052,14406064,14406080,14406094,14406106,14406122,14406130,14406147,14406161,14406174,14406188,14406201,14406215,14406229,14406244,14406258,14406270,14406289,14406303,14406320,14406339,14406355,14406376,14406393,14406411,14406427,14406444,14406459,14406478,14406498,14406514,14406531,14406550,14406574,14406598,14406619,14406643,14406666,14406688,14406721,14406753,,,,,,,,,,,,,,,,,,,,,,,,,,,,,,,,,,,,,,,,,,,,,,,,,,,,,,,,,,,,,,,,,,,,,,,,,,,,,,,,,,,,,,,,
PM:PF,(                ),,0.91,0.91,0.90,0.89,0.89,0.89,0.88,0.89,0.90,0.87,0.89,0.86,0.86,0.85,0.86,0.88,0.88,0.86,0.87,0.86,0.86,0.87,0.86,0.86,0.86,0.87,0.89,0.87,0.89,0.87,0.90,0.90,0.89,0.89,0.94,0.94,0.93,0.92,0.92,0.92,0.91,0.93,0.90,0.92,0.92,0.93,0.92,0.93,0.94,0.94,0.96,0.96,0.95,0.96,0.96,0.96,,,,,,,,,,,,,,,,,,,,,,,,,,,,,,,,,,,,,,,,,,,,,,,,,,,,,,,,,,,,,,,,,,,,,,,,,,,,,,,,,,,,,,,,
PM:VRS,(                ),V,385.4,385.5,385.6,385.7,385.9,386.4,386.6,386.2,386.1,384.7,385.1,385.3,385.4,386.1,385.9,386.2,386.5,386.6,386.5,386.7,387.0,387.1,387.5,387.4,387.5,383.5,383.2,383.2,383.1,383.6,383.5,383.4,383.6,383.6,383.5,383.9,383.5,383.4,383.4,383.0,383.0,383.0,382.5,382.1,381.9,381.4,383.2,383.2,381.1,380.5,379.5,378.2,378.0,378.7,377.3,377.1,,,,,,,,,,,,,,,,,,,,,,,,,,,,,,,,,,,,,,,,,,,,,,,,,,,,,,,,,,,,,,,,,,,,,,,,,,,,,,,,,,,,,,,,
PM:VST,(                ),V,385.6,385.8,386.0,386.3,386.2,386.9,387.0,386.5,386.3,385.1,385.4,385.7,385.6,386.3,386.0,386.3,386.9,386.9,386.3,386.9,387.4,387.3,387.6,387.4,387.7,383.7,383.6,383.3,383.3,383.8,383.5,383.5,383.7,383.7,383.6,383.9,383.2,383.1,383.3,382.5,383.0,382.9,382.2,381.8,382.1,381.8,383.5,383.0,381.0,380.6,379.7,378.6,378.3,379.1,377.7,377.3,,,,,,,,,,,,,,,,,,,,,,,,,,,,,,,,,,,,,,,,,,,,,,,,,,,,,,,,,,,,,,,,,,,,,,,,,,,,,,,,,,,,,,,,
PM:VTR,(                ),V,385.2,385.5,385.5,385.9,385.8,386.6,386.7,386.4,386.0,384.8,385.1,385.5,385.4,386.1,386.0,386.6,386.7,386.9,386.6,387.0,387.1,387.4,387.6,387.6,387.7,383.6,383.7,383.6,383.3,383.7,383.5,383.4,383.7,383.6,383.5,383.8,383.2,383.1,383.3,382.8,383.1,383.1,382.4,381.8,381.9,381.5,383.3,383.1,381.4,380.5,379.7,378.8,378.4,379.0,378.0,377.8,,,,,,,,,,,,,,,,,,,,,,,,,,,,,,,,,,,,,,,,,,,,,,,,,,,,,,,,,,,,,,,,,,,,,,,,,,,,,,,,,,,,,,,,
PAC:HZ,(                ),Hz,59,59,59,60,60,60,59,60,59,59,59,59,59,60,59,60,59,59,59,59,59,60,59,60,59,59,59,59,60,59,60,59,60,59,60,60,59,59,60,59,59,60,59,59,60,59,59,59,60,60,59,60,60,60,59,59,,,,,,,,,,,,,,,,,,,,,,,,,,,,,,,,,,,,,,,,,,,,,,,,,,,,,,,,,,,,,,,,,,,,,,,,,,,,,,,,,,,,,,,,
PAC:IR,(                ),A,11,11,9,11,11,11,11,9,11,11,11,9,11,11,11,11,11,11,11,11,9,11,11,11,11,9,11,11,11,9,11,11,11,11,9,11,11,11,9,11,11,11,11,9,11,285,635,625,660,681,653,585,648,658,717,740,,,,,,,,,,,,,,,,,,,,,,,,,,,,,,,,,,,,,,,,,,,,,,,,,,,,,,,,,,,,,,,,,,,,,,,,,,,,,,,,,,,,,,,,
PAC:IS,(                ),A,9,9,9,9,9,9,9,9,9,9,9,9,9,9,9,9,9,9,9,9,9,8,8,9,9,9,9,9,9,9,9,9,9,9,9,9,9,9,9,9,9,9,9,9,9,283,646,638,670,689,658,590,653,661,728,752,,,,,,,,,,,,,,,,,,,,,,,,,,,,,,,,,,,,,,,,,,,,,,,,,,,,,,,,,,,,,,,,,,,,,,,,,,,,,,,,,,,,,,,,
PAC:IT,(                ),A,8,8,8,8,8,8,8,8,8,8,8,8,8,8,8,8,8,8,8,8,8,8,8,8,8,8,8,8,8,8,8,8,8,8,8,8,8,8,8,8,8,8,8,8,8,281,630,623,654,674,645,581,645,651,710,738,,,,,,,,,,,,,,,,,,,,,,,,,,,,,,,,,,,,,,,,,,,,,,,,,,,,,,,,,,,,,,,,,,,,,,,,,,,,,,,,,,,,,,,,
PAC:KW,(                ),kW,5.4,5.4,4.9,5.4,5.4,5.4,5.4,5.0,5.4,5.4,5.4,5.0,5.4,5.4,5.4,5.4,5.4,5.4,5.4,5.4,5.0,5.6,5.6,5.4,5.4,4.9,5.4,5.4,5.4,4.9,5.3,5.3,5.4,5.4,4.9,5.3,5.4,5.4,4.9,5.4,5.3,5.4,5.3,4.9,5.3,179.9,394.1,388.7,413.5,422.0,403.7,363.0,401.9,408.2,441.6,455.7,,,,,,,,,,,,,,,,,,,,,,,,,,,,,,,,,,,,,,,,,,,,,,,,,,,,,,,,,,,,,,,,,,,,,,,,,,,,,,,,,,,,,,,,
PAC:KWH,(                ),,17687690,17687692,17687692,17687694,17687694,17687696,17687696,17687698,17687698,17687698,17687700,17687700,17687702,17687702,17687704,17687704,17687706,17687706,17687708,17687708,17687708,17687710,17687710,17687712,17687712,17687714,17687714,17687714,17687716,17687716,17687718,17687718,17687720,17687720,17687722,17687722,17687722,17687724,17687724,17687726,17687726,17687728,17687728,17687728,17687730,17687738,17687794,17687850,17687928,17688002,17688068,17688134,17688200,17688260,17688334,17688410,,,,,,,,,,,,,,,,,,,,,,,,,,,,,,,,,,,,,,,,,,,,,,,,,,,,,,,,,,,,,,,,,,,,,,,,,,,,,,,,,,,,,,,,
PAC:PF,(                ),,0.86,0.86,0.85,0.86,0.86,0.86,0.86,0.85,0.86,0.86,0.86,0.85,0.86,0.86,0.86,0.86,0.86,0.86,0.86,0.86,0.85,0.92,0.92,0.86,0.86,0.86,0.86,0.86,0.87,0.86,0.86,0.86,0.86,0.86,0.86,0.86,0.86,0.86,0.86,0.86,0.86,0.87,0.86,0.86,0.87,0.97,0.94,0.94,0.96,0.95,0.95,0.95,0.95,0.95,0.95,0.95,,,,,,,,,,,,,,,,,,,,,,,,,,,,,,,,,,,,,,,,,,,,,,,,,,,,,,,,,,,,,,,,,,,,,,,,,,,,,,,,,,,,,,,,
PAC:VRS,(                ),V,384.4,384.6,384.7,385.0,385.0,385.7,385.7,385.4,385.5,384.0,384.1,384.6,384.7,385.0,385.2,385.4,385.6,385.7,385.5,386.0,386.2,386.6,386.9,386.7,386.7,382.7,382.6,382.5,382.2,382.8,382.8,382.6,382.8,382.8,382.6,383.0,382.5,382.4,382.4,382.2,382.0,382.1,381.5,381.2,381.2,379.8,379.5,379.5,377.6,376.7,375.5,374.9,374.2,375.7,374.0,373.7,,,,,,,,,,,,,,,,,,,,,,,,,,,,,,,,,,,,,,,,,,,,,,,,,,,,,,,,,,,,,,,,,,,,,,,,,,,,,,,,,,,,,,,,
PAC:VST,(                ),V,384.8,385.1,385.3,385.8,385.5,386.2,386.2,385.8,385.9,384.5,384.5,385.1,384.9,385.3,385.5,385.6,385.8,386.1,385.8,386.2,386.5,386.8,387.0,386.9,387.0,382.9,382.8,382.7,382.5,383.1,382.9,382.7,382.9,383.0,382.8,383.2,382.5,382.4,382.7,382.0,382.3,382.1,381.4,381.2,381.4,380.1,380.1,379.5,377.6,376.8,376.3,375.7,374.8,375.8,374.1,373.8,,,,,,,,,,,,,,,,,,,,,,,,,,,,,,,,,,,,,,,,,,,,,,,,,,,,,,,,,,,,,,,,,,,,,,,,,,,,,,,,,,,,,,,,
PAC:VTR,(                ),V,384.7,385.1,385.1,385.6,385.6,386.3,386.4,386.0,386.0,384.7,384.7,385.2,385.2,385.6,385.8,386.1,386.2,386.5,386.1,386.6,386.8,387.1,387.3,387.2,387.3,383.2,383.2,383.2,382.8,383.4,383.2,383.1,383.4,383.3,383.1,383.5,382.9,382.8,382.9,382.5,382.6,382.6,382.0,381.4,381.5,380.0,380.0,379.9,378.3,377.1,376.5,375.8,375.3,376.0,374.4,374.3,,,,,,,,,,,,,,,,,,,,,,,,,,,,,,,,,,,,,,,,,,,,,,,,,,,,,,,,,,,,,,,,,,,,,,,,,,,,,,,,,,,,,,,,
CH1B1:KWH,(                ),,4433714,4433714,4433714,4433714,4433714,4433714,4433714,4433714,4433714,4433714,4433714,4433714,4433714,4433714,4433714,4433714,4433714,4433714,4433714,4433714,4433714,4433714,4433714,4433714,4433714,4433714,4433714,4433714,4433714,4433714,4433714,4433714,4433714,4433714,4433714,4433714,4433714,4433714,4433714,4433714,4433714,4433714,4433714,4433714,4433714,4433714,4433714,4433714,4433714,4433714,4433714,4433714,4433714,4433714,4433714,4433714,,,,,,,,,,,,,,,,,,,,,,,,,,,,,,,,,,,,,,,,,,,,,,,,,,,,,,,,,,,,,,,,,,,,,,,,,,,,,,,,,,,,,,,,
CH2B1:KWH,(                ),,3323912,3323912,3323912,3323912,3323912,3323912,3323912,3323912,3323912,3323912,3323912,3323912,3323912,3323912,3323912,3323912,3323912,3323912,3323912,3323912,3323912,3323912,3323912,3323912,3323912,3323912,3323912,3323912,3323912,3323912,3323912,3323912,3323912,3323912,3323912,3323912,3323912,3323912,3323912,3323912,3323912,3323912,3323912,3323912,3323912,3323912,3323912,3323912,3323912,3323912,3323912,3323912,3323912,3323912,3323912,3323912,,,,,,,,,,,,,,,,,,,,,,,,,,,,,,,,,,,,,,,,,,,,,,,,,,,,,,,,,,,,,,,,,,,,,,,,,,,,,,,,,,,,,,,,
CHP1B1:KWH,(                ),,313214,313214,313214,313214,313214,313214,313214,313214,313214,313214,313214,313214,313214,313214,313214,313214,313214,313214,313214,313214,313214,313214,313214,313214,313214,313214,313214,313214,313214,313214,313214,313214,313214,313214,313214,313214,313214,313214,313214,313214,313214,313214,313214,313214,313214,313214,313214,313214,313214,313214,313214,313214,313214,313214,313214,313214,,,,,,,,,,,,,,,,,,,,,,,,,,,,,,,,,,,,,,,,,,,,,,,,,,,,,,,,,,,,,,,,,,,,,,,,,,,,,,,,,,,,,,,,
CHP2B1:KWH,(                ),,259932,259932,259932,259932,259932,259932,259932,259932,259932,259932,259932,259932,259932,259932,259932,259932,259932,259932,259932,259932,259932,259932,259932,259932,259932,259932,259932,259932,259932,259932,259932,259932,259932,259932,259932,259932,259932,259932,259932,259932,259932,259932,259932,259932,259932,259932,259932,259932,259932,259932,259932,259932,259932,259932,259932,259932,,,,,,,,,,,,,,,,,,,,,,,,,,,,,,,,,,,,,,,,,,,,,,,,,,,,,,,,,,,,,,,,,,,,,,,,,,,,,,,,,,,,,,,,
CHP3B1:KWH,(                ),,4159,4159,4159,4159,4159,4159,4159,4159,4159,4159,4159,4159,4159,4159,4159,4159,4159,4159,4159,4159,4159,4159,4159,4159,4159,4159,4159,4159,4159,4159,4159,4159,4159,4159,4159,4159,4159,4159,4159,4159,4159,4159,4159,4159,4159,4159,4159,4159,4159,4159,4159,4159,4159,4159,4159,4159,,,,,,,,,,,,,,,,,,,,,,,,,,,,,,,,,,,,,,,,,,,,,,,,,,,,,,,,,,,,,,,,,,,,,,,,,,,,,,,,,,,,,,,,
CT1B1:KW,(                ),kW,8.2,8.2,8.2,8.2,8.2,8.2,8.2,8.2,8.2,8.2,8.2,8.2,8.2,8.2,8.2,8.2,8.2,8.2,8.2,8.2,8.2,8.2,8.2,8.2,8.2,8.2,8.2,8.2,8.2,8.2,8.2,8.2,8.2,8.2,8.2,8.2,8.2,8.2,8.2,8.2,8.2,8.2,8.2,8.2,8.2,8.2,8.2,8.2,8.2,8.2,8.2,8.2,8.2,8.2,8.2,8.2,,,,,,,,,,,,,,,,,,,,,,,,,,,,,,,,,,,,,,,,,,,,,,,,,,,,,,,,,,,,,,,,,,,,,,,,,,,,,,,,,,,,,,,,
CT1B1:KWH,(                ),,244843,244843,244843,244843,244843,244843,244843,244843,244843,244843,244843,244843,244843,244843,244843,244843,244843,244843,244843,244843,244843,244843,244843,244843,244843,244843,244843,244843,244843,244843,244843,244843,244843,244843,244843,244843,244843,244843,244843,244843,244843,244843,244843,244843,244843,244843,244843,244843,244843,244843,244843,244843,244843,244843,244843,244843,,,,,,,,,,,,,,,,,,,,,,,,,,,,,,,,,,,,,,,,,,,,,,,,,,,,,,,,,,,,,,,,,,,,,,,,,,,,,,,,,,,,,,,,
CT2B1:KW,(                ),kW,0.0,0.0,0.0,0.0,0.0,0.0,0.0,0.0,0.0,0.0,0.0,0.0,0.0,0.0,0.0,0.0,0.0,0.0,0.0,0.0,0.0,0.0,0.0,0.0,0.0,0.0,0.0,0.0,0.0,0.0,0.0,0.0,0.0,0.0,0.0,0.0,0.0,0.0,0.0,0.0,0.0,0.0,0.0,0.0,0.0,0.0,0.0,0.0,0.0,0.0,0.0,0.0,0.0,0.0,0.0,0.0,,,,,,,,,,,,,,,,,,,,,,,,,,,,,,,,,,,,,,,,,,,,,,,,,,,,,,,,,,,,,,,,,,,,,,,,,,,,,,,,,,,,,,,,
CT2B1:KWH,(                ),,111175,111175,111175,111175,111175,111175,111175,111175,111175,111175,111175,111175,111175,111175,111175,111175,111175,111175,111175,111175,111175,111175,111175,111175,111175,111175,111175,111175,111175,111175,111175,111175,111175,111175,111175,111175,111175,111175,111175,111175,111175,111175,111175,111175,111175,111175,111175,111175,111175,111175,111175,111175,111175,111175,111175,111175,,,,,,,,,,,,,,,,,,,,,,,,,,,,,,,,,,,,,,,,,,,,,,,,,,,,,,,,,,,,,,,,,,,,,,,,,,,,,,,,,,,,,,,,
CWP1B1:KWH,(                ),,839195,839195,839195,839195,839195,839195,839195,839195,839195,839195,839195,839195,839195,839195,839195,839195,839195,839195,839195,839195,839195,839195,839195,839195,839195,839195,839195,839195,839195,839195,839195,839195,839195,839195,839195,839195,839195,839195,839195,839195,839195,839195,839195,839195,839195,839195,839195,839195,839195,839195,839195,839195,839195,839195,839195,839195,,,,,,,,,,,,,,,,,,,,,,,,,,,,,,,,,,,,,,,,,,,,,,,,,,,,,,,,,,,,,,,,,,,,,,,,,,,,,,,,,,,,,,,,
CWP2B1:KWH,(                ),,705224,705224,705224,705224,705224,705224,705224,705224,705224,705224,705224,705224,705224,705224,705224,705224,705224,705224,705224,705224,705224,705224,705224,705224,705224,705224,705224,705224,705224,705224,705224,705224,705224,705224,705224,705224,705224,705224,705224,705224,705224,705224,705224,705224,705224,705224,705224,705224,705224,705224,705224,705224,705224,705224,705224,705224,,,,,,,,,,,,,,,,,,,,,,,,,,,,,,,,,,,,,,,,,,,,,,,,,,,,,,,,,,,,,,,,,,,,,,,,,,,,,,,,,,,,,,,,
CWP3B1:KWH,(                ),,10,10,10,10,10,10,10,10,10,10,10,10,10,10,10,10,10,10,10,10,10,10,10,10,10,10,10,10,10,10,10,10,10,10,10,10,10,10,10,10,10,10,10,10,10,10,10,10,10,10,10,10,10,10,10,10,,,,,,,,,,,,,,,,,,,,,,,,,,,,,,,,,,,,,,,,,,,,,,,,,,,,,,,,,,,,,,,,,,,,,,,,,,,,,,,,,,,,,,,,
CH1F7.KWH,(度數            ),kW h,695462,695462,695462,695462,695462,695462,695462,695462,695462,695462,695462,695462,695462,695462,695462,695462,695462,695462,695462,695462,695462,695462,695462,695462,695462,695462,695462,695462,695462,695462,695462,695462,695462,695462,695462,695462,695462,695462,695462,695462,695462,695462,695462,695462,695462,695462,695462,695462,695462,695462,695462,695462,695462,695462,695462,695462,,,,,,,,,,,,,,,,,,,,,,,,,,,,,,,,,,,,,,,,,,,,,,,,,,,,,,,,,,,,,,,,,,,,,,,,,,,,,,,,,,,,,,,,
CH2F7:KWH,(                ),,3715074,3715074,3715074,3715074,3715074,3715074,3715074,3715075,3715075,3715075,3715075,3715075,3715075,3715075,3715075,3715075,3715075,3715075,3715075,3715076,3715076,3715076,3715076,3715076,3715076,3715076,3715076,3715076,3715076,3715076,3715076,3715076,3715077,3715077,3715077,3715077,3715077,3715077,3715077,3715077,3715077,3715077,3715077,3715077,3715077,3715077,3715077,3715077,3715077,3715077,3715132,3715223,3715313,3715401,3715493,3715577,,,,,,,,,,,,,,,,,,,,,,,,,,,,,,,,,,,,,,,,,,,,,,,,,,,,,,,,,,,,,,,,,,,,,,,,,,,,,,,,,,,,,,,,
CH3F7:KWH,(                ),,1642843,1642843,1642843,1642843,1642843,1642843,1642843,1642843,1642843,1642843,1642843,1642843,1642843,1642843,1642843,1642844,1642844,1642844,1642844,1642844,1642844,1642844,1642844,1642844,1642844,1642844,1642844,1642844,1642844,1642845,1642845,1642845,1642845,1642845,1642845,1642845,1642845,1642845,1642845,1642845,1642845,1642845,1642845,1642845,1642845,1642845,1642846,1642846,1642846,1642846,1642846,1642846,1642846,1642846,1642846,1642846,,,,,,,,,,,,,,,,,,,,,,,,,,,,,,,,,,,,,,,,,,,,,,,,,,,,,,,,,,,,,,,,,,,,,,,,,,,,,,,,,,,,,,,,
CH4F7.KWH,(度數            ),kW h,719265,719265,719265,719265,719265,719265,719265,719265,719265,719265,719265,719265,719265,719265,719265,719265,719265,719265,719265,719265,719265,719265,719265,719265,719265,719265,719265,719265,719265,719265,719265,719265,719265,719265,719265,719265,719265,719265,719265,719265,719265,719265,719265,719265,719265,719265,719265,719265,719265,719265,719265,719265,719265,719265,719265,719265,,,,,,,,,,,,,,,,,,,,,,,,,,,,,,,,,,,,,,,,,,,,,,,,,,,,,,,,,,,,,,,,,,,,,,,,,,,,,,,,,,,,,,,,
CH5F7.KWH,(度數            ),kW h,662123,662123,662123,662123,662123,662123,662123,662123,662123,662123,662123,662123,662123,662123,662123,662123,662123,662123,662123,662123,662123,662123,662123,662123,662123,662123,662123,662123,662123,662123,662123,662123,662123,662123,662123,662123,662123,662123,662123,662123,662123,662123,662123,662123,662123,662123,662123,662123,662123,662123,662123,662123,662123,662123,662123,662123,,,,,,,,,,,,,,,,,,,,,,,,,,,,,,,,,,,,,,,,,,,,,,,,,,,,,,,,,,,,,,,,,,,,,,,,,,,,,,,,,,,,,,,,
CHP1F7:KWH,(                ),,547422,547422,547422,547422,547422,547422,547422,547422,547422,547422,547422,547422,547422,547422,547422,547422,547422,547422,547422,547422,547422,547422,547422,547422,547422,547422,547422,547422,547422,547422,547422,547422,547422,547422,547422,547422,547422,547422,547422,547422,547422,547422,547422,547422,547422,547422,547422,547422,547422,547422,547422,547422,547422,547422,547424,547429,,,,,,,,,,,,,,,,,,,,,,,,,,,,,,,,,,,,,,,,,,,,,,,,,,,,,,,,,,,,,,,,,,,,,,,,,,,,,,,,,,,,,,,,
CHP2F7:KWH,(                ),,245267,245267,245267,245267,245267,245267,245267,245267,245267,245267,245267,245267,245267,245267,245267,245267,245267,245267,245267,245267,245267,245267,245267,245267,245267,245267,245267,245267,245267,245267,245267,245267,245267,245267,245267,245267,245267,245267,245267,245267,245267,245267,245267,245267,245267,245267,245267,245267,245270,245275,245280,245285,245290,245294,245299,245304,,,,,,,,,,,,,,,,,,,,,,,,,,,,,,,,,,,,,,,,,,,,,,,,,,,,,,,,,,,,,,,,,,,,,,,,,,,,,,,,,,,,,,,,
CHP3F7:KWH,(                ),,124028,124028,124028,124028,124028,124028,124028,124028,124028,124028,124028,124028,124028,124028,124028,124028,124028,124028,124028,124028,124028,124028,124028,124028,124028,124028,124028,124028,124028,124028,124028,124028,124028,124028,124028,124028,124028,124028,124028,124028,124028,124028,124028,124028,124028,124028,124028,124028,124028,124028,124028,124028,124028,124028,124028,124028,,,,,,,,,,,,,,,,,,,,,,,,,,,,,,,,,,,,,,,,,,,,,,,,,,,,,,,,,,,,,,,,,,,,,,,,,,,,,,,,,,,,,,,,
CHP4F7:KWH,(                ),,534267,534267,534267,534267,534267,534267,534267,534267,534267,534267,534267,534267,534267,534267,534267,534267,534267,534267,534267,534267,534267,534267,534267,534267,534267,534267,534267,534267,534267,534267,534267,534267,534267,534267,534267,534267,534267,534267,534267,534267,534267,534267,534267,534267,534267,534267,534267,534267,534267,534267,534267,534267,534267,534267,534267,534267,,,,,,,,,,,,,,,,,,,,,,,,,,,,,,,,,,,,,,,,,,,,,,,,,,,,,,,,,,,,,,,,,,,,,,,,,,,,,,,,,,,,,,,,
CHP5F7:KWH,(                ),,546768,546768,546768,546768,546768,546768,546768,546768,546768,546768,546768,546768,546768,546768,546768,546768,546768,546768,546768,546768,546768,546768,546768,546768,546768,546768,546768,546768,546768,546768,546768,546768,546768,546768,546768,546768,546768,546768,546768,546768,546768,546768,546768,546768,546768,546768,546768,546768,546768,546768,546768,546768,546768,546768,546768,546768,,,,,,,,,,,,,,,,,,,,,,,,,,,,,,,,,,,,,,,,,,,,,,,,,,,,,,,,,,,,,,,,,,,,,,,,,,,,,,,,,,,,,,,,
CWP1F7:KWH,(                ),,550794,550794,550794,550794,550794,550794,550794,550794,550794,550794,550794,550794,550794,550794,550794,550794,550794,550794,550794,550794,550794,550794,550794,550794,550794,550794,550794,550794,550794,550794,550794,550794,550794,550794,550794,550794,550794,550794,550794,550794,550794,550794,550794,550794,550794,550794,550794,550794,550794,550794,550794,550794,550794,550794,550796,550801,,,,,,,,,,,,,,,,,,,,,,,,,,,,,,,,,,,,,,,,,,,,,,,,,,,,,,,,,,,,,,,,,,,,,,,,,,,,,,,,,,,,,,,,
CWP2F7:KWH,(                ),,276919,276919,276919,276919,276919,276919,276919,276919,276919,276919,276919,276919,276919,276919,276919,276919,276919,276919,276919,276919,276919,276919,276919,276919,276919,276919,276919,276919,276919,276919,276919,276919,276919,276919,276919,276919,276919,276919,276919,276919,276919,276919,276919,276919,276919,276919,276919,276919,276921,276927,276932,276938,276943,276949,276954,276960,,,,,,,,,,,,,,,,,,,,,,,,,,,,,,,,,,,,,,,,,,,,,,,,,,,,,,,,,,,,,,,,,,,,,,,,,,,,,,,,,,,,,,,,
CWP3F7:KWH,(                ),,149373,149373,149373,149373,149373,149373,149373,149373,149373,149373,149373,149373,149373,149373,149373,149373,149373,149373,149373,149373,149373,149373,149373,149373,149373,149373,149373,149373,149373,149373,149373,149373,149373,149373,149373,149373,149373,149373,149373,149373,149373,149373,149373,149373,149373,149373,149373,149373,149373,149373,149373,149373,149373,149373,149373,149373,,,,,,,,,,,,,,,,,,,,,,,,,,,,,,,,,,,,,,,,,,,,,,,,,,,,,,,,,,,,,,,,,,,,,,,,,,,,,,,,,,,,,,,,
CWP4F7:KWH,(                ),,588434,588434,588434,588434,588434,588434,588434,588434,588434,588434,588434,588434,588434,588434,588434,588434,588434,588434,588434,588434,588434,588434,588434,588434,588434,588434,588434,588434,588434,588434,588434,588434,588434,588434,588434,588434,588434,588434,588434,588434,588434,588434,588434,588434,588434,588434,588434,588434,588434,588434,588434,588434,588434,588434,588434,588434,,,,,,,,,,,,,,,,,,,,,,,,,,,,,,,,,,,,,,,,,,,,,,,,,,,,,,,,,,,,,,,,,,,,,,,,,,,,,,,,,,,,,,,,
CWP5F7:KWH,(                ),,644500,644500,644500,644500,644500,644500,644500,644500,644500,644500,644500,644500,644500,644500,644500,644500,644500,644500,644500,644500,644500,644500,644500,644500,644500,644500,644500,644500,644500,644500,644500,644500,644500,644500,644500,644500,644500,644500,644500,644500,644500,644500,644500,644500,644500,644500,644500,644500,644500,644500,644500,644500,644500,644500,644500,644500,,,,,,,,,,,,,,,,,,,,,,,,,,,,,,,,,,,,,,,,,,,,,,,,,,,,,,,,,,,,,,,,,,,,,,,,,,,,,,,,,,,,,,,,
CT1-1.KWH,(度數            ),kW h,13735,13735,13735,13735,13735,13735,13735,13735,13735,13735,13735,13735,13735,13735,13735,13735,13735,13735,13735,13735,13735,13735,13735,13735,13735,13735,13735,13735,13735,13735,13735,13735,13735,13735,13735,13735,13735,13735,13735,13735,13735,13735,13735,13735,13735,13735,13735,13735,13735,13735,13735,13735,13735,13735,13736,13737,,,,,,,,,,,,,,,,,,,,,,,,,,,,,,,,,,,,,,,,,,,,,,,,,,,,,,,,,,,,,,,,,,,,,,,,,,,,,,,,,,,,,,,,
CT1-1:KW,(                ),kW,0.0,0.0,0.0,0.0,0.0,0.0,0.0,0.0,0.0,0.0,0.0,0.0,0.0,0.0,0.0,0.0,0.0,0.0,0.0,0.0,0.0,0.0,0.0,0.0,0.0,0.0,0.0,0.0,0.0,0.0,0.0,0.0,0.0,0.0,0.0,0.0,0.0,0.0,0.0,0.0,0.0,0.0,0.0,0.0,0.0,0.0,0.0,0.0,0.0,0.0,0.0,0.0,0.0,0.0,7.0,6.9,,,,,,,,,,,,,,,,,,,,,,,,,,,,,,,,,,,,,,,,,,,,,,,,,,,,,,,,,,,,,,,,,,,,,,,,,,,,,,,,,,,,,,,,
CT1-2.KWH,(度數            ),kW h,16100,16100,16100,16100,16100,16100,16100,16100,16100,16100,16100,16100,16100,16100,16100,16100,16100,16100,16100,16100,16100,16100,16100,16100,16100,16100,16100,16100,16100,16100,16100,16100,16100,16100,16100,16100,16100,16100,16100,16100,16100,16100,16100,16100,16100,16100,16100,16100,16100,16100,16100,16100,16100,16100,16100,16101,,,,,,,,,,,,,,,,,,,,,,,,,,,,,,,,,,,,,,,,,,,,,,,,,,,,,,,,,,,,,,,,,,,,,,,,,,,,,,,,,,,,,,,,
CT1-2:KW,(                ),kW,0.0,0.0,0.0,0.0,0.0,0.0,0.0,0.0,0.0,0.0,0.0,0.0,0.0,0.0,0.0,0.0,0.0,0.0,0.0,0.0,0.0,0.0,0.0,0.0,0.0,0.0,0.0,0.0,0.0,0.0,0.0,0.0,0.0,0.0,0.0,0.0,0.0,0.0,0.0,0.0,0.0,0.0,0.0,0.0,0.0,0.0,0.0,0.0,0.0,0.0,0.0,0.0,0.0,0.0,6.9,6.9,,,,,,,,,,,,,,,,,,,,,,,,,,,,,,,,,,,,,,,,,,,,,,,,,,,,,,,,,,,,,,,,,,,,,,,,,,,,,,,,,,,,,,,,
CT1-3.KWH,(度數            ),kW h,13431,13431,13431,13431,13431,13431,13431,13431,13431,13431,13431,13431,13431,13431,13431,13431,13431,13431,13431,13431,13431,13431,13431,13431,13431,13431,13431,13431,13431,13431,13431,13431,13431,13431,13431,13431,13431,13431,13431,13431,13431,13431,13431,13431,13431,13431,13431,13431,13431,13431,13431,13431,13431,13431,13431,13433,,,,,,,,,,,,,,,,,,,,,,,,,,,,,,,,,,,,,,,,,,,,,,,,,,,,,,,,,,,,,,,,,,,,,,,,,,,,,,,,,,,,,,,,
CT1-3:KW,(                ),kW,0.0,0.0,0.0,0.0,0.0,0.0,0.0,0.0,0.0,0.0,0.0,0.0,0.0,0.0,0.0,0.0,0.0,0.0,0.0,0.0,0.0,0.0,0.0,0.0,0.0,0.0,0.0,0.0,0.0,0.0,0.0,0.0,0.0,0.0,0.0,0.0,0.0,0.0,0.0,0.0,0.0,0.0,0.0,0.0,0.0,0.0,0.0,0.0,0.0,0.0,0.0,0.0,0.0,0.0,7.2,7.0,,,,,,,,,,,,,,,,,,,,,,,,,,,,,,,,,,,,,,,,,,,,,,,,,,,,,,,,,,,,,,,,,,,,,,,,,,,,,,,,,,,,,,,,
CT1-4.KWH,(度數            ),kW h,16436,16436,16436,16436,16436,16436,16436,16436,16436,16436,16436,16436,16436,16436,16436,16436,16436,16436,16436,16436,16436,16436,16436,16436,16436,16436,16436,16436,16436,16436,16436,16436,16436,16436,16436,16436,16436,16436,16436,16436,16436,16436,16436,16436,16436,16436,16436,16436,16436,16436,16436,16436,16436,16436,16437,16438,,,,,,,,,,,,,,,,,,,,,,,,,,,,,,,,,,,,,,,,,,,,,,,,,,,,,,,,,,,,,,,,,,,,,,,,,,,,,,,,,,,,,,,,
CT1-4:KW,(                ),kW,0.0,0.0,0.0,0.0,0.0,0.0,0.0,0.0,0.0,0.0,0.0,0.0,0.0,0.0,0.0,0.0,0.0,0.0,0.0,0.0,0.0,0.0,0.0,0.0,0.0,0.0,0.0,0.0,0.0,0.0,0.0,0.0,0.0,0.0,0.0,0.0,0.0,0.0,0.0,0.0,0.0,0.0,0.0,0.0,0.0,0.0,0.0,0.0,0.0,0.0,0.0,0.0,0.0,0.0,7.0,7.1,,,,,,,,,,,,,,,,,,,,,,,,,,,,,,,,,,,,,,,,,,,,,,,,,,,,,,,,,,,,,,,,,,,,,,,,,,,,,,,,,,,,,,,,
CT1-ALL.KW,(冷卻水塔系統功率),,0.0,0.0,0.0,0.0,0.0,0.0,0.0,0.0,0.0,0.0,0.0,0.0,0.0,0.0,0.0,0.0,0.0,0.0,0.0,0.0,0.0,0.0,0.0,0.0,0.0,0.0,0.0,0.0,0.0,0.0,0.0,0.0,0.0,0.0,0.0,0.0,0.0,0.0,0.0,0.0,0.0,0.0,0.0,0.0,0.0,0.0,0.0,0.0,0.0,0.0,0.0,0.0,0.0,0.0,28.1,27.9,,,,,,,,,,,,,,,,,,,,,,,,,,,,,,,,,,,,,,,,,,,,,,,,,,,,,,,,,,,,,,,,,,,,,,,,,,,,,,,,,,,,,,,,
CT1-ALL.KWH,(度數            ),kW h,59704,59704,59704,59704,59704,59704,59704,59704,59704,59704,59704,59704,59704,59704,59704,59704,59704,59704,59704,59704,59704,59704,59704,59704,59704,59704,59704,59704,59704,59704,59704,59704,59704,59704,59704,59704,59704,59704,59704,59704,59704,59704,59704,59704,59704,59704,59704,59704,59704,59704,59704,59704,59704,59704,59705,59710,,,,,,,,,,,,,,,,,,,,,,,,,,,,,,,,,,,,,,,,,,,,,,,,,,,,,,,,,,,,,,,,,,,,,,,,,,,,,,,,,,,,,,,,
CT2-1.KWH,(度數            ),kW h,12625,12625,12625,12625,12625,12625,12625,12625,12625,12625,12625,12625,12625,12625,12625,12625,12625,12625,12625,12625,12625,12625,12625,12625,12625,12625,12625,12625,12625,12625,12625,12625,12625,12625,12625,12625,12625,12625,12625,12625,12625,12625,12625,12625,12625,12625,12625,12625,12625,12626,12627,12628,12629,12630,12631,12632,,,,,,,,,,,,,,,,,,,,,,,,,,,,,,,,,,,,,,,,,,,,,,,,,,,,,,,,,,,,,,,,,,,,,,,,,,,,,,,,,,,,,,,,
CT2-1:KW,(                ),kW,0.0,0.0,0.0,0.0,0.0,0.0,0.0,0.0,0.0,0.0,0.0,0.0,0.0,0.0,0.0,0.0,0.0,0.0,0.0,0.0,0.0,0.0,0.0,0.0,0.0,0.0,0.0,0.0,0.0,0.0,0.0,0.0,0.0,0.0,0.0,0.0,0.0,0.0,0.0,0.0,0.0,0.0,0.0,0.0,0.0,0.0,0.0,0.0,6.8,1.4,6.6,6.6,6.6,6.6,6.6,6.6,,,,,,,,,,,,,,,,,,,,,,,,,,,,,,,,,,,,,,,,,,,,,,,,,,,,,,,,,,,,,,,,,,,,,,,,,,,,,,,,,,,,,,,,
CT2-2.KWH,(度數            ),kW h,12291,12291,12291,12291,12291,12291,12291,12291,12291,12291,12291,12291,12291,12291,12291,12291,12291,12291,12291,12291,12291,12291,12291,12291,12291,12291,12291,12291,12291,12291,12291,12291,12291,12291,12291,12291,12291,12291,12291,12291,12291,12291,12291,12291,12291,12291,12291,12291,12291,12292,12292,12293,12295,12296,12297,12298,,,,,,,,,,,,,,,,,,,,,,,,,,,,,,,,,,,,,,,,,,,,,,,,,,,,,,,,,,,,,,,,,,,,,,,,,,,,,,,,,,,,,,,,
CT2-2:KW,(                ),kW,0.0,0.0,0.0,0.0,0.0,0.0,0.0,0.0,0.0,0.0,0.0,0.0,0.0,0.0,0.0,0.0,0.0,0.0,0.0,0.0,0.0,0.0,0.0,0.0,0.0,0.0,0.0,0.0,0.0,0.0,0.0,0.0,0.0,0.0,0.0,0.0,0.0,0.0,0.0,0.0,0.0,0.0,0.0,0.0,0.0,0.0,0.0,0.0,7.0,1.4,6.6,6.6,6.7,6.7,6.5,6.5,,,,,,,,,,,,,,,,,,,,,,,,,,,,,,,,,,,,,,,,,,,,,,,,,,,,,,,,,,,,,,,,,,,,,,,,,,,,,,,,,,,,,,,,
CT2-3.KWH,(度數            ),kW h,12098,12098,12098,12098,12098,12098,12098,12098,12098,12098,12098,12098,12098,12098,12098,12098,12098,12098,12098,12098,12098,12098,12098,12098,12098,12098,12098,12098,12098,12098,12098,12098,12098,12098,12098,12098,12098,12098,12098,12098,12098,12098,12098,12098,12098,12098,12098,12098,12098,12099,12099,12100,12102,12103,12104,12105,,,,,,,,,,,,,,,,,,,,,,,,,,,,,,,,,,,,,,,,,,,,,,,,,,,,,,,,,,,,,,,,,,,,,,,,,,,,,,,,,,,,,,,,
CT2-3:KW,(                ),kW,0.0,0.0,0.0,0.0,0.0,0.0,0.0,0.0,0.0,0.0,0.0,0.0,0.0,0.0,0.0,0.0,0.0,0.0,0.0,0.0,0.0,0.0,0.0,0.0,0.0,0.0,0.0,0.0,0.0,0.0,0.0,0.0,0.0,0.0,0.0,0.0,0.0,0.0,0.0,0.0,0.0,0.0,0.0,0.0,0.0,0.0,0.0,0.0,6.8,1.4,6.5,6.5,6.5,6.5,6.5,6.5,,,,,,,,,,,,,,,,,,,,,,,,,,,,,,,,,,,,,,,,,,,,,,,,,,,,,,,,,,,,,,,,,,,,,,,,,,,,,,,,,,,,,,,,
CT2-4.KWH,(度數            ),kW h,12454,12454,12454,12454,12454,12454,12454,12454,12454,12454,12454,12454,12454,12454,12454,12454,12454,12454,12454,12454,12454,12454,12454,12454,12454,12454,12454,12454,12454,12454,12454,12454,12454,12454,12454,12454,12454,12454,12454,12454,12454,12454,12454,12454,12454,12454,12454,12454,12455,12455,12456,12457,12458,12459,12461,12462,,,,,,,,,,,,,,,,,,,,,,,,,,,,,,,,,,,,,,,,,,,,,,,,,,,,,,,,,,,,,,,,,,,,,,,,,,,,,,,,,,,,,,,,
CT2-4:KW,(                ),kW,0.0,0.0,0.0,0.0,0.0,0.0,0.0,0.0,0.0,0.0,0.0,0.0,0.0,0.0,0.0,0.0,0.0,0.0,0.0,0.0,0.0,0.0,0.0,0.0,0.0,0.0,0.0,0.0,0.0,0.0,0.0,0.0,0.0,0.0,0.0,0.0,0.0,0.0,0.0,0.0,0.0,0.0,0.0,0.0,0.0,0.0,0.0,0.0,7.1,1.5,6.7,6.7,6.7,6.6,6.6,6.7,,,,,,,,,,,,,,,,,,,,,,,,,,,,,,,,,,,,,,,,,,,,,,,,,,,,,,,,,,,,,,,,,,,,,,,,,,,,,,,,,,,,,,,,
CT2-ALL.KW,(冷卻水塔系統功率),,0.0,0.0,0.0,0.0,0.0,0.0,0.0,0.0,0.0,0.0,0.0,0.0,0.0,0.0,0.0,0.0,0.0,0.0,0.0,0.0,0.0,0.0,0.0,0.0,0.0,0.0,0.0,0.0,0.0,0.0,0.0,0.0,0.0,0.0,0.0,0.0,0.0,0.0,0.0,0.0,0.0,0.0,0.0,0.0,0.0,0.0,0.0,0.0,27.7,5.7,26.5,26.3,26.5,26.4,26.2,26.3,,,,,,,,,,,,,,,,,,,,,,,,,,,,,,,,,,,,,,,,,,,,,,,,,,,,,,,,,,,,,,,,,,,,,,,,,,,,,,,,,,,,,,,,
CT2-ALL.KWH,(度數            ),kW h,49469,49469,49469,49469,49469,49469,49469,49469,49469,49469,49469,49469,49469,49469,49469,49469,49469,49469,49469,49469,49469,49469,49469,49469,49469,49469,49469,49469,49469,49469,49469,49469,49469,49469,49469,49469,49469,49469,49469,49469,49469,49469,49469,49469,49469,49469,49469,49469,49470,49474,49476,49481,49485,49489,49494,49498,,,,,,,,,,,,,,,,,,,,,,,,,,,,,,,,,,,,,,,,,,,,,,,,,,,,,,,,,,,,,,,,,,,,,,,,,,,,,,,,,,,,,,,,
CT3-1.KWH,(度數            ),kW h,6723,6723,6723,6723,6723,6723,6723,6723,6723,6723,6723,6723,6723,6723,6723,6723,6723,6723,6723,6723,6723,6723,6723,6723,6723,6723,6723,6723,6723,6723,6723,6723,6723,6723,6723,6723,6723,6723,6723,6723,6723,6723,6723,6723,6723,6723,6723,6723,6723,6723,6723,6723,6723,6723,6723,6723,,,,,,,,,,,,,,,,,,,,,,,,,,,,,,,,,,,,,,,,,,,,,,,,,,,,,,,,,,,,,,,,,,,,,,,,,,,,,,,,,,,,,,,,
CT3-1:KW,(                ),kW,0.0,0.0,0.0,0.0,0.0,0.0,0.0,0.0,0.0,0.0,0.0,0.0,0.0,0.0,0.0,0.0,0.0,0.0,0.0,0.0,0.0,0.0,0.0,0.0,0.0,0.0,0.0,0.0,0.0,0.0,0.0,0.0,0.0,0.0,0.0,0.0,0.0,0.0,0.0,0.0,0.0,0.0,0.0,0.0,0.0,0.0,0.0,0.0,0.0,0.0,0.0,0.0,0.0,0.0,0.0,0.0,,,,,,,,,,,,,,,,,,,,,,,,,,,,,,,,,,,,,,,,,,,,,,,,,,,,,,,,,,,,,,,,,,,,,,,,,,,,,,,,,,,,,,,,
CT3-2.KWH,(度數            ),kW h,7976,7976,7976,7976,7976,7976,7976,7976,7976,7976,7976,7976,7976,7976,7976,7976,7976,7976,7976,7976,7976,7976,7976,7976,7976,7976,7976,7976,7976,7976,7976,7976,7976,7976,7976,7976,7976,7976,7976,7976,7976,7976,7976,7976,7976,7976,7976,7976,7976,7976,7976,7976,7976,7976,7976,7976,,,,,,,,,,,,,,,,,,,,,,,,,,,,,,,,,,,,,,,,,,,,,,,,,,,,,,,,,,,,,,,,,,,,,,,,,,,,,,,,,,,,,,,,
CT3-2:KW,(                ),kW,0.0,0.0,0.0,0.0,0.0,0.0,0.0,0.0,0.0,0.0,0.0,0.0,0.0,0.0,0.0,0.0,0.0,0.0,0.0,0.0,0.0,0.0,0.0,0.0,0.0,0.0,0.0,0.0,0.0,0.0,0.0,0.0,0.0,0.0,0.0,0.0,0.0,0.0,0.0,0.0,0.0,0.0,0.0,0.0,0.0,0.0,0.0,0.0,0.0,0.0,0.0,0.0,0.0,0.0,0.0,0.0,,,,,,,,,,,,,,,,,,,,,,,,,,,,,,,,,,,,,,,,,,,,,,,,,,,,,,,,,,,,,,,,,,,,,,,,,,,,,,,,,,,,,,,,
CT3-3.KWH,(度數            ),kW h,8334,8334,8334,8334,8334,8334,8334,8334,8334,8334,8334,8334,8334,8334,8334,8334,8334,8334,8334,8334,8334,8334,8334,8334,8334,8334,8334,8334,8334,8334,8334,8334,8334,8334,8334,8334,8334,8334,8334,8334,8334,8334,8334,8334,8334,8334,8334,8334,8334,8334,8334,8334,8334,8334,8334,8334,,,,,,,,,,,,,,,,,,,,,,,,,,,,,,,,,,,,,,,,,,,,,,,,,,,,,,,,,,,,,,,,,,,,,,,,,,,,,,,,,,,,,,,,
CT3-3:KW,(                ),kW,0.0,0.0,0.0,0.0,0.0,0.0,0.0,0.0,0.0,0.0,0.0,0.0,0.0,0.0,0.0,0.0,0.0,0.0,0.0,0.0,0.0,0.0,0.0,0.0,0.0,0.0,0.0,0.0,0.0,0.0,0.0,0.0,0.0,0.0,0.0,0.0,0.0,0.0,0.0,0.0,0.0,0.0,0.0,0.0,0.0,0.0,0.0,0.0,0.0,0.0,0.0,0.0,0.0,0.0,0.0,0.0,,,,,,,,,,,,,,,,,,,,,,,,,,,,,,,,,,,,,,,,,,,,,,,,,,,,,,,,,,,,,,,,,,,,,,,,,,,,,,,,,,,,,,,,
CT3-4.KWH,(度數            ),kW h,8385,8385,8385,8385,8385,8385,8385,8385,8385,8385,8385,8385,8385,8385,8385,8385,8385,8385,8385,8385,8385,8385,8385,8385,8385,8385,8385,8385,8385,8385,8385,8385,8385,8385,8385,8385,8385,8385,8385,8385,8385,8385,8385,8385,8385,8385,8385,8385,8385,8385,8385,8385,8385,8385,8385,8385,,,,,,,,,,,,,,,,,,,,,,,,,,,,,,,,,,,,,,,,,,,,,,,,,,,,,,,,,,,,,,,,,,,,,,,,,,,,,,,,,,,,,,,,
CT3-4:KW,(                ),kW,0.0,0.0,0.0,0.0,0.0,0.0,0.0,0.0,0.0,0.0,0.0,0.0,0.0,0.0,0.0,0.0,0.0,0.0,0.0,0.0,0.0,0.0,0.0,0.0,0.0,0.0,0.0,0.0,0.0,0.0,0.0,0.0,0.0,0.0,0.0,0.0,0.0,0.0,0.0,0.0,0.0,0.0,0.0,0.0,0.0,0.0,0.0,0.0,0.0,0.0,0.0,0.0,0.0,0.0,0.0,0.0,,,,,,,,,,,,,,,,,,,,,,,,,,,,,,,,,,,,,,,,,,,,,,,,,,,,,,,,,,,,,,,,,,,,,,,,,,,,,,,,,,,,,,,,
CT3-ALL.KW,(冷卻水塔系統功率),,0.0,0.0,0.0,0.0,0.0,0.0,0.0,0.0,0.0,0.0,0.0,0.0,0.0,0.0,0.0,0.0,0.0,0.0,0.0,0.0,0.0,0.0,0.0,0.0,0.0,0.0,0.0,0.0,0.0,0.0,0.0,0.0,0.0,0.0,0.0,0.0,0.0,0.0,0.0,0.0,0.0,0.0,0.0,0.0,0.0,0.0,0.0,0.0,0.0,0.0,0.0,0.0,0.0,0.0,0.0,0.0,,,,,,,,,,,,,,,,,,,,,,,,,,,,,,,,,,,,,,,,,,,,,,,,,,,,,,,,,,,,,,,,,,,,,,,,,,,,,,,,,,,,,,,,
CT3-ALL.KWH,(度數            ),kW h,31420,31420,31420,31420,31420,31420,31420,31420,31420,31420,31420,31420,31420,31420,31420,31420,31420,31420,31420,31420,31420,31420,31420,31420,31420,31420,31420,31420,31420,31420,31420,31420,31420,31420,31420,31420,31420,31420,31420,31420,31420,31420,31420,31420,31420,31420,31420,31420,31420,31420,31420,31420,31420,31420,31420,31420,,,,,,,,,,,,,,,,,,,,,,,,,,,,,,,,,,,,,,,,,,,,,,,,,,,,,,,,,,,,,,,,,,,,,,,,,,,,,,,,,,,,,,,,
CT4-1.KWH,(度數            ),kW h,15111,15111,15111,15111,15111,15111,15111,15111,15111,15111,15111,15111,15111,15111,15111,15111,15111,15111,15111,15111,15111,15111,15111,15111,15111,15111,15111,15111,15111,15111,15111,15111,15111,15111,15111,15111,15111,15111,15111,15111,15111,15111,15111,15111,15111,15111,15111,15111,15111,15111,15111,15111,15111,15111,15111,15111,,,,,,,,,,,,,,,,,,,,,,,,,,,,,,,,,,,,,,,,,,,,,,,,,,,,,,,,,,,,,,,,,,,,,,,,,,,,,,,,,,,,,,,,
CT4-1:KW,(                ),kW,0.0,0.0,0.0,0.0,0.0,0.0,0.0,0.0,0.0,0.0,0.0,0.0,0.0,0.0,0.0,0.0,0.0,0.0,0.0,0.0,0.0,0.0,0.0,0.0,0.0,0.0,0.0,0.0,0.0,0.0,0.0,0.0,0.0,0.0,0.0,0.0,0.0,0.0,0.0,0.0,0.0,0.0,0.0,0.0,0.0,0.0,0.0,0.0,0.0,0.0,0.0,0.0,0.0,0.0,0.0,0.0,,,,,,,,,,,,,,,,,,,,,,,,,,,,,,,,,,,,,,,,,,,,,,,,,,,,,,,,,,,,,,,,,,,,,,,,,,,,,,,,,,,,,,,,
CT4-2.KWH,(度數            ),kW h,9171,9171,9171,9171,9171,9171,9171,9171,9171,9171,9171,9171,9171,9171,9171,9171,9171,9171,9171,9171,9171,9171,9171,9171,9171,9171,9171,9171,9171,9171,9171,9171,9171,9171,9171,9171,9171,9171,9171,9171,9171,9171,9171,9171,9171,9171,9171,9171,9171,9171,9171,9171,9171,9171,9171,9171,,,,,,,,,,,,,,,,,,,,,,,,,,,,,,,,,,,,,,,,,,,,,,,,,,,,,,,,,,,,,,,,,,,,,,,,,,,,,,,,,,,,,,,,
CT4-2:KW,(                ),kW,0.0,0.0,0.0,0.0,0.0,0.0,0.0,0.0,0.0,0.0,0.0,0.0,0.0,0.0,0.0,0.0,0.0,0.0,0.0,0.0,0.0,0.0,0.0,0.0,0.0,0.0,0.0,0.0,0.0,0.0,0.0,0.0,0.0,0.0,0.0,0.0,0.0,0.0,0.0,0.0,0.0,0.0,0.0,0.0,0.0,0.0,0.0,0.0,0.0,0.0,0.0,0.0,0.0,0.0,0.0,0.0,,,,,,,,,,,,,,,,,,,,,,,,,,,,,,,,,,,,,,,,,,,,,,,,,,,,,,,,,,,,,,,,,,,,,,,,,,,,,,,,,,,,,,,,
CT4-3.KWH,(度數            ),kW h,14372,14372,14372,14372,14372,14372,14372,14372,14372,14372,14372,14372,14372,14372,14372,14372,14372,14372,14372,14372,14372,14372,14372,14372,14372,14372,14372,14372,14372,14372,14372,14372,14372,14372,14372,14372,14372,14372,14372,14372,14372,14372,14372,14372,14372,14372,14372,14372,14372,14372,14372,14372,14372,14372,14372,14372,,,,,,,,,,,,,,,,,,,,,,,,,,,,,,,,,,,,,,,,,,,,,,,,,,,,,,,,,,,,,,,,,,,,,,,,,,,,,,,,,,,,,,,,
CT4-3:KW,(                ),kW,0.0,0.0,0.0,0.0,0.0,0.0,0.0,0.0,0.0,0.0,0.0,0.0,0.0,0.0,0.0,0.0,0.0,0.0,0.0,0.0,0.0,0.0,0.0,0.0,0.0,0.0,0.0,0.0,0.0,0.0,0.0,0.0,0.0,0.0,0.0,0.0,0.0,0.0,0.0,0.0,0.0,0.0,0.0,0.0,0.0,0.0,0.0,0.0,0.0,0.0,0.0,0.0,0.0,0.0,0.0,0.0,,,,,,,,,,,,,,,,,,,,,,,,,,,,,,,,,,,,,,,,,,,,,,,,,,,,,,,,,,,,,,,,,,,,,,,,,,,,,,,,,,,,,,,,
CT4-4.KWH,(度數            ),kW h,12476,12476,12476,12476,12476,12476,12476,12476,12476,12476,12476,12476,12476,12476,12476,12476,12476,12476,12476,12476,12476,12476,12476,12476,12476,12476,12476,12476,12476,12476,12476,12476,12476,12476,12476,12476,12476,12476,12476,12476,12476,12476,12476,12476,12476,12476,12476,12476,12476,12476,12476,12476,12476,12476,12476,12476,,,,,,,,,,,,,,,,,,,,,,,,,,,,,,,,,,,,,,,,,,,,,,,,,,,,,,,,,,,,,,,,,,,,,,,,,,,,,,,,,,,,,,,,
CT4-4:KW,(                ),kW,0.0,0.0,0.0,0.0,0.0,0.0,0.0,0.0,0.0,0.0,0.0,0.0,0.0,0.0,0.0,0.0,0.0,0.0,0.0,0.0,0.0,0.0,0.0,0.0,0.0,0.0,0.0,0.0,0.0,0.0,0.0,0.0,0.0,0.0,0.0,0.0,0.0,0.0,0.0,0.0,0.0,0.0,0.0,0.0,0.0,0.0,0.0,0.0,0.0,0.0,0.0,0.0,0.0,0.0,0.0,0.0,,,,,,,,,,,,,,,,,,,,,,,,,,,,,,,,,,,,,,,,,,,,,,,,,,,,,,,,,,,,,,,,,,,,,,,,,,,,,,,,,,,,,,,,
CT4-ALL.KW,(冷卻水塔系統功率),,0.0,0.0,0.0,0.0,0.0,0.0,0.0,0.0,0.0,0.0,0.0,0.0,0.0,0.0,0.0,0.0,0.0,0.0,0.0,0.0,0.0,0.0,0.0,0.0,0.0,0.0,0.0,0.0,0.0,0.0,0.0,0.0,0.0,0.0,0.0,0.0,0.0,0.0,0.0,0.0,0.0,0.0,0.0,0.0,0.0,0.0,0.0,0.0,0.0,0.0,0.0,0.0,0.0,0.0,0.0,0.0,,,,,,,,,,,,,,,,,,,,,,,,,,,,,,,,,,,,,,,,,,,,,,,,,,,,,,,,,,,,,,,,,,,,,,,,,,,,,,,,,,,,,,,,
CT4-ALL.KWH,(度數            ),kW h,51133,51133,51133,51133,51133,51133,51133,51133,51133,51133,51133,51133,51133,51133,51133,51133,51133,51133,51133,51133,51133,51133,51133,51133,51133,51133,51133,51133,51133,51133,51133,51133,51133,51133,51133,51133,51133,51133,51133,51133,51133,51133,51133,51133,51133,51133,51133,51133,51133,51133,51133,51133,51133,51133,51133,51133,,,,,,,,,,,,,,,,,,,,,,,,,,,,,,,,,,,,,,,,,,,,,,,,,,,,,,,,,,,,,,,,,,,,,,,,,,,,,,,,,,,,,,,,
CT5-1.KWH,(度數            ),kW h,14924,14924,14924,14924,14924,14924,14924,14924,14924,14924,14924,14924,14924,14924,14924,14924,14924,14924,14924,14924,14924,14924,14924,14924,14924,14924,14924,14924,14924,14924,14924,14924,14924,14924,14924,14924,14924,14924,14924,14924,14924,14924,14924,14924,14924,14924,14924,14924,14924,14924,14924,14924,14924,14924,14924,14924,,,,,,,,,,,,,,,,,,,,,,,,,,,,,,,,,,,,,,,,,,,,,,,,,,,,,,,,,,,,,,,,,,,,,,,,,,,,,,,,,,,,,,,,
CT5-1:KW,(                ),kW,0.0,0.0,0.0,0.0,0.0,0.0,0.0,0.0,0.0,0.0,0.0,0.0,0.0,0.0,0.0,0.0,0.0,0.0,0.0,0.0,0.0,0.0,0.0,0.0,0.0,0.0,0.0,0.0,0.0,0.0,0.0,0.0,0.0,0.0,0.0,0.0,0.0,0.0,0.0,0.0,0.0,0.0,0.0,0.0,0.0,0.0,0.0,0.0,0.0,0.0,0.0,0.0,0.0,0.0,0.0,0.0,,,,,,,,,,,,,,,,,,,,,,,,,,,,,,,,,,,,,,,,,,,,,,,,,,,,,,,,,,,,,,,,,,,,,,,,,,,,,,,,,,,,,,,,
CT5-2.KWH,(度數            ),kW h,14275,14275,14275,14275,14275,14275,14275,14275,14275,14275,14275,14275,14275,14275,14275,14275,14275,14275,14275,14275,14275,14275,14275,14275,14275,14275,14275,14275,14275,14275,14275,14275,14275,14275,14275,14275,14275,14275,14275,14275,14275,14275,14275,14275,14275,14275,14275,14275,14275,14275,14275,14275,14275,14275,14275,14275,,,,,,,,,,,,,,,,,,,,,,,,,,,,,,,,,,,,,,,,,,,,,,,,,,,,,,,,,,,,,,,,,,,,,,,,,,,,,,,,,,,,,,,,
CT5-2:KW,(                ),kW,0.0,0.0,0.0,0.0,0.0,0.0,0.0,0.0,0.0,0.0,0.0,0.0,0.0,0.0,0.0,0.0,0.0,0.0,0.0,0.0,0.0,0.0,0.0,0.0,0.0,0.0,0.0,0.0,0.0,0.0,0.0,0.0,0.0,0.0,0.0,0.0,0.0,0.0,0.0,0.0,0.0,0.0,0.0,0.0,0.0,0.0,0.0,0.0,0.0,0.0,0.0,0.0,0.0,0.0,0.0,0.0,,,,,,,,,,,,,,,,,,,,,,,,,,,,,,,,,,,,,,,,,,,,,,,,,,,,,,,,,,,,,,,,,,,,,,,,,,,,,,,,,,,,,,,,
CT5-3.KWH,(度數            ),kW h,12997,12997,12997,12997,12997,12997,12997,12997,12997,12997,12997,12997,12997,12997,12997,12997,12997,12997,12997,12997,12997,12997,12997,12997,12997,12997,12997,12997,12997,12997,12997,12997,12997,12997,12997,12997,12997,12997,12997,12997,12997,12997,12997,12997,12997,12997,12997,12997,12997,12997,12997,12997,12997,12997,12997,12997,,,,,,,,,,,,,,,,,,,,,,,,,,,,,,,,,,,,,,,,,,,,,,,,,,,,,,,,,,,,,,,,,,,,,,,,,,,,,,,,,,,,,,,,
CT5-3:KW,(                ),kW,0.0,0.0,0.0,0.0,0.0,0.0,0.0,0.0,0.0,0.0,0.0,0.0,0.0,0.0,0.0,0.0,0.0,0.0,0.0,0.0,0.0,0.0,0.0,0.0,0.0,0.0,0.0,0.0,0.0,0.0,0.0,0.0,0.0,0.0,0.0,0.0,0.0,0.0,0.0,0.0,0.0,0.0,0.0,0.0,0.0,0.0,0.0,0.0,0.0,0.0,0.0,0.0,0.0,0.0,0.0,0.0,,,,,,,,,,,,,,,,,,,,,,,,,,,,,,,,,,,,,,,,,,,,,,,,,,,,,,,,,,,,,,,,,,,,,,,,,,,,,,,,,,,,,,,,
CT5-4.KWH,(度數            ),kW h,14429,14429,14429,14429,14429,14429,14429,14429,14429,14429,14429,14429,14429,14429,14429,14429,14429,14429,14429,14429,14429,14429,14429,14429,14429,14429,14429,14429,14429,14429,14429,14429,14429,14429,14429,14429,14429,14429,14429,14429,14429,14429,14429,14429,14429,14429,14429,14429,14429,14429,14429,14429,14429,14429,14429,14429,,,,,,,,,,,,,,,,,,,,,,,,,,,,,,,,,,,,,,,,,,,,,,,,,,,,,,,,,,,,,,,,,,,,,,,,,,,,,,,,,,,,,,,,
CT5-4:KW,(                ),kW,0.0,0.0,0.0,0.0,0.0,0.0,0.0,0.0,0.0,0.0,0.0,0.0,0.0,0.0,0.0,0.0,0.0,0.0,0.0,0.0,0.0,0.0,0.0,0.0,0.0,0.0,0.0,0.0,0.0,0.0,0.0,0.0,0.0,0.0,0.0,0.0,0.0,0.0,0.0,0.0,0.0,0.0,0.0,0.0,0.0,0.0,0.0,0.0,0.0,0.0,0.0,0.0,0.0,0.0,0.0,0.0,,,,,,,,,,,,,,,,,,,,,,,,,,,,,,,,,,,,,,,,,,,,,,,,,,,,,,,,,,,,,,,,,,,,,,,,,,,,,,,,,,,,,,,,
CT5-ALL.KW,(冷卻水塔系統功率),,0.0,0.0,0.0,0.0,0.0,0.0,0.0,0.0,0.0,0.0,0.0,0.0,0.0,0.0,0.0,0.0,0.0,0.0,0.0,0.0,0.0,0.0,0.0,0.0,0.0,0.0,0.0,0.0,0.0,0.0,0.0,0.0,0.0,0.0,0.0,0.0,0.0,0.0,0.0,0.0,0.0,0.0,0.0,0.0,0.0,0.0,0.0,0.0,0.0,0.0,0.0,0.0,0.0,0.0,0.0,0.0,,,,,,,,,,,,,,,,,,,,,,,,,,,,,,,,,,,,,,,,,,,,,,,,,,,,,,,,,,,,,,,,,,,,,,,,,,,,,,,,,,,,,,,,
CT5-ALL.KWH,(度數            ),kW h,56627,56627,56627,56627,56627,56627,56627,56627,56627,56627,56627,56627,56627,56627,56627,56627,56627,56627,56627,56627,56627,56627,56627,56627,56627,56627,56627,56627,56627,56627,56627,56627,56627,56627,56627,56627,56627,56627,56627,56627,56627,56627,56627,56627,56627,56627,56627,56627,56627,56627,56627,56627,56627,56627,56627,56627,,,,,,,,,,,,,,,,,,,,,,,,,,,,,,,,,,,,,,,,,,,,,,,,,,,,,,,,,,,,,,,,,,,,,,,,,,,,,,,,,,,,,,,,
CTB1-ALL.KW,(冷卻水塔系統功率),,8.2,8.2,8.2,8.2,8.2,8.2,8.2,8.2,8.2,8.2,8.2,8.2,8.2,8.2,8.2,8.2,8.2,8.2,8.2,8.2,8.2,8.2,8.2,8.2,8.2,8.2,8.2,8.2,8.2,8.2,8.2,8.2,8.2,8.2,8.2,8.2,8.2,8.2,8.2,8.2,8.2,8.2,8.2,8.2,8.2,8.2,8.2,8.2,8.2,8.2,8.2,8.2,8.2,8.2,8.2,8.2,,,,,,,,,,,,,,,,,,,,,,,,,,,,,,,,,,,,,,,,,,,,,,,,,,,,,,,,,,,,,,,,,,,,,,,,,,,,,,,,,,,,,,,,
ZP1F7:KW,(                ),kW,0.0,0.0,0.0,0.0,0.0,0.0,0.0,0.0,0.0,0.0,0.0,0.0,0.0,0.0,0.0,0.0,0.0,0.0,0.0,0.0,0.0,0.0,0.0,0.0,0.0,0.0,0.0,0.0,0.0,0.0,0.0,0.0,0.0,0.0,0.0,0.0,0.0,0.0,0.0,0.0,0.0,0.0,0.0,0.0,0.0,0.0,0.0,0.0,0.0,0.0,16.4,7.6,7.1,7.4,8.2,8.3,,,,,,,,,,,,,,,,,,,,,,,,,,,,,,,,,,,,,,,,,,,,,,,,,,,,,,,,,,,,,,,,,,,,,,,,,,,,,,,,,,,,,,,,
ZP1F7:KWH,(                ),,596153,596153,596153,596153,596153,596153,596153,596153,596153,596153,596153,596153,596153,596153,596153,596153,596153,596153,596153,596153,596153,596153,596153,596153,596153,596153,596153,596153,596153,596153,596153,596153,596153,596153,596153,596153,596153,596153,596153,596153,596153,596153,596153,596153,596153,596153,596153,596153,596153,596153,596156,596157,596158,596160,596161,596162,,,,,,,,,,,,,,,,,,,,,,,,,,,,,,,,,,,,,,,,,,,,,,,,,,,,,,,,,,,,,,,,,,,,,,,,,,,,,,,,,,,,,,,,
ZP2F7:KW,(                ),kW,0.0,0.0,0.0,0.0,0.0,0.0,0.0,0.0,0.0,0.0,0.0,0.0,0.0,0.0,0.0,0.0,0.0,0.0,0.0,0.0,0.0,0.0,0.0,0.0,0.0,0.0,0.0,0.0,0.0,0.0,0.0,0.0,0.0,0.0,0.0,0.0,0.0,0.0,0.0,0.0,0.0,0.0,0.0,0.0,0.0,0.0,0.0,0.0,0.0,0.0,0.0,7.6,7.1,7.5,8.3,8.4,,,,,,,,,,,,,,,,,,,,,,,,,,,,,,,,,,,,,,,,,,,,,,,,,,,,,,,,,,,,,,,,,,,,,,,,,,,,,,,,,,,,,,,,
ZP2F7:KWH,(                ),,531438,531438,531438,531438,531438,531438,531438,531438,531438,531438,531438,531438,531438,531438,531438,531438,531438,531438,531438,531438,531438,531438,531438,531438,531438,531438,531438,531438,531438,531438,531438,531438,531438,531438,531438,531438,531438,531438,531438,531438,531438,531438,531438,531438,531438,531438,531438,531438,531438,531438,531438,531439,531440,531441,531443,531444,,,,,,,,,,,,,,,,,,,,,,,,,,,,,,,,,,,,,,,,,,,,,,,,,,,,,,,,,,,,,,,,,,,,,,,,,,,,,,,,,,,,,,,,
ZP3F7:KW,(                ),kW,16.1,16.3,16.1,16.3,16.2,16.2,16.2,16.3,16.2,16.2,16.4,16.5,16.2,16.2,16.1,16.2,16.2,16.3,16.1,16.4,16.1,16.2,16.4,16.2,16.3,16.2,16.2,0.0,0.0,0.0,0.0,0.0,0.0,0.0,0.0,0.0,0.0,0.0,0.0,0.0,0.0,0.0,0.0,0.0,0.0,0.0,0.0,0.0,0.0,0.0,0.0,7.5,7.0,0.0,0.0,0.0,,,,,,,,,,,,,,,,,,,,,,,,,,,,,,,,,,,,,,,,,,,,,,,,,,,,,,,,,,,,,,,,,,,,,,,,,,,,,,,,,,,,,,,,
ZP3F7:KWH,(                ),,325370,325373,325376,325378,325381,325384,325386,325389,325392,325395,325397,325400,325403,325406,325408,325411,325413,325416,325419,325422,325424,325427,325430,325432,325435,325438,325440,325441,325441,325441,325441,325441,325441,325441,325441,325441,325441,325441,325441,325441,325441,325441,325441,325441,325441,325441,325441,325441,325441,325441,325441,325442,325443,325444,325444,325444,,,,,,,,,,,,,,,,,,,,,,,,,,,,,,,,,,,,,,,,,,,,,,,,,,,,,,,,,,,,,,,,,,,,,,,,,,,,,,,,,,,,,,,,
ZP4F7:KW,(                ),kW,0.0,0.0,0.0,0.0,0.0,0.0,0.0,0.0,0.0,0.0,0.0,0.0,0.0,0.0,0.0,0.0,0.0,0.0,0.0,0.0,0.0,0.0,0.0,0.0,0.0,0.0,0.0,0.0,0.0,0.0,0.0,0.0,0.0,0.0,0.0,0.0,0.0,0.0,0.0,0.0,0.0,0.0,0.0,0.0,0.0,0.0,0.0,0.0,0.0,0.0,14.5,13.2,13.2,10.5,10.6,10.8,,,,,,,,,,,,,,,,,,,,,,,,,,,,,,,,,,,,,,,,,,,,,,,,,,,,,,,,,,,,,,,,,,,,,,,,,,,,,,,,,,,,,,,,
ZP4F7:KWH,(                ),,792511,792511,792511,792511,792511,792511,792511,792511,792511,792511,792511,792511,792511,792511,792511,792511,792511,792511,792511,792511,792511,792511,792511,792511,792511,792511,792511,792511,792511,792511,792511,792511,792511,792511,792511,792511,792511,792511,792511,792511,792511,792511,792511,792511,792511,792511,792511,792511,792511,792511,792512,792514,792516,792518,792520,792522,,,,,,,,,,,,,,,,,,,,,,,,,,,,,,,,,,,,,,,,,,,,,,,,,,,,,,,,,,,,,,,,,,,,,,,,,,,,,,,,,,,,,,,,
ZP5F7:KW,(                ),kW,0.0,0.0,0.0,0.0,0.0,0.0,0.0,0.0,0.0,0.0,0.0,0.0,0.0,0.0,0.0,0.0,0.0,0.0,0.0,0.0,0.0,0.0,0.0,0.0,0.0,0.0,0.0,0.0,0.0,0.0,0.0,0.0,0.0,0.0,0.0,0.0,0.0,0.0,0.0,0.0,0.0,0.0,0.0,0.0,0.0,0.0,0.0,0.0,0.0,0.0,14.7,13.5,13.1,10.5,10.7,10.7,,,,,,,,,,,,,,,,,,,,,,,,,,,,,,,,,,,,,,,,,,,,,,,,,,,,,,,,,,,,,,,,,,,,,,,,,,,,,,,,,,,,,,,,
ZP5F7:KWH,(                ),,723013,723013,723013,723013,723013,723013,723013,723013,723013,723013,723013,723013,723013,723013,723013,723013,723013,723013,723013,723013,723013,723013,723013,723013,723013,723013,723013,723013,723013,723013,723013,723013,723013,723013,723013,723013,723013,723013,723013,723013,723013,723013,723013,723013,723013,723013,723013,723013,723013,723013,723015,723017,723019,723021,723023,723024,,,,,,,,,,,,,,,,,,,,,,,,,,,,,,,,,,,,,,,,,,,,,,,,,,,,,,,,,,,,,,,,,,,,,,,,,,,,,,,,,,,,,,,,
ZP6F7:KW,(                ),kW,0.0,0.0,0.0,0.0,0.0,0.0,0.0,0.0,0.0,0.0,0.0,0.0,0.0,0.0,0.0,0.0,0.0,0.0,0.0,0.0,0.0,0.0,18.9,18.7,18.7,18.7,18.5,0.0,0.0,0.0,0.0,0.0,0.0,0.0,0.0,0.0,0.0,0.0,0.0,0.0,0.0,0.0,0.0,0.0,0.0,0.0,0.0,0.0,0.0,0.0,0.0,0.0,0.0,0.0,0.0,0.0,,,,,,,,,,,,,,,,,,,,,,,,,,,,,,,,,,,,,,,,,,,,,,,,,,,,,,,,,,,,,,,,,,,,,,,,,,,,,,,,,,,,,,,,
ZP6F7:KWH,(                ),,336784,336784,336784,336784,336784,336784,336784,336784,336784,336784,336784,336784,336784,336784,336784,336784,336784,336784,336784,336784,336784,336784,336786,336789,336792,336795,336798,336799,336799,336799,336799,336799,336799,336799,336799,336799,336799,336799,336799,336799,336799,336799,336799,336799,336799,336799,336799,336799,336799,336799,336799,336799,336799,336799,336799,336799,,,,,,,,,,,,,,,,,,,,,,,,,,,,,,,,,,,,,,,,,,,,,,,,,,,,,,,,,,,,,,,,,,,,,,,,,,,,,,,,,,,,,,,,
ZP7F7:KW,(                ),kW,0.0,0.0,0.0,0.0,0.0,0.0,0.0,0.0,0.0,0.0,0.0,0.0,0.0,0.0,0.0,0.0,0.0,0.0,0.0,0.0,0.0,0.0,0.0,0.0,0.0,0.0,0.0,0.0,0.0,0.0,0.0,0.0,0.0,0.0,0.0,0.0,0.0,0.0,0.0,0.0,0.0,0.0,0.0,0.0,0.0,0.0,0.0,0.0,0.0,0.0,12.7,10.7,10.3,7.3,14.2,15.6,,,,,,,,,,,,,,,,,,,,,,,,,,,,,,,,,,,,,,,,,,,,,,,,,,,,,,,,,,,,,,,,,,,,,,,,,,,,,,,,,,,,,,,,
ZP7F7:KWH,(                ),,425657,425657,425657,425657,425657,425657,425657,425657,425657,425657,425657,425657,425657,425657,425657,425657,425657,425657,425657,425657,425657,425657,425657,425657,425657,425657,425657,425657,425657,425657,425657,425657,425657,425657,425657,425657,425657,425657,425657,425657,425657,425657,425657,425657,425657,425657,425657,425657,425657,425657,425659,425660,425662,425664,425665,425668,,,,,,,,,,,,,,,,,,,,,,,,,,,,,,,,,,,,,,,,,,,,,,,,,,,,,,,,,,,,,,,,,,,,,,,,,,,,,,,,,,,,,,,,
ZP8F7:KW,(                ),kW,0.0,0.0,0.0,0.0,0.0,0.0,0.0,0.0,0.0,0.0,0.0,0.0,0.0,0.0,0.0,0.0,0.0,0.0,0.0,0.0,0.0,0.0,0.0,0.0,0.0,0.0,0.0,0.0,0.0,0.0,0.0,0.0,0.0,0.0,0.0,0.0,0.0,0.0,0.0,0.0,0.0,0.0,0.0,0.0,0.0,0.0,0.0,0.0,0.0,0.0,13.1,11.2,10.8,7.7,0.0,0.3,,,,,,,,,,,,,,,,,,,,,,,,,,,,,,,,,,,,,,,,,,,,,,,,,,,,,,,,,,,,,,,,,,,,,,,,,,,,,,,,,,,,,,,,
ZP8F7:KWH,(                ),,446030,446030,446030,446030,446030,446030,446030,446030,446030,446030,446030,446030,446030,446030,446030,446030,446030,446030,446030,446030,446030,446030,446030,446030,446030,446030,446030,446030,446030,446030,446030,446030,446030,446030,446030,446030,446030,446030,446030,446030,446030,446030,446030,446030,446030,446030,446030,446030,446030,446030,446031,446033,446035,446036,446036,446036,,,,,,,,,,,,,,,,,,,,,,,,,,,,,,,,,,,,,,,,,,,,,,,,,,,,,,,,,,,,,,,,,,,,,,,,,,,,,,,,,,,,,,,,
ZP9F7:KW,(                ),kW,0.0,0.0,0.0,0.0,0.0,0.0,0.0,0.0,0.0,0.0,0.0,0.0,0.0,0.0,0.0,0.0,0.0,0.0,0.0,0.0,0.0,0.0,0.0,0.0,0.0,0.0,0.0,0.0,0.0,0.0,0.0,0.0,0.0,0.0,0.0,0.0,0.0,0.0,0.0,0.0,0.0,0.0,0.0,0.0,0.0,0.0,0.0,0.0,0.0,0.0,0.0,0.0,0.0,0.0,0.0,0.0,,,,,,,,,,,,,,,,,,,,,,,,,,,,,,,,,,,,,,,,,,,,,,,,,,,,,,,,,,,,,,,,,,,,,,,,,,,,,,,,,,,,,,,,
ZP9F7:KWH,(                ),,247050,247050,247050,247050,247050,247050,247050,247050,247050,247050,247050,247050,247050,247050,247050,247050,247050,247050,247050,247050,247050,247050,247050,247050,247050,247050,247050,247050,247050,247050,247050,247050,247050,247050,247050,247050,247050,247050,247050,247050,247050,247050,247050,247050,247050,247050,247050,247050,247050,247050,247050,247050,247050,247050,247050,247050,,,,,,,,,,,,,,,,,,,,,,,,,,,,,,,,,,,,,,,,,,,,,,,,,,,,,,,,,,,,,,,,,,,,,,,,,,,,,,,,,,,,,,,,
ZP10F7:KW,(                ),kW,0.0,0.0,0.0,0.0,0.0,0.0,0.0,0.0,0.0,0.0,0.0,0.0,0.0,0.0,0.0,0.0,0.0,0.0,0.0,0.0,0.0,0.0,0.0,0.0,0.0,0.0,0.0,0.0,0.0,0.0,0.0,0.0,0.0,0.0,0.0,0.0,0.0,0.0,0.0,0.0,0.0,0.0,0.0,0.0,0.0,0.0,0.0,0.0,0.0,0.0,0.0,0.0,0.0,23.2,15.6,14.1,,,,,,,,,,,,,,,,,,,,,,,,,,,,,,,,,,,,,,,,,,,,,,,,,,,,,,,,,,,,,,,,,,,,,,,,,,,,,,,,,,,,,,,,
ZP10F7:KWH,(                ),,565701,565701,565701,565701,565701,565701,565701,565701,565701,565701,565701,565701,565701,565701,565701,565701,565701,565701,565701,565701,565701,565701,565701,565701,565701,565701,565701,565701,565701,565701,565701,565701,565701,565701,565701,565701,565701,565701,565701,565701,565701,565701,565701,565701,565701,565701,565701,565701,565701,565701,565701,565701,565701,565703,565706,565709,,,,,,,,,,,,,,,,,,,,,,,,,,,,,,,,,,,,,,,,,,,,,,,,,,,,,,,,,,,,,,,,,,,,,,,,,,,,,,,,,,,,,,,,
ZP11F7:KW,(                ),kW,0.0,0.0,0.0,0.0,0.0,0.0,0.0,0.0,0.0,0.0,0.0,0.0,0.0,0.0,0.0,0.0,0.0,0.0,0.0,0.0,0.0,0.0,0.0,0.0,0.0,0.0,0.0,0.0,0.0,0.0,0.0,0.0,0.0,0.0,0.0,0.0,0.0,0.0,0.0,0.0,0.0,0.0,0.0,0.0,0.0,0.0,0.0,0.0,0.0,0.0,0.0,0.0,0.0,0.0,15.8,13.8,,,,,,,,,,,,,,,,,,,,,,,,,,,,,,,,,,,,,,,,,,,,,,,,,,,,,,,,,,,,,,,,,,,,,,,,,,,,,,,,,,,,,,,,
ZP11F7:KWH,(                ),,415369,415369,415369,415369,415369,415369,415369,415369,415369,415369,415369,415369,415369,415369,415369,415369,415369,415369,415369,415369,415369,415369,415369,415369,415369,415369,415369,415369,415369,415369,415369,415369,415369,415369,415369,415369,415369,415369,415369,415369,415369,415369,415369,415369,415369,415369,415369,415369,415369,415369,415369,415369,415369,415369,415371,415374,,,,,,,,,,,,,,,,,,,,,,,,,,,,,,,,,,,,,,,,,,,,,,,,,,,,,,,,,,,,,,,,,,,,,,,,,,,,,,,,,,,,,,,,
ZP12F7:KW,(                ),kW,0.0,0.0,0.0,0.0,0.0,0.0,0.0,0.0,0.0,0.0,0.0,0.0,0.0,0.0,0.0,0.0,0.0,0.0,0.0,0.0,0.0,0.0,0.0,0.0,0.0,0.0,0.0,0.0,0.0,0.0,0.0,0.0,0.0,0.0,0.0,0.0,0.0,0.0,0.0,0.0,0.0,0.0,0.0,0.0,0.0,0.0,0.0,0.0,0.0,0.0,0.0,0.0,0.0,0.0,0.0,0.0,,,,,,,,,,,,,,,,,,,,,,,,,,,,,,,,,,,,,,,,,,,,,,,,,,,,,,,,,,,,,,,,,,,,,,,,,,,,,,,,,,,,,,,,
ZP12F7:KWH,(                ),,253588,253588,253588,253588,253588,253588,253588,253588,253588,253588,253588,253588,253588,253588,253588,253588,253588,253588,253588,253588,253588,253588,253588,253588,253588,253588,253588,253588,253588,253588,253588,253588,253588,253588,253588,253588,253588,253588,253588,253588,253588,253588,253588,253588,253588,253588,253588,253588,253588,253588,253588,253588,253588,253589,253589,253589,,,,,,,,,,,,,,,,,,,,,,,,,,,,,,,,,,,,,,,,,,,,,,,,,,,,,,,,,,,,,,,,,,,,,,,,,,,,,,,,,,,,,,,,
ZP13F7:KW,(                ),kW,0.0,0.0,0.0,0.0,0.0,0.0,0.0,0.0,0.0,0.0,0.0,0.0,0.0,0.0,0.0,0.0,0.0,0.0,0.0,0.0,0.0,0.0,0.0,0.0,0.0,0.0,0.0,0.0,0.0,0.0,0.0,0.0,0.0,0.0,0.0,0.0,0.0,0.0,0.0,0.0,0.0,0.0,0.0,0.0,0.0,0.0,0.0,0.0,0.0,0.0,0.0,0.0,0.0,21.3,21.5,21.6,,,,,,,,,,,,,,,,,,,,,,,,,,,,,,,,,,,,,,,,,,,,,,,,,,,,,,,,,,,,,,,,,,,,,,,,,,,,,,,,,,,,,,,,
ZP13F7:KWH,(                ),,536261,536261,536261,536261,536261,536261,536261,536261,536261,536261,536261,536261,536261,536261,536261,536261,536261,536261,536261,536261,536261,536261,536261,536261,536261,536261,536261,536261,536261,536261,536261,536261,536261,536261,536261,536261,536261,536261,536261,536261,536261,536261,536261,536261,536261,536261,536261,536261,536261,536261,536261,536261,536261,536262,536266,536269,,,,,,,,,,,,,,,,,,,,,,,,,,,,,,,,,,,,,,,,,,,,,,,,,,,,,,,,,,,,,,,,,,,,,,,,,,,,,,,,,,,,,,,,
ZP14F7:KW,(                ),kW,0.0,0.0,0.0,0.0,0.0,0.0,0.0,0.0,0.0,0.0,0.0,0.0,0.0,0.0,0.0,0.0,0.0,0.0,0.0,0.0,0.0,0.0,0.0,0.0,0.0,0.0,0.0,0.0,0.0,0.0,0.0,0.0,0.0,0.0,0.0,0.0,0.0,0.0,0.0,0.0,0.0,0.0,0.0,0.0,0.0,0.0,0.0,0.0,0.0,0.0,0.0,0.0,0.0,0.0,0.0,0.0,,,,,,,,,,,,,,,,,,,,,,,,,,,,,,,,,,,,,,,,,,,,,,,,,,,,,,,,,,,,,,,,,,,,,,,,,,,,,,,,,,,,,,,,
ZP14F7:KWH,(                ),,370252,370252,370252,370252,370252,370252,370252,370252,370252,370252,370252,370252,370252,370252,370252,370252,370252,370252,370252,370252,370252,370252,370252,370252,370252,370252,370252,370252,370252,370252,370252,370252,370252,370252,370252,370252,370252,370252,370252,370252,370252,370252,370252,370252,370252,370252,370252,370252,370252,370252,370252,370252,370252,370252,370252,370252,,,,,,,,,,,,,,,,,,,,,,,,,,,,,,,,,,,,,,,,,,,,,,,,,,,,,,,,,,,,,,,,,,,,,,,,,,,,,,,,,,,,,,,,
ZP15F7:KW,(                ),kW,0.0,0.0,0.0,0.0,0.0,0.0,0.0,0.0,0.0,0.0,0.0,0.0,0.0,0.0,0.0,21.7,21.3,21.1,21.3,21.1,20.9,20.9,0.0,0.0,0.0,0.0,0.0,0.0,0.0,0.0,0.0,0.0,0.0,0.0,0.0,0.0,0.0,0.0,0.0,0.0,0.0,0.0,0.0,0.0,0.0,0.0,0.0,0.0,0.0,0.0,0.0,0.0,0.0,0.0,0.0,0.0,,,,,,,,,,,,,,,,,,,,,,,,,,,,,,,,,,,,,,,,,,,,,,,,,,,,,,,,,,,,,,,,,,,,,,,,,,,,,,,,,,,,,,,,
ZP15F7:KWH,(                ),,223617,223617,223617,223617,223617,223617,223617,223617,223617,223617,223617,223617,223617,223617,223617,223620,223623,223627,223630,223634,223637,223641,223642,223642,223642,223642,223642,223642,223642,223642,223642,223642,223642,223642,223642,223642,223642,223642,223642,223642,223642,223642,223642,223642,223642,223642,223642,223642,223642,223642,223642,223642,223642,223642,223642,223642,,,,,,,,,,,,,,,,,,,,,,,,,,,,,,,,,,,,,,,,,,,,,,,,,,,,,,,,,,,,,,,,,,,,,,,,,,,,,,,,,,,,,,,,
