變數名稱,說明,單位,00:10:00,00:20:00,00:30:00,00:40:00,00:50:00,01:00:00,01:10:00,01:20:00,01:30:00,01:40:00,01:50:00,02:00:00,02:10:00,02:20:00,02:30:00,02:40:00,02:50:00,03:00:00,03:10:00,03:20:00,03:30:00,03:40:00,03:50:00,04:00:00,04:10:00,04:20:00,04:30:00,04:40:00,04:50:00,05:00:00,05:10:00,05:20:00,05:30:00,05:40:00,05:50:00,06:00:00,06:10:00,06:20:00,06:30:00,06:40:00,06:50:00,07:00:00,07:10:00,07:20:00,07:30:00,07:40:00,07:50:00,08:00:00,08:10:00,08:20:00,08:30:00,08:40:00,08:50:00,09:00:00,09:10:00,09:20:00,09:30:00,09:40:00,09:50:00,10:00:00,10:10:00,10:20:00,10:30:00,10:40:00,10:50:00,11:00:00,11:10:00,11:20:00,11:30:00,11:40:00,11:50:00,12:00:00,12:10:00,12:20:00,12:30:00,12:40:00,12:50:00,13:00:00,13:10:00,13:20:00,13:30:00,13:40:00,13:50:00,14:00:00,14:10:00,14:20:00,14:30:00,14:40:00,14:50:00,15:00:00,15:10:00,15:20:00,15:30:00,15:40:00,15:50:00,16:00:00,16:10:00,16:20:00,16:30:00,16:40:00,16:50:00,17:00:00,17:10:00,17:20:00,17:30:00,17:40:00,17:50:00,18:00:00,18:10:00,18:20:00,18:30:00,18:40:00,18:50:00,19:00:00,19:10:00,19:20:00,19:30:00,19:40:00,19:50:00,20:00:00,20:10:00,20:20:00,20:30:00,20:40:00,20:50:00,21:00:00,21:10:00,21:20:00,21:30:00,21:40:00,21:50:00,22:00:00,22:10:00,22:20:00,22:30:00,22:40:00,22:50:00,23:00:00,23:10:00,23:20:00,23:30:00,23:40:00,23:50:00,00:00:00
7F-CH-1.ST,(CH1出水溫度     ),DEG C,7.2,7.0,7.0,7.1,7.0,6.9,6.7,6.8,6.8,6.8,6.7,7.0,9.8,11.1,12.1,13.0,13.8,14.4,15.0,15.3,15.7,16.0,16.4,16.7,15.9,15.9,15.6,14.5,15.9,16.3,16.7,17.1,17.4,17.7,18.0,18.2,16.9,15.9,14.8,13.8,12.9,12.1,11.6,11.3,10.7,10.3,10.0,9.9,11.8,12.9,8.6,8.3,8.3,,,,,,,,,,,,,,,,,,,,,,,,,,,,,,,,,,,,,,,,,,,,,,,,,,,,,,,,,,,,,,,,,,,,,,,,,,,,,,,,,,,,,,,,,,,
7F-CH-2.ST,(CH2出水溫度     ),DEG C,11.1,10.7,10.3,10.4,10.3,9.7,9.7,9.3,9.5,9.5,9.5,10.2,10.1,11.3,12.4,13.3,14.0,14.6,15.2,15.5,15.9,16.3,16.6,17.0,16.3,16.2,16.1,14.9,16.2,16.6,17.0,17.3,17.6,17.9,18.2,18.4,17.1,16.2,15.0,13.9,13.0,12.2,12.0,11.6,10.9,10.5,10.2,10.1,12.0,13.0,13.4,13.1,13.2,,,,,,,,,,,,,,,,,,,,,,,,,,,,,,,,,,,,,,,,,,,,,,,,,,,,,,,,,,,,,,,,,,,,,,,,,,,,,,,,,,,,,,,,,,,
7F-CH-3.ST,(CH3出水溫度     ),DEG C,11.0,10.6,10.2,10.3,10.2,9.7,9.6,9.2,9.4,9.5,9.5,10.1,10.0,11.3,12.3,13.2,13.9,14.6,15.1,15.4,15.8,16.2,16.5,16.9,16.2,16.1,16.0,14.8,16.1,16.5,16.9,17.2,17.5,17.9,18.2,13.7,12.5,10.6,10.5,9.5,8.7,8.0,8.1,7.9,7.8,7.7,7.7,7.8,8.1,8.7,9.1,8.8,8.9,,,,,,,,,,,,,,,,,,,,,,,,,,,,,,,,,,,,,,,,,,,,,,,,,,,,,,,,,,,,,,,,,,,,,,,,,,,,,,,,,,,,,,,,,,,
7F-CH-4.ST,(CH4出水溫度     ),DEG C,10.8,10.4,10.0,10.1,9.9,9.4,9.3,8.9,9.1,9.2,9.2,9.8,9.8,11.1,12.1,13.0,13.7,14.3,14.9,15.2,15.6,16.0,16.3,16.6,16.0,15.9,16.0,14.9,15.8,16.3,16.6,17.0,17.3,17.6,17.9,18.0,16.8,15.5,14.7,13.6,12.7,11.9,11.8,11.3,10.6,10.2,9.9,9.8,11.7,12.7,13.0,12.9,10.8,,,,,,,,,,,,,,,,,,,,,,,,,,,,,,,,,,,,,,,,,,,,,,,,,,,,,,,,,,,,,,,,,,,,,,,,,,,,,,,,,,,,,,,,,,,
7F-CH-5.ST,(CH5出水溫度     ),DEG C,10.9,10.5,10.1,10.1,10.1,9.6,9.5,9.1,9.3,9.3,9.4,10.0,9.9,11.2,12.2,13.1,13.8,14.5,15.0,15.3,15.7,16.1,16.4,16.8,16.1,16.0,15.9,14.7,16.0,16.4,16.8,17.1,17.4,17.7,18.0,18.2,16.9,16.3,14.8,13.8,12.9,12.1,11.8,11.4,10.8,10.3,10.0,9.9,11.8,12.9,13.2,12.9,13.1,,,,,,,,,,,,,,,,,,,,,,,,,,,,,,,,,,,,,,,,,,,,,,,,,,,,,,,,,,,,,,,,,,,,,,,,,,,,,,,,,,,,,,,,,,,
7F-CH.ST,(冰水總出水溫度  ),DEG C,9.5,8.8,8.6,8.3,8.7,8.3,7.8,7.9,8.0,8.0,8.0,8.6,9.8,11.1,12.1,13.0,13.7,14.4,14.9,15.3,15.6,16.0,16.3,16.7,15.9,15.9,15.6,14.5,15.9,16.3,16.7,17.0,17.4,17.7,18.0,16.6,15.3,12.7,13.2,12.2,11.3,10.6,10.4,10.0,9.5,9.3,9.1,9.1,10.7,11.6,11.1,10.8,10.2,,,,,,,,,,,,,,,,,,,,,,,,,,,,,,,,,,,,,,,,,,,,,,,,,,,,,,,,,,,,,,,,,,,,,,,,,,,,,,,,,,,,,,,,,,,
7F-CH-1.RT,(CH1回水溫度     ),,11.0,10.6,10.2,10.3,10.1,9.6,9.5,9.1,9.4,9.4,9.4,9.9,10.0,11.3,12.3,13.2,13.9,14.5,15.1,15.4,15.8,16.2,16.5,16.8,16.2,16.1,16.2,15.0,16.0,16.5,16.8,17.2,17.5,17.8,18.1,18.2,16.9,15.5,14.8,13.8,12.9,12.1,11.9,11.5,10.8,10.4,10.1,10.0,11.9,12.9,13.2,13.0,13.1,,,,,,,,,,,,,,,,,,,,,,,,,,,,,,,,,,,,,,,,,,,,,,,,,,,,,,,,,,,,,,,,,,,,,,,,,,,,,,,,,,,,,,,,,,,
7F-CH-2.RT,(CH2回水溫度     ),,11.1,10.7,10.3,10.4,10.2,9.7,9.6,9.2,9.5,9.5,9.5,10.0,10.2,11.4,12.5,13.3,14.1,14.7,15.3,15.6,15.9,16.3,16.6,16.8,16.3,16.3,16.5,15.5,16.2,16.6,17.0,17.3,17.6,17.9,18.2,18.3,17.0,15.6,15.0,13.9,13.0,12.2,12.3,11.6,10.9,10.5,10.2,10.1,12.0,13.1,13.3,13.1,13.2,,,,,,,,,,,,,,,,,,,,,,,,,,,,,,,,,,,,,,,,,,,,,,,,,,,,,,,,,,,,,,,,,,,,,,,,,,,,,,,,,,,,,,,,,,,
7F-CH-3.RT,(CH3回水溫度     ),,11.0,10.6,10.2,10.4,10.2,9.6,9.5,9.1,9.4,9.5,9.5,10.0,10.1,11.3,12.4,13.2,14.0,14.6,15.2,15.5,15.9,16.2,16.6,16.8,16.2,16.2,16.4,15.3,16.1,16.5,16.9,17.2,17.6,17.9,18.2,18.3,16.9,15.2,14.9,13.8,12.9,12.1,12.3,11.5,10.9,10.5,10.2,10.1,12.0,13.0,13.2,13.1,13.1,,,,,,,,,,,,,,,,,,,,,,,,,,,,,,,,,,,,,,,,,,,,,,,,,,,,,,,,,,,,,,,,,,,,,,,,,,,,,,,,,,,,,,,,,,,
7F-CH-4.RT,(CH4回水溫度     ),,11.0,10.7,10.2,10.4,10.2,9.7,9.5,9.1,9.4,9.5,9.5,9.9,10.2,11.4,12.4,13.3,14.0,14.6,15.2,15.5,15.9,16.3,16.6,16.6,16.2,16.2,16.5,15.6,16.1,16.6,16.9,17.3,17.6,17.9,18.2,18.3,16.9,15.3,14.9,13.8,12.9,12.1,12.3,11.5,10.9,10.5,10.2,10.1,12.0,13.0,13.2,13.1,13.2,,,,,,,,,,,,,,,,,,,,,,,,,,,,,,,,,,,,,,,,,,,,,,,,,,,,,,,,,,,,,,,,,,,,,,,,,,,,,,,,,,,,,,,,,,,
7F-CH-5.RT,(CH5回水溫度     ),,10.9,10.5,10.1,10.2,10.0,9.5,9.4,9.0,9.3,9.3,9.4,9.8,10.0,11.2,12.3,13.1,13.9,14.5,15.1,15.4,15.7,16.1,16.5,16.5,16.1,16.1,16.3,15.4,16.0,16.4,16.8,17.1,17.4,17.7,18.0,18.1,16.8,15.5,14.8,13.7,12.8,12.0,12.2,11.4,10.7,10.3,10.0,9.9,11.9,12.9,13.1,12.9,13.0,,,,,,,,,,,,,,,,,,,,,,,,,,,,,,,,,,,,,,,,,,,,,,,,,,,,,,,,,,,,,,,,,,,,,,,,,,,,,,,,,,,,,,,,,,,
7F-CH.RT,(冰水總回水溫度  ),DEG C,10.7,10.4,10.0,10.2,9.9,9.3,9.3,8.9,9.2,9.2,9.3,9.5,10.0,11.2,12.2,13.1,13.8,14.4,15.0,15.3,15.7,16.1,16.4,15.9,15.8,16.0,16.3,15.8,15.8,16.2,16.6,16.9,17.3,17.6,17.9,18.0,16.6,14.8,14.8,13.4,12.6,11.7,11.7,11.0,10.5,10.1,9.8,9.8,11.6,12.6,12.7,12.7,12.6,,,,,,,,,,,,,,,,,,,,,,,,,,,,,,,,,,,,,,,,,,,,,,,,,,,,,,,,,,,,,,,,,,,,,,,,,,,,,,,,,,,,,,,,,,,
7F-CH-1.CHDT,(冰水溫差        ),DEG C,3.8,3.6,3.2,3.3,3.2,2.7,2.8,2.3,2.6,2.6,2.7,2.8,0.0,0.0,0.0,0.0,0.0,0.0,0.0,0.0,0.0,0.0,0.0,0.0,0.0,0.0,0.0,0.0,0.0,0.0,0.0,0.0,0.0,0.0,0.0,0.0,0.0,0.0,0.0,0.0,0.0,0.0,0.0,0.0,0.0,0.0,0.0,0.0,0.1,0.1,4.6,4.7,4.7,,,,,,,,,,,,,,,,,,,,,,,,,,,,,,,,,,,,,,,,,,,,,,,,,,,,,,,,,,,,,,,,,,,,,,,,,,,,,,,,,,,,,,,,,,,
7F-CH-2.CHDT,(冰水溫差        ),DEG C,0.0,0.0,0.0,0.0,0.0,0.0,0.0,0.0,0.0,0.0,0.0,0.0,0.0,0.0,0.0,0.0,0.0,0.0,0.0,0.0,0.0,0.0,0.0,0.0,0.0,0.0,0.0,0.0,0.0,0.0,0.0,0.0,0.0,0.0,0.0,0.0,0.0,0.0,0.0,0.0,0.0,0.0,0.0,0.0,0.0,0.0,0.0,0.0,0.0,0.0,0.0,0.0,0.0,,,,,,,,,,,,,,,,,,,,,,,,,,,,,,,,,,,,,,,,,,,,,,,,,,,,,,,,,,,,,,,,,,,,,,,,,,,,,,,,,,,,,,,,,,,
7F-CH-3.CHDT,(冰水溫差        ),DEG C,0.0,0.0,0.0,0.0,0.0,0.0,0.0,0.0,0.0,0.0,0.0,0.0,0.0,0.0,0.0,0.0,0.0,0.0,0.0,0.0,0.0,0.0,0.0,0.0,0.0,0.0,0.0,0.0,0.0,0.0,0.0,0.0,0.0,0.0,0.0,4.6,4.5,4.6,4.4,4.3,4.2,4.2,4.2,3.7,3.1,2.7,2.5,2.3,3.9,4.3,4.1,4.2,4.2,,,,,,,,,,,,,,,,,,,,,,,,,,,,,,,,,,,,,,,,,,,,,,,,,,,,,,,,,,,,,,,,,,,,,,,,,,,,,,,,,,,,,,,,,,,
7F-CH-4.CHDT,(冰水溫差        ),DEG C,0.0,0.0,0.0,0.0,0.0,0.0,0.0,0.0,0.0,0.0,0.0,0.0,0.0,0.0,0.0,0.0,0.0,0.0,0.0,0.0,0.0,0.0,0.0,0.0,0.0,0.0,0.0,0.0,0.0,0.0,0.0,0.0,0.0,0.0,0.0,0.0,0.0,0.0,0.0,0.0,0.0,0.0,0.0,0.0,0.0,0.0,0.0,0.0,0.0,0.0,0.2,0.3,2.4,,,,,,,,,,,,,,,,,,,,,,,,,,,,,,,,,,,,,,,,,,,,,,,,,,,,,,,,,,,,,,,,,,,,,,,,,,,,,,,,,,,,,,,,,,,
7F-CH-5.CHDT,(冰水溫差        ),DEG C,0.0,0.0,0.0,0.0,0.0,0.0,0.0,0.0,0.0,0.0,0.0,0.0,0.0,0.0,0.0,0.0,0.0,0.0,0.0,0.0,0.0,0.0,0.0,0.0,0.0,0.0,0.0,0.0,0.0,0.0,0.0,0.0,0.0,0.0,0.0,0.0,0.0,0.0,0.0,0.0,0.0,0.0,0.0,0.0,0.0,0.0,0.0,0.0,0.0,0.0,0.0,0.0,0.0,,,,,,,,,,,,,,,,,,,,,,,,,,,,,,,,,,,,,,,,,,,,,,,,,,,,,,,,,,,,,,,,,,,,,,,,,,,,,,,,,,,,,,,,,,,
7F-CHSYS.CHDT,(冰水系統溫差    ),DEG C,1.2,1.6,1.4,1.8,1.2,1.0,1.4,1.0,1.2,1.2,1.3,1.0,0.2,0.1,0.1,0.1,0.1,0.1,0.0,0.1,0.0,0.1,0.0, -0.8, -0.1,0.1,0.7,1.3, -0.1, -0.1, -0.1, -0.1, -0.1, -0.1, -0.1,1.4,1.3,2.1,1.6,1.2,1.2,1.2,1.3,1.0,0.9,0.8,0.7,0.7,0.9,1.0,1.6,1.9,2.3,,,,,,,,,,,,,,,,,,,,,,,,,,,,,,,,,,,,,,,,,,,,,,,,,,,,,,,,,,,,,,,,,,,,,,,,,,,,,,,,,,,,,,,,,,,
7F-CH-1.FM,(CH1水流量       ),,5977,5774,5769,5620,5826,5776,5618,5694,5734,5722,5681,5710,1914,1943,1923,1912,1945,1958,1945,1382,1359,1354,1336,2067,2048,2014,1858,2005,2692,2708,2698,2631,2664,2190,2153,2462,2431,1036,2435,2454,2431,2410,2820,2162,2141,2159,2151,2607,6086,6087,6097,5979,5971,,,,,,,,,,,,,,,,,,,,,,,,,,,,,,,,,,,,,,,,,,,,,,,,,,,,,,,,,,,,,,,,,,,,,,,,,,,,,,,,,,,,,,,,,,,
7F-CH-2.FM,(CH2水流量       ),,2390,1526,1523,818,1717,1710,815,1314,1232,1196,1192,1442,1607,1614,1601,1607,1643,1618,1643,968,987,974,956,1892,1876,1856,1589,1773,2595,2571,2564,2632,2649,2028,2039,2409,2307,23,2292,2270,2243,2264,2770,1924,1945,1895,1895,2384,2439,2481,2751,2345,2390,,,,,,,,,,,,,,,,,,,,,,,,,,,,,,,,,,,,,,,,,,,,,,,,,,,,,,,,,,,,,,,,,,,,,,,,,,,,,,,,,,,,,,,,,,,
7F-CH-3.FM,(CH3水流量       ),,1282,676,642,1,717,728,1,1,4,1,1,1,762,781,728,726,792,796,793, -1,1,1,1,1043,954,992,795,885,1495,1632,1679,1649,1620,4645,4653,4715,4671,4176,4581,4495,4506,4431,4606,4349,4323,4292,4284,4464,4559,4589,4603,4479,4551,,,,,,,,,,,,,,,,,,,,,,,,,,,,,,,,,,,,,,,,,,,,,,,,,,,,,,,,,,,,,,,,,,,,,,,,,,,,,,,,,,,,,,,,,,,
7F-CH-4.FM,(CH4水流量       ),,3290,2321,2332,1759,2626,2556,1640,2121,2120,2157,2059,2309,2490,2535,2598,2537,2535,2556,2587,1879,1876,1849,1903,2498,2765,2695,2535,2640,3548,3476,3428,3535,3454,2768,2949,3265,3204,1481,2996,3162,3121,2949,3434,2856,2807,2835,2792,3121,3449,3374,7212,7387,7299,,,,,,,,,,,,,,,,,,,,,,,,,,,,,,,,,,,,,,,,,,,,,,,,,,,,,,,,,,,,,,,,,,,,,,,,,,,,,,,,,,,,,,,,,,,
7F-CH-5.FM,(CH5水流量       ),,2379,1593,1607,971,1698,1681,1031,1362,1099,1337,1418,1512,1599,1762,1689,1749,1853,1817,1964,987,1023,1054,1367,2067,1959,2270,1726,1956,2982,3032,2882,2649,3120,2210,2171,2467,2764,9,2276,2417,2351,2207,2854,2031,1998,2003,1795,2342,2609,2453,2714,2481,2345,,,,,,,,,,,,,,,,,,,,,,,,,,,,,,,,,,,,,,,,,,,,,,,,,,,,,,,,,,,,,,,,,,,,,,,,,,,,,,,,,,,,,,,,,,,
7F-CH.FM,(冰水總流量      ),,15609,12216,12605,9233,12309,12223,8995,11433,11271,11477,11409,12306,8985,8968,8913,9147,9068,9205,9088,6129,6211,6135,6063,8779,8329,8758,9277,10374,14255,13870,13963,13863,14086,14963,14994,16792,16262,8459,16568,16063,15998,15929,20552,14289,14244,14083,14269,17122,21755,21515,26042,25128,25409,,,,,,,,,,,,,,,,,,,,,,,,,,,,,,,,,,,,,,,,,,,,,,,,,,,,,,,,,,,,,,,,,,,,,,,,,,,,,,,,,,,,,,,,,,,
7F-CW-1.ST,(CW1出水溫度     ),DEG C,34.8,34.5,33.7,33.2,33.4,32.7,32.4,31.9,31.9,32.0,32.2,32.5,28.9,28.8,28.9,29.0,29.1,29.1,29.2,29.2,29.2,29.2,29.3,29.3,29.3,29.3,29.3,29.3,29.3,29.3,29.3,29.3,29.3,29.4,29.4,29.3,29.3,29.4,29.4,29.4,29.4,29.4,29.4,29.4,29.4,29.4,29.4,29.5,27.5,25.5,34.0,35.2,35.3,,,,,,,,,,,,,,,,,,,,,,,,,,,,,,,,,,,,,,,,,,,,,,,,,,,,,,,,,,,,,,,,,,,,,,,,,,,,,,,,,,,,,,,,,,,
7F-CW-2.ST,(CW2出水溫度     ),DEG C,31.2,31.1,31.0,31.0,31.1,31.0,31.0,31.0,30.9,30.9,30.9,30.9,30.9,30.9,30.8,30.9,30.8,30.8,30.8,30.8,30.7,30.7,30.7,30.7,30.6,30.6,30.5,30.6,30.6,30.5,30.5,30.5,30.5,30.5,30.4,30.5,30.4,30.4,30.4,30.4,30.4,30.3,30.4,30.3,30.3,30.3,30.4,30.5,30.4,30.4,30.5,30.5,30.5,,,,,,,,,,,,,,,,,,,,,,,,,,,,,,,,,,,,,,,,,,,,,,,,,,,,,,,,,,,,,,,,,,,,,,,,,,,,,,,,,,,,,,,,,,,
7F-CW-3.ST,(CW3出水溫度     ),DEG C,32.7,32.7,32.6,32.6,32.6,32.6,32.6,32.6,32.6,32.6,32.5,32.5,32.5,32.5,32.5,32.4,32.4,32.4,32.4,32.4,32.3,32.3,32.3,32.3,32.3,32.2,32.2,32.2,32.2,32.2,32.1,32.1,32.1,27.6,26.0,34.7,36.3,36.1,36.1,35.9,35.7,35.6,35.1,34.0,33.1,32.3,31.7,30.8,33.7,35.5,35.8,35.7,35.6,,,,,,,,,,,,,,,,,,,,,,,,,,,,,,,,,,,,,,,,,,,,,,,,,,,,,,,,,,,,,,,,,,,,,,,,,,,,,,,,,,,,,,,,,,,
7F-CW-4.ST,(CW4出水溫度     ),DEG C,32.6,32.6,32.6,32.6,32.5,32.5,32.5,32.5,32.5,32.5,32.5,32.4,32.4,32.4,32.4,32.4,32.3,32.3,32.3,32.3,32.3,32.2,32.2,32.2,32.2,32.2,32.1,32.1,32.1,32.1,32.1,32.0,32.0,32.0,32.0,32.0,31.9,31.8,31.9,31.8,31.9,31.8,31.8,31.8,31.8,31.8,31.8,31.8,31.8,31.7,29.2,25.6,26.9,,,,,,,,,,,,,,,,,,,,,,,,,,,,,,,,,,,,,,,,,,,,,,,,,,,,,,,,,,,,,,,,,,,,,,,,,,,,,,,,,,,,,,,,,,,
7F-CW-5.ST,(CW5出水溫度     ),DEG C,30.8,30.8,30.8,30.9,30.9,30.9,30.9,31.0,31.0,31.0,31.0,31.0,31.1,31.1,31.1,31.1,31.1,31.1,31.1,31.1,31.1,31.1,31.1,31.1,31.1,31.1,31.1,31.1,31.1,31.1,31.1,31.1,31.1,31.1,31.1,31.1,31.1,31.1,31.1,31.1,31.1,31.1,31.1,31.1,31.1,31.1,31.1,31.1,31.1,31.1,31.1,31.1,31.1,,,,,,,,,,,,,,,,,,,,,,,,,,,,,,,,,,,,,,,,,,,,,,,,,,,,,,,,,,,,,,,,,,,,,,,,,,,,,,,,,,,,,,,,,,,
7F-CW.ST,(冷卻水總出水溫度),,34.8,34.5,33.7,33.2,33.4,32.7,32.4,31.9,31.9,32.0,32.2,32.5,0.0,0.0,0.0,0.0,0.0,0.0,0.0,0.0,0.0,0.0,0.0,0.0,0.0,0.0,0.0,0.0,0.0,0.0,0.0,0.0,0.0,27.6,26.0,34.7,36.3,36.1,36.1,35.9,35.7,35.6,35.1,34.0,33.1,32.4,31.7,30.8,30.6,30.5,33.0,32.1,32.6,,,,,,,,,,,,,,,,,,,,,,,,,,,,,,,,,,,,,,,,,,,,,,,,,,,,,,,,,,,,,,,,,,,,,,,,,,,,,,,,,,,,,,,,,,,
7F-CW-1.RT,(CW1回水溫度     ),,30.9,30.9,30.5,30.1,30.3,29.9,29.7,29.4,29.4,29.4,29.6,29.7,28.3,28.5,28.7,28.8,28.9,29.0,29.1,29.2,29.2,29.3,29.3,29.3,29.4,29.4,29.5,29.5,29.5,29.6,29.6,29.6,29.6,29.7,29.7,29.7,29.7,29.8,29.8,29.8,29.8,29.9,29.9,29.9,29.9,29.9,29.9,29.9,26.8,25.3,29.9,30.6,30.6,,,,,,,,,,,,,,,,,,,,,,,,,,,,,,,,,,,,,,,,,,,,,,,,,,,,,,,,,,,,,,,,,,,,,,,,,,,,,,,,,,,,,,,,,,,
7F-CW-2.RT,(CW2回水溫度     ),,31.6,31.6,31.6,31.6,31.7,31.7,31.7,31.7,31.7,31.7,31.7,31.8,31.8,31.8,31.7,31.7,31.7,31.7,31.7,31.7,31.7,31.7,31.7,31.6,31.6,31.6,31.6,31.6,31.6,31.6,31.6,31.6,31.6,31.6,31.6,31.6,31.6,31.6,31.5,31.5,31.5,31.5,31.5,31.5,31.5,31.5,31.5,31.5,31.5,31.5,31.5,31.5,31.5,,,,,,,,,,,,,,,,,,,,,,,,,,,,,,,,,,,,,,,,,,,,,,,,,,,,,,,,,,,,,,,,,,,,,,,,,,,,,,,,,,,,,,,,,,,
7F-CW-3.RT,(CW3回水溫度     ),,33.3,33.3,33.3,33.3,33.3,33.3,33.2,33.2,33.2,33.2,33.2,33.2,33.2,33.2,33.1,33.1,33.1,33.1,33.1,33.0,33.0,33.0,33.0,33.0,33.0,33.0,33.0,32.9,32.9,32.9,32.9,32.9,32.9,27.7,26.0,29.2,30.7,30.7,30.6,30.5,30.3,30.3,30.1,29.5,29.3,28.9,28.5,27.9,28.9,30.0,30.3,30.3,30.2,,,,,,,,,,,,,,,,,,,,,,,,,,,,,,,,,,,,,,,,,,,,,,,,,,,,,,,,,,,,,,,,,,,,,,,,,,,,,,,,,,,,,,,,,,,
7F-CW-4.RT,(CW4回水溫度     ),,34.0,34.0,34.0,33.9,33.9,33.9,33.9,33.9,33.8,33.8,33.8,33.8,33.8,33.7,33.7,33.7,33.6,33.6,33.6,33.6,33.6,33.5,33.5,33.4,33.4,33.4,33.4,33.3,33.3,33.3,33.3,33.2,33.2,33.2,33.2,33.1,33.1,33.1,33.1,33.0,33.0,33.0,33.0,33.0,32.9,32.9,32.9,32.9,32.8,32.8,29.4,25.6,25.4,,,,,,,,,,,,,,,,,,,,,,,,,,,,,,,,,,,,,,,,,,,,,,,,,,,,,,,,,,,,,,,,,,,,,,,,,,,,,,,,,,,,,,,,,,,
7F-CW-5.RT,(CW5回水溫度     ),,30.8,30.9,31.0,31.0,31.0,31.1,31.1,31.1,31.2,31.2,31.2,31.3,31.3,31.3,31.3,31.3,31.3,31.3,31.3,31.3,31.3,31.3,31.3,31.3,31.3,31.3,31.3,31.3,31.3,31.3,31.3,31.3,31.3,31.3,31.3,31.3,31.3,31.3,31.3,31.4,31.4,31.4,31.4,31.3,31.3,31.3,31.3,31.3,31.3,31.3,31.3,31.3,31.3,,,,,,,,,,,,,,,,,,,,,,,,,,,,,,,,,,,,,,,,,,,,,,,,,,,,,,,,,,,,,,,,,,,,,,,,,,,,,,,,,,,,,,,,,,,
7F-CW.RT,(冷卻水總回水溫度),,30.9,30.9,30.5,30.1,30.3,29.9,29.7,29.4,29.4,29.4,29.6,29.7,0.0,0.0,0.0,0.0,0.0,0.0,0.0,0.0,0.0,0.0,0.0,0.0,0.0,0.0,0.0,0.0,0.0,0.0,0.0,0.0,0.0,27.7,26.0,29.2,30.7,30.7,30.6,30.5,30.3,30.3,30.1,29.5,29.3,28.9,28.5,27.9,27.9,27.7,29.9,28.8,28.7,,,,,,,,,,,,,,,,,,,,,,,,,,,,,,,,,,,,,,,,,,,,,,,,,,,,,,,,,,,,,,,,,,,,,,,,,,,,,,,,,,,,,,,,,,,
7F-CH-1.CWDT,(冷卻水溫差      ),DEG C,3.9,3.7,3.3,3.1,3.1,2.8,2.7,2.4,2.6,2.6,2.7,2.8,0.0,0.0,0.0,0.0,0.0,0.0,0.0,0.0,0.0,0.0,0.0,0.0,0.0,0.0,0.0,0.0,0.0,0.0,0.0,0.0,0.0,0.0,0.0,0.0,0.0,0.0,0.0,0.0,0.0,0.0,0.0,0.0,0.0,0.0,0.0,0.0,0.7,0.2,4.1,4.6,4.7,,,,,,,,,,,,,,,,,,,,,,,,,,,,,,,,,,,,,,,,,,,,,,,,,,,,,,,,,,,,,,,,,,,,,,,,,,,,,,,,,,,,,,,,,,,
7F-CH-2.CWDT,(冷卻水溫差      ),DEG C,0.0,0.0,0.0,0.0,0.0,0.0,0.0,0.0,0.0,0.0,0.0,0.0,0.0,0.0,0.0,0.0,0.0,0.0,0.0,0.0,0.0,0.0,0.0,0.0,0.0,0.0,0.0,0.0,0.0,0.0,0.0,0.0,0.0,0.0,0.0,0.0,0.0,0.0,0.0,0.0,0.0,0.0,0.0,0.0,0.0,0.0,0.0,0.0,0.0,0.0,0.0,0.0,0.0,,,,,,,,,,,,,,,,,,,,,,,,,,,,,,,,,,,,,,,,,,,,,,,,,,,,,,,,,,,,,,,,,,,,,,,,,,,,,,,,,,,,,,,,,,,
7F-CH-3.CWDT,(冷卻水溫差      ),DEG C,0.0,0.0,0.0,0.0,0.0,0.0,0.0,0.0,0.0,0.0,0.0,0.0,0.0,0.0,0.0,0.0,0.0,0.0,0.0,0.0,0.0,0.0,0.0,0.0,0.0,0.0,0.0,0.0,0.0,0.0,0.0,0.0,0.0, -0.1, -0.0,5.5,5.6,5.5,5.5,5.4,5.3,5.3,5.0,4.5,3.9,3.4,3.1,2.9,4.9,5.4,5.4,5.4,5.4,,,,,,,,,,,,,,,,,,,,,,,,,,,,,,,,,,,,,,,,,,,,,,,,,,,,,,,,,,,,,,,,,,,,,,,,,,,,,,,,,,,,,,,,,,,
7F-CH-4.CWDT,(冷卻水溫差      ),DEG C,0.0,0.0,0.0,0.0,0.0,0.0,0.0,0.0,0.0,0.0,0.0,0.0,0.0,0.0,0.0,0.0,0.0,0.0,0.0,0.0,0.0,0.0,0.0,0.0,0.0,0.0,0.0,0.0,0.0,0.0,0.0,0.0,0.0,0.0,0.0,0.0,0.0,0.0,0.0,0.0,0.0,0.0,0.0,0.0,0.0,0.0,0.0,0.0,0.0,0.0, -0.2, -0.0,1.5,,,,,,,,,,,,,,,,,,,,,,,,,,,,,,,,,,,,,,,,,,,,,,,,,,,,,,,,,,,,,,,,,,,,,,,,,,,,,,,,,,,,,,,,,,,
7F-CH-5.CWDT,(冷卻水溫差      ),DEG C,0.0,0.0,0.0,0.0,0.0,0.0,0.0,0.0,0.0,0.0,0.0,0.0,0.0,0.0,0.0,0.0,0.0,0.0,0.0,0.0,0.0,0.0,0.0,0.0,0.0,0.0,0.0,0.0,0.0,0.0,0.0,0.0,0.0,0.0,0.0,0.0,0.0,0.0,0.0,0.0,0.0,0.0,0.0,0.0,0.0,0.0,0.0,0.0,0.0,0.0,0.0,0.0,0.0,,,,,,,,,,,,,,,,,,,,,,,,,,,,,,,,,,,,,,,,,,,,,,,,,,,,,,,,,,,,,,,,,,,,,,,,,,,,,,,,,,,,,,,,,,,
7F-CHSYS.CWDT,(冷卻水系統溫差  ),DEG C,3.9,3.7,3.3,3.1,3.1,2.8,2.7,2.4,2.6,2.6,2.7,2.8,0.0,0.0,0.0,0.0,0.0,0.0,0.0,0.0,0.0,0.0,0.0,0.0,0.0,0.0,0.0,0.0,0.0,0.0,0.0,0.0,0.0, -0.1, -0.0,5.5,5.6,5.5,5.5,5.4,5.3,5.3,5.0,4.5,3.8,3.4,3.1,2.9,2.8,2.8,3.1,3.3,3.9,,,,,,,,,,,,,,,,,,,,,,,,,,,,,,,,,,,,,,,,,,,,,,,,,,,,,,,,,,,,,,,,,,,,,,,,,,,,,,,,,,,,,,,,,,,
7F-CW-1.FM,(CW1水流量       ),,7395,7593,7756,7845,7546,7110,7057,7571,7246,7779,7020,7623,18,18,18,17,18,21,18,18,18,17,18,18,17,15,18,18,18,18,15,17,18,17,15,18,18,18,21,18,18,15,18,18,18,15,15,15,7004,7499,7545,7659,8112,,,,,,,,,,,,,,,,,,,,,,,,,,,,,,,,,,,,,,,,,,,,,,,,,,,,,,,,,,,,,,,,,,,,,,,,,,,,,,,,,,,,,,,,,,,
7F-CW-2.FM,(CW2水流量       ),,15,18,15,15,18,18,17,15,17,17,17,17,17,17,17,17,15,17,17,15,15,15,18,15,17,17,17,15,15,15,15,15,15,15,15,18,15,14,17,17,17,17,17,17,17,17,17,14,17,17,17,17,17,,,,,,,,,,,,,,,,,,,,,,,,,,,,,,,,,,,,,,,,,,,,,,,,,,,,,,,,,,,,,,,,,,,,,,,,,,,,,,,,,,,,,,,,,,,
7F-CW-3.FM,(CW3水流量       ),,24,26,26,26,24,24,24,24,23,26,26,23,23,23,24,24,23,23,23,23,23,23,23,23,23,23,23,23,23,23,23,23,24,5354,5389,5429,5395,5496,5390,5451,5392,5399,5373,5349,5479,5323,5295,5392,5331,5395,5404,5331,5339,,,,,,,,,,,,,,,,,,,,,,,,,,,,,,,,,,,,,,,,,,,,,,,,,,,,,,,,,,,,,,,,,,,,,,,,,,,,,,,,,,,,,,,,,,,
7F-CW-4.FM,(CW4水流量       ),,18,18,17,18,15,15,18,18,17,18,17,18,15,15,17,17,17,17,17,15,18,15,18,18,18,18,15,15,17,17,17,15,18,18,18,18,15,15,15,18,18,15,18,18,18,18,18,15,18,17,7432,7367,7409,,,,,,,,,,,,,,,,,,,,,,,,,,,,,,,,,,,,,,,,,,,,,,,,,,,,,,,,,,,,,,,,,,,,,,,,,,,,,,,,,,,,,,,,,,,
7F-CW-5.FM,(CW5水流量       ),,21,21,21,21,18,21,18,21,18,21,18,23,21,18,21,18,18,21,18,17,18,21,18,18,18,21,18,21,18,18,18,21,18,21,21,18,17,18,18,21,21,18,17,18,17,18,21,18,18,18,21,21,21,,,,,,,,,,,,,,,,,,,,,,,,,,,,,,,,,,,,,,,,,,,,,,,,,,,,,,,,,,,,,,,,,,,,,,,,,,,,,,,,,,,,,,,,,,,
7F-CW.FM,(冷卻水總流量    ),,7590,7692,7982,7928,7626,7081,6915,7662,7504,8076,7115,7781,93,93,99,95,99,95,95,90,95,93,92,98,92,96,93,92,96,93,93,90,96,5424,5460,5474,5471,5567,5464,5512,5503,5467,5446,5368,5512,5393,5365,5443,12401,12996,20320,20503,20873,,,,,,,,,,,,,,,,,,,,,,,,,,,,,,,,,,,,,,,,,,,,,,,,,,,,,,,,,,,,,,,,,,,,,,,,,,,,,,,,,,,,,,,,,,,
CH1F7:KW,(                ),kW,272.0,257.0,215.0,212.0,217.0,190.0,200.0,177.0,194.0,193.0,202.0,205.0,0.0,0.0,0.0,0.0,0.0,0.0,0.0,0.0,0.0,0.0,0.0,0.0,0.0,0.0,0.0,0.0,0.0,0.0,0.0,0.0,0.0,0.0,0.0,0.0,0.0,0.0,0.0,0.0,0.0,0.0,0.0,0.0,0.0,0.0,0.0,0.0,0.0,0.0,317.0,315.0,313.0,,,,,,,,,,,,,,,,,,,,,,,,,,,,,,,,,,,,,,,,,,,,,,,,,,,,,,,,,,,,,,,,,,,,,,,,,,,,,,,,,,,,,,,,,,,
CH2F7:KW,(                ),kW,0.0,0.0,0.7,0.7,0.7,0.0,0.0,0.7,0.0,0.0,0.7,0.0,0.0,0.8,0.0,0.8,0.8,0.0,0.8,0.0,0.0,0.8,0.0,0.8,0.8,0.0,0.8,0.0,0.0,0.8,0.0,0.8,0.8,0.0,0.8,0.8,0.0,0.0,0.8,0.0,0.7,0.0,0.0,0.8,0.0,0.8,0.8,0.0,0.7,0.7,0.0,0.7,0.7,,,,,,,,,,,,,,,,,,,,,,,,,,,,,,,,,,,,,,,,,,,,,,,,,,,,,,,,,,,,,,,,,,,,,,,,,,,,,,,,,,,,,,,,,,,
CH3F7:KW,(                ),kW,0.0,0.0,0.7,0.7,0.7,0.0,0.0,0.7,0.7,0.0,0.0,0.0,0.7,0.7,0.0,0.0,0.7,0.7,0.0,0.0,0.0,0.7,0.7,0.0,0.0,0.7,0.7,0.0,0.0,0.0,0.7,0.7,0.0,0.0,0.7,300.7,308.5,306.3,310.8,306.9,308.7,308.3,302.7,257.2,225.0,201.4,185.9,174.8,275.9,310.1,305.6,305.8,306.1,,,,,,,,,,,,,,,,,,,,,,,,,,,,,,,,,,,,,,,,,,,,,,,,,,,,,,,,,,,,,,,,,,,,,,,,,,,,,,,,,,,,,,,,,,,
CH4F7:KW,(                ),kW,0.0,0.0,0.0,0.0,0.0,0.0,0.0,0.0,0.0,0.0,0.0,0.0,0.0,0.0,0.0,0.0,0.0,0.0,0.0,0.0,0.0,0.0,0.0,0.0,0.0,0.0,0.0,0.0,0.0,0.0,0.0,0.0,0.0,0.0,0.0,0.0,0.0,0.0,0.0,0.0,0.0,0.0,0.0,0.0,0.0,0.0,0.0,0.0,0.0,0.0,0.0,0.0,121.0,,,,,,,,,,,,,,,,,,,,,,,,,,,,,,,,,,,,,,,,,,,,,,,,,,,,,,,,,,,,,,,,,,,,,,,,,,,,,,,,,,,,,,,,,,,
CH5F7:KW,(                ),kW,0.0,0.0,0.0,0.0,0.0,0.0,0.0,0.0,0.0,0.0,0.0,0.0,0.0,0.0,0.0,0.0,0.0,0.0,0.0,0.0,0.0,0.0,0.0,0.0,0.0,0.0,0.0,0.0,0.0,0.0,0.0,0.0,0.0,0.0,0.0,0.0,0.0,0.0,0.0,0.0,0.0,0.0,0.0,0.0,0.0,0.0,0.0,0.0,0.0,0.0,0.0,0.0,0.0,,,,,,,,,,,,,,,,,,,,,,,,,,,,,,,,,,,,,,,,,,,,,,,,,,,,,,,,,,,,,,,,,,,,,,,,,,,,,,,,,,,,,,,,,,,
CHF7-ALL.KW,(冰機系統功率    ),,272.0,257.0,216.4,213.4,218.4,190.0,200.0,178.4,194.7,193.0,202.7,205.0,0.7,1.4,0.0,0.8,1.4,0.7,0.8,0.0,0.0,1.4,0.7,0.8,0.8,0.7,1.4,0.0,0.0,0.8,0.7,1.5,0.8,0.0,1.5,301.4,308.5,306.3,311.5,306.9,309.5,308.3,302.7,257.9,225.0,202.1,186.7,174.8,276.7,310.8,622.6,621.6,740.8,,,,,,,,,,,,,,,,,,,,,,,,,,,,,,,,,,,,,,,,,,,,,,,,,,,,,,,,,,,,,,,,,,,,,,,,,,,,,,,,,,,,,,,,,,,
7F-CH-1.TON,(冷凍頓          ),,454,416,363,362,366,312,309,256,294,293,307,321,0,0,0,0,0,0,0,0,0,0,0,0,0,0,0,0,0,0,0,0,0,0,0,0,0,0,0,0,0,0,0,0,0,0,0,0,0,7,553,558,559,,,,,,,,,,,,,,,,,,,,,,,,,,,,,,,,,,,,,,,,,,,,,,,,,,,,,,,,,,,,,,,,,,,,,,,,,,,,,,,,,,,,,,,,,,,
7F-CH-2.TON,(冷凍頓          ),,0,0,0,0,0,0,0,0,0,0,0,0,0,0,0,0,0,0,0,0,0,0,0,0,0,0,0,0,0,0,0,0,0,0,0,0,0,0,0,0,0,0,0,0,0,0,0,0,0,0,0,0,0,,,,,,,,,,,,,,,,,,,,,,,,,,,,,,,,,,,,,,,,,,,,,,,,,,,,,,,,,,,,,,,,,,,,,,,,,,,,,,,,,,,,,,,,,,,
7F-CH-3.TON,(冷凍頓          ),,0,0,0,0,0,0,0,0,0,0,0,0,0,0,0,0,0,0,0,0,0,0,0,0,0,0,0,0,0,0,0,0,0,0,0,426,412,383,397,380,379,366,379,316,264,233,212,208,354,389,371,378,381,,,,,,,,,,,,,,,,,,,,,,,,,,,,,,,,,,,,,,,,,,,,,,,,,,,,,,,,,,,,,,,,,,,,,,,,,,,,,,,,,,,,,,,,,,,
7F-CH-4.TON,(冷凍頓          ),,0,0,0,0,0,0,0,0,0,0,0,0,0,0,0,0,0,0,0,0,0,0,0,0,0,0,0,0,0,0,0,0,0,0,0,0,0,0,0,0,0,0,0,0,0,0,0,0,0,0,0,0,343,,,,,,,,,,,,,,,,,,,,,,,,,,,,,,,,,,,,,,,,,,,,,,,,,,,,,,,,,,,,,,,,,,,,,,,,,,,,,,,,,,,,,,,,,,,
7F-CH-5.TON,(冷凍頓          ),,0,0,0,0,0,0,0,0,0,0,0,0,0,0,0,0,0,0,0,0,0,0,0,0,0,0,0,0,0,0,0,0,0,0,0,0,0,0,0,0,0,0,0,0,0,0,0,0,0,0,0,0,0,,,,,,,,,,,,,,,,,,,,,,,,,,,,,,,,,,,,,,,,,,,,,,,,,,,,,,,,,,,,,,,,,,,,,,,,,,,,,,,,,,,,,,,,,,,
7F-CHSYS.TON,(冷凍頓          ),,143,185,161,205,137,112,158,108,139,138,145,108,0,0,0,0,0,0,0,0,0,0,0,0,0,0,0,0,0,0,0,0,0,0,0,133,119,173,143,108,110,101,114,91,80,66,59,63,78,90,342,392,825,,,,,,,,,,,,,,,,,,,,,,,,,,,,,,,,,,,,,,,,,,,,,,,,,,,,,,,,,,,,,,,,,,,,,,,,,,,,,,,,,,,,,,,,,,,
7F-CH-1.KW/RT,(冰機效率        ),,0.00,0.00,0.00,0.00,0.00,0.00,0.00,0.00,0.00,0.00,0.00,0.00,0.00,0.00,0.00,0.00,0.00,0.00,0.00,0.00,0.00,0.00,0.00,0.00,0.00,0.00,0.00,0.00,0.00,0.00,0.00,0.00,0.00,0.00,0.00,0.00,0.00,0.00,0.00,0.00,0.00,0.00,0.00,0.00,0.00,0.00,0.00,0.00,0.00,0.00,0.00,0.00,0.00,,,,,,,,,,,,,,,,,,,,,,,,,,,,,,,,,,,,,,,,,,,,,,,,,,,,,,,,,,,,,,,,,,,,,,,,,,,,,,,,,,,,,,,,,,,
7F-CH-2.KW/RT,(冰機效率        ),,0.00,0.00,0.00,0.00,0.00,0.00,0.00,0.00,0.00,0.00,0.00,0.00,0.00,0.00,0.00,0.00,0.00,0.00,0.00,0.00,0.00,0.00,0.00,0.00,0.00,0.00,0.00,0.00,0.00,0.00,0.00,0.00,0.00,0.00,0.00,0.00,0.00,0.00,0.00,0.00,0.00,0.00,0.00,0.00,0.00,0.00,0.00,0.00,0.00,0.00,0.00,0.00,0.00,,,,,,,,,,,,,,,,,,,,,,,,,,,,,,,,,,,,,,,,,,,,,,,,,,,,,,,,,,,,,,,,,,,,,,,,,,,,,,,,,,,,,,,,,,,
7F-CH-3.KW/RT,(冰機效率        ),,0.00,0.00,0.00,0.00,0.00,0.00,0.00,0.00,0.00,0.00,0.00,0.00,0.00,0.00,0.00,0.00,0.00,0.00,0.00,0.00,0.00,0.00,0.00,0.00,0.00,0.00,0.00,0.00,0.00,0.00,0.00,0.00,0.00,0.00,0.00,0.70,0.73,0.78,0.76,0.79,0.79,0.82,0.79,0.95,1.13,1.29,1.41,1.45,0.85,0.77,0.81,0.79,0.79,,,,,,,,,,,,,,,,,,,,,,,,,,,,,,,,,,,,,,,,,,,,,,,,,,,,,,,,,,,,,,,,,,,,,,,,,,,,,,,,,,,,,,,,,,,
7F-CH-4.KW/RT,(冰機效率        ),,0.00,0.00,0.00,0.00,0.00,0.00,0.00,0.00,0.00,0.00,0.00,0.00,0.00,0.00,0.00,0.00,0.00,0.00,0.00,0.00,0.00,0.00,0.00,0.00,0.00,0.00,0.00,0.00,0.00,0.00,0.00,0.00,0.00,0.00,0.00,0.00,0.00,0.00,0.00,0.00,0.00,0.00,0.00,0.00,0.00,0.00,0.00,0.00,0.00,0.00,0.00,0.00,0.00,,,,,,,,,,,,,,,,,,,,,,,,,,,,,,,,,,,,,,,,,,,,,,,,,,,,,,,,,,,,,,,,,,,,,,,,,,,,,,,,,,,,,,,,,,,
7F-CH-5.KW/RT,(冰機效率        ),,0.00,0.00,0.00,0.00,0.00,0.00,0.00,0.00,0.00,0.00,0.00,0.00,0.00,0.00,0.00,0.00,0.00,0.00,0.00,0.00,0.00,0.00,0.00,0.00,0.00,0.00,0.00,0.00,0.00,0.00,0.00,0.00,0.00,0.00,0.00,0.00,0.00,0.00,0.00,0.00,0.00,0.00,0.00,0.00,0.00,0.00,0.00,0.00,0.00,0.00,0.00,0.00,0.00,,,,,,,,,,,,,,,,,,,,,,,,,,,,,,,,,,,,,,,,,,,,,,,,,,,,,,,,,,,,,,,,,,,,,,,,,,,,,,,,,,,,,,,,,,,
7F-CHSYS.KW/RT,(冰水系統效率    ),,7.77,5.99,6.90,5.42,8.09,9.93,7.01,10.27,7.99,8.03,7.63,10.22,0.00,0.00,0.00,0.00,0.00,0.00,0.00,0.00,0.00,0.00,0.00,0.00,0.00,0.00,0.00,0.00,0.00,0.00,0.00,0.00,0.00,0.00,0.00,8.33,9.31,6.42,7.75,10.26,10.11,10.94,9.74,12.31,13.76,16.83,18.60,17.13,14.11,12.27,3.27,2.84,1.35,,,,,,,,,,,,,,,,,,,,,,,,,,,,,,,,,,,,,,,,,,,,,,,,,,,,,,,,,,,,,,,,,,,,,,,,,,,,,,,,,,,,,,,,,,,
7F-CW-1.TON,(冷卻水冷凍頓    ),,579,555,503,484,469,393,382,368,372,393,370,428,0,0,0,0,0,0,0,0,0,0,0,0,0,0,0,0,0,0,0,0,0,0,0,0,0,0,0,0,0,0,0,0,0,0,0,0,0,28,596,697,746,,,,,,,,,,,,,,,,,,,,,,,,,,,,,,,,,,,,,,,,,,,,,,,,,,,,,,,,,,,,,,,,,,,,,,,,,,,,,,,,,,,,,,,,,,,
7F-CW-2.TON,(冷卻水冷凍頓    ),,0,0,0,0,0,0,0,0,0,0,0,0,0,0,0,0,0,0,0,0,0,0,0,0,0,0,0,0,0,0,0,0,0,0,0,0,0,0,0,0,0,0,0,0,0,0,0,0,0,0,0,0,0,,,,,,,,,,,,,,,,,,,,,,,,,,,,,,,,,,,,,,,,,,,,,,,,,,,,,,,,,,,,,,,,,,,,,,,,,,,,,,,,,,,,,,,,,,,
7F-CW-3.TON,(冷卻水冷凍頓    ),,0,0,0,0,0,0,0,0,0,0,0,0,0,0,0,0,0,0,0,0,0,0,0,0,0,0,0,0,0,0,0,0,0,0,0,590,600,597,588,581,576,565,539,472,419,361,329,310,514,580,580,567,572,,,,,,,,,,,,,,,,,,,,,,,,,,,,,,,,,,,,,,,,,,,,,,,,,,,,,,,,,,,,,,,,,,,,,,,,,,,,,,,,,,,,,,,,,,,
7F-CW-4.TON,(冷卻水冷凍頓    ),,0,0,0,0,0,0,0,0,0,0,0,0,0,0,0,0,0,0,0,0,0,0,0,0,0,0,0,0,0,0,0,0,0,0,0,0,0,0,0,0,0,0,0,0,0,0,0,0,0,0,0,0,220,,,,,,,,,,,,,,,,,,,,,,,,,,,,,,,,,,,,,,,,,,,,,,,,,,,,,,,,,,,,,,,,,,,,,,,,,,,,,,,,,,,,,,,,,,,
7F-CW-5.TON,(冷卻水冷凍頓    ),,0,0,0,0,0,0,0,0,0,0,0,0,0,0,0,0,0,0,0,0,0,0,0,0,0,0,0,0,0,0,0,0,0,0,0,0,0,0,0,0,0,0,0,0,0,0,0,0,0,0,0,0,0,,,,,,,,,,,,,,,,,,,,,,,,,,,,,,,,,,,,,,,,,,,,,,,,,,,,,,,,,,,,,,,,,,,,,,,,,,,,,,,,,,,,,,,,,,,
7F-CWSYS.TON,(冷凍頓          ),,587,557,518,501,474,394,395,373,385,414,371,432,0,0,0,0,0,0,0,0,0,0,0,0,0,0,0,0,0,0,0,0,0,0,0,598,603,602,596,589,586,576,545,481,421,368,332,316,679,724,1248,1347,1603,,,,,,,,,,,,,,,,,,,,,,,,,,,,,,,,,,,,,,,,,,,,,,,,,,,,,,,,,,,,,,,,,,,,,,,,,,,,,,,,,,,,,,,,,,,
7F-CH-1.HB,(                ),, -21.55, -24.96, -27.77, -25.19, -22.00, -20.60, -22.41, -30.44, -20.99, -25.38, -17.08, -24.91,0.00,0.00,0.00,0.00,0.00,0.00,0.00,0.00,0.00,0.00,0.00,0.00,0.00,0.00,0.00,0.00,0.00,0.00,0.00,0.00,0.00,0.00,0.00,0.00,0.00,0.00,0.00,0.00,0.00,0.00,0.00,0.00,0.00,0.00,0.00,0.00,0.00, -75.15, -7.23, -19.93, -25.07,,,,,,,,,,,,,,,,,,,,,,,,,,,,,,,,,,,,,,,,,,,,,,,,,,,,,,,,,,,,,,,,,,,,,,,,,,,,,,,,,,,,,,,,,,,
7F-CH-2.HB,(                ),,0.00,0.00,0.00,0.00,0.00,0.00,0.00,0.00,0.00,0.00,0.00,0.00,0.00,0.00,0.00,0.00,0.00,0.00,0.00,0.00,0.00,0.00,0.00,0.00,0.00,0.00,0.00,0.00,0.00,0.00,0.00,0.00,0.00,0.00,0.00,0.00,0.00,0.00,0.00,0.00,0.00,0.00,0.00,0.00,0.00,0.00,0.00,0.00,0.00,0.00,0.00,0.00,0.00,,,,,,,,,,,,,,,,,,,,,,,,,,,,,,,,,,,,,,,,,,,,,,,,,,,,,,,,,,,,,,,,,,,,,,,,,,,,,,,,,,,,,,,,,,,
7F-CH-3.HB,(                ),,0.00,0.00,0.00,0.00,0.00,0.00,0.00,0.00,0.00,0.00,0.00,0.00,0.00,0.00,0.00,0.00,0.00,0.00,0.00,0.00,0.00,0.00,0.00,0.00,0.00,0.00,0.00,0.00,0.00,0.00,0.00,0.00,0.00,0.00,0.00, -13.30, -16.87, -21.47, -17.98, -19.81, -19.24, -19.98, -13.75, -14.90, -16.48, -11.79, -9.47, -5.64, -14.48, -18.22, -21.19, -18.20, -18.46,,,,,,,,,,,,,,,,,,,,,,,,,,,,,,,,,,,,,,,,,,,,,,,,,,,,,,,,,,,,,,,,,,,,,,,,,,,,,,,,,,,,,,,,,,,
7F-CH-4.HB,(                ),,0.00,0.00,0.00,0.00,0.00,0.00,0.00,0.00,0.00,0.00,0.00,0.00,0.00,0.00,0.00,0.00,0.00,0.00,0.00,0.00,0.00,0.00,0.00,0.00,0.00,0.00,0.00,0.00,0.00,0.00,0.00,0.00,0.00,0.00,0.00,0.00,0.00,0.00,0.00,0.00,0.00,0.00,0.00,0.00,0.00,0.00,0.00,0.00,0.00,0.00,0.00,0.00,56.05,,,,,,,,,,,,,,,,,,,,,,,,,,,,,,,,,,,,,,,,,,,,,,,,,,,,,,,,,,,,,,,,,,,,,,,,,,,,,,,,,,,,,,,,,,,
7F-CH-5.HB,(                ),,0.00,0.00,0.00,0.00,0.00,0.00,0.00,0.00,0.00,0.00,0.00,0.00,0.00,0.00,0.00,0.00,0.00,0.00,0.00,0.00,0.00,0.00,0.00,0.00,0.00,0.00,0.00,0.00,0.00,0.00,0.00,0.00,0.00,0.00,0.00,0.00,0.00,0.00,0.00,0.00,0.00,0.00,0.00,0.00,0.00,0.00,0.00,0.00,0.00,0.00,0.00,0.00,0.00,,,,,,,,,,,,,,,,,,,,,,,,,,,,,,,,,,,,,,,,,,,,,,,,,,,,,,,,,,,,,,,,,,,,,,,,,,,,,,,,,,,,,,,,,,,
7F-CHSYS.HB,(                ),, -21.74, -9.88, -7.73,4.14, -4.30,8.64,20.48,13.78,18.40,9.84,24.60, -1.50,0.00,0.00,0.00,0.00,0.00,0.00,0.00,0.00,0.00,0.00,0.00,0.00,0.00,0.00,0.00,0.00,0.00,0.00,0.00,0.00,0.00,0.00,0.00, -24.81, -27.73, -18.58, -22.77, -28.05, -27.17, -27.39, -21.02, -15.36, -5.56,3.86,13.19,21.47, -41.80, -43.72, -47.21, -47.40, -28.81,,,,,,,,,,,,,,,,,,,,,,,,,,,,,,,,,,,,,,,,,,,,,,,,,,,,,,,,,,,,,,,,,,,,,,,,,,,,,,,,,,,,,,,,,,,
CHP1F7:KW,(                ),kW,31.8,32.0,31.9,32.0,32.0,32.0,32.1,32.0,32.0,32.1,32.1,32.0,0.0,0.0,0.0,0.0,0.0,0.0,0.0,0.0,0.0,0.0,0.0,0.0,0.0,0.0,0.0,0.0,0.0,0.0,0.0,0.0,0.0,0.0,0.0,0.0,0.0,0.0,0.0,0.0,0.0,0.0,0.0,0.0,0.0,0.0,0.0,0.0,31.8,32.0,31.7,31.9,31.6,,,,,,,,,,,,,,,,,,,,,,,,,,,,,,,,,,,,,,,,,,,,,,,,,,,,,,,,,,,,,,,,,,,,,,,,,,,,,,,,,,,,,,,,,,,
CHP2F7:KW,(                ),kW,0.0,0.0,0.0,0.0,0.0,0.0,0.0,0.0,0.0,0.0,0.0,0.0,0.0,0.0,0.0,0.0,0.0,0.0,0.0,0.0,0.0,0.0,0.0,0.0,0.0,0.0,0.0,0.0,0.0,0.0,0.0,0.0,0.0,0.0,0.0,0.0,0.0,0.0,0.0,0.0,0.0,0.0,0.0,0.0,0.0,0.0,0.0,0.0,0.0,0.0,0.0,0.0,0.0,,,,,,,,,,,,,,,,,,,,,,,,,,,,,,,,,,,,,,,,,,,,,,,,,,,,,,,,,,,,,,,,,,,,,,,,,,,,,,,,,,,,,,,,,,,
CHP3F7:KW,(                ),kW,0.0,0.0,0.0,0.0,0.0,0.0,0.0,0.0,0.0,0.0,0.0,0.0,0.0,0.0,0.0,0.0,0.0,0.0,0.0,0.0,0.0,0.0,0.0,0.0,0.0,0.0,0.0,0.0,0.0,0.0,0.0,0.0,0.0,17.4,17.3,17.4,17.4,17.1,17.4,17.4,17.4,17.4,17.4,17.3,17.3,17.3,17.3,17.4,17.4,17.3,17.4,17.4,17.3,,,,,,,,,,,,,,,,,,,,,,,,,,,,,,,,,,,,,,,,,,,,,,,,,,,,,,,,,,,,,,,,,,,,,,,,,,,,,,,,,,,,,,,,,,,
CHP4F7:KW,(                ),kW,0.0,0.0,0.0,0.0,0.0,0.0,0.0,0.0,0.0,0.0,0.0,0.0,0.0,0.0,0.0,0.0,0.0,0.0,0.0,0.0,0.0,0.0,0.0,0.0,0.0,0.0,0.0,0.0,0.0,0.0,0.0,0.0,0.0,0.0,0.0,0.0,0.0,0.0,0.0,0.0,0.0,0.0,0.0,0.0,0.0,0.0,0.0,0.0,0.0,0.0,30.9,31.0,31.0,,,,,,,,,,,,,,,,,,,,,,,,,,,,,,,,,,,,,,,,,,,,,,,,,,,,,,,,,,,,,,,,,,,,,,,,,,,,,,,,,,,,,,,,,,,
CHP5F7:KW,(                ),kW,0.0,0.0,0.0,0.0,0.0,0.0,0.0,0.0,0.0,0.0,0.0,0.0,0.0,0.0,0.0,0.0,0.0,0.0,0.0,0.0,0.0,0.0,0.0,0.0,0.0,0.0,0.0,0.0,0.0,0.0,0.0,0.0,0.0,0.0,0.0,0.0,0.0,0.0,0.0,0.0,0.0,0.0,0.0,0.0,0.0,0.0,0.0,0.0,0.0,0.0,0.0,0.0,0.0,,,,,,,,,,,,,,,,,,,,,,,,,,,,,,,,,,,,,,,,,,,,,,,,,,,,,,,,,,,,,,,,,,,,,,,,,,,,,,,,,,,,,,,,,,,
CHPF7-ALL.KW,(冰水泵系統功率  ),,31.8,32.0,31.9,32.0,32.0,32.0,32.1,32.0,32.0,32.1,32.1,32.0,0.0,0.0,0.0,0.0,0.0,0.0,0.0,0.0,0.0,0.0,0.0,0.0,0.0,0.0,0.0,0.0,0.0,0.0,0.0,0.0,0.0,17.4,17.3,17.4,17.4,17.1,17.4,17.4,17.4,17.4,17.4,17.3,17.3,17.3,17.3,17.4,49.2,49.3,80.0,80.2,79.9,,,,,,,,,,,,,,,,,,,,,,,,,,,,,,,,,,,,,,,,,,,,,,,,,,,,,,,,,,,,,,,,,,,,,,,,,,,,,,,,,,,,,,,,,,,
CWP1F7:KW,(                ),kW,30.7,30.6,30.7,30.6,30.5,30.7,30.7,30.6,30.5,30.6,30.7,30.6,0.0,0.0,0.0,0.0,0.0,0.0,0.0,0.0,0.0,0.0,0.0,0.0,0.0,0.0,0.0,0.0,0.0,0.0,0.0,0.0,0.0,0.0,0.0,0.0,0.0,0.0,0.0,0.0,0.0,0.0,0.0,0.0,0.0,0.0,0.0,0.0,30.7,30.6,30.6,30.6,30.4,,,,,,,,,,,,,,,,,,,,,,,,,,,,,,,,,,,,,,,,,,,,,,,,,,,,,,,,,,,,,,,,,,,,,,,,,,,,,,,,,,,,,,,,,,,
CWP2F7:KW,(                ),kW,0.0,0.0,0.0,0.0,0.0,0.0,0.0,0.0,0.0,0.0,0.0,0.0,0.0,0.0,0.0,0.0,0.0,0.0,0.0,0.0,0.0,0.0,0.0,0.0,0.0,0.0,0.0,0.0,0.0,0.0,0.0,0.0,0.0,0.0,0.0,0.0,0.0,0.0,0.0,0.0,0.0,0.0,0.0,0.0,0.0,0.0,0.0,0.0,0.0,0.0,0.0,0.0,0.0,,,,,,,,,,,,,,,,,,,,,,,,,,,,,,,,,,,,,,,,,,,,,,,,,,,,,,,,,,,,,,,,,,,,,,,,,,,,,,,,,,,,,,,,,,,
CWP3F7:KW,(                ),kW,0.0,0.0,0.0,0.0,0.0,0.0,0.0,0.0,0.0,0.0,0.0,0.0,0.0,0.0,0.0,0.0,0.0,0.0,0.0,0.0,0.0,0.0,0.0,0.0,0.0,0.0,0.0,0.0,0.0,0.0,0.0,0.0,0.0,20.6,20.5,20.5,20.5,20.5,20.5,20.5,20.5,20.5,20.4,20.4,20.5,20.5,20.4,20.5,20.4,20.4,20.5,20.5,20.5,,,,,,,,,,,,,,,,,,,,,,,,,,,,,,,,,,,,,,,,,,,,,,,,,,,,,,,,,,,,,,,,,,,,,,,,,,,,,,,,,,,,,,,,,,,
CWP4F7:KW,(                ),kW,0.0,0.0,0.0,0.0,0.0,0.0,0.0,0.0,0.0,0.0,0.0,0.0,0.0,0.0,0.0,0.0,0.0,0.0,0.0,0.0,0.0,0.0,0.0,0.0,0.0,0.0,0.0,0.0,0.0,0.0,0.0,0.0,0.0,0.0,0.0,0.0,0.0,0.0,0.0,0.0,0.0,0.0,0.0,0.0,0.0,0.0,0.0,0.0,0.0,0.0,29.8,29.7,29.7,,,,,,,,,,,,,,,,,,,,,,,,,,,,,,,,,,,,,,,,,,,,,,,,,,,,,,,,,,,,,,,,,,,,,,,,,,,,,,,,,,,,,,,,,,,
CWP5F7:KW,(                ),kW,0.0,0.0,0.0,0.0,0.0,0.0,0.0,0.0,0.0,0.0,0.0,0.0,0.0,0.0,0.0,0.0,0.0,0.0,0.0,0.0,0.0,0.0,0.0,0.0,0.0,0.0,0.0,0.0,0.0,0.0,0.0,0.0,0.0,0.0,0.0,0.0,0.0,0.0,0.0,0.0,0.0,0.0,0.0,0.0,0.0,0.0,0.0,0.0,0.0,0.0,0.0,0.0,0.0,,,,,,,,,,,,,,,,,,,,,,,,,,,,,,,,,,,,,,,,,,,,,,,,,,,,,,,,,,,,,,,,,,,,,,,,,,,,,,,,,,,,,,,,,,,
CWPF7-ALL.KW,(冷卻水泵系統功率),,30.7,30.6,30.7,30.6,30.5,30.7,30.7,30.6,30.5,30.6,30.7,30.6,0.0,0.0,0.0,0.0,0.0,0.0,0.0,0.0,0.0,0.0,0.0,0.0,0.0,0.0,0.0,0.0,0.0,0.0,0.0,0.0,0.0,20.6,20.5,20.5,20.5,20.5,20.5,20.5,20.5,20.5,20.4,20.4,20.5,20.5,20.4,20.5,51.1,51.1,80.8,80.8,80.7,,,,,,,,,,,,,,,,,,,,,,,,,,,,,,,,,,,,,,,,,,,,,,,,,,,,,,,,,,,,,,,,,,,,,,,,,,,,,,,,,,,,,,,,,,,
CH-B1-1.CST,(冰水送水溫度    ),DEG C,9.72,9.81,9.86,9.88,9.98,10.01,10.09,10.14,10.20,10.24,10.27,10.36,10.31,10.46,10.49,10.52,10.55,10.56,10.59,10.61,10.54,10.58,10.57,10.57,10.53,10.55,10.51,10.46,10.46,10.46,10.68,10.77,10.88,11.00,11.18,11.34,11.49,11.65,11.82,11.99,12.16,12.33,12.51,12.67,12.83,12.19,8.34,10.07,12.97,10.83,9.60,9.39,9.27,,,,,,,,,,,,,,,,,,,,,,,,,,,,,,,,,,,,,,,,,,,,,,,,,,,,,,,,,,,,,,,,,,,,,,,,,,,,,,,,,,,,,,,,,,,
CH-B1-2.CST,(冰水送水溫度    ),DEG C,9.75,9.81,9.89,9.94,9.98,10.04,10.10,10.16,10.21,10.27,10.35,10.41,10.47,10.50,10.48,10.47,10.49,10.51,10.46,10.44,10.47,10.47,10.48,10.37,10.33,10.28,10.26,10.29,10.35,10.46,10.58,10.71,10.82,10.88,10.99,11.09,11.19,11.28,11.42,11.57,11.76,11.95,12.17,12.33,12.51,15.34,11.77,9.48,10.73,13.32,12.30,11.85,11.82,,,,,,,,,,,,,,,,,,,,,,,,,,,,,,,,,,,,,,,,,,,,,,,,,,,,,,,,,,,,,,,,,,,,,,,,,,,,,,,,,,,,,,,,,,,
CHW.ST,(冰水總出水溫度  ),DEG C,10.2,10.2,10.3,10.3,10.4,10.4,10.5,10.6,10.6,10.7,10.7,10.8,10.8,10.9,10.9,10.9,11.0,11.0,11.0,11.0,11.1,11.1,11.1,11.1,11.1,11.2,11.2,11.2,11.2,11.3,11.5,11.8,12.0,12.3,12.5,12.6,12.8,12.9,13.0,13.1,13.3,13.5,13.8,13.8,13.9,13.3,9.4,10.0,12.3,11.8,10.6,10.4,10.3,,,,,,,,,,,,,,,,,,,,,,,,,,,,,,,,,,,,,,,,,,,,,,,,,,,,,,,,,,,,,,,,,,,,,,,,,,,,,,,,,,,,,,,,,,,
CH-B1-1.CRT,(冰水進水溫度    ),DEG C,10.58,10.70,10.82,10.92,11.01,11.10,11.19,11.25,11.32,11.37,11.40,11.46,11.50,11.54,11.57,11.61,11.65,11.67,11.71,11.74,11.78,11.82,11.85,11.88,11.93,11.96,11.99,12.02,12.07,12.09,12.13,12.15,12.19,12.20,12.22,12.23,12.26,12.27,12.31,12.34,12.38,12.42,12.48,12.54,12.60,13.98,12.28,10.14,13.06,13.98,13.26,12.91,12.78,,,,,,,,,,,,,,,,,,,,,,,,,,,,,,,,,,,,,,,,,,,,,,,,,,,,,,,,,,,,,,,,,,,,,,,,,,,,,,,,,,,,,,,,,,,
CH-B1-2.CRT,(冰水進水溫度    ),DEG C,9.76,9.90,9.99,10.13,10.26,10.42,10.54,10.63,10.80,10.92,11.02,11.16,11.26,11.36,11.48,11.60,11.71,11.80,11.88,11.98,12.05,12.14,12.22,12.30,12.37,12.42,12.52,12.55,12.62,12.69,12.74,12.79,12.86,12.91,12.96,13.00,13.06,13.10,13.15,13.18,13.22,13.26,13.31,13.36,13.39,14.51,11.61,9.41,10.75,13.30,12.27,11.83,11.80,,,,,,,,,,,,,,,,,,,,,,,,,,,,,,,,,,,,,,,,,,,,,,,,,,,,,,,,,,,,,,,,,,,,,,,,,,,,,,,,,,,,,,,,,,,
CHW.RT,(冰水總回水溫度  ),DEG C,11.6,11.3,10.9,10.9,10.8,10.7,10.7,10.7,10.6,10.3,10.2,10.3,10.3,10.4,10.4,10.8,11.5,12.2,12.8,13.4,13.8,14.3,14.7,15.0,15.2,15.7,16.0,15.3,15.5,15.9,16.1,16.0,16.5,16.8,17.2,17.4,17.8,18.1,17.6,17.0,15.8,15.1,14.9,14.4,13.9,11.8,12.4,10.1,10.6,12.8,12.6,13.1,12.7,,,,,,,,,,,,,,,,,,,,,,,,,,,,,,,,,,,,,,,,,,,,,,,,,,,,,,,,,,,,,,,,,,,,,,,,,,,,,,,,,,,,,,,,,,,
CH-B1-1.CHDT,(冰水溫差        ),DEG C,0.9,0.9,1.0,1.0,1.0,1.1,1.1,1.1,1.1,1.1,1.1,1.1,1.2,1.1,1.1,1.1,1.1,1.1,1.1,1.1,1.2,1.2,1.3,1.3,1.4,1.4,1.5,1.6,1.6,1.6,1.4,1.4,1.3,1.2,1.0,0.9,0.8,0.6,0.5,0.4,0.2,0.1, -0.0, -0.1, -0.2,1.8,3.9,0.1,0.1,3.1,3.7,3.5,3.5,,,,,,,,,,,,,,,,,,,,,,,,,,,,,,,,,,,,,,,,,,,,,,,,,,,,,,,,,,,,,,,,,,,,,,,,,,,,,,,,,,,,,,,,,,,
CH-B1-2.CHDT,(冰水溫差        ),DEG C,0.0,0.1,0.1,0.2,0.3,0.4,0.4,0.5,0.6,0.7,0.7,0.7,0.8,0.9,1.0,1.1,1.2,1.3,1.4,1.5,1.6,1.7,1.7,1.9,2.0,2.1,2.3,2.3,2.3,2.2,2.2,2.1,2.0,2.0,2.0,1.9,1.9,1.8,1.7,1.6,1.5,1.3,1.1,1.0,0.9, -0.9, -0.2, -0.1,0.0, -0.0, -0.0, -0.0, -0.0,,,,,,,,,,,,,,,,,,,,,,,,,,,,,,,,,,,,,,,,,,,,,,,,,,,,,,,,,,,,,,,,,,,,,,,,,,,,,,,,,,,,,,,,,,,
CH-B1.CHDT,(冰水系統溫差    ),DEG C,1.5,1.1,0.6,0.6,0.4,0.2,0.2,0.1, -0.0, -0.4, -0.5, -0.5, -0.5, -0.5, -0.5, -0.2,0.5,1.2,1.8,2.3,2.8,3.2,3.6,3.9,4.1,4.5,4.8,4.0,4.3,4.7,4.5,4.3,4.5,4.6,4.8,4.8,5.0,5.1,4.6,3.9,2.4,1.6,1.2,0.7, -0.0, -1.6,3.1,0.1, -1.7,1.0,1.9,2.7,2.4,,,,,,,,,,,,,,,,,,,,,,,,,,,,,,,,,,,,,,,,,,,,,,,,,,,,,,,,,,,,,,,,,,,,,,,,,,,,,,,,,,,,,,,,,,,
CH-B1-1.CFM,(流量回受值      ),,6,6,8,8,8,8,6,8,6,6,8,8,8,8,6,8,6,6,8,8,8,8,8,8,8,8,8,8,6,8,8,8,8,8,8,8,8,8,8,6,6,6,6,6,7,5147,5031,4903,5247,4832,4916,5011,5013,,,,,,,,,,,,,,,,,,,,,,,,,,,,,,,,,,,,,,,,,,,,,,,,,,,,,,,,,,,,,,,,,,,,,,,,,,,,,,,,,,,,,,,,,,,
CH-B1-2.CFM,(流量回受值      ),,6,6,6,6,6,6,6,6,6,6,6,6,6,6,6,6,6,6,6,6,6,6,6,6,6,6,6,6,6,6,6,6,6,6,6,6,6,6,6,6,6,6,7,7,7,1663,1498,1249,1826,2379,2582,2822,2798,,,,,,,,,,,,,,,,,,,,,,,,,,,,,,,,,,,,,,,,,,,,,,,,,,,,,,,,,,,,,,,,,,,,,,,,,,,,,,,,,,,,,,,,,,,
CH-B1.CFM,(冰水系統總流量  ),,0,0,0,0,0,0,0,0,0,0,0,0,0,0,0,0,0,0,0,0,0,0,0,0,0,0,0,0,0,0,0,0,0,0,0,0,0,0,0,0,0,0,0,0,0,5146,5038,4916,5247,4829,4893,5009,5013,,,,,,,,,,,,,,,,,,,,,,,,,,,,,,,,,,,,,,,,,,,,,,,,,,,,,,,,,,,,,,,,,,,,,,,,,,,,,,,,,,,,,,,,,,,
CH-B1-1.CWST,(冷卻水進水溫度  ),DEG C,29.33,29.35,29.38,29.41,29.43,29.46,29.48,29.49,29.51,29.53,29.54,29.55,29.57,29.58,29.59,29.59,29.60,29.62,29.62,29.63,29.64,29.64,29.64,29.65,29.66,29.66,29.67,29.68,29.68,29.69,29.69,29.70,29.70,29.71,29.71,29.71,29.72,29.72,29.72,29.73,29.73,29.73,29.73,29.73,29.73,27.45,30.52,30.85,28.02,28.54,30.72,31.39,31.52,,,,,,,,,,,,,,,,,,,,,,,,,,,,,,,,,,,,,,,,,,,,,,,,,,,,,,,,,,,,,,,,,,,,,,,,,,,,,,,,,,,,,,,,,,,
CH-B1-2.CWST,(冷卻水進水溫度  ),DEG C,29.98,30.01,30.03,30.05,30.07,30.08,30.09,30.11,30.12,30.13,30.14,30.15,30.16,30.16,30.17,30.17,30.18,30.18,30.19,30.19,30.20,30.20,30.20,30.20,30.20,30.21,30.21,30.21,30.21,30.21,30.21,30.21,30.21,30.21,30.21,30.21,30.21,30.21,30.21,30.20,30.20,30.20,30.20,30.20,30.20,30.19,30.19,30.18,30.18,30.16,30.15,30.15,30.14,,,,,,,,,,,,,,,,,,,,,,,,,,,,,,,,,,,,,,,,,,,,,,,,,,,,,,,,,,,,,,,,,,,,,,,,,,,,,,,,,,,,,,,,,,,
CW.ST,(冷卻水總出水溫度),DEG C,29.25,29.26,29.26,29.25,29.24,29.22,29.20,29.18,29.16,29.13,29.11,29.09,29.06,29.03,29.00,28.97,28.94,28.92,28.89,28.86,28.84,28.81,28.78,28.76,28.73,28.70,28.68,28.65,28.63,28.60,28.58,28.55,28.53,28.51,28.48,28.45,28.43,28.41,28.39,28.36,28.34,28.32,28.30,28.27,28.25,28.86,34.15,30.92,28.11,31.33,34.25,34.94,35.04,,,,,,,,,,,,,,,,,,,,,,,,,,,,,,,,,,,,,,,,,,,,,,,,,,,,,,,,,,,,,,,,,,,,,,,,,,,,,,,,,,,,,,,,,,,
CH-B1-1.CWRT,(冷卻水出水溫度  ),,29.70,29.72,29.73,29.74,29.74,29.75,29.75,29.75,29.75,29.75,29.74,29.74,29.73,29.73,29.72,29.71,29.70,29.69,29.68,29.67,29.66,29.65,29.64,29.63,29.61,29.60,29.59,29.57,29.56,29.54,29.53,29.51,29.50,29.49,29.47,29.46,29.44,29.42,29.41,29.39,29.38,29.36,29.34,29.33,29.31,28.96,34.15,30.91,28.09,31.41,34.30,34.98,35.08,,,,,,,,,,,,,,,,,,,,,,,,,,,,,,,,,,,,,,,,,,,,,,,,,,,,,,,,,,,,,,,,,,,,,,,,,,,,,,,,,,,,,,,,,,,
CH-B1-2.CWRT,(冷卻水出水溫度  ),,30.49,30.48,30.47,30.45,30.44,30.42,30.40,30.39,30.36,30.34,30.33,30.31,30.29,30.27,30.25,30.23,30.21,30.19,30.17,30.15,30.14,30.11,30.09,30.07,30.06,30.03,30.02,29.99,29.98,29.96,29.94,29.92,29.90,29.88,29.86,29.84,29.82,29.80,29.78,29.77,29.75,29.73,29.71,29.69,29.67,29.65,29.61,29.57,30.26,30.20,30.11,30.52,30.95,,,,,,,,,,,,,,,,,,,,,,,,,,,,,,,,,,,,,,,,,,,,,,,,,,,,,,,,,,,,,,,,,,,,,,,,,,,,,,,,,,,,,,,,,,,
CW.RT,(冷卻水總回水溫度),DEG C,29.18,29.21,29.22,29.22,29.20,29.18,29.15,29.12,29.09,29.05,29.01,28.97,28.94,28.90,28.86,28.83,28.78,28.75,28.71,28.67,28.64,28.60,28.56,28.53,28.50,28.47,28.44,28.41,28.38,28.35,28.32,28.29,28.26,28.24,28.21,28.18,28.16,28.13,28.11,28.08,28.06,28.03,28.01,27.99,27.97,27.46,30.47,30.84,27.99,28.59,30.74,31.40,31.52,,,,,,,,,,,,,,,,,,,,,,,,,,,,,,,,,,,,,,,,,,,,,,,,,,,,,,,,,,,,,,,,,,,,,,,,,,,,,,,,,,,,,,,,,,,
CH-B1-1.CWDT,(冷卻水溫差      ),DEG C,0.4,0.4,0.4,0.3,0.3,0.3,0.3,0.3,0.2,0.2,0.2,0.2,0.2,0.1,0.1,0.1,0.1,0.1,0.1,0.0,0.0,0.0, -0.0, -0.0, -0.0, -0.1, -0.1, -0.1, -0.1, -0.1, -0.2, -0.2, -0.2, -0.2, -0.2, -0.3, -0.3, -0.3, -0.3, -0.3, -0.4, -0.4, -0.4, -0.4, -0.4,1.5,3.6,0.1,0.1,2.9,3.6,3.6,3.6,,,,,,,,,,,,,,,,,,,,,,,,,,,,,,,,,,,,,,,,,,,,,,,,,,,,,,,,,,,,,,,,,,,,,,,,,,,,,,,,,,,,,,,,,,,
CH-B1-2.CWDT,(冷卻水溫差      ),DEG C,0.5,0.5,0.4,0.4,0.4,0.3,0.3,0.3,0.2,0.2,0.2,0.2,0.1,0.1,0.1,0.1,0.0,0.0, -0.0, -0.0, -0.1, -0.1, -0.1, -0.1, -0.2, -0.2, -0.2, -0.2, -0.2, -0.3, -0.3, -0.3, -0.3, -0.3, -0.3, -0.4, -0.4, -0.4, -0.4, -0.4, -0.5, -0.5, -0.5, -0.5, -0.5, -0.5, -0.6, -0.6,0.1,0.0, -0.0,0.4,0.8,,,,,,,,,,,,,,,,,,,,,,,,,,,,,,,,,,,,,,,,,,,,,,,,,,,,,,,,,,,,,,,,,,,,,,,,,,,,,,,,,,,,,,,,,,,
CH-B1.CWDT,(冷卻水系統溫差  ),DEG C,0.1,0.0,0.0,0.0,0.0,0.0,0.0,0.1,0.1,0.1,0.1,0.1,0.1,0.1,0.1,0.1,0.2,0.2,0.2,0.2,0.2,0.2,0.2,0.2,0.2,0.2,0.2,0.2,0.3,0.2,0.3,0.3,0.3,0.3,0.3,0.3,0.3,0.3,0.3,0.3,0.3,0.3,0.3,0.3,0.3,1.4,3.7,0.1,0.1,2.7,3.5,3.5,3.5,,,,,,,,,,,,,,,,,,,,,,,,,,,,,,,,,,,,,,,,,,,,,,,,,,,,,,,,,,,,,,,,,,,,,,,,,,,,,,,,,,,,,,,,,,,
CH-B1-1.CWFM,(流量回受值      ),,5,5,5,5,5,5,5,7,5,5,5,5,5,5,5,5,7,5,7,5,6,6,6,6,6,6,6,6,6,6,6,6,6,6,6,6,6,6,5,5,4,6,6,6,6,5941,6054,6014,5911,5983,6064,6107,6080,,,,,,,,,,,,,,,,,,,,,,,,,,,,,,,,,,,,,,,,,,,,,,,,,,,,,,,,,,,,,,,,,,,,,,,,,,,,,,,,,,,,,,,,,,,
CH-B1-2.CWFM,(流量回受值      ),,0,0,0,0,0,0,0,0,0,0,0,0,0,0,0,0,0,0,0,0,0,0,0,0,0,0,0,0,0,0,0,0,0,0, -2,0,0,0,0,0, -2,0,0,0,0,0,0,0, -2,0,0,0,0,,,,,,,,,,,,,,,,,,,,,,,,,,,,,,,,,,,,,,,,,,,,,,,,,,,,,,,,,,,,,,,,,,,,,,,,,,,,,,,,,,,,,,,,,,,
CH-B1.CWFM,(冷卻水系統總流量),,0,0,0,0,0,0,0,0,0,0,0,0,0,0,0,0,0,0,0,0,0,0,0,0,0,0,0,0,0,0,0,0,0,0,0,0,0,0,0,0,0,0,0,0,0,5930,6064,6015,5911,5970,6046,6101,6080,,,,,,,,,,,,,,,,,,,,,,,,,,,,,,,,,,,,,,,,,,,,,,,,,,,,,,,,,,,,,,,,,,,,,,,,,,,,,,,,,,,,,,,,,,,
CH1B1:KW,(                ),kW,0.5,0.5,0.5,0.5,0.5,0.5,0.5,0.5,0.5,0.5,0.5,0.5,0.5,0.5,0.5,0.5,0.5,0.5,0.5,0.5,0.5,0.5,0.5,0.5,0.5,0.5,0.5,0.5,0.5,0.5,0.5,0.5,0.5,0.5,0.5,0.5,0.5,0.5,0.5,0.5,0.5,0.5,0.5,0.5,0.5,0.5,0.5,0.5,0.5,0.5,0.5,0.5,0.5,,,,,,,,,,,,,,,,,,,,,,,,,,,,,,,,,,,,,,,,,,,,,,,,,,,,,,,,,,,,,,,,,,,,,,,,,,,,,,,,,,,,,,,,,,,
CH2B1:KW,(                ),kW,0.5,0.5,0.5,0.5,0.5,0.5,0.5,0.5,0.5,0.5,0.5,0.5,0.5,0.5,0.5,0.5,0.5,0.5,0.5,0.5,0.5,0.5,0.5,0.5,0.5,0.5,0.5,0.5,0.5,0.5,0.5,0.5,0.5,0.5,0.5,0.5,0.5,0.5,0.5,0.5,0.5,0.5,0.5,0.5,0.5,0.5,0.5,0.5,0.5,0.5,0.5,0.5,0.5,,,,,,,,,,,,,,,,,,,,,,,,,,,,,,,,,,,,,,,,,,,,,,,,,,,,,,,,,,,,,,,,,,,,,,,,,,,,,,,,,,,,,,,,,,,
CHB1-ALL.KW,(冰機系統功率    ),,1.1,1.1,1.1,1.1,1.1,1.1,1.1,1.1,1.1,1.1,1.1,1.1,1.1,1.1,1.1,1.1,1.1,1.1,1.1,1.1,1.1,1.1,1.1,1.1,1.1,1.1,1.1,1.1,1.1,1.1,1.1,1.1,1.1,1.1,1.1,1.1,1.1,1.1,1.1,1.1,1.1,1.1,1.1,1.1,1.1,1.1,1.1,1.1,1.1,1.1,1.1,1.1,1.1,,,,,,,,,,,,,,,,,,,,,,,,,,,,,,,,,,,,,,,,,,,,,,,,,,,,,,,,,,,,,,,,,,,,,,,,,,,,,,,,,,,,,,,,,,,
CH-B1-1.TON,(冷凍頓          ),,0,0,0,0,0,0,0,0,0,0,0,0,0,0,0,0,0,0,0,0,0,0,0,0,0,0,0,0,0,0,0,0,0,0,0,0,0,0,0,0,0,0,0,0,0,180,393,7,9,300,355,349,349,,,,,,,,,,,,,,,,,,,,,,,,,,,,,,,,,,,,,,,,,,,,,,,,,,,,,,,,,,,,,,,,,,,,,,,,,,,,,,,,,,,,,,,,,,,
CH-B1-2.TON,(冷凍頓          ),,0,0,0,0,0,0,0,0,0,0,0,0,0,0,0,0,0,0,0,0,0,0,0,0,0,0,0,0,0,0,0,0,0,0,0,0,0,0,0,0,0,0,0,0,0,0,0,0,0,0,0,0,0,,,,,,,,,,,,,,,,,,,,,,,,,,,,,,,,,,,,,,,,,,,,,,,,,,,,,,,,,,,,,,,,,,,,,,,,,,,,,,,,,,,,,,,,,,,
CH-B1.TON,(冰水系統冷凍頓  ),,0,0,0,0,0,0,0,0,0,0,0,0,0,0,0,0,0,0,0,0,0,0,0,0,0,0,0,0,0,0,0,0,0,0,0,0,0,0,0,0,0,0,0,0,0,0,305,11,0,93,185,271,240,,,,,,,,,,,,,,,,,,,,,,,,,,,,,,,,,,,,,,,,,,,,,,,,,,,,,,,,,,,,,,,,,,,,,,,,,,,,,,,,,,,,,,,,,,,
CH-B1-1.KW/RT,(冰機效率        ),,0.00,0.00,0.00,0.00,0.00,0.00,0.00,0.00,0.00,0.00,0.00,0.00,0.00,0.00,0.00,0.00,0.00,0.00,0.00,0.00,0.00,0.00,0.00,0.00,0.00,0.00,0.00,0.00,0.00,0.00,0.00,0.00,0.00,0.00,0.00,0.00,0.00,0.00,0.00,0.00,0.00,0.00,0.00,0.00,0.00,0.00,0.00,0.00,0.00,0.00,0.00,0.00,0.00,,,,,,,,,,,,,,,,,,,,,,,,,,,,,,,,,,,,,,,,,,,,,,,,,,,,,,,,,,,,,,,,,,,,,,,,,,,,,,,,,,,,,,,,,,,
CH-B1-2.KW/RT,(冰機效率        ),,0.00,0.00,0.00,0.00,0.00,0.00,0.00,0.00,0.00,0.00,0.00,0.00,0.00,0.00,0.00,0.00,0.00,0.00,0.00,0.00,0.00,0.00,0.00,0.00,0.00,0.00,0.00,0.00,0.00,0.00,0.00,0.00,0.00,0.00,0.00,0.00,0.00,0.00,0.00,0.00,0.00,0.00,0.00,0.00,0.00,0.00,0.00,0.00,0.00,0.00,0.00,0.00,0.00,,,,,,,,,,,,,,,,,,,,,,,,,,,,,,,,,,,,,,,,,,,,,,,,,,,,,,,,,,,,,,,,,,,,,,,,,,,,,,,,,,,,,,,,,,,
CH-B1.KW/RT,(冰水系統效率    ),,0.00,0.00,0.00,0.00,0.00,0.00,0.00,0.00,0.00,0.00,0.00,0.00,0.00,0.00,0.00,0.00,0.00,0.00,0.00,0.00,0.00,0.00,0.00,0.00,0.00,0.00,0.00,0.00,0.00,0.00,0.00,0.00,0.00,0.00,0.00,0.00,0.00,0.00,0.00,0.00,0.00,0.00,0.00,0.00,0.00,0.00,0.00,0.00,0.00,0.00,0.00,0.00,0.00,,,,,,,,,,,,,,,,,,,,,,,,,,,,,,,,,,,,,,,,,,,,,,,,,,,,,,,,,,,,,,,,,,,,,,,,,,,,,,,,,,,,,,,,,,,
CW-B1-1.TON,(冷凍頓          ),,0,0,0,0,0,0,0,0,0,0,0,0,0,0,0,0,0,0,0,0,0,0,0,0,0,0,0,0,0,0,0,0,0,0,0,0,0,0,0,0,0,0,0,0,0,175,435,8,9,340,429,433,429,,,,,,,,,,,,,,,,,,,,,,,,,,,,,,,,,,,,,,,,,,,,,,,,,,,,,,,,,,,,,,,,,,,,,,,,,,,,,,,,,,,,,,,,,,,
CW-B1-2.TON,(冷凍頓          ),,0,0,0,0,0,0,0,0,0,0,0,0,0,0,0,0,0,0,0,0,0,0,0,0,0,0,0,0,0,0,0,0,0,0,0,0,0,0,0,0,0,0,0,0,0,0,0,0,0,0,0,0,0,,,,,,,,,,,,,,,,,,,,,,,,,,,,,,,,,,,,,,,,,,,,,,,,,,,,,,,,,,,,,,,,,,,,,,,,,,,,,,,,,,,,,,,,,,,
CW-B1.TON,(冷卻水系統冷凍頓),,0,0,0,0,0,0,0,0,0,0,0,0,0,0,0,0,0,0,0,0,0,0,0,0,0,0,0,0,0,0,0,0,0,0,0,0,0,0,0,0,0,0,0,0,0,163,443,9,14,321,419,428,424,,,,,,,,,,,,,,,,,,,,,,,,,,,,,,,,,,,,,,,,,,,,,,,,,,,,,,,,,,,,,,,,,,,,,,,,,,,,,,,,,,,,,,,,,,,
CH-B1-1.HB,(                ),,0.00,0.00,0.00,0.00,0.00,0.00,0.00,0.00,0.00,0.00,0.00,0.00,0.00,0.00,0.00,0.00,0.00,0.00,0.00,0.00,0.00,0.00,0.00,0.00,0.00,0.00,0.00,0.00,0.00,0.00,0.00,0.00,0.00,0.00,0.00,0.00,0.00,0.00,0.00,0.00,0.00,0.00,0.00,0.00,0.00,3.10, -9.50, -15.82,3.54, -11.55, -17.25, -19.31, -18.59,,,,,,,,,,,,,,,,,,,,,,,,,,,,,,,,,,,,,,,,,,,,,,,,,,,,,,,,,,,,,,,,,,,,,,,,,,,,,,,,,,,,,,,,,,,
CH-B1-2.HB,(                ),,0.00,0.00,0.00,0.00,0.00,0.00,0.00,0.00,0.00,0.00,0.00,0.00,0.00,0.00,0.00,0.00,0.00,0.00,0.00,0.00,0.00,0.00,0.00,0.00,0.00,0.00,0.00,0.00,0.00,0.00,0.00,0.00,0.00,0.00,0.00,0.00,0.00,0.00,0.00,0.00,0.00,0.00,0.00,0.00,0.00,0.00,0.00,0.00,0.00,0.00,0.00,0.00,0.00,,,,,,,,,,,,,,,,,,,,,,,,,,,,,,,,,,,,,,,,,,,,,,,,,,,,,,,,,,,,,,,,,,,,,,,,,,,,,,,,,,,,,,,,,,,
CH-B1.HB,(                ),,0.00,0.00,0.00,0.00,0.00,0.00,0.00,0.00,0.00,0.00,0.00,0.00,0.00,0.00,0.00,0.00,0.00,0.00,0.00,0.00,0.00,0.00,0.00,0.00,0.00,0.00,0.00,0.00,0.00,0.00,0.00,0.00,0.00,0.00,0.00,0.00,0.00,0.00,0.00,0.00,0.00,0.00,0.00,0.00,0.00, -99.81, -31.02,21.29, -97.87, -70.68, -55.70, -36.54, -42.89,,,,,,,,,,,,,,,,,,,,,,,,,,,,,,,,,,,,,,,,,,,,,,,,,,,,,,,,,,,,,,,,,,,,,,,,,,,,,,,,,,,,,,,,,,,
CWP1B1:KW,(                ),kW,39.2,39.2,39.2,39.2,39.2,39.2,39.2,39.2,39.2,39.2,39.2,39.2,39.2,39.2,39.2,39.2,39.2,39.2,39.2,39.2,39.2,39.2,39.2,39.2,39.2,39.2,39.2,39.2,39.2,39.2,39.2,39.2,39.2,39.2,39.2,39.2,39.2,39.2,39.2,39.2,39.2,39.2,39.2,39.2,39.2,39.2,39.2,39.2,39.2,39.2,39.2,39.2,39.2,,,,,,,,,,,,,,,,,,,,,,,,,,,,,,,,,,,,,,,,,,,,,,,,,,,,,,,,,,,,,,,,,,,,,,,,,,,,,,,,,,,,,,,,,,,
CWP2B1:KW,(                ),kW,0.0,0.0,0.0,0.0,0.0,0.0,0.0,0.0,0.0,0.0,0.0,0.0,0.0,0.0,0.0,0.0,0.0,0.0,0.0,0.0,0.0,0.0,0.0,0.0,0.0,0.0,0.0,0.0,0.0,0.0,0.0,0.0,0.0,0.0,0.0,0.0,0.0,0.0,0.0,0.0,0.0,0.0,0.0,0.0,0.0,0.0,0.0,0.0,0.0,0.0,0.0,0.0,0.0,,,,,,,,,,,,,,,,,,,,,,,,,,,,,,,,,,,,,,,,,,,,,,,,,,,,,,,,,,,,,,,,,,,,,,,,,,,,,,,,,,,,,,,,,,,
CWP3B1:KW,(                ),kW,0.0,0.0,0.0,0.0,0.0,0.0,0.0,0.0,0.0,0.0,0.0,0.0,0.0,0.0,0.0,0.0,0.0,0.0,0.0,0.0,0.0,0.0,0.0,0.0,0.0,0.0,0.0,0.0,0.0,0.0,0.0,0.0,0.0,0.0,0.0,0.0,0.0,0.0,0.0,0.0,0.0,0.0,0.0,0.0,0.0,0.0,0.0,0.0,0.0,0.0,0.0,0.0,0.0,,,,,,,,,,,,,,,,,,,,,,,,,,,,,,,,,,,,,,,,,,,,,,,,,,,,,,,,,,,,,,,,,,,,,,,,,,,,,,,,,,,,,,,,,,,
CWPB1-ALL.KW,(冷卻水泵系統功率),,39.2,39.2,39.2,39.2,39.2,39.2,39.2,39.2,39.2,39.2,39.2,39.2,39.2,39.2,39.2,39.2,39.2,39.2,39.2,39.2,39.2,39.2,39.2,39.2,39.2,39.2,39.2,39.2,39.2,39.2,39.2,39.2,39.2,39.2,39.2,39.2,39.2,39.2,39.2,39.2,39.2,39.2,39.2,39.2,39.2,39.2,39.2,39.2,39.2,39.2,39.2,39.2,39.2,,,,,,,,,,,,,,,,,,,,,,,,,,,,,,,,,,,,,,,,,,,,,,,,,,,,,,,,,,,,,,,,,,,,,,,,,,,,,,,,,,,,,,,,,,,
CHP1B1:KW,(                ),kW,14.6,14.6,14.6,14.6,14.6,14.6,14.6,14.6,14.6,14.6,14.6,14.6,14.6,14.6,14.6,14.6,14.6,14.6,14.6,14.6,14.6,14.6,14.6,14.6,14.6,14.6,14.6,14.6,14.6,14.6,14.6,14.6,14.6,14.6,14.6,14.6,14.6,14.6,14.6,14.6,14.6,14.6,14.6,14.6,14.6,14.6,14.6,14.6,14.6,14.6,14.6,14.6,14.6,,,,,,,,,,,,,,,,,,,,,,,,,,,,,,,,,,,,,,,,,,,,,,,,,,,,,,,,,,,,,,,,,,,,,,,,,,,,,,,,,,,,,,,,,,,
CHP2B1:KW,(                ),kW,0.0,0.0,0.0,0.0,0.0,0.0,0.0,0.0,0.0,0.0,0.0,0.0,0.0,0.0,0.0,0.0,0.0,0.0,0.0,0.0,0.0,0.0,0.0,0.0,0.0,0.0,0.0,0.0,0.0,0.0,0.0,0.0,0.0,0.0,0.0,0.0,0.0,0.0,0.0,0.0,0.0,0.0,0.0,0.0,0.0,0.0,0.0,0.0,0.0,0.0,0.0,0.0,0.0,,,,,,,,,,,,,,,,,,,,,,,,,,,,,,,,,,,,,,,,,,,,,,,,,,,,,,,,,,,,,,,,,,,,,,,,,,,,,,,,,,,,,,,,,,,
CHP3B1:KW,(                ),kW,0.0,0.0,0.0,0.0,0.0,0.0,0.0,0.0,0.0,0.0,0.0,0.0,0.0,0.0,0.0,0.0,0.0,0.0,0.0,0.0,0.0,0.0,0.0,0.0,0.0,0.0,0.0,0.0,0.0,0.0,0.0,0.0,0.0,0.0,0.0,0.0,0.0,0.0,0.0,0.0,0.0,0.0,0.0,0.0,0.0,0.0,0.0,0.0,0.0,0.0,0.0,0.0,0.0,,,,,,,,,,,,,,,,,,,,,,,,,,,,,,,,,,,,,,,,,,,,,,,,,,,,,,,,,,,,,,,,,,,,,,,,,,,,,,,,,,,,,,,,,,,
CHPB1-ALL.KW,(冰水泵系統功率  ),,14.6,14.6,14.6,14.6,14.6,14.6,14.6,14.6,14.6,14.6,14.6,14.6,14.6,14.6,14.6,14.6,14.6,14.6,14.6,14.6,14.6,14.6,14.6,14.6,14.6,14.6,14.6,14.6,14.6,14.6,14.6,14.6,14.6,14.6,14.6,14.6,14.6,14.6,14.6,14.6,14.6,14.6,14.6,14.6,14.6,14.6,14.6,14.6,14.6,14.6,14.6,14.6,14.6,,,,,,,,,,,,,,,,,,,,,,,,,,,,,,,,,,,,,,,,,,,,,,,,,,,,,,,,,,,,,,,,,,,,,,,,,,,,,,,,,,,,,,,,,,,
MGCBAB2.KWH,(度數            ),kW h,262722768,262722880,262722976,262723088,262723232,262723360,262723456,262723600,262723728,262723840,262723952,262724048,262724128,262724208,262724272,262724320,262724368,262724400,262724448,262724512,262724560,262724592,262724624,262724656,262724720,262724768,262724816,262724864,262724896,262724960,262725008,262725056,262725120,262725200,262725280,262725360,262725488,262725600,262725712,262725840,262725952,262726080,262726224,262726336,262726448,262726560,262726656,262726768,262726880,262727024,262727248,262727488,262727568,,,,,,,,,,,,,,,,,,,,,,,,,,,,,,,,,,,,,,,,,,,,,,,,,,,,,,,,,,,,,,,,,,,,,,,,,,,,,,,,,,,,,,,,,,,
MGCBAB2:HZ,(                ),Hz,60,59,59,59,60,60,60,59,59,60,60,59,59,60,60,59,59,60,59,60,59,59,59,60,59,59,59,60,59,59,59,59,60,60,60,59,60,60,60,59,60,59,59,59,60,60,60,60,59,59,60,59,59,,,,,,,,,,,,,,,,,,,,,,,,,,,,,,,,,,,,,,,,,,,,,,,,,,,,,,,,,,,,,,,,,,,,,,,,,,,,,,,,,,,,,,,,,,,
MGCBAB2:IR,(                ),A,19,18,16,18,21,18,18,17,20,17,15,14,11,11,9,6,6,6,9,7,5,5,6,6,8,7,7,7,7,7,7,9,8,12,10,18,18,17,17,20,19,19,20,18,18,16,15,15,24,25,37,36,35,,,,,,,,,,,,,,,,,,,,,,,,,,,,,,,,,,,,,,,,,,,,,,,,,,,,,,,,,,,,,,,,,,,,,,,,,,,,,,,,,,,,,,,,,,,
MGCBAB2:IS,(                ),A,19,17,15,18,20,17,17,16,19,17,14,14,11,10,8,6,6,6,8,7,5,5,6,6,8,7,7,7,7,7,7,9,8,12,10,17,18,17,17,19,19,19,19,17,17,15,14,15,24,24,37,35,35,,,,,,,,,,,,,,,,,,,,,,,,,,,,,,,,,,,,,,,,,,,,,,,,,,,,,,,,,,,,,,,,,,,,,,,,,,,,,,,,,,,,,,,,,,,
MGCBAB2:IT,(                ),A,20,18,17,19,21,19,18,17,20,18,15,15,12,11,10,6,7,6,9,8,6,6,7,6,9,8,7,7,8,8,7,10,9,13,11,18,18,18,17,20,20,19,20,18,18,16,15,15,24,25,37,36,35,,,,,,,,,,,,,,,,,,,,,,,,,,,,,,,,,,,,,,,,,,,,,,,,,,,,,,,,,,,,,,,,,,,,,,,,,,,,,,,,,,,,,,,,,,,
MGCBAB2:KW,(                ),kW,761.0,686.0,627.0,722.0,821.0,718.0,712.0,668.0,781.0,684.0,574.0,562.0,460.0,430.0,360.0,235.0,265.0,235.0,349.0,308.0,216.0,215.0,239.0,239.0,340.0,298.0,273.0,278.0,297.0,295.0,275.0,364.0,336.0,497.0,416.0,712.0,713.0,692.0,677.0,798.0,771.0,762.0,780.0,712.0,705.0,631.0,589.0,593.0,923.0,952.0,1421.0,1371.0,1349.0,,,,,,,,,,,,,,,,,,,,,,,,,,,,,,,,,,,,,,,,,,,,,,,,,,,,,,,,,,,,,,,,,,,,,,,,,,,,,,,,,,,,,,,,,,,
MGCBAB2:PF,(                ),, -0.96, -0.97, -0.96, -0.98, -0.98, -0.97, -33.75, -0.97, -33.75, -0.97, -0.96, -0.96, -33.76, -33.75, -33.76, -33.76, -33.76, -33.76, -33.76, -33.76, -33.76, -33.76, -33.76, -33.76, -33.76, -33.76, -33.76, -33.76, -33.76, -33.76, -33.77, -33.76, -33.76, -33.74, -33.73, -0.97, -0.96, -0.97, -0.96, -0.98, -0.98, -0.98, -0.97, -0.98, -0.98, -0.98, -0.97, -0.96, -0.94, -0.95, -0.93, -0.94, -0.94,,,,,,,,,,,,,,,,,,,,,,,,,,,,,,,,,,,,,,,,,,,,,,,,,,,,,,,,,,,,,,,,,,,,,,,,,,,,,,,,,,,,,,,,,,,
MGCBAB2:VRS,(                ),kV,23.3,23.3,23.3,23.3,23.3,23.3,23.3,23.3,23.3,23.4,23.4,23.4,23.5,23.6,23.6,23.6,23.6,23.6,23.7,23.6,23.6,23.7,23.7,23.7,23.6,23.6,23.7,23.6,23.7,23.7,23.7,23.7,23.7,23.7,23.6,23.6,23.6,23.7,23.6,23.6,23.6,23.6,23.6,23.6,23.6,23.5,23.5,23.5,23.5,23.5,23.5,23.5,23.5,,,,,,,,,,,,,,,,,,,,,,,,,,,,,,,,,,,,,,,,,,,,,,,,,,,,,,,,,,,,,,,,,,,,,,,,,,,,,,,,,,,,,,,,,,,
MGCBAB2:VST,(                ),kV,23.3,23.2,23.3,23.3,23.4,23.4,23.4,23.4,23.4,23.4,23.4,23.5,23.5,23.7,23.6,23.7,23.7,23.7,23.8,23.7,23.7,23.7,23.7,23.7,23.7,23.7,23.7,23.8,23.7,23.7,23.8,23.7,23.7,23.7,23.7,23.7,23.7,23.8,23.7,23.6,23.7,23.7,23.6,23.7,23.7,23.6,23.6,23.6,23.6,23.5,23.6,23.5,23.5,,,,,,,,,,,,,,,,,,,,,,,,,,,,,,,,,,,,,,,,,,,,,,,,,,,,,,,,,,,,,,,,,,,,,,,,,,,,,,,,,,,,,,,,,,,
MGCBAB2:VTR,(                ),kV,23.3,23.3,23.4,23.3,23.4,23.4,23.4,23.4,23.4,23.5,23.4,23.5,23.5,23.6,23.6,23.7,23.7,23.7,23.7,23.7,23.7,23.7,23.7,23.7,23.7,23.7,23.7,23.7,23.7,23.7,23.7,23.7,23.7,23.7,23.7,23.7,23.7,23.8,23.7,23.6,23.7,23.7,23.7,23.6,23.6,23.6,23.6,23.6,23.6,23.5,23.5,23.5,23.5,,,,,,,,,,,,,,,,,,,,,,,,,,,,,,,,,,,,,,,,,,,,,,,,,,,,,,,,,,,,,,,,,,,,,,,,,,,,,,,,,,,,,,,,,,,
MLAB2-1.KWH,(度數            ),kW h,23516860,23516866,23516870,23516876,23516882,23516888,23516892,23516898,23516904,23516908,23516914,23516920,23516926,23516930,23516936,23516942,23516946,23516952,23516958,23516964,23516968,23516974,23516978,23516984,23516990,23516996,23517000,23517006,23517012,23517016,23517022,23517028,23517032,23517036,23517042,23517048,23517052,23517058,23517064,23517068,23517074,23517080,23517086,23517090,23517096,23517102,23517108,23517114,23517126,23517142,23517164,23517184,23517188,,,,,,,,,,,,,,,,,,,,,,,,,,,,,,,,,,,,,,,,,,,,,,,,,,,,,,,,,,,,,,,,,,,,,,,,,,,,,,,,,,,,,,,,,,,
MLAB2-1:HZ,(                ),Hz,60,59,60,59,60,60,59,59,59,59,59,60,59,60,60,59,59,60,60,60,60,59,59,60,59,59,59,60,59,59,59,59,59,60,60,59,59,60,60,59,60,59,59,59,60,60,60,60,59,59,60,59,59,,,,,,,,,,,,,,,,,,,,,,,,,,,,,,,,,,,,,,,,,,,,,,,,,,,,,,,,,,,,,,,,,,,,,,,,,,,,,,,,,,,,,,,,,,,
MLAB2-1:IR,(                ),A,66,64,67,66,65,66,66,66,66,66,66,63,64,66,65,65,65,64,63,63,63,63,62,61,63,64,62,60,62,61,63,60,60,60,60,61,62,63,64,64,63,63,67,73,73,76,73,73,198,199,199,201,201,,,,,,,,,,,,,,,,,,,,,,,,,,,,,,,,,,,,,,,,,,,,,,,,,,,,,,,,,,,,,,,,,,,,,,,,,,,,,,,,,,,,,,,,,,,
MLAB2-1:IS,(                ),A,52,49,51,50,50,50,49,49,51,51,51,50,51,50,48,50,53,49,49,50,51,50,50,50,49,51,49,49,49,52,50,48,48,48,47,48,50,49,52,51,51,51,53,56,56,57,57,55,181,182,182,184,184,,,,,,,,,,,,,,,,,,,,,,,,,,,,,,,,,,,,,,,,,,,,,,,,,,,,,,,,,,,,,,,,,,,,,,,,,,,,,,,,,,,,,,,,,,,
MLAB2-1:IT,(                ),A,32,32,35,32,33,36,33,33,37,33,32,32,34,38,33,33,40,32,33,36,32,32,36,32,32,32,32,32,32,36,37,31,32,33,31,34,31,31,33,31,31,34,32,34,37,35,36,34,156,157,158,158,158,,,,,,,,,,,,,,,,,,,,,,,,,,,,,,,,,,,,,,,,,,,,,,,,,,,,,,,,,,,,,,,,,,,,,,,,,,,,,,,,,,,,,,,,,,,
MLAB2-1:KW,(                ),kW,34.0,31.0,34.0,32.0,32.0,33.0,32.0,32.0,33.0,33.0,32.0,32.0,32.0,34.0,32.0,32.0,35.0,32.0,32.0,33.0,32.0,32.0,33.0,31.0,32.0,32.0,32.0,31.0,31.0,32.0,33.0,31.0,30.0,31.0,30.0,31.0,31.0,32.0,33.0,32.0,32.0,32.0,33.0,36.0,36.0,37.0,36.0,36.0,111.0,111.0,112.0,112.0,112.0,,,,,,,,,,,,,,,,,,,,,,,,,,,,,,,,,,,,,,,,,,,,,,,,,,,,,,,,,,,,,,,,,,,,,,,,,,,,,,,,,,,,,,,,,,,
MLAB2-1:PF,(                ),, -33.76, -33.76, -33.76, -33.76, -33.76, -33.75, -33.76, -33.76, -33.76, -33.76, -33.77, -33.76, -33.76, -33.77, -33.76, -33.76, -33.77, -33.76, -33.76, -33.76, -33.76, -33.77, -33.77, -33.76, -33.76, -33.77, -33.76, -33.76, -33.76, -33.76, -33.77, -33.76, -33.76, -33.75, -33.75, -33.75, -33.75, -33.75, -33.76, -33.76, -33.76, -33.76, -33.75, -33.76, -33.76, -33.76, -33.77, -33.76, -0.94, -0.94, -0.94, -0.94, -0.94,,,,,,,,,,,,,,,,,,,,,,,,,,,,,,,,,,,,,,,,,,,,,,,,,,,,,,,,,,,,,,,,,,,,,,,,,,,,,,,,,,,,,,,,,,,
MLAB2-1:VRS,(                ),V,377.0,377.0,378.0,378.0,379.0,379.0,379.0,379.0,379.0,380.0,380.0,380.0,381.0,383.0,383.0,383.0,383.0,383.0,384.0,384.0,384.0,384.0,384.0,385.0,383.0,384.0,384.0,384.0,384.0,384.0,384.0,384.0,384.0,384.0,384.0,383.0,383.0,385.0,384.0,383.0,383.0,383.0,383.0,383.0,383.0,382.0,382.0,382.0,381.0,380.0,381.0,380.0,380.0,,,,,,,,,,,,,,,,,,,,,,,,,,,,,,,,,,,,,,,,,,,,,,,,,,,,,,,,,,,,,,,,,,,,,,,,,,,,,,,,,,,,,,,,,,,
MLAB2-1:VST,(                ),V,377.0,377.0,378.0,378.0,379.0,378.0,379.0,379.0,379.0,380.0,380.0,380.0,381.0,383.0,383.0,383.0,383.0,383.0,384.0,384.0,384.0,384.0,384.0,385.0,383.0,384.0,384.0,384.0,384.0,384.0,384.0,384.0,384.0,384.0,384.0,383.0,384.0,385.0,383.0,384.0,384.0,383.0,382.0,383.0,383.0,382.0,382.0,382.0,381.0,379.0,381.0,380.0,380.0,,,,,,,,,,,,,,,,,,,,,,,,,,,,,,,,,,,,,,,,,,,,,,,,,,,,,,,,,,,,,,,,,,,,,,,,,,,,,,,,,,,,,,,,,,,
MLAB2-1:VTR,(                ),V,378.0,378.0,379.0,378.0,379.0,379.0,379.0,380.0,380.0,380.0,380.0,380.0,381.0,383.0,383.0,384.0,384.0,384.0,384.0,384.0,384.0,384.0,384.0,385.0,383.0,384.0,384.0,384.0,384.0,385.0,384.0,384.0,384.0,384.0,384.0,384.0,384.0,385.0,384.0,384.0,384.0,384.0,383.0,384.0,384.0,383.0,382.0,382.0,381.0,380.0,381.0,380.0,380.0,,,,,,,,,,,,,,,,,,,,,,,,,,,,,,,,,,,,,,,,,,,,,,,,,,,,,,,,,,,,,,,,,,,,,,,,,,,,,,,,,,,,,,,,,,,
MLAB2-2.KWH,(度數            ),kW h,0,0,0,0,0,0,0,0,0,0,0,0,0,0,0,0,0,0,0,0,0,0,0,0,0,0,0,0,0,0,0,0,0,0,0,0,0,0,0,0,0,0,0,0,0,0,0,0,0,0,0,0,0,,,,,,,,,,,,,,,,,,,,,,,,,,,,,,,,,,,,,,,,,,,,,,,,,,,,,,,,,,,,,,,,,,,,,,,,,,,,,,,,,,,,,,,,,,,
MLAB2-2:HZ,(                ),Hz,0,0,0,0,0,0,0,0,0,0,0,0,0,0,0,0,0,0,0,0,0,0,0,0,0,0,0,0,0,0,0,0,0,0,0,0,0,0,0,0,0,0,0,0,0,0,0,0,0,0,0,0,0,,,,,,,,,,,,,,,,,,,,,,,,,,,,,,,,,,,,,,,,,,,,,,,,,,,,,,,,,,,,,,,,,,,,,,,,,,,,,,,,,,,,,,,,,,,
MLAB2-2:IR,(                ),A,0,0,0,0,0,0,0,0,0,0,0,0,0,0,0,0,0,0,0,0,0,0,0,0,0,0,0,0,0,0,0,0,0,0,0,0,0,0,0,0,0,0,0,0,0,0,0,0,0,0,0,0,0,,,,,,,,,,,,,,,,,,,,,,,,,,,,,,,,,,,,,,,,,,,,,,,,,,,,,,,,,,,,,,,,,,,,,,,,,,,,,,,,,,,,,,,,,,,
MLAB2-2:IS,(                ),A,0,0,0,0,0,0,0,0,0,0,0,0,0,0,0,0,0,0,0,0,0,0,0,0,0,0,0,0,0,0,0,0,0,0,0,0,0,0,0,0,0,0,0,0,0,0,0,0,0,0,0,0,0,,,,,,,,,,,,,,,,,,,,,,,,,,,,,,,,,,,,,,,,,,,,,,,,,,,,,,,,,,,,,,,,,,,,,,,,,,,,,,,,,,,,,,,,,,,
MLAB2-2:IT,(                ),A,0,0,0,0,0,0,0,0,0,0,0,0,0,0,0,0,0,0,0,0,0,0,0,0,0,0,0,0,0,0,0,0,0,0,0,0,0,0,0,0,0,0,0,0,0,0,0,0,0,0,0,0,0,,,,,,,,,,,,,,,,,,,,,,,,,,,,,,,,,,,,,,,,,,,,,,,,,,,,,,,,,,,,,,,,,,,,,,,,,,,,,,,,,,,,,,,,,,,
MLAB2-2:KW,(                ),kW,0.0,0.0,0.0,0.0,0.0,0.0,0.0,0.0,0.0,0.0,0.0,0.0,0.0,0.0,0.0,0.0,0.0,0.0,0.0,0.0,0.0,0.0,0.0,0.0,0.0,0.0,0.0,0.0,0.0,0.0,0.0,0.0,0.0,0.0,0.0,0.0,0.0,0.0,0.0,0.0,0.0,0.0,0.0,0.0,0.0,0.0,0.0,0.0,0.0,0.0,0.0,0.0,0.0,,,,,,,,,,,,,,,,,,,,,,,,,,,,,,,,,,,,,,,,,,,,,,,,,,,,,,,,,,,,,,,,,,,,,,,,,,,,,,,,,,,,,,,,,,,
MLAB2-2:PF,(                ),, -32.77, -32.77, -32.77, -32.77, -32.77, -32.77, -32.77, -32.77, -32.77, -32.77, -32.77, -32.77, -32.77, -32.77, -32.77, -32.77, -32.77, -32.77, -32.77, -32.77, -32.77, -32.77, -32.77, -32.77, -32.77, -32.77, -32.77, -32.77, -32.77, -32.77, -32.77, -32.77, -32.77, -32.77, -32.77, -32.77, -32.77, -32.77, -32.77, -32.77, -32.77, -32.77, -32.77, -32.77, -32.77, -32.77, -32.77, -32.77, -32.77, -32.77, -32.77, -32.77, -32.77,,,,,,,,,,,,,,,,,,,,,,,,,,,,,,,,,,,,,,,,,,,,,,,,,,,,,,,,,,,,,,,,,,,,,,,,,,,,,,,,,,,,,,,,,,,
MLAB2-2:VRS,(                ),V,0.0,0.0,0.0,0.0,0.0,0.0,0.0,0.0,0.0,0.0,0.0,0.0,0.0,0.0,0.0,0.0,0.0,0.0,0.0,0.0,0.0,0.0,0.0,0.0,0.0,0.0,0.0,0.0,0.0,0.0,0.0,0.0,0.0,0.0,0.0,0.0,0.0,0.0,0.0,0.0,0.0,0.0,0.0,0.0,0.0,0.0,0.0,0.0,0.0,0.0,0.0,0.0,0.0,,,,,,,,,,,,,,,,,,,,,,,,,,,,,,,,,,,,,,,,,,,,,,,,,,,,,,,,,,,,,,,,,,,,,,,,,,,,,,,,,,,,,,,,,,,
MLAB2-2:VST,(                ),V,0.0,0.0,0.0,0.0,0.0,0.0,0.0,0.0,0.0,0.0,0.0,0.0,0.0,0.0,0.0,0.0,0.0,0.0,0.0,0.0,0.0,0.0,0.0,0.0,0.0,0.0,0.0,0.0,0.0,0.0,0.0,0.0,0.0,0.0,0.0,0.0,0.0,0.0,0.0,0.0,0.0,0.0,0.0,0.0,0.0,0.0,0.0,0.0,0.0,0.0,0.0,0.0,0.0,,,,,,,,,,,,,,,,,,,,,,,,,,,,,,,,,,,,,,,,,,,,,,,,,,,,,,,,,,,,,,,,,,,,,,,,,,,,,,,,,,,,,,,,,,,
MLAB2-2:VTR,(                ),V,0.0,0.0,0.0,0.0,0.0,0.0,0.0,0.0,0.0,0.0,0.0,0.0,0.0,0.0,0.0,0.0,0.0,0.0,0.0,0.0,0.0,0.0,0.0,0.0,0.0,0.0,0.0,0.0,0.0,0.0,0.0,0.0,0.0,0.0,0.0,0.0,0.0,0.0,0.0,0.0,0.0,0.0,0.0,0.0,0.0,0.0,0.0,0.0,0.0,0.0,0.0,0.0,0.0,,,,,,,,,,,,,,,,,,,,,,,,,,,,,,,,,,,,,,,,,,,,,,,,,,,,,,,,,,,,,,,,,,,,,,,,,,,,,,,,,,,,,,,,,,,
EMLAB2-1.KWH,(度數            ),kW h,23813368,23813376,23813384,23813394,23813400,23813406,23813412,23813418,23813424,23813430,23813436,23813440,23813444,23813448,23813454,23813458,23813462,23813468,23813472,23813476,23813482,23813486,23813490,23813496,23813500,23813504,23813510,23813514,23813520,23813528,23813534,23813540,23813548,23813552,23813556,23813562,23813566,23813572,23813574,23813580,23813586,23813590,23813594,23813598,23813604,23813608,23813612,23813622,23813636,23813648,23813666,23813674,23813676,,,,,,,,,,,,,,,,,,,,,,,,,,,,,,,,,,,,,,,,,,,,,,,,,,,,,,,,,,,,,,,,,,,,,,,,,,,,,,,,,,,,,,,,,,,
EMLAB2-1:HZ,(                ),Hz,60,59,60,59,60,60,59,59,59,59,59,59,59,60,60,59,59,60,60,60,60,59,59,60,59,60,59,60,59,59,59,59,59,60,60,59,59,60,60,60,60,59,59,59,60,60,60,60,59,59,60,60,59,,,,,,,,,,,,,,,,,,,,,,,,,,,,,,,,,,,,,,,,,,,,,,,,,,,,,,,,,,,,,,,,,,,,,,,,,,,,,,,,,,,,,,,,,,,
EMLAB2-1:IR,(                ),A,88,86,94,66,68,72,61,67,72,54,56,58,54,57,56,55,56,61,56,57,60,57,60,54,56,56,50,70,70,69,61,68,59,56,54,56,56,56,56,61,57,56,51,58,56,51,58,144,153,138,147,58,52,,,,,,,,,,,,,,,,,,,,,,,,,,,,,,,,,,,,,,,,,,,,,,,,,,,,,,,,,,,,,,,,,,,,,,,,,,,,,,,,,,,,,,,,,,,
EMLAB2-1:IS,(                ),A,74,74,69,51,49,54,47,48,51,38,33,31,38,33,32,33,33,35,33,33,31,32,39,33,32,32,32,53,52,51,51,51,37,32,40,32,32,32,24,39,34,35,26,34,34,28,35,142,147,138,142,25,31,,,,,,,,,,,,,,,,,,,,,,,,,,,,,,,,,,,,,,,,,,,,,,,,,,,,,,,,,,,,,,,,,,,,,,,,,,,,,,,,,,,,,,,,,,,
EMLAB2-1:IT,(                ),A,82,87,90,65,60,64,64,61,67,47,48,42,46,49,44,40,47,49,39,48,45,41,53,45,46,39,48,65,65,65,62,58,52,46,54,48,45,41,46,46,40,47,49,48,47,45,51,155,162,154,150,50,55,,,,,,,,,,,,,,,,,,,,,,,,,,,,,,,,,,,,,,,,,,,,,,,,,,,,,,,,,,,,,,,,,,,,,,,,,,,,,,,,,,,,,,,,,,,
EMLAB2-1:KW,(                ),kW,51.0,52.0,53.0,38.0,37.0,40.0,36.0,37.0,41.0,29.0,28.0,27.0,28.0,29.0,27.0,26.0,28.0,31.0,26.0,29.0,28.0,27.0,32.0,27.0,28.0,26.0,27.0,40.0,40.0,40.0,37.0,38.0,31.0,28.0,31.0,28.0,28.0,26.0,26.0,31.0,27.0,29.0,26.0,29.0,29.0,25.0,30.0,85.0,89.0,83.0,85.0,27.0,28.0,,,,,,,,,,,,,,,,,,,,,,,,,,,,,,,,,,,,,,,,,,,,,,,,,,,,,,,,,,,,,,,,,,,,,,,,,,,,,,,,,,,,,,,,,,,
EMLAB2-1:PF,(                ),, -0.99, -0.99, -0.99, -1.00, -33.77, -1.00, -1.00, -1.00, -1.00, -33.76, -33.76, -33.74, -33.76, -33.76, -33.74, -33.76, -33.76, -33.76, -33.74, -33.76, -33.75, -33.76, -33.76, -33.76, -33.76, -33.74, -33.76, -33.77, -33.77, -33.77, -33.77, -33.77, -33.76, -33.76, -33.76, -33.76, -33.76, -33.76, -33.76, -33.76, -33.76, -33.76, -33.74, -33.76, -33.74, -33.75, -33.75, -0.88, -0.88, -0.88, -0.88, -33.76, -33.76,,,,,,,,,,,,,,,,,,,,,,,,,,,,,,,,,,,,,,,,,,,,,,,,,,,,,,,,,,,,,,,,,,,,,,,,,,,,,,,,,,,,,,,,,,,
EMLAB2-1:VRS,(                ),V,377.0,377.0,378.0,378.0,379.0,378.0,379.0,379.0,379.0,380.0,379.0,380.0,381.0,382.0,382.0,383.0,383.0,383.0,383.0,384.0,383.0,383.0,384.0,384.0,383.0,383.0,384.0,384.0,384.0,384.0,383.0,384.0,384.0,384.0,384.0,383.0,383.0,385.0,383.0,384.0,383.0,383.0,382.0,383.0,383.0,382.0,382.0,381.0,380.0,379.0,381.0,380.0,380.0,,,,,,,,,,,,,,,,,,,,,,,,,,,,,,,,,,,,,,,,,,,,,,,,,,,,,,,,,,,,,,,,,,,,,,,,,,,,,,,,,,,,,,,,,,,
EMLAB2-1:VST,(                ),V,377.0,377.0,377.0,378.0,378.0,378.0,379.0,379.0,379.0,380.0,379.0,380.0,380.0,382.0,382.0,383.0,383.0,383.0,383.0,384.0,384.0,383.0,384.0,384.0,383.0,383.0,384.0,384.0,384.0,384.0,384.0,384.0,385.0,384.0,384.0,384.0,383.0,385.0,384.0,383.0,383.0,383.0,382.0,383.0,383.0,382.0,382.0,381.0,380.0,379.0,380.0,381.0,381.0,,,,,,,,,,,,,,,,,,,,,,,,,,,,,,,,,,,,,,,,,,,,,,,,,,,,,,,,,,,,,,,,,,,,,,,,,,,,,,,,,,,,,,,,,,,
EMLAB2-1:VTR,(                ),V,377.0,377.0,378.0,378.0,379.0,379.0,379.0,379.0,380.0,380.0,379.0,380.0,381.0,383.0,383.0,384.0,383.0,384.0,384.0,384.0,384.0,384.0,384.0,385.0,384.0,384.0,384.0,384.0,384.0,384.0,384.0,384.0,385.0,384.0,384.0,384.0,384.0,386.0,384.0,384.0,384.0,384.0,383.0,383.0,384.0,383.0,383.0,381.0,381.0,380.0,381.0,381.0,381.0,,,,,,,,,,,,,,,,,,,,,,,,,,,,,,,,,,,,,,,,,,,,,,,,,,,,,,,,,,,,,,,,,,,,,,,,,,,,,,,,,,,,,,,,,,,
MGCBARF.KWH,(度數            ),,37.9394,37.9394,37.9395,37.9396,37.9396,37.9397,37.9398,37.9399,37.9399,37.9400,37.9401,37.9401,37.9402,37.9402,37.9403,37.9403,37.9403,37.9403,37.9403,37.9404,37.9404,37.9404,37.9404,37.9404,37.9405,37.9405,37.9405,37.9405,37.9406,37.9406,37.9406,37.9406,37.9407,37.9407,37.9408,37.9408,37.9409,37.9409,37.9410,37.9411,37.9412,37.9412,37.9413,37.9414,37.9415,37.9415,37.9416,37.9416,37.9417,37.9418,37.9419,37.9420,37.9421,,,,,,,,,,,,,,,,,,,,,,,,,,,,,,,,,,,,,,,,,,,,,,,,,,,,,,,,,,,,,,,,,,,,,,,,,,,,,,,,,,,,,,,,,,,
MGCBARF:F,(                ),Hz,60,60,60,60,60,60,60,60,60,60,60,60,60,60,60,60,60,60,60,60,60,60,60,60,60,60,60,60,60,60,60,60,60,60,60,60,60,60,60,60,60,60,60,60,60,60,60,60,60,60,60,60,60,,,,,,,,,,,,,,,,,,,,,,,,,,,,,,,,,,,,,,,,,,,,,,,,,,,,,,,,,,,,,,,,,,,,,,,,,,,,,,,,,,,,,,,,,,,
MGCBARF:I1,(                ),A,11.3,10.3,9.0,10.4,12.8,10.8,10.1,9.9,11.5,10.2,8.5,8.3,6.3,5.8,4.6,2.6,2.7,2.6,4.4,3.7,2.3,2.2,2.2,2.8,4.3,3.6,3.2,3.1,3.5,3.4,3.2,4.6,4.2,7.0,5.7,10.7,10.4,10.4,10.2,12.0,11.6,11.4,11.8,10.7,10.3,9.3,8.6,8.1,12.3,12.7,21.2,20.8,23.4,,,,,,,,,,,,,,,,,,,,,,,,,,,,,,,,,,,,,,,,,,,,,,,,,,,,,,,,,,,,,,,,,,,,,,,,,,,,,,,,,,,,,,,,,,,
MGCBARF:I2,(                ),A,11.1,10.1,8.8,10.3,12.6,10.6,10.0,9.7,11.4,10.1,8.3,8.2,6.2,5.6,4.5,2.6,2.6,2.5,4.4,3.7,2.2,2.2,2.2,2.8,4.3,3.6,3.3,3.1,3.5,3.5,3.2,4.6,4.3,6.9,5.6,10.6,10.3,10.3,10.1,11.9,11.5,11.4,11.7,10.7,10.1,9.1,8.4,7.9,12.2,12.6,21.3,20.9,23.7,,,,,,,,,,,,,,,,,,,,,,,,,,,,,,,,,,,,,,,,,,,,,,,,,,,,,,,,,,,,,,,,,,,,,,,,,,,,,,,,,,,,,,,,,,,
MGCBARF:I3,(                ),A,11.8,10.8,9.5,11.0,13.3,11.3,10.5,10.3,12.0,10.7,8.9,8.8,6.8,6.2,5.1,3.1,3.2,3.1,4.9,4.2,2.8,2.7,2.7,3.3,4.8,4.1,3.7,3.6,4.0,3.9,3.7,5.1,4.7,7.4,6.1,11.0,10.7,10.8,10.5,12.3,11.9,11.8,12.2,11.1,10.6,9.6,9.0,8.5,12.5,12.9,21.5,21.0,23.6,,,,,,,,,,,,,,,,,,,,,,,,,,,,,,,,,,,,,,,,,,,,,,,,,,,,,,,,,,,,,,,,,,,,,,,,,,,,,,,,,,,,,,,,,,,
MGCBARF:KW,(                ),kW,443.8,406.6,352.5,417.1,514.7,430.5,407.3,393.1,465.2,412.0,334.6,328.7,260.5,238.3,190.6,110.3,111.3,107.2,184.3,155.7,97.1,96.2,94.8,115.5,178.8,151.3,136.8,130.0,143.0,140.5,128.2,189.4,174.7,285.0,229.9,427.6,413.1,413.5,404.7,482.1,465.6,459.7,472.0,421.6,421.5,372.5,342.9,321.9,474.8,495.6,816.1,799.8,904.7,,,,,,,,,,,,,,,,,,,,,,,,,,,,,,,,,,,,,,,,,,,,,,,,,,,,,,,,,,,,,,,,,,,,,,,,,,,,,,,,,,,,,,,,,,,
MGCBARF:PF,(                ),,0.96,0.96,0.96,0.98,0.98,0.98,0.98,0.97,0.99,0.97,0.96,0.95,1.01,1.01,1.02,1.04,1.04,1.04,1.02,1.01,1.03,1.03,1.03,1.09,1.02,1.03,1.03,1.04,1.06,1.06,0.93,1.03,1.04,0.97,0.96,0.97,0.96,0.96,0.96,0.97,0.97,0.97,0.97,0.97,0.98,0.97,0.97,0.96,0.94,0.95,0.94,0.94,0.94,,,,,,,,,,,,,,,,,,,,,,,,,,,,,,,,,,,,,,,,,,,,,,,,,,,,,,,,,,,,,,,,,,,,,,,,,,,,,,,,,,,,,,,,,,,
MGCBARF:V12,(                ),kV,23.3,23.3,23.4,23.4,23.4,23.4,23.4,23.4,23.5,23.5,23.5,23.5,23.6,23.7,23.7,23.7,23.7,23.7,23.7,23.7,23.8,23.7,23.8,23.8,23.7,23.7,23.8,23.8,23.8,23.8,23.7,23.8,23.8,23.8,23.8,23.7,23.7,23.8,23.7,23.7,23.7,23.7,23.6,23.7,23.7,23.7,23.6,23.6,23.6,23.6,23.6,23.5,23.5,,,,,,,,,,,,,,,,,,,,,,,,,,,,,,,,,,,,,,,,,,,,,,,,,,,,,,,,,,,,,,,,,,,,,,,,,,,,,,,,,,,,,,,,,,,
MGCBARF:V23,(                ),kV,23.4,23.4,23.4,23.4,23.5,23.5,23.5,23.5,23.5,23.5,23.5,23.5,23.6,23.7,23.7,23.8,23.8,23.7,23.8,23.8,23.8,23.8,23.8,23.8,23.7,23.8,23.8,23.8,23.8,23.8,23.8,23.8,23.8,23.8,23.8,23.8,23.7,23.8,23.8,23.8,23.8,23.7,23.7,23.7,23.7,23.7,23.7,23.7,23.6,23.6,23.6,23.6,23.5,,,,,,,,,,,,,,,,,,,,,,,,,,,,,,,,,,,,,,,,,,,,,,,,,,,,,,,,,,,,,,,,,,,,,,,,,,,,,,,,,,,,,,,,,,,
MGCBARF:V31,(                ),kV,23.4,23.4,23.4,23.4,23.5,23.5,23.5,23.5,23.5,23.5,23.5,23.5,23.6,23.7,23.7,23.8,23.8,23.7,23.8,23.8,23.8,23.8,23.8,23.8,23.7,23.8,23.8,23.8,23.8,23.8,23.8,23.8,23.8,23.8,23.8,23.8,23.7,23.9,23.8,23.8,23.8,23.7,23.7,23.7,23.7,23.7,23.7,23.7,23.6,23.6,23.7,23.6,23.5,,,,,,,,,,,,,,,,,,,,,,,,,,,,,,,,,,,,,,,,,,,,,,,,,,,,,,,,,,,,,,,,,,,,,,,,,,,,,,,,,,,,,,,,,,,
MPA1:HZ,(                ),Hz,60,59,60,60,60,60,59,59,59,60,60,60,59,59,60,60,59,59,59,60,60,60,59,60,59,59,60,60,59,59,59,59,60,60,59,59,59,59,60,59,60,60,59,59,60,60,60,60,59,59,60,60,59,,,,,,,,,,,,,,,,,,,,,,,,,,,,,,,,,,,,,,,,,,,,,,,,,,,,,,,,,,,,,,,,,,,,,,,,,,,,,,,,,,,,,,,,,,,
MPA1:IR,(                ),A,516,482,421,416,420,376,386,357,379,378,393,392,8,8,7,7,8,8,7,7,7,8,8,7,7,8,8,7,7,7,8,8,7,66,65,527,534,530,536,531,535,534,524,451,399,364,342,324,523,584,1166,1164,1160,,,,,,,,,,,,,,,,,,,,,,,,,,,,,,,,,,,,,,,,,,,,,,,,,,,,,,,,,,,,,,,,,,,,,,,,,,,,,,,,,,,,,,,,,,,
MPA1:IS,(                ),A,515,486,426,419,425,377,389,361,383,380,398,395,11,11,9,9,11,10,9,9,9,11,11,10,9,11,11,9,9,9,10,11,9,65,67,540,547,540,549,543,547,545,534,462,405,368,344,327,537,597,1190,1194,1187,,,,,,,,,,,,,,,,,,,,,,,,,,,,,,,,,,,,,,,,,,,,,,,,,,,,,,,,,,,,,,,,,,,,,,,,,,,,,,,,,,,,,,,,,,,
MPA1:IT,(                ),A,532,499,438,429,434,387,397,367,391,387,404,404,7,8,7,8,8,7,9,7,7,9,7,8,8,7,8,7,7,9,7,8,8,63,64,530,535,531,539,532,537,535,525,453,397,362,339,320,528,587,1193,1191,1187,,,,,,,,,,,,,,,,,,,,,,,,,,,,,,,,,,,,,,,,,,,,,,,,,,,,,,,,,,,,,,,,,,,,,,,,,,,,,,,,,,,,,,,,,,,
MPA1:KW,(                ),kW,318.9,298.3,260.4,255.8,259.6,229.3,236.4,218.3,232.6,230.8,241.0,241.2,3.8,4.4,3.2,3.8,4.4,3.8,3.9,3.2,3.2,4.5,3.9,3.9,3.8,3.8,4.5,3.2,3.2,3.8,3.8,4.5,3.8,28.0,29.2,334.7,338.5,336.8,340.7,337.0,339.8,338.0,331.0,287.4,253.1,230.0,215.1,203.5,332.5,368.0,733.4,730.1,727.5,,,,,,,,,,,,,,,,,,,,,,,,,,,,,,,,,,,,,,,,,,,,,,,,,,,,,,,,,,,,,,,,,,,,,,,,,,,,,,,,,,,,,,,,,,,
MPA1:KWH,(                ),,11821610,11821657,11821709,11821749,11821794,11821836,11821866,11821910,11821949,11821989,11822026,11822066,11822090,11822091,11822092,11822092,11822093,11822094,11822094,11822095,11822095,11822096,11822097,11822097,11822098,11822100,11822100,11822101,11822102,11822102,11822102,11822102,11822103,11822105,11822110,11822148,11822201,11822259,11822317,11822372,11822431,11822485,11822540,11822586,11822630,11822672,11822710,11822746,11822786,11822839,11822951,11823077,11823142,,,,,,,,,,,,,,,,,,,,,,,,,,,,,,,,,,,,,,,,,,,,,,,,,,,,,,,,,,,,,,,,,,,,,,,,,,,,,,,,,,,,,,,,,,,
MPA1:PF,(                ),,0.93,0.93,0.92,0.92,0.92,0.92,0.92,0.91,0.92,0.91,0.92,0.92,0.68,0.74,0.62,0.70,0.74,0.67,0.69,0.62,0.62,0.74,0.68,0.69,0.69,0.68,0.74,0.62,0.62,0.69,0.68,0.74,0.69,0.65,0.67,0.94,0.94,0.94,0.94,0.94,0.95,0.94,0.94,0.95,0.95,0.95,0.95,0.95,0.95,0.95,0.94,0.94,0.94,,,,,,,,,,,,,,,,,,,,,,,,,,,,,,,,,,,,,,,,,,,,,,,,,,,,,,,,,,,,,,,,,,,,,,,,,,,,,,,,,,,,,,,,,,,
MPA1:VRS,(                ),V,378.6,378.3,379.4,379.4,380.7,380.4,379.9,380.7,380.8,381.5,381.1,381.7,383.1,384.7,384.9,385.4,385.5,385.2,385.8,385.8,386.1,386.0,386.3,386.7,385.4,385.8,386.1,386.2,386.0,386.2,386.0,386.1,386.5,386.0,386.3,384.2,383.9,385.7,384.4,384.3,384.3,384.3,383.3,383.7,384.8,383.9,383.6,383.4,382.3,381.3,381.6,379.5,379.5,,,,,,,,,,,,,,,,,,,,,,,,,,,,,,,,,,,,,,,,,,,,,,,,,,,,,,,,,,,,,,,,,,,,,,,,,,,,,,,,,,,,,,,,,,,
MPA1:VST,(                ),V,378.9,378.7,379.7,380.1,380.1,380.9,380.1,380.9,381.4,382.0,380.8,381.0,382.9,384.7,385.0,385.4,385.5,385.3,385.8,385.8,386.2,386.0,386.4,386.8,385.5,386.0,386.1,386.3,386.2,386.4,386.3,386.3,386.6,386.6,386.3,384.7,384.4,385.7,384.5,384.8,384.3,384.3,383.3,384.0,384.8,383.9,383.3,383.5,382.4,381.3,381.3,380.3,380.0,,,,,,,,,,,,,,,,,,,,,,,,,,,,,,,,,,,,,,,,,,,,,,,,,,,,,,,,,,,,,,,,,,,,,,,,,,,,,,,,,,,,,,,,,,,
MPA1:VTR,(                ),V,379.1,379.3,380.3,379.7,381.0,381.1,380.3,381.0,381.2,381.8,381.6,381.7,383.2,385.2,385.4,385.9,385.9,385.7,386.2,386.2,386.7,386.5,386.6,387.1,385.8,386.4,386.7,386.8,386.6,386.7,386.6,386.6,387.0,386.9,386.7,384.7,384.5,386.2,384.6,384.8,384.8,384.5,383.9,384.4,385.1,384.4,383.8,383.8,383.1,381.9,381.0,379.6,379.7,,,,,,,,,,,,,,,,,,,,,,,,,,,,,,,,,,,,,,,,,,,,,,,,,,,,,,,,,,,,,,,,,,,,,,,,,,,,,,,,,,,,,,,,,,,
MPA2:HZ,(                ),Hz,60,59,60,60,60,60,59,59,59,60,60,60,59,59,60,60,59,59,59,60,60,60,59,60,59,59,60,60,59,59,59,59,60,60,59,59,59,59,60,59,60,60,59,59,60,60,60,60,59,59,60,60,59,,,,,,,,,,,,,,,,,,,,,,,,,,,,,,,,,,,,,,,,,,,,,,,,,,,,,,,,,,,,,,,,,,,,,,,,,,,,,,,,,,,,,,,,,,,
MPA2:IR,(                ),A,299,233,246,221,254,255,194,248,216,241,241,247,115,114,115,115,115,114,114,84,83,84,83,109,139,137,114,124,177,175,175,175,173,231,231,252,245,169,245,244,244,244,269,230,228,229,230,250,379,353,499,484,713,,,,,,,,,,,,,,,,,,,,,,,,,,,,,,,,,,,,,,,,,,,,,,,,,,,,,,,,,,,,,,,,,,,,,,,,,,,,,,,,,,,,,,,,,,,
MPA2:IS,(                ),A,300,237,249,222,258,257,197,250,219,244,243,249,112,111,111,110,111,111,111,79,79,79,79,105,136,136,110,119,174,174,173,173,172,229,227,251,245,164,246,244,242,244,268,229,227,227,227,251,386,359,521,504,753,,,,,,,,,,,,,,,,,,,,,,,,,,,,,,,,,,,,,,,,,,,,,,,,,,,,,,,,,,,,,,,,,,,,,,,,,,,,,,,,,,,,,,,,,,,
MPA2:IT,(                ),A,297,233,246,220,256,255,193,247,216,240,240,245,113,112,112,112,112,113,113,81,81,81,81,107,137,136,111,122,176,175,176,174,173,230,229,254,245,166,247,245,244,244,269,228,230,230,229,252,384,354,514,496,739,,,,,,,,,,,,,,,,,,,,,,,,,,,,,,,,,,,,,,,,,,,,,,,,,,,,,,,,,,,,,,,,,,,,,,,,,,,,,,,,,,,,,,,,,,,
MPA2:KW,(                ),kW,166.8,130.9,138.2,123.3,143.6,143.6,122.8,138.9,135.2,135.0,135.0,138.4,62.0,61.8,62.0,62.0,61.9,61.9,62.0,46.3,46.3,46.2,46.2,59.7,75.0,74.8,61.7,67.3,95.0,94.4,94.2,94.1,93.6,131.9,131.0,143.3,138.6,96.6,139.8,138.9,138.4,138.8,151.6,131.0,130.9,130.7,130.7,142.8,218.8,217.7,308.3,298.3,452.0,,,,,,,,,,,,,,,,,,,,,,,,,,,,,,,,,,,,,,,,,,,,,,,,,,,,,,,,,,,,,,,,,,,,,,,,,,,,,,,,,,,,,,,,,,,
MPA2:KWH,(                ),,19053584,19053608,19053634,19053654,19053678,19053702,19053720,19053742,19053766,19053790,19053810,19053834,19053854,19053866,19053876,19053886,19053896,19053906,19053918,19053926,19053934,19053942,19053948,19053954,19053970,19053982,19053992,19054004,19054016,19054034,19054050,19054064,19054080,19054096,19054120,19054142,19054164,19054182,19054204,19054226,19054250,19054272,19054294,19054318,19054340,19054362,19054384,19054406,19054434,19054464,19054510,19054562,19054592,,,,,,,,,,,,,,,,,,,,,,,,,,,,,,,,,,,,,,,,,,,,,,,,,,,,,,,,,,,,,,,,,,,,,,,,,,,,,,,,,,,,,,,,,,,
MPA2:PF,(                ),,0.85,0.85,0.85,0.85,0.85,0.85,0.96,0.85,0.94,0.85,0.85,0.85,0.83,0.83,0.83,0.83,0.82,0.83,0.82,0.85,0.85,0.85,0.85,0.83,0.82,0.82,0.83,0.82,0.81,0.81,0.81,0.81,0.81,0.86,0.86,0.85,0.85,0.87,0.85,0.85,0.85,0.85,0.85,0.86,0.86,0.86,0.86,0.86,0.86,0.92,0.91,0.91,0.93,,,,,,,,,,,,,,,,,,,,,,,,,,,,,,,,,,,,,,,,,,,,,,,,,,,,,,,,,,,,,,,,,,,,,,,,,,,,,,,,,,,,,,,,,,,
MPA2:VRS,(                ),V,379.0,379.1,379.6,379.5,380.3,380.3,380.8,380.4,381.3,381.3,381.1,381.3,382.7,384.7,384.8,385.3,385.2,385.1,385.6,385.5,385.9,385.9,386.2,386.4,385.2,385.7,385.9,386.1,385.9,386.0,385.8,385.9,386.3,385.8,385.7,385.5,384.8,386.6,385.1,385.3,385.4,385.0,384.3,384.5,385.3,384.0,383.6,383.4,382.5,382.0,382.3,381.3,380.0,,,,,,,,,,,,,,,,,,,,,,,,,,,,,,,,,,,,,,,,,,,,,,,,,,,,,,,,,,,,,,,,,,,,,,,,,,,,,,,,,,,,,,,,,,,
MPA2:VST,(                ),V,378.8,379.0,379.4,379.4,380.1,380.1,380.7,380.6,381.3,381.4,381.1,381.2,382.7,384.7,384.7,385.3,385.3,385.1,385.5,385.6,386.0,386.0,386.3,386.5,385.2,385.7,386.1,386.1,386.1,386.1,386.2,385.9,386.4,386.2,386.1,385.6,385.3,386.6,385.2,385.6,385.3,384.9,384.2,384.6,385.3,384.1,383.5,383.6,382.5,381.9,382.6,381.3,381.1,,,,,,,,,,,,,,,,,,,,,,,,,,,,,,,,,,,,,,,,,,,,,,,,,,,,,,,,,,,,,,,,,,,,,,,,,,,,,,,,,,,,,,,,,,,
MPA2:VTR,(                ),V,379.0,379.3,380.0,379.7,380.5,380.7,380.9,380.5,381.5,381.3,381.1,381.4,382.7,385.0,385.2,385.5,385.6,385.4,386.0,385.8,386.3,386.3,386.5,386.9,385.4,386.1,386.3,386.6,386.3,386.3,386.5,386.0,386.7,386.1,385.9,385.7,385.1,386.9,385.6,385.5,385.6,385.3,384.4,384.8,385.4,384.5,384.0,384.1,383.1,382.4,382.8,381.6,381.3,,,,,,,,,,,,,,,,,,,,,,,,,,,,,,,,,,,,,,,,,,,,,,,,,,,,,,,,,,,,,,,,,,,,,,,,,,,,,,,,,,,,,,,,,,,
MLARF-1.PF,(                ),,0.97,0.97,0.95,0.99,0.99,0.99,0.99,0.99,0.99,0.98,0.95,0.92,0.99,0.99,0.98,0.91,0.92,0.91,0.99,0.99,0.91,0.90,0.89,0.88,0.99,0.97,0.97,0.97,0.97,0.96,0.89,0.99,0.98,0.99,0.99,0.98,0.98,0.97,0.96,0.99,0.99,0.99,0.99,0.99,0.98,0.98,0.98,0.97,0.93,0.93,0.93,0.92,0.93,,,,,,,,,,,,,,,,,,,,,,,,,,,,,,,,,,,,,,,,,,,,,,,,,,,,,,,,,,,,,,,,,,,,,,,,,,,,,,,,,,,,,,,,,,,
MLARF-1:HZ,(                ),Hz,60,59,60,60,60,60,59,59,59,60,60,60,59,59,60,60,59,59,59,60,60,60,59,60,59,59,60,60,59,59,59,59,60,60,59,59,59,59,60,59,60,60,59,59,60,60,60,60,59,59,60,60,59,,,,,,,,,,,,,,,,,,,,,,,,,,,,,,,,,,,,,,,,,,,,,,,,,,,,,,,,,,,,,,,,,,,,,,,,,,,,,,,,,,,,,,,,,,,
MLARF-1:IR,(                ),A,168,138,93,274,399,314,280,251,394,265,79,67,383,334,234,56,56,54,218,182,55,45,44,43,180,125,110,90,72,65,45,176,145,299,175,131,95,82,67,246,205,191,212,197,226,175,129,84,65,60,62,60,62,,,,,,,,,,,,,,,,,,,,,,,,,,,,,,,,,,,,,,,,,,,,,,,,,,,,,,,,,,,,,,,,,,,,,,,,,,,,,,,,,,,,,,,,,,,
MLARF-1:IS,(                ),A,102,72,32,213,338,253,228,195,338,223,34,22,349,298,198,25,21,21,187,151,22,24,21,22,164,103,90,67,50,45,22,155,124,276,154,109,72,60,49,226,187,175,188,176,203,153,108,61,40,38,35,35,40,,,,,,,,,,,,,,,,,,,,,,,,,,,,,,,,,,,,,,,,,,,,,,,,,,,,,,,,,,,,,,,,,,,,,,,,,,,,,,,,,,,,,,,,,,,
MLARF-1:IT,(                ),A,100,78,38,222,332,253,224,187,332,217,42,29,339,289,189,29,26,25,192,155,26,26,23,25,164,104,90,67,52,47,24,156,125,263,139,98,72,60,49,226,186,176,189,176,191,134,97,50,33,31,27,27,33,,,,,,,,,,,,,,,,,,,,,,,,,,,,,,,,,,,,,,,,,,,,,,,,,,,,,,,,,,,,,,,,,,,,,,,,,,,,,,,,,,,,,,,,,,,
MLARF-1:KW,(                ),kW,78.4,61.0,34.2,154.1,232.8,163.3,159.0,137.5,232.1,153.1,32.3,24.1,234.7,202.2,135.6,22.4,20.9,20.3,131.9,107.0,20.9,19.1,17.6,17.7,111.6,72.1,62.7,48.4,37.4,33.4,17.9,106.9,86.3,185.1,102.9,73.4,52.1,43.7,35.2,154.0,126.8,119.3,129.1,120.5,134.8,100.4,72.3,42.3,28.6,26.6,25.5,24.8,27.4,,,,,,,,,,,,,,,,,,,,,,,,,,,,,,,,,,,,,,,,,,,,,,,,,,,,,,,,,,,,,,,,,,,,,,,,,,,,,,,,,,,,,,,,,,,
MLARF-1:KWH,(                ),,6535760,6535770,6535776,6535785,6535822,6535856,6535877,6535918,6535951,6535983,6535998,6536002,6536015,6536053,6536082,6536089,6536092,6536096,6536121,6536141,6536155,6536158,6536161,6536164,6536171,6536187,6536197,6536206,6536213,6536219,6536223,6536235,6536251,6536279,6536302,6536318,6536327,6536336,6536342,6536355,6536379,6536397,6536420,6536440,6536460,6536480,6536494,6536503,6536509,6536513,6536517,6536522,6536524,,,,,,,,,,,,,,,,,,,,,,,,,,,,,,,,,,,,,,,,,,,,,,,,,,,,,,,,,,,,,,,,,,,,,,,,,,,,,,,,,,,,,,,,,,,
MLARF-1:PF,(                ),, -0.97, -0.97, -0.95, -0.99, -0.99, -0.98, -0.99, -0.99, -0.99, -0.98, -0.95, -0.92, -0.99, -0.99, -0.98, -0.91, -0.92, -0.91, -0.99, -0.99, -0.91, -0.90, -0.89,0.88, -0.99, -0.97, -0.97, -0.97, -0.97, -0.96, -0.89, -0.99, -0.98, -0.99, -0.99, -0.98, -0.98, -0.97, -0.96, -0.99, -0.99, -0.99, -0.99, -0.99, -0.98, -0.98, -0.98, -0.97,0.93, -0.93,0.93, -0.92,0.93,,,,,,,,,,,,,,,,,,,,,,,,,,,,,,,,,,,,,,,,,,,,,,,,,,,,,,,,,,,,,,,,,,,,,,,,,,,,,,,,,,,,,,,,,,,
MLARF-1:VRS,(                ),V,379.4,379.6,379.8,379.6,380.1,380.3,380.5,380.7,380.7,381.7,381.7,381.6,382.4,384.1,384.6,385.2,385.2,385.1,385.4,385.4,385.8,385.9,386.0,386.4,385.2,385.6,385.9,385.9,385.9,386.1,385.7,385.8,386.3,385.9,386.1,385.6,385.0,386.9,385.4,385.4,385.4,385.3,384.4,384.5,385.3,384.2,384.0,383.8,383.2,382.4,383.4,382.1,381.9,,,,,,,,,,,,,,,,,,,,,,,,,,,,,,,,,,,,,,,,,,,,,,,,,,,,,,,,,,,,,,,,,,,,,,,,,,,,,,,,,,,,,,,,,,,
MLARF-1:VST,(                ),V,379.2,379.6,379.7,379.7,380.0,380.3,380.5,380.7,381.0,381.7,381.6,381.5,382.2,384.2,384.5,385.1,385.1,384.9,385.4,385.3,385.7,385.7,385.9,386.3,385.1,385.5,385.7,385.8,385.8,386.0,385.8,385.8,386.3,386.0,386.0,385.7,385.2,386.7,385.4,385.5,385.2,385.0,384.3,384.6,385.4,384.0,383.6,383.7,383.1,381.9,383.3,382.0,381.9,,,,,,,,,,,,,,,,,,,,,,,,,,,,,,,,,,,,,,,,,,,,,,,,,,,,,,,,,,,,,,,,,,,,,,,,,,,,,,,,,,,,,,,,,,,
MLARF-1:VTR,(                ),V,380.2,380.4,380.6,380.3,380.9,381.2,381.2,381.5,381.5,382.2,382.0,382.2,382.7,384.9,385.4,385.7,385.7,385.6,386.0,385.8,386.3,386.4,386.4,386.9,385.5,386.0,386.2,386.4,386.4,386.5,386.4,386.3,386.6,386.6,386.7,386.2,385.4,387.4,385.9,385.9,385.9,385.6,385.1,385.1,386.1,385.2,384.5,384.5,384.0,382.9,384.3,382.9,382.7,,,,,,,,,,,,,,,,,,,,,,,,,,,,,,,,,,,,,,,,,,,,,,,,,,,,,,,,,,,,,,,,,,,,,,,,,,,,,,,,,,,,,,,,,,,
MPARF:HZ,(                ),Hz,60,59,60,60,60,60,59,59,59,60,60,60,59,59,60,60,59,59,59,60,60,60,59,60,59,59,60,60,59,59,59,59,60,60,59,59,59,59,60,59,60,60,59,59,60,60,60,60,59,59,60,60,59,,,,,,,,,,,,,,,,,,,,,,,,,,,,,,,,,,,,,,,,,,,,,,,,,,,,,,,,,,,,,,,,,,,,,,,,,,,,,,,,,,,,,,,,,,,
MPARF:IR,(                ),A,112,135,110,109,160,108,103,104,106,124,105,100,106,109,107,106,105,101,102,101,102,100,99,102,100,100,101,102,103,106,100,100,99,100,101,101,100,176,100,101,101,102,102,101,126,109,112,108,151,157,160,168,163,,,,,,,,,,,,,,,,,,,,,,,,,,,,,,,,,,,,,,,,,,,,,,,,,,,,,,,,,,,,,,,,,,,,,,,,,,,,,,,,,,,,,,,,,,,
MPARF:IS,(                ),A,79,101,79,79,124,77,77,77,78,97,79,76,81,85,81,81,79,79,79,79,80,79,78,81,79,79,79,78,79,83,78,80,79,80,80,80,77,135,76,77,77,79,77,75,97,77,78,75,107,110,112,118,116,,,,,,,,,,,,,,,,,,,,,,,,,,,,,,,,,,,,,,,,,,,,,,,,,,,,,,,,,,,,,,,,,,,,,,,,,,,,,,,,,,,,,,,,,,,
MPARF:IT,(                ),A,141,164,144,144,190,142,133,136,137,150,136,130,135,136,135,134,132,130,129,130,132,130,128,131,131,131,131,134,134,138,132,131,130,129,133,132,129,190,129,129,129,130,131,130,153,136,138,134,166,165,166,171,165,,,,,,,,,,,,,,,,,,,,,,,,,,,,,,,,,,,,,,,,,,,,,,,,,,,,,,,,,,,,,,,,,,,,,,,,,,,,,,,,,,,,,,,,,,,
MPARF:KW,(                ),kW,66.8,81.8,64.7,63.5,98.9,62.8,59.7,60.6,61.6,75.8,62.6,59.1,63.9,65.2,63.1,61.2,60.0,57.0,55.5,56.1,57.3,56.4,55.1,57.5,55.1,56.3,56.6,57.4,58.0,60.3,56.6,55.9,55.4,56.0,57.1,56.7,57.2,109.9,56.8,57.4,57.6,58.8,59.8,58.7,76.3,65.0,65.9,63.9,92.2,93.3,94.1,97.8,94.8,,,,,,,,,,,,,,,,,,,,,,,,,,,,,,,,,,,,,,,,,,,,,,,,,,,,,,,,,,,,,,,,,,,,,,,,,,,,,,,,,,,,,,,,,,,
MPARF:KWH,(                ),,5806765,5806776,5806788,5806799,5806811,5806822,5806830,5806843,5806854,5806865,5806875,5806886,5806897,5806909,5806920,5806930,5806940,5806949,5806960,5806970,5806980,5806990,5806997,5807008,5807018,5807027,5807037,5807046,5807056,5807065,5807076,5807084,5807094,5807103,5807114,5807124,5807134,5807145,5807158,5807167,5807178,5807187,5807197,5807207,5807217,5807229,5807240,5807252,5807264,5807277,5807296,5807314,5807323,,,,,,,,,,,,,,,,,,,,,,,,,,,,,,,,,,,,,,,,,,,,,,,,,,,,,,,,,,,,,,,,,,,,,,,,,,,,,,,,,,,,,,,,,,,
MPARF:PF,(                ),, -0.92, -0.93, -0.89, -0.87, -0.95, -0.87, -0.87, -0.87, -0.87, -0.92, -0.89, -0.87, -0.90, -0.89, -0.88, -0.86, -0.85, -0.83, -0.81, -0.82, -0.82, -0.82, -0.81, -0.82, -0.81, -0.82, -0.82, -0.82, -0.82, -0.83, -0.82, -0.81, -0.81, -0.81, -0.81, -0.81, -0.84, -0.99, -0.84, -0.84, -0.84, -0.85, -0.87, -0.86, -0.91, -0.91, -0.91, -0.91, -0.99,0.98,0.97,0.97,0.97,,,,,,,,,,,,,,,,,,,,,,,,,,,,,,,,,,,,,,,,,,,,,,,,,,,,,,,,,,,,,,,,,,,,,,,,,,,,,,,,,,,,,,,,,,,
MPARF:VRS,(                ),V,378.7,378.9,379.2,379.5,379.9,380.1,380.4,380.4,380.7,381.2,381.2,381.2,382.0,383.8,384.0,384.6,384.7,384.8,385.1,385.0,385.4,385.6,385.5,386.0,384.8,385.2,385.4,385.6,385.4,385.6,385.3,385.4,385.9,385.9,385.6,385.2,384.6,385.5,384.8,385.2,384.9,384.6,384.1,384.1,384.7,383.6,383.3,383.1,382.2,381.0,382.1,380.6,380.7,,,,,,,,,,,,,,,,,,,,,,,,,,,,,,,,,,,,,,,,,,,,,,,,,,,,,,,,,,,,,,,,,,,,,,,,,,,,,,,,,,,,,,,,,,,
MPARF:VST,(                ),V,379.4,379.9,380.1,380.4,380.8,381.0,381.2,381.3,381.7,382.0,382.1,382.0,382.6,384.6,384.8,385.4,385.5,385.7,385.9,385.8,386.3,386.3,386.3,386.8,385.6,386.1,386.3,386.5,386.4,386.6,386.4,386.2,386.8,386.9,386.6,386.3,385.7,386.2,385.8,386.2,385.7,385.3,384.8,385.2,385.7,384.5,384.0,384.1,383.1,381.7,382.9,381.3,381.6,,,,,,,,,,,,,,,,,,,,,,,,,,,,,,,,,,,,,,,,,,,,,,,,,,,,,,,,,,,,,,,,,,,,,,,,,,,,,,,,,,,,,,,,,,,
MPARF:VTR,(                ),V,379.0,379.2,379.7,379.8,380.2,380.5,380.6,380.7,381.0,381.3,381.3,381.5,382.0,384.2,384.4,384.9,385.0,385.1,385.4,385.2,385.8,385.9,385.7,386.3,385.0,385.5,385.8,386.0,385.8,386.0,385.8,385.7,386.3,386.4,386.0,385.6,384.9,386.0,385.2,385.6,385.3,384.9,384.5,384.6,385.2,384.1,383.7,383.7,382.6,381.3,382.5,381.1,381.1,,,,,,,,,,,,,,,,,,,,,,,,,,,,,,,,,,,,,,,,,,,,,,,,,,,,,,,,,,,,,,,,,,,,,,,,,,,,,,,,,,,,,,,,,,,
MGCBB.KWH,(度數            ),,135.818,135.819,135.819,135.819,135.819,135.819,135.819,135.819,135.820,135.820,135.820,135.820,135.820,135.820,135.820,135.820,135.821,135.821,135.821,135.821,135.821,135.821,135.821,135.821,135.821,135.821,135.822,135.822,135.822,135.822,135.822,135.822,135.822,135.822,135.822,135.823,135.823,135.823,135.823,135.823,135.823,135.823,135.823,135.823,135.823,135.824,135.824,135.824,135.824,135.824,135.824,135.825,135.825,,,,,,,,,,,,,,,,,,,,,,,,,,,,,,,,,,,,,,,,,,,,,,,,,,,,,,,,,,,,,,,,,,,,,,,,,,,,,,,,,,,,,,,,,,,
MGCBB:F,(                ),Hz,60,60,60,60,60,60,60,60,60,60,60,60,60,60,60,60,60,60,60,60,60,60,60,60,60,60,60,60,60,60,60,60,60,60,60,60,60,60,60,60,60,60,60,60,60,60,60,60,60,60,60,60,60,,,,,,,,,,,,,,,,,,,,,,,,,,,,,,,,,,,,,,,,,,,,,,,,,,,,,,,,,,,,,,,,,,,,,,,,,,,,,,,,,,,,,,,,,,,
MGCBB:I1,(                ),A,22.6,21.1,20.1,20.9,20.0,23.1,22.3,22.8,21.4,17.8,18.8,18.4,18.3,18.5,17.1,18.8,19.2,16.5,16.8,16.6,15.9,15.6,16.3,15.7,15.7,16.1,14.8,14.7,14.8,15.4,19.8,18.3,17.6,14.7,14.5,13.8,13.7,13.7,13.5,15.6,18.6,17.0,17.0,16.6,17.3,21.9,23.6,20.6,25.8,27.4,29.2,35.7,43.1,,,,,,,,,,,,,,,,,,,,,,,,,,,,,,,,,,,,,,,,,,,,,,,,,,,,,,,,,,,,,,,,,,,,,,,,,,,,,,,,,,,,,,,,,,,
MGCBB:I2,(                ),A,22.9,21.6,19.9,21.1,19.5,23.5,22.3,22.9,21.4,18.1,19.2,18.7,18.8,18.8,17.0,18.5,18.8,16.4,16.7,16.8,16.0,15.3,16.4,15.4,15.7,16.1,14.5,14.4,14.9,15.4,20.1,18.1,17.5,15.0,14.7,13.6,13.9,13.7,13.0,15.6,18.7,16.8,17.2,16.9,16.6,22.2,23.7,20.4,26.3,27.4,29.8,36.7,44.2,,,,,,,,,,,,,,,,,,,,,,,,,,,,,,,,,,,,,,,,,,,,,,,,,,,,,,,,,,,,,,,,,,,,,,,,,,,,,,,,,,,,,,,,,,,
MGCBB:I3,(                ),A,23.8,22.3,20.9,21.8,21.5,24.7,23.7,23.7,22.6,19.1,19.7,19.4,19.9,19.6,18.3,19.7,20.2,17.8,17.9,17.4,17.0,16.7,17.3,16.7,16.5,17.4,15.6,15.4,15.4,16.1,20.7,18.7,18.5,15.5,15.4,14.8,14.5,14.6,14.4,16.4,19.6,18.0,18.2,17.6,17.8,23.1,24.7,21.9,27.3,28.5,30.6,37.4,44.8,,,,,,,,,,,,,,,,,,,,,,,,,,,,,,,,,,,,,,,,,,,,,,,,,,,,,,,,,,,,,,,,,,,,,,,,,,,,,,,,,,,,,,,,,,,
MGCBB:KW,(                ),kW,898.0,839.2,780.6,820.4,792.6,938.2,891.1,895.3,855.9,707.5,750.4,726.0,733.2,731.5,670.5,747.1,758.9,644.6,652.8,647.8,621.5,609.0,631.2,612.7,610.5,625.1,567.2,556.7,567.3,595.7,797.2,720.1,699.0,575.0,565.0,527.7,524.4,525.6,513.8,618.7,750.5,682.2,680.2,657.1,672.1,872.1,945.1,813.6,1005.2,1085.7,1168.2,1421.5,1735.9,,,,,,,,,,,,,,,,,,,,,,,,,,,,,,,,,,,,,,,,,,,,,,,,,,,,,,,,,,,,,,,,,,,,,,,,,,,,,,,,,,,,,,,,,,,
MGCBB:PF,(                ),,0.96,0.96,0.95,0.95,0.96,0.97,0.97,0.97,0.97,0.95,0.95,0.95,0.94,0.94,0.94,0.96,0.95,0.93,0.93,0.93,0.93,0.93,0.92,0.93,0.93,0.92,0.92,0.91,0.92,0.92,0.96,0.95,0.95,0.92,0.92,0.91,0.91,0.91,0.92,0.95,0.97,0.96,0.95,0.94,0.94,0.95,0.96,0.94,0.94,0.95,0.95,0.95,0.97,,,,,,,,,,,,,,,,,,,,,,,,,,,,,,,,,,,,,,,,,,,,,,,,,,,,,,,,,,,,,,,,,,,,,,,,,,,,,,,,,,,,,,,,,,,
MGCBB:V12,(                ),kV,23.3,23.4,23.4,23.4,23.4,23.4,23.4,23.4,23.5,23.5,23.5,23.5,23.6,23.7,23.7,23.7,23.7,23.7,23.7,23.7,23.7,23.8,23.8,23.8,23.7,23.7,23.8,23.8,23.8,23.8,23.8,23.8,23.8,23.8,23.8,23.7,23.7,23.8,23.7,23.7,23.7,23.7,23.7,23.7,23.7,23.7,23.6,23.6,23.6,23.5,23.6,23.5,23.5,,,,,,,,,,,,,,,,,,,,,,,,,,,,,,,,,,,,,,,,,,,,,,,,,,,,,,,,,,,,,,,,,,,,,,,,,,,,,,,,,,,,,,,,,,,
MGCBB:V23,(                ),kV,23.4,23.4,23.4,23.4,23.5,23.5,23.5,23.5,23.5,23.5,23.5,23.5,23.6,23.7,23.7,23.7,23.7,23.8,23.8,23.8,23.8,23.8,23.8,23.8,23.7,23.8,23.8,23.8,23.8,23.8,23.8,23.8,23.8,23.8,23.8,23.8,23.8,23.9,23.8,23.8,23.8,23.7,23.7,23.7,23.8,23.7,23.7,23.7,23.7,23.6,23.7,23.6,23.6,,,,,,,,,,,,,,,,,,,,,,,,,,,,,,,,,,,,,,,,,,,,,,,,,,,,,,,,,,,,,,,,,,,,,,,,,,,,,,,,,,,,,,,,,,,
MGCBB:V31,(                ),kV,23.3,23.3,23.4,23.4,23.4,23.4,23.4,23.4,23.5,23.5,23.5,23.5,23.6,23.6,23.7,23.7,23.7,23.7,23.7,23.7,23.7,23.8,23.8,23.8,23.7,23.7,23.8,23.8,23.8,23.8,23.8,23.8,23.8,23.8,23.8,23.7,23.7,23.8,23.7,23.7,23.7,23.7,23.7,23.7,23.7,23.6,23.6,23.6,23.6,23.5,23.6,23.5,23.5,,,,,,,,,,,,,,,,,,,,,,,,,,,,,,,,,,,,,,,,,,,,,,,,,,,,,,,,,,,,,,,,,,,,,,,,,,,,,,,,,,,,,,,,,,,
MLB1-1:HZ,(                ),Hz,60,59,60,60,60,60,59,59,59,60,60,60,59,59,60,59,59,59,59,60,60,59,59,60,59,59,60,60,59,59,59,59,60,60,60,59,59,59,60,59,60,60,59,59,60,60,60,60,59,59,60,59,60,,,,,,,,,,,,,,,,,,,,,,,,,,,,,,,,,,,,,,,,,,,,,,,,,,,,,,,,,,,,,,,,,,,,,,,,,,,,,,,,,,,,,,,,,,,
MLB1-1:IR,(                ),A,700,632,558,607,627,879,808,798,737,473,531,499,480,512,480,599,607,453,540,508,478,467,485,495,481,454,405,398,406,421,725,623,575,405,391,381,407,363,368,488,658,578,579,539,523,644,663,550,507,526,530,695,982,,,,,,,,,,,,,,,,,,,,,,,,,,,,,,,,,,,,,,,,,,,,,,,,,,,,,,,,,,,,,,,,,,,,,,,,,,,,,,,,,,,,,,,,,,,
MLB1-1:IS,(                ),A,693,636,552,599,545,836,724,747,641,417,476,478,458,449,393,539,537,404,468,468,451,407,436,424,449,429,368,351,378,409,704,601,511,390,351,302,343,323,321,479,627,544,519,530,453,616,646,494,507,518,551,680,1030,,,,,,,,,,,,,,,,,,,,,,,,,,,,,,,,,,,,,,,,,,,,,,,,,,,,,,,,,,,,,,,,,,,,,,,,,,,,,,,,,,,,,,,,,,,
MLB1-1:IT,(                ),A,680,663,554,613,599,887,750,760,667,432,475,490,480,469,410,533,544,438,489,482,473,425,429,432,449,411,354,341,370,409,693,566,511,381,363,341,329,314,312,456,636,526,518,519,473,644,645,514,531,540,560,725,1042,,,,,,,,,,,,,,,,,,,,,,,,,,,,,,,,,,,,,,,,,,,,,,,,,,,,,,,,,,,,,,,,,,,,,,,,,,,,,,,,,,,,,,,,,,,
MLB1-1:KW,(                ),kW,442.8,411.8,347.6,381.7,373.6,562.0,492.2,497.1,441.3,276.7,312.4,306.1,295.9,294.3,263.0,358.6,360.9,265.3,308.7,302.6,292.4,268.8,274.7,281.9,289.3,268.0,229.7,220.0,236.8,256.8,463.6,389.1,345.7,243.2,226.4,208.3,215.7,201.3,201.1,305.6,419.5,359.9,344.4,334.0,305.8,410.0,422.6,328.1,319.3,332.4,343.3,442.1,661.7,,,,,,,,,,,,,,,,,,,,,,,,,,,,,,,,,,,,,,,,,,,,,,,,,,,,,,,,,,,,,,,,,,,,,,,,,,,,,,,,,,,,,,,,,,,
MLB1-1:KWH,(                ),,32768732,32768800,32768874,32768926,32768994,32769068,32769144,32769240,32769322,32769396,32769442,32769494,32769542,32769592,32769642,32769694,32769754,32769804,32769856,32769906,32769956,32770002,32770040,32770094,32770146,32770194,32770232,32770274,32770312,32770354,32770420,32770486,32770546,32770592,32770634,32770674,32770706,32770742,32770776,32770812,32770874,32770936,32770992,32771042,32771096,32771154,32771228,32771290,32771340,32771390,32771454,32771522,32771544,,,,,,,,,,,,,,,,,,,,,,,,,,,,,,,,,,,,,,,,,,,,,,,,,,,,,,,,,,,,,,,,,,,,,,,,,,,,,,,,,,,,,,,,,,,
MLB1-1:PF,(                ),,0.98,0.98,0.96,0.96,0.96,0.99,0.99,0.98,0.98,0.95,0.96,0.95,0.95,0.93,0.93,0.97,0.96,0.92,0.93,0.94,0.94,0.93,0.92,0.94,0.95,0.93,0.92,0.91,0.92,0.93,0.98,0.98,0.97,0.93,0.92,0.92,0.90,0.90,0.91,0.97,0.98,0.98,0.96,0.95,0.95,0.97,0.98,0.95,0.94,0.95,0.95,0.96,0.99,,,,,,,,,,,,,,,,,,,,,,,,,,,,,,,,,,,,,,,,,,,,,,,,,,,,,,,,,,,,,,,,,,,,,,,,,,,,,,,,,,,,,,,,,,,
MLB1-1:VRS,(                ),V,377.1,377.5,378.0,377.8,378.7,378.2,378.9,378.8,379.6,380.4,379.9,380.3,380.9,382.4,383.1,383.2,383.3,383.8,383.4,383.8,383.7,383.9,384.1,384.7,383.5,384.2,384.3,384.4,384.6,384.8,384.1,384.4,384.6,384.6,385.3,384.3,384.0,385.6,384.1,384.1,383.8,383.7,382.4,383.3,383.6,382.3,382.0,382.2,381.3,380.5,381.8,380.1,380.4,,,,,,,,,,,,,,,,,,,,,,,,,,,,,,,,,,,,,,,,,,,,,,,,,,,,,,,,,,,,,,,,,,,,,,,,,,,,,,,,,,,,,,,,,,,
MLB1-1:VST,(                ),V,377.6,377.9,378.5,378.2,379.4,379.1,379.5,379.5,380.1,380.7,380.2,380.6,381.2,382.9,383.7,383.7,383.9,384.2,383.9,384.2,384.2,384.4,384.2,385.2,383.8,384.4,384.6,384.8,384.8,385.0,384.5,384.7,385.1,384.8,385.5,384.6,384.1,386.1,384.5,384.2,384.4,384.1,383.1,383.5,384.2,383.1,382.7,382.8,381.9,381.2,382.1,380.7,380.7,,,,,,,,,,,,,,,,,,,,,,,,,,,,,,,,,,,,,,,,,,,,,,,,,,,,,,,,,,,,,,,,,,,,,,,,,,,,,,,,,,,,,,,,,,,
MLB1-1:VTR,(                ),V,377.7,377.7,378.5,378.1,379.4,378.9,379.5,379.4,380.0,380.9,380.4,380.7,381.3,382.9,383.6,383.8,384.0,384.1,383.9,384.3,384.1,384.3,384.5,385.3,383.8,384.4,384.5,384.8,384.8,384.8,384.3,384.8,385.1,384.7,385.5,384.3,384.1,386.0,384.4,384.2,384.3,384.2,383.0,383.5,384.0,382.6,382.8,382.5,381.7,380.9,381.9,380.2,380.4,,,,,,,,,,,,,,,,,,,,,,,,,,,,,,,,,,,,,,,,,,,,,,,,,,,,,,,,,,,,,,,,,,,,,,,,,,,,,,,,,,,,,,,,,,,
MLB2-1:HZ,(                ),Hz,60,59,60,60,60,60,59,59,59,60,60,60,59,59,60,59,59,59,59,60,60,59,59,60,59,59,60,60,59,59,59,59,60,60,59,59,59,59,60,59,60,60,59,59,60,60,60,60,59,59,60,59,60,,,,,,,,,,,,,,,,,,,,,,,,,,,,,,,,,,,,,,,,,,,,,,,,,,,,,,,,,,,,,,,,,,,,,,,,,,,,,,,,,,,,,,,,,,,
MLB2-1:IR,(                ),A,135,136,151,133,132,136,130,118,104,97,99,101,113,103,103,108,106,115,95,97,104,109,108,102,109,110,105,109,115,117,111,105,110,108,113,103,96,113,115,106,107,110,111,105,97,115,109,98,271,269,300,295,312,,,,,,,,,,,,,,,,,,,,,,,,,,,,,,,,,,,,,,,,,,,,,,,,,,,,,,,,,,,,,,,,,,,,,,,,,,,,,,,,,,,,,,,,,,,
MLB2-1:IS,(                ),A,68,79,75,77,63,73,77,78,77,72,72,68,81,73,69,63,73,85,68,74,70,75,68,79,66,81,62,71,72,76,73,65,75,71,79,67,68,71,81,68,80,71,73,71,59,73,77,67,233,234,256,261,279,,,,,,,,,,,,,,,,,,,,,,,,,,,,,,,,,,,,,,,,,,,,,,,,,,,,,,,,,,,,,,,,,,,,,,,,,,,,,,,,,,,,,,,,,,,
MLB2-1:IT,(                ),A,93,102,103,95,87,103,98,100,103,102,100,100,108,100,97,95,99,104,90,103,100,103,94,99,94,124,88,94,101,103,102,95,102,99,105,95,94,100,96,93,90,103,96,95,88,95,95,85,258,254,283,282,305,,,,,,,,,,,,,,,,,,,,,,,,,,,,,,,,,,,,,,,,,,,,,,,,,,,,,,,,,,,,,,,,,,,,,,,,,,,,,,,,,,,,,,,,,,,
MLB2-1:KW,(                ),kW,58.2,63.8,65.9,61.2,55.5,62.1,60.8,56.9,55.2,54.2,53.3,51.7,58.7,53.4,51.7,50.4,53.2,59.0,48.7,53.0,52.5,54.7,50.9,54.4,50.9,62.6,48.2,51.6,54.9,55.7,54.5,50.1,55.0,52.6,56.0,50.2,48.7,53.7,56.0,50.7,53.2,54.4,53.2,52.2,46.4,53.9,53.9,48.3,147.0,146.6,163.0,162.4,175.8,,,,,,,,,,,,,,,,,,,,,,,,,,,,,,,,,,,,,,,,,,,,,,,,,,,,,,,,,,,,,,,,,,,,,,,,,,,,,,,,,,,,,,,,,,,
MLB2-1:KWH,(                ),,16531177,16531186,16531197,16531207,16531218,16531226,16531236,16531246,16531257,16531265,16531274,16531283,16531291,16531302,16531310,16531319,16531328,16531335,16531346,16531354,16531363,16531371,16531379,16531390,16531398,16531407,16531416,16531426,16531434,16531442,16531452,16531460,16531470,16531478,16531487,16531496,16531504,16531514,16531522,16531531,16531539,16531548,16531558,16531565,16531573,16531582,16531591,16531601,16531619,16531642,16531669,16531698,16531707,,,,,,,,,,,,,,,,,,,,,,,,,,,,,,,,,,,,,,,,,,,,,,,,,,,,,,,,,,,,,,,,,,,,,,,,,,,,,,,,,,,,,,,,,,,
MLB2-1:PF,(                ),,0.90,0.92,0.91,0.91,0.90,0.91,0.91,0.87,0.88,0.88,0.89,0.88,0.88,0.87,0.87,0.86,0.86,0.87,0.87,0.87,0.86,0.85,0.85,0.87,0.85,0.89,0.85,0.85,0.86,0.84,0.85,0.85,0.86,0.85,0.85,0.85,0.85,0.85,0.86,0.85,0.86,0.86,0.86,0.87,0.86,0.86,0.87,0.87,0.87,0.88,0.88,0.88,0.89,,,,,,,,,,,,,,,,,,,,,,,,,,,,,,,,,,,,,,,,,,,,,,,,,,,,,,,,,,,,,,,,,,,,,,,,,,,,,,,,,,,,,,,,,,,
MLB2-1:VRS,(                ),V,378.4,378.6,379.1,379.1,380.2,379.9,380.5,380.1,381.0,381.6,381.1,381.5,381.9,384.0,384.2,384.6,384.8,384.9,384.9,385.3,384.9,384.9,385.5,386.2,384.8,385.4,385.3,385.5,385.7,385.6,385.4,385.5,385.7,385.6,386.3,385.2,385.1,386.6,385.0,384.9,384.9,384.6,383.7,384.8,385.1,383.5,383.3,383.6,382.5,381.6,382.4,381.5,381.6,,,,,,,,,,,,,,,,,,,,,,,,,,,,,,,,,,,,,,,,,,,,,,,,,,,,,,,,,,,,,,,,,,,,,,,,,,,,,,,,,,,,,,,,,,,
MLB2-1:VST,(                ),V,378.9,379.0,379.7,379.6,380.6,380.4,380.8,380.5,381.3,381.8,381.2,381.8,382.1,384.4,384.7,384.9,385.1,385.2,385.2,385.3,385.2,385.5,385.7,386.3,385.0,385.7,385.6,385.8,386.0,385.9,385.7,385.7,386.0,385.8,386.6,385.4,385.2,387.1,385.3,385.1,385.3,385.0,384.2,385.0,385.5,384.2,383.9,384.1,383.0,382.1,383.0,381.9,382.1,,,,,,,,,,,,,,,,,,,,,,,,,,,,,,,,,,,,,,,,,,,,,,,,,,,,,,,,,,,,,,,,,,,,,,,,,,,,,,,,,,,,,,,,,,,
MLB2-1:VTR,(                ),V,378.9,378.9,379.6,379.5,380.7,380.4,380.8,380.4,381.1,381.8,381.2,381.7,382.3,384.3,384.5,384.8,385.0,385.1,385.2,385.5,385.1,385.4,385.7,386.3,385.0,385.4,385.5,385.7,385.9,385.7,385.4,385.7,385.8,385.6,386.5,385.2,385.1,386.8,385.2,385.0,385.2,384.9,383.9,384.8,385.2,383.7,383.9,383.8,382.6,381.7,382.7,381.5,381.7,,,,,,,,,,,,,,,,,,,,,,,,,,,,,,,,,,,,,,,,,,,,,,,,,,,,,,,,,,,,,,,,,,,,,,,,,,,,,,,,,,,,,,,,,,,
MLB3-1:HZ,(                ),Hz,60,59,60,60,60,60,59,59,59,60,60,60,59,59,60,59,59,59,59,60,60,59,59,60,59,59,60,60,59,59,59,59,60,60,60,59,59,59,60,59,60,59,59,59,60,60,60,60,59,59,60,59,60,,,,,,,,,,,,,,,,,,,,,,,,,,,,,,,,,,,,,,,,,,,,,,,,,,,,,,,,,,,,,,,,,,,,,,,,,,,,,,,,,,,,,,,,,,,
MLB3-1:IR,(                ),A,374,341,336,339,362,306,301,319,320,357,350,362,370,355,337,315,322,296,243,254,248,258,254,247,231,270,280,258,243,251,222,233,250,224,234,227,189,224,242,230,233,231,220,210,239,251,251,251,354,386,438,551,633,,,,,,,,,,,,,,,,,,,,,,,,,,,,,,,,,,,,,,,,,,,,,,,,,,,,,,,,,,,,,,,,,,,,,,,,,,,,,,,,,,,,,,,,,,,
MLB3-1:IS,(                ),A,384,336,359,364,345,287,297,324,327,361,358,374,352,351,322,292,307,285,252,287,262,296,277,248,251,245,266,258,255,255,251,268,271,253,252,241,225,251,218,229,231,219,232,218,252,242,250,220,344,371,403,499,579,,,,,,,,,,,,,,,,,,,,,,,,,,,,,,,,,,,,,,,,,,,,,,,,,,,,,,,,,,,,,,,,,,,,,,,,,,,,,,,,,,,,,,,,,,,
MLB3-1:IT,(                ),A,410,370,357,365,381,326,346,336,350,423,403,391,392,391,359,328,339,302,286,287,289,308,300,270,254,266,279,284,262,278,263,259,275,295,279,260,260,272,245,237,272,223,283,256,231,249,243,283,372,396,461,556,618,,,,,,,,,,,,,,,,,,,,,,,,,,,,,,,,,,,,,,,,,,,,,,,,,,,,,,,,,,,,,,,,,,,,,,,,,,,,,,,,,,,,,,,,,,,
MLB3-1:KW,(                ),kW,246.4,218.5,220.4,224.5,231.8,194.3,199.6,206.4,210.2,243.8,236.2,238.5,236.7,234.9,216.6,199.6,206.0,188.3,163.7,176.4,169.1,183.7,176.2,161.9,154.7,163.2,174.8,167.6,159.5,166.9,154.5,159.8,168.7,164.0,163.2,152.1,142.2,158.5,149.6,146.7,156.3,142.4,155.4,145.1,153.5,157.2,158.2,161.0,227.6,246.1,279.9,338.7,390.1,,,,,,,,,,,,,,,,,,,,,,,,,,,,,,,,,,,,,,,,,,,,,,,,,,,,,,,,,,,,,,,,,,,,,,,,,,,,,,,,,,,,,,,,,,,
MLB3-1:KWH,(                ),,27578356,27578390,27578432,27578466,27578504,27578538,27578566,27578604,27578640,27578680,27578716,27578756,27578796,27578838,27578876,27578908,27578942,27578972,27579006,27579030,27579058,27579086,27579108,27579140,27579168,27579196,27579220,27579250,27579276,27579302,27579330,27579356,27579382,27579406,27579438,27579464,27579490,27579516,27579542,27579564,27579590,27579614,27579638,27579662,27579690,27579714,27579742,27579774,27579804,27579840,27579890,27579942,27579958,,,,,,,,,,,,,,,,,,,,,,,,,,,,,,,,,,,,,,,,,,,,,,,,,,,,,,,,,,,,,,,,,,,,,,,,,,,,,,,,,,,,,,,,,,,
MLB3-1:PF,(                ),,0.97,0.96,0.96,0.96,0.97,0.96,0.96,0.96,0.96,0.97,0.97,0.96,0.96,0.97,0.96,0.96,0.96,0.96,0.94,0.96,0.95,0.96,0.95,0.95,0.95,0.94,0.95,0.94,0.94,0.96,0.94,0.95,0.95,0.96,0.96,0.94,0.95,0.95,0.96,0.95,0.96,0.95,0.96,0.95,0.96,0.96,0.96,0.96,0.97,0.97,0.97,0.96,0.97,,,,,,,,,,,,,,,,,,,,,,,,,,,,,,,,,,,,,,,,,,,,,,,,,,,,,,,,,,,,,,,,,,,,,,,,,,,,,,,,,,,,,,,,,,,
MLB3-1:VRS,(                ),V,377.9,378.0,378.8,378.7,379.7,379.8,380.0,379.9,380.4,381.1,380.5,380.9,381.4,383.6,383.8,384.1,384.2,384.5,384.5,385.0,384.6,384.8,385.1,385.8,384.4,384.9,384.8,385.1,385.4,385.4,385.1,385.1,385.4,385.4,386.1,384.8,384.9,386.3,384.7,384.8,384.7,384.3,383.5,384.6,384.5,383.2,383.0,383.2,382.2,381.2,382.2,380.5,380.6,,,,,,,,,,,,,,,,,,,,,,,,,,,,,,,,,,,,,,,,,,,,,,,,,,,,,,,,,,,,,,,,,,,,,,,,,,,,,,,,,,,,,,,,,,,
MLB3-1:VST,(                ),V,378.3,378.4,379.2,379.0,380.2,380.3,380.4,380.3,380.6,381.3,380.7,381.1,381.7,384.0,384.2,384.5,384.6,384.9,384.9,385.0,384.9,384.9,385.3,386.0,384.6,385.3,385.2,385.4,385.6,385.6,385.3,385.3,385.6,385.5,386.4,385.0,384.9,386.7,385.1,384.9,385.1,384.7,384.0,384.8,385.0,383.9,383.7,383.9,382.8,381.9,382.9,381.4,381.4,,,,,,,,,,,,,,,,,,,,,,,,,,,,,,,,,,,,,,,,,,,,,,,,,,,,,,,,,,,,,,,,,,,,,,,,,,,,,,,,,,,,,,,,,,,
MLB3-1:VTR,(                ),V,377.9,377.9,378.8,378.6,379.7,379.9,379.9,379.9,380.2,380.8,380.3,380.8,381.5,383.4,383.7,384.1,384.1,384.6,384.5,384.9,384.5,384.6,384.9,385.6,384.4,384.9,384.9,385.0,385.2,385.2,384.8,385.1,385.2,384.9,386.0,384.5,384.5,386.2,384.6,384.6,384.7,384.5,383.3,384.3,384.6,383.3,383.4,383.0,382.2,381.4,382.3,380.7,380.8,,,,,,,,,,,,,,,,,,,,,,,,,,,,,,,,,,,,,,,,,,,,,,,,,,,,,,,,,,,,,,,,,,,,,,,,,,,,,,,,,,,,,,,,,,,
MLB4-1:HZ,(                ),Hz,60,59,60,60,60,60,59,59,59,60,59,60,59,59,60,59,59,59,59,60,60,59,59,60,59,59,60,60,59,59,59,59,60,60,60,59,59,59,60,59,60,59,59,59,60,60,60,60,59,59,60,59,60,,,,,,,,,,,,,,,,,,,,,,,,,,,,,,,,,,,,,,,,,,,,,,,,,,,,,,,,,,,,,,,,,,,,,,,,,,,,,,,,,,,,,,,,,,,
MLB4-1:IR,(                ),A,171,175,178,178,171,174,167,164,177,166,163,152,179,166,158,166,166,160,153,144,136,154,146,147,135,156,137,147,131,141,159,161,146,138,132,150,141,140,133,135,156,149,139,138,210,350,407,379,416,490,539,638,634,,,,,,,,,,,,,,,,,,,,,,,,,,,,,,,,,,,,,,,,,,,,,,,,,,,,,,,,,,,,,,,,,,,,,,,,,,,,,,,,,,,,,,,,,,,
MLB4-1:IS,(                ),A,162,162,169,173,160,166,151,175,159,169,190,139,144,177,161,147,172,141,141,144,118,139,140,122,114,138,129,130,137,132,136,119,150,137,131,135,127,124,107,121,133,123,134,125,199,314,388,365,419,493,535,638,622,,,,,,,,,,,,,,,,,,,,,,,,,,,,,,,,,,,,,,,,,,,,,,,,,,,,,,,,,,,,,,,,,,,,,,,,,,,,,,,,,,,,,,,,,,,
MLB4-1:IT,(                ),A,175,180,188,189,163,193,166,157,186,178,187,156,177,169,172,167,170,162,157,145,136,166,172,129,130,175,152,156,137,145,145,145,155,131,165,139,151,148,126,143,134,167,170,153,203,364,445,384,457,506,549,680,639,,,,,,,,,,,,,,,,,,,,,,,,,,,,,,,,,,,,,,,,,,,,,,,,,,,,,,,,,,,,,,,,,,,,,,,,,,,,,,,,,,,,,,,,,,,
MLB4-1:KW,(                ),kW,102.1,103.0,107.4,108.8,100.2,108.3,99.0,101.0,106.3,103.3,109.8,91.9,102.2,105.9,102.0,101.3,107.0,95.9,92.7,85.1,78.0,93.1,92.1,81.5,75.6,93.7,83.2,86.6,80.4,82.1,87.0,82.8,90.7,80.5,86.0,84.5,82.2,82.6,73.4,81.6,85.6,90.1,90.0,86.4,127.8,204.9,256.5,229.3,263.3,307.9,339.6,407.6,394.6,,,,,,,,,,,,,,,,,,,,,,,,,,,,,,,,,,,,,,,,,,,,,,,,,,,,,,,,,,,,,,,,,,,,,,,,,,,,,,,,,,,,,,,,,,,
MLB4-1:KWH,(                ),,22292568,22292584,22292604,22292620,22292638,22292654,22292670,22292692,22292708,22292726,22292742,22292758,22292774,22292792,22292810,22292826,22292842,22292858,22292876,22292890,22292904,22292918,22292930,22292950,22292962,22292976,22292990,22293004,22293018,22293034,22293046,22293060,22293074,22293086,22293100,22293116,22293128,22293142,22293156,22293168,22293182,22293194,22293210,22293224,22293242,22293276,22293316,22293360,22293402,22293444,22293502,22293566,22293584,,,,,,,,,,,,,,,,,,,,,,,,,,,,,,,,,,,,,,,,,,,,,,,,,,,,,,,,,,,,,,,,,,,,,,,,,,,,,,,,,,,,,,,,,,,
MLB4-1:PF,(                ),,0.92,0.92,0.92,0.92,0.92,0.93,0.93,0.93,0.93,0.92,0.93,0.93,0.93,0.93,0.94,0.95,0.95,0.93,0.93,0.89,0.90,0.91,0.91,0.92,0.90,0.90,0.90,0.90,0.89,0.88,0.89,0.88,0.91,0.89,0.90,0.90,0.89,0.90,0.90,0.92,0.91,0.93,0.92,0.94,0.94,0.90,0.94,0.92,0.93,0.94,0.95,0.95,0.95,,,,,,,,,,,,,,,,,,,,,,,,,,,,,,,,,,,,,,,,,,,,,,,,,,,,,,,,,,,,,,,,,,,,,,,,,,,,,,,,,,,,,,,,,,,
MLB4-1:VRS,(                ),V,377.9,377.9,378.8,378.6,379.5,379.4,379.8,379.9,380.1,380.8,380.6,380.9,381.3,383.5,383.6,384.0,384.2,384.5,384.3,384.6,384.5,384.6,385.0,385.5,384.3,384.6,384.7,384.9,385.2,385.1,384.7,384.9,385.2,385.1,386.0,384.6,384.8,385.9,384.4,384.6,384.3,384.0,383.3,384.3,384.4,382.3,382.0,382.2,381.3,380.4,381.7,380.0,380.2,,,,,,,,,,,,,,,,,,,,,,,,,,,,,,,,,,,,,,,,,,,,,,,,,,,,,,,,,,,,,,,,,,,,,,,,,,,,,,,,,,,,,,,,,,,
MLB4-1:VST,(                ),V,378.2,378.1,379.1,378.7,379.8,379.8,380.0,380.0,380.4,380.8,380.4,381.1,381.4,383.7,383.9,384.2,384.4,384.7,384.5,384.6,384.6,384.8,385.0,385.8,384.4,384.8,384.9,385.3,385.3,385.2,384.9,385.0,385.3,385.1,385.9,384.7,384.7,386.3,384.7,384.7,384.7,384.4,383.7,384.4,384.6,383.0,382.7,382.8,381.8,380.9,382.0,380.5,380.9,,,,,,,,,,,,,,,,,,,,,,,,,,,,,,,,,,,,,,,,,,,,,,,,,,,,,,,,,,,,,,,,,,,,,,,,,,,,,,,,,,,,,,,,,,,
MLB4-1:VTR,(                ),V,378.0,378.0,378.8,378.5,379.7,379.7,379.9,379.9,380.1,380.8,380.5,380.9,381.4,383.5,383.6,384.0,384.3,384.4,384.4,384.6,384.5,384.6,384.9,385.6,384.3,384.5,384.7,385.0,385.1,385.0,384.5,384.9,385.1,385.0,385.7,384.3,384.5,386.0,384.4,384.4,384.7,384.1,383.2,384.0,384.2,382.1,382.3,382.0,381.3,380.4,381.5,380.0,380.4,,,,,,,,,,,,,,,,,,,,,,,,,,,,,,,,,,,,,,,,,,,,,,,,,,,,,,,,,,,,,,,,,,,,,,,,,,,,,,,,,,,,,,,,,,,
ACMP-1:HZ,(                ),Hz,60,59,60,60,60,60,59,59,59,60,59,60,59,59,60,59,59,59,59,60,60,59,59,60,59,59,59,60,59,59,59,59,60,60,60,59,59,60,60,59,60,59,59,59,60,60,60,60,59,59,60,59,59,,,,,,,,,,,,,,,,,,,,,,,,,,,,,,,,,,,,,,,,,,,,,,,,,,,,,,,,,,,,,,,,,,,,,,,,,,,,,,,,,,,,,,,,,,,
ACMP-1:IR,(                ),A,517.5,479.8,422.2,414.9,422.0,374.8,387.4,358.4,379.9,376.9,393.0,390.8,7.8,7.8,7.2,7.2,7.9,7.9,7.0,7.1,7.2,7.9,7.8,7.1,7.0,7.8,8.1,7.6,7.4,7.3,8.1,8.1,7.4,65.0,66.0,555.4,561.0,557.8,565.5,558.7,562.1,562.6,553.7,478.7,424.0,390.3,369.5,351.5,552.9,610.8,1167.8,1165.9,1165.8,,,,,,,,,,,,,,,,,,,,,,,,,,,,,,,,,,,,,,,,,,,,,,,,,,,,,,,,,,,,,,,,,,,,,,,,,,,,,,,,,,,,,,,,,,,
ACMP-1:IS,(                ),A,515,484,425,420,424,376,390,362,385,379,398,393,11,11,9,9,11,10,9,9,9,11,10,9,9,10,11,9,9,9,10,11,9,65,67,568,573,567,577,571,573,573,564,489,432,397,375,357,564,622,1188,1191,1188,,,,,,,,,,,,,,,,,,,,,,,,,,,,,,,,,,,,,,,,,,,,,,,,,,,,,,,,,,,,,,,,,,,,,,,,,,,,,,,,,,,,,,,,,,,
ACMP-1:IT,(                ),A,532,495,437,429,434,386,399,369,392,387,405,404,7,8,7,8,8,7,8,7,7,8,7,8,8,7,8,7,7,9,7,8,8,63,65,557,561,558,567,560,564,562,554,480,424,392,368,350,556,614,1185,1191,1184,,,,,,,,,,,,,,,,,,,,,,,,,,,,,,,,,,,,,,,,,,,,,,,,,,,,,,,,,,,,,,,,,,,,,,,,,,,,,,,,,,,,,,,,,,,
ACMP-1:KW,(                ),kW,324.4,301.4,265.0,259.7,264.3,232.8,241.8,223.1,237.4,234.7,246.1,245.0,3.8,4.5,3.2,3.9,4.5,3.9,3.9,3.2,3.2,4.5,3.8,3.9,3.9,3.8,4.6,3.2,3.2,3.9,3.8,4.5,3.9,28.3,30.0,340.4,343.7,342.2,346.1,342.1,344.9,343.3,337.8,292.3,256.8,234.6,219.6,207.7,338.3,373.7,743.1,740.9,738.9,,,,,,,,,,,,,,,,,,,,,,,,,,,,,,,,,,,,,,,,,,,,,,,,,,,,,,,,,,,,,,,,,,,,,,,,,,,,,,,,,,,,,,,,,,,
ACMP-1:KWH,(                ),,11987179,11987226,11987279,11987320,11987365,11987403,11987438,11987483,11987523,11987564,11987601,11987642,11987667,11987668,11987668,11987669,11987669,11987670,11987671,11987671,11987672,11987673,11987673,11987674,11987675,11987675,11987676,11987676,11987677,11987678,11987678,11987679,11987680,11987681,11987687,11987726,11987780,11987839,11987898,11987954,11988013,11988067,11988124,11988171,11988216,11988258,11988297,11988334,11988375,11988429,11988543,11988671,11988706,,,,,,,,,,,,,,,,,,,,,,,,,,,,,,,,,,,,,,,,,,,,,,,,,,,,,,,,,,,,,,,,,,,,,,,,,,,,,,,,,,,,,,,,,,,
ACMP-1:PF,(                ),,0.93,0.93,0.92,0.92,0.92,0.92,0.92,0.91,0.92,0.92,0.92,0.92,0.67,0.74,0.62,0.69,0.74,0.68,0.69,0.62,0.62,0.74,0.67,0.69,0.69,0.67,0.74,0.61,0.62,0.69,0.68,0.74,0.69,0.64,0.67,0.90,0.90,0.90,0.90,0.90,0.90,0.90,0.90,0.89,0.89,0.88,0.88,0.87,0.90,0.90,0.94,0.94,0.94,,,,,,,,,,,,,,,,,,,,,,,,,,,,,,,,,,,,,,,,,,,,,,,,,,,,,,,,,,,,,,,,,,,,,,,,,,,,,,,,,,,,,,,,,,,
ACMP-1:VRS,(                ),V,385.0,385.1,386.2,386.3,387.1,387.2,387.2,387.5,387.2,388.1,387.7,388.3,390.3,392.3,392.3,392.6,392.9,393.1,393.2,393.3,393.0,393.3,393.3,394.2,392.9,393.3,393.4,393.6,393.7,393.8,393.3,393.6,393.8,393.5,394.0,390.0,390.4,392.1,390.2,390.0,390.4,390.2,389.0,390.5,391.1,389.8,390.2,389.9,388.3,387.3,385.1,383.6,384.2,,,,,,,,,,,,,,,,,,,,,,,,,,,,,,,,,,,,,,,,,,,,,,,,,,,,,,,,,,,,,,,,,,,,,,,,,,,,,,,,,,,,,,,,,,,
ACMP-1:VST,(                ),V,385.4,386.3,386.9,384.7,387.3,387.7,388.4,387.9,388.9,387.9,387.8,389.4,389.9,392.4,392.5,392.6,392.5,393.1,393.1,393.1,393.4,393.4,393.0,394.3,393.0,393.4,393.2,393.8,393.8,393.6,393.8,393.5,393.9,393.6,394.2,390.9,390.4,392.6,390.1,391.5,391.0,389.5,390.2,391.1,391.2,390.1,389.8,390.2,388.0,387.8,388.8,386.5,386.1,,,,,,,,,,,,,,,,,,,,,,,,,,,,,,,,,,,,,,,,,,,,,,,,,,,,,,,,,,,,,,,,,,,,,,,,,,,,,,,,,,,,,,,,,,,
ACMP-1:VTR,(                ),V,385.7,384.7,387.3,386.0,386.8,387.2,388.3,388.0,387.9,389.0,387.2,389.4,390.5,392.8,392.9,393.2,393.3,393.6,393.5,393.5,393.5,393.8,393.8,394.5,393.3,393.8,393.9,394.3,394.4,394.4,394.1,394.1,394.4,393.6,394.6,390.5,390.5,392.2,390.3,390.3,390.7,390.0,389.6,390.6,391.7,390.4,390.3,390.4,389.0,387.2,386.9,383.8,385.4,,,,,,,,,,,,,,,,,,,,,,,,,,,,,,,,,,,,,,,,,,,,,,,,,,,,,,,,,,,,,,,,,,,,,,,,,,,,,,,,,,,,,,,,,,,
ACMP-2:HZ,(                ),Hz,60,59,60,60,60,60,59,59,59,60,60,60,59,59,60,59,59,60,59,60,60,59,59,60,59,59,60,60,59,59,59,59,60,60,60,59,59,59,60,59,60,60,59,59,60,60,60,60,59,59,60,59,59,,,,,,,,,,,,,,,,,,,,,,,,,,,,,,,,,,,,,,,,,,,,,,,,,,,,,,,,,,,,,,,,,,,,,,,,,,,,,,,,,,,,,,,,,,,
ACMP-2:IR,(                ),A,298,242,247,221,255,256,219,248,241,240,241,247,115,114,115,115,114,114,115,84,84,84,83,121,139,138,114,124,175,175,176,176,174,230,229,252,245,170,247,244,244,244,268,230,230,229,230,251,380,381,533,517,524,,,,,,,,,,,,,,,,,,,,,,,,,,,,,,,,,,,,,,,,,,,,,,,,,,,,,,,,,,,,,,,,,,,,,,,,,,,,,,,,,,,,,,,,,,,
ACMP-2:IS,(                ),A,301,244,250,222,258,258,222,250,244,243,244,249,112,110,111,111,111,111,110,79,78,78,79,118,135,134,109,120,176,174,173,173,173,228,228,252,244,164,244,243,243,244,270,227,227,227,228,250,387,386,554,535,543,,,,,,,,,,,,,,,,,,,,,,,,,,,,,,,,,,,,,,,,,,,,,,,,,,,,,,,,,,,,,,,,,,,,,,,,,,,,,,,,,,,,,,,,,,,
ACMP-2:IT,(                ),A,297,240,246,219,255,255,219,247,240,239,240,245,112,112,112,112,112,112,112,80,80,81,81,119,138,137,111,121,176,176,175,174,174,230,230,253,246,166,247,247,245,244,270,230,229,229,228,252,385,384,548,530,537,,,,,,,,,,,,,,,,,,,,,,,,,,,,,,,,,,,,,,,,,,,,,,,,,,,,,,,,,,,,,,,,,,,,,,,,,,,,,,,,,,,,,,,,,,,
ACMP-2:KW,(                ),kW,170.0,137.5,141.2,125.4,146.0,146.5,125.3,141.4,137.7,137.5,137.7,141.2,63.0,62.9,63.1,63.2,63.0,63.1,62.9,47.2,47.1,47.2,47.1,67.0,76.3,75.9,62.7,68.3,97.0,96.4,95.8,96.0,95.7,133.8,133.7,145.7,141.9,98.5,142.6,141.6,141.3,141.1,154.9,133.3,133.6,132.9,133.2,145.2,223.5,223.0,314.0,303.1,307.6,,,,,,,,,,,,,,,,,,,,,,,,,,,,,,,,,,,,,,,,,,,,,,,,,,,,,,,,,,,,,,,,,,,,,,,,,,,,,,,,,,,,,,,,,,,
ACMP-2:KWH,(                ),,19320814,19320838,19320864,19320886,19320910,19320932,19320952,19320976,19321000,19321022,19321044,19321068,19321090,19321100,19321112,19321122,19321130,19321142,19321152,19321162,19321170,19321176,19321184,19321192,19321206,19321218,19321230,19321242,19321254,19321272,19321288,19321300,19321320,19321336,19321360,19321382,19321404,19321424,19321446,19321468,19321492,19321514,19321540,19321562,19321584,19321606,19321628,19321652,19321680,19321712,19321758,19321812,19321826,,,,,,,,,,,,,,,,,,,,,,,,,,,,,,,,,,,,,,,,,,,,,,,,,,,,,,,,,,,,,,,,,,,,,,,,,,,,,,,,,,,,,,,,,,,
ACMP-2:PF,(                ),,0.85,0.85,0.85,0.85,0.85,0.85,0.85,0.85,0.85,0.85,0.85,0.85,0.83,0.82,0.82,0.83,0.82,0.82,0.82,0.85,0.85,0.85,0.85,0.82,0.82,0.82,0.82,0.82,0.81,0.81,0.81,0.81,0.81,0.86,0.86,0.85,0.85,0.87,0.85,0.85,0.85,0.85,0.85,0.86,0.86,0.86,0.86,0.85,0.86,0.86,0.85,0.85,0.86,,,,,,,,,,,,,,,,,,,,,,,,,,,,,,,,,,,,,,,,,,,,,,,,,,,,,,,,,,,,,,,,,,,,,,,,,,,,,,,,,,,,,,,,,,,
ACMP-2:VRS,(                ),V,385.5,385.6,386.6,386.4,387.5,387.5,388.1,387.5,388.4,388.8,388.4,388.9,390.0,392.0,392.0,392.5,392.7,393.0,393.4,393.4,393.0,393.2,393.5,394.0,392.7,393.1,393.3,393.5,393.6,393.4,393.1,393.2,393.7,392.8,393.6,392.1,392.4,394.0,392.3,392.2,392.6,391.9,390.7,392.0,392.5,390.9,391.2,390.8,388.8,388.5,388.8,387.5,387.8,,,,,,,,,,,,,,,,,,,,,,,,,,,,,,,,,,,,,,,,,,,,,,,,,,,,,,,,,,,,,,,,,,,,,,,,,,,,,,,,,,,,,,,,,,,
ACMP-2:VST,(                ),V,386.3,386.1,387.7,387.3,388.1,387.7,388.8,388.1,388.9,389.3,389.0,389.4,391.0,393.2,393.3,393.1,393.6,393.5,394.0,393.7,393.8,394.2,394.0,394.8,393.8,394.2,393.8,394.3,394.4,394.4,393.9,394.2,394.3,393.7,394.4,393.2,393.3,395.2,393.1,393.2,393.0,392.6,392.0,393.1,393.3,391.7,391.3,391.6,389.7,389.5,389.7,388.9,388.8,,,,,,,,,,,,,,,,,,,,,,,,,,,,,,,,,,,,,,,,,,,,,,,,,,,,,,,,,,,,,,,,,,,,,,,,,,,,,,,,,,,,,,,,,,,
ACMP-2:VTR,(                ),V,386.2,385.8,386.4,386.1,387.3,387.3,388.0,387.5,388.5,388.3,388.0,388.6,389.9,392.2,392.5,393.1,393.1,393.2,393.4,393.5,393.5,393.5,393.8,394.3,392.8,393.5,393.2,393.9,394.1,393.5,393.3,393.6,393.7,393.3,393.7,392.2,392.6,394.2,392.6,392.1,392.6,392.1,391.5,391.8,392.6,391.5,391.1,391.1,389.6,389.0,389.3,387.9,388.2,,,,,,,,,,,,,,,,,,,,,,,,,,,,,,,,,,,,,,,,,,,,,,,,,,,,,,,,,,,,,,,,,,,,,,,,,,,,,,,,,,,,,,,,,,,
GCB1:HZ,(                ),Hz,60,59,60,59,60,60,60,59,60,59,59,59,59,60,60,59,60,59,60,60,60,59,60,59,59,60,59,59,60,59,59,59,59,60,60,59,59,59,60,60,59,59,59,59,60,60,60,60,59,59,60,60,59,,,,,,,,,,,,,,,,,,,,,,,,,,,,,,,,,,,,,,,,,,,,,,,,,,,,,,,,,,,,,,,,,,,,,,,,,,,,,,,,,,,,,,,,,,,
GCB1:IR,(                ),A,3,3,3,3,2,2,2,2,2,2,2,3,3,2,2,3,3,2,2,2,2,2,2,2,2,3,3,2,2,3,2,2,3,2,3,3,3,3,3,3,3,3,3,3,3,3,3,3,3,3,3,3,3,,,,,,,,,,,,,,,,,,,,,,,,,,,,,,,,,,,,,,,,,,,,,,,,,,,,,,,,,,,,,,,,,,,,,,,,,,,,,,,,,,,,,,,,,,,
GCB1:IS,(                ),A,3,3,3,3,2,3,3,2,3,3,3,3,3,2,2,3,3,2,2,3,2,2,2,3,2,3,2,2,2,3,2,3,2,3,3,3,3,3,3,3,3,3,3,3,3,3,3,3,3,3,3,3,4,,,,,,,,,,,,,,,,,,,,,,,,,,,,,,,,,,,,,,,,,,,,,,,,,,,,,,,,,,,,,,,,,,,,,,,,,,,,,,,,,,,,,,,,,,,
GCB1:IT,(                ),A,4,3,3,3,3,3,3,3,3,3,3,3,3,3,3,3,3,3,2,3,3,2,3,3,3,3,3,2,3,3,3,3,3,3,3,4,3,3,3,3,3,3,3,3,3,3,3,3,3,3,3,3,4,,,,,,,,,,,,,,,,,,,,,,,,,,,,,,,,,,,,,,,,,,,,,,,,,,,,,,,,,,,,,,,,,,,,,,,,,,,,,,,,,,,,,,,,,,,
GCB1:KW,(                ),kW,94.1,94.2,96.0,85.5,76.1,77.3,80.7,78.0,80.5,81.7,81.1,85.2,80.8,75.4,79.0,85.5,82.6,80.0,73.8,84.0,77.6,72.6,80.1,82.9,76.5,85.1,80.3,75.4,81.5,83.5,80.2,87.3,79.9,81.2,90.6,101.3,88.6,93.3,85.9,93.2,89.9,83.0,87.9,90.5,84.6,84.9,91.0,85.4,92.6,94.1,92.9,82.3,97.7,,,,,,,,,,,,,,,,,,,,,,,,,,,,,,,,,,,,,,,,,,,,,,,,,,,,,,,,,,,,,,,,,,,,,,,,,,,,,,,,,,,,,,,,,,,
GCB1:KWH,(                ),,8669153,8669167,8669185,8669201,8669214,8669227,8669240,8669256,8669269,8669282,8669296,8669310,8669322,8669338,8669350,8669364,8669378,8669389,8669404,8669418,8669431,8669444,8669455,8669470,8669484,8669497,8669510,8669524,8669536,8669551,8669564,8669578,8669591,8669603,8669618,8669633,8669650,8669665,8669675,8669693,8669708,8669724,8669738,8669752,8669768,8669783,8669797,8669811,8669826,8669840,8669857,8669872,8669877,,,,,,,,,,,,,,,,,,,,,,,,,,,,,,,,,,,,,,,,,,,,,,,,,,,,,,,,,,,,,,,,,,,,,,,,,,,,,,,,,,,,,,,,,,,
GCB1:PF,(                ),, -0.77, -0.77, -0.78, -0.80, -0.84, -0.85, -0.85, -0.86, -0.85, -0.85, -0.83, -0.84, -0.85, -0.85, -0.86, -0.85, -0.86, -0.86, -0.87, -0.88, -0.86, -0.87, -0.87, -0.87, -0.87, -0.87, -0.86, -0.86, -0.88, -0.85, -0.88, -0.86, -0.87, -0.87, -0.80, -0.80, -0.80, -0.80, -0.79, -0.80, -0.82, -0.82, -0.80, -0.79, -0.80, -0.79, -0.79, -0.81, -0.79, -0.75, -0.75, -0.76, -0.75,,,,,,,,,,,,,,,,,,,,,,,,,,,,,,,,,,,,,,,,,,,,,,,,,,,,,,,,,,,,,,,,,,,,,,,,,,,,,,,,,,,,,,,,,,,
GCB1:VRS,(                ),V,20.8,20.8,20.8,20.8,20.9,20.8,20.9,20.9,20.9,20.9,20.9,20.9,21.0,21.1,21.1,21.1,21.1,21.1,21.1,21.2,21.1,21.2,21.1,21.2,21.1,21.1,21.2,21.2,21.2,21.2,21.2,21.1,21.2,21.2,21.1,21.1,21.1,21.2,21.1,21.2,21.1,21.1,21.0,21.1,21.1,21.1,21.1,21.1,21.0,21.0,21.0,20.9,21.0,,,,,,,,,,,,,,,,,,,,,,,,,,,,,,,,,,,,,,,,,,,,,,,,,,,,,,,,,,,,,,,,,,,,,,,,,,,,,,,,,,,,,,,,,,,
GCB1:VST,(                ),V,20.8,20.8,20.7,20.8,20.8,20.8,20.8,20.8,20.9,20.8,20.9,20.9,21.0,21.0,21.0,21.1,21.1,21.1,21.1,21.1,21.1,21.1,21.1,21.1,21.1,21.1,21.1,21.1,21.2,21.1,21.2,21.1,21.2,21.1,21.1,21.1,21.1,21.2,21.1,21.1,21.1,21.1,21.0,21.1,21.1,21.1,21.0,21.0,21.0,20.9,21.0,20.9,21.0,,,,,,,,,,,,,,,,,,,,,,,,,,,,,,,,,,,,,,,,,,,,,,,,,,,,,,,,,,,,,,,,,,,,,,,,,,,,,,,,,,,,,,,,,,,
GCB1:VTR,(                ),V,20.8,20.8,20.8,20.8,20.9,20.9,20.9,20.9,20.9,20.9,20.9,20.9,21.0,21.1,21.1,21.1,21.1,21.1,21.1,21.1,21.1,21.1,21.1,21.2,21.1,21.1,21.1,21.2,21.2,21.1,21.1,21.1,21.2,21.2,21.1,21.1,21.1,21.2,21.1,21.1,21.1,21.1,21.1,21.1,21.1,21.1,21.0,21.0,21.0,21.0,21.0,21.0,21.0,,,,,,,,,,,,,,,,,,,,,,,,,,,,,,,,,,,,,,,,,,,,,,,,,,,,,,,,,,,,,,,,,,,,,,,,,,,,,,,,,,,,,,,,,,,
GCB2:HZ,(                ),Hz,60,59,60,59,60,60,60,59,59,59,59,59,59,60,60,59,60,59,60,60,60,59,59,59,59,60,59,59,60,59,59,59,59,60,60,59,59,60,59,60,60,59,59,59,60,60,60,60,59,59,60,60,59,,,,,,,,,,,,,,,,,,,,,,,,,,,,,,,,,,,,,,,,,,,,,,,,,,,,,,,,,,,,,,,,,,,,,,,,,,,,,,,,,,,,,,,,,,,
GCB2:IR,(                ),A,1,1,1,1,1,1,1,1,1,1,1,1,1,1,1,1,1,1,1,0,1,1,1,1,1,1,1,1,1,1,1,1,1,1,1,1,1,1,1,1,1,1,1,1,1,6,10,3,4,9,12,13,13,,,,,,,,,,,,,,,,,,,,,,,,,,,,,,,,,,,,,,,,,,,,,,,,,,,,,,,,,,,,,,,,,,,,,,,,,,,,,,,,,,,,,,,,,,,
GCB2:IS,(                ),A,0,0,0,1,0,0,1,0,1,0,1,0,1,1,1,1,0,1,0,0,1,1,0,0,0,1,1,1,1,1,1,0,1,1,1,1,1,1,0,1,1,0,0,1,0,6,10,3,4,9,12,13,12,,,,,,,,,,,,,,,,,,,,,,,,,,,,,,,,,,,,,,,,,,,,,,,,,,,,,,,,,,,,,,,,,,,,,,,,,,,,,,,,,,,,,,,,,,,
GCB2:IT,(                ),A,1,1,1,1,1,1,1,1,1,1,1,1,1,1,1,1,1,1,1,1,1,1,1,1,1,1,1,1,1,1,1,1,1,1,1,1,1,1,1,1,1,1,1,1,1,6,10,3,4,9,12,12,12,,,,,,,,,,,,,,,,,,,,,,,,,,,,,,,,,,,,,,,,,,,,,,,,,,,,,,,,,,,,,,,,,,,,,,,,,,,,,,,,,,,,,,,,,,,
GCB2:KW,(                ),kW,14.0,13.9,13.9,14.5,14.0,13.9,14.6,14.2,15.2,14.5,14.4,14.0,15.0,14.8,14.9,14.5,14.1,14.9,14.2,13.6,14.3,14.8,14.1,14.2,13.9,15.0,14.4,14.6,14.6,14.7,14.7,14.0,14.9,15.0,14.7,14.8,14.4,15.0,14.3,14.4,14.7,14.0,14.1,14.8,14.2,200.2,347.8,94.8,130.8,320.5,408.1,431.7,430.3,,,,,,,,,,,,,,,,,,,,,,,,,,,,,,,,,,,,,,,,,,,,,,,,,,,,,,,,,,,,,,,,,,,,,,,,,,,,,,,,,,,,,,,,,,,
GCB2:KWH,(                ),,15655960,15655960,15655960,15655960,15655970,15655970,15655970,15655970,15655970,15655980,15655980,15655980,15655980,15655991,15655991,15655991,15655991,15656000,15656000,15656000,15656000,15656010,15656010,15656010,15656010,15656020,15656020,15656020,15656020,15656030,15656030,15656030,15656030,15656030,15656041,15656041,15656041,15656041,15656050,15656050,15656050,15656050,15656060,15656060,15656060,15656070,15656121,15656171,15656190,15656220,15656291,15656350,15656381,,,,,,,,,,,,,,,,,,,,,,,,,,,,,,,,,,,,,,,,,,,,,,,,,,,,,,,,,,,,,,,,,,,,,,,,,,,,,,,,,,,,,,,,,,,
GCB2:PF,(                ),,0.76,0.76,0.76,0.77,0.76,0.76,0.77,0.76,0.78,0.77,0.76,0.75,0.78,0.77,0.77,0.76,0.75,0.76,0.76,0.75,0.75,0.76,0.75,0.75,0.74,0.77,0.75,0.76,0.76,0.76,0.76,0.74,0.76,0.77,0.76,0.76,0.75,0.76,0.75,0.75,0.76,0.75,0.75,0.77,0.75,0.96,0.93,0.88,0.96,0.95,0.95,0.95,0.95,,,,,,,,,,,,,,,,,,,,,,,,,,,,,,,,,,,,,,,,,,,,,,,,,,,,,,,,,,,,,,,,,,,,,,,,,,,,,,,,,,,,,,,,,,,
GCB2:VRS,(                ),V,20.7,20.7,20.7,20.8,20.8,20.9,20.9,20.9,20.9,20.9,20.9,20.8,20.9,21.1,21.1,21.1,21.1,21.1,21.1,21.1,21.1,21.1,21.1,21.2,21.1,21.2,21.1,21.2,21.1,21.1,21.1,21.2,21.2,21.2,21.1,21.1,21.1,21.2,21.1,21.2,21.1,21.1,21.1,21.0,21.1,21.1,21.0,21.1,21.0,20.9,21.0,21.0,21.0,,,,,,,,,,,,,,,,,,,,,,,,,,,,,,,,,,,,,,,,,,,,,,,,,,,,,,,,,,,,,,,,,,,,,,,,,,,,,,,,,,,,,,,,,,,
GCB2:VST,(                ),V,20.8,20.8,20.8,20.8,20.8,20.8,20.9,20.8,20.9,20.9,20.9,20.9,20.9,21.1,21.1,21.1,21.1,21.1,21.1,21.1,21.1,21.1,21.1,21.1,21.1,21.1,21.1,21.1,21.1,21.1,21.1,21.1,21.1,21.1,21.1,21.1,21.1,21.2,21.1,21.1,21.1,21.1,21.1,21.1,21.1,21.0,21.0,21.0,21.0,20.9,21.0,21.0,21.0,,,,,,,,,,,,,,,,,,,,,,,,,,,,,,,,,,,,,,,,,,,,,,,,,,,,,,,,,,,,,,,,,,,,,,,,,,,,,,,,,,,,,,,,,,,
GCB2:VTR,(                ),V,20.8,20.7,20.8,20.9,20.8,20.9,20.9,20.9,20.9,20.9,20.9,20.9,20.9,21.1,21.1,21.1,21.1,21.1,21.1,21.1,21.1,21.1,21.1,21.2,21.2,21.2,21.1,21.2,21.1,21.1,21.1,21.2,21.2,21.2,21.1,21.1,21.1,21.2,21.1,21.2,21.1,21.1,21.1,21.1,21.1,21.1,21.0,21.0,21.0,20.9,21.0,21.0,21.0,,,,,,,,,,,,,,,,,,,,,,,,,,,,,,,,,,,,,,,,,,,,,,,,,,,,,,,,,,,,,,,,,,,,,,,,,,,,,,,,,,,,,,,,,,,
PM:HZ,(                ),Hz,60,59,60,59,60,60,60,59,60,59,59,59,59,60,60,59,60,59,60,60,60,59,59,59,59,60,59,59,60,59,59,59,59,60,60,59,59,60,60,60,60,59,59,59,60,60,60,60,59,59,60,60,59,,,,,,,,,,,,,,,,,,,,,,,,,,,,,,,,,,,,,,,,,,,,,,,,,,,,,,,,,,,,,,,,,,,,,,,,,,,,,,,,,,,,,,,,,,,
PM:IR,(                ),A,218,225,238,203,160,163,157,169,171,165,160,168,168,164,161,178,157,170,162,161,155,157,160,170,168,170,173,166,164,167,165,168,168,169,212,218,186,194,186,187,175,172,188,205,190,182,206,176,189,220,207,199,217,,,,,,,,,,,,,,,,,,,,,,,,,,,,,,,,,,,,,,,,,,,,,,,,,,,,,,,,,,,,,,,,,,,,,,,,,,,,,,,,,,,,,,,,,,,
PM:IS,(                ),A,170,183,182,142,121,130,126,112,124,121,130,127,137,110,105,137,147,127,110,132,116,107,108,129,113,118,137,119,115,134,114,139,129,127,148,180,162,165,161,161,171,149,172,161,167,161,171,163,175,185,192,166,190,,,,,,,,,,,,,,,,,,,,,,,,,,,,,,,,,,,,,,,,,,,,,,,,,,,,,,,,,,,,,,,,,,,,,,,,,,,,,,,,,,,,,,,,,,,
PM:IT,(                ),A,214,197,201,182,156,152,183,165,164,178,187,195,159,151,174,169,160,150,136,166,159,132,170,163,140,175,143,134,163,167,157,192,149,156,185,209,191,201,180,219,184,168,174,189,164,182,190,171,201,205,194,170,232,,,,,,,,,,,,,,,,,,,,,,,,,,,,,,,,,,,,,,,,,,,,,,,,,,,,,,,,,,,,,,,,,,,,,,,,,,,,,,,,,,,,,,,,,,,
PM:KW,(                ),kW,122.7,123.3,126.6,106.8,85.8,86.2,90.9,86.4,89.1,90.2,94.5,96.2,91.4,83.8,85.4,95.2,91.1,87.1,78.7,87.8,83.8,76.2,84.3,89.7,81.4,89.0,88.7,81.6,84.3,92.4,83.6,97.4,86.2,87.7,112.3,124.5,110.4,115.3,108.7,116.0,106.9,98.3,109.3,113.9,107.0,108.2,116.2,103.2,115.7,127.6,123.6,111.1,133.8,,,,,,,,,,,,,,,,,,,,,,,,,,,,,,,,,,,,,,,,,,,,,,,,,,,,,,,,,,,,,,,,,,,,,,,,,,,,,,,,,,,,,,,,,,,
PM:KWH,(                ),,13922688,13922707,13922730,13922750,13922765,13922780,13922795,13922811,13922826,13922840,13922857,13922874,13922886,13922904,13922918,13922932,13922948,13922961,13922975,13922990,13923004,13923017,13923029,13923046,13923060,13923073,13923089,13923103,13923116,13923133,13923146,13923161,13923177,13923188,13923205,13923224,13923245,13923265,13923278,13923298,13923318,13923338,13923355,13923372,13923392,13923411,13923429,13923445,13923465,13923483,13923506,13923525,13923533,,,,,,,,,,,,,,,,,,,,,,,,,,,,,,,,,,,,,,,,,,,,,,,,,,,,,,,,,,,,,,,,,,,,,,,,,,,,,,,,,,,,,,,,,,,
PM:PF,(                ),,0.93,0.93,0.93,0.92,0.89,0.88,0.89,0.88,0.88,0.88,0.90,0.89,0.89,0.89,0.87,0.89,0.88,0.88,0.87,0.86,0.87,0.86,0.86,0.87,0.87,0.86,0.88,0.87,0.86,0.89,0.86,0.87,0.87,0.87,0.92,0.92,0.92,0.92,0.93,0.92,0.91,0.90,0.92,0.92,0.92,0.93,0.93,0.91,0.93,0.95,0.94,0.94,0.95,,,,,,,,,,,,,,,,,,,,,,,,,,,,,,,,,,,,,,,,,,,,,,,,,,,,,,,,,,,,,,,,,,,,,,,,,,,,,,,,,,,,,,,,,,,
PM:VRS,(                ),V,379.3,379.0,379.3,380.0,380.3,380.3,381.2,380.6,381.6,381.7,381.6,381.8,382.3,384.6,384.6,384.9,385.3,385.3,385.6,385.5,385.7,385.6,385.7,386.2,385.1,385.8,385.7,386.2,386.1,386.1,385.8,386.2,386.2,386.0,386.2,385.6,385.5,387.0,385.5,386.0,385.6,385.3,384.4,385.3,385.4,384.5,383.8,384.0,383.1,382.1,383.3,382.8,382.9,,,,,,,,,,,,,,,,,,,,,,,,,,,,,,,,,,,,,,,,,,,,,,,,,,,,,,,,,,,,,,,,,,,,,,,,,,,,,,,,,,,,,,,,,,,
PM:VST,(                ),V,379.7,379.4,379.8,380.4,380.7,380.4,381.3,381.0,381.8,381.7,381.5,382.0,382.5,384.9,385.0,385.2,385.3,385.5,385.9,385.4,385.9,386.0,385.8,386.3,385.3,385.9,385.9,386.4,386.3,386.3,386.0,386.2,386.3,386.1,386.5,385.7,385.4,387.3,385.5,385.8,385.6,385.3,384.7,385.4,385.6,384.6,384.1,384.1,383.5,382.6,383.6,383.0,383.2,,,,,,,,,,,,,,,,,,,,,,,,,,,,,,,,,,,,,,,,,,,,,,,,,,,,,,,,,,,,,,,,,,,,,,,,,,,,,,,,,,,,,,,,,,,
PM:VTR,(                ),V,379.4,379.0,379.6,380.0,380.4,380.2,380.9,380.6,381.3,381.4,381.2,381.5,382.5,384.5,384.3,384.8,385.2,385.2,385.6,385.3,385.5,385.7,385.4,385.9,385.1,385.5,385.7,386.2,385.8,385.8,385.5,385.6,386.1,385.8,386.0,385.2,385.2,386.8,385.1,385.3,385.3,384.9,384.5,384.8,385.3,384.1,383.9,383.8,383.0,382.5,383.5,382.7,382.7,,,,,,,,,,,,,,,,,,,,,,,,,,,,,,,,,,,,,,,,,,,,,,,,,,,,,,,,,,,,,,,,,,,,,,,,,,,,,,,,,,,,,,,,,,,
PAC:HZ,(                ),Hz,60,59,60,59,60,60,60,59,60,59,59,59,59,60,60,59,60,59,60,60,60,59,59,59,59,60,59,59,60,59,59,59,59,60,60,59,59,60,60,60,60,59,59,59,60,60,60,60,59,59,60,60,59,,,,,,,,,,,,,,,,,,,,,,,,,,,,,,,,,,,,,,,,,,,,,,,,,,,,,,,,,,,,,,,,,,,,,,,,,,,,,,,,,,,,,,,,,,,
PAC:IR,(                ),A,29,29,29,29,29,29,29,29,29,29,29,30,30,29,29,29,29,29,29,29,29,29,29,29,29,30,29,29,29,29,29,29,29,29,29,29,29,29,28,29,29,29,28,29,29,346,610,177,226,558,709,752,750,,,,,,,,,,,,,,,,,,,,,,,,,,,,,,,,,,,,,,,,,,,,,,,,,,,,,,,,,,,,,,,,,,,,,,,,,,,,,,,,,,,,,,,,,,,
PAC:IS,(                ),A,29,29,30,29,29,29,29,29,29,29,29,30,30,29,29,29,30,29,25,25,30,30,29,30,29,30,30,29,30,30,30,29,30,30,30,30,30,29,29,30,30,29,29,30,29,349,624,175,223,561,717,760,757,,,,,,,,,,,,,,,,,,,,,,,,,,,,,,,,,,,,,,,,,,,,,,,,,,,,,,,,,,,,,,,,,,,,,,,,,,,,,,,,,,,,,,,,,,,
PAC:IT,(                ),A,27,27,28,27,27,27,27,27,27,27,27,28,28,27,27,27,27,27,27,27,27,28,27,27,27,28,27,27,28,27,27,27,28,28,27,27,27,27,26,27,27,27,27,27,27,341,605,176,227,553,703,746,742,,,,,,,,,,,,,,,,,,,,,,,,,,,,,,,,,,,,,,,,,,,,,,,,,,,,,,,,,,,,,,,,,,,,,,,,,,,,,,,,,,,,,,,,,,,
PAC:KW,(                ),kW,14.7,14.9,15.3,14.8,14.8,14.5,14.9,14.8,14.8,14.7,14.8,15.3,15.3,14.7,14.8,14.6,15.0,14.7,14.2,14.3,15.1,15.0,14.6,15.0,14.9,15.4,15.0,14.5,15.2,14.9,15.2,14.8,15.3,15.2,14.9,15.1,15.2,14.8,14.4,15.1,15.0,14.7,14.5,15.1,14.8,220.6,379.9,103.7,143.7,350.1,445.7,472.3,471.0,,,,,,,,,,,,,,,,,,,,,,,,,,,,,,,,,,,,,,,,,,,,,,,,,,,,,,,,,,,,,,,,,,,,,,,,,,,,,,,,,,,,,,,,,,,
PAC:KWH,(                ),,17079928,17079930,17079934,17079936,17079938,17079942,17079944,17079946,17079948,17079952,17079954,17079956,17079958,17079962,17079964,17079966,17079968,17079970,17079974,17079976,17079978,17079980,17079982,17079986,17079988,17079990,17079994,17079996,17079998,17080000,17080004,17080006,17080008,17080010,17080014,17080016,17080018,17080020,17080022,17080026,17080028,17080030,17080032,17080036,17080038,17080048,17080106,17080156,17080176,17080208,17080288,17080358,17080388,,,,,,,,,,,,,,,,,,,,,,,,,,,,,,,,,,,,,,,,,,,,,,,,,,,,,,,,,,,,,,,,,,,,,,,,,,,,,,,,,,,,,,,,,,,
PAC:PF,(                ),,0.79,0.79,0.80,0.79,0.79,0.79,0.79,0.79,0.79,0.79,0.79,0.80,0.80,0.78,0.78,0.78,0.78,0.78,0.79,0.79,0.79,0.78,0.77,0.78,0.78,0.79,0.78,0.77,0.79,0.78,0.79,0.78,0.79,0.79,0.78,0.79,0.79,0.78,0.77,0.79,0.78,0.78,0.78,0.79,0.78,0.96,0.94,0.89,0.96,0.96,0.95,0.96,0.96,,,,,,,,,,,,,,,,,,,,,,,,,,,,,,,,,,,,,,,,,,,,,,,,,,,,,,,,,,,,,,,,,,,,,,,,,,,,,,,,,,,,,,,,,,,
PAC:VRS,(                ),V,378.5,378.3,378.8,379.3,379.7,379.1,380.1,379.8,380.7,380.8,380.7,381.0,381.6,383.7,383.7,384.1,384.4,384.6,384.7,384.7,384.9,384.8,385.0,385.2,384.2,384.8,384.9,385.3,385.4,385.3,384.9,385.4,385.3,385.3,385.6,385.0,384.7,386.2,384.6,384.7,384.5,384.2,383.7,384.5,384.5,382.3,380.4,382.3,381.5,379.1,379.6,379.0,378.9,,,,,,,,,,,,,,,,,,,,,,,,,,,,,,,,,,,,,,,,,,,,,,,,,,,,,,,,,,,,,,,,,,,,,,,,,,,,,,,,,,,,,,,,,,,
PAC:VST,(                ),V,379.0,378.5,379.1,379.4,379.8,379.3,380.2,380.0,380.8,380.8,380.5,381.0,381.6,383.9,384.0,384.2,384.5,384.7,384.8,384.7,385.0,385.0,385.0,385.4,384.3,384.9,385.1,385.5,385.5,385.4,385.1,385.4,385.5,385.4,385.6,385.0,384.6,386.6,384.6,384.7,384.7,384.3,384.1,384.5,384.9,382.5,380.8,382.7,382.0,379.5,380.2,379.1,379.6,,,,,,,,,,,,,,,,,,,,,,,,,,,,,,,,,,,,,,,,,,,,,,,,,,,,,,,,,,,,,,,,,,,,,,,,,,,,,,,,,,,,,,,,,,,
PAC:VTR,(                ),V,379.0,378.5,379.2,379.5,380.0,379.5,380.5,380.1,380.9,381.2,380.9,381.3,382.0,384.0,384.0,384.3,384.7,384.9,385.0,384.9,385.1,385.2,385.2,385.5,384.5,385.0,385.2,385.6,385.5,385.4,385.0,385.4,385.6,385.5,385.7,384.9,384.8,386.5,384.7,384.8,384.8,384.5,384.2,384.4,384.8,382.4,381.0,382.7,381.9,379.9,379.7,378.9,379.3,,,,,,,,,,,,,,,,,,,,,,,,,,,,,,,,,,,,,,,,,,,,,,,,,,,,,,,,,,,,,,,,,,,,,,,,,,,,,,,,,,,,,,,,,,,
CH1B1:KWH,(                ),,4433714,4433714,4433714,4433714,4433714,4433714,4433714,4433714,4433714,4433714,4433714,4433714,4433714,4433714,4433714,4433714,4433714,4433714,4433714,4433714,4433714,4433714,4433714,4433714,4433714,4433714,4433714,4433714,4433714,4433714,4433714,4433714,4433714,4433714,4433714,4433714,4433714,4433714,4433714,4433714,4433714,4433714,4433714,4433714,4433714,4433714,4433714,4433714,4433714,4433714,4433714,4433714,4433714,,,,,,,,,,,,,,,,,,,,,,,,,,,,,,,,,,,,,,,,,,,,,,,,,,,,,,,,,,,,,,,,,,,,,,,,,,,,,,,,,,,,,,,,,,,
CH2B1:KWH,(                ),,3323912,3323912,3323912,3323912,3323912,3323912,3323912,3323912,3323912,3323912,3323912,3323912,3323912,3323912,3323912,3323912,3323912,3323912,3323912,3323912,3323912,3323912,3323912,3323912,3323912,3323912,3323912,3323912,3323912,3323912,3323912,3323912,3323912,3323912,3323912,3323912,3323912,3323912,3323912,3323912,3323912,3323912,3323912,3323912,3323912,3323912,3323912,3323912,3323912,3323912,3323912,3323912,3323912,,,,,,,,,,,,,,,,,,,,,,,,,,,,,,,,,,,,,,,,,,,,,,,,,,,,,,,,,,,,,,,,,,,,,,,,,,,,,,,,,,,,,,,,,,,
CHP1B1:KWH,(                ),,313214,313214,313214,313214,313214,313214,313214,313214,313214,313214,313214,313214,313214,313214,313214,313214,313214,313214,313214,313214,313214,313214,313214,313214,313214,313214,313214,313214,313214,313214,313214,313214,313214,313214,313214,313214,313214,313214,313214,313214,313214,313214,313214,313214,313214,313214,313214,313214,313214,313214,313214,313214,313214,,,,,,,,,,,,,,,,,,,,,,,,,,,,,,,,,,,,,,,,,,,,,,,,,,,,,,,,,,,,,,,,,,,,,,,,,,,,,,,,,,,,,,,,,,,
CHP2B1:KWH,(                ),,259932,259932,259932,259932,259932,259932,259932,259932,259932,259932,259932,259932,259932,259932,259932,259932,259932,259932,259932,259932,259932,259932,259932,259932,259932,259932,259932,259932,259932,259932,259932,259932,259932,259932,259932,259932,259932,259932,259932,259932,259932,259932,259932,259932,259932,259932,259932,259932,259932,259932,259932,259932,259932,,,,,,,,,,,,,,,,,,,,,,,,,,,,,,,,,,,,,,,,,,,,,,,,,,,,,,,,,,,,,,,,,,,,,,,,,,,,,,,,,,,,,,,,,,,
CHP3B1:KWH,(                ),,4159,4159,4159,4159,4159,4159,4159,4159,4159,4159,4159,4159,4159,4159,4159,4159,4159,4159,4159,4159,4159,4159,4159,4159,4159,4159,4159,4159,4159,4159,4159,4159,4159,4159,4159,4159,4159,4159,4159,4159,4159,4159,4159,4159,4159,4159,4159,4159,4159,4159,4159,4159,4159,,,,,,,,,,,,,,,,,,,,,,,,,,,,,,,,,,,,,,,,,,,,,,,,,,,,,,,,,,,,,,,,,,,,,,,,,,,,,,,,,,,,,,,,,,,
CT1B1:KW,(                ),kW,8.2,8.2,8.2,8.2,8.2,8.2,8.2,8.2,8.2,8.2,8.2,8.2,8.2,8.2,8.2,8.2,8.2,8.2,8.2,8.2,8.2,8.2,8.2,8.2,8.2,8.2,8.2,8.2,8.2,8.2,8.2,8.2,8.2,8.2,8.2,8.2,8.2,8.2,8.2,8.2,8.2,8.2,8.2,8.2,8.2,8.2,8.2,8.2,8.2,8.2,8.2,8.2,8.2,,,,,,,,,,,,,,,,,,,,,,,,,,,,,,,,,,,,,,,,,,,,,,,,,,,,,,,,,,,,,,,,,,,,,,,,,,,,,,,,,,,,,,,,,,,
CT1B1:KWH,(                ),,244843,244843,244843,244843,244843,244843,244843,244843,244843,244843,244843,244843,244843,244843,244843,244843,244843,244843,244843,244843,244843,244843,244843,244843,244843,244843,244843,244843,244843,244843,244843,244843,244843,244843,244843,244843,244843,244843,244843,244843,244843,244843,244843,244843,244843,244843,244843,244843,244843,244843,244843,244843,244843,,,,,,,,,,,,,,,,,,,,,,,,,,,,,,,,,,,,,,,,,,,,,,,,,,,,,,,,,,,,,,,,,,,,,,,,,,,,,,,,,,,,,,,,,,,
CT2B1:KW,(                ),kW,0.0,0.0,0.0,0.0,0.0,0.0,0.0,0.0,0.0,0.0,0.0,0.0,0.0,0.0,0.0,0.0,0.0,0.0,0.0,0.0,0.0,0.0,0.0,0.0,0.0,0.0,0.0,0.0,0.0,0.0,0.0,0.0,0.0,0.0,0.0,0.0,0.0,0.0,0.0,0.0,0.0,0.0,0.0,0.0,0.0,0.0,0.0,0.0,0.0,0.0,0.0,0.0,0.0,,,,,,,,,,,,,,,,,,,,,,,,,,,,,,,,,,,,,,,,,,,,,,,,,,,,,,,,,,,,,,,,,,,,,,,,,,,,,,,,,,,,,,,,,,,
CT2B1:KWH,(                ),,111175,111175,111175,111175,111175,111175,111175,111175,111175,111175,111175,111175,111175,111175,111175,111175,111175,111175,111175,111175,111175,111175,111175,111175,111175,111175,111175,111175,111175,111175,111175,111175,111175,111175,111175,111175,111175,111175,111175,111175,111175,111175,111175,111175,111175,111175,111175,111175,111175,111175,111175,111175,111175,,,,,,,,,,,,,,,,,,,,,,,,,,,,,,,,,,,,,,,,,,,,,,,,,,,,,,,,,,,,,,,,,,,,,,,,,,,,,,,,,,,,,,,,,,,
CWP1B1:KWH,(                ),,839195,839195,839195,839195,839195,839195,839195,839195,839195,839195,839195,839195,839195,839195,839195,839195,839195,839195,839195,839195,839195,839195,839195,839195,839195,839195,839195,839195,839195,839195,839195,839195,839195,839195,839195,839195,839195,839195,839195,839195,839195,839195,839195,839195,839195,839195,839195,839195,839195,839195,839195,839195,839195,,,,,,,,,,,,,,,,,,,,,,,,,,,,,,,,,,,,,,,,,,,,,,,,,,,,,,,,,,,,,,,,,,,,,,,,,,,,,,,,,,,,,,,,,,,
CWP2B1:KWH,(                ),,705224,705224,705224,705224,705224,705224,705224,705224,705224,705224,705224,705224,705224,705224,705224,705224,705224,705224,705224,705224,705224,705224,705224,705224,705224,705224,705224,705224,705224,705224,705224,705224,705224,705224,705224,705224,705224,705224,705224,705224,705224,705224,705224,705224,705224,705224,705224,705224,705224,705224,705224,705224,705224,,,,,,,,,,,,,,,,,,,,,,,,,,,,,,,,,,,,,,,,,,,,,,,,,,,,,,,,,,,,,,,,,,,,,,,,,,,,,,,,,,,,,,,,,,,
CWP3B1:KWH,(                ),,10,10,10,10,10,10,10,10,10,10,10,10,10,10,10,10,10,10,10,10,10,10,10,10,10,10,10,10,10,10,10,10,10,10,10,10,10,10,10,10,10,10,10,10,10,10,10,10,10,10,10,10,10,,,,,,,,,,,,,,,,,,,,,,,,,,,,,,,,,,,,,,,,,,,,,,,,,,,,,,,,,,,,,,,,,,,,,,,,,,,,,,,,,,,,,,,,,,,
CH1F7.KWH,(度數            ),kW h,399865,399909,399949,399985,400021,400055,400088,400120,400151,400183,400216,400249,400268,400268,400268,400268,400268,400268,400268,400268,400268,400268,400268,400268,400268,400268,400268,400268,400268,400268,400268,400268,400268,400268,400268,400268,400268,400268,400268,400268,400268,400268,400268,400268,400268,400268,400268,400268,400268,400268,400310,400362,400388,,,,,,,,,,,,,,,,,,,,,,,,,,,,,,,,,,,,,,,,,,,,,,,,,,,,,,,,,,,,,,,,,,,,,,,,,,,,,,,,,,,,,,,,,,,
CH2F7:KWH,(                ),,3546710,3546710,3546710,3546710,3546710,3546710,3546710,3546710,3546710,3546710,3546710,3546710,3546710,3546711,3546711,3546711,3546711,3546711,3546711,3546711,3546711,3546711,3546711,3546711,3546711,3546711,3546711,3546712,3546712,3546712,3546712,3546712,3546712,3546712,3546712,3546712,3546712,3546712,3546712,3546712,3546713,3546713,3546713,3546713,3546713,3546713,3546713,3546713,3546713,3546713,3546713,3546713,3546713,,,,,,,,,,,,,,,,,,,,,,,,,,,,,,,,,,,,,,,,,,,,,,,,,,,,,,,,,,,,,,,,,,,,,,,,,,,,,,,,,,,,,,,,,,,
CH3F7:KWH,(                ),,1555056,1555056,1555056,1555056,1555056,1555056,1555056,1555056,1555056,1555056,1555056,1555056,1555056,1555056,1555056,1555056,1555056,1555057,1555057,1555057,1555057,1555057,1555057,1555057,1555057,1555057,1555057,1555057,1555057,1555057,1555057,1555057,1555057,1555057,1555057,1555091,1555139,1555192,1555245,1555295,1555348,1555397,1555448,1555489,1555528,1555565,1555598,1555629,1555664,1555709,1555767,1555819,1555834,,,,,,,,,,,,,,,,,,,,,,,,,,,,,,,,,,,,,,,,,,,,,,,,,,,,,,,,,,,,,,,,,,,,,,,,,,,,,,,,,,,,,,,,,,,
CH4F7.KWH,(度數            ),kW h,516498,516498,516498,516498,516498,516498,516498,516498,516498,516498,516498,516498,516498,516498,516498,516498,516498,516498,516498,516498,516498,516498,516498,516498,516498,516498,516498,516498,516498,516498,516498,516498,516498,516498,516498,516498,516498,516498,516498,516498,516498,516498,516498,516498,516498,516498,516498,516498,516498,516498,516498,516498,516499,,,,,,,,,,,,,,,,,,,,,,,,,,,,,,,,,,,,,,,,,,,,,,,,,,,,,,,,,,,,,,,,,,,,,,,,,,,,,,,,,,,,,,,,,,,
CH5F7.KWH,(度數            ),kW h,509519,509519,509519,509519,509519,509519,509519,509519,509519,509519,509519,509519,509519,509519,509519,509519,509519,509519,509519,509519,509519,509519,509519,509519,509519,509519,509519,509519,509519,509519,509519,509519,509519,509519,509519,509519,509519,509519,509519,509519,509519,509519,509519,509519,509519,509519,509519,509519,509519,509519,509519,509519,509519,,,,,,,,,,,,,,,,,,,,,,,,,,,,,,,,,,,,,,,,,,,,,,,,,,,,,,,,,,,,,,,,,,,,,,,,,,,,,,,,,,,,,,,,,,,
CHP1F7:KWH,(                ),,515152,515157,515163,515168,515173,515179,515184,515190,515195,515200,515206,515211,515215,515215,515215,515215,515215,515215,515215,515215,515215,515215,515215,515215,515215,515215,515215,515215,515215,515215,515215,515215,515215,515215,515215,515215,515215,515215,515215,515215,515215,515215,515215,515215,515215,515215,515215,515215,515218,515222,515228,515233,515236,,,,,,,,,,,,,,,,,,,,,,,,,,,,,,,,,,,,,,,,,,,,,,,,,,,,,,,,,,,,,,,,,,,,,,,,,,,,,,,,,,,,,,,,,,,
CHP2F7:KWH,(                ),,235492,235492,235492,235492,235492,235492,235492,235492,235492,235492,235492,235492,235492,235492,235492,235492,235492,235492,235492,235492,235492,235492,235492,235492,235492,235492,235492,235492,235492,235492,235492,235492,235492,235492,235492,235492,235492,235492,235492,235492,235492,235492,235492,235492,235492,235492,235492,235492,235492,235492,235492,235492,235492,,,,,,,,,,,,,,,,,,,,,,,,,,,,,,,,,,,,,,,,,,,,,,,,,,,,,,,,,,,,,,,,,,,,,,,,,,,,,,,,,,,,,,,,,,,
CHP3F7:KWH,(                ),,118507,118507,118507,118507,118507,118507,118507,118507,118507,118507,118507,118507,118507,118507,118507,118507,118507,118507,118507,118507,118507,118507,118507,118507,118507,118507,118507,118507,118507,118507,118507,118507,118507,118507,118511,118514,118517,118519,118522,118525,118528,118531,118534,118537,118539,118543,118545,118548,118551,118554,118557,118560,118561,,,,,,,,,,,,,,,,,,,,,,,,,,,,,,,,,,,,,,,,,,,,,,,,,,,,,,,,,,,,,,,,,,,,,,,,,,,,,,,,,,,,,,,,,,,
CHP4F7:KWH,(                ),,512219,512219,512219,512219,512219,512219,512219,512219,512219,512219,512219,512219,512219,512219,512219,512219,512219,512219,512219,512219,512219,512219,512219,512219,512219,512219,512219,512219,512219,512219,512219,512219,512219,512219,512219,512219,512219,512219,512219,512219,512219,512219,512219,512219,512219,512219,512219,512219,512219,512219,512220,512225,512227,,,,,,,,,,,,,,,,,,,,,,,,,,,,,,,,,,,,,,,,,,,,,,,,,,,,,,,,,,,,,,,,,,,,,,,,,,,,,,,,,,,,,,,,,,,
CHP5F7:KWH,(                ),,530304,530304,530304,530304,530304,530304,530304,530304,530304,530304,530304,530304,530304,530304,530304,530304,530304,530304,530304,530304,530304,530304,530304,530304,530304,530304,530304,530304,530304,530304,530304,530304,530304,530304,530304,530304,530304,530304,530304,530304,530304,530304,530304,530304,530304,530304,530304,530304,530304,530304,530304,530304,530304,,,,,,,,,,,,,,,,,,,,,,,,,,,,,,,,,,,,,,,,,,,,,,,,,,,,,,,,,,,,,,,,,,,,,,,,,,,,,,,,,,,,,,,,,,,
CWP1F7:KWH,(                ),,519827,519831,519837,519842,519847,519852,519857,519863,519867,519873,519878,519883,519887,519887,519887,519887,519887,519887,519887,519887,519887,519887,519887,519887,519887,519887,519887,519887,519887,519887,519887,519887,519887,519887,519887,519887,519887,519887,519887,519887,519887,519887,519887,519887,519887,519887,519887,519887,519890,519894,519900,519905,519908,,,,,,,,,,,,,,,,,,,,,,,,,,,,,,,,,,,,,,,,,,,,,,,,,,,,,,,,,,,,,,,,,,,,,,,,,,,,,,,,,,,,,,,,,,,
CWP2F7:KWH,(                ),,265821,265821,265821,265821,265821,265821,265821,265821,265821,265821,265821,265821,265821,265821,265821,265821,265821,265821,265821,265821,265821,265821,265821,265821,265821,265821,265821,265821,265821,265821,265821,265821,265821,265821,265821,265821,265821,265821,265821,265821,265821,265821,265821,265821,265821,265821,265821,265821,265821,265821,265821,265821,265821,,,,,,,,,,,,,,,,,,,,,,,,,,,,,,,,,,,,,,,,,,,,,,,,,,,,,,,,,,,,,,,,,,,,,,,,,,,,,,,,,,,,,,,,,,,
CWP3F7:KWH,(                ),,142789,142789,142789,142789,142789,142789,142789,142789,142789,142789,142789,142789,142789,142789,142789,142789,142789,142789,142789,142789,142789,142789,142789,142789,142789,142789,142789,142789,142789,142789,142789,142789,142789,142790,142794,142798,142801,142805,142808,142811,142815,142818,142822,142825,142828,142832,142835,142839,142842,142845,142849,142852,142854,,,,,,,,,,,,,,,,,,,,,,,,,,,,,,,,,,,,,,,,,,,,,,,,,,,,,,,,,,,,,,,,,,,,,,,,,,,,,,,,,,,,,,,,,,,
CWP4F7:KWH,(                ),,567281,567281,567281,567281,567281,567281,567281,567281,567281,567281,567281,567281,567281,567281,567281,567281,567281,567281,567281,567281,567281,567281,567281,567281,567281,567281,567281,567281,567281,567281,567281,567281,567281,567281,567281,567281,567281,567281,567281,567281,567281,567281,567281,567281,567281,567281,567281,567281,567281,567281,567283,567287,567290,,,,,,,,,,,,,,,,,,,,,,,,,,,,,,,,,,,,,,,,,,,,,,,,,,,,,,,,,,,,,,,,,,,,,,,,,,,,,,,,,,,,,,,,,,,
CWP5F7:KWH,(                ),,624672,624672,624672,624672,624672,624672,624672,624672,624672,624672,624672,624672,624672,624672,624672,624672,624672,624672,624672,624672,624672,624672,624672,624672,624672,624672,624672,624672,624672,624672,624672,624672,624672,624672,624672,624672,624672,624672,624672,624672,624672,624672,624672,624672,624672,624672,624672,624672,624672,624672,624672,624672,624672,,,,,,,,,,,,,,,,,,,,,,,,,,,,,,,,,,,,,,,,,,,,,,,,,,,,,,,,,,,,,,,,,,,,,,,,,,,,,,,,,,,,,,,,,,,
CT1-1.KWH,(度數            ),kW h,6879,6880,6881,6882,6884,6885,6886,6887,6888,6889,6890,6891,6893,6893,6893,6893,6893,6893,6893,6893,6893,6893,6893,6893,6893,6893,6893,6893,6893,6893,6893,6893,6893,6893,6893,6893,6893,6893,6893,6893,6893,6893,6893,6893,6893,6893,6893,6893,6893,6894,6895,6896,6897,,,,,,,,,,,,,,,,,,,,,,,,,,,,,,,,,,,,,,,,,,,,,,,,,,,,,,,,,,,,,,,,,,,,,,,,,,,,,,,,,,,,,,,,,,,
CT1-1:KW,(                ),kW,6.9,7.1,6.9,6.9,6.8,6.9,6.8,6.8,6.8,6.9,6.8,6.8,0.0,0.0,0.0,0.0,0.0,0.0,0.0,0.0,0.0,0.0,0.0,0.0,0.0,0.0,0.0,0.0,0.0,0.0,0.0,0.0,0.0,0.0,0.0,0.0,0.0,0.0,0.0,0.0,0.0,0.0,0.0,0.0,0.0,0.0,0.0,0.0,6.9,7.0,6.8,6.7,6.7,,,,,,,,,,,,,,,,,,,,,,,,,,,,,,,,,,,,,,,,,,,,,,,,,,,,,,,,,,,,,,,,,,,,,,,,,,,,,,,,,,,,,,,,,,,
CT1-2.KWH,(度數            ),kW h,9283,9285,9286,9287,9288,9289,9290,9291,9292,9294,9295,9296,9297,9297,9297,9297,9297,9297,9297,9297,9297,9297,9297,9297,9297,9297,9297,9297,9297,9297,9297,9297,9297,9297,9297,9297,9297,9297,9297,9297,9297,9297,9297,9297,9297,9297,9297,9297,9297,9298,9299,9301,9301,,,,,,,,,,,,,,,,,,,,,,,,,,,,,,,,,,,,,,,,,,,,,,,,,,,,,,,,,,,,,,,,,,,,,,,,,,,,,,,,,,,,,,,,,,,
CT1-2:KW,(                ),kW,6.8,6.8,6.7,6.8,6.7,6.8,6.8,6.8,6.8,6.9,6.9,6.9,0.0,0.0,0.0,0.0,0.0,0.0,0.0,0.0,0.0,0.0,0.0,0.0,0.0,0.0,0.0,0.0,0.0,0.0,0.0,0.0,0.0,0.0,0.0,0.0,0.0,0.0,0.0,0.0,0.0,0.0,0.0,0.0,0.0,0.0,0.0,0.0,6.9,6.9,6.8,6.8,6.8,,,,,,,,,,,,,,,,,,,,,,,,,,,,,,,,,,,,,,,,,,,,,,,,,,,,,,,,,,,,,,,,,,,,,,,,,,,,,,,,,,,,,,,,,,,
CT1-3.KWH,(度數            ),kW h,6565,6566,6567,6568,6569,6571,6572,6573,6574,6575,6576,6577,6578,6578,6578,6578,6578,6578,6578,6578,6578,6578,6578,6578,6578,6578,6578,6578,6578,6578,6578,6578,6578,6578,6578,6578,6578,6578,6578,6578,6578,6578,6578,6578,6578,6578,6578,6578,6579,6580,6581,6582,6583,,,,,,,,,,,,,,,,,,,,,,,,,,,,,,,,,,,,,,,,,,,,,,,,,,,,,,,,,,,,,,,,,,,,,,,,,,,,,,,,,,,,,,,,,,,
CT1-3:KW,(                ),kW,6.9,7.0,6.8,6.9,6.9,6.9,6.9,6.9,6.9,6.9,6.9,6.9,0.0,0.0,0.0,0.0,0.0,0.0,0.0,0.0,0.0,0.0,0.0,0.0,0.0,0.0,0.0,0.0,0.0,0.0,0.0,0.0,0.0,0.0,0.0,0.0,0.0,0.0,0.0,0.0,0.0,0.0,0.0,0.0,0.0,0.0,0.0,0.0,7.1,7.0,6.9,6.8,6.8,,,,,,,,,,,,,,,,,,,,,,,,,,,,,,,,,,,,,,,,,,,,,,,,,,,,,,,,,,,,,,,,,,,,,,,,,,,,,,,,,,,,,,,,,,,
CT1-4.KWH,(度數            ),kW h,9521,9522,9523,9524,9525,9526,9528,9529,9530,9531,9532,9533,9534,9534,9534,9534,9534,9534,9534,9534,9534,9534,9534,9534,9534,9534,9534,9534,9534,9534,9534,9534,9534,9534,9534,9534,9534,9534,9534,9534,9534,9534,9534,9534,9534,9534,9534,9534,9535,9536,9537,9538,9539,,,,,,,,,,,,,,,,,,,,,,,,,,,,,,,,,,,,,,,,,,,,,,,,,,,,,,,,,,,,,,,,,,,,,,,,,,,,,,,,,,,,,,,,,,,
CT1-4:KW,(                ),kW,6.9,6.8,6.9,7.0,7.0,6.9,7.0,7.0,7.0,6.9,6.8,7.0,0.0,0.0,0.0,0.0,0.0,0.0,0.0,0.0,0.0,0.0,0.0,0.0,0.0,0.0,0.0,0.0,0.0,0.0,0.0,0.0,0.0,0.0,0.0,0.0,0.0,0.0,0.0,0.0,0.0,0.0,0.0,0.0,0.0,0.0,0.0,0.0,7.2,7.1,6.9,6.9,6.9,,,,,,,,,,,,,,,,,,,,,,,,,,,,,,,,,,,,,,,,,,,,,,,,,,,,,,,,,,,,,,,,,,,,,,,,,,,,,,,,,,,,,,,,,,,
CT1-ALL.KW,(冷卻水塔系統功率),,27.5,27.7,27.4,27.5,27.4,27.6,27.5,27.5,27.5,27.6,27.4,27.5,0.0,0.0,0.0,0.0,0.0,0.0,0.0,0.0,0.0,0.0,0.0,0.0,0.0,0.0,0.0,0.0,0.0,0.0,0.0,0.0,0.0,0.0,0.0,0.0,0.0,0.0,0.0,0.0,0.0,0.0,0.0,0.0,0.0,0.0,0.0,0.0,28.1,28.0,27.4,27.3,27.2,,,,,,,,,,,,,,,,,,,,,,,,,,,,,,,,,,,,,,,,,,,,,,,,,,,,,,,,,,,,,,,,,,,,,,,,,,,,,,,,,,,,,,,,,,,
CT1-ALL.KWH,(度數            ),kW h,32249,32254,32258,32263,32268,32272,32277,32281,32286,32290,32295,32300,32304,32304,32304,32304,32304,32304,32304,32304,32304,32304,32304,32304,32304,32304,32304,32304,32304,32304,32304,32304,32304,32304,32304,32304,32304,32304,32304,32304,32304,32304,32304,32304,32304,32304,32304,32304,32305,32310,32314,32319,32321,,,,,,,,,,,,,,,,,,,,,,,,,,,,,,,,,,,,,,,,,,,,,,,,,,,,,,,,,,,,,,,,,,,,,,,,,,,,,,,,,,,,,,,,,,,
CT2-1.KWH,(度數            ),kW h,10413,10413,10413,10413,10413,10413,10413,10413,10413,10413,10413,10413,10413,10413,10413,10413,10413,10413,10413,10413,10413,10413,10413,10413,10413,10413,10413,10413,10413,10413,10413,10413,10413,10413,10413,10413,10413,10413,10413,10413,10413,10413,10413,10413,10413,10413,10413,10413,10413,10413,10413,10413,10413,,,,,,,,,,,,,,,,,,,,,,,,,,,,,,,,,,,,,,,,,,,,,,,,,,,,,,,,,,,,,,,,,,,,,,,,,,,,,,,,,,,,,,,,,,,
CT2-1:KW,(                ),kW,0.0,0.0,0.0,0.0,0.0,0.0,0.0,0.0,0.0,0.0,0.0,0.0,0.0,0.0,0.0,0.0,0.0,0.0,0.0,0.0,0.0,0.0,0.0,0.0,0.0,0.0,0.0,0.0,0.0,0.0,0.0,0.0,0.0,0.0,0.0,0.0,0.0,0.0,0.0,0.0,0.0,0.0,0.0,0.0,0.0,0.0,0.0,0.0,0.0,0.0,0.0,0.0,0.0,,,,,,,,,,,,,,,,,,,,,,,,,,,,,,,,,,,,,,,,,,,,,,,,,,,,,,,,,,,,,,,,,,,,,,,,,,,,,,,,,,,,,,,,,,,
CT2-2.KWH,(度數            ),kW h,10113,10113,10113,10113,10113,10113,10113,10113,10113,10113,10113,10113,10113,10113,10113,10113,10113,10113,10113,10113,10113,10113,10113,10113,10113,10113,10113,10113,10113,10113,10113,10113,10113,10113,10113,10113,10113,10113,10113,10113,10113,10113,10113,10113,10113,10113,10113,10113,10113,10113,10113,10113,10113,,,,,,,,,,,,,,,,,,,,,,,,,,,,,,,,,,,,,,,,,,,,,,,,,,,,,,,,,,,,,,,,,,,,,,,,,,,,,,,,,,,,,,,,,,,
CT2-2:KW,(                ),kW,0.0,0.0,0.0,0.0,0.0,0.0,0.0,0.0,0.0,0.0,0.0,0.0,0.0,0.0,0.0,0.0,0.0,0.0,0.0,0.0,0.0,0.0,0.0,0.0,0.0,0.0,0.0,0.0,0.0,0.0,0.0,0.0,0.0,0.0,0.0,0.0,0.0,0.0,0.0,0.0,0.0,0.0,0.0,0.0,0.0,0.0,0.0,0.0,0.0,0.0,0.0,0.0,0.0,,,,,,,,,,,,,,,,,,,,,,,,,,,,,,,,,,,,,,,,,,,,,,,,,,,,,,,,,,,,,,,,,,,,,,,,,,,,,,,,,,,,,,,,,,,
CT2-3.KWH,(度數            ),kW h,9941,9941,9941,9941,9941,9941,9941,9941,9941,9941,9941,9941,9941,9941,9941,9941,9941,9941,9941,9941,9941,9941,9941,9941,9941,9941,9941,9941,9941,9941,9941,9941,9941,9941,9941,9941,9941,9941,9941,9941,9941,9941,9941,9941,9941,9941,9941,9941,9941,9941,9941,9941,9941,,,,,,,,,,,,,,,,,,,,,,,,,,,,,,,,,,,,,,,,,,,,,,,,,,,,,,,,,,,,,,,,,,,,,,,,,,,,,,,,,,,,,,,,,,,
CT2-3:KW,(                ),kW,0.0,0.0,0.0,0.0,0.0,0.0,0.0,0.0,0.0,0.0,0.0,0.0,0.0,0.0,0.0,0.0,0.0,0.0,0.0,0.0,0.0,0.0,0.0,0.0,0.0,0.0,0.0,0.0,0.0,0.0,0.0,0.0,0.0,0.0,0.0,0.0,0.0,0.0,0.0,0.0,0.0,0.0,0.0,0.0,0.0,0.0,0.0,0.0,0.0,0.0,0.0,0.0,0.0,,,,,,,,,,,,,,,,,,,,,,,,,,,,,,,,,,,,,,,,,,,,,,,,,,,,,,,,,,,,,,,,,,,,,,,,,,,,,,,,,,,,,,,,,,,
CT2-4.KWH,(度數            ),kW h,10251,10251,10251,10251,10251,10251,10251,10251,10251,10251,10251,10251,10251,10251,10251,10251,10251,10251,10251,10251,10251,10251,10251,10251,10251,10251,10251,10251,10251,10251,10251,10251,10251,10251,10251,10251,10251,10251,10251,10251,10251,10251,10251,10251,10251,10251,10251,10251,10251,10251,10251,10251,10251,,,,,,,,,,,,,,,,,,,,,,,,,,,,,,,,,,,,,,,,,,,,,,,,,,,,,,,,,,,,,,,,,,,,,,,,,,,,,,,,,,,,,,,,,,,
CT2-4:KW,(                ),kW,0.0,0.0,0.0,0.0,0.0,0.0,0.0,0.0,0.0,0.0,0.0,0.0,0.0,0.0,0.0,0.0,0.0,0.0,0.0,0.0,0.0,0.0,0.0,0.0,0.0,0.0,0.0,0.0,0.0,0.0,0.0,0.0,0.0,0.0,0.0,0.0,0.0,0.0,0.0,0.0,0.0,0.0,0.0,0.0,0.0,0.0,0.0,0.0,0.0,0.0,0.0,0.0,0.0,,,,,,,,,,,,,,,,,,,,,,,,,,,,,,,,,,,,,,,,,,,,,,,,,,,,,,,,,,,,,,,,,,,,,,,,,,,,,,,,,,,,,,,,,,,
CT2-ALL.KW,(冷卻水塔系統功率),,0.0,0.0,0.0,0.0,0.0,0.0,0.0,0.0,0.0,0.0,0.0,0.0,0.0,0.0,0.0,0.0,0.0,0.0,0.0,0.0,0.0,0.0,0.0,0.0,0.0,0.0,0.0,0.0,0.0,0.0,0.0,0.0,0.0,0.0,0.0,0.0,0.0,0.0,0.0,0.0,0.0,0.0,0.0,0.0,0.0,0.0,0.0,0.0,0.0,0.0,0.0,0.0,0.0,,,,,,,,,,,,,,,,,,,,,,,,,,,,,,,,,,,,,,,,,,,,,,,,,,,,,,,,,,,,,,,,,,,,,,,,,,,,,,,,,,,,,,,,,,,
CT2-ALL.KWH,(度數            ),kW h,40720,40720,40720,40720,40720,40720,40720,40720,40720,40720,40720,40720,40720,40720,40720,40720,40720,40720,40720,40720,40720,40720,40720,40720,40720,40720,40720,40720,40720,40720,40720,40720,40720,40720,40720,40720,40720,40720,40720,40720,40720,40720,40720,40720,40720,40720,40720,40720,40720,40720,40720,40720,40720,,,,,,,,,,,,,,,,,,,,,,,,,,,,,,,,,,,,,,,,,,,,,,,,,,,,,,,,,,,,,,,,,,,,,,,,,,,,,,,,,,,,,,,,,,,
CT3-1.KWH,(度數            ),kW h,5140,5140,5140,5140,5140,5140,5140,5140,5140,5140,5140,5140,5140,5140,5140,5140,5140,5140,5140,5140,5140,5140,5140,5140,5140,5140,5140,5140,5140,5140,5140,5140,5140,5141,5142,5143,5144,5145,5146,5147,5148,5149,5150,5151,5152,5153,5155,5156,5157,5158,5159,5160,5160,,,,,,,,,,,,,,,,,,,,,,,,,,,,,,,,,,,,,,,,,,,,,,,,,,,,,,,,,,,,,,,,,,,,,,,,,,,,,,,,,,,,,,,,,,,
CT3-1:KW,(                ),kW,0.0,0.0,0.0,0.0,0.0,0.0,0.0,0.0,0.0,0.0,0.0,0.0,0.0,0.0,0.0,0.0,0.0,0.0,0.0,0.0,0.0,0.0,0.0,0.0,0.0,0.0,0.0,0.0,0.0,0.0,0.0,0.0,0.0,6.5,6.5,6.3,6.4,6.4,6.3,6.4,6.4,6.4,6.4,6.4,6.4,6.4,6.4,6.4,6.3,6.3,6.3,6.3,6.3,,,,,,,,,,,,,,,,,,,,,,,,,,,,,,,,,,,,,,,,,,,,,,,,,,,,,,,,,,,,,,,,,,,,,,,,,,,,,,,,,,,,,,,,,,,
CT3-2.KWH,(度數            ),kW h,5948,5948,5948,5948,5948,5948,5948,5948,5948,5948,5948,5948,5948,5948,5948,5948,5948,5948,5948,5948,5948,5948,5948,5948,5948,5948,5948,5948,5948,5948,5948,5948,5948,5948,5949,5950,5951,5952,5954,5955,5956,5957,5958,5959,5960,5961,5962,5963,5964,5965,5966,5967,5968,,,,,,,,,,,,,,,,,,,,,,,,,,,,,,,,,,,,,,,,,,,,,,,,,,,,,,,,,,,,,,,,,,,,,,,,,,,,,,,,,,,,,,,,,,,
CT3-2:KW,(                ),kW,0.0,0.0,0.0,0.0,0.0,0.0,0.0,0.0,0.0,0.0,0.0,0.0,0.0,0.0,0.0,0.0,0.0,0.0,0.0,0.0,0.0,0.0,0.0,0.0,0.0,0.0,0.0,0.0,0.0,0.0,0.0,0.0,0.0,6.6,6.6,6.4,6.4,6.4,6.4,6.6,6.4,6.4,6.5,6.5,6.5,6.5,6.5,6.5,6.5,6.5,6.3,6.4,6.3,,,,,,,,,,,,,,,,,,,,,,,,,,,,,,,,,,,,,,,,,,,,,,,,,,,,,,,,,,,,,,,,,,,,,,,,,,,,,,,,,,,,,,,,,,,
CT3-3.KWH,(度數            ),kW h,6254,6254,6254,6254,6254,6254,6254,6254,6254,6254,6254,6254,6254,6254,6254,6254,6254,6254,6254,6254,6254,6254,6254,6254,6254,6254,6254,6254,6254,6254,6254,6254,6254,6254,6255,6256,6258,6259,6260,6261,6262,6263,6264,6265,6266,6267,6269,6270,6271,6272,6273,6274,6275,,,,,,,,,,,,,,,,,,,,,,,,,,,,,,,,,,,,,,,,,,,,,,,,,,,,,,,,,,,,,,,,,,,,,,,,,,,,,,,,,,,,,,,,,,,
CT3-3:KW,(                ),kW,0.0,0.0,0.0,0.0,0.0,0.0,0.0,0.0,0.0,0.0,0.0,0.0,0.0,0.0,0.0,0.0,0.0,0.0,0.0,0.0,0.0,0.0,0.0,0.0,0.0,0.0,0.0,0.0,0.0,0.0,0.0,0.0,0.0,6.7,6.7,6.7,6.5,6.7,6.5,6.8,6.6,6.6,6.7,6.6,6.7,6.7,6.6,6.7,6.6,6.6,6.6,6.6,6.6,,,,,,,,,,,,,,,,,,,,,,,,,,,,,,,,,,,,,,,,,,,,,,,,,,,,,,,,,,,,,,,,,,,,,,,,,,,,,,,,,,,,,,,,,,,
CT3-4.KWH,(度數            ),kW h,6324,6324,6324,6324,6324,6324,6324,6324,6324,6324,6324,6324,6324,6324,6324,6324,6324,6324,6324,6324,6324,6324,6324,6324,6324,6324,6324,6324,6324,6324,6324,6324,6324,6324,6325,6326,6327,6329,6330,6331,6332,6333,6334,6335,6336,6337,6338,6339,6341,6342,6343,6344,6344,,,,,,,,,,,,,,,,,,,,,,,,,,,,,,,,,,,,,,,,,,,,,,,,,,,,,,,,,,,,,,,,,,,,,,,,,,,,,,,,,,,,,,,,,,,
CT3-4:KW,(                ),kW,0.0,0.0,0.0,0.0,0.0,0.0,0.0,0.0,0.0,0.0,0.0,0.0,0.0,0.0,0.0,0.0,0.0,0.0,0.0,0.0,0.0,0.0,0.0,0.0,0.0,0.0,0.0,0.0,0.0,0.0,0.0,0.0,0.0,6.7,6.8,6.6,6.5,6.6,6.5,6.6,6.5,6.6,6.6,6.6,6.6,6.5,6.5,6.5,6.7,6.5,6.5,6.5,6.5,,,,,,,,,,,,,,,,,,,,,,,,,,,,,,,,,,,,,,,,,,,,,,,,,,,,,,,,,,,,,,,,,,,,,,,,,,,,,,,,,,,,,,,,,,,
CT3-ALL.KW,(冷卻水塔系統功率),,0.0,0.0,0.0,0.0,0.0,0.0,0.0,0.0,0.0,0.0,0.0,0.0,0.0,0.0,0.0,0.0,0.0,0.0,0.0,0.0,0.0,0.0,0.0,0.0,0.0,0.0,0.0,0.0,0.0,0.0,0.0,0.0,0.0,26.5,26.6,26.1,25.9,26.2,25.7,26.4,25.9,26.0,26.1,26.1,26.3,26.1,26.0,26.2,26.1,25.9,25.7,25.9,25.8,,,,,,,,,,,,,,,,,,,,,,,,,,,,,,,,,,,,,,,,,,,,,,,,,,,,,,,,,,,,,,,,,,,,,,,,,,,,,,,,,,,,,,,,,,,
CT3-ALL.KWH,(度數            ),kW h,23667,23667,23667,23667,23667,23667,23667,23667,23667,23667,23667,23667,23667,23667,23667,23667,23667,23667,23667,23667,23667,23667,23667,23667,23667,23667,23667,23667,23667,23667,23667,23667,23667,23669,23673,23677,23682,23686,23690,23695,23699,23703,23708,23712,23716,23721,23725,23729,23734,23738,23742,23747,23749,,,,,,,,,,,,,,,,,,,,,,,,,,,,,,,,,,,,,,,,,,,,,,,,,,,,,,,,,,,,,,,,,,,,,,,,,,,,,,,,,,,,,,,,,,,
CT4-1.KWH,(度數            ),kW h,10455,10455,10455,10455,10455,10455,10455,10455,10455,10455,10455,10455,10455,10455,10455,10455,10455,10455,10455,10455,10455,10455,10455,10455,10455,10455,10455,10455,10455,10455,10455,10455,10455,10455,10455,10455,10455,10455,10455,10455,10455,10455,10455,10455,10455,10455,10455,10455,10455,10455,10455,10456,10457,,,,,,,,,,,,,,,,,,,,,,,,,,,,,,,,,,,,,,,,,,,,,,,,,,,,,,,,,,,,,,,,,,,,,,,,,,,,,,,,,,,,,,,,,,,
CT4-1:KW,(                ),kW,0.0,0.0,0.0,0.0,0.0,0.0,0.0,0.0,0.0,0.0,0.0,0.0,0.0,0.0,0.0,0.0,0.0,0.0,0.0,0.0,0.0,0.0,0.0,0.0,0.0,0.0,0.0,0.0,0.0,0.0,0.0,0.0,0.0,0.0,0.0,0.0,0.0,0.0,0.0,0.0,0.0,0.0,0.0,0.0,0.0,0.0,0.0,0.0,0.0,0.0,6.7,6.8,6.7,,,,,,,,,,,,,,,,,,,,,,,,,,,,,,,,,,,,,,,,,,,,,,,,,,,,,,,,,,,,,,,,,,,,,,,,,,,,,,,,,,,,,,,,,,,
CT4-2.KWH,(度數            ),kW h,6812,6812,6812,6812,6812,6812,6812,6812,6812,6812,6812,6812,6812,6812,6812,6812,6812,6812,6812,6812,6812,6812,6812,6812,6812,6812,6812,6812,6812,6812,6812,6812,6812,6812,6812,6812,6812,6812,6812,6812,6812,6812,6812,6812,6812,6812,6812,6812,6812,6812,6812,6813,6813,,,,,,,,,,,,,,,,,,,,,,,,,,,,,,,,,,,,,,,,,,,,,,,,,,,,,,,,,,,,,,,,,,,,,,,,,,,,,,,,,,,,,,,,,,,
CT4-2:KW,(                ),kW,0.0,0.0,0.0,0.0,0.0,0.0,0.0,0.0,0.0,0.0,0.0,0.0,0.0,0.0,0.0,0.0,0.0,0.0,0.0,0.0,0.0,0.0,0.0,0.0,0.0,0.0,0.0,0.0,0.0,0.0,0.0,0.0,0.0,0.0,0.0,0.0,0.0,0.0,0.0,0.0,0.0,0.0,0.0,0.0,0.0,0.0,0.0,0.0,0.0,0.0,3.4,3.5,3.4,,,,,,,,,,,,,,,,,,,,,,,,,,,,,,,,,,,,,,,,,,,,,,,,,,,,,,,,,,,,,,,,,,,,,,,,,,,,,,,,,,,,,,,,,,,
CT4-3.KWH,(度數            ),kW h,9827,9827,9827,9827,9827,9827,9827,9827,9827,9827,9827,9827,9827,9827,9827,9827,9827,9827,9827,9827,9827,9827,9827,9827,9827,9827,9827,9827,9827,9827,9827,9827,9827,9827,9827,9827,9827,9827,9827,9827,9827,9827,9827,9827,9827,9827,9827,9827,9827,9827,9827,9828,9828,,,,,,,,,,,,,,,,,,,,,,,,,,,,,,,,,,,,,,,,,,,,,,,,,,,,,,,,,,,,,,,,,,,,,,,,,,,,,,,,,,,,,,,,,,,
CT4-3:KW,(                ),kW,0.0,0.0,0.0,0.0,0.0,0.0,0.0,0.0,0.0,0.0,0.0,0.0,0.0,0.0,0.0,0.0,0.0,0.0,0.0,0.0,0.0,0.0,0.0,0.0,0.0,0.0,0.0,0.0,0.0,0.0,0.0,0.0,0.0,0.0,0.0,0.0,0.0,0.0,0.0,0.0,0.0,0.0,0.0,0.0,0.0,0.0,0.0,0.0,0.0,0.0,6.6,6.5,6.4,,,,,,,,,,,,,,,,,,,,,,,,,,,,,,,,,,,,,,,,,,,,,,,,,,,,,,,,,,,,,,,,,,,,,,,,,,,,,,,,,,,,,,,,,,,
CT4-4.KWH,(度數            ),kW h,7834,7834,7834,7834,7834,7834,7834,7834,7834,7834,7834,7834,7834,7834,7834,7834,7834,7834,7834,7834,7834,7834,7834,7834,7834,7834,7834,7834,7834,7834,7834,7834,7834,7834,7834,7834,7834,7834,7834,7834,7834,7834,7834,7834,7834,7834,7834,7834,7834,7834,7834,7835,7836,,,,,,,,,,,,,,,,,,,,,,,,,,,,,,,,,,,,,,,,,,,,,,,,,,,,,,,,,,,,,,,,,,,,,,,,,,,,,,,,,,,,,,,,,,,
CT4-4:KW,(                ),kW,0.0,0.0,0.0,0.0,0.0,0.0,0.0,0.0,0.0,0.0,0.0,0.0,0.0,0.0,0.0,0.0,0.0,0.0,0.0,0.0,0.0,0.0,0.0,0.0,0.0,0.0,0.0,0.0,0.0,0.0,0.0,0.0,0.0,0.0,0.0,0.0,0.0,0.0,0.0,0.0,0.0,0.0,0.0,0.0,0.0,0.0,0.0,0.0,0.0,0.0,6.6,6.6,6.6,,,,,,,,,,,,,,,,,,,,,,,,,,,,,,,,,,,,,,,,,,,,,,,,,,,,,,,,,,,,,,,,,,,,,,,,,,,,,,,,,,,,,,,,,,,
CT4-ALL.KW,(冷卻水塔系統功率),,0.0,0.0,0.0,0.0,0.0,0.0,0.0,0.0,0.0,0.0,0.0,0.0,0.0,0.0,0.0,0.0,0.0,0.0,0.0,0.0,0.0,0.0,0.0,0.0,0.0,0.0,0.0,0.0,0.0,0.0,0.0,0.0,0.0,0.0,0.0,0.0,0.0,0.0,0.0,0.0,0.0,0.0,0.0,0.0,0.0,0.0,0.0,0.0,0.0,0.0,23.3,23.3,23.1,,,,,,,,,,,,,,,,,,,,,,,,,,,,,,,,,,,,,,,,,,,,,,,,,,,,,,,,,,,,,,,,,,,,,,,,,,,,,,,,,,,,,,,,,,,
CT4-ALL.KWH,(度數            ),kW h,34929,34929,34929,34929,34929,34929,34929,34929,34929,34929,34929,34929,34929,34929,34929,34929,34929,34929,34929,34929,34929,34929,34929,34929,34929,34929,34929,34929,34929,34929,34929,34929,34929,34929,34929,34929,34929,34929,34929,34929,34929,34929,34929,34929,34929,34929,34929,34929,34929,34929,34930,34934,34936,,,,,,,,,,,,,,,,,,,,,,,,,,,,,,,,,,,,,,,,,,,,,,,,,,,,,,,,,,,,,,,,,,,,,,,,,,,,,,,,,,,,,,,,,,,
CT5-1.KWH,(度數            ),kW h,11345,11345,11345,11345,11345,11345,11345,11345,11345,11345,11345,11345,11345,11345,11345,11345,11345,11345,11345,11345,11345,11345,11345,11345,11345,11345,11345,11345,11345,11345,11345,11345,11345,11345,11345,11345,11345,11345,11345,11345,11345,11345,11345,11345,11345,11345,11345,11345,11345,11345,11345,11345,11345,,,,,,,,,,,,,,,,,,,,,,,,,,,,,,,,,,,,,,,,,,,,,,,,,,,,,,,,,,,,,,,,,,,,,,,,,,,,,,,,,,,,,,,,,,,
CT5-1:KW,(                ),kW,0.0,0.0,0.0,0.0,0.0,0.0,0.0,0.0,0.0,0.0,0.0,0.0,0.0,0.0,0.0,0.0,0.0,0.0,0.0,0.0,0.0,0.0,0.0,0.0,0.0,0.0,0.0,0.0,0.0,0.0,0.0,0.0,0.0,0.0,0.0,0.0,0.0,0.0,0.0,0.0,0.0,0.0,0.0,0.0,0.0,0.0,0.0,0.0,0.0,0.0,0.0,0.0,0.0,,,,,,,,,,,,,,,,,,,,,,,,,,,,,,,,,,,,,,,,,,,,,,,,,,,,,,,,,,,,,,,,,,,,,,,,,,,,,,,,,,,,,,,,,,,
CT5-2.KWH,(度數            ),kW h,10827,10827,10827,10827,10827,10827,10827,10827,10827,10827,10827,10827,10827,10827,10827,10827,10827,10827,10827,10827,10827,10827,10827,10827,10827,10827,10827,10827,10827,10827,10827,10827,10827,10827,10827,10827,10827,10827,10827,10827,10827,10827,10827,10827,10827,10827,10827,10827,10827,10827,10827,10827,10827,,,,,,,,,,,,,,,,,,,,,,,,,,,,,,,,,,,,,,,,,,,,,,,,,,,,,,,,,,,,,,,,,,,,,,,,,,,,,,,,,,,,,,,,,,,
CT5-2:KW,(                ),kW,0.0,0.0,0.0,0.0,0.0,0.0,0.0,0.0,0.0,0.0,0.0,0.0,0.0,0.0,0.0,0.0,0.0,0.0,0.0,0.0,0.0,0.0,0.0,0.0,0.0,0.0,0.0,0.0,0.0,0.0,0.0,0.0,0.0,0.0,0.0,0.0,0.0,0.0,0.0,0.0,0.0,0.0,0.0,0.0,0.0,0.0,0.0,0.0,0.0,0.0,0.0,0.0,0.0,,,,,,,,,,,,,,,,,,,,,,,,,,,,,,,,,,,,,,,,,,,,,,,,,,,,,,,,,,,,,,,,,,,,,,,,,,,,,,,,,,,,,,,,,,,
CT5-3.KWH,(度數            ),kW h,9655,9655,9655,9655,9655,9655,9655,9655,9655,9655,9655,9655,9655,9655,9655,9655,9655,9655,9655,9655,9655,9655,9655,9655,9655,9655,9655,9655,9655,9655,9655,9655,9655,9655,9655,9655,9655,9655,9655,9655,9655,9655,9655,9655,9655,9655,9655,9655,9655,9655,9655,9655,9655,,,,,,,,,,,,,,,,,,,,,,,,,,,,,,,,,,,,,,,,,,,,,,,,,,,,,,,,,,,,,,,,,,,,,,,,,,,,,,,,,,,,,,,,,,,
CT5-3:KW,(                ),kW,0.0,0.0,0.0,0.0,0.0,0.0,0.0,0.0,0.0,0.0,0.0,0.0,0.0,0.0,0.0,0.0,0.0,0.0,0.0,0.0,0.0,0.0,0.0,0.0,0.0,0.0,0.0,0.0,0.0,0.0,0.0,0.0,0.0,0.0,0.0,0.0,0.0,0.0,0.0,0.0,0.0,0.0,0.0,0.0,0.0,0.0,0.0,0.0,0.0,0.0,0.0,0.0,0.0,,,,,,,,,,,,,,,,,,,,,,,,,,,,,,,,,,,,,,,,,,,,,,,,,,,,,,,,,,,,,,,,,,,,,,,,,,,,,,,,,,,,,,,,,,,
CT5-4.KWH,(度數            ),kW h,10915,10915,10915,10915,10915,10915,10915,10915,10915,10915,10915,10915,10915,10915,10915,10915,10915,10915,10915,10915,10915,10915,10915,10915,10915,10915,10915,10915,10915,10915,10915,10915,10915,10915,10915,10915,10915,10915,10915,10915,10915,10915,10915,10915,10915,10915,10915,10915,10915,10915,10915,10915,10915,,,,,,,,,,,,,,,,,,,,,,,,,,,,,,,,,,,,,,,,,,,,,,,,,,,,,,,,,,,,,,,,,,,,,,,,,,,,,,,,,,,,,,,,,,,
CT5-4:KW,(                ),kW,0.0,0.0,0.0,0.0,0.0,0.0,0.0,0.0,0.0,0.0,0.0,0.0,0.0,0.0,0.0,0.0,0.0,0.0,0.0,0.0,0.0,0.0,0.0,0.0,0.0,0.0,0.0,0.0,0.0,0.0,0.0,0.0,0.0,0.0,0.0,0.0,0.0,0.0,0.0,0.0,0.0,0.0,0.0,0.0,0.0,0.0,0.0,0.0,0.0,0.0,0.0,0.0,0.0,,,,,,,,,,,,,,,,,,,,,,,,,,,,,,,,,,,,,,,,,,,,,,,,,,,,,,,,,,,,,,,,,,,,,,,,,,,,,,,,,,,,,,,,,,,
CT5-ALL.KW,(冷卻水塔系統功率),,0.0,0.0,0.0,0.0,0.0,0.0,0.0,0.0,0.0,0.0,0.0,0.0,0.0,0.0,0.0,0.0,0.0,0.0,0.0,0.0,0.0,0.0,0.0,0.0,0.0,0.0,0.0,0.0,0.0,0.0,0.0,0.0,0.0,0.0,0.0,0.0,0.0,0.0,0.0,0.0,0.0,0.0,0.0,0.0,0.0,0.0,0.0,0.0,0.0,0.0,0.0,0.0,0.0,,,,,,,,,,,,,,,,,,,,,,,,,,,,,,,,,,,,,,,,,,,,,,,,,,,,,,,,,,,,,,,,,,,,,,,,,,,,,,,,,,,,,,,,,,,
CT5-ALL.KWH,(度數            ),kW h,42743,42743,42743,42743,42743,42743,42743,42743,42743,42743,42743,42743,42743,42743,42743,42743,42743,42743,42743,42743,42743,42743,42743,42743,42743,42743,42743,42743,42743,42743,42743,42743,42743,42743,42743,42743,42743,42743,42743,42743,42743,42743,42743,42743,42743,42743,42743,42743,42743,42743,42743,42743,42743,,,,,,,,,,,,,,,,,,,,,,,,,,,,,,,,,,,,,,,,,,,,,,,,,,,,,,,,,,,,,,,,,,,,,,,,,,,,,,,,,,,,,,,,,,,
CTB1-ALL.KW,(冷卻水塔系統功率),,8.2,8.2,8.2,8.2,8.2,8.2,8.2,8.2,8.2,8.2,8.2,8.2,8.2,8.2,8.2,8.2,8.2,8.2,8.2,8.2,8.2,8.2,8.2,8.2,8.2,8.2,8.2,8.2,8.2,8.2,8.2,8.2,8.2,8.2,8.2,8.2,8.2,8.2,8.2,8.2,8.2,8.2,8.2,8.2,8.2,8.2,8.2,8.2,8.2,8.2,8.2,8.2,8.2,,,,,,,,,,,,,,,,,,,,,,,,,,,,,,,,,,,,,,,,,,,,,,,,,,,,,,,,,,,,,,,,,,,,,,,,,,,,,,,,,,,,,,,,,,,
ZP1F7:KW,(                ),kW,0.0,0.0,0.0,0.0,0.0,0.0,0.0,0.0,0.0,0.0,0.0,0.0,0.0,0.0,0.0,0.0,0.0,0.0,0.0,0.0,0.0,0.0,0.0,0.0,0.0,0.0,0.0,0.0,0.0,0.0,0.0,0.0,0.0,0.0,0.0,0.0,0.0,0.0,0.0,0.0,0.0,0.0,0.0,0.0,0.0,0.0,0.0,0.0,16.3,16.3,7.0,8.5,9.4,,,,,,,,,,,,,,,,,,,,,,,,,,,,,,,,,,,,,,,,,,,,,,,,,,,,,,,,,,,,,,,,,,,,,,,,,,,,,,,,,,,,,,,,,,,
ZP1F7:KWH,(                ),,588892,588892,588892,588892,588892,588892,588892,588892,588892,588892,588892,588892,588892,588892,588892,588892,588892,588892,588892,588892,588892,588892,588892,588892,588892,588892,588892,588892,588892,588892,588892,588892,588892,588892,588892,588892,588892,588892,588892,588892,588892,588892,588892,588892,588892,588892,588892,588892,588894,588896,588898,588899,588900,,,,,,,,,,,,,,,,,,,,,,,,,,,,,,,,,,,,,,,,,,,,,,,,,,,,,,,,,,,,,,,,,,,,,,,,,,,,,,,,,,,,,,,,,,,
ZP2F7:KW,(                ),kW,0.0,0.0,0.0,0.0,0.0,0.0,0.0,0.0,0.0,0.0,0.0,0.0,0.0,0.0,0.0,0.0,0.0,0.0,0.0,0.0,0.0,0.0,0.0,0.0,0.0,0.0,0.0,0.0,0.0,0.0,0.0,0.0,0.0,0.0,0.0,0.0,0.0,0.0,0.0,0.0,0.0,0.0,0.0,0.0,0.0,0.0,0.0,0.0,0.0,0.0,7.0,8.6,9.3,,,,,,,,,,,,,,,,,,,,,,,,,,,,,,,,,,,,,,,,,,,,,,,,,,,,,,,,,,,,,,,,,,,,,,,,,,,,,,,,,,,,,,,,,,,
ZP2F7:KWH,(                ),,523778,523778,523778,523778,523778,523778,523778,523778,523778,523778,523778,523778,523778,523778,523778,523778,523778,523778,523778,523778,523778,523778,523778,523778,523778,523778,523778,523778,523778,523778,523778,523778,523778,523778,523778,523778,523778,523778,523778,523778,523778,523778,523778,523778,523778,523778,523778,523778,523778,523778,523780,523781,523782,,,,,,,,,,,,,,,,,,,,,,,,,,,,,,,,,,,,,,,,,,,,,,,,,,,,,,,,,,,,,,,,,,,,,,,,,,,,,,,,,,,,,,,,,,,
ZP3F7:KW,(                ),kW,16.3,16.1,16.1,16.3,16.1,16.1,16.3,16.1,16.3,16.3,16.1,16.2,16.3,16.2,16.2,16.3,16.1,16.3,16.3,0.0,0.0,0.0,0.0,0.0,0.0,0.0,0.0,0.0,0.0,0.0,0.0,0.0,0.0,0.0,0.0,0.0,0.0,0.0,0.0,0.0,0.0,0.0,0.0,0.0,0.0,0.0,0.0,0.0,0.0,0.0,6.7,0.0,0.0,,,,,,,,,,,,,,,,,,,,,,,,,,,,,,,,,,,,,,,,,,,,,,,,,,,,,,,,,,,,,,,,,,,,,,,,,,,,,,,,,,,,,,,,,,,
ZP3F7:KWH,(                ),,317238,317240,317243,317246,317249,317252,317254,317257,317259,317262,317265,317268,317270,317273,317276,317279,317281,317284,317287,317287,317287,317287,317287,317287,317287,317287,317287,317287,317287,317287,317287,317287,317287,317287,317287,317288,317288,317288,317288,317288,317288,317288,317288,317288,317288,317288,317288,317288,317288,317288,317290,317291,317291,,,,,,,,,,,,,,,,,,,,,,,,,,,,,,,,,,,,,,,,,,,,,,,,,,,,,,,,,,,,,,,,,,,,,,,,,,,,,,,,,,,,,,,,,,,
ZP4F7:KW,(                ),kW,0.0,0.0,0.0,0.0,0.0,0.0,0.0,0.0,0.0,0.0,0.0,0.0,0.0,0.0,0.0,0.0,0.0,0.0,0.0,0.0,0.0,0.0,0.0,0.0,0.0,0.0,0.0,0.0,0.0,0.0,0.0,0.0,0.0,0.0,0.0,0.0,0.0,0.0,0.0,0.0,0.0,0.0,0.0,0.0,0.0,0.0,0.0,18.8,18.6,19.0,9.6,8.6,8.4,,,,,,,,,,,,,,,,,,,,,,,,,,,,,,,,,,,,,,,,,,,,,,,,,,,,,,,,,,,,,,,,,,,,,,,,,,,,,,,,,,,,,,,,,,,
ZP4F7:KWH,(                ),,783393,783393,783393,783393,783393,783393,783393,783393,783393,783393,783393,783393,783393,783393,783393,783393,783393,783393,783393,783393,783393,783393,783393,783393,783393,783393,783393,783393,783393,783393,783393,783393,783393,783393,783393,783393,783393,783393,783393,783393,783393,783393,783393,783393,783393,783393,783393,783393,783396,783399,783400,783402,783403,,,,,,,,,,,,,,,,,,,,,,,,,,,,,,,,,,,,,,,,,,,,,,,,,,,,,,,,,,,,,,,,,,,,,,,,,,,,,,,,,,,,,,,,,,,
ZP5F7:KW,(                ),kW,0.0,0.0,0.0,0.0,0.0,0.0,0.0,17.4,16.2,16.0,15.8,0.0,0.0,0.0,0.0,0.0,0.0,0.0,0.0,0.0,0.0,0.0,0.0,0.0,0.0,0.0,0.0,0.0,0.0,0.0,0.0,0.0,0.0,0.0,0.0,16.0,13.9,16.6,13.9,13.4,13.1,13.4,12.6,0.0,0.0,0.0,0.0,0.0,0.0,0.0,9.8,8.5,8.5,,,,,,,,,,,,,,,,,,,,,,,,,,,,,,,,,,,,,,,,,,,,,,,,,,,,,,,,,,,,,,,,,,,,,,,,,,,,,,,,,,,,,,,,,,,
ZP5F7:KWH,(                ),,713206,713206,713206,713206,713206,713206,713206,713207,713209,713212,713215,713215,713215,713215,713215,713215,713215,713215,713215,713215,713215,713215,713215,713215,713215,713215,713215,713215,713215,713215,713215,713215,713215,713215,713215,713216,713218,713221,713223,713225,713228,713230,713232,713233,713233,713233,713233,713233,713233,713233,713234,713235,713236,,,,,,,,,,,,,,,,,,,,,,,,,,,,,,,,,,,,,,,,,,,,,,,,,,,,,,,,,,,,,,,,,,,,,,,,,,,,,,,,,,,,,,,,,,,
ZP6F7:KW,(                ),kW,18.9,18.9,18.9,18.8,18.9,18.9,18.6,16.9,15.4,15.5,15.3,18.9,18.7,18.6,18.8,18.8,18.8,18.9,18.6,18.9,18.6,18.7,18.6,18.5,18.6,18.8,18.8,18.5,18.6,18.5,18.7,18.6,18.8,18.6,18.7,15.3,13.4,16.1,13.5,12.9,13.1,13.2,12.3,18.9,18.6,18.7,18.7,0.4,0.0,0.0,9.5,8.3,8.2,,,,,,,,,,,,,,,,,,,,,,,,,,,,,,,,,,,,,,,,,,,,,,,,,,,,,,,,,,,,,,,,,,,,,,,,,,,,,,,,,,,,,,,,,,,
ZP6F7:KWH,(                ),,327159,327162,327165,327168,327171,327175,327178,327181,327183,327186,327189,327192,327195,327198,327201,327204,327207,327210,327214,327216,327220,327223,327226,327229,327232,327235,327239,327241,327245,327248,327251,327254,327257,327260,327263,327266,327269,327271,327274,327276,327278,327280,327282,327285,327288,327291,327294,327297,327297,327297,327298,327300,327300,,,,,,,,,,,,,,,,,,,,,,,,,,,,,,,,,,,,,,,,,,,,,,,,,,,,,,,,,,,,,,,,,,,,,,,,,,,,,,,,,,,,,,,,,,,
ZP7F7:KW,(                ),kW,0.0,0.0,0.0,0.0,0.0,0.0,0.0,0.0,0.0,0.0,0.0,0.0,0.0,0.0,0.0,0.0,0.0,0.0,0.0,0.0,0.0,0.0,0.0,0.0,0.0,0.0,0.0,0.0,0.0,0.0,0.0,0.0,0.0,0.0,0.0,0.0,0.0,0.0,0.0,0.0,0.0,0.0,0.0,0.0,0.0,0.0,0.0,15.6,15.6,15.5,6.1,15.6,15.5,,,,,,,,,,,,,,,,,,,,,,,,,,,,,,,,,,,,,,,,,,,,,,,,,,,,,,,,,,,,,,,,,,,,,,,,,,,,,,,,,,,,,,,,,,,
ZP7F7:KWH,(                ),,420232,420232,420232,420232,420232,420232,420232,420232,420232,420232,420232,420232,420232,420232,420232,420232,420232,420232,420232,420232,420232,420232,420232,420232,420232,420232,420232,420232,420232,420232,420232,420232,420232,420232,420232,420232,420232,420232,420232,420232,420232,420232,420232,420232,420232,420232,420232,420232,420235,420237,420239,420240,420242,,,,,,,,,,,,,,,,,,,,,,,,,,,,,,,,,,,,,,,,,,,,,,,,,,,,,,,,,,,,,,,,,,,,,,,,,,,,,,,,,,,,,,,,,,,
ZP8F7:KW,(                ),kW,0.0,0.0,0.0,0.0,0.0,0.0,0.0,0.0,0.0,0.0,0.0,0.0,0.0,0.0,0.0,0.0,0.0,0.0,0.0,0.0,0.0,0.0,0.0,0.0,0.0,0.0,0.0,0.0,0.0,0.0,0.0,0.0,0.0,0.0,0.0,0.0,0.0,0.0,0.0,0.0,0.0,0.0,0.0,0.0,0.0,0.0,0.0,0.0,0.0,0.0,6.4,0.0,0.0,,,,,,,,,,,,,,,,,,,,,,,,,,,,,,,,,,,,,,,,,,,,,,,,,,,,,,,,,,,,,,,,,,,,,,,,,,,,,,,,,,,,,,,,,,,
ZP8F7:KWH,(                ),,439893,439893,439893,439893,439893,439893,439893,439893,439893,439893,439893,439893,439893,439893,439893,439893,439893,439893,439893,439893,439893,439893,439893,439893,439893,439893,439893,439893,439893,439893,439893,439893,439893,439893,439893,439893,439893,439893,439893,439893,439893,439893,439893,439893,439893,439893,439893,439893,439893,439893,439895,439895,439895,,,,,,,,,,,,,,,,,,,,,,,,,,,,,,,,,,,,,,,,,,,,,,,,,,,,,,,,,,,,,,,,,,,,,,,,,,,,,,,,,,,,,,,,,,,
ZP9F7:KW,(                ),kW,15.3,5.3,15.5,0.0,0.0,0.0,0.0,0.0,0.0,0.0,0.0,15.5,0.0,0.0,0.0,0.0,0.0,0.0,0.0,0.0,0.0,0.0,0.0,0.0,0.0,0.0,15.6,0.0,0.0,0.0,0.0,0.0,0.0,0.0,0.0,0.0,0.0,0.0,0.0,0.0,0.0,0.0,15.6,0.0,0.0,0.0,0.0,0.0,0.0,0.0,6.2,0.0,0.0,,,,,,,,,,,,,,,,,,,,,,,,,,,,,,,,,,,,,,,,,,,,,,,,,,,,,,,,,,,,,,,,,,,,,,,,,,,,,,,,,,,,,,,,,,,
ZP9F7:KWH,(                ),,241263,241263,241266,241267,241267,241267,241267,241267,241267,241267,241267,241268,241270,241270,241270,241270,241270,241270,241270,241270,241270,241270,241270,241270,241270,241270,241271,241271,241271,241271,241271,241271,241271,241271,241271,241272,241272,241272,241272,241272,241272,241272,241273,241273,241273,241273,241273,241273,241273,241273,241275,241275,241275,,,,,,,,,,,,,,,,,,,,,,,,,,,,,,,,,,,,,,,,,,,,,,,,,,,,,,,,,,,,,,,,,,,,,,,,,,,,,,,,,,,,,,,,,,,
ZP10F7:KW,(                ),kW,0.0,0.0,0.0,0.0,0.0,0.0,0.0,0.0,0.0,0.0,0.0,0.0,0.0,0.0,0.0,0.0,0.0,0.0,0.0,0.0,0.0,0.0,0.0,0.0,0.0,0.0,0.0,0.0,0.0,0.0,0.0,0.0,0.0,0.0,0.0,0.0,0.0,0.0,0.0,0.0,0.0,0.0,0.0,0.0,0.0,0.0,0.0,23.3,23.4,23.4,23.2,23.4,23.3,,,,,,,,,,,,,,,,,,,,,,,,,,,,,,,,,,,,,,,,,,,,,,,,,,,,,,,,,,,,,,,,,,,,,,,,,,,,,,,,,,,,,,,,,,,
ZP10F7:KWH,(                ),,556612,556612,556612,556612,556612,556612,556612,556612,556612,556612,556612,556612,556612,556612,556612,556612,556612,556612,556612,556612,556612,556612,556612,556612,556612,556612,556612,556612,556612,556612,556612,556612,556612,556612,556612,556612,556612,556612,556612,556612,556612,556612,556612,556612,556612,556612,556612,556612,556616,556619,556624,556628,556630,,,,,,,,,,,,,,,,,,,,,,,,,,,,,,,,,,,,,,,,,,,,,,,,,,,,,,,,,,,,,,,,,,,,,,,,,,,,,,,,,,,,,,,,,,,
ZP11F7:KW,(                ),kW,0.0,0.0,0.0,0.0,0.0,0.0,0.0,0.0,0.0,0.0,0.0,0.0,0.0,0.0,0.0,0.0,0.0,0.0,0.0,0.0,0.0,0.0,0.0,0.0,0.0,0.0,0.0,0.0,0.0,0.0,0.0,0.0,0.0,0.0,0.0,0.0,0.0,0.0,0.0,0.0,0.0,0.0,0.0,0.0,0.0,0.0,0.0,0.0,0.0,0.0,0.0,0.0,0.0,,,,,,,,,,,,,,,,,,,,,,,,,,,,,,,,,,,,,,,,,,,,,,,,,,,,,,,,,,,,,,,,,,,,,,,,,,,,,,,,,,,,,,,,,,,
ZP11F7:KWH,(                ),,405976,405976,405976,405976,405976,405976,405976,405976,405976,405976,405976,405976,405976,405976,405976,405976,405976,405976,405976,405976,405976,405976,405976,405976,405976,405976,405976,405976,405976,405976,405976,405976,405976,405976,405976,405976,405976,405976,405976,405976,405976,405976,405976,405976,405976,405976,405976,405976,405976,405976,405976,405976,405976,,,,,,,,,,,,,,,,,,,,,,,,,,,,,,,,,,,,,,,,,,,,,,,,,,,,,,,,,,,,,,,,,,,,,,,,,,,,,,,,,,,,,,,,,,,
ZP12F7:KW,(                ),kW,29.2,1.7,0.0,0.0,0.0,0.0,0.0,0.0,0.0,0.0,0.0,0.0,0.0,0.0,0.0,0.0,0.0,0.0,0.0,0.0,0.0,0.0,0.0,29.7,29.8,29.4,0.0,0.0,29.3,29.0,28.6,28.4,28.3,28.2,27.9,28.2,28.4,0.0,28.8,28.5,28.5,28.2,28.2,28.5,28.3,28.5,28.0,0.8,0.0,0.0,0.0,0.0,0.0,,,,,,,,,,,,,,,,,,,,,,,,,,,,,,,,,,,,,,,,,,,,,,,,,,,,,,,,,,,,,,,,,,,,,,,,,,,,,,,,,,,,,,,,,,,
ZP12F7:KWH,(                ),,243244,243248,243248,243249,243249,243249,243249,243249,243249,243249,243249,243251,243251,243251,243251,243251,243251,243251,243251,243251,243251,243251,243251,243251,243256,243261,243264,243264,243266,243271,243276,243281,243285,243289,243295,243298,243302,243304,243306,243311,243316,243321,243325,243330,243334,243340,243344,243349,243349,243349,243349,243349,243349,,,,,,,,,,,,,,,,,,,,,,,,,,,,,,,,,,,,,,,,,,,,,,,,,,,,,,,,,,,,,,,,,,,,,,,,,,,,,,,,,,,,,,,,,,,
ZP13F7:KW,(                ),kW,0.0,0.0,0.0,0.0,0.0,0.0,0.0,0.0,0.0,0.0,0.0,0.0,0.0,0.0,0.0,0.0,0.0,0.0,0.0,0.0,0.0,0.0,0.0,0.0,0.0,0.0,0.0,0.0,0.0,0.0,0.0,0.0,0.0,0.0,0.0,0.0,0.0,0.0,0.0,0.0,0.0,0.0,0.0,0.0,0.0,0.0,0.0,21.8,21.7,21.7,21.6,21.6,21.5,,,,,,,,,,,,,,,,,,,,,,,,,,,,,,,,,,,,,,,,,,,,,,,,,,,,,,,,,,,,,,,,,,,,,,,,,,,,,,,,,,,,,,,,,,,
ZP13F7:KWH,(                ),,528266,528266,528266,528266,528266,528266,528266,528266,528266,528266,528266,528266,528266,528266,528266,528266,528266,528266,528266,528266,528266,528266,528266,528266,528266,528266,528266,528266,528266,528266,528266,528266,528266,528266,528266,528266,528266,528266,528266,528266,528266,528266,528266,528266,528266,528266,528266,528266,528270,528272,528277,528280,528282,,,,,,,,,,,,,,,,,,,,,,,,,,,,,,,,,,,,,,,,,,,,,,,,,,,,,,,,,,,,,,,,,,,,,,,,,,,,,,,,,,,,,,,,,,,
ZP14F7:KW,(                ),kW,0.0,0.0,0.0,0.0,0.0,0.0,0.0,0.0,0.0,0.0,0.0,0.0,0.0,0.0,0.0,0.0,0.0,0.0,0.0,0.0,0.0,0.0,0.0,0.0,0.0,0.0,0.0,0.0,0.0,0.0,0.0,0.0,0.0,0.0,0.0,0.0,0.0,0.0,0.0,0.0,0.0,0.0,0.0,0.0,0.0,0.0,0.0,0.0,0.0,0.0,0.0,0.0,0.0,,,,,,,,,,,,,,,,,,,,,,,,,,,,,,,,,,,,,,,,,,,,,,,,,,,,,,,,,,,,,,,,,,,,,,,,,,,,,,,,,,,,,,,,,,,
ZP14F7:KWH,(                ),,363324,363324,363324,363324,363324,363324,363324,363324,363324,363324,363324,363324,363324,363324,363324,363324,363324,363324,363324,363324,363324,363324,363324,363324,363324,363324,363324,363324,363324,363324,363324,363324,363324,363324,363324,363324,363324,363324,363324,363324,363324,363324,363324,363324,363324,363324,363324,363324,363324,363324,363324,363324,363324,,,,,,,,,,,,,,,,,,,,,,,,,,,,,,,,,,,,,,,,,,,,,,,,,,,,,,,,,,,,,,,,,,,,,,,,,,,,,,,,,,,,,,,,,,,
ZP15F7:KW,(                ),kW,0.0,0.0,0.0,0.0,21.3,21.1,0.0,0.0,0.0,0.0,0.0,0.0,0.0,0.0,0.0,0.0,0.0,0.0,0.0,0.0,0.0,0.0,0.0,0.0,0.0,0.0,0.0,21.7,21.3,21.3,21.0,20.9,20.9,20.8,20.8,20.8,20.8,0.0,21.0,21.0,20.9,20.9,20.6,20.9,20.7,20.8,20.8,0.0,0.0,0.0,0.0,0.0,0.0,,,,,,,,,,,,,,,,,,,,,,,,,,,,,,,,,,,,,,,,,,,,,,,,,,,,,,,,,,,,,,,,,,,,,,,,,,,,,,,,,,,,,,,,,,,
ZP15F7:KWH,(                ),,216704,216704,216704,216704,216706,216710,216711,216711,216711,216711,216711,216711,216711,216711,216711,216711,216711,216711,216711,216711,216711,216711,216711,216711,216711,216711,216711,216713,216717,216721,216724,216727,216731,216734,216738,216740,216743,216744,216746,216750,216753,216756,216760,216764,216767,216771,216774,216777,216777,216777,216777,216777,216777,,,,,,,,,,,,,,,,,,,,,,,,,,,,,,,,,,,,,,,,,,,,,,,,,,,,,,,,,,,,,,,,,,,,,,,,,,,,,,,,,,,,,,,,,,,
