變數名稱,說明,單位,00:10:00,00:20:00,00:30:00,00:40:00,00:50:00,01:00:00,01:10:00,01:20:00,01:30:00,01:40:00,01:50:00,02:00:00,02:10:00,02:20:00,02:30:00,02:40:00,02:50:00,03:00:00,03:10:00,03:20:00,03:30:00,03:40:00,03:50:00,04:00:00,04:10:00,04:20:00,04:30:00,04:40:00,04:50:00,05:00:00,05:10:00,05:20:00,05:30:00,05:40:00,05:50:00,06:00:00,06:10:00,06:20:00,06:30:00,06:40:00,06:50:00,07:00:00,07:10:00,07:20:00,07:30:00,07:40:00,07:50:00,08:00:00,08:10:00,08:20:00,08:30:00,08:40:00,08:50:00,09:00:00,09:10:00,09:20:00,09:30:00,09:40:00,09:50:00,10:00:00,10:10:00,10:20:00,10:30:00,10:40:00,10:50:00,11:00:00,11:10:00,11:20:00,11:30:00,11:40:00,11:50:00,12:00:00,12:10:00,12:20:00,12:30:00,12:40:00,12:50:00,13:00:00,13:10:00,13:20:00,13:30:00,13:40:00,13:50:00,14:00:00,14:10:00,14:20:00,14:30:00,14:40:00,14:50:00,15:00:00,15:10:00,15:20:00,15:30:00,15:40:00,15:50:00,16:00:00,16:10:00,16:20:00,16:30:00,16:40:00,16:50:00,17:00:00,17:10:00,17:20:00,17:30:00,17:40:00,17:50:00,18:00:00,18:10:00,18:20:00,18:30:00,18:40:00,18:50:00,19:00:00,19:10:00,19:20:00,19:30:00,19:40:00,19:50:00,20:00:00,20:10:00,20:20:00,20:30:00,20:40:00,20:50:00,21:00:00,21:10:00,21:20:00,21:30:00,21:40:00,21:50:00,22:00:00,22:10:00,22:20:00,22:30:00,22:40:00,22:50:00,23:00:00,23:10:00,23:20:00,23:30:00,23:40:00,23:50:00,00:00:00
7F-CH-1.ST,(CH1出水溫度     ),DEG C,7.2,6.9,6.7,6.6,6.8,6.9,6.9,6.9,6.8,6.9,7.1,6.8,8.9,10.0,10.9,11.6,12.3,12.9,13.4,13.9,14.3,14.7,15.1,15.5,15.6,15.8,16.0,16.2,16.4,16.6,16.3,14.5,15.5,16.3,16.7,17.1,17.4,17.2,17.3,17.5,17.9,18.2,13.0,11.4,10.1,9.8,8.8,7.9,7.2,7.0,6.9,7.0,,,,,,,,,,,,,,,,,,,,,,,,,,,,,,,,,,,,,,,,,,,,,,,,,,,,,,,,,,,,,,,,,,,,,,,,,,,,,,,,,,,,,,,,,,,,
7F-CH-2.ST,(CH2出水溫度     ),DEG C,9.9,10.0,9.6,9.5,9.3,9.4,9.2,9.1,9.2,9.3,9.3,9.1,9.1,10.2,11.1,11.9,12.6,13.1,13.7,14.1,14.6,15.0,15.4,15.7,15.8,16.0,16.2,16.5,16.7,16.9,16.8,14.7,15.7,16.5,16.9,17.3,17.6,17.3,17.5,17.7,18.0,18.3,18.1,16.5,15.1,14.5,13.3,12.3,11.5,10.9,10.4,10.4,,,,,,,,,,,,,,,,,,,,,,,,,,,,,,,,,,,,,,,,,,,,,,,,,,,,,,,,,,,,,,,,,,,,,,,,,,,,,,,,,,,,,,,,,,,,
7F-CH-3.ST,(CH3出水溫度     ),DEG C,9.8,9.9,9.5,9.4,9.3,9.3,9.2,9.1,9.1,9.2,9.1,9.0,9.0,10.1,11.0,11.8,12.5,13.1,13.6,14.0,14.5,14.9,15.3,15.6,15.7,15.9,16.2,16.4,16.6,16.8,16.6,14.7,15.7,16.4,16.9,17.2,17.5,17.3,17.4,17.6,17.9,18.2,18.1,16.4,15.0,14.5,13.3,12.2,11.4,10.8,10.4,10.4,,,,,,,,,,,,,,,,,,,,,,,,,,,,,,,,,,,,,,,,,,,,,,,,,,,,,,,,,,,,,,,,,,,,,,,,,,,,,,,,,,,,,,,,,,,,
7F-CH-4.ST,(CH4出水溫度     ),DEG C,9.6,9.6,9.2,9.2,9.0,9.1,8.9,8.8,8.9,9.0,9.0,8.7,8.8,9.9,10.8,11.6,12.3,12.8,13.4,13.8,14.3,14.7,15.1,15.4,15.5,15.7,15.9,16.1,16.4,16.6,16.5,14.5,15.4,16.1,16.6,17.0,17.3,17.0,17.1,17.4,17.7,18.0,17.8,16.1,14.8,14.2,13.0,12.0,11.2,10.6,10.1,7.2,,,,,,,,,,,,,,,,,,,,,,,,,,,,,,,,,,,,,,,,,,,,,,,,,,,,,,,,,,,,,,,,,,,,,,,,,,,,,,,,,,,,,,,,,,,,
7F-CH-5.ST,(CH5出水溫度     ),DEG C,9.7,9.9,9.4,9.3,9.2,9.2,9.0,8.9,9.0,9.1,9.0,8.9,8.9,10.0,10.9,11.7,12.4,12.9,13.5,13.9,14.4,14.8,15.2,15.5,15.6,15.8,16.1,16.3,16.5,16.7,16.5,14.6,15.6,16.3,16.7,17.1,17.4,17.2,17.3,17.5,17.8,18.1,18.0,16.3,15.0,14.5,13.2,12.2,11.3,10.7,10.3,10.3,,,,,,,,,,,,,,,,,,,,,,,,,,,,,,,,,,,,,,,,,,,,,,,,,,,,,,,,,,,,,,,,,,,,,,,,,,,,,,,,,,,,,,,,,,,,
7F-CH.ST,(冰水總出水溫度  ),DEG C,8.8,8.3,8.1,8.1,8.1,8.1,8.1,8.0,8.0,8.0,8.1,7.9,8.8,10.0,10.8,11.6,12.3,12.9,13.4,13.9,14.3,14.7,15.1,15.5,15.6,15.8,16.0,16.2,16.4,16.6,16.2,14.5,15.5,16.2,16.7,17.0,17.3,17.2,17.3,17.5,17.8,18.1,16.1,14.4,13.1,13.0,11.8,10.8,10.0,9.5,8.9,7.1,,,,,,,,,,,,,,,,,,,,,,,,,,,,,,,,,,,,,,,,,,,,,,,,,,,,,,,,,,,,,,,,,,,,,,,,,,,,,,,,,,,,,,,,,,,,
7F-CH-1.RT,(CH1回水溫度     ),,9.7,9.8,9.4,9.4,9.2,9.3,9.1,9.0,9.1,9.2,9.2,9.0,9.0,10.1,11.0,11.8,12.5,13.0,13.5,14.0,14.5,14.9,15.3,15.6,15.7,15.9,16.1,16.3,16.6,16.8,16.7,14.6,15.6,16.3,16.8,17.2,17.5,17.1,17.3,17.6,17.9,18.2,17.9,16.3,14.9,14.2,13.2,12.2,11.4,10.8,10.4,10.5,,,,,,,,,,,,,,,,,,,,,,,,,,,,,,,,,,,,,,,,,,,,,,,,,,,,,,,,,,,,,,,,,,,,,,,,,,,,,,,,,,,,,,,,,,,,
7F-CH-2.RT,(CH2回水溫度     ),,9.9,9.9,9.5,9.5,9.3,9.4,9.2,9.1,9.2,9.3,9.3,9.1,9.1,10.3,11.2,12.0,12.6,13.2,13.7,14.2,14.6,15.0,15.4,15.8,15.9,16.1,16.3,16.5,16.7,16.9,17.0,14.8,15.8,16.4,16.9,17.3,17.6,17.2,17.4,17.7,18.0,18.3,17.9,16.4,15.0,14.3,13.3,12.3,11.5,10.9,10.5,10.6,,,,,,,,,,,,,,,,,,,,,,,,,,,,,,,,,,,,,,,,,,,,,,,,,,,,,,,,,,,,,,,,,,,,,,,,,,,,,,,,,,,,,,,,,,,,
7F-CH-3.RT,(CH3回水溫度     ),,9.8,9.8,9.5,9.4,9.3,9.3,9.2,9.1,9.1,9.2,9.3,9.0,9.1,10.2,11.1,11.9,12.5,13.1,13.6,14.1,14.5,14.9,15.3,15.7,15.8,16.0,16.2,16.4,16.6,16.8,16.9,14.7,15.7,16.4,16.9,17.2,17.5,17.1,17.4,17.7,17.9,18.3,17.9,16.3,15.0,14.2,13.2,12.2,11.4,10.8,10.4,10.5,,,,,,,,,,,,,,,,,,,,,,,,,,,,,,,,,,,,,,,,,,,,,,,,,,,,,,,,,,,,,,,,,,,,,,,,,,,,,,,,,,,,,,,,,,,,
7F-CH-4.RT,(CH4回水溫度     ),,9.8,9.8,9.5,9.5,9.3,9.3,9.2,9.1,9.2,9.3,9.2,9.0,9.1,10.3,11.2,11.9,12.6,13.1,13.7,14.1,14.6,15.0,15.4,15.7,15.8,16.0,16.2,16.4,16.6,16.9,16.9,14.8,15.7,16.4,16.9,17.3,17.6,17.1,17.3,17.7,18.0,18.3,17.9,16.3,15.0,14.2,13.2,12.2,11.4,10.8,10.5,7.9,,,,,,,,,,,,,,,,,,,,,,,,,,,,,,,,,,,,,,,,,,,,,,,,,,,,,,,,,,,,,,,,,,,,,,,,,,,,,,,,,,,,,,,,,,,,
7F-CH-5.RT,(CH5回水溫度     ),,9.7,9.7,9.3,9.3,9.1,9.2,9.0,8.9,9.0,9.1,9.1,8.8,8.9,10.1,11.0,11.8,12.4,13.0,13.5,14.0,14.4,14.8,15.2,15.6,15.7,15.9,16.1,16.3,16.5,16.7,16.8,14.6,15.6,16.2,16.7,17.1,17.4,16.9,17.2,17.5,17.8,18.1,17.7,16.2,14.8,14.1,13.1,12.1,11.3,10.7,10.3,10.4,,,,,,,,,,,,,,,,,,,,,,,,,,,,,,,,,,,,,,,,,,,,,,,,,,,,,,,,,,,,,,,,,,,,,,,,,,,,,,,,,,,,,,,,,,,,
7F-CH.RT,(冰水總回水溫度  ),DEG C,9.3,9.6,9.3,9.2,9.1,9.1,8.9,8.8,8.9,9.0,8.8,8.8,8.9,10.1,11.0,11.7,12.4,12.9,13.4,13.9,14.3,14.7,15.1,15.5,15.6,15.8,16.0,16.2,16.4,16.6,16.7,14.4,15.5,16.1,16.6,17.0,17.3,15.9,16.8,17.3,17.7,18.0,17.4,15.9,14.6,13.4,12.8,11.9,11.0,10.4,10.0,10.7,,,,,,,,,,,,,,,,,,,,,,,,,,,,,,,,,,,,,,,,,,,,,,,,,,,,,,,,,,,,,,,,,,,,,,,,,,,,,,,,,,,,,,,,,,,,
7F-CH-1.CHDT,(冰水溫差        ),DEG C,2.5,2.8,2.7,2.8,2.5,2.4,2.2,2.1,2.3,2.3,2.1,2.2,0.0,0.0,0.0,0.0,0.0,0.0,0.0,0.0,0.0,0.0,0.0,0.0,0.0,0.0,0.0,0.0,0.0,0.0,0.0,0.0,0.0,0.0,0.0,0.0,0.0,0.0,0.0,0.0,0.1,0.1,4.9,4.9,4.8,4.5,4.4,4.3,4.2,3.8,3.4,3.5,,,,,,,,,,,,,,,,,,,,,,,,,,,,,,,,,,,,,,,,,,,,,,,,,,,,,,,,,,,,,,,,,,,,,,,,,,,,,,,,,,,,,,,,,,,,
7F-CH-2.CHDT,(冰水溫差        ),DEG C,0.0,0.0,0.0,0.0,0.0,0.0,0.0,0.0,0.0,0.0,0.0,0.0,0.0,0.0,0.0,0.0,0.0,0.0,0.0,0.0,0.0,0.0,0.0,0.0,0.0,0.0,0.0,0.0,0.0,0.0,0.0,0.0,0.0,0.0,0.0,0.0,0.0,0.0,0.0,0.0,0.0,0.0,0.0,0.0,0.0,0.0,0.0,0.0,0.0,0.0,0.0,0.0,,,,,,,,,,,,,,,,,,,,,,,,,,,,,,,,,,,,,,,,,,,,,,,,,,,,,,,,,,,,,,,,,,,,,,,,,,,,,,,,,,,,,,,,,,,,
7F-CH-3.CHDT,(冰水溫差        ),DEG C,0.0,0.0,0.0,0.0,0.0,0.0,0.0,0.0,0.0,0.0,0.0,0.0,0.0,0.0,0.0,0.0,0.0,0.0,0.0,0.0,0.0,0.0,0.0,0.0,0.0,0.0,0.0,0.0,0.0,0.0,0.0,0.0,0.0,0.0,0.0,0.0,0.0,0.0,0.0,0.0,0.0,0.0,0.0,0.0,0.0,0.0,0.0,0.0,0.0,0.0,0.0,0.0,,,,,,,,,,,,,,,,,,,,,,,,,,,,,,,,,,,,,,,,,,,,,,,,,,,,,,,,,,,,,,,,,,,,,,,,,,,,,,,,,,,,,,,,,,,,
7F-CH-4.CHDT,(冰水溫差        ),DEG C,0.0,0.0,0.0,0.0,0.0,0.0,0.0,0.0,0.0,0.0,0.0,0.0,0.0,0.0,0.0,0.0,0.0,0.0,0.0,0.0,0.0,0.0,0.0,0.0,0.0,0.0,0.0,0.0,0.0,0.0,0.0,0.0,0.0,0.0,0.0,0.0,0.0,0.0,0.0,0.0,0.0,0.0,0.0,0.0,0.0,0.0,0.0,0.0,0.0,0.0,0.0,0.0,,,,,,,,,,,,,,,,,,,,,,,,,,,,,,,,,,,,,,,,,,,,,,,,,,,,,,,,,,,,,,,,,,,,,,,,,,,,,,,,,,,,,,,,,,,,
7F-CH-5.CHDT,(冰水溫差        ),DEG C,0.0,0.0,0.0,0.0,0.0,0.0,0.0,0.0,0.0,0.0,0.0,0.0,0.0,0.0,0.0,0.0,0.0,0.0,0.0,0.0,0.0,0.0,0.0,0.0,0.0,0.0,0.0,0.0,0.0,0.0,0.0,0.0,0.0,0.0,0.0,0.0,0.0,0.0,0.0,0.0,0.0,0.0,0.0,0.0,0.0,0.0,0.0,0.0,0.0,0.0,0.0,0.0,,,,,,,,,,,,,,,,,,,,,,,,,,,,,,,,,,,,,,,,,,,,,,,,,,,,,,,,,,,,,,,,,,,,,,,,,,,,,,,,,,,,,,,,,,,,
7F-CHSYS.CHDT,(冰水系統溫差    ),DEG C,0.6,1.3,1.2,1.1,1.0,0.9,0.9,0.8,0.9,1.0,0.7,0.9,0.0,0.1,0.1,0.1,0.1,0.1,0.0,0.0,0.0,0.0,0.0,0.0,0.0,0.0,0.0,0.0,0.0,0.0,0.5, -0.1, -0.0, -0.1, -0.1, -0.0, -0.0, -1.2, -0.4, -0.2, -0.1, -0.1,1.3,1.5,1.5,0.4,1.1,1.1,1.0,0.8,1.1,3.6,,,,,,,,,,,,,,,,,,,,,,,,,,,,,,,,,,,,,,,,,,,,,,,,,,,,,,,,,,,,,,,,,,,,,,,,,,,,,,,,,,,,,,,,,,,,
7F-CH-1.FM,(CH1水流量       ),,5927,5755,5713,5827,5807,5798,5760,5790,5786,5753,5799,5826,2486,1858,1887,1869,1862,1877,1862,1901,1887,1855,1901,1884,1336,1363,1336,1289,1278,1299,1795,2010,1980,1969,1949,1996,1993,2632,2638,2647,5976,5954,6022,5992,5914,6248,6236,6260,6174,6176,5713,5426,,,,,,,,,,,,,,,,,,,,,,,,,,,,,,,,,,,,,,,,,,,,,,,,,,,,,,,,,,,,,,,,,,,,,,,,,,,,,,,,,,,,,,,,,,,,
7F-CH-2.FM,(CH2水流量       ),,2567,1340,1620,1912,1884,1835,1839,1851,1914,1599,1735,1848,2464,1767,1776,1779,1799,1820,1885,1948,1985,1949,1945,1968,1148,1151,1124,1146,1154,1189,1874,2124,2132,2178,2164,2143,2137,2990,2982,2968,2196,2204,2640,2551,2551,3759,3482,3404,3362,3353,1793,21,,,,,,,,,,,,,,,,,,,,,,,,,,,,,,,,,,,,,,,,,,,,,,,,,,,,,,,,,,,,,,,,,,,,,,,,,,,,,,,,,,,,,,,,,,,,
7F-CH-3.FM,(CH3水流量       ),,1345,1,1,803,803,782,784,746,773,3,704,718,1240,739,728,696,782,754,687,717,770,720,740,749, -1, -1, -1,1, -1,1,781,937,904,951,937,964,1006,1506,1599,1640,1145,1046,1281,1190,1153,2176,2129,1974,2035,2106,873,1,,,,,,,,,,,,,,,,,,,,,,,,,,,,,,,,,,,,,,,,,,,,,,,,,,,,,,,,,,,,,,,,,,,,,,,,,,,,,,,,,,,,,,,,,,,,
7F-CH-4.FM,(CH4水流量       ),,3260,2134,2354,2542,2562,2542,2610,2587,2578,2231,2389,2559,3134,2467,2560,2496,2504,2479,2506,2512,2526,2548,2506,2520,1857,1846,1887,1878,1928,1778,2382,2704,2668,2678,2687,2664,2690,3348,3406,3351,2821,2796,3140,3099,2871,3993,4026,3945,3926,4007,2979,15,,,,,,,,,,,,,,,,,,,,,,,,,,,,,,,,,,,,,,,,,,,,,,,,,,,,,,,,,,,,,,,,,,,,,,,,,,,,,,,,,,,,,,,,,,,,
7F-CH-5.FM,(CH5水流量       ),,2289,1526,1618,1754,1760,1460,1768,1637,1917,1590,1826,1540,2065,1567,1531,1668,1704,1749,1742,1728,1739,1724,1876,1854,1120,1110,1120,1065,1156,1037,1768,2010,2132,2099,1924,1815,2382,2876,2848,2971,2503,1907,2818,2465,2282,3479,3320,3265,3064,3081,1674,9,,,,,,,,,,,,,,,,,,,,,,,,,,,,,,,,,,,,,,,,,,,,,,,,,,,,,,,,,,,,,,,,,,,,,,,,,,,,,,,,,,,,,,,,,,,,
7F-CH.FM,(冰水總流量      ),,17624,11742,12471,12715,12601,11904,12192,12474,12574,12237,11965,12062,11855,8614,8827,9188,9198,9246,8989,8944,9078,9143,9470,9171,6125,6008,6129,5912,5919,6087,9184,8373,8274,8445,8528,8452,8335,14306,13873,13653,14375,14231,16163,16077,15802,21394,21556,21470,21515,21769,13794,4953,,,,,,,,,,,,,,,,,,,,,,,,,,,,,,,,,,,,,,,,,,,,,,,,,,,,,,,,,,,,,,,,,,,,,,,,,,,,,,,,,,,,,,,,,,,,
7F-CW-1.ST,(CW1出水溫度     ),DEG C,32.4,32.5,32.2,32.0,31.9,31.6,31.3,31.1,31.3,31.4,31.2,31.0,28.0,27.9,28.0,28.0,28.1,28.1,28.1,28.1,28.1,28.1,28.1,28.1,28.1,28.1,28.1,28.1,28.1,28.1,28.1,28.1,28.1,28.1,28.1,28.1,28.1,28.1,28.1,28.1,26.8,25.7,34.2,35.8,35.8,35.9,35.9,35.7,35.6,34.9,34.1,33.3,,,,,,,,,,,,,,,,,,,,,,,,,,,,,,,,,,,,,,,,,,,,,,,,,,,,,,,,,,,,,,,,,,,,,,,,,,,,,,,,,,,,,,,,,,,,
7F-CW-2.ST,(CW2出水溫度     ),DEG C,29.5,29.6,29.4,29.4,29.4,29.4,29.4,29.4,29.3,29.2,29.3,29.2,29.2,29.2,29.1,29.1,29.1,29.2,29.1,29.1,29.0,29.0,29.0,29.0,29.0,28.9,29.0,29.0,28.9,28.9,28.8,28.8,28.8,28.8,28.7,28.7,28.7,28.7,28.7,28.7,28.7,28.6,28.7,28.7,28.7,28.7,28.7,28.8,28.7,28.7,28.7,28.8,,,,,,,,,,,,,,,,,,,,,,,,,,,,,,,,,,,,,,,,,,,,,,,,,,,,,,,,,,,,,,,,,,,,,,,,,,,,,,,,,,,,,,,,,,,,
7F-CW-3.ST,(CW3出水溫度     ),DEG C,30.2,30.2,30.2,30.1,30.1,30.1,30.1,30.1,30.1,30.1,30.1,30.1,30.0,30.0,30.0,30.0,30.0,30.0,30.0,29.9,29.9,29.9,29.9,29.9,29.9,29.9,29.9,29.9,29.8,29.8,29.8,29.8,29.8,29.8,29.8,29.7,29.7,29.7,29.7,29.7,29.7,29.7,29.7,29.6,29.6,29.7,29.7,29.7,29.7,29.7,29.7,29.7,,,,,,,,,,,,,,,,,,,,,,,,,,,,,,,,,,,,,,,,,,,,,,,,,,,,,,,,,,,,,,,,,,,,,,,,,,,,,,,,,,,,,,,,,,,,
7F-CW-4.ST,(CW4出水溫度     ),DEG C,29.4,29.4,29.3,29.3,29.3,29.3,29.3,29.3,29.3,29.3,29.3,29.3,29.3,29.3,29.3,29.3,29.2,29.2,29.2,29.2,29.2,29.2,29.2,29.2,29.2,29.2,29.1,29.1,29.1,29.1,29.1,29.1,29.1,29.1,29.0,29.0,29.0,29.0,29.0,29.0,29.0,29.0,29.0,29.0,29.0,29.0,29.0,29.0,29.0,29.0,29.0,29.0,,,,,,,,,,,,,,,,,,,,,,,,,,,,,,,,,,,,,,,,,,,,,,,,,,,,,,,,,,,,,,,,,,,,,,,,,,,,,,,,,,,,,,,,,,,,
7F-CW-5.ST,(CW5出水溫度     ),DEG C,28.6,28.6,28.6,28.6,28.7,28.7,28.7,28.7,28.7,28.8,28.8,28.8,28.8,28.8,28.8,28.8,28.8,28.8,28.8,28.8,28.8,28.8,28.8,28.8,28.8,28.8,28.8,28.8,28.8,28.8,28.8,28.8,28.8,28.8,28.8,28.8,28.8,28.8,28.8,28.8,28.8,28.8,28.8,28.8,28.8,28.9,28.9,28.9,28.9,28.9,28.9,28.9,,,,,,,,,,,,,,,,,,,,,,,,,,,,,,,,,,,,,,,,,,,,,,,,,,,,,,,,,,,,,,,,,,,,,,,,,,,,,,,,,,,,,,,,,,,,
7F-CW.ST,(冷卻水總出水溫度),,32.4,32.5,32.2,32.0,31.9,31.6,31.3,31.1,31.3,31.4,31.2,31.0,0.0,0.0,0.0,0.0,0.0,0.0,0.0,0.0,0.0,0.0,0.0,0.0,0.0,0.0,0.0,0.0,0.0,0.0,0.0,0.0,0.0,0.0,0.0,0.0,0.0,0.0,0.0,0.0,26.8,25.7,34.2,35.8,35.8,35.9,35.9,35.7,35.6,34.9,34.1,33.3,,,,,,,,,,,,,,,,,,,,,,,,,,,,,,,,,,,,,,,,,,,,,,,,,,,,,,,,,,,,,,,,,,,,,,,,,,,,,,,,,,,,,,,,,,,,
7F-CW-1.RT,(CW1回水溫度     ),,29.7,29.7,29.6,29.4,29.4,29.2,29.1,28.9,29.0,29.1,29.0,28.9,27.6,27.7,27.8,27.9,27.9,28.0,28.0,28.1,28.1,28.1,28.1,28.1,28.2,28.2,28.2,28.2,28.2,28.2,28.3,28.3,28.3,28.3,28.3,28.3,28.3,28.3,28.3,28.3,26.5,25.5,30.2,31.1,31.2,31.3,31.3,31.4,31.3,30.8,30.6,30.0,,,,,,,,,,,,,,,,,,,,,,,,,,,,,,,,,,,,,,,,,,,,,,,,,,,,,,,,,,,,,,,,,,,,,,,,,,,,,,,,,,,,,,,,,,,,
7F-CW-2.RT,(CW2回水溫度     ),,30.0,30.0,30.0,30.0,30.0,30.0,30.0,30.0,30.1,30.1,30.0,30.0,30.0,30.0,30.0,30.0,30.0,30.0,30.0,29.9,29.9,29.9,29.9,29.9,29.9,29.9,29.9,29.9,29.8,29.8,29.8,29.8,29.8,29.8,29.8,29.8,29.8,29.8,29.8,29.8,29.8,29.8,29.8,29.8,29.8,29.8,29.8,29.8,29.8,29.8,29.8,29.8,,,,,,,,,,,,,,,,,,,,,,,,,,,,,,,,,,,,,,,,,,,,,,,,,,,,,,,,,,,,,,,,,,,,,,,,,,,,,,,,,,,,,,,,,,,,
7F-CW-3.RT,(CW3回水溫度     ),,30.7,30.7,30.7,30.6,30.6,30.6,30.6,30.6,30.6,30.6,30.6,30.6,30.6,30.6,30.6,30.6,30.6,30.6,30.5,30.5,30.5,30.5,30.5,30.5,30.5,30.5,30.5,30.5,30.4,30.4,30.4,30.4,30.4,30.4,30.4,30.4,30.4,30.3,30.3,30.3,30.3,30.3,30.3,30.3,30.3,30.3,30.3,30.3,30.3,30.3,30.3,30.3,,,,,,,,,,,,,,,,,,,,,,,,,,,,,,,,,,,,,,,,,,,,,,,,,,,,,,,,,,,,,,,,,,,,,,,,,,,,,,,,,,,,,,,,,,,,
7F-CW-4.RT,(CW4回水溫度     ),,29.8,29.8,29.9,29.9,29.8,29.9,29.9,29.9,29.9,29.8,29.8,29.8,29.8,29.8,29.8,29.8,29.8,29.7,29.7,29.7,29.7,29.7,29.7,29.7,29.6,29.6,29.6,29.6,29.6,29.6,29.6,29.6,29.5,29.5,29.5,29.5,29.5,29.5,29.5,29.5,29.5,29.5,29.5,29.5,29.5,29.5,29.5,29.5,29.5,29.5,29.5,29.5,,,,,,,,,,,,,,,,,,,,,,,,,,,,,,,,,,,,,,,,,,,,,,,,,,,,,,,,,,,,,,,,,,,,,,,,,,,,,,,,,,,,,,,,,,,,
7F-CW-5.RT,(CW5回水溫度     ),,29.0,29.1,29.1,29.1,29.1,29.1,29.2,29.2,29.2,29.2,29.2,29.2,29.2,29.2,29.2,29.2,29.2,29.2,29.2,29.2,29.2,29.2,29.2,29.2,29.2,29.2,29.2,29.2,29.2,29.2,29.2,29.2,29.2,29.1,29.1,29.1,29.1,29.1,29.1,29.1,29.1,29.1,29.1,29.1,29.1,29.1,29.2,29.2,29.2,29.2,29.2,29.2,,,,,,,,,,,,,,,,,,,,,,,,,,,,,,,,,,,,,,,,,,,,,,,,,,,,,,,,,,,,,,,,,,,,,,,,,,,,,,,,,,,,,,,,,,,,
7F-CW.RT,(冷卻水總回水溫度),,29.7,29.7,29.6,29.4,29.4,29.2,29.1,28.9,29.0,29.1,29.0,28.9,0.0,0.0,0.0,0.0,0.0,0.0,0.0,0.0,0.0,0.0,0.0,0.0,0.0,0.0,0.0,0.0,0.0,0.0,0.0,0.0,0.0,0.0,0.0,0.0,0.0,0.0,0.0,0.0,26.5,25.5,30.2,31.1,31.2,31.3,31.3,31.4,31.3,30.8,30.6,30.0,,,,,,,,,,,,,,,,,,,,,,,,,,,,,,,,,,,,,,,,,,,,,,,,,,,,,,,,,,,,,,,,,,,,,,,,,,,,,,,,,,,,,,,,,,,,
7F-CH-1.CWDT,(冷卻水溫差      ),DEG C,2.8,2.8,2.6,2.6,2.5,2.4,2.3,2.1,2.3,2.3,2.2,2.2,0.0,0.0,0.0,0.0,0.0,0.0,0.0,0.0,0.0,0.0,0.0,0.0,0.0,0.0,0.0,0.0,0.0,0.0,0.0,0.0,0.0,0.0,0.0,0.0,0.0,0.0,0.0,0.0,0.4,0.1,4.0,4.7,4.6,4.6,4.6,4.3,4.3,4.0,3.5,3.3,,,,,,,,,,,,,,,,,,,,,,,,,,,,,,,,,,,,,,,,,,,,,,,,,,,,,,,,,,,,,,,,,,,,,,,,,,,,,,,,,,,,,,,,,,,,
7F-CH-2.CWDT,(冷卻水溫差      ),DEG C,0.0,0.0,0.0,0.0,0.0,0.0,0.0,0.0,0.0,0.0,0.0,0.0,0.0,0.0,0.0,0.0,0.0,0.0,0.0,0.0,0.0,0.0,0.0,0.0,0.0,0.0,0.0,0.0,0.0,0.0,0.0,0.0,0.0,0.0,0.0,0.0,0.0,0.0,0.0,0.0,0.0,0.0,0.0,0.0,0.0,0.0,0.0,0.0,0.0,0.0,0.0,0.0,,,,,,,,,,,,,,,,,,,,,,,,,,,,,,,,,,,,,,,,,,,,,,,,,,,,,,,,,,,,,,,,,,,,,,,,,,,,,,,,,,,,,,,,,,,,
7F-CH-3.CWDT,(冷卻水溫差      ),DEG C,0.0,0.0,0.0,0.0,0.0,0.0,0.0,0.0,0.0,0.0,0.0,0.0,0.0,0.0,0.0,0.0,0.0,0.0,0.0,0.0,0.0,0.0,0.0,0.0,0.0,0.0,0.0,0.0,0.0,0.0,0.0,0.0,0.0,0.0,0.0,0.0,0.0,0.0,0.0,0.0,0.0,0.0,0.0,0.0,0.0,0.0,0.0,0.0,0.0,0.0,0.0,0.0,,,,,,,,,,,,,,,,,,,,,,,,,,,,,,,,,,,,,,,,,,,,,,,,,,,,,,,,,,,,,,,,,,,,,,,,,,,,,,,,,,,,,,,,,,,,
7F-CH-4.CWDT,(冷卻水溫差      ),DEG C,0.0,0.0,0.0,0.0,0.0,0.0,0.0,0.0,0.0,0.0,0.0,0.0,0.0,0.0,0.0,0.0,0.0,0.0,0.0,0.0,0.0,0.0,0.0,0.0,0.0,0.0,0.0,0.0,0.0,0.0,0.0,0.0,0.0,0.0,0.0,0.0,0.0,0.0,0.0,0.0,0.0,0.0,0.0,0.0,0.0,0.0,0.0,0.0,0.0,0.0,0.0,0.0,,,,,,,,,,,,,,,,,,,,,,,,,,,,,,,,,,,,,,,,,,,,,,,,,,,,,,,,,,,,,,,,,,,,,,,,,,,,,,,,,,,,,,,,,,,,
7F-CH-5.CWDT,(冷卻水溫差      ),DEG C,0.0,0.0,0.0,0.0,0.0,0.0,0.0,0.0,0.0,0.0,0.0,0.0,0.0,0.0,0.0,0.0,0.0,0.0,0.0,0.0,0.0,0.0,0.0,0.0,0.0,0.0,0.0,0.0,0.0,0.0,0.0,0.0,0.0,0.0,0.0,0.0,0.0,0.0,0.0,0.0,0.0,0.0,0.0,0.0,0.0,0.0,0.0,0.0,0.0,0.0,0.0,0.0,,,,,,,,,,,,,,,,,,,,,,,,,,,,,,,,,,,,,,,,,,,,,,,,,,,,,,,,,,,,,,,,,,,,,,,,,,,,,,,,,,,,,,,,,,,,
7F-CHSYS.CWDT,(冷卻水系統溫差  ),DEG C,2.7,2.8,2.6,2.6,2.5,2.4,2.3,2.1,2.3,2.3,2.2,2.2,0.0,0.0,0.0,0.0,0.0,0.0,0.0,0.0,0.0,0.0,0.0,0.0,0.0,0.0,0.0,0.0,0.0,0.0,0.0,0.0,0.0,0.0,0.0,0.0,0.0,0.0,0.0,0.0,0.4,0.1,4.0,4.7,4.6,4.6,4.6,4.3,4.3,4.0,3.5,3.3,,,,,,,,,,,,,,,,,,,,,,,,,,,,,,,,,,,,,,,,,,,,,,,,,,,,,,,,,,,,,,,,,,,,,,,,,,,,,,,,,,,,,,,,,,,,
7F-CW-1.FM,(CW1水流量       ),,7868,7764,7101,7724,7474,7631,7965,7599,7932,7621,8292,7568,21,15,15,18,18,17,17,17,17,18,15,17,17,15,17,17,17,14,17,15,15,15,17,17,17,17,17,17,8392,8074,8514,8635,8778,8670,8714,8809,8679,8871,8818,8368,,,,,,,,,,,,,,,,,,,,,,,,,,,,,,,,,,,,,,,,,,,,,,,,,,,,,,,,,,,,,,,,,,,,,,,,,,,,,,,,,,,,,,,,,,,,
7F-CW-2.FM,(CW2水流量       ),,17,17,15,15,15,15,15,15,15,15,15,15,15,15,15,15,15,15,15,15,15,15,15,15,15,15,15,15,15,15,14,14,15,15,15,15,15,15,15,15,15,15,14,15,15,15,17,14,14,17,17,17,,,,,,,,,,,,,,,,,,,,,,,,,,,,,,,,,,,,,,,,,,,,,,,,,,,,,,,,,,,,,,,,,,,,,,,,,,,,,,,,,,,,,,,,,,,,
7F-CW-3.FM,(CW3水流量       ),,21,21,23,21,21,21,21,24,21,21,21,21,21,21,21,21,21,18,18,18,21,23,21,18,21,21,21,18,21,21,21,18,21,18,21,18,21,23,18,18,21,21,21,18,21,21,21,23,18,23,21,21,,,,,,,,,,,,,,,,,,,,,,,,,,,,,,,,,,,,,,,,,,,,,,,,,,,,,,,,,,,,,,,,,,,,,,,,,,,,,,,,,,,,,,,,,,,,
7F-CW-4.FM,(CW4水流量       ),,15,15,15,12,14,17,17,17,17,17,17,17,17,17,14,14,14,14,17,15,15,15,15,17,14,14,17,14,15,15,14,14,15,15,15,14,15,15,15,15,15,15,15,15,14,15,15,15,17,17,14,15,,,,,,,,,,,,,,,,,,,,,,,,,,,,,,,,,,,,,,,,,,,,,,,,,,,,,,,,,,,,,,,,,,,,,,,,,,,,,,,,,,,,,,,,,,,,
7F-CW-5.FM,(CW5水流量       ),,18,15,17,17,17,17,17,17,15,15,15,15,15,18,15,15,15,15,15,15,15,15,15,15,15,15,15,15,15,15,15,15,14,14,14,14,15,15,15,15,15,15,15,17,14,15,15,15,15,15,12,17,,,,,,,,,,,,,,,,,,,,,,,,,,,,,,,,,,,,,,,,,,,,,,,,,,,,,,,,,,,,,,,,,,,,,,,,,,,,,,,,,,,,,,,,,,,,
7F-CW.FM,(冷卻水總流量    ),,8048,7834,6940,7803,7534,7584,8156,7579,7982,7692,8259,7843,89,89,82,85,82,81,87,85,85,89,84,87,84,82,87,81,85,79,79,84,79,82,81,82,85,85,85,82,8540,8040,8682,8715,8857,8703,8873,8904,8781,9079,8884,8487,,,,,,,,,,,,,,,,,,,,,,,,,,,,,,,,,,,,,,,,,,,,,,,,,,,,,,,,,,,,,,,,,,,,,,,,,,,,,,,,,,,,,,,,,,,,
CH1F7:KW,(                ),kW,181.0,194.0,189.0,206.0,195.0,188.0,180.0,167.0,183.0,174.0,178.0,176.0,0.0,0.0,0.0,0.0,0.0,0.0,0.0,0.0,0.0,0.0,0.0,0.0,0.0,0.0,0.0,0.0,0.0,0.0,0.0,0.0,0.0,0.0,0.0,0.0,0.0,0.0,0.0,0.0,0.0,0.0,317.0,307.0,306.0,305.0,315.0,314.0,317.0,289.0,246.0,228.0,,,,,,,,,,,,,,,,,,,,,,,,,,,,,,,,,,,,,,,,,,,,,,,,,,,,,,,,,,,,,,,,,,,,,,,,,,,,,,,,,,,,,,,,,,,,
CH2F7:KW,(                ),kW,0.4,1.0,1.0,0.4,1.1,0.7,0.0,0.7,0.7,0.0,0.7,0.7,0.0,0.7,0.0,0.7,0.7,0.0,0.7,0.0,0.0,0.7,0.0,0.0,0.7,0.7,0.0,0.7,0.7,0.0,0.0,0.7,0.8,0.0,0.7,0.7,0.0,0.0,0.7,0.7,0.0,0.0,0.7,0.7,0.0,0.8,0.7,0.0,0.7,0.0,0.0,0.7,,,,,,,,,,,,,,,,,,,,,,,,,,,,,,,,,,,,,,,,,,,,,,,,,,,,,,,,,,,,,,,,,,,,,,,,,,,,,,,,,,,,,,,,,,,,
CH3F7:KW,(                ),kW,0.7,0.7,0.0,0.7,0.7,0.7,0.0,0.0,0.7,0.7,0.0,0.0,0.7,0.7,0.0,0.0,0.0,0.7,0.7,0.0,0.0,0.7,0.7,0.0,0.0,0.7,0.7,0.7,0.0,0.7,0.7,0.7,0.0,0.0,0.7,0.7,0.7,0.0,0.0,0.7,0.7,0.0,0.0,0.7,0.7,0.0,0.0,0.7,0.7,0.7,0.0,0.0,,,,,,,,,,,,,,,,,,,,,,,,,,,,,,,,,,,,,,,,,,,,,,,,,,,,,,,,,,,,,,,,,,,,,,,,,,,,,,,,,,,,,,,,,,,,
CH4F7:KW,(                ),kW,0.0,0.0,0.0,0.0,0.0,0.0,0.0,0.0,0.0,0.0,0.0,0.0,0.0,0.0,0.0,0.0,0.0,0.0,0.0,0.0,0.0,0.0,0.0,0.0,0.0,0.0,0.0,0.0,0.0,0.0,0.0,0.0,0.0,0.0,0.0,0.0,0.0,0.0,0.0,0.0,0.0,0.0,0.0,0.0,0.0,0.0,0.0,0.0,0.0,0.0,0.0,0.0,,,,,,,,,,,,,,,,,,,,,,,,,,,,,,,,,,,,,,,,,,,,,,,,,,,,,,,,,,,,,,,,,,,,,,,,,,,,,,,,,,,,,,,,,,,,
CH5F7:KW,(                ),kW,0.0,0.0,0.0,0.0,0.0,0.0,0.0,0.0,0.0,0.0,0.0,0.0,0.0,0.0,0.0,0.0,0.0,0.0,0.0,0.0,0.0,0.0,0.0,0.0,0.0,0.0,0.0,0.0,0.0,0.0,0.0,0.0,0.0,0.0,0.0,0.0,0.0,0.0,0.0,0.0,0.0,0.0,0.0,0.0,0.0,0.0,0.0,0.0,0.0,0.0,0.0,0.0,,,,,,,,,,,,,,,,,,,,,,,,,,,,,,,,,,,,,,,,,,,,,,,,,,,,,,,,,,,,,,,,,,,,,,,,,,,,,,,,,,,,,,,,,,,,
CHF7-ALL.KW,(冰機系統功率    ),,182.0,195.7,190.0,207.1,196.8,189.4,180.0,167.7,184.4,174.7,178.7,176.7,0.7,1.4,0.0,0.7,0.7,0.7,1.4,0.0,0.0,1.4,0.7,0.0,0.7,1.4,0.7,1.4,0.7,0.7,0.7,1.4,0.8,0.0,1.4,1.4,0.7,0.0,0.7,1.4,0.7,0.0,317.7,308.4,306.7,305.8,315.7,314.7,318.4,289.7,246.0,228.7,,,,,,,,,,,,,,,,,,,,,,,,,,,,,,,,,,,,,,,,,,,,,,,,,,,,,,,,,,,,,,,,,,,,,,,,,,,,,,,,,,,,,,,,,,,,
7F-CH-1.TON,(冷凍頓          ),,296,320,306,323,285,277,254,241,265,258,237,250,0,0,0,0,0,0,0,0,0,0,0,0,0,0,0,0,0,0,0,0,0,0,0,0,0,0,0,0,0,0,588,584,564,554,548,527,512,464,391,379,,,,,,,,,,,,,,,,,,,,,,,,,,,,,,,,,,,,,,,,,,,,,,,,,,,,,,,,,,,,,,,,,,,,,,,,,,,,,,,,,,,,,,,,,,,,
7F-CH-2.TON,(冷凍頓          ),,0,0,0,0,0,0,0,0,0,0,0,0,0,0,0,0,0,0,0,0,0,0,0,0,0,0,0,0,0,0,0,0,0,0,0,0,0,0,0,0,0,0,0,0,0,0,0,0,0,0,0,0,,,,,,,,,,,,,,,,,,,,,,,,,,,,,,,,,,,,,,,,,,,,,,,,,,,,,,,,,,,,,,,,,,,,,,,,,,,,,,,,,,,,,,,,,,,,
7F-CH-3.TON,(冷凍頓          ),,0,0,0,0,0,0,0,0,0,0,0,0,0,0,0,0,0,0,0,0,0,0,0,0,0,0,0,0,0,0,0,0,0,0,0,0,0,0,0,0,0,0,0,0,0,0,0,0,0,0,0,0,,,,,,,,,,,,,,,,,,,,,,,,,,,,,,,,,,,,,,,,,,,,,,,,,,,,,,,,,,,,,,,,,,,,,,,,,,,,,,,,,,,,,,,,,,,,
7F-CH-4.TON,(冷凍頓          ),,0,0,0,0,0,0,0,0,0,0,0,0,0,0,0,0,0,0,0,0,0,0,0,0,0,0,0,0,0,0,0,0,0,0,0,0,0,0,0,0,0,0,0,0,0,0,0,0,0,0,0,0,,,,,,,,,,,,,,,,,,,,,,,,,,,,,,,,,,,,,,,,,,,,,,,,,,,,,,,,,,,,,,,,,,,,,,,,,,,,,,,,,,,,,,,,,,,,
7F-CH-5.TON,(冷凍頓          ),,0,0,0,0,0,0,0,0,0,0,0,0,0,0,0,0,0,0,0,0,0,0,0,0,0,0,0,0,0,0,0,0,0,0,0,0,0,0,0,0,0,0,0,0,0,0,0,0,0,0,0,0,,,,,,,,,,,,,,,,,,,,,,,,,,,,,,,,,,,,,,,,,,,,,,,,,,,,,,,,,,,,,,,,,,,,,,,,,,,,,,,,,,,,,,,,,,,,
7F-CHSYS.TON,(冷凍頓          ),,66,145,130,125,113,105,100,89,101,116,75,101,0,0,0,0,0,0,0,0,0,0,0,0,0,0,0,0,0,0,0,0,0,0,0,0,0,0,0,0,0,0,157,180,178,54,130,131,127,103,129,386,,,,,,,,,,,,,,,,,,,,,,,,,,,,,,,,,,,,,,,,,,,,,,,,,,,,,,,,,,,,,,,,,,,,,,,,,,,,,,,,,,,,,,,,,,,,
7F-CH-1.KW/RT,(冰機效率        ),,0.00,0.00,0.00,0.00,0.00,0.00,0.00,0.00,0.00,0.00,0.00,0.00,0.00,0.00,0.00,0.00,0.00,0.00,0.00,0.00,0.00,0.00,0.00,0.00,0.00,0.00,0.00,0.00,0.00,0.00,0.00,0.00,0.00,0.00,0.00,0.00,0.00,0.00,0.00,0.00,0.00,0.00,0.00,0.00,0.00,0.00,0.00,0.00,0.00,0.00,0.00,0.00,,,,,,,,,,,,,,,,,,,,,,,,,,,,,,,,,,,,,,,,,,,,,,,,,,,,,,,,,,,,,,,,,,,,,,,,,,,,,,,,,,,,,,,,,,,,
7F-CH-2.KW/RT,(冰機效率        ),,0.00,0.00,0.00,0.00,0.00,0.00,0.00,0.00,0.00,0.00,0.00,0.00,0.00,0.00,0.00,0.00,0.00,0.00,0.00,0.00,0.00,0.00,0.00,0.00,0.00,0.00,0.00,0.00,0.00,0.00,0.00,0.00,0.00,0.00,0.00,0.00,0.00,0.00,0.00,0.00,0.00,0.00,0.00,0.00,0.00,0.00,0.00,0.00,0.00,0.00,0.00,0.00,,,,,,,,,,,,,,,,,,,,,,,,,,,,,,,,,,,,,,,,,,,,,,,,,,,,,,,,,,,,,,,,,,,,,,,,,,,,,,,,,,,,,,,,,,,,
7F-CH-3.KW/RT,(冰機效率        ),,0.00,0.00,0.00,0.00,0.00,0.00,0.00,0.00,0.00,0.00,0.00,0.00,0.00,0.00,0.00,0.00,0.00,0.00,0.00,0.00,0.00,0.00,0.00,0.00,0.00,0.00,0.00,0.00,0.00,0.00,0.00,0.00,0.00,0.00,0.00,0.00,0.00,0.00,0.00,0.00,0.00,0.00,0.00,0.00,0.00,0.00,0.00,0.00,0.00,0.00,0.00,0.00,,,,,,,,,,,,,,,,,,,,,,,,,,,,,,,,,,,,,,,,,,,,,,,,,,,,,,,,,,,,,,,,,,,,,,,,,,,,,,,,,,,,,,,,,,,,
7F-CH-4.KW/RT,(冰機效率        ),,0.00,0.00,0.00,0.00,0.00,0.00,0.00,0.00,0.00,0.00,0.00,0.00,0.00,0.00,0.00,0.00,0.00,0.00,0.00,0.00,0.00,0.00,0.00,0.00,0.00,0.00,0.00,0.00,0.00,0.00,0.00,0.00,0.00,0.00,0.00,0.00,0.00,0.00,0.00,0.00,0.00,0.00,0.00,0.00,0.00,0.00,0.00,0.00,0.00,0.00,0.00,0.00,,,,,,,,,,,,,,,,,,,,,,,,,,,,,,,,,,,,,,,,,,,,,,,,,,,,,,,,,,,,,,,,,,,,,,,,,,,,,,,,,,,,,,,,,,,,
7F-CH-5.KW/RT,(冰機效率        ),,0.00,0.00,0.00,0.00,0.00,0.00,0.00,0.00,0.00,0.00,0.00,0.00,0.00,0.00,0.00,0.00,0.00,0.00,0.00,0.00,0.00,0.00,0.00,0.00,0.00,0.00,0.00,0.00,0.00,0.00,0.00,0.00,0.00,0.00,0.00,0.00,0.00,0.00,0.00,0.00,0.00,0.00,0.00,0.00,0.00,0.00,0.00,0.00,0.00,0.00,0.00,0.00,,,,,,,,,,,,,,,,,,,,,,,,,,,,,,,,,,,,,,,,,,,,,,,,,,,,,,,,,,,,,,,,,,,,,,,,,,,,,,,,,,,,,,,,,,,,
7F-CHSYS.KW/RT,(冰水系統效率    ),,16.63,7.63,8.54,8.88,9.82,10.59,11.09,12.45,11.02,9.59,14.75,11.01,0.00,0.00,0.00,0.00,0.00,0.00,0.00,0.00,0.00,0.00,0.00,0.00,0.00,0.00,0.00,0.00,0.00,0.00,0.00,0.00,0.00,0.00,0.00,0.00,0.00,0.00,0.00,0.00,0.00,0.00,7.09,6.18,6.24,20.53,8.52,8.48,8.71,10.74,8.58,2.88,,,,,,,,,,,,,,,,,,,,,,,,,,,,,,,,,,,,,,,,,,,,,,,,,,,,,,,,,,,,,,,,,,,,,,,,,,,,,,,,,,,,,,,,,,,,
7F-CW-1.TON,(冷卻水冷凍頓    ),,435,426,370,405,368,363,357,313,354,343,354,327,0,0,0,0,0,0,0,0,0,0,0,0,0,0,0,0,0,0,0,0,0,0,0,0,0,0,0,0,0,0,680,799,798,782,807,754,747,720,612,553,,,,,,,,,,,,,,,,,,,,,,,,,,,,,,,,,,,,,,,,,,,,,,,,,,,,,,,,,,,,,,,,,,,,,,,,,,,,,,,,,,,,,,,,,,,,
7F-CW-2.TON,(冷卻水冷凍頓    ),,0,0,0,0,0,0,0,0,0,0,0,0,0,0,0,0,0,0,0,0,0,0,0,0,0,0,0,0,0,0,0,0,0,0,0,0,0,0,0,0,0,0,0,0,0,0,0,0,0,0,0,0,,,,,,,,,,,,,,,,,,,,,,,,,,,,,,,,,,,,,,,,,,,,,,,,,,,,,,,,,,,,,,,,,,,,,,,,,,,,,,,,,,,,,,,,,,,,
7F-CW-3.TON,(冷卻水冷凍頓    ),,0,0,0,0,0,0,0,0,0,0,0,0,0,0,0,0,0,0,0,0,0,0,0,0,0,0,0,0,0,0,0,0,0,0,0,0,0,0,0,0,0,0,0,0,0,0,0,0,0,0,0,0,,,,,,,,,,,,,,,,,,,,,,,,,,,,,,,,,,,,,,,,,,,,,,,,,,,,,,,,,,,,,,,,,,,,,,,,,,,,,,,,,,,,,,,,,,,,
7F-CW-4.TON,(冷卻水冷凍頓    ),,0,0,0,0,0,0,0,0,0,0,0,0,0,0,0,0,0,0,0,0,0,0,0,0,0,0,0,0,0,0,0,0,0,0,0,0,0,0,0,0,0,0,0,0,0,0,0,0,0,0,0,0,,,,,,,,,,,,,,,,,,,,,,,,,,,,,,,,,,,,,,,,,,,,,,,,,,,,,,,,,,,,,,,,,,,,,,,,,,,,,,,,,,,,,,,,,,,,
7F-CW-5.TON,(冷卻水冷凍頓    ),,0,0,0,0,0,0,0,0,0,0,0,0,0,0,0,0,0,0,0,0,0,0,0,0,0,0,0,0,0,0,0,0,0,0,0,0,0,0,0,0,0,0,0,0,0,0,0,0,0,0,0,0,,,,,,,,,,,,,,,,,,,,,,,,,,,,,,,,,,,,,,,,,,,,,,,,,,,,,,,,,,,,,,,,,,,,,,,,,,,,,,,,,,,,,,,,,,,,
7F-CWSYS.TON,(冷凍頓          ),,437,422,355,409,371,361,365,312,362,353,355,340,0,0,0,0,0,0,0,0,0,0,0,0,0,0,0,0,0,0,0,0,0,0,0,0,0,0,0,0,63,23,693,806,805,795,811,764,749,723,616,558,,,,,,,,,,,,,,,,,,,,,,,,,,,,,,,,,,,,,,,,,,,,,,,,,,,,,,,,,,,,,,,,,,,,,,,,,,,,,,,,,,,,,,,,,,,,
7F-CH-1.HB,(                ),, -31.91, -24.86, -17.31, -20.91, -22.59, -23.68, -28.72, -23.00, -25.24, -24.68, -32.71, -23.65,0.00,0.00,0.00,0.00,0.00,0.00,0.00,0.00,0.00,0.00,0.00,0.00,0.00,0.00,0.00,0.00,0.00,0.00,0.00,0.00,0.00,0.00,0.00,0.00,0.00,0.00,0.00,0.00,0.00,0.00, -14.26, -26.89, -29.32, -29.21, -32.12, -30.03, -31.49, -35.45, -36.08, -31.43,,,,,,,,,,,,,,,,,,,,,,,,,,,,,,,,,,,,,,,,,,,,,,,,,,,,,,,,,,,,,,,,,,,,,,,,,,,,,,,,,,,,,,,,,,,,
7F-CH-2.HB,(                ),,0.00,0.00,0.00,0.00,0.00,0.00,0.00,0.00,0.00,0.00,0.00,0.00,0.00,0.00,0.00,0.00,0.00,0.00,0.00,0.00,0.00,0.00,0.00,0.00,0.00,0.00,0.00,0.00,0.00,0.00,0.00,0.00,0.00,0.00,0.00,0.00,0.00,0.00,0.00,0.00,0.00,0.00,0.00,0.00,0.00,0.00,0.00,0.00,0.00,0.00,0.00,0.00,,,,,,,,,,,,,,,,,,,,,,,,,,,,,,,,,,,,,,,,,,,,,,,,,,,,,,,,,,,,,,,,,,,,,,,,,,,,,,,,,,,,,,,,,,,,
7F-CH-3.HB,(                ),,0.00,0.00,0.00,0.00,0.00,0.00,0.00,0.00,0.00,0.00,0.00,0.00,0.00,0.00,0.00,0.00,0.00,0.00,0.00,0.00,0.00,0.00,0.00,0.00,0.00,0.00,0.00,0.00,0.00,0.00,0.00,0.00,0.00,0.00,0.00,0.00,0.00,0.00,0.00,0.00,0.00,0.00,0.00,0.00,0.00,0.00,0.00,0.00,0.00,0.00,0.00,0.00,,,,,,,,,,,,,,,,,,,,,,,,,,,,,,,,,,,,,,,,,,,,,,,,,,,,,,,,,,,,,,,,,,,,,,,,,,,,,,,,,,,,,,,,,,,,
7F-CH-4.HB,(                ),,0.00,0.00,0.00,0.00,0.00,0.00,0.00,0.00,0.00,0.00,0.00,0.00,0.00,0.00,0.00,0.00,0.00,0.00,0.00,0.00,0.00,0.00,0.00,0.00,0.00,0.00,0.00,0.00,0.00,0.00,0.00,0.00,0.00,0.00,0.00,0.00,0.00,0.00,0.00,0.00,0.00,0.00,0.00,0.00,0.00,0.00,0.00,0.00,0.00,0.00,0.00,0.00,,,,,,,,,,,,,,,,,,,,,,,,,,,,,,,,,,,,,,,,,,,,,,,,,,,,,,,,,,,,,,,,,,,,,,,,,,,,,,,,,,,,,,,,,,,,
7F-CH-5.HB,(                ),,0.00,0.00,0.00,0.00,0.00,0.00,0.00,0.00,0.00,0.00,0.00,0.00,0.00,0.00,0.00,0.00,0.00,0.00,0.00,0.00,0.00,0.00,0.00,0.00,0.00,0.00,0.00,0.00,0.00,0.00,0.00,0.00,0.00,0.00,0.00,0.00,0.00,0.00,0.00,0.00,0.00,0.00,0.00,0.00,0.00,0.00,0.00,0.00,0.00,0.00,0.00,0.00,,,,,,,,,,,,,,,,,,,,,,,,,,,,,,,,,,,,,,,,,,,,,,,,,,,,,,,,,,,,,,,,,,,,,,,,,,,,,,,,,,,,,,,,,,,,
7F-CHSYS.HB,(                ),, -12.27,9.58,25.63,8.19,15.80,16.80,14.23,30.01,15.23,22.31,9.94,22.74,0.00,0.00,0.00,0.00,0.00,0.00,0.00,0.00,0.00,0.00,0.00,0.00,0.00,0.00,0.00,0.00,0.00,0.00,0.00,0.00,0.00,0.00,0.00,0.00,0.00,0.00,0.00,0.00,402.61,1251.71, -31.68, -38.42, -38.52, -53.34, -44.90, -41.40, -40.64, -41.86, -27.64,25.80,,,,,,,,,,,,,,,,,,,,,,,,,,,,,,,,,,,,,,,,,,,,,,,,,,,,,,,,,,,,,,,,,,,,,,,,,,,,,,,,,,,,,,,,,,,,
CHP1F7:KW,(                ),kW,31.9,32.0,31.9,32.0,32.1,32.0,31.9,31.9,32.0,32.0,32.2,32.0,0.0,0.0,0.0,0.0,0.0,0.0,0.0,0.0,0.0,0.0,0.0,0.0,0.0,0.0,0.0,0.0,0.0,0.0,0.0,0.0,0.0,0.0,0.0,0.0,0.0,0.0,0.0,0.0,31.8,31.9,31.8,32.0,31.9,31.5,31.5,31.6,31.8,31.3,31.8,31.7,,,,,,,,,,,,,,,,,,,,,,,,,,,,,,,,,,,,,,,,,,,,,,,,,,,,,,,,,,,,,,,,,,,,,,,,,,,,,,,,,,,,,,,,,,,,
CHP2F7:KW,(                ),kW,0.0,0.0,0.0,0.0,0.0,0.0,0.0,0.0,0.0,0.0,0.0,0.0,0.0,0.0,0.0,0.0,0.0,0.0,0.0,0.0,0.0,0.0,0.0,0.0,0.0,0.0,0.0,0.0,0.0,0.0,0.0,0.0,0.0,0.0,0.0,0.0,0.0,0.0,0.0,0.0,0.0,0.0,0.0,0.0,0.0,0.0,0.0,0.0,0.0,0.0,0.0,0.0,,,,,,,,,,,,,,,,,,,,,,,,,,,,,,,,,,,,,,,,,,,,,,,,,,,,,,,,,,,,,,,,,,,,,,,,,,,,,,,,,,,,,,,,,,,,
CHP3F7:KW,(                ),kW,0.0,0.0,0.0,0.0,0.0,0.0,0.0,0.0,0.0,0.0,0.0,0.0,0.0,0.0,0.0,0.0,0.0,0.0,0.0,0.0,0.0,0.0,0.0,0.0,0.0,0.0,0.0,0.0,0.0,0.0,0.0,0.0,0.0,0.0,0.0,0.0,0.0,0.0,0.0,0.0,0.0,0.0,0.0,0.0,0.0,0.0,0.0,0.0,0.0,0.0,0.0,0.0,,,,,,,,,,,,,,,,,,,,,,,,,,,,,,,,,,,,,,,,,,,,,,,,,,,,,,,,,,,,,,,,,,,,,,,,,,,,,,,,,,,,,,,,,,,,
CHP4F7:KW,(                ),kW,0.0,0.0,0.0,0.0,0.0,0.0,0.0,0.0,0.0,0.0,0.0,0.0,0.0,0.0,0.0,0.0,0.0,0.0,0.0,0.0,0.0,0.0,0.0,0.0,0.0,0.0,0.0,0.0,0.0,0.0,0.0,0.0,0.0,0.0,0.0,0.0,0.0,0.0,0.0,0.0,0.0,0.0,0.0,0.0,0.0,0.0,0.0,0.0,0.0,0.0,0.0,0.0,,,,,,,,,,,,,,,,,,,,,,,,,,,,,,,,,,,,,,,,,,,,,,,,,,,,,,,,,,,,,,,,,,,,,,,,,,,,,,,,,,,,,,,,,,,,
CHP5F7:KW,(                ),kW,0.0,0.0,0.0,0.0,0.0,0.0,0.0,0.0,0.0,0.0,0.0,0.0,0.0,0.0,0.0,0.0,0.0,0.0,0.0,0.0,0.0,0.0,0.0,0.0,0.0,0.0,0.0,0.0,0.0,0.0,0.0,0.0,0.0,0.0,0.0,0.0,0.0,0.0,0.0,0.0,0.0,0.0,0.0,0.0,0.0,0.0,0.0,0.0,0.0,0.0,0.0,0.0,,,,,,,,,,,,,,,,,,,,,,,,,,,,,,,,,,,,,,,,,,,,,,,,,,,,,,,,,,,,,,,,,,,,,,,,,,,,,,,,,,,,,,,,,,,,
CHPF7-ALL.KW,(冰水泵系統功率  ),,31.9,32.0,31.9,32.0,32.1,32.0,31.9,31.9,32.0,32.0,32.2,32.0,0.0,0.0,0.0,0.0,0.0,0.0,0.0,0.0,0.0,0.0,0.0,0.0,0.0,0.0,0.0,0.0,0.0,0.0,0.0,0.0,0.0,0.0,0.0,0.0,0.0,0.0,0.0,0.0,31.8,31.9,31.8,32.0,31.9,31.5,31.5,31.6,31.8,31.3,31.8,31.7,,,,,,,,,,,,,,,,,,,,,,,,,,,,,,,,,,,,,,,,,,,,,,,,,,,,,,,,,,,,,,,,,,,,,,,,,,,,,,,,,,,,,,,,,,,,
CWP1F7:KW,(                ),kW,30.5,30.4,30.5,30.5,30.5,30.4,30.3,30.4,30.5,30.5,30.4,30.4,0.0,0.0,0.0,0.0,0.0,0.0,0.0,0.0,0.0,0.0,0.0,0.0,0.0,0.0,0.0,0.0,0.0,0.0,0.0,0.0,0.0,0.0,0.0,0.0,0.0,0.0,0.0,0.0,30.4,30.4,30.3,30.3,30.4,30.4,30.4,30.4,30.3,30.2,30.2,30.3,,,,,,,,,,,,,,,,,,,,,,,,,,,,,,,,,,,,,,,,,,,,,,,,,,,,,,,,,,,,,,,,,,,,,,,,,,,,,,,,,,,,,,,,,,,,
CWP2F7:KW,(                ),kW,0.0,0.0,0.0,0.0,0.0,0.0,0.0,0.0,0.0,0.0,0.0,0.0,0.0,0.0,0.0,0.0,0.0,0.0,0.0,0.0,0.0,0.0,0.0,0.0,0.0,0.0,0.0,0.0,0.0,0.0,0.0,0.0,0.0,0.0,0.0,0.0,0.0,0.0,0.0,0.0,0.0,0.0,0.0,0.0,0.0,0.0,0.0,0.0,0.0,0.0,0.0,0.0,,,,,,,,,,,,,,,,,,,,,,,,,,,,,,,,,,,,,,,,,,,,,,,,,,,,,,,,,,,,,,,,,,,,,,,,,,,,,,,,,,,,,,,,,,,,
CWP3F7:KW,(                ),kW,0.0,0.0,0.0,0.0,0.0,0.0,0.0,0.0,0.0,0.0,0.0,0.0,0.0,0.0,0.0,0.0,0.0,0.0,0.0,0.0,0.0,0.0,0.0,0.0,0.0,0.0,0.0,0.0,0.0,0.0,0.0,0.0,0.0,0.0,0.0,0.0,0.0,0.0,0.0,0.0,0.0,0.0,0.0,0.0,0.0,0.0,0.0,0.0,0.0,0.0,0.0,0.0,,,,,,,,,,,,,,,,,,,,,,,,,,,,,,,,,,,,,,,,,,,,,,,,,,,,,,,,,,,,,,,,,,,,,,,,,,,,,,,,,,,,,,,,,,,,
CWP4F7:KW,(                ),kW,0.0,0.0,0.0,0.0,0.0,0.0,0.0,0.0,0.0,0.0,0.0,0.0,0.0,0.0,0.0,0.0,0.0,0.0,0.0,0.0,0.0,0.0,0.0,0.0,0.0,0.0,0.0,0.0,0.0,0.0,0.0,0.0,0.0,0.0,0.0,0.0,0.0,0.0,0.0,0.0,0.0,0.0,0.0,0.0,0.0,0.0,0.0,0.0,0.0,0.0,0.0,0.0,,,,,,,,,,,,,,,,,,,,,,,,,,,,,,,,,,,,,,,,,,,,,,,,,,,,,,,,,,,,,,,,,,,,,,,,,,,,,,,,,,,,,,,,,,,,
CWP5F7:KW,(                ),kW,0.0,0.0,0.0,0.0,0.0,0.0,0.0,0.0,0.0,0.0,0.0,0.0,0.0,0.0,0.0,0.0,0.0,0.0,0.0,0.0,0.0,0.0,0.0,0.0,0.0,0.0,0.0,0.0,0.0,0.0,0.0,0.0,0.0,0.0,0.0,0.0,0.0,0.0,0.0,0.0,0.0,0.0,0.0,0.0,0.0,0.0,0.0,0.0,0.0,0.0,0.0,0.0,,,,,,,,,,,,,,,,,,,,,,,,,,,,,,,,,,,,,,,,,,,,,,,,,,,,,,,,,,,,,,,,,,,,,,,,,,,,,,,,,,,,,,,,,,,,
CWPF7-ALL.KW,(冷卻水泵系統功率),,30.5,30.4,30.4,30.5,30.5,30.4,30.3,30.4,30.5,30.5,30.4,30.4,0.0,0.0,0.0,0.0,0.0,0.0,0.0,0.0,0.0,0.0,0.0,0.0,0.0,0.0,0.0,0.0,0.0,0.0,0.0,0.0,0.0,0.0,0.0,0.0,0.0,0.0,0.0,0.0,30.4,30.4,30.3,30.3,30.4,30.4,30.4,30.4,30.3,30.2,30.2,30.3,,,,,,,,,,,,,,,,,,,,,,,,,,,,,,,,,,,,,,,,,,,,,,,,,,,,,,,,,,,,,,,,,,,,,,,,,,,,,,,,,,,,,,,,,,,,
CH-B1-1.CST,(冰水送水溫度    ),DEG C,9.52,9.55,9.56,9.60,9.64,9.69,9.72,9.77,9.81,9.85,9.91,9.95,9.99,10.04,10.09,10.13,10.16,10.19,10.23,10.29,10.30,10.32,10.37,10.39,10.41,10.45,10.47,10.47,10.49,10.50,10.50,10.51,10.56,10.60,10.62,10.70,10.77,10.87,10.95,11.07,11.18,11.26,11.37,11.46,11.59,14.67,10.32,7.99,10.33,10.99,7.76,8.35,,,,,,,,,,,,,,,,,,,,,,,,,,,,,,,,,,,,,,,,,,,,,,,,,,,,,,,,,,,,,,,,,,,,,,,,,,,,,,,,,,,,,,,,,,,,
CH-B1-2.CST,(冰水送水溫度    ),DEG C,9.56,9.57,9.60,9.64,9.69,9.75,9.80,9.84,9.89,9.94,9.98,10.02,10.06,10.12,10.15,10.19,10.24,10.27,10.31,10.33,10.37,10.40,10.42,10.44,10.45,10.44,10.47,10.48,10.46,10.45,10.46,10.47,10.51,10.56,10.64,10.69,10.74,10.81,10.85,10.91,10.97,11.05,11.14,11.23,11.33,16.48,14.31,11.56,9.55,10.69,10.77,9.74,,,,,,,,,,,,,,,,,,,,,,,,,,,,,,,,,,,,,,,,,,,,,,,,,,,,,,,,,,,,,,,,,,,,,,,,,,,,,,,,,,,,,,,,,,,,
CHW.ST,(冰水總出水溫度  ),DEG C,9.9,9.9,10.0,10.0,10.1,10.1,10.2,10.2,10.3,10.3,10.4,10.4,10.4,10.5,10.5,10.6,10.6,10.6,10.7,10.7,10.7,10.7,10.8,10.8,10.8,10.9,10.9,10.9,10.9,11.0,11.0,11.0,11.1,11.2,11.4,11.5,11.8,11.9,12.0,12.2,12.3,12.4,12.5,12.5,12.7,15.3,11.8,9.2,10.1,10.9,8.8,8.8,,,,,,,,,,,,,,,,,,,,,,,,,,,,,,,,,,,,,,,,,,,,,,,,,,,,,,,,,,,,,,,,,,,,,,,,,,,,,,,,,,,,,,,,,,,,
CH-B1-1.CRT,(冰水進水溫度    ),DEG C,10.14,10.26,10.38,10.49,10.58,10.66,10.74,10.83,10.91,10.99,11.08,11.17,11.24,11.32,11.41,11.46,11.53,11.58,11.62,11.66,11.69,11.73,11.76,11.79,11.82,11.85,11.90,11.91,11.96,11.99,12.03,12.06,12.10,12.14,12.18,12.22,12.26,12.29,12.33,12.39,12.42,12.45,12.50,12.55,12.60,16.70,14.13,11.46,10.40,11.07,10.64,9.95,,,,,,,,,,,,,,,,,,,,,,,,,,,,,,,,,,,,,,,,,,,,,,,,,,,,,,,,,,,,,,,,,,,,,,,,,,,,,,,,,,,,,,,,,,,,
CH-B1-2.CRT,(冰水進水溫度    ),DEG C,9.53,9.61,9.72,9.83,9.90,10.02,10.15,10.22,10.35,10.46,10.54,10.66,10.77,10.88,10.96,11.07,11.18,11.24,11.33,11.45,11.53,11.58,11.67,11.78,11.86,11.91,11.99,12.07,12.15,12.21,12.29,12.35,12.42,12.50,12.61,12.65,12.72,12.75,12.82,12.87,12.94,13.00,13.08,13.16,13.22,16.55,14.22,11.48,9.54,10.71,10.67,9.67,,,,,,,,,,,,,,,,,,,,,,,,,,,,,,,,,,,,,,,,,,,,,,,,,,,,,,,,,,,,,,,,,,,,,,,,,,,,,,,,,,,,,,,,,,,,
CHW.RT,(冰水總回水溫度  ),DEG C,11.2,10.9,10.6,10.5,10.4,10.4,10.3,10.3,10.3,10.3,10.2,10.2,10.3,10.3,10.3,10.5,11.0,11.7,12.3,12.9,13.3,13.8,14.1,14.4,14.7,15.0,15.3,15.5,15.7,15.9,16.1,16.1,16.4,16.7,16.4,16.0,16.3,16.7,17.0,17.4,17.7,17.5,17.8,18.0,18.3,16.0,15.0,12.3,10.3,10.8,11.3,10.4,,,,,,,,,,,,,,,,,,,,,,,,,,,,,,,,,,,,,,,,,,,,,,,,,,,,,,,,,,,,,,,,,,,,,,,,,,,,,,,,,,,,,,,,,,,,
CH-B1-1.CHDT,(冰水溫差        ),DEG C,0.6,0.7,0.8,0.9,0.9,1.0,1.0,1.1,1.1,1.1,1.2,1.2,1.3,1.3,1.3,1.3,1.4,1.4,1.4,1.4,1.4,1.4,1.4,1.4,1.4,1.4,1.4,1.4,1.5,1.5,1.5,1.6,1.5,1.5,1.6,1.5,1.5,1.4,1.4,1.3,1.2,1.2,1.1,1.1,1.0,2.0,3.8,3.5,0.1,0.1,2.9,1.6,,,,,,,,,,,,,,,,,,,,,,,,,,,,,,,,,,,,,,,,,,,,,,,,,,,,,,,,,,,,,,,,,,,,,,,,,,,,,,,,,,,,,,,,,,,,
CH-B1-2.CHDT,(冰水溫差        ),DEG C, -0.0,0.0,0.1,0.2,0.2,0.3,0.3,0.4,0.5,0.5,0.6,0.6,0.7,0.8,0.8,0.9,0.9,1.0,1.0,1.1,1.2,1.2,1.3,1.3,1.4,1.5,1.5,1.6,1.7,1.8,1.8,1.9,1.9,1.9,2.0,2.0,2.0,1.9,2.0,2.0,2.0,2.0,1.9,1.9,1.9,0.1, -0.1, -0.1, -0.0,0.0, -0.1, -0.1,,,,,,,,,,,,,,,,,,,,,,,,,,,,,,,,,,,,,,,,,,,,,,,,,,,,,,,,,,,,,,,,,,,,,,,,,,,,,,,,,,,,,,,,,,,,
CH-B1.CHDT,(冰水系統溫差    ),DEG C,1.3,0.9,0.6,0.5,0.4,0.3,0.2,0.1,0.0, -0.0, -0.2, -0.2, -0.1, -0.2, -0.2, -0.1,0.4,1.1,1.6,2.2,2.6,3.0,3.3,3.6,3.9,4.1,4.4,4.6,4.8,5.0,5.1,5.1,5.3,5.4,4.9,4.4,4.6,4.8,5.0,5.2,5.4,5.2,5.3,5.5,5.5,0.7,3.2,3.1,0.2, -0.1,2.6,1.6,,,,,,,,,,,,,,,,,,,,,,,,,,,,,,,,,,,,,,,,,,,,,,,,,,,,,,,,,,,,,,,,,,,,,,,,,,,,,,,,,,,,,,,,,,,,
CH-B1-1.CFM,(流量回受值      ),,6,6,6,6,6,8,6,8,6,6,6,8,7,7,7,7,7,7,7,7,7,8,7,8,6,6,8,7,8,8,8,8,7,7,7,5,8,7,7,7,7,6,6,6,6,4781,4799,5275,5252,5204,5190,5199,,,,,,,,,,,,,,,,,,,,,,,,,,,,,,,,,,,,,,,,,,,,,,,,,,,,,,,,,,,,,,,,,,,,,,,,,,,,,,,,,,,,,,,,,,,,
CH-B1-2.CFM,(流量回受值      ),,6,6,4,6,6,6,6,6,6,6,6,6,4,6,4,6,6,6,6,6,6,6,6,6,6,6,6,4,6,6,6,6,6,5,5,5,6,6,6,6,6,4,4,4,6,2277,2341,2080,1970,1870,1887,1874,,,,,,,,,,,,,,,,,,,,,,,,,,,,,,,,,,,,,,,,,,,,,,,,,,,,,,,,,,,,,,,,,,,,,,,,,,,,,,,,,,,,,,,,,,,,
CH-B1.CFM,(冰水系統總流量  ),,0,0,0,0,0,0,0,0,0,0,0,0,0,0,0,0,0,0,0,0,0,0,0,0,0,0,0,0,0,0,0,0,0,0,0,0,0,0,0,0,0,0,0,0,0,4791,4791,5275,5238,5204,5188,5199,,,,,,,,,,,,,,,,,,,,,,,,,,,,,,,,,,,,,,,,,,,,,,,,,,,,,,,,,,,,,,,,,,,,,,,,,,,,,,,,,,,,,,,,,,,,
CH-B1-1.CWST,(冷卻水進水溫度  ),DEG C,28.17,28.19,28.20,28.21,28.22,28.23,28.23,28.24,28.25,28.25,28.26,28.26,28.26,28.26,28.27,28.27,28.27,28.27,28.27,28.27,28.27,28.27,28.27,28.27,28.27,28.27,28.27,28.27,28.27,28.27,28.27,28.27,28.27,28.27,28.27,28.27,28.27,28.27,28.27,28.26,28.26,28.26,28.26,28.26,28.26,26.72,30.44,31.11,30.92,28.08,27.91,28.74,,,,,,,,,,,,,,,,,,,,,,,,,,,,,,,,,,,,,,,,,,,,,,,,,,,,,,,,,,,,,,,,,,,,,,,,,,,,,,,,,,,,,,,,,,,,
CH-B1-2.CWST,(冷卻水進水溫度  ),DEG C,28.96,28.97,28.97,28.97,28.97,28.97,28.97,28.97,28.97,28.96,28.96,28.96,28.95,28.95,28.95,28.94,28.94,28.93,28.93,28.92,28.91,28.91,28.90,28.90,28.89,28.88,28.88,28.87,28.87,28.86,28.86,28.84,28.84,28.83,28.83,28.82,28.82,28.81,28.80,28.79,28.79,28.78,28.77,28.77,28.76,28.75,28.74,28.74,28.74,28.73,28.73,28.72,,,,,,,,,,,,,,,,,,,,,,,,,,,,,,,,,,,,,,,,,,,,,,,,,,,,,,,,,,,,,,,,,,,,,,,,,,,,,,,,,,,,,,,,,,,,
CW.ST,(冷卻水總出水溫度),DEG C,28.17,28.17,28.17,28.16,28.15,28.14,28.12,28.11,28.09,28.07,28.05,28.03,28.00,27.98,27.95,27.92,27.90,27.87,27.84,27.82,27.79,27.77,27.74,27.72,27.69,27.67,27.64,27.62,27.59,27.57,27.55,27.53,27.50,27.48,27.46,27.44,27.42,27.40,27.38,27.36,27.34,27.32,27.30,27.28,27.26,28.43,34.14,34.35,30.92,28.10,30.51,30.15,,,,,,,,,,,,,,,,,,,,,,,,,,,,,,,,,,,,,,,,,,,,,,,,,,,,,,,,,,,,,,,,,,,,,,,,,,,,,,,,,,,,,,,,,,,,
CH-B1-1.CWRT,(冷卻水出水溫度  ),,28.68,28.68,28.68,28.67,28.66,28.66,28.65,28.64,28.63,28.62,28.61,28.60,28.59,28.58,28.56,28.55,28.54,28.52,28.51,28.50,28.48,28.47,28.45,28.44,28.42,28.41,28.39,28.38,28.36,28.35,28.33,28.31,28.30,28.29,28.27,28.25,28.24,28.22,28.21,28.19,28.18,28.16,28.15,28.13,28.11,28.50,34.16,34.39,30.95,28.11,30.56,30.19,,,,,,,,,,,,,,,,,,,,,,,,,,,,,,,,,,,,,,,,,,,,,,,,,,,,,,,,,,,,,,,,,,,,,,,,,,,,,,,,,,,,,,,,,,,,
CH-B1-2.CWRT,(冷卻水出水溫度  ),,30.19,30.14,30.07,30.01,29.96,29.90,29.85,29.79,29.74,29.69,29.65,29.60,29.55,29.51,29.47,29.43,29.39,29.35,29.31,29.27,29.23,29.20,29.16,29.13,29.09,29.06,29.03,29.00,28.97,28.93,28.91,28.87,28.85,28.82,28.79,28.76,28.74,28.71,28.68,28.66,28.63,28.60,28.58,28.55,28.53,28.50,28.48,29.23,29.60,29.81,29.78,29.74,,,,,,,,,,,,,,,,,,,,,,,,,,,,,,,,,,,,,,,,,,,,,,,,,,,,,,,,,,,,,,,,,,,,,,,,,,,,,,,,,,,,,,,,,,,,
CW.RT,(冷卻水總回水溫度),DEG C,28.09,28.11,28.11,28.11,28.11,28.09,28.08,28.06,28.03,28.01,27.98,27.95,27.92,27.89,27.86,27.83,27.80,27.77,27.74,27.70,27.67,27.65,27.62,27.59,27.56,27.53,27.51,27.48,27.45,27.43,27.41,27.38,27.35,27.34,27.31,27.29,27.27,27.25,27.23,27.20,27.19,27.16,27.15,27.13,27.11,26.71,30.39,31.13,30.90,28.07,27.92,28.76,,,,,,,,,,,,,,,,,,,,,,,,,,,,,,,,,,,,,,,,,,,,,,,,,,,,,,,,,,,,,,,,,,,,,,,,,,,,,,,,,,,,,,,,,,,,
CH-B1-1.CWDT,(冷卻水溫差      ),DEG C,0.5,0.5,0.5,0.5,0.4,0.4,0.4,0.4,0.4,0.4,0.4,0.3,0.3,0.3,0.3,0.3,0.3,0.3,0.2,0.2,0.2,0.2,0.2,0.2,0.1,0.1,0.1,0.1,0.1,0.1,0.1,0.0,0.0,0.0, -0.0, -0.0, -0.0, -0.0, -0.1, -0.1, -0.1, -0.1, -0.1, -0.1, -0.1,1.8,3.7,3.3,0.0,0.0,2.7,1.4,,,,,,,,,,,,,,,,,,,,,,,,,,,,,,,,,,,,,,,,,,,,,,,,,,,,,,,,,,,,,,,,,,,,,,,,,,,,,,,,,,,,,,,,,,,,
CH-B1-2.CWDT,(冷卻水溫差      ),DEG C,1.2,1.2,1.1,1.0,1.0,0.9,0.9,0.8,0.8,0.7,0.7,0.6,0.6,0.6,0.5,0.5,0.4,0.4,0.4,0.3,0.3,0.3,0.3,0.2,0.2,0.2,0.1,0.1,0.1,0.1,0.1,0.0,0.0, -0.0, -0.0, -0.1, -0.1, -0.1, -0.1, -0.1, -0.2, -0.2, -0.2, -0.2, -0.2, -0.3, -0.3,0.5,0.9,1.1,1.0,1.0,,,,,,,,,,,,,,,,,,,,,,,,,,,,,,,,,,,,,,,,,,,,,,,,,,,,,,,,,,,,,,,,,,,,,,,,,,,,,,,,,,,,,,,,,,,,
CH-B1.CWDT,(冷卻水系統溫差  ),DEG C,0.1,0.1,0.1,0.1,0.0,0.0,0.0,0.0,0.1,0.1,0.1,0.1,0.1,0.1,0.1,0.1,0.1,0.1,0.1,0.1,0.1,0.1,0.1,0.1,0.1,0.1,0.1,0.1,0.1,0.1,0.1,0.1,0.1,0.1,0.1,0.1,0.2,0.1,0.1,0.2,0.1,0.2,0.2,0.2,0.2,1.7,3.7,3.2,0.0,0.0,2.6,1.4,,,,,,,,,,,,,,,,,,,,,,,,,,,,,,,,,,,,,,,,,,,,,,,,,,,,,,,,,,,,,,,,,,,,,,,,,,,,,,,,,,,,,,,,,,,,
CH-B1-1.CWFM,(流量回受值      ),,6,6,6,6,6,6,6,6,6,6,6,6,6,6,6,6,6,6,6,6,6,6,6,6,6,6,6,6,6,6,6,6,6,6,6,4,6,5,5,7,7,6,6,6,6,5793,5934,5896,5864,5783,5870,5883,,,,,,,,,,,,,,,,,,,,,,,,,,,,,,,,,,,,,,,,,,,,,,,,,,,,,,,,,,,,,,,,,,,,,,,,,,,,,,,,,,,,,,,,,,,,
CH-B1-2.CWFM,(流量回受值      ),,0,0,0,0,0,0,0,0,0,0,0,0,0,0,0,0,0, -2,0,0,0,0,0,0, -2,0,0,0,0,0,0,0,0,0,0,0,0,0,0,0,0,0,0,0,0,0,0,0,0,0,0,0,,,,,,,,,,,,,,,,,,,,,,,,,,,,,,,,,,,,,,,,,,,,,,,,,,,,,,,,,,,,,,,,,,,,,,,,,,,,,,,,,,,,,,,,,,,,
CH-B1.CWFM,(冷卻水系統總流量),,0,0,0,0,0,0,0,0,0,0,0,0,0,0,0,0,0,0,0,0,0,0,0,0,0,0,0,0,0,0,0,0,0,0,0,0,0,0,0,0,0,0,0,0,0,5793,5931,5896,5861,5783,5872,5883,,,,,,,,,,,,,,,,,,,,,,,,,,,,,,,,,,,,,,,,,,,,,,,,,,,,,,,,,,,,,,,,,,,,,,,,,,,,,,,,,,,,,,,,,,,,
CH1B1:KW,(                ),kW,0.5,0.5,0.5,0.5,0.5,0.5,0.5,0.5,0.5,0.5,0.5,0.5,0.5,0.5,0.5,0.5,0.5,0.5,0.5,0.5,0.5,0.5,0.5,0.5,0.5,0.5,0.5,0.5,0.5,0.5,0.5,0.5,0.5,0.5,0.5,0.5,0.5,0.5,0.5,0.5,0.5,0.5,0.5,0.5,0.5,0.5,0.5,0.5,0.5,0.5,0.5,0.5,,,,,,,,,,,,,,,,,,,,,,,,,,,,,,,,,,,,,,,,,,,,,,,,,,,,,,,,,,,,,,,,,,,,,,,,,,,,,,,,,,,,,,,,,,,,
CH2B1:KW,(                ),kW,0.5,0.5,0.5,0.5,0.5,0.5,0.5,0.5,0.5,0.5,0.5,0.5,0.5,0.5,0.5,0.5,0.5,0.5,0.5,0.5,0.5,0.5,0.5,0.5,0.5,0.5,0.5,0.5,0.5,0.5,0.5,0.5,0.5,0.5,0.5,0.5,0.5,0.5,0.5,0.5,0.5,0.5,0.5,0.5,0.5,0.5,0.5,0.5,0.5,0.5,0.5,0.5,,,,,,,,,,,,,,,,,,,,,,,,,,,,,,,,,,,,,,,,,,,,,,,,,,,,,,,,,,,,,,,,,,,,,,,,,,,,,,,,,,,,,,,,,,,,
CHB1-ALL.KW,(冰機系統功率    ),,1.1,1.1,1.1,1.1,1.1,1.1,1.1,1.1,1.1,1.1,1.1,1.1,1.1,1.1,1.1,1.1,1.1,1.1,1.1,1.1,1.1,1.1,1.1,1.1,1.1,1.1,1.1,1.1,1.1,1.1,1.1,1.1,1.1,1.1,1.1,1.1,1.1,1.1,1.1,1.1,1.1,1.1,1.1,1.1,1.1,1.1,1.1,1.1,1.1,1.1,1.1,1.1,,,,,,,,,,,,,,,,,,,,,,,,,,,,,,,,,,,,,,,,,,,,,,,,,,,,,,,,,,,,,,,,,,,,,,,,,,,,,,,,,,,,,,,,,,,,
CH-B1-1.TON,(冷凍頓          ),,0,0,0,0,0,0,0,0,0,0,0,0,0,0,0,0,0,0,0,0,0,0,0,0,0,0,0,0,0,0,0,0,0,0,0,0,0,0,0,0,0,0,0,0,0,191,363,362,7,8,296,164,,,,,,,,,,,,,,,,,,,,,,,,,,,,,,,,,,,,,,,,,,,,,,,,,,,,,,,,,,,,,,,,,,,,,,,,,,,,,,,,,,,,,,,,,,,,
CH-B1-2.TON,(冷凍頓          ),,0,0,0,0,0,0,0,0,0,0,0,0,0,0,0,0,0,0,0,0,0,0,0,0,0,0,0,0,0,0,0,0,0,0,0,0,0,0,0,0,0,0,0,0,0,0,0,0,0,0,0,0,,,,,,,,,,,,,,,,,,,,,,,,,,,,,,,,,,,,,,,,,,,,,,,,,,,,,,,,,,,,,,,,,,,,,,,,,,,,,,,,,,,,,,,,,,,,
CH-B1.TON,(冰水系統冷凍頓  ),,0,0,0,0,0,0,0,0,0,0,0,0,0,0,0,0,0,0,0,0,0,0,0,0,0,0,0,0,0,0,0,0,0,0,0,0,0,0,0,0,0,0,0,0,0,63,307,325,18,0,264,161,,,,,,,,,,,,,,,,,,,,,,,,,,,,,,,,,,,,,,,,,,,,,,,,,,,,,,,,,,,,,,,,,,,,,,,,,,,,,,,,,,,,,,,,,,,,
CH-B1-1.KW/RT,(冰機效率        ),,0.00,0.00,0.00,0.00,0.00,0.00,0.00,0.00,0.00,0.00,0.00,0.00,0.00,0.00,0.00,0.00,0.00,0.00,0.00,0.00,0.00,0.00,0.00,0.00,0.00,0.00,0.00,0.00,0.00,0.00,0.00,0.00,0.00,0.00,0.00,0.00,0.00,0.00,0.00,0.00,0.00,0.00,0.00,0.00,0.00,0.00,0.00,0.00,0.00,0.00,0.00,0.00,,,,,,,,,,,,,,,,,,,,,,,,,,,,,,,,,,,,,,,,,,,,,,,,,,,,,,,,,,,,,,,,,,,,,,,,,,,,,,,,,,,,,,,,,,,,
CH-B1-2.KW/RT,(冰機效率        ),,0.00,0.00,0.00,0.00,0.00,0.00,0.00,0.00,0.00,0.00,0.00,0.00,0.00,0.00,0.00,0.00,0.00,0.00,0.00,0.00,0.00,0.00,0.00,0.00,0.00,0.00,0.00,0.00,0.00,0.00,0.00,0.00,0.00,0.00,0.00,0.00,0.00,0.00,0.00,0.00,0.00,0.00,0.00,0.00,0.00,0.00,0.00,0.00,0.00,0.00,0.00,0.00,,,,,,,,,,,,,,,,,,,,,,,,,,,,,,,,,,,,,,,,,,,,,,,,,,,,,,,,,,,,,,,,,,,,,,,,,,,,,,,,,,,,,,,,,,,,
CH-B1.KW/RT,(冰水系統效率    ),,0.00,0.00,0.00,0.00,0.00,0.00,0.00,0.00,0.00,0.00,0.00,0.00,0.00,0.00,0.00,0.00,0.00,0.00,0.00,0.00,0.00,0.00,0.00,0.00,0.00,0.00,0.00,0.00,0.00,0.00,0.00,0.00,0.00,0.00,0.00,0.00,0.00,0.00,0.00,0.00,0.00,0.00,0.00,0.00,0.00,0.00,0.00,0.00,0.00,0.00,0.00,0.00,,,,,,,,,,,,,,,,,,,,,,,,,,,,,,,,,,,,,,,,,,,,,,,,,,,,,,,,,,,,,,,,,,,,,,,,,,,,,,,,,,,,,,,,,,,,
CW-B1-1.TON,(冷凍頓          ),,0,0,0,0,0,0,0,0,0,0,0,0,0,0,0,0,0,0,0,0,0,0,0,0,0,0,0,0,0,0,0,0,0,0,0,0,0,0,0,0,0,0,0,0,0,203,438,383,3,3,309,168,,,,,,,,,,,,,,,,,,,,,,,,,,,,,,,,,,,,,,,,,,,,,,,,,,,,,,,,,,,,,,,,,,,,,,,,,,,,,,,,,,,,,,,,,,,,
CW-B1-2.TON,(冷凍頓          ),,0,0,0,0,0,0,0,0,0,0,0,0,0,0,0,0,0,0,0,0,0,0,0,0,0,0,0,0,0,0,0,0,0,0,0,0,0,0,0,0,0,0,0,0,0,0,0,0,0,0,0,0,,,,,,,,,,,,,,,,,,,,,,,,,,,,,,,,,,,,,,,,,,,,,,,,,,,,,,,,,,,,,,,,,,,,,,,,,,,,,,,,,,,,,,,,,,,,
CW-B1.TON,(冷卻水系統冷凍頓),,0,0,0,0,0,0,0,0,0,0,0,0,0,0,0,0,0,0,0,0,0,0,0,0,0,0,0,0,0,0,0,0,0,0,0,0,0,0,0,0,0,0,0,0,0,196,440,376,1,3,302,162,,,,,,,,,,,,,,,,,,,,,,,,,,,,,,,,,,,,,,,,,,,,,,,,,,,,,,,,,,,,,,,,,,,,,,,,,,,,,,,,,,,,,,,,,,,,
CH-B1-1.HB,(                ),,0.00,0.00,0.00,0.00,0.00,0.00,0.00,0.00,0.00,0.00,0.00,0.00,0.00,0.00,0.00,0.00,0.00,0.00,0.00,0.00,0.00,0.00,0.00,0.00,0.00,0.00,0.00,0.00,0.00,0.00,0.00,0.00,0.00,0.00,0.00,0.00,0.00,0.00,0.00,0.00,0.00,0.00,0.00,0.00,0.00, -5.81, -17.21, -5.43,120.80,115.77, -4.21, -2.32,,,,,,,,,,,,,,,,,,,,,,,,,,,,,,,,,,,,,,,,,,,,,,,,,,,,,,,,,,,,,,,,,,,,,,,,,,,,,,,,,,,,,,,,,,,,
CH-B1-2.HB,(                ),,0.00,0.00,0.00,0.00,0.00,0.00,0.00,0.00,0.00,0.00,0.00,0.00,0.00,0.00,0.00,0.00,0.00,0.00,0.00,0.00,0.00,0.00,0.00,0.00,0.00,0.00,0.00,0.00,0.00,0.00,0.00,0.00,0.00,0.00,0.00,0.00,0.00,0.00,0.00,0.00,0.00,0.00,0.00,0.00,0.00,0.00,0.00,0.00,0.00,0.00,0.00,0.00,,,,,,,,,,,,,,,,,,,,,,,,,,,,,,,,,,,,,,,,,,,,,,,,,,,,,,,,,,,,,,,,,,,,,,,,,,,,,,,,,,,,,,,,,,,,
CH-B1.HB,(                ),,0.00,0.00,0.00,0.00,0.00,0.00,0.00,0.00,0.00,0.00,0.00,0.00,0.00,0.00,0.00,0.00,0.00,0.00,0.00,0.00,0.00,0.00,0.00,0.00,0.00,0.00,0.00,0.00,0.00,0.00,0.00,0.00,0.00,0.00,0.00,0.00,0.00,0.00,0.00,0.00,0.00,0.00,0.00,0.00,0.00, -67.42, -30.24, -14.29,1098.13, -90.90, -12.38, -0.04,,,,,,,,,,,,,,,,,,,,,,,,,,,,,,,,,,,,,,,,,,,,,,,,,,,,,,,,,,,,,,,,,,,,,,,,,,,,,,,,,,,,,,,,,,,,
CWP1B1:KW,(                ),kW,39.2,39.2,39.2,39.2,39.2,39.2,39.2,39.2,39.2,39.2,39.2,39.2,39.2,39.2,39.2,39.2,39.2,39.2,39.2,39.2,39.2,39.2,39.2,39.2,39.2,39.2,39.2,39.2,39.2,39.2,39.2,39.2,39.2,39.2,39.2,39.2,39.2,39.2,39.2,39.2,39.2,39.2,39.2,39.2,39.2,39.2,39.2,39.2,39.2,39.2,39.2,39.2,,,,,,,,,,,,,,,,,,,,,,,,,,,,,,,,,,,,,,,,,,,,,,,,,,,,,,,,,,,,,,,,,,,,,,,,,,,,,,,,,,,,,,,,,,,,
CWP2B1:KW,(                ),kW,0.0,0.0,0.0,0.0,0.0,0.0,0.0,0.0,0.0,0.0,0.0,0.0,0.0,0.0,0.0,0.0,0.0,0.0,0.0,0.0,0.0,0.0,0.0,0.0,0.0,0.0,0.0,0.0,0.0,0.0,0.0,0.0,0.0,0.0,0.0,0.0,0.0,0.0,0.0,0.0,0.0,0.0,0.0,0.0,0.0,0.0,0.0,0.0,0.0,0.0,0.0,0.0,,,,,,,,,,,,,,,,,,,,,,,,,,,,,,,,,,,,,,,,,,,,,,,,,,,,,,,,,,,,,,,,,,,,,,,,,,,,,,,,,,,,,,,,,,,,
CWP3B1:KW,(                ),kW,0.0,0.0,0.0,0.0,0.0,0.0,0.0,0.0,0.0,0.0,0.0,0.0,0.0,0.0,0.0,0.0,0.0,0.0,0.0,0.0,0.0,0.0,0.0,0.0,0.0,0.0,0.0,0.0,0.0,0.0,0.0,0.0,0.0,0.0,0.0,0.0,0.0,0.0,0.0,0.0,0.0,0.0,0.0,0.0,0.0,0.0,0.0,0.0,0.0,0.0,0.0,0.0,,,,,,,,,,,,,,,,,,,,,,,,,,,,,,,,,,,,,,,,,,,,,,,,,,,,,,,,,,,,,,,,,,,,,,,,,,,,,,,,,,,,,,,,,,,,
CWPB1-ALL.KW,(冷卻水泵系統功率),,39.2,39.2,39.2,39.2,39.2,39.2,39.2,39.2,39.2,39.2,39.2,39.2,39.2,39.2,39.2,39.2,39.2,39.2,39.2,39.2,39.2,39.2,39.2,39.2,39.2,39.2,39.2,39.2,39.2,39.2,39.2,39.2,39.2,39.2,39.2,39.2,39.2,39.2,39.2,39.2,39.2,39.2,39.2,39.2,39.2,39.2,39.2,39.2,39.2,39.2,39.2,39.2,,,,,,,,,,,,,,,,,,,,,,,,,,,,,,,,,,,,,,,,,,,,,,,,,,,,,,,,,,,,,,,,,,,,,,,,,,,,,,,,,,,,,,,,,,,,
CHP1B1:KW,(                ),kW,14.6,14.6,14.6,14.6,14.6,14.6,14.6,14.6,14.6,14.6,14.6,14.6,14.6,14.6,14.6,14.6,14.6,14.6,14.6,14.6,14.6,14.6,14.6,14.6,14.6,14.6,14.6,14.6,14.6,14.6,14.6,14.6,14.6,14.6,14.6,14.6,14.6,14.6,14.6,14.6,14.6,14.6,14.6,14.6,14.6,14.6,14.6,14.6,14.6,14.6,14.6,14.6,,,,,,,,,,,,,,,,,,,,,,,,,,,,,,,,,,,,,,,,,,,,,,,,,,,,,,,,,,,,,,,,,,,,,,,,,,,,,,,,,,,,,,,,,,,,
CHP2B1:KW,(                ),kW,0.0,0.0,0.0,0.0,0.0,0.0,0.0,0.0,0.0,0.0,0.0,0.0,0.0,0.0,0.0,0.0,0.0,0.0,0.0,0.0,0.0,0.0,0.0,0.0,0.0,0.0,0.0,0.0,0.0,0.0,0.0,0.0,0.0,0.0,0.0,0.0,0.0,0.0,0.0,0.0,0.0,0.0,0.0,0.0,0.0,0.0,0.0,0.0,0.0,0.0,0.0,0.0,,,,,,,,,,,,,,,,,,,,,,,,,,,,,,,,,,,,,,,,,,,,,,,,,,,,,,,,,,,,,,,,,,,,,,,,,,,,,,,,,,,,,,,,,,,,
CHP3B1:KW,(                ),kW,0.0,0.0,0.0,0.0,0.0,0.0,0.0,0.0,0.0,0.0,0.0,0.0,0.0,0.0,0.0,0.0,0.0,0.0,0.0,0.0,0.0,0.0,0.0,0.0,0.0,0.0,0.0,0.0,0.0,0.0,0.0,0.0,0.0,0.0,0.0,0.0,0.0,0.0,0.0,0.0,0.0,0.0,0.0,0.0,0.0,0.0,0.0,0.0,0.0,0.0,0.0,0.0,,,,,,,,,,,,,,,,,,,,,,,,,,,,,,,,,,,,,,,,,,,,,,,,,,,,,,,,,,,,,,,,,,,,,,,,,,,,,,,,,,,,,,,,,,,,
CHPB1-ALL.KW,(冰水泵系統功率  ),,14.6,14.6,14.6,14.6,14.6,14.6,14.6,14.6,14.6,14.6,14.6,14.6,14.6,14.6,14.6,14.6,14.6,14.6,14.6,14.6,14.6,14.6,14.6,14.6,14.6,14.6,14.6,14.6,14.6,14.6,14.6,14.6,14.6,14.6,14.6,14.6,14.6,14.6,14.6,14.6,14.6,14.6,14.6,14.6,14.6,14.6,14.6,14.6,14.6,14.6,14.6,14.6,,,,,,,,,,,,,,,,,,,,,,,,,,,,,,,,,,,,,,,,,,,,,,,,,,,,,,,,,,,,,,,,,,,,,,,,,,,,,,,,,,,,,,,,,,,,
MGCBAB2.KWH,(度數            ),kW h,263624528,263624656,263624768,263624880,263624976,263625120,263625232,263625344,263625440,263625536,263625632,263625712,263625808,263625840,263625888,263625920,263625968,263626000,263626048,263626096,263626128,263626192,263626240,263626288,263626336,263626368,263626400,263626448,263626480,263626512,263626560,263626608,263626640,263626688,263626736,263626800,263626832,263626896,263626960,263627008,263627072,263627168,263627280,263627408,263627552,263627696,263627824,263627952,263628096,263628256,263628416,263628480,,,,,,,,,,,,,,,,,,,,,,,,,,,,,,,,,,,,,,,,,,,,,,,,,,,,,,,,,,,,,,,,,,,,,,,,,,,,,,,,,,,,,,,,,,,,
MGCBAB2:HZ,(                ),Hz,59,59,59,59,60,59,59,59,60,60,59,59,59,59,59,59,60,60,59,59,60,60,60,60,60,60,60,60,60,60,59,59,59,60,59,59,59,60,59,59,60,59,60,59,60,59,60,60,59,59,59,60,,,,,,,,,,,,,,,,,,,,,,,,,,,,,,,,,,,,,,,,,,,,,,,,,,,,,,,,,,,,,,,,,,,,,,,,,,,,,,,,,,,,,,,,,,,,
MGCBAB2:IR,(                ),A,17,17,17,17,21,19,17,16,16,14,14,15,7,6,6,6,7,7,6,6,8,8,8,6,6,6,6,6,6,6,6,6,6,9,8,7,7,11,10,9,11,13,22,21,20,20,20,20,24,24,23,21,,,,,,,,,,,,,,,,,,,,,,,,,,,,,,,,,,,,,,,,,,,,,,,,,,,,,,,,,,,,,,,,,,,,,,,,,,,,,,,,,,,,,,,,,,,,
MGCBAB2:IS,(                ),A,16,16,17,16,20,18,16,15,15,14,14,14,6,6,6,6,6,6,6,6,7,8,8,6,5,5,5,5,5,5,6,6,6,8,7,7,7,10,9,8,10,13,22,21,20,20,20,20,24,23,22,20,,,,,,,,,,,,,,,,,,,,,,,,,,,,,,,,,,,,,,,,,,,,,,,,,,,,,,,,,,,,,,,,,,,,,,,,,,,,,,,,,,,,,,,,,,,,
MGCBAB2:IT,(                ),A,17,18,18,17,22,19,18,16,16,15,15,15,8,7,7,7,7,7,7,7,8,8,8,7,6,6,6,6,6,6,6,7,7,9,8,8,8,11,10,9,11,14,23,22,21,21,21,21,25,24,23,22,,,,,,,,,,,,,,,,,,,,,,,,,,,,,,,,,,,,,,,,,,,,,,,,,,,,,,,,,,,,,,,,,,,,,,,,,,,,,,,,,,,,,,,,,,,,
MGCBAB2:KW,(                ),kW,632.0,663.0,670.0,640.0,830.0,730.0,670.0,601.0,593.0,554.0,553.0,561.0,270.0,247.0,249.0,244.0,264.0,267.0,240.0,245.0,317.0,316.0,321.0,242.0,224.0,226.0,225.0,221.0,226.0,223.0,237.0,248.0,240.0,342.0,308.0,296.0,279.0,415.0,375.0,341.0,408.0,525.0,854.0,827.0,811.0,797.0,787.0,784.0,948.0,907.0,898.0,827.0,,,,,,,,,,,,,,,,,,,,,,,,,,,,,,,,,,,,,,,,,,,,,,,,,,,,,,,,,,,,,,,,,,,,,,,,,,,,,,,,,,,,,,,,,,,,
MGCBAB2:PF,(                ),, -0.94, -0.96, -0.96, -0.95, -0.97, -0.97, -0.96, -0.95, -0.94, -0.95, -0.94, -0.94, -33.77, -33.77, -33.77, -33.77, -33.77, -33.77, -33.77, -33.76, -1.00, -0.99, -1.00, -33.77, -33.77, -33.76, -33.76, -33.76, -33.77, -33.77, -33.77, -33.77, -33.76, -33.76, -33.76, -33.76, -33.77, -33.74, -33.76, -33.76, -0.95, -0.97, -0.96, -0.96, -0.95, -0.95, -0.94, -0.95, -0.96, -0.95, -0.97, -0.98,,,,,,,,,,,,,,,,,,,,,,,,,,,,,,,,,,,,,,,,,,,,,,,,,,,,,,,,,,,,,,,,,,,,,,,,,,,,,,,,,,,,,,,,,,,,
MGCBAB2:VRS,(                ),kV,23.2,23.2,23.2,23.2,23.2,23.2,23.2,23.2,23.3,23.3,23.3,23.3,23.3,23.3,23.3,23.3,23.4,23.3,23.3,23.3,23.3,23.4,23.4,23.4,23.4,23.4,23.4,23.4,23.4,23.4,23.4,23.4,23.4,23.4,23.4,23.4,23.3,23.3,23.3,23.3,23.2,23.2,23.1,23.1,23.6,23.5,23.4,23.4,23.3,23.2,23.2,23.2,,,,,,,,,,,,,,,,,,,,,,,,,,,,,,,,,,,,,,,,,,,,,,,,,,,,,,,,,,,,,,,,,,,,,,,,,,,,,,,,,,,,,,,,,,,,
MGCBAB2:VST,(                ),kV,23.2,23.2,23.3,23.2,23.3,23.3,23.2,23.2,23.3,23.3,23.3,23.4,23.3,23.3,23.3,23.4,23.4,23.4,23.4,23.4,23.4,23.4,23.4,23.4,23.4,23.4,23.5,23.5,23.5,23.5,23.5,23.5,23.4,23.5,23.4,23.4,23.4,23.4,23.4,23.3,23.3,23.3,23.2,23.2,23.7,23.6,23.5,23.4,23.3,23.3,23.2,23.2,,,,,,,,,,,,,,,,,,,,,,,,,,,,,,,,,,,,,,,,,,,,,,,,,,,,,,,,,,,,,,,,,,,,,,,,,,,,,,,,,,,,,,,,,,,,
MGCBAB2:VTR,(                ),kV,23.3,23.2,23.2,23.2,23.2,23.3,23.3,23.2,23.2,23.3,23.4,23.3,23.3,23.3,23.4,23.4,23.4,23.4,23.3,23.4,23.4,23.5,23.5,23.4,23.4,23.5,23.5,23.5,23.5,23.4,23.5,23.5,23.5,23.5,23.4,23.4,23.4,23.4,23.4,23.4,23.3,23.3,23.0,23.2,23.7,23.5,23.5,23.4,23.3,23.4,23.3,23.2,,,,,,,,,,,,,,,,,,,,,,,,,,,,,,,,,,,,,,,,,,,,,,,,,,,,,,,,,,,,,,,,,,,,,,,,,,,,,,,,,,,,,,,,,,,,
MLAB2-1.KWH,(度數            ),kW h,23579584,23579592,23579600,23579606,23579614,23579622,23579630,23579638,23579644,23579652,23579660,23579666,23579676,23579682,23579690,23579698,23579704,23579712,23579720,23579728,23579734,23579742,23579750,23579756,23579764,23579772,23579780,23579786,23579794,23579802,23579808,23579816,23579824,23579830,23579838,23579844,23579852,23579860,23579866,23579874,23579882,23579890,23579898,23579904,23579914,23579922,23579930,23579938,23579950,23579968,23579988,23579996,,,,,,,,,,,,,,,,,,,,,,,,,,,,,,,,,,,,,,,,,,,,,,,,,,,,,,,,,,,,,,,,,,,,,,,,,,,,,,,,,,,,,,,,,,,,
MLAB2-1:HZ,(                ),Hz,60,59,59,60,60,59,59,59,60,60,59,59,59,59,59,59,60,60,59,59,60,60,60,60,60,60,60,60,60,60,60,60,59,60,59,59,59,60,59,59,59,59,60,59,60,59,60,60,60,59,59,59,,,,,,,,,,,,,,,,,,,,,,,,,,,,,,,,,,,,,,,,,,,,,,,,,,,,,,,,,,,,,,,,,,,,,,,,,,,,,,,,,,,,,,,,,,,,
MLAB2-1:IR,(                ),A,89,87,86,87,85,85,86,86,87,88,88,86,85,83,84,84,83,82,81,83,80,80,83,85,82,81,80,80,82,82,82,79,80,79,80,81,85,84,84,85,84,86,90,95,94,94,94,95,199,202,203,203,,,,,,,,,,,,,,,,,,,,,,,,,,,,,,,,,,,,,,,,,,,,,,,,,,,,,,,,,,,,,,,,,,,,,,,,,,,,,,,,,,,,,,,,,,,,
MLAB2-1:IS,(                ),A,72,73,70,70,69,71,70,70,70,72,74,73,70,72,71,76,70,71,70,71,71,70,71,73,71,70,71,70,70,70,70,69,68,68,69,71,72,71,72,71,71,72,74,74,77,75,74,77,176,179,180,181,,,,,,,,,,,,,,,,,,,,,,,,,,,,,,,,,,,,,,,,,,,,,,,,,,,,,,,,,,,,,,,,,,,,,,,,,,,,,,,,,,,,,,,,,,,,
MLAB2-1:IT,(                ),A,63,60,59,59,58,62,60,59,59,60,63,62,59,61,60,66,59,61,59,61,61,59,59,62,59,59,59,59,59,59,59,57,56,56,56,57,56,56,56,56,56,56,58,61,61,60,61,63,157,160,161,159,,,,,,,,,,,,,,,,,,,,,,,,,,,,,,,,,,,,,,,,,,,,,,,,,,,,,,,,,,,,,,,,,,,,,,,,,,,,,,,,,,,,,,,,,,,,
MLAB2-1:KW,(                ),kW,47.0,46.0,45.0,45.0,44.0,45.0,45.0,45.0,45.0,46.0,47.0,47.0,44.0,44.0,44.0,47.0,44.0,44.0,44.0,45.0,44.0,44.0,44.0,46.0,44.0,44.0,44.0,44.0,44.0,44.0,44.0,43.0,43.0,43.0,43.0,44.0,45.0,44.0,45.0,45.0,44.0,44.0,47.0,48.0,49.0,48.0,48.0,50.0,110.0,112.0,112.0,112.0,,,,,,,,,,,,,,,,,,,,,,,,,,,,,,,,,,,,,,,,,,,,,,,,,,,,,,,,,,,,,,,,,,,,,,,,,,,,,,,,,,,,,,,,,,,,
MLAB2-1:PF,(                ),, -0.96, -0.96, -0.96, -0.96, -0.96, -0.96, -0.96, -0.96, -0.96, -0.95, -0.96, -0.96, -0.96, -0.95, -0.95, -0.95, -0.95, -0.95, -0.95, -0.96, -0.96, -0.96, -0.96, -0.96, -0.95, -0.95, -0.95, -0.95, -0.95, -0.95, -0.95, -0.96, -0.96, -0.96, -0.96, -0.96, -0.96, -0.96, -0.96, -0.96, -0.96, -0.97, -0.97, -0.97, -0.96, -0.96, -0.96, -0.96, -0.95, -0.95, -0.95, -0.95,,,,,,,,,,,,,,,,,,,,,,,,,,,,,,,,,,,,,,,,,,,,,,,,,,,,,,,,,,,,,,,,,,,,,,,,,,,,,,,,,,,,,,,,,,,,
MLAB2-1:VRS,(                ),V,376.0,376.0,376.0,376.0,376.0,376.0,377.0,376.0,377.0,378.0,377.0,378.0,378.0,377.0,378.0,378.0,378.0,379.0,379.0,378.0,379.0,379.0,379.0,380.0,380.0,380.0,380.0,380.0,380.0,380.0,380.0,380.0,380.0,379.0,379.0,379.0,378.0,378.0,378.0,378.0,377.0,377.0,375.0,375.0,383.0,381.0,380.0,379.0,376.0,377.0,376.0,375.0,,,,,,,,,,,,,,,,,,,,,,,,,,,,,,,,,,,,,,,,,,,,,,,,,,,,,,,,,,,,,,,,,,,,,,,,,,,,,,,,,,,,,,,,,,,,
MLAB2-1:VST,(                ),V,376.0,376.0,376.0,376.0,376.0,376.0,376.0,376.0,377.0,377.0,377.0,378.0,377.0,377.0,377.0,378.0,378.0,378.0,378.0,378.0,378.0,379.0,379.0,379.0,379.0,379.0,380.0,380.0,380.0,380.0,379.0,379.0,379.0,379.0,379.0,379.0,378.0,378.0,378.0,377.0,376.0,376.0,375.0,375.0,382.0,381.0,380.0,379.0,376.0,376.0,375.0,375.0,,,,,,,,,,,,,,,,,,,,,,,,,,,,,,,,,,,,,,,,,,,,,,,,,,,,,,,,,,,,,,,,,,,,,,,,,,,,,,,,,,,,,,,,,,,,
MLAB2-1:VTR,(                ),V,376.0,376.0,376.0,376.0,376.0,377.0,376.0,376.0,377.0,378.0,378.0,378.0,378.0,378.0,378.0,378.0,378.0,379.0,379.0,379.0,379.0,379.0,379.0,379.0,380.0,380.0,380.0,381.0,380.0,380.0,380.0,380.0,380.0,380.0,379.0,379.0,378.0,378.0,378.0,378.0,377.0,377.0,375.0,375.0,383.0,381.0,381.0,379.0,377.0,377.0,376.0,376.0,,,,,,,,,,,,,,,,,,,,,,,,,,,,,,,,,,,,,,,,,,,,,,,,,,,,,,,,,,,,,,,,,,,,,,,,,,,,,,,,,,,,,,,,,,,,
MLAB2-2.KWH,(度數            ),kW h,0,0,0,0,0,0,0,0,0,0,0,0,0,0,0,0,0,0,0,0,0,0,0,0,0,0,0,0,0,0,0,0,0,0,0,0,0,0,0,0,0,0,0,0,0,0,0,0,0,0,0,0,,,,,,,,,,,,,,,,,,,,,,,,,,,,,,,,,,,,,,,,,,,,,,,,,,,,,,,,,,,,,,,,,,,,,,,,,,,,,,,,,,,,,,,,,,,,
MLAB2-2:HZ,(                ),Hz,0,0,0,0,0,0,0,0,0,0,0,0,0,0,0,0,0,0,0,0,0,0,0,0,0,0,0,0,0,0,0,0,0,0,0,0,0,0,0,0,0,0,0,0,0,0,0,0,0,0,0,0,,,,,,,,,,,,,,,,,,,,,,,,,,,,,,,,,,,,,,,,,,,,,,,,,,,,,,,,,,,,,,,,,,,,,,,,,,,,,,,,,,,,,,,,,,,,
MLAB2-2:IR,(                ),A,0,0,0,0,0,0,0,0,0,0,0,0,0,0,0,0,0,0,0,0,0,0,0,0,0,0,0,0,0,0,0,0,0,0,0,0,0,0,0,0,0,0,0,0,0,0,0,0,0,0,0,0,,,,,,,,,,,,,,,,,,,,,,,,,,,,,,,,,,,,,,,,,,,,,,,,,,,,,,,,,,,,,,,,,,,,,,,,,,,,,,,,,,,,,,,,,,,,
MLAB2-2:IS,(                ),A,0,0,0,0,0,0,0,0,0,0,0,0,0,0,0,0,0,0,0,0,0,0,0,0,0,0,0,0,0,0,0,0,0,0,0,0,0,0,0,0,0,0,0,0,0,0,0,0,0,0,0,0,,,,,,,,,,,,,,,,,,,,,,,,,,,,,,,,,,,,,,,,,,,,,,,,,,,,,,,,,,,,,,,,,,,,,,,,,,,,,,,,,,,,,,,,,,,,
MLAB2-2:IT,(                ),A,0,0,0,0,0,0,0,0,0,0,0,0,0,0,0,0,0,0,0,0,0,0,0,0,0,0,0,0,0,0,0,0,0,0,0,0,0,0,0,0,0,0,0,0,0,0,0,0,0,0,0,0,,,,,,,,,,,,,,,,,,,,,,,,,,,,,,,,,,,,,,,,,,,,,,,,,,,,,,,,,,,,,,,,,,,,,,,,,,,,,,,,,,,,,,,,,,,,
MLAB2-2:KW,(                ),kW,0.0,0.0,0.0,0.0,0.0,0.0,0.0,0.0,0.0,0.0,0.0,0.0,0.0,0.0,0.0,0.0,0.0,0.0,0.0,0.0,0.0,0.0,0.0,0.0,0.0,0.0,0.0,0.0,0.0,0.0,0.0,0.0,0.0,0.0,0.0,0.0,0.0,0.0,0.0,0.0,0.0,0.0,0.0,0.0,0.0,0.0,0.0,0.0,0.0,0.0,0.0,0.0,,,,,,,,,,,,,,,,,,,,,,,,,,,,,,,,,,,,,,,,,,,,,,,,,,,,,,,,,,,,,,,,,,,,,,,,,,,,,,,,,,,,,,,,,,,,
MLAB2-2:PF,(                ),, -32.77, -32.77, -32.77, -32.77, -32.77, -32.77, -32.77, -32.77, -32.77, -32.77, -32.77, -32.77, -32.77, -32.77, -32.77, -32.77, -32.77, -32.77, -32.77, -32.77, -32.77, -32.77, -32.77, -32.77, -32.77, -32.77, -32.77, -32.77, -32.77, -32.77, -32.77, -32.77, -32.77, -32.77, -32.77, -32.77, -32.77, -32.77, -32.77, -32.77, -32.77, -32.77, -32.77, -32.77, -32.77, -32.77, -32.77, -32.77, -32.77, -32.77, -32.77, -32.77,,,,,,,,,,,,,,,,,,,,,,,,,,,,,,,,,,,,,,,,,,,,,,,,,,,,,,,,,,,,,,,,,,,,,,,,,,,,,,,,,,,,,,,,,,,,
MLAB2-2:VRS,(                ),V,0.0,0.0,0.0,0.0,0.0,0.0,0.0,0.0,0.0,0.0,0.0,0.0,0.0,0.0,0.0,0.0,0.0,0.0,0.0,0.0,0.0,0.0,0.0,0.0,0.0,0.0,0.0,0.0,0.0,0.0,0.0,0.0,0.0,0.0,0.0,0.0,0.0,0.0,0.0,0.0,0.0,0.0,0.0,0.0,0.0,0.0,0.0,0.0,0.0,0.0,0.0,0.0,,,,,,,,,,,,,,,,,,,,,,,,,,,,,,,,,,,,,,,,,,,,,,,,,,,,,,,,,,,,,,,,,,,,,,,,,,,,,,,,,,,,,,,,,,,,
MLAB2-2:VST,(                ),V,0.0,0.0,0.0,0.0,0.0,0.0,0.0,0.0,0.0,0.0,0.0,0.0,0.0,0.0,0.0,0.0,0.0,0.0,0.0,0.0,0.0,0.0,0.0,0.0,0.0,0.0,0.0,0.0,0.0,0.0,0.0,0.0,0.0,0.0,0.0,0.0,0.0,0.0,0.0,0.0,0.0,0.0,0.0,0.0,0.0,0.0,0.0,0.0,0.0,0.0,0.0,0.0,,,,,,,,,,,,,,,,,,,,,,,,,,,,,,,,,,,,,,,,,,,,,,,,,,,,,,,,,,,,,,,,,,,,,,,,,,,,,,,,,,,,,,,,,,,,
MLAB2-2:VTR,(                ),V,0.0,0.0,0.0,0.0,0.0,0.0,0.0,0.0,0.0,0.0,0.0,0.0,0.0,0.0,0.0,0.0,0.0,0.0,0.0,0.0,0.0,0.0,0.0,0.0,0.0,0.0,0.0,0.0,0.0,0.0,0.0,0.0,0.0,0.0,0.0,0.0,0.0,0.0,0.0,0.0,0.0,0.0,0.0,0.0,0.0,0.0,0.0,0.0,0.0,0.0,0.0,0.0,,,,,,,,,,,,,,,,,,,,,,,,,,,,,,,,,,,,,,,,,,,,,,,,,,,,,,,,,,,,,,,,,,,,,,,,,,,,,,,,,,,,,,,,,,,,
EMLAB2-1.KWH,(度數            ),kW h,23846710,23846718,23846724,23846730,23846738,23846748,23846756,23846764,23846770,23846776,23846780,23846784,23846790,23846794,23846798,23846802,23846806,23846812,23846816,23846822,23846834,23846850,23846864,23846878,23846882,23846888,23846892,23846896,23846902,23846906,23846910,23846916,23846920,23846924,23846930,23846934,23846940,23846944,23846948,23846954,23846958,23846962,23846966,23846970,23846976,23846980,23846986,23846990,23846994,23847000,23847004,23847006,,,,,,,,,,,,,,,,,,,,,,,,,,,,,,,,,,,,,,,,,,,,,,,,,,,,,,,,,,,,,,,,,,,,,,,,,,,,,,,,,,,,,,,,,,,,
EMLAB2-1:HZ,(                ),Hz,60,59,59,59,60,59,59,59,59,60,59,60,59,59,59,59,60,60,59,59,60,60,60,60,60,60,60,60,60,60,59,60,59,60,59,59,59,60,59,59,59,59,60,59,60,60,60,60,60,59,59,59,,,,,,,,,,,,,,,,,,,,,,,,,,,,,,,,,,,,,,,,,,,,,,,,,,,,,,,,,,,,,,,,,,,,,,,,,,,,,,,,,,,,,,,,,,,,
EMLAB2-1:IR,(                ),A,70,69,68,85,87,87,87,85,67,58,51,57,57,51,58,57,57,61,56,58,164,163,161,56,57,57,58,56,60,59,56,60,57,59,63,63,61,62,56,60,53,61,55,61,54,59,60,59,59,60,60,60,,,,,,,,,,,,,,,,,,,,,,,,,,,,,,,,,,,,,,,,,,,,,,,,,,,,,,,,,,,,,,,,,,,,,,,,,,,,,,,,,,,,,,,,,,,,
EMLAB2-1:IS,(                ),A,56,42,47,74,73,66,71,72,47,31,32,32,25,31,32,32,32,37,31,33,145,150,150,33,32,32,32,32,36,31,33,41,32,37,33,32,32,32,29,32,25,34,26,34,24,32,32,32,25,32,34,32,,,,,,,,,,,,,,,,,,,,,,,,,,,,,,,,,,,,,,,,,,,,,,,,,,,,,,,,,,,,,,,,,,,,,,,,,,,,,,,,,,,,,,,,,,,,
EMLAB2-1:IT,(                ),A,66,56,63,86,84,87,83,80,56,41,48,42,43,39,41,41,46,51,45,46,159,164,161,45,43,41,41,44,50,44,40,55,44,50,40,41,47,45,43,41,41,46,47,42,40,47,46,45,43,45,46,49,,,,,,,,,,,,,,,,,,,,,,,,,,,,,,,,,,,,,,,,,,,,,,,,,,,,,,,,,,,,,,,,,,,,,,,,,,,,,,,,,,,,,,,,,,,,
EMLAB2-1:KW,(                ),kW,40.0,35.0,37.0,51.0,51.0,51.0,51.0,50.0,36.0,27.0,27.0,27.0,25.0,25.0,27.0,27.0,28.0,31.0,27.0,28.0,96.0,100.0,100.0,27.0,27.0,27.0,27.0,27.0,31.0,27.0,26.0,33.0,27.0,30.0,28.0,28.0,29.0,28.0,26.0,27.0,24.0,29.0,26.0,28.0,24.0,29.0,29.0,28.0,26.0,28.0,29.0,29.0,,,,,,,,,,,,,,,,,,,,,,,,,,,,,,,,,,,,,,,,,,,,,,,,,,,,,,,,,,,,,,,,,,,,,,,,,,,,,,,,,,,,,,,,,,,,
EMLAB2-1:PF,(                ),, -1.00, -33.77, -33.77, -0.99, -0.99, -0.99, -0.99, -0.99, -33.77, -33.76, -33.76, -33.76, -33.76, -33.73, -33.76, -33.76, -33.76, -33.76, -33.76, -33.76, -0.95, -0.95, -0.95, -33.76, -33.76, -33.76, -33.76, -33.74, -33.76, -33.76, -33.76, -33.76, -33.76, -33.76, -33.74, -33.74, -33.76, -33.76, -33.76, -33.76, -33.70, -33.74, -33.71, -33.76, -33.73, -33.76, -33.74, -33.76, -33.74, -33.74, -33.76, -33.74,,,,,,,,,,,,,,,,,,,,,,,,,,,,,,,,,,,,,,,,,,,,,,,,,,,,,,,,,,,,,,,,,,,,,,,,,,,,,,,,,,,,,,,,,,,,
EMLAB2-1:VRS,(                ),V,376.0,377.0,376.0,376.0,377.0,376.0,376.0,376.0,377.0,378.0,378.0,378.0,378.0,378.0,378.0,378.0,379.0,378.0,379.0,379.0,378.0,378.0,378.0,379.0,380.0,380.0,381.0,380.0,381.0,380.0,380.0,380.0,380.0,380.0,379.0,380.0,378.0,379.0,378.0,378.0,377.0,378.0,376.0,376.0,383.0,381.0,381.0,379.0,377.0,378.0,377.0,377.0,,,,,,,,,,,,,,,,,,,,,,,,,,,,,,,,,,,,,,,,,,,,,,,,,,,,,,,,,,,,,,,,,,,,,,,,,,,,,,,,,,,,,,,,,,,,
EMLAB2-1:VST,(                ),V,375.0,376.0,376.0,376.0,376.0,376.0,376.0,376.0,376.0,377.0,377.0,378.0,378.0,378.0,377.0,378.0,378.0,378.0,378.0,378.0,378.0,378.0,378.0,379.0,379.0,380.0,380.0,380.0,380.0,380.0,379.0,379.0,380.0,379.0,379.0,379.0,378.0,378.0,378.0,377.0,376.0,377.0,375.0,376.0,382.0,381.0,380.0,379.0,377.0,377.0,376.0,376.0,,,,,,,,,,,,,,,,,,,,,,,,,,,,,,,,,,,,,,,,,,,,,,,,,,,,,,,,,,,,,,,,,,,,,,,,,,,,,,,,,,,,,,,,,,,,
EMLAB2-1:VTR,(                ),V,375.0,377.0,376.0,376.0,376.0,376.0,376.0,376.0,377.0,377.0,378.0,378.0,378.0,379.0,378.0,378.0,379.0,379.0,379.0,379.0,378.0,378.0,378.0,379.0,379.0,380.0,380.0,381.0,380.0,380.0,380.0,380.0,380.0,380.0,380.0,380.0,379.0,379.0,378.0,378.0,377.0,378.0,376.0,377.0,383.0,381.0,381.0,380.0,377.0,378.0,377.0,377.0,,,,,,,,,,,,,,,,,,,,,,,,,,,,,,,,,,,,,,,,,,,,,,,,,,,,,,,,,,,,,,,,,,,,,,,,,,,,,,,,,,,,,,,,,,,,
MGCBARF.KWH,(度數            ),,38.4721,38.4722,38.4723,38.4723,38.4724,38.4725,38.4725,38.4726,38.4727,38.4727,38.4728,38.4728,38.4729,38.4729,38.4729,38.4729,38.4729,38.4730,38.4730,38.4730,38.4730,38.4730,38.4730,38.4731,38.4731,38.4731,38.4731,38.4731,38.4731,38.4732,38.4732,38.4732,38.4732,38.4732,38.4733,38.4733,38.4733,38.4733,38.4734,38.4734,38.4734,38.4735,38.4735,38.4736,38.4737,38.4738,38.4739,38.4739,38.4740,38.4741,38.4742,38.4742,,,,,,,,,,,,,,,,,,,,,,,,,,,,,,,,,,,,,,,,,,,,,,,,,,,,,,,,,,,,,,,,,,,,,,,,,,,,,,,,,,,,,,,,,,,,
MGCBARF:F,(                ),Hz,60,60,60,60,60,60,60,60,60,60,60,60,60,60,60,60,60,60,60,60,60,60,60,60,60,60,60,60,60,60,60,60,60,60,60,60,60,60,60,60,60,60,60,60,60,60,60,60,60,60,60,60,,,,,,,,,,,,,,,,,,,,,,,,,,,,,,,,,,,,,,,,,,,,,,,,,,,,,,,,,,,,,,,,,,,,,,,,,,,,,,,,,,,,,,,,,,,,
MGCBARF:I1,(                ),A,8.7,10.2,9.7,9.4,12.3,10.6,9.6,8.9,8.7,8.0,8.2,8.5,3.3,2.8,2.8,2.7,2.7,2.7,2.7,2.6,2.7,2.7,2.6,2.6,2.3,2.3,2.3,2.2,2.2,2.2,2.6,2.7,2.7,4.6,3.6,3.5,3.2,5.5,4.9,4.3,5.7,7.4,13.1,12.6,11.8,11.9,12.2,11.8,14.0,13.0,13.1,11.1,,,,,,,,,,,,,,,,,,,,,,,,,,,,,,,,,,,,,,,,,,,,,,,,,,,,,,,,,,,,,,,,,,,,,,,,,,,,,,,,,,,,,,,,,,,,
MGCBARF:I2,(                ),A,8.3,9.8,9.4,9.0,11.9,10.2,9.3,8.7,8.6,7.8,8.0,8.2,3.1,2.6,2.6,2.6,2.6,2.6,2.5,2.5,2.5,2.6,2.6,2.5,2.2,2.2,2.2,2.1,2.2,2.1,2.5,2.6,2.6,4.6,3.6,3.4,3.2,5.4,4.8,4.2,5.5,7.3,13.1,12.6,11.7,11.9,12.2,11.8,13.9,12.7,12.9,10.9,,,,,,,,,,,,,,,,,,,,,,,,,,,,,,,,,,,,,,,,,,,,,,,,,,,,,,,,,,,,,,,,,,,,,,,,,,,,,,,,,,,,,,,,,,,,
MGCBARF:I3,(                ),A,9.1,10.7,10.2,9.8,12.8,11.0,10.0,9.4,9.2,8.5,8.7,8.9,3.7,3.2,3.2,3.1,3.1,3.1,3.1,3.0,3.1,3.1,3.1,3.0,2.7,2.7,2.7,2.7,2.7,2.6,3.0,3.1,3.1,5.0,4.1,3.9,3.6,5.9,5.2,4.7,5.9,7.8,13.8,13.2,12.4,12.4,12.8,12.4,14.6,13.5,13.6,11.7,,,,,,,,,,,,,,,,,,,,,,,,,,,,,,,,,,,,,,,,,,,,,,,,,,,,,,,,,,,,,,,,,,,,,,,,,,,,,,,,,,,,,,,,,,,,
MGCBARF:KW,(                ),kW,330.1,395.5,377.7,354.8,485.2,414.2,373.9,341.6,337.0,312.9,315.9,315.2,127.8,111.4,111.1,109.1,120.6,108.0,107.1,103.7,106.5,106.6,107.5,105.5,94.3,94.4,95.3,92.1,92.9,92.4,103.4,107.0,106.3,187.1,149.0,141.4,129.7,220.4,195.2,170.7,217.1,294.5,516.3,494.0,470.8,469.0,471.4,463.6,548.5,503.3,515.2,444.4,,,,,,,,,,,,,,,,,,,,,,,,,,,,,,,,,,,,,,,,,,,,,,,,,,,,,,,,,,,,,,,,,,,,,,,,,,,,,,,,,,,,,,,,,,,,
MGCBARF:PF,(                ),,0.94,0.96,0.96,0.93,0.97,0.97,0.96,0.94,0.95,0.95,0.94,0.94,1.06,1.04,1.04,1.04,1.04,1.05,1.05,1.06,1.05,1.05,1.05,1.05,1.03,1.03,1.03,1.03,1.03,1.03,1.05,1.06,1.06,1.03,1.03,1.03,1.04,1.03,1.03,1.04,0.95,0.97,0.96,0.96,0.96,0.95,0.95,0.95,0.96,0.95,0.97,0.98,,,,,,,,,,,,,,,,,,,,,,,,,,,,,,,,,,,,,,,,,,,,,,,,,,,,,,,,,,,,,,,,,,,,,,,,,,,,,,,,,,,,,,,,,,,,
MGCBARF:V12,(                ),kV,23.2,23.2,23.2,23.3,23.3,23.3,23.3,23.3,23.3,23.4,23.4,23.4,23.4,23.4,23.4,23.4,23.4,23.4,23.4,23.4,23.4,23.5,23.4,23.5,23.5,23.5,23.5,23.5,23.5,23.5,23.5,23.5,23.5,23.5,23.5,23.5,23.4,23.4,23.4,23.4,23.3,23.3,23.2,23.2,23.7,23.6,23.5,23.5,23.3,23.3,23.2,23.3,,,,,,,,,,,,,,,,,,,,,,,,,,,,,,,,,,,,,,,,,,,,,,,,,,,,,,,,,,,,,,,,,,,,,,,,,,,,,,,,,,,,,,,,,,,,
MGCBARF:V23,(                ),kV,23.3,23.3,23.3,23.3,23.3,23.3,23.3,23.3,23.3,23.4,23.4,23.4,23.4,23.4,23.4,23.4,23.4,23.4,23.4,23.4,23.5,23.5,23.5,23.5,23.5,23.5,23.5,23.5,23.6,23.5,23.5,23.5,23.5,23.5,23.5,23.5,23.4,23.4,23.4,23.4,23.3,23.3,23.2,23.2,23.7,23.6,23.6,23.5,23.4,23.3,23.3,23.3,,,,,,,,,,,,,,,,,,,,,,,,,,,,,,,,,,,,,,,,,,,,,,,,,,,,,,,,,,,,,,,,,,,,,,,,,,,,,,,,,,,,,,,,,,,,
MGCBARF:V31,(                ),kV,23.3,23.3,23.3,23.3,23.3,23.3,23.3,23.3,23.4,23.4,23.4,23.4,23.4,23.5,23.4,23.4,23.5,23.5,23.5,23.5,23.5,23.5,23.5,23.5,23.5,23.6,23.6,23.6,23.6,23.6,23.5,23.5,23.5,23.5,23.5,23.5,23.5,23.5,23.4,23.4,23.4,23.3,23.3,23.3,23.8,23.6,23.6,23.5,23.4,23.4,23.3,23.4,,,,,,,,,,,,,,,,,,,,,,,,,,,,,,,,,,,,,,,,,,,,,,,,,,,,,,,,,,,,,,,,,,,,,,,,,,,,,,,,,,,,,,,,,,,,
MPA1:HZ,(                ),Hz,60,59,59,59,60,59,59,59,60,60,59,59,59,60,59,59,60,59,59,59,60,60,60,60,60,59,60,60,60,59,59,59,59,59,59,59,59,60,59,59,59,60,59,60,59,60,60,60,60,59,59,59,,,,,,,,,,,,,,,,,,,,,,,,,,,,,,,,,,,,,,,,,,,,,,,,,,,,,,,,,,,,,,,,,,,,,,,,,,,,,,,,,,,,,,,,,,,,
MPA1:IR,(                ),A,373,390,385,416,398,383,367,346,379,363,352,359,8,8,7,7,7,7,8,7,7,8,7,7,7,8,8,7,7,8,8,8,7,7,7,8,7,7,7,8,72,69,606,589,584,582,591,592,607,554,477,445,,,,,,,,,,,,,,,,,,,,,,,,,,,,,,,,,,,,,,,,,,,,,,,,,,,,,,,,,,,,,,,,,,,,,,,,,,,,,,,,,,,,,,,,,,,,
MPA1:IS,(                ),A,364,382,380,409,392,377,365,342,379,361,351,356,11,11,9,10,10,11,11,9,9,11,11,9,9,11,11,11,10,11,11,11,10,9,11,11,9,9,10,11,73,69,597,587,573,580,586,587,593,541,466,437,,,,,,,,,,,,,,,,,,,,,,,,,,,,,,,,,,,,,,,,,,,,,,,,,,,,,,,,,,,,,,,,,,,,,,,,,,,,,,,,,,,,,,,,,,,,
MPA1:IT,(                ),A,374,397,392,421,402,384,371,348,385,363,359,364,7,8,7,8,8,7,8,7,7,8,7,7,8,8,6,8,8,6,7,8,8,7,8,8,6,6,8,8,68,67,617,604,592,596,603,602,611,559,479,449,,,,,,,,,,,,,,,,,,,,,,,,,,,,,,,,,,,,,,,,,,,,,,,,,,,,,,,,,,,,,,,,,,,,,,,,,,,,,,,,,,,,,,,,,,,,
MPA1:KW,(                ),kW,219.3,231.5,229.8,248.5,237.0,227.0,217.8,203.4,226.8,215.0,210.1,213.7,3.6,4.3,3.0,3.7,3.6,3.6,4.3,3.0,3.0,4.3,3.6,3.0,3.6,4.4,3.7,4.3,3.8,3.7,3.7,4.3,3.7,3.1,4.3,4.4,3.1,3.0,3.7,4.4,30.3,28.8,369.4,361.6,361.2,362.6,366.2,366.0,369.5,336.7,286.1,267.0,,,,,,,,,,,,,,,,,,,,,,,,,,,,,,,,,,,,,,,,,,,,,,,,,,,,,,,,,,,,,,,,,,,,,,,,,,,,,,,,,,,,,,,,,,,,
MPA1:KWH,(                ),,12126102,12126142,12126179,12126220,12126258,12126297,12126333,12126370,12126408,12126444,12126481,12126513,12126539,12126540,12126540,12126541,12126541,12126542,12126543,12126543,12126544,12126545,12126545,12126546,12126547,12126547,12126548,12126548,12126549,12126550,12126550,12126551,12126552,12126552,12126553,12126553,12126554,12126555,12126555,12126556,12126558,12126563,12126602,12126657,12126724,12126786,12126850,12126908,12126970,12127030,12127083,12127108,,,,,,,,,,,,,,,,,,,,,,,,,,,,,,,,,,,,,,,,,,,,,,,,,,,,,,,,,,,,,,,,,,,,,,,,,,,,,,,,,,,,,,,,,,,,
MPA1:PF,(                ),,0.91,0.91,0.91,0.91,0.91,0.91,0.90,0.90,0.91,0.90,0.90,0.90,0.67,0.73,0.61,0.68,0.68,0.67,0.73,0.61,0.62,0.73,0.67,0.61,0.68,0.73,0.66,0.73,0.69,0.66,0.67,0.73,0.68,0.61,0.73,0.73,0.61,0.61,0.69,0.74,0.65,0.64,0.93,0.93,0.93,0.93,0.93,0.93,0.93,0.93,0.92,0.92,,,,,,,,,,,,,,,,,,,,,,,,,,,,,,,,,,,,,,,,,,,,,,,,,,,,,,,,,,,,,,,,,,,,,,,,,,,,,,,,,,,,,,,,,,,,
MPA1:VRS,(                ),V,378.2,377.7,377.1,377.7,378.4,378.9,378.9,377.5,378.4,379.2,379.7,379.9,380.4,380.8,380.5,380.7,381.2,380.7,380.8,381.0,381.2,381.8,381.7,381.6,382.0,382.5,382.7,382.8,382.6,382.7,382.1,382.4,381.9,382.2,381.4,381.8,381.0,380.9,380.9,380.2,379.4,379.2,376.0,375.6,384.4,382.4,381.9,380.7,379.2,379.3,378.0,378.2,,,,,,,,,,,,,,,,,,,,,,,,,,,,,,,,,,,,,,,,,,,,,,,,,,,,,,,,,,,,,,,,,,,,,,,,,,,,,,,,,,,,,,,,,,,,
MPA1:VST,(                ),V,377.4,376.9,377.7,378.4,377.8,378.0,378.5,378.8,379.1,379.3,379.8,380.1,380.0,380.3,380.0,380.2,380.6,380.3,380.4,380.6,380.8,381.3,381.3,381.1,381.6,382.2,382.2,382.3,382.2,382.3,381.6,381.9,381.3,381.8,381.1,381.4,380.6,380.5,380.4,379.7,378.8,378.9,376.6,377.7,383.2,382.5,381.2,380.8,378.1,378.3,377.1,378.2,,,,,,,,,,,,,,,,,,,,,,,,,,,,,,,,,,,,,,,,,,,,,,,,,,,,,,,,,,,,,,,,,,,,,,,,,,,,,,,,,,,,,,,,,,,,
MPA1:VTR,(                ),V,377.5,377.8,378.1,378.3,378.0,378.6,378.4,378.2,378.9,379.7,379.3,379.8,380.6,381.0,380.7,380.8,381.3,380.8,381.0,381.1,381.4,381.7,381.8,381.6,382.0,382.6,382.8,382.9,382.7,382.7,382.2,382.4,381.8,382.3,381.5,382.0,381.2,381.0,380.9,380.4,379.6,379.2,376.9,377.0,384.8,382.4,382.2,381.2,378.6,378.8,378.6,379.1,,,,,,,,,,,,,,,,,,,,,,,,,,,,,,,,,,,,,,,,,,,,,,,,,,,,,,,,,,,,,,,,,,,,,,,,,,,,,,,,,,,,,,,,,,,,
MPA2:HZ,(                ),Hz,60,59,59,59,60,59,59,59,60,60,59,59,59,60,59,59,60,59,59,59,60,60,60,60,60,59,60,60,60,60,59,59,59,59,59,59,59,60,59,59,59,60,59,60,59,60,60,60,60,59,59,59,,,,,,,,,,,,,,,,,,,,,,,,,,,,,,,,,,,,,,,,,,,,,,,,,,,,,,,,,,,,,,,,,,,,,,,,,,,,,,,,,,,,,,,,,,,,
MPA2:IR,(                ),A,267,250,249,262,261,259,259,259,261,229,258,258,158,116,116,116,116,116,116,117,116,116,115,116,85,85,85,84,84,84,114,128,128,127,128,129,128,168,170,169,270,270,290,285,280,323,323,322,324,324,232,143,,,,,,,,,,,,,,,,,,,,,,,,,,,,,,,,,,,,,,,,,,,,,,,,,,,,,,,,,,,,,,,,,,,,,,,,,,,,,,,,,,,,,,,,,,,,
MPA2:IS,(                ),A,269,250,251,264,265,261,262,261,264,230,261,260,155,113,113,113,113,113,114,113,113,113,113,113,80,80,80,80,80,80,112,126,126,126,126,126,127,169,168,169,273,274,295,291,285,334,333,334,332,331,238,142,,,,,,,,,,,,,,,,,,,,,,,,,,,,,,,,,,,,,,,,,,,,,,,,,,,,,,,,,,,,,,,,,,,,,,,,,,,,,,,,,,,,,,,,,,,,
MPA2:IT,(                ),A,264,245,246,258,259,256,254,255,259,224,256,255,155,113,113,114,113,114,114,113,114,113,113,113,81,82,81,82,81,80,112,125,126,126,126,126,125,168,166,167,267,267,288,283,280,328,325,326,325,324,230,140,,,,,,,,,,,,,,,,,,,,,,,,,,,,,,,,,,,,,,,,,,,,,,,,,,,,,,,,,,,,,,,,,,,,,,,,,,,,,,,,,,,,,,,,,,,,
MPA2:KW,(                ),kW,148.4,138.0,138.3,145.3,145.8,144.3,143.8,143.8,145.9,138.3,144.3,143.9,83.2,62.1,62.0,62.1,62.0,62.1,62.1,62.0,62.1,62.1,61.9,62.1,46.2,46.4,46.2,46.3,46.2,46.1,61.5,68.4,68.5,68.6,68.7,68.7,68.5,89.7,89.4,89.4,150.2,150.5,160.8,158.4,157.9,183.4,182.2,181.9,181.4,181.0,128.7,90.2,,,,,,,,,,,,,,,,,,,,,,,,,,,,,,,,,,,,,,,,,,,,,,,,,,,,,,,,,,,,,,,,,,,,,,,,,,,,,,,,,,,,,,,,,,,,
MPA2:KWH,(                ),,19370394,19370416,19370438,19370462,19370484,19370508,19370532,19370556,19370582,19370604,19370624,19370648,19370674,19370686,19370696,19370706,19370714,19370726,19370736,19370746,19370758,19370768,19370778,19370788,19370794,19370804,19370812,19370818,19370826,19370834,19370844,19370854,19370866,19370878,19370890,19370900,19370912,19370924,19370938,19370954,19370972,19370998,19371022,19371046,19371076,19371106,19371134,19371166,19371196,19371226,19371258,19371266,,,,,,,,,,,,,,,,,,,,,,,,,,,,,,,,,,,,,,,,,,,,,,,,,,,,,,,,,,,,,,,,,,,,,,,,,,,,,,,,,,,,,,,,,,,,
MPA2:PF,(                ),,0.85,0.85,0.85,0.85,0.85,0.85,0.85,0.85,0.85,0.92,0.85,0.85,0.81,0.82,0.82,0.83,0.82,0.82,0.82,0.82,0.82,0.82,0.82,0.83,0.85,0.86,0.85,0.85,0.85,0.86,0.82,0.82,0.82,0.82,0.82,0.82,0.82,0.81,0.81,0.81,0.85,0.85,0.85,0.85,0.84,0.84,0.84,0.84,0.85,0.85,0.84,0.97,,,,,,,,,,,,,,,,,,,,,,,,,,,,,,,,,,,,,,,,,,,,,,,,,,,,,,,,,,,,,,,,,,,,,,,,,,,,,,,,,,,,,,,,,,,,
MPA2:VRS,(                ),V,377.6,377.5,377.9,378.3,378.3,378.5,378.4,378.3,379.1,380.2,379.4,379.9,380.3,380.4,380.1,380.5,380.9,380.6,380.6,380.8,381.2,381.6,381.6,381.3,381.8,382.4,382.5,382.7,382.5,382.5,381.9,382.3,381.7,382.2,381.3,381.6,380.7,380.7,380.5,380.1,378.7,378.5,376.8,377.1,384.6,382.4,381.7,381.0,378.8,378.8,378.0,378.9,,,,,,,,,,,,,,,,,,,,,,,,,,,,,,,,,,,,,,,,,,,,,,,,,,,,,,,,,,,,,,,,,,,,,,,,,,,,,,,,,,,,,,,,,,,,
MPA2:VST,(                ),V,377.3,377.0,377.4,377.9,377.5,377.9,378.1,377.9,378.5,379.9,379.3,379.5,379.8,379.9,379.6,380.0,380.5,380.2,380.1,380.5,380.8,381.1,381.2,380.8,381.6,381.9,382.1,382.1,382.3,382.1,381.4,381.8,381.3,381.8,380.9,381.2,380.4,380.2,380.3,379.6,378.0,378.1,376.4,377.0,384.1,382.0,381.3,380.7,378.1,378.2,377.4,378.2,,,,,,,,,,,,,,,,,,,,,,,,,,,,,,,,,,,,,,,,,,,,,,,,,,,,,,,,,,,,,,,,,,,,,,,,,,,,,,,,,,,,,,,,,,,,
MPA2:VTR,(                ),V,377.5,377.6,378.0,378.2,378.2,378.3,378.3,378.1,379.0,379.9,379.5,379.9,380.3,380.6,380.3,380.5,380.8,380.5,380.8,380.8,381.2,381.5,381.5,381.3,381.8,382.2,382.5,382.6,382.6,382.5,381.9,382.0,381.4,382.0,381.2,381.7,380.8,380.7,380.4,380.1,378.5,378.5,376.8,377.0,384.8,382.2,381.8,381.0,378.8,379.1,378.1,379.3,,,,,,,,,,,,,,,,,,,,,,,,,,,,,,,,,,,,,,,,,,,,,,,,,,,,,,,,,,,,,,,,,,,,,,,,,,,,,,,,,,,,,,,,,,,,
MLARF-1.PF,(                ),,0.95,0.98,0.97,0.95,0.99,0.98,0.98,0.97,0.96,0.94,0.94,0.94,0.94,0.92,0.92,0.92,0.91,0.91,0.90,0.90,0.90,0.90,0.92,0.90,0.90,0.90,0.90,0.87,0.87,0.86,0.86,0.86,0.87,0.99,0.97,0.97,0.97,0.99,0.98,0.98,0.98,0.99,0.99,0.99,0.98,0.97,0.98,0.97,0.99,0.99,0.99,0.99,,,,,,,,,,,,,,,,,,,,,,,,,,,,,,,,,,,,,,,,,,,,,,,,,,,,,,,,,,,,,,,,,,,,,,,,,,,,,,,,,,,,,,,,,,,,
MLARF-1:HZ,(                ),Hz,60,59,59,59,60,59,59,59,60,60,59,59,59,60,59,59,60,59,59,59,60,60,60,60,60,59,60,60,60,60,59,59,59,59,59,59,59,60,59,59,59,60,59,60,59,60,60,60,60,59,59,59,,,,,,,,,,,,,,,,,,,,,,,,,,,,,,,,,,,,,,,,,,,,,,,,,,,,,,,,,,,,,,,,,,,,,,,,,,,,,,,,,,,,,,,,,,,,
MLARF-1:IR,(                ),A,92,215,183,95,427,291,204,119,88,73,71,72,62,61,59,54,55,54,54,55,55,47,46,47,46,46,47,42,41,41,41,40,41,184,130,117,89,261,199,146,117,286,239,208,147,110,98,85,233,195,346,310,,,,,,,,,,,,,,,,,,,,,,,,,,,,,,,,,,,,,,,,,,,,,,,,,,,,,,,,,,,,,,,,,,,,,,,,,,,,,,,,,,,,,,,,,,,,
MLARF-1:IS,(                ),A,28,151,119,30,365,228,155,71,41,25,26,26,26,25,26,26,23,24,23,23,23,24,26,24,24,24,24,19,19,20,19,17,19,167,113,95,71,242,180,123,97,268,218,183,123,85,72,64,207,166,317,281,,,,,,,,,,,,,,,,,,,,,,,,,,,,,,,,,,,,,,,,,,,,,,,,,,,,,,,,,,,,,,,,,,,,,,,,,,,,,,,,,,,,,,,,,,,,
MLARF-1:IT,(                ),A,36,148,117,37,360,225,155,78,49,33,34,33,32,30,32,32,28,29,26,26,26,26,32,26,26,26,26,21,21,22,21,21,21,166,111,94,69,227,164,110,81,257,217,184,123,85,72,63,193,143,298,263,,,,,,,,,,,,,,,,,,,,,,,,,,,,,,,,,,,,,,,,,,,,,,,,,,,,,,,,,,,,,,,,,,,,,,,,,,,,,,,,,,,,,,,,,,,,
MLARF-1:KW,(                ),kW,32.2,110.3,89.1,33.5,249.5,159.3,109.8,57.0,37.0,26.8,26.8,26.9,24.7,23.4,23.9,22.5,21.4,21.3,20.3,20.6,20.7,19.0,21.1,19.2,19.0,19.0,19.4,15.7,15.5,15.7,15.4,14.9,15.5,112.4,75.8,65.5,48.6,158.5,117.4,81.1,62.9,175.7,145.0,123.5,85.3,60.1,52.1,45.1,136.7,109.0,207.9,184.4,,,,,,,,,,,,,,,,,,,,,,,,,,,,,,,,,,,,,,,,,,,,,,,,,,,,,,,,,,,,,,,,,,,,,,,,,,,,,,,,,,,,,,,,,,,,
MLARF-1:KWH,(                ),,6614957,6614976,6614991,6614999,6615013,6615046,6615068,6615081,6615089,6615094,6615099,6615103,6615107,6615112,6615116,6615119,6615122,6615127,6615130,6615134,6615138,6615140,6615144,6615147,6615150,6615153,6615157,6615159,6615162,6615165,6615167,6615170,6615172,6615182,6615197,6615208,6615218,6615233,6615253,6615269,6615281,6615303,6615329,6615349,6615368,6615380,6615390,6615397,6615407,6615428,6615464,6615482,,,,,,,,,,,,,,,,,,,,,,,,,,,,,,,,,,,,,,,,,,,,,,,,,,,,,,,,,,,,,,,,,,,,,,,,,,,,,,,,,,,,,,,,,,,,
MLARF-1:PF,(                ),, -0.94, -0.98, -0.97, -0.95, -0.99, -0.98, -0.98, -0.97, -0.96, -0.94, -0.94, -0.94, -0.94, -0.92, -0.92, -0.92, -0.91, -0.91, -0.90, -0.90, -0.90,0.90,0.92,0.90, -0.90,0.90,0.90, -0.87, -0.87, -0.86,0.86, -0.86, -0.87, -0.99, -0.97, -0.97, -0.97, -0.99, -0.98, -0.98, -0.98, -0.99, -0.99, -0.99, -0.98, -0.97, -0.98, -0.97, -0.99, -0.99, -0.99, -0.99,,,,,,,,,,,,,,,,,,,,,,,,,,,,,,,,,,,,,,,,,,,,,,,,,,,,,,,,,,,,,,,,,,,,,,,,,,,,,,,,,,,,,,,,,,,,
MLARF-1:VRS,(                ),V,378.2,377.7,378.4,378.5,378.0,378.7,378.7,378.6,379.3,380.0,379.8,380.0,380.2,380.3,379.9,380.6,380.9,380.4,380.5,380.8,381.0,381.3,381.4,381.3,381.7,382.1,382.4,382.4,382.3,382.4,382.0,382.1,381.6,381.9,381.3,381.6,380.7,380.4,380.5,380.0,379.0,378.7,377.2,377.5,385.1,383.0,382.3,381.5,379.3,379.3,378.2,378.4,,,,,,,,,,,,,,,,,,,,,,,,,,,,,,,,,,,,,,,,,,,,,,,,,,,,,,,,,,,,,,,,,,,,,,,,,,,,,,,,,,,,,,,,,,,,
MLARF-1:VST,(                ),V,377.7,377.3,378.0,378.3,377.7,378.2,378.4,378.2,378.9,379.6,379.6,379.6,379.7,379.7,379.3,379.9,380.4,380.0,380.1,380.3,380.6,380.6,380.8,380.5,381.0,381.5,381.9,381.8,381.8,381.8,381.3,381.5,380.9,381.4,380.8,381.1,380.3,379.8,380.0,379.3,378.0,378.2,376.7,377.3,384.4,382.6,381.8,381.0,378.2,378.4,377.5,377.6,,,,,,,,,,,,,,,,,,,,,,,,,,,,,,,,,,,,,,,,,,,,,,,,,,,,,,,,,,,,,,,,,,,,,,,,,,,,,,,,,,,,,,,,,,,,
MLARF-1:VTR,(                ),V,378.7,378.4,378.8,378.9,378.6,379.1,379.0,378.7,379.5,380.2,380.3,380.5,380.4,380.6,380.1,380.6,381.1,380.5,380.8,380.9,381.2,381.2,381.5,381.2,381.8,382.2,382.6,382.6,382.4,382.4,382.0,382.2,381.6,382.0,381.3,381.7,381.0,380.6,380.8,380.2,379.2,378.8,377.6,378.0,385.4,383.2,382.6,381.7,379.6,380.3,378.7,379.1,,,,,,,,,,,,,,,,,,,,,,,,,,,,,,,,,,,,,,,,,,,,,,,,,,,,,,,,,,,,,,,,,,,,,,,,,,,,,,,,,,,,,,,,,,,,
MPARF:HZ,(                ),Hz,60,59,59,59,60,59,59,59,60,60,59,59,59,60,59,59,60,59,59,59,60,60,60,60,60,59,60,60,60,60,59,59,59,59,59,59,59,60,59,59,59,60,59,60,59,60,60,60,60,59,59,59,,,,,,,,,,,,,,,,,,,,,,,,,,,,,,,,,,,,,,,,,,,,,,,,,,,,,,,,,,,,,,,,,,,,,,,,,,,,,,,,,,,,,,,,,,,,
MPARF:IR,(                ),A,113,134,134,108,101,105,105,131,126,104,113,107,105,106,106,105,129,102,103,103,104,113,104,104,102,102,103,102,102,102,103,102,101,124,103,101,102,103,107,108,106,107,107,107,145,108,116,112,157,155,187,160,,,,,,,,,,,,,,,,,,,,,,,,,,,,,,,,,,,,,,,,,,,,,,,,,,,,,,,,,,,,,,,,,,,,,,,,,,,,,,,,,,,,,,,,,,,,
MPARF:IS,(                ),A,81,98,101,77,75,76,78,100,96,78,85,79,80,80,79,77,100,76,79,81,80,88,80,81,80,79,79,79,80,79,80,80,79,98,81,80,76,78,81,80,79,79,80,79,114,78,78,76,107,107,136,110,,,,,,,,,,,,,,,,,,,,,,,,,,,,,,,,,,,,,,,,,,,,,,,,,,,,,,,,,,,,,,,,,,,,,,,,,,,,,,,,,,,,,,,,,,,,
MPARF:IT,(                ),A,138,157,160,138,131,135,134,154,152,131,139,134,133,131,133,132,155,131,132,133,131,139,132,133,129,129,130,130,131,130,131,129,129,148,131,130,128,133,134,134,132,135,136,136,170,132,133,136,167,160,192,162,,,,,,,,,,,,,,,,,,,,,,,,,,,,,,,,,,,,,,,,,,,,,,,,,,,,,,,,,,,,,,,,,,,,,,,,,,,,,,,,,,,,,,,,,,,,
MPARF:KW,(                ),kW,65.9,78.8,78.3,59.7,55.9,58.0,58.1,75.0,72.3,59.3,64.0,61.0,59.6,59.1,59.4,56.8,74.6,55.7,55.1,55.6,55.8,62.1,56.1,55.4,54.8,54.5,55.0,54.4,55.1,54.9,55.5,53.9,53.5,69.4,54.9,54.1,55.2,57.4,60.2,59.9,58.3,59.4,60.1,60.8,87.4,63.6,64.3,64.5,92.3,89.7,109.4,91.4,,,,,,,,,,,,,,,,,,,,,,,,,,,,,,,,,,,,,,,,,,,,,,,,,,,,,,,,,,,,,,,,,,,,,,,,,,,,,,,,,,,,,,,,,,,,
MPARF:KWH,(                ),,5870420,5870432,5870442,5870453,5870463,5870472,5870483,5870493,5870504,5870513,5870524,5870533,5870545,5870555,5870565,5870574,5870582,5870593,5870602,5870612,5870622,5870631,5870640,5870650,5870659,5870668,5870678,5870686,5870696,5870706,5870715,5870724,5870734,5870743,5870752,5870761,5870770,5870780,5870788,5870799,5870809,5870820,5870829,5870839,5870850,5870862,5870874,5870885,5870898,5870913,5870930,5870938,,,,,,,,,,,,,,,,,,,,,,,,,,,,,,,,,,,,,,,,,,,,,,,,,,,,,,,,,,,,,,,,,,,,,,,,,,,,,,,,,,,,,,,,,,,,
MPARF:PF,(                ),, -0.91, -0.93, -0.91, -0.85, -0.83, -0.84, -0.84, -0.89, -0.88, -0.86, -0.87, -0.86, -0.85, -0.85, -0.85, -0.82, -0.89, -0.82, -0.80, -0.80, -0.81, -0.83, -0.80, -0.79, -0.80, -0.80, -0.80, -0.79, -0.80, -0.80, -0.80, -0.79, -0.78, -0.85, -0.79, -0.79, -0.82, -0.83, -0.85, -0.85, -0.84, -0.85, -0.86, -0.86, -0.92, -0.91, -0.91, -0.90, -0.98,0.97,0.98,0.97,,,,,,,,,,,,,,,,,,,,,,,,,,,,,,,,,,,,,,,,,,,,,,,,,,,,,,,,,,,,,,,,,,,,,,,,,,,,,,,,,,,,,,,,,,,,
MPARF:VRS,(                ),V,377.5,377.2,377.8,377.9,378.1,378.4,378.3,378.1,378.8,379.6,379.2,379.6,379.7,379.8,379.4,380.1,380.4,380.0,380.2,380.4,380.6,380.9,381.0,381.0,381.4,381.8,381.9,382.1,382.0,381.9,381.5,381.7,381.2,381.7,380.9,381.1,380.4,380.2,380.0,379.3,378.5,378.4,376.9,377.1,384.4,382.2,381.7,380.9,378.2,378.1,376.8,377.4,,,,,,,,,,,,,,,,,,,,,,,,,,,,,,,,,,,,,,,,,,,,,,,,,,,,,,,,,,,,,,,,,,,,,,,,,,,,,,,,,,,,,,,,,,,,
MPARF:VST,(                ),V,377.9,377.7,378.3,378.6,378.5,378.8,378.8,378.6,379.3,380.0,379.9,380.1,380.0,380.1,379.8,380.4,380.6,380.4,380.6,380.7,381.0,381.2,381.5,381.2,381.7,382.2,382.3,382.4,382.4,382.3,381.9,382.1,381.4,382.1,381.3,381.6,380.8,380.5,380.5,379.6,378.6,378.9,377.4,377.8,384.7,382.8,382.2,381.4,378.2,378.2,377.0,377.4,,,,,,,,,,,,,,,,,,,,,,,,,,,,,,,,,,,,,,,,,,,,,,,,,,,,,,,,,,,,,,,,,,,,,,,,,,,,,,,,,,,,,,,,,,,,
MPARF:VTR,(                ),V,377.6,377.4,377.8,378.0,378.1,378.3,378.3,378.0,378.8,379.5,379.4,379.8,379.8,379.9,379.5,380.1,380.2,379.9,380.3,380.4,380.7,380.8,381.0,380.8,381.3,381.7,381.9,382.1,382.0,381.8,381.5,381.7,381.0,381.6,380.8,381.2,380.5,380.0,380.0,379.5,378.5,378.4,377.1,377.2,384.8,382.3,381.9,381.0,378.3,378.4,377.0,377.5,,,,,,,,,,,,,,,,,,,,,,,,,,,,,,,,,,,,,,,,,,,,,,,,,,,,,,,,,,,,,,,,,,,,,,,,,,,,,,,,,,,,,,,,,,,,
MGCBB.KWH,(度數            ),,137.180,137.180,137.181,137.181,137.181,137.181,137.181,137.181,137.181,137.181,137.181,137.182,137.182,137.182,137.182,137.182,137.182,137.182,137.182,137.182,137.182,137.183,137.183,137.183,137.183,137.183,137.183,137.183,137.183,137.183,137.183,137.183,137.184,137.184,137.184,137.184,137.184,137.184,137.184,137.184,137.184,137.184,137.184,137.185,137.185,137.185,137.185,137.185,137.185,137.185,137.185,137.186,,,,,,,,,,,,,,,,,,,,,,,,,,,,,,,,,,,,,,,,,,,,,,,,,,,,,,,,,,,,,,,,,,,,,,,,,,,,,,,,,,,,,,,,,,,,
MGCBB:F,(                ),Hz,60,60,60,60,60,60,60,60,60,60,60,60,60,60,60,60,60,60,60,60,60,60,60,60,60,60,60,60,60,60,60,60,60,60,60,60,60,60,60,60,60,60,60,60,60,60,60,60,60,60,60,60,,,,,,,,,,,,,,,,,,,,,,,,,,,,,,,,,,,,,,,,,,,,,,,,,,,,,,,,,,,,,,,,,,,,,,,,,,,,,,,,,,,,,,,,,,,,
MGCBB:I1,(                ),A,18.9,19.2,18.2,16.9,16.2,15.6,16.3,15.3,14.4,15.3,16.9,16.3,14.7,16.0,15.3,15.6,16.7,15.5,14.6,15.3,15.2,14.7,14.5,14.3,14.5,13.6,13.2,13.4,13.1,12.6,13.3,13.3,13.1,13.4,13.0,13.2,15.9,17.1,16.3,15.4,14.8,13.6,13.7,15.6,15.8,15.9,20.2,18.8,19.7,20.0,21.6,25.2,,,,,,,,,,,,,,,,,,,,,,,,,,,,,,,,,,,,,,,,,,,,,,,,,,,,,,,,,,,,,,,,,,,,,,,,,,,,,,,,,,,,,,,,,,,,
MGCBB:I2,(                ),A,19.2,19.6,19.0,17.3,16.9,15.8,16.5,16.0,14.9,15.3,17.8,17.4,14.8,16.2,16.0,15.3,16.7,15.5,15.1,15.6,15.8,14.9,14.7,14.5,14.0,13.8,13.2,12.8,12.9,12.6,13.0,13.2,12.6,13.1,12.7,13.1,16.0,17.1,16.3,15.0,15.2,13.7,13.6,16.2,16.1,15.8,20.6,19.4,19.5,19.9,21.1,25.6,,,,,,,,,,,,,,,,,,,,,,,,,,,,,,,,,,,,,,,,,,,,,,,,,,,,,,,,,,,,,,,,,,,,,,,,,,,,,,,,,,,,,,,,,,,,
MGCBB:I3,(                ),A,20.3,19.9,19.4,18.0,17.2,16.3,17.0,16.2,15.4,16.0,18.4,17.8,15.8,16.9,16.6,16.0,17.4,15.8,15.7,16.1,16.6,15.0,15.4,14.9,15.3,14.2,14.1,14.4,13.8,13.2,13.8,13.6,14.0,13.7,14.1,14.2,16.8,17.6,16.9,16.1,15.9,14.6,14.7,16.1,17.0,16.6,21.1,19.7,20.7,20.9,21.7,26.4,,,,,,,,,,,,,,,,,,,,,,,,,,,,,,,,,,,,,,,,,,,,,,,,,,,,,,,,,,,,,,,,,,,,,,,,,,,,,,,,,,,,,,,,,,,,
MGCBB:KW,(                ),kW,757.6,767.1,736.8,676.9,650.6,614.8,643.4,613.7,578.4,601.8,693.9,674.6,584.0,635.3,622.3,604.1,663.9,606.6,587.5,606.2,618.1,575.5,572.9,561.7,566.2,540.7,517.9,519.7,510.4,491.4,514.7,519.9,511.4,516.4,509.3,520.9,634.5,681.0,653.9,606.5,596.1,540.9,536.0,621.3,644.5,634.1,825.1,772.7,790.8,796.7,850.5,1012.1,,,,,,,,,,,,,,,,,,,,,,,,,,,,,,,,,,,,,,,,,,,,,,,,,,,,,,,,,,,,,,,,,,,,,,,,,,,,,,,,,,,,,,,,,,,,
MGCBB:PF,(                ),,0.97,0.97,0.97,0.97,0.96,0.96,0.96,0.96,0.97,0.95,0.97,0.97,0.96,0.96,0.96,0.96,0.97,0.96,0.95,0.95,0.96,0.95,0.95,0.95,0.95,0.95,0.94,0.94,0.94,0.94,0.95,0.96,0.95,0.95,0.95,0.95,0.96,0.97,0.98,0.96,0.97,0.96,0.95,0.97,0.96,0.97,0.98,0.98,0.98,0.97,0.98,0.97,,,,,,,,,,,,,,,,,,,,,,,,,,,,,,,,,,,,,,,,,,,,,,,,,,,,,,,,,,,,,,,,,,,,,,,,,,,,,,,,,,,,,,,,,,,,
MGCBB:V12,(                ),kV,23.3,23.3,23.3,23.3,23.3,23.3,23.3,23.3,23.3,23.4,23.4,23.4,23.4,23.4,23.4,23.4,23.4,23.4,23.4,23.4,23.4,23.4,23.5,23.4,23.5,23.5,23.5,23.5,23.5,23.5,23.5,23.5,23.4,23.5,23.5,23.5,23.4,23.4,23.4,23.4,23.3,23.3,23.2,23.2,23.7,23.6,23.5,23.5,23.3,23.3,23.3,23.3,,,,,,,,,,,,,,,,,,,,,,,,,,,,,,,,,,,,,,,,,,,,,,,,,,,,,,,,,,,,,,,,,,,,,,,,,,,,,,,,,,,,,,,,,,,,
MGCBB:V23,(                ),kV,23.3,23.3,23.3,23.3,23.3,23.3,23.3,23.3,23.4,23.4,23.4,23.4,23.4,23.4,23.4,23.5,23.5,23.5,23.5,23.5,23.5,23.5,23.5,23.5,23.5,23.6,23.6,23.6,23.6,23.6,23.6,23.6,23.5,23.6,23.5,23.5,23.5,23.5,23.4,23.4,23.4,23.4,23.3,23.3,23.8,23.6,23.6,23.5,23.4,23.4,23.4,23.4,,,,,,,,,,,,,,,,,,,,,,,,,,,,,,,,,,,,,,,,,,,,,,,,,,,,,,,,,,,,,,,,,,,,,,,,,,,,,,,,,,,,,,,,,,,,
MGCBB:V31,(                ),kV,23.3,23.3,23.3,23.3,23.3,23.3,23.3,23.3,23.4,23.4,23.4,23.4,23.4,23.4,23.4,23.4,23.4,23.4,23.4,23.4,23.4,23.5,23.5,23.5,23.5,23.5,23.5,23.5,23.5,23.5,23.5,23.5,23.5,23.5,23.5,23.5,23.4,23.4,23.4,23.4,23.3,23.3,23.2,23.2,23.7,23.6,23.5,23.5,23.3,23.3,23.3,23.3,,,,,,,,,,,,,,,,,,,,,,,,,,,,,,,,,,,,,,,,,,,,,,,,,,,,,,,,,,,,,,,,,,,,,,,,,,,,,,,,,,,,,,,,,,,,
MLB1-1:HZ,(                ),Hz,60,59,59,60,60,59,59,59,60,60,59,59,59,59,59,59,60,59,59,59,60,60,60,60,60,60,60,60,60,60,59,59,59,60,59,59,59,60,59,59,59,59,59,60,59,60,60,60,59,59,59,60,,,,,,,,,,,,,,,,,,,,,,,,,,,,,,,,,,,,,,,,,,,,,,,,,,,,,,,,,,,,,,,,,,,,,,,,,,,,,,,,,,,,,,,,,,,,
MLB1-1:IR,(                ),A,586,575,576,542,489,448,508,459,440,445,568,510,435,522,489,449,502,426,416,488,447,431,467,419,465,389,410,410,372,359,337,310,356,342,356,357,498,542,533,475,455,364,385,483,510,510,779,665,649,650,729,714,,,,,,,,,,,,,,,,,,,,,,,,,,,,,,,,,,,,,,,,,,,,,,,,,,,,,,,,,,,,,,,,,,,,,,,,,,,,,,,,,,,,,,,,,,,,
MLB1-1:IS,(                ),A,542,611,572,514,458,444,495,434,411,427,561,516,390,454,462,449,495,424,426,475,414,421,426,430,401,376,332,353,347,344,311,304,284,324,309,310,479,561,553,438,426,353,324,498,488,470,783,700,628,625,723,741,,,,,,,,,,,,,,,,,,,,,,,,,,,,,,,,,,,,,,,,,,,,,,,,,,,,,,,,,,,,,,,,,,,,,,,,,,,,,,,,,,,,,,,,,,,,
MLB1-1:IT,(                ),A,530,575,536,493,463,427,438,424,408,394,579,521,395,456,456,409,462,394,417,470,407,390,423,409,412,361,357,368,331,345,301,301,314,310,298,285,467,538,521,450,399,356,313,472,475,480,773,671,624,628,704,735,,,,,,,,,,,,,,,,,,,,,,,,,,,,,,,,,,,,,,,,,,,,,,,,,,,,,,,,,,,,,,,,,,,,,,,,,,,,,,,,,,,,,,,,,,,,
MLB1-1:KW,(                ),kW,347.6,372.5,355.8,324.2,293.7,272.9,296.7,271.9,258.1,257.0,360.9,326.0,247.2,296.3,289.1,266.4,300.6,253.7,255.3,295.3,257.5,253.2,267.6,254.6,257.8,228.4,219.1,223.2,210.3,208.6,192.9,184.7,192.6,194.4,192.3,192.0,305.3,353.0,345.9,288.3,269.7,222.3,204.3,303.7,311.9,305.9,508.2,442.1,406.3,404.7,460.6,465.1,,,,,,,,,,,,,,,,,,,,,,,,,,,,,,,,,,,,,,,,,,,,,,,,,,,,,,,,,,,,,,,,,,,,,,,,,,,,,,,,,,,,,,,,,,,,
MLB1-1:KWH,(                ),,33197966,33198026,33198080,33198142,33198194,33198240,33198290,33198336,33198382,33198424,33198474,33198524,33198576,33198618,33198660,33198710,33198744,33198802,33198842,33198890,33198930,33198976,33199020,33199066,33199114,33199156,33199198,33199234,33199274,33199314,33199344,33199376,33199408,33199440,33199476,33199506,33199540,33199596,33199648,33199704,33199752,33199794,33199828,33199866,33199924,33199978,33200056,33200130,33200196,33200264,33200342,33200372,,,,,,,,,,,,,,,,,,,,,,,,,,,,,,,,,,,,,,,,,,,,,,,,,,,,,,,,,,,,,,,,,,,,,,,,,,,,,,,,,,,,,,,,,,,,
MLB1-1:PF,(                ),,0.96,0.97,0.97,0.96,0.96,0.95,0.95,0.95,0.94,0.93,0.97,0.96,0.93,0.95,0.94,0.93,0.94,0.93,0.93,0.94,0.93,0.93,0.93,0.92,0.92,0.92,0.91,0.90,0.91,0.91,0.92,0.92,0.92,0.91,0.91,0.92,0.97,0.98,0.98,0.97,0.97,0.94,0.92,0.96,0.96,0.95,0.99,0.99,0.98,0.97,0.98,0.98,,,,,,,,,,,,,,,,,,,,,,,,,,,,,,,,,,,,,,,,,,,,,,,,,,,,,,,,,,,,,,,,,,,,,,,,,,,,,,,,,,,,,,,,,,,,
MLB1-1:VRS,(                ),V,376.0,376.3,376.6,376.5,376.5,376.8,376.8,376.7,377.7,377.8,378.2,378.3,378.1,378.0,378.0,378.5,378.8,379.1,378.9,378.7,379.0,379.7,379.0,379.3,379.7,380.6,380.4,380.5,380.6,380.3,380.7,380.5,380.0,380.3,379.9,379.6,378.7,378.9,378.9,378.3,376.7,377.6,376.1,375.9,383.0,381.1,380.5,379.6,376.6,377.1,376.1,376.0,,,,,,,,,,,,,,,,,,,,,,,,,,,,,,,,,,,,,,,,,,,,,,,,,,,,,,,,,,,,,,,,,,,,,,,,,,,,,,,,,,,,,,,,,,,,
MLB1-1:VST,(                ),V,376.7,376.8,377.0,376.8,377.0,377.2,377.0,377.0,378.0,377.9,378.5,378.6,378.6,378.8,378.5,378.9,379.2,379.2,379.2,379.0,379.5,379.8,379.5,379.5,380.1,380.8,381.0,381.1,380.8,380.4,381.1,380.7,380.4,380.6,380.2,380.2,379.2,379.2,379.1,379.0,377.5,377.9,376.7,376.1,383.9,381.7,381.1,380.0,377.7,378.4,377.1,376.9,,,,,,,,,,,,,,,,,,,,,,,,,,,,,,,,,,,,,,,,,,,,,,,,,,,,,,,,,,,,,,,,,,,,,,,,,,,,,,,,,,,,,,,,,,,,
MLB1-1:VTR,(                ),V,377.0,377.1,377.4,377.3,377.5,377.8,377.7,377.5,378.3,378.5,378.6,378.8,379.0,379.1,378.8,379.4,379.8,379.7,379.4,379.4,379.8,380.4,380.0,380.0,380.5,381.2,381.1,381.2,381.3,380.9,381.5,381.2,380.8,381.0,380.5,380.5,379.5,379.7,379.5,379.2,377.9,378.0,376.9,376.4,384.0,381.8,381.2,380.3,377.9,378.3,377.1,376.8,,,,,,,,,,,,,,,,,,,,,,,,,,,,,,,,,,,,,,,,,,,,,,,,,,,,,,,,,,,,,,,,,,,,,,,,,,,,,,,,,,,,,,,,,,,,
MLB2-1:HZ,(                ),Hz,60,59,59,60,60,59,59,59,60,60,59,59,59,59,59,59,60,59,59,59,60,60,60,60,60,60,60,60,60,60,59,59,59,60,59,59,59,60,59,59,59,59,59,60,60,60,60,60,59,59,59,60,,,,,,,,,,,,,,,,,,,,,,,,,,,,,,,,,,,,,,,,,,,,,,,,,,,,,,,,,,,,,,,,,,,,,,,,,,,,,,,,,,,,,,,,,,,,
MLB2-1:IR,(                ),A,94,96,88,97,102,98,104,95,100,105,95,104,99,105,99,104,94,97,105,97,104,97,98,98,108,102,101,94,101,96,103,102,111,103,101,97,101,111,95,102,99,96,102,102,100,95,97,97,93,99,110,99,,,,,,,,,,,,,,,,,,,,,,,,,,,,,,,,,,,,,,,,,,,,,,,,,,,,,,,,,,,,,,,,,,,,,,,,,,,,,,,,,,,,,,,,,,,,
MLB2-1:IS,(                ),A,73,71,70,72,73,75,75,67,71,75,75,75,78,73,74,74,70,77,76,75,78,71,74,72,74,74,73,71,70,72,79,76,83,73,74,69,78,74,71,77,71,74,80,72,81,66,80,69,68,69,72,72,,,,,,,,,,,,,,,,,,,,,,,,,,,,,,,,,,,,,,,,,,,,,,,,,,,,,,,,,,,,,,,,,,,,,,,,,,,,,,,,,,,,,,,,,,,,
MLB2-1:IT,(                ),A,104,94,102,97,108,104,107,102,102,108,100,109,102,105,100,99,92,96,105,97,102,95,102,101,98,99,100,91,98,96,105,102,106,101,99,100,99,99,95,97,115,90,95,95,100,87,92,88,89,90,92,94,,,,,,,,,,,,,,,,,,,,,,,,,,,,,,,,,,,,,,,,,,,,,,,,,,,,,,,,,,,,,,,,,,,,,,,,,,,,,,,,,,,,,,,,,,,,
MLB2-1:KW,(                ),kW,54.1,51.4,50.4,52.0,57.3,55.5,56.8,51.3,53.2,57.9,53.6,58.1,54.3,55.1,52.5,52.8,47.3,51.5,55.4,51.9,56.2,50.6,52.9,53.4,54.2,53.8,53.9,47.9,51.4,50.7,56.3,53.6,59.6,54.5,53.3,50.8,54.1,56.2,49.1,53.8,55.0,49.0,55.4,53.5,57.8,49.4,54.8,51.2,49.1,52.0,55.1,52.3,,,,,,,,,,,,,,,,,,,,,,,,,,,,,,,,,,,,,,,,,,,,,,,,,,,,,,,,,,,,,,,,,,,,,,,,,,,,,,,,,,,,,,,,,,,,
MLB2-1:KWH,(                ),,16764607,16764614,16764622,16764631,16764641,16764650,16764658,16764667,16764677,16764686,16764695,16764703,16764713,16764722,16764733,16764741,16764748,16764758,16764768,16764777,16764784,16764793,16764801,16764811,16764821,16764828,16764837,16764844,16764855,16764864,16764872,16764881,16764890,16764899,16764908,16764916,16764925,16764934,16764943,16764951,16764960,16764969,16764977,16764985,16764994,16765003,16765012,16765021,16765030,16765038,16765047,16765051,,,,,,,,,,,,,,,,,,,,,,,,,,,,,,,,,,,,,,,,,,,,,,,,,,,,,,,,,,,,,,,,,,,,,,,,,,,,,,,,,,,,,,,,,,,,
MLB2-1:PF,(                ),, -0.91, -0.90, -0.89, -0.89, -0.93, -0.92, -0.91, -0.89, -0.89, -0.92, -0.90, -0.92, -0.89, -0.89, -0.88, -0.87, -0.84, -0.87, -0.88, -0.88, -0.90, -0.87, -0.88, -0.89, -0.88, -0.89, -0.89, -0.85, -0.87, -0.87, -0.89, -0.87, -0.90, -0.89, -0.88, -0.87, -0.89, -0.90, -0.86, -0.89, -0.89, -0.86, -0.92, -0.91, -0.93, -0.90, -0.92, -0.91, -0.90, -0.92, -0.92, -0.90,,,,,,,,,,,,,,,,,,,,,,,,,,,,,,,,,,,,,,,,,,,,,,,,,,,,,,,,,,,,,,,,,,,,,,,,,,,,,,,,,,,,,,,,,,,,
MLB2-1:VRS,(                ),V,377.9,377.9,378.2,378.2,377.9,378.3,378.4,378.3,379.1,379.3,380.1,379.9,379.7,379.9,379.6,380.0,380.6,380.6,380.4,380.3,380.5,381.1,380.8,380.9,381.6,381.7,382.0,382.2,381.9,381.7,381.8,381.7,381.4,381.5,381.4,381.0,380.2,380.3,380.2,379.6,378.2,378.8,377.5,377.4,384.5,382.9,382.3,381.2,378.3,379.0,377.8,377.9,,,,,,,,,,,,,,,,,,,,,,,,,,,,,,,,,,,,,,,,,,,,,,,,,,,,,,,,,,,,,,,,,,,,,,,,,,,,,,,,,,,,,,,,,,,,
MLB2-1:VST,(                ),V,378.4,378.5,378.6,378.5,378.4,378.7,378.8,378.7,379.5,379.5,380.4,380.4,380.2,380.6,380.2,380.6,381.2,381.0,381.0,380.7,381.0,381.4,381.2,381.2,382.0,382.1,382.5,382.6,382.3,382.1,382.3,382.1,381.8,381.9,381.7,381.6,380.8,380.7,380.6,380.3,379.1,379.2,377.7,377.7,385.3,383.4,382.8,381.7,379.4,380.2,378.8,378.9,,,,,,,,,,,,,,,,,,,,,,,,,,,,,,,,,,,,,,,,,,,,,,,,,,,,,,,,,,,,,,,,,,,,,,,,,,,,,,,,,,,,,,,,,,,,
MLB2-1:VTR,(                ),V,378.5,378.7,378.7,378.7,378.6,379.0,379.1,379.0,379.8,379.9,380.5,380.5,380.4,380.6,380.3,380.9,381.5,381.3,381.1,380.9,381.2,381.8,381.5,381.6,382.2,382.4,382.8,382.9,382.5,382.4,382.5,382.3,382.3,382.2,381.8,381.7,380.9,381.1,380.8,380.5,379.1,379.5,377.8,377.8,385.3,383.4,382.9,381.8,379.5,380.0,378.9,378.8,,,,,,,,,,,,,,,,,,,,,,,,,,,,,,,,,,,,,,,,,,,,,,,,,,,,,,,,,,,,,,,,,,,,,,,,,,,,,,,,,,,,,,,,,,,,
MLB3-1:HZ,(                ),Hz,59,59,59,60,60,59,59,59,60,60,59,59,59,59,59,59,60,59,59,59,60,60,60,60,60,60,60,60,60,60,59,59,59,60,59,59,59,60,59,59,59,59,59,60,60,59,60,60,59,59,59,60,,,,,,,,,,,,,,,,,,,,,,,,,,,,,,,,,,,,,,,,,,,,,,,,,,,,,,,,,,,,,,,,,,,,,,,,,,,,,,,,,,,,,,,,,,,,
MLB3-1:IR,(                ),A,325,304,282,241,224,226,221,209,200,235,206,224,227,200,207,239,226,219,207,214,225,215,189,200,238,202,194,261,233,196,245,257,237,242,243,244,245,244,248,278,248,250,244,211,228,229,200,206,320,305,303,319,,,,,,,,,,,,,,,,,,,,,,,,,,,,,,,,,,,,,,,,,,,,,,,,,,,,,,,,,,,,,,,,,,,,,,,,,,,,,,,,,,,,,,,,,,,,
MLB3-1:IS,(                ),A,301,302,273,233,233,230,228,253,236,231,216,236,217,222,219,234,221,240,222,228,231,220,213,222,214,201,219,209,223,211,250,247,238,255,239,256,245,226,234,237,254,241,240,241,229,241,223,222,254,279,292,260,,,,,,,,,,,,,,,,,,,,,,,,,,,,,,,,,,,,,,,,,,,,,,,,,,,,,,,,,,,,,,,,,,,,,,,,,,,,,,,,,,,,,,,,,,,,
MLB3-1:IT,(                ),A,362,325,342,301,280,260,267,271,258,268,243,277,265,258,258,239,252,284,274,243,265,241,242,241,234,229,224,239,231,224,256,273,221,234,277,281,259,240,236,237,290,277,276,248,254,238,224,227,302,287,239,275,,,,,,,,,,,,,,,,,,,,,,,,,,,,,,,,,,,,,,,,,,,,,,,,,,,,,,,,,,,,,,,,,,,,,,,,,,,,,,,,,,,,,,,,,,,,
MLB3-1:KW,(                ),kW,206.5,195.2,188.6,158.0,152.0,148.5,148.0,151.2,144.6,152.7,138.5,155.3,148.4,142.3,143.7,149.4,147.1,156.7,147.2,143.2,152.2,142.6,135.4,139.2,144.2,133.0,133.5,149.1,143.7,132.2,156.9,163.8,145.9,154.6,159.0,166.0,156.3,146.8,150.1,156.4,164.7,159.6,157.0,145.8,150.3,150.3,136.8,138.7,184.0,183.8,175.2,179.3,,,,,,,,,,,,,,,,,,,,,,,,,,,,,,,,,,,,,,,,,,,,,,,,,,,,,,,,,,,,,,,,,,,,,,,,,,,,,,,,,,,,,,,,,,,,
MLB3-1:KWH,(                ),,27938416,27938448,27938478,27938510,27938530,27938556,27938582,27938608,27938634,27938656,27938684,27938702,27938730,27938754,27938780,27938804,27938824,27938856,27938876,27938902,27938924,27938950,27938972,27938996,27939024,27939044,27939066,27939088,27939116,27939140,27939162,27939192,27939216,27939240,27939266,27939290,27939318,27939344,27939368,27939392,27939418,27939448,27939470,27939492,27939520,27939546,27939570,27939594,27939622,27939648,27939680,27939694,,,,,,,,,,,,,,,,,,,,,,,,,,,,,,,,,,,,,,,,,,,,,,,,,,,,,,,,,,,,,,,,,,,,,,,,,,,,,,,,,,,,,,,,,,,,
MLB3-1:PF,(                ),,0.96,0.96,0.96,0.95,0.95,0.95,0.95,0.95,0.95,0.95,0.95,0.96,0.96,0.96,0.96,0.96,0.96,0.96,0.95,0.95,0.96,0.96,0.96,0.96,0.96,0.96,0.95,0.95,0.95,0.95,0.95,0.96,0.95,0.96,0.95,0.95,0.95,0.94,0.95,0.95,0.95,0.95,0.95,0.96,0.95,0.96,0.96,0.96,0.96,0.96,0.96,0.96,,,,,,,,,,,,,,,,,,,,,,,,,,,,,,,,,,,,,,,,,,,,,,,,,,,,,,,,,,,,,,,,,,,,,,,,,,,,,,,,,,,,,,,,,,,,
MLB3-1:VRS,(                ),V,376.7,377.0,377.3,377.4,377.2,377.6,377.7,377.6,378.5,378.5,379.3,379.3,379.0,379.2,379.1,379.3,379.8,379.9,379.7,379.7,379.9,380.5,380.2,380.2,380.8,381.0,381.4,381.3,381.1,381.1,381.0,380.9,380.7,380.8,380.3,380.2,379.4,379.6,379.4,378.7,377.4,377.9,376.4,376.7,383.6,382.2,381.5,380.4,377.6,378.0,377.0,376.9,,,,,,,,,,,,,,,,,,,,,,,,,,,,,,,,,,,,,,,,,,,,,,,,,,,,,,,,,,,,,,,,,,,,,,,,,,,,,,,,,,,,,,,,,,,,
MLB3-1:VST,(                ),V,377.4,377.6,377.7,377.7,377.7,378.0,377.9,377.7,378.7,378.6,379.6,379.7,379.5,379.8,379.6,379.8,380.3,380.1,380.2,379.9,380.2,380.8,380.5,380.5,381.3,381.4,381.8,382.0,381.5,381.4,381.4,381.3,381.1,381.1,380.6,380.7,379.9,380.0,379.8,379.5,378.1,378.5,376.9,376.9,384.4,382.6,382.0,380.8,378.9,379.3,377.9,378.0,,,,,,,,,,,,,,,,,,,,,,,,,,,,,,,,,,,,,,,,,,,,,,,,,,,,,,,,,,,,,,,,,,,,,,,,,,,,,,,,,,,,,,,,,,,,
MLB3-1:VTR,(                ),V,377.0,377.4,377.4,377.4,377.5,378.0,377.9,377.7,378.8,378.7,379.4,379.4,379.3,379.5,379.2,379.9,380.3,380.1,380.0,380.0,380.2,380.9,380.6,380.7,381.4,381.4,381.9,382.0,381.6,381.5,381.6,381.3,381.5,381.3,380.5,380.5,379.8,380.1,379.9,379.6,377.9,378.2,376.7,376.8,384.1,382.6,382.0,380.8,378.7,379.0,378.0,377.8,,,,,,,,,,,,,,,,,,,,,,,,,,,,,,,,,,,,,,,,,,,,,,,,,,,,,,,,,,,,,,,,,,,,,,,,,,,,,,,,,,,,,,,,,,,,
MLB4-1:HZ,(                ),Hz,59,59,59,60,60,59,59,59,60,60,59,59,59,59,59,59,60,59,59,59,60,60,60,60,60,60,60,60,60,60,59,59,59,60,59,59,59,60,59,59,59,59,59,60,60,59,60,60,59,59,59,60,,,,,,,,,,,,,,,,,,,,,,,,,,,,,,,,,,,,,,,,,,,,,,,,,,,,,,,,,,,,,,,,,,,,,,,,,,,,,,,,,,,,,,,,,,,,
MLB4-1:IR,(                ),A,187,173,175,189,172,170,170,160,158,161,176,159,166,162,162,158,202,190,179,124,138,147,149,135,123,152,141,138,120,139,138,135,134,129,126,140,158,153,139,139,129,143,149,132,151,144,158,167,184,187,177,405,,,,,,,,,,,,,,,,,,,,,,,,,,,,,,,,,,,,,,,,,,,,,,,,,,,,,,,,,,,,,,,,,,,,,,,,,,,,,,,,,,,,,,,,,,,,
MLB4-1:IS,(                ),A,176,190,172,169,186,178,184,178,148,163,167,157,155,179,149,170,208,180,146,141,129,175,131,132,115,158,139,122,120,112,129,156,119,133,116,128,134,157,127,122,114,124,133,137,135,175,139,157,183,175,198,383,,,,,,,,,,,,,,,,,,,,,,,,,,,,,,,,,,,,,,,,,,,,,,,,,,,,,,,,,,,,,,,,,,,,,,,,,,,,,,,,,,,,,,,,,,,,
MLB4-1:IT,(                ),A,189,200,197,185,188,180,186,181,170,163,181,174,173,188,182,168,215,173,154,150,157,155,145,133,131,158,140,118,128,113,130,138,144,144,125,153,152,143,133,133,126,140,154,162,162,159,163,176,193,197,183,389,,,,,,,,,,,,,,,,,,,,,,,,,,,,,,,,,,,,,,,,,,,,,,,,,,,,,,,,,,,,,,,,,,,,,,,,,,,,,,,,,,,,,,,,,,,,
MLB4-1:KW,(                ),kW,110.8,113.4,108.5,108.0,109.5,105.3,110.0,106.0,98.5,99.0,106.1,100.2,101.3,107.7,102.1,102.3,133.0,111.4,98.0,82.0,84.3,96.5,83.0,78.7,73.3,92.4,82.1,74.8,72.9,71.5,77.7,87.5,80.5,80.8,72.6,83.2,86.4,89.8,78.3,76.6,71.4,81.1,87.5,86.4,91.8,99.0,90.7,101.1,115.0,114.2,117.8,237.9,,,,,,,,,,,,,,,,,,,,,,,,,,,,,,,,,,,,,,,,,,,,,,,,,,,,,,,,,,,,,,,,,,,,,,,,,,,,,,,,,,,,,,,,,,,,
MLB4-1:KWH,(                ),,22576468,22576490,22576506,22576524,22576542,22576560,22576576,22576596,22576612,22576628,22576644,22576660,22576682,22576696,22576714,22576732,22576746,22576768,22576784,22576800,22576814,22576828,22576842,22576856,22576870,22576882,22576898,22576910,22576924,22576938,22576950,22576964,22576978,22576992,22577004,22577018,22577032,22577046,22577058,22577072,22577084,22577098,22577112,22577126,22577142,22577158,22577176,22577190,22577210,22577228,22577250,22577264,,,,,,,,,,,,,,,,,,,,,,,,,,,,,,,,,,,,,,,,,,,,,,,,,,,,,,,,,,,,,,,,,,,,,,,,,,,,,,,,,,,,,,,,,,,,
MLB4-1:PF,(                ),,0.92,0.93,0.92,0.91,0.92,0.92,0.93,0.94,0.95,0.93,0.92,0.93,0.94,0.93,0.95,0.94,0.97,0.94,0.94,0.90,0.91,0.92,0.90,0.90,0.90,0.90,0.89,0.90,0.90,0.89,0.89,0.93,0.92,0.91,0.90,0.90,0.89,0.91,0.90,0.89,0.91,0.91,0.92,0.92,0.92,0.94,0.90,0.92,0.94,0.94,0.96,0.93,,,,,,,,,,,,,,,,,,,,,,,,,,,,,,,,,,,,,,,,,,,,,,,,,,,,,,,,,,,,,,,,,,,,,,,,,,,,,,,,,,,,,,,,,,,,
MLB4-1:VRS,(                ),V,376.5,376.7,376.9,376.8,377.0,377.1,377.4,377.2,378.1,378.1,378.8,379.0,378.5,378.8,378.5,378.9,379.4,379.4,379.3,379.3,379.4,380.1,379.8,379.9,380.6,380.7,380.8,381.0,380.9,380.7,380.6,380.6,380.4,380.5,380.0,379.9,379.1,379.3,379.1,378.5,377.2,377.8,376.2,376.2,383.4,381.9,380.9,380.0,377.7,377.8,376.8,376.1,,,,,,,,,,,,,,,,,,,,,,,,,,,,,,,,,,,,,,,,,,,,,,,,,,,,,,,,,,,,,,,,,,,,,,,,,,,,,,,,,,,,,,,,,,,,
MLB4-1:VST,(                ),V,376.9,377.1,377.1,377.0,377.2,377.3,377.4,377.2,378.3,378.0,379.0,379.2,378.9,379.1,378.9,379.3,379.7,379.5,379.7,379.3,379.8,380.2,380.1,380.1,380.8,380.7,381.1,381.3,381.1,380.9,380.8,380.8,380.6,380.6,380.2,380.4,379.5,379.4,379.3,379.1,378.1,378.0,376.5,376.4,384.2,382.1,381.4,380.3,378.5,378.8,377.5,377.0,,,,,,,,,,,,,,,,,,,,,,,,,,,,,,,,,,,,,,,,,,,,,,,,,,,,,,,,,,,,,,,,,,,,,,,,,,,,,,,,,,,,,,,,,,,,
MLB4-1:VTR,(                ),V,376.9,377.1,377.2,377.0,377.3,377.6,377.7,377.5,378.5,378.4,379.0,379.2,378.9,379.1,378.9,379.5,379.9,379.8,379.8,379.6,379.8,380.6,380.3,380.5,381.0,381.0,381.3,381.6,381.3,381.3,381.1,381.1,380.9,380.8,380.3,380.3,379.5,379.8,379.6,379.3,378.2,378.1,376.5,376.4,383.9,382.2,381.3,380.3,378.5,378.6,377.4,376.7,,,,,,,,,,,,,,,,,,,,,,,,,,,,,,,,,,,,,,,,,,,,,,,,,,,,,,,,,,,,,,,,,,,,,,,,,,,,,,,,,,,,,,,,,,,,
ACMP-1:HZ,(                ),Hz,59,59,59,60,60,59,59,59,60,60,59,59,59,59,59,59,60,59,59,59,60,60,60,60,60,60,60,60,60,60,59,59,59,60,59,59,59,60,59,59,59,59,59,60,59,60,60,60,59,59,59,60,,,,,,,,,,,,,,,,,,,,,,,,,,,,,,,,,,,,,,,,,,,,,,,,,,,,,,,,,,,,,,,,,,,,,,,,,,,,,,,,,,,,,,,,,,,,
ACMP-1:IR,(                ),A,372.6,391.1,388.1,414.1,397.4,381.3,368.3,347.7,381.3,361.6,349.9,359.4,7.7,7.6,6.9,6.9,6.9,7.6,7.7,6.8,6.8,7.5,7.8,6.9,6.8,7.7,7.8,7.6,6.9,7.8,7.8,7.7,7.1,6.9,7.7,7.8,7.1,7.1,7.1,7.8,71.3,68.5,606.9,591.8,585.0,587.5,593.3,593.7,605.1,553.9,478.1,453.2,,,,,,,,,,,,,,,,,,,,,,,,,,,,,,,,,,,,,,,,,,,,,,,,,,,,,,,,,,,,,,,,,,,,,,,,,,,,,,,,,,,,,,,,,,,,
ACMP-1:IS,(                ),A,364,383,385,415,391,376,365,344,379,360,349,357,10,11,9,9,9,10,11,9,9,11,11,9,9,11,11,11,10,11,11,11,10,9,11,11,9,9,9,11,72,69,597,585,573,584,587,587,592,538,465,442,,,,,,,,,,,,,,,,,,,,,,,,,,,,,,,,,,,,,,,,,,,,,,,,,,,,,,,,,,,,,,,,,,,,,,,,,,,,,,,,,,,,,,,,,,,,
ACMP-1:IT,(                ),A,375,397,396,422,402,384,371,350,384,363,357,366,6,8,6,8,8,6,8,7,7,8,7,6,8,8,6,8,8,6,6,8,8,6,8,8,6,6,8,8,68,66,617,603,590,602,603,604,611,555,478,454,,,,,,,,,,,,,,,,,,,,,,,,,,,,,,,,,,,,,,,,,,,,,,,,,,,,,,,,,,,,,,,,,,,,,,,,,,,,,,,,,,,,,,,,,,,,
ACMP-1:KW,(                ),kW,223.2,236.1,236.4,254.0,240.9,230.4,222.2,207.9,231.3,218.0,212.5,218.2,3.7,4.3,3.0,3.7,3.7,3.7,4.3,3.0,3.0,4.3,3.7,3.0,3.7,4.3,3.6,4.3,3.7,3.7,3.7,4.3,3.7,3.0,4.4,4.4,3.1,3.1,3.7,4.3,30.7,29.2,375.9,366.9,366.6,372.0,372.7,372.1,375.8,340.6,290.5,275.0,,,,,,,,,,,,,,,,,,,,,,,,,,,,,,,,,,,,,,,,,,,,,,,,,,,,,,,,,,,,,,,,,,,,,,,,,,,,,,,,,,,,,,,,,,,,
ACMP-1:KWH,(                ),,12295688,12295738,12295776,12295818,12295856,12295896,12295933,12295971,12296010,12296045,12296085,12296116,12296142,12296143,12296144,12296144,12296145,12296145,12296146,12296147,12296147,12296148,12296149,12296149,12296150,12296150,12296151,12296152,12296152,12296153,12296153,12296154,12296155,12296155,12296156,12296157,12296157,12296158,12296158,12296159,12296161,12296166,12296207,12296261,12296330,12296394,12296459,12296517,12296581,12296641,12296695,12296716,,,,,,,,,,,,,,,,,,,,,,,,,,,,,,,,,,,,,,,,,,,,,,,,,,,,,,,,,,,,,,,,,,,,,,,,,,,,,,,,,,,,,,,,,,,,
ACMP-1:PF,(                ),,0.90,0.91,0.91,0.91,0.91,0.91,0.91,0.90,0.91,0.90,0.90,0.90,0.67,0.73,0.61,0.69,0.68,0.67,0.73,0.61,0.61,0.73,0.67,0.61,0.68,0.72,0.66,0.73,0.68,0.66,0.67,0.73,0.68,0.60,0.73,0.73,0.61,0.61,0.68,0.73,0.65,0.64,0.93,0.93,0.93,0.93,0.93,0.93,0.94,0.93,0.92,0.92,,,,,,,,,,,,,,,,,,,,,,,,,,,,,,,,,,,,,,,,,,,,,,,,,,,,,,,,,,,,,,,,,,,,,,,,,,,,,,,,,,,,,,,,,,,,
ACMP-1:VRS,(                ),V,384.5,384.4,384.5,384.6,384.3,385.5,385.6,384.4,386.1,386.3,386.9,387.0,387.5,387.8,387.5,388.2,388.7,388.3,388.4,388.3,388.5,389.2,388.9,389.0,389.6,389.8,390.1,390.0,389.9,389.7,389.8,389.6,389.6,389.4,388.9,389.1,388.0,388.6,388.1,387.9,386.0,386.3,383.0,382.8,389.9,388.5,388.0,387.0,385.1,385.8,384.7,384.6,,,,,,,,,,,,,,,,,,,,,,,,,,,,,,,,,,,,,,,,,,,,,,,,,,,,,,,,,,,,,,,,,,,,,,,,,,,,,,,,,,,,,,,,,,,,
ACMP-1:VST,(                ),V,385.1,384.5,384.9,384.4,384.6,384.6,385.4,385.5,385.1,385.6,386.6,386.7,387.1,387.5,386.6,387.9,388.0,388.0,388.5,387.5,388.2,388.9,388.0,388.5,389.2,389.7,390.0,389.5,389.2,389.4,388.9,388.9,389.1,389.6,388.8,388.5,387.3,387.5,387.8,387.8,385.6,386.2,381.8,383.5,390.5,389.2,388.4,388.3,384.5,385.6,384.2,384.3,,,,,,,,,,,,,,,,,,,,,,,,,,,,,,,,,,,,,,,,,,,,,,,,,,,,,,,,,,,,,,,,,,,,,,,,,,,,,,,,,,,,,,,,,,,,
ACMP-1:VTR,(                ),V,384.8,384.5,385.1,383.9,384.9,383.8,383.4,386.0,385.9,384.2,385.8,385.7,387.7,388.1,387.6,388.2,388.6,388.3,388.6,388.3,388.5,389.1,388.9,388.9,389.6,389.7,390.2,390.1,390.0,389.7,389.8,389.6,389.5,389.6,389.0,389.2,388.1,388.3,388.1,388.1,386.3,386.4,384.2,383.6,391.1,388.9,388.2,385.1,384.6,383.2,383.8,383.6,,,,,,,,,,,,,,,,,,,,,,,,,,,,,,,,,,,,,,,,,,,,,,,,,,,,,,,,,,,,,,,,,,,,,,,,,,,,,,,,,,,,,,,,,,,,
ACMP-2:HZ,(                ),Hz,59,59,59,59,60,59,59,59,60,60,59,59,59,59,59,59,60,59,59,59,60,60,60,60,60,60,60,60,60,59,59,59,59,60,59,59,59,60,59,59,59,59,59,60,60,59,60,60,59,59,59,60,,,,,,,,,,,,,,,,,,,,,,,,,,,,,,,,,,,,,,,,,,,,,,,,,,,,,,,,,,,,,,,,,,,,,,,,,,,,,,,,,,,,,,,,,,,,
ACMP-2:IR,(                ),A,299,250,249,261,262,260,259,259,262,248,259,257,157,117,117,117,117,116,117,117,117,116,116,116,84,85,85,85,85,85,115,129,129,128,128,129,129,170,169,169,270,270,291,287,281,323,324,322,326,324,223,169,,,,,,,,,,,,,,,,,,,,,,,,,,,,,,,,,,,,,,,,,,,,,,,,,,,,,,,,,,,,,,,,,,,,,,,,,,,,,,,,,,,,,,,,,,,,
ACMP-2:IS,(                ),A,304,250,251,265,264,262,262,261,264,252,261,261,155,113,112,113,112,113,112,113,113,113,113,112,80,79,80,80,79,80,112,127,126,126,126,126,127,168,169,168,273,273,296,291,286,333,334,334,333,333,227,169,,,,,,,,,,,,,,,,,,,,,,,,,,,,,,,,,,,,,,,,,,,,,,,,,,,,,,,,,,,,,,,,,,,,,,,,,,,,,,,,,,,,,,,,,,,,
ACMP-2:IT,(                ),A,296,247,246,258,258,256,255,255,259,246,256,255,155,114,113,113,113,113,113,114,114,114,113,113,81,81,81,80,81,80,111,125,126,125,126,126,125,166,166,166,266,268,290,285,282,327,326,327,326,325,219,165,,,,,,,,,,,,,,,,,,,,,,,,,,,,,,,,,,,,,,,,,,,,,,,,,,,,,,,,,,,,,,,,,,,,,,,,,,,,,,,,,,,,,,,,,,,,
ACMP-2:KW,(                ),kW,169.5,141.0,140.9,148.0,148.2,147.1,146.6,146.4,148.5,141.1,147.2,146.4,84.5,63.1,63.2,63.2,63.1,63.3,63.1,63.3,63.4,63.3,63.2,63.2,47.0,47.1,47.2,47.1,47.0,47.2,62.6,69.9,70.0,69.7,70.0,70.1,69.9,91.1,91.0,91.0,152.7,153.4,165.0,162.1,161.5,186.7,186.5,185.8,186.0,185.1,125.6,89.7,,,,,,,,,,,,,,,,,,,,,,,,,,,,,,,,,,,,,,,,,,,,,,,,,,,,,,,,,,,,,,,,,,,,,,,,,,,,,,,,,,,,,,,,,,,,
ACMP-2:KWH,(                ),,19642000,19642030,19642052,19642076,19642100,19642124,19642148,19642174,19642198,19642220,19642244,19642266,19642292,19642304,19642314,19642324,19642334,19642346,19642356,19642368,19642378,19642388,19642398,19642408,19642418,19642424,19642432,19642440,19642448,19642456,19642466,19642476,19642488,19642500,19642512,19642524,19642536,19642548,19642562,19642578,19642598,19642624,19642648,19642672,19642702,19642732,19642764,19642794,19642826,19642856,19642888,19642894,,,,,,,,,,,,,,,,,,,,,,,,,,,,,,,,,,,,,,,,,,,,,,,,,,,,,,,,,,,,,,,,,,,,,,,,,,,,,,,,,,,,,,,,,,,,
ACMP-2:PF,(                ),,0.85,0.85,0.85,0.85,0.85,0.85,0.85,0.85,0.85,0.85,0.85,0.85,0.81,0.82,0.82,0.82,0.82,0.82,0.82,0.82,0.82,0.82,0.82,0.82,0.85,0.85,0.85,0.85,0.85,0.85,0.82,0.82,0.82,0.82,0.82,0.82,0.82,0.81,0.81,0.81,0.85,0.85,0.85,0.85,0.84,0.84,0.84,0.84,0.85,0.85,0.84,0.80,,,,,,,,,,,,,,,,,,,,,,,,,,,,,,,,,,,,,,,,,,,,,,,,,,,,,,,,,,,,,,,,,,,,,,,,,,,,,,,,,,,,,,,,,,,,
ACMP-2:VRS,(                ),V,384.6,385.0,384.6,384.7,385.2,385.3,385.4,385.2,386.1,386.9,386.9,386.9,387.3,387.6,387.5,388.0,388.4,388.3,388.3,388.2,388.4,388.9,388.8,389.0,389.5,389.6,389.9,390.0,390.0,389.8,389.9,389.6,389.5,389.2,388.5,389.0,388.0,388.3,387.8,387.4,385.6,385.8,383.8,383.7,391.1,389.4,388.3,387.6,385.5,385.7,385.3,386.0,,,,,,,,,,,,,,,,,,,,,,,,,,,,,,,,,,,,,,,,,,,,,,,,,,,,,,,,,,,,,,,,,,,,,,,,,,,,,,,,,,,,,,,,,,,,
ACMP-2:VST,(                ),V,384.8,385.1,385.3,385.0,385.3,385.7,385.6,385.5,386.4,387.0,387.0,387.4,387.6,388.4,387.1,388.7,389.2,388.4,389.1,389.1,388.0,389.1,389.4,388.9,389.4,389.6,390.6,390.6,390.3,390.1,389.6,390.2,389.4,389.5,389.2,389.1,388.1,388.2,388.2,387.9,385.6,385.8,384.1,383.8,391.2,390.0,389.4,387.8,386.3,386.2,385.2,385.9,,,,,,,,,,,,,,,,,,,,,,,,,,,,,,,,,,,,,,,,,,,,,,,,,,,,,,,,,,,,,,,,,,,,,,,,,,,,,,,,,,,,,,,,,,,,
ACMP-2:VTR,(                ),V,384.1,384.5,384.2,384.2,384.6,384.7,384.9,384.6,385.5,386.0,386.6,386.7,387.4,387.7,387.7,387.9,388.5,388.2,388.5,388.4,387.9,388.7,388.5,388.6,389.5,389.5,389.6,390.5,390.3,389.8,389.9,389.5,389.1,389.0,388.6,389.2,388.1,388.1,387.6,387.2,385.0,385.4,384.4,384.0,391.4,389.7,388.5,388.2,386.3,385.9,385.1,386.0,,,,,,,,,,,,,,,,,,,,,,,,,,,,,,,,,,,,,,,,,,,,,,,,,,,,,,,,,,,,,,,,,,,,,,,,,,,,,,,,,,,,,,,,,,,,
GCB1:HZ,(                ),Hz,60,59,59,60,60,59,60,59,59,60,59,59,59,59,59,59,60,60,59,59,60,60,60,60,60,60,60,60,60,60,59,60,59,60,59,60,60,60,59,59,59,59,60,59,60,59,60,60,59,59,59,59,,,,,,,,,,,,,,,,,,,,,,,,,,,,,,,,,,,,,,,,,,,,,,,,,,,,,,,,,,,,,,,,,,,,,,,,,,,,,,,,,,,,,,,,,,,,
GCB1:IR,(                ),A,3,3,3,3,3,3,3,3,3,3,3,3,3,3,3,3,3,3,3,3,2,3,2,3,3,3,3,3,3,3,3,3,3,3,3,3,3,4,3,3,3,3,3,3,3,4,3,3,3,3,4,4,,,,,,,,,,,,,,,,,,,,,,,,,,,,,,,,,,,,,,,,,,,,,,,,,,,,,,,,,,,,,,,,,,,,,,,,,,,,,,,,,,,,,,,,,,,,
GCB1:IS,(                ),A,3,3,3,3,3,3,3,3,3,3,3,3,3,3,3,3,3,3,3,3,3,3,3,3,2,3,3,3,3,3,3,3,3,3,3,3,4,4,4,3,3,3,4,3,3,4,3,3,3,4,4,4,,,,,,,,,,,,,,,,,,,,,,,,,,,,,,,,,,,,,,,,,,,,,,,,,,,,,,,,,,,,,,,,,,,,,,,,,,,,,,,,,,,,,,,,,,,,
GCB1:IT,(                ),A,3,3,3,3,3,3,3,3,3,3,3,3,3,3,3,3,3,3,3,3,3,3,3,3,3,3,3,3,3,3,3,3,3,3,3,3,4,3,3,3,3,3,3,3,3,4,3,3,3,4,4,4,,,,,,,,,,,,,,,,,,,,,,,,,,,,,,,,,,,,,,,,,,,,,,,,,,,,,,,,,,,,,,,,,,,,,,,,,,,,,,,,,,,,,,,,,,,,
GCB1:KW,(                ),kW,89.9,94.5,99.1,84.1,84.5,87.0,87.5,82.6,82.5,85.2,89.4,85.0,86.7,90.1,89.5,85.0,91.1,90.4,80.6,81.9,79.1,88.8,84.6,91.3,83.2,87.3,90.2,88.2,82.5,82.6,92.3,83.9,88.5,81.9,97.9,95.0,98.8,98.6,99.6,91.1,85.3,95.5,95.3,80.1,94.3,106.3,93.7,91.2,91.4,102.7,102.6,120.6,,,,,,,,,,,,,,,,,,,,,,,,,,,,,,,,,,,,,,,,,,,,,,,,,,,,,,,,,,,,,,,,,,,,,,,,,,,,,,,,,,,,,,,,,,,,
GCB1:KWH,(                ),,8802633,8802651,8802666,8802683,8802696,8802710,8802724,8802740,8802753,8802768,8802783,8802794,8802812,8802826,8802840,8802855,8802867,8802882,8802898,8802913,8802925,8802940,8802953,8802968,8802982,8802997,8803012,8803025,8803041,8803055,8803070,8803085,8803096,8803113,8803128,8803145,8803161,8803178,8803192,8803209,8803226,8803240,8803256,8803270,8803289,8803304,8803321,8803337,8803354,8803370,8803387,8803397,,,,,,,,,,,,,,,,,,,,,,,,,,,,,,,,,,,,,,,,,,,,,,,,,,,,,,,,,,,,,,,,,,,,,,,,,,,,,,,,,,,,,,,,,,,,
GCB1:PF,(                ),, -0.83, -0.82, -0.84, -0.86, -0.86, -0.87, -0.87, -0.87, -0.87, -0.86, -0.87, -0.86, -0.86, -0.87, -0.87, -0.86, -0.84, -0.85, -0.84, -0.84, -0.87, -0.86, -0.87, -0.89, -0.87, -0.87, -0.88, -0.87, -0.88, -0.88, -0.85, -0.84, -0.82, -0.83, -0.80, -0.80, -0.77, -0.78, -0.81, -0.82, -0.81, -0.80, -0.79, -0.79, -0.82, -0.78, -0.82, -0.80, -0.79, -0.77, -0.77, -0.78,,,,,,,,,,,,,,,,,,,,,,,,,,,,,,,,,,,,,,,,,,,,,,,,,,,,,,,,,,,,,,,,,,,,,,,,,,,,,,,,,,,,,,,,,,,,
GCB1:VRS,(                ),V,20.7,20.7,20.8,20.7,20.8,20.7,20.8,20.7,20.8,20.8,20.8,20.8,20.8,20.8,20.8,20.8,20.9,20.9,20.9,20.8,20.9,20.9,20.9,20.9,20.9,21.0,21.0,20.9,20.9,20.9,20.9,20.9,20.9,20.9,20.9,20.9,20.9,20.9,20.9,20.8,20.8,20.8,20.7,20.7,21.0,21.0,20.9,20.9,20.8,20.8,20.7,20.7,,,,,,,,,,,,,,,,,,,,,,,,,,,,,,,,,,,,,,,,,,,,,,,,,,,,,,,,,,,,,,,,,,,,,,,,,,,,,,,,,,,,,,,,,,,,
GCB1:VST,(                ),V,20.6,20.6,20.7,20.7,20.7,20.7,20.8,20.6,20.7,20.8,20.8,20.8,20.7,20.8,20.8,20.7,20.8,20.8,20.9,20.8,20.8,20.9,20.9,20.8,20.9,20.9,20.9,20.9,20.8,20.9,20.9,20.8,20.9,20.9,20.9,20.9,20.9,20.8,20.8,20.8,20.7,20.8,20.6,20.7,21.0,20.9,20.9,20.8,20.8,20.8,20.7,20.7,,,,,,,,,,,,,,,,,,,,,,,,,,,,,,,,,,,,,,,,,,,,,,,,,,,,,,,,,,,,,,,,,,,,,,,,,,,,,,,,,,,,,,,,,,,,
GCB1:VTR,(                ),V,20.7,20.7,20.7,20.7,20.8,20.7,20.8,20.7,20.8,20.8,20.8,20.8,20.8,20.8,20.8,20.8,20.9,20.9,20.9,20.9,20.9,20.9,20.9,20.9,20.9,21.0,21.0,20.9,20.9,20.9,20.9,20.9,20.9,20.9,20.9,20.9,20.9,20.8,20.8,20.8,20.8,20.8,20.7,20.7,21.1,21.0,21.0,20.9,20.8,20.8,20.7,20.7,,,,,,,,,,,,,,,,,,,,,,,,,,,,,,,,,,,,,,,,,,,,,,,,,,,,,,,,,,,,,,,,,,,,,,,,,,,,,,,,,,,,,,,,,,,,
GCB2:HZ,(                ),Hz,60,59,59,60,60,59,60,59,59,60,59,59,59,59,59,59,60,60,59,59,60,60,60,60,60,60,60,59,60,60,59,60,59,60,59,59,60,60,59,59,59,59,60,59,60,59,60,60,59,59,59,59,,,,,,,,,,,,,,,,,,,,,,,,,,,,,,,,,,,,,,,,,,,,,,,,,,,,,,,,,,,,,,,,,,,,,,,,,,,,,,,,,,,,,,,,,,,,
GCB2:IR,(                ),A,0,0,0,0,0,0,0,0,0,0,0,0,0,0,0,0,0,0,0,0,0,0,0,0,0,0,0,0,0,0,0,0,0,0,0,0,0,0,0,0,0,0,0,0,0,6,11,10,3,3,9,6,,,,,,,,,,,,,,,,,,,,,,,,,,,,,,,,,,,,,,,,,,,,,,,,,,,,,,,,,,,,,,,,,,,,,,,,,,,,,,,,,,,,,,,,,,,,
GCB2:IS,(                ),A,0,0,0,0,0,0,0,0,0,0,0,0,0,0,0,0,0,0,0,0,0,0,0,0,0,0,0,0,0,0,0,0,0,0,0,0,0,0,0,0,0,0,0,0,0,6,11,10,3,3,9,6,,,,,,,,,,,,,,,,,,,,,,,,,,,,,,,,,,,,,,,,,,,,,,,,,,,,,,,,,,,,,,,,,,,,,,,,,,,,,,,,,,,,,,,,,,,,
GCB2:IT,(                ),A,0,0,0,0,0,0,0,0,0,0,0,0,0,0,0,0,0,0,0,0,0,0,0,0,0,0,0,0,0,0,0,0,0,0,0,0,0,0,0,0,0,0,0,0,0,6,11,10,3,3,9,6,,,,,,,,,,,,,,,,,,,,,,,,,,,,,,,,,,,,,,,,,,,,,,,,,,,,,,,,,,,,,,,,,,,,,,,,,,,,,,,,,,,,,,,,,,,,
GCB2:KW,(                ),kW,5.1,5.1,5.2,4.5,4.5,5.1,5.1,5.1,5.1,5.1,5.1,5.1,5.1,5.1,5.1,5.1,5.1,5.1,5.1,5.1,5.1,5.1,5.1,5.1,5.1,5.1,5.1,5.1,5.1,5.1,5.1,5.1,5.1,4.5,4.5,5.1,5.1,5.1,5.1,5.1,5.1,5.1,5.1,5.0,5.2,208.3,373.0,346.2,108.4,107.0,301.0,210.7,,,,,,,,,,,,,,,,,,,,,,,,,,,,,,,,,,,,,,,,,,,,,,,,,,,,,,,,,,,,,,,,,,,,,,,,,,,,,,,,,,,,,,,,,,,,
GCB2:KWH,(                ),,15891350,15891360,15891360,15891360,15891360,15891360,15891360,15891360,15891360,15891360,15891360,15891360,15891360,15891370,15891370,15891370,15891370,15891370,15891370,15891370,15891370,15891370,15891370,15891370,15891370,15891380,15891380,15891380,15891380,15891380,15891380,15891380,15891380,15891380,15891380,15891380,15891380,15891391,15891391,15891391,15891391,15891391,15891391,15891391,15891391,15891400,15891460,15891520,15891561,15891580,15891610,15891641,,,,,,,,,,,,,,,,,,,,,,,,,,,,,,,,,,,,,,,,,,,,,,,,,,,,,,,,,,,,,,,,,,,,,,,,,,,,,,,,,,,,,,,,,,,,
GCB2:PF,(                ),,0.78,0.77,0.83,0.78,0.78,0.77,0.77,0.77,0.77,0.77,0.77,0.76,0.77,0.77,0.77,0.77,0.77,0.77,0.77,0.77,0.77,0.77,0.77,0.77,0.77,0.76,0.76,0.76,0.76,0.76,0.76,0.76,0.76,0.77,0.77,0.77,0.77,0.77,0.77,0.77,0.77,0.78,0.78,0.78,0.75,0.96,0.94,0.94,0.89,0.89,0.94,0.95,,,,,,,,,,,,,,,,,,,,,,,,,,,,,,,,,,,,,,,,,,,,,,,,,,,,,,,,,,,,,,,,,,,,,,,,,,,,,,,,,,,,,,,,,,,,
GCB2:VRS,(                ),V,20.7,20.7,20.7,20.7,20.6,20.8,20.7,20.7,20.7,20.7,20.8,20.8,20.8,20.8,20.8,20.8,20.8,20.8,20.8,20.8,20.9,20.9,20.9,20.9,20.9,20.9,20.8,20.9,20.9,20.9,20.9,20.9,20.9,20.9,20.8,20.8,20.8,20.8,20.8,20.7,20.7,20.8,20.6,20.7,21.1,21.0,20.9,20.9,20.8,20.7,20.8,20.8,,,,,,,,,,,,,,,,,,,,,,,,,,,,,,,,,,,,,,,,,,,,,,,,,,,,,,,,,,,,,,,,,,,,,,,,,,,,,,,,,,,,,,,,,,,,
GCB2:VST,(                ),V,20.7,20.7,20.7,20.7,20.7,20.7,20.7,20.7,20.8,20.8,20.8,20.8,20.8,20.8,20.8,20.8,20.9,20.8,20.9,20.8,20.9,20.9,20.9,20.9,20.9,20.9,20.9,20.9,20.9,20.9,20.9,20.9,20.9,20.9,20.9,20.9,20.8,20.8,20.8,20.8,20.8,20.8,20.7,20.7,21.1,21.0,21.0,20.9,20.8,20.8,20.7,20.7,,,,,,,,,,,,,,,,,,,,,,,,,,,,,,,,,,,,,,,,,,,,,,,,,,,,,,,,,,,,,,,,,,,,,,,,,,,,,,,,,,,,,,,,,,,,
GCB2:VTR,(                ),V,20.7,20.7,20.7,20.7,20.7,20.8,20.8,20.8,20.7,20.8,20.9,20.8,20.8,20.8,20.8,20.9,20.9,20.8,20.9,20.9,20.9,20.9,20.9,20.9,20.9,21.0,20.9,21.0,21.0,21.0,20.9,21.0,21.0,20.9,20.9,20.9,20.9,20.9,20.9,20.8,20.7,20.8,20.7,20.7,21.1,21.0,20.9,20.8,20.7,20.7,20.7,20.8,,,,,,,,,,,,,,,,,,,,,,,,,,,,,,,,,,,,,,,,,,,,,,,,,,,,,,,,,,,,,,,,,,,,,,,,,,,,,,,,,,,,,,,,,,,,
PM:HZ,(                ),Hz,60,59,59,60,60,59,60,59,59,60,59,59,59,59,59,59,60,60,59,59,60,60,60,60,60,60,60,60,60,60,59,60,59,60,59,59,60,60,59,59,59,59,60,59,60,59,60,60,59,59,59,59,,,,,,,,,,,,,,,,,,,,,,,,,,,,,,,,,,,,,,,,,,,,,,,,,,,,,,,,,,,,,,,,,,,,,,,,,,,,,,,,,,,,,,,,,,,,
PM:IR,(                ),A,189,208,200,168,175,173,174,168,174,176,173,178,166,167,170,176,191,188,179,182,157,179,157,189,183,175,181,183,170,174,198,184,207,187,207,216,214,215,197,184,192,205,190,181,195,231,201,183,197,217,232,253,,,,,,,,,,,,,,,,,,,,,,,,,,,,,,,,,,,,,,,,,,,,,,,,,,,,,,,,,,,,,,,,,,,,,,,,,,,,,,,,,,,,,,,,,,,,
PM:IS,(                ),A,171,163,183,155,151,142,143,138,138,132,145,152,163,139,143,153,152,148,134,150,132,149,138,132,132,165,150,161,137,138,161,139,170,136,180,176,188,206,204,179,155,197,176,148,178,218,165,171,187,203,207,259,,,,,,,,,,,,,,,,,,,,,,,,,,,,,,,,,,,,,,,,,,,,,,,,,,,,,,,,,,,,,,,,,,,,,,,,,,,,,,,,,,,,,,,,,,,,
PM:IT,(                ),A,177,201,201,159,153,177,182,158,153,175,185,150,167,199,188,155,185,183,153,145,159,178,177,178,153,148,170,151,152,148,170,165,152,157,216,181,230,205,208,188,171,188,235,171,184,219,195,204,181,238,229,253,,,,,,,,,,,,,,,,,,,,,,,,,,,,,,,,,,,,,,,,,,,,,,,,,,,,,,,,,,,,,,,,,,,,,,,,,,,,,,,,,,,,,,,,,,,,
PM:KW,(                ),kW,105.9,113.0,113.8,92.1,91.3,92.3,94.3,87.6,88.2,92.4,95.4,92.4,95.4,96.4,94.4,93.1,102.9,100.7,91.2,93.0,85.9,97.8,89.4,92.9,89.3,93.4,95.2,94.7,87.0,86.9,102.6,95.7,105.4,94.6,122.3,116.5,130.4,128.5,122.2,109.4,103.7,118.6,121.2,100.5,112.0,138.0,112.8,113.0,114.7,135.2,136.8,155.5,,,,,,,,,,,,,,,,,,,,,,,,,,,,,,,,,,,,,,,,,,,,,,,,,,,,,,,,,,,,,,,,,,,,,,,,,,,,,,,,,,,,,,,,,,,,
PM:KWH,(                ),,14131999,14132020,14132039,14132057,14132072,14132087,14132101,14132119,14132133,14132149,14132165,14132179,14132198,14132212,14132228,14132244,14132258,14132276,14132292,14132309,14132323,14132339,14132352,14132370,14132383,14132400,14132416,14132429,14132447,14132461,14132477,14132495,14132507,14132526,14132544,14132565,14132587,14132607,14132625,14132645,14132667,14132684,14132703,14132721,14132744,14132763,14132783,14132802,14132824,14132844,14132867,14132880,,,,,,,,,,,,,,,,,,,,,,,,,,,,,,,,,,,,,,,,,,,,,,,,,,,,,,,,,,,,,,,,,,,,,,,,,,,,,,,,,,,,,,,,,,,,
PM:PF,(                ),,0.90,0.91,0.89,0.88,0.87,0.86,0.86,0.86,0.87,0.87,0.86,0.88,0.88,0.87,0.86,0.88,0.89,0.88,0.89,0.89,0.87,0.88,0.86,0.85,0.87,0.87,0.86,0.87,0.86,0.86,0.88,0.89,0.90,0.90,0.92,0.92,0.94,0.94,0.91,0.91,0.91,0.92,0.93,0.92,0.90,0.93,0.91,0.92,0.93,0.94,0.94,0.93,,,,,,,,,,,,,,,,,,,,,,,,,,,,,,,,,,,,,,,,,,,,,,,,,,,,,,,,,,,,,,,,,,,,,,,,,,,,,,,,,,,,,,,,,,,,
PM:VRS,(                ),V,377.1,377.6,378.1,378.2,377.9,378.4,378.6,378.4,379.0,379.0,379.8,379.9,379.4,379.5,379.7,379.8,380.4,380.4,380.3,380.3,380.6,380.7,380.9,380.8,381.0,381.9,381.8,381.8,381.8,381.8,381.6,381.4,381.3,381.1,381.0,380.6,380.2,380.2,379.7,379.4,378.5,378.5,376.9,377.7,384.2,382.6,381.7,380.8,379.0,378.8,377.6,377.6,,,,,,,,,,,,,,,,,,,,,,,,,,,,,,,,,,,,,,,,,,,,,,,,,,,,,,,,,,,,,,,,,,,,,,,,,,,,,,,,,,,,,,,,,,,,
PM:VST,(                ),V,377.4,378.1,378.1,378.2,378.2,378.5,378.6,378.5,379.1,379.1,379.9,380.0,379.6,379.9,380.0,380.1,380.6,380.6,380.7,380.5,380.8,381.0,381.0,381.0,381.4,382.1,382.0,382.0,382.0,381.9,381.8,381.7,381.5,381.4,381.1,381.0,380.6,380.3,379.7,379.7,379.1,378.8,377.3,377.9,384.7,383.2,382.4,381.0,379.6,379.7,378.5,378.3,,,,,,,,,,,,,,,,,,,,,,,,,,,,,,,,,,,,,,,,,,,,,,,,,,,,,,,,,,,,,,,,,,,,,,,,,,,,,,,,,,,,,,,,,,,,
PM:VTR,(                ),V,377.6,377.8,378.2,378.3,378.3,378.6,378.8,378.7,379.2,379.2,379.8,380.0,379.6,379.7,379.8,380.4,380.7,380.6,380.7,380.8,380.8,381.1,381.0,381.1,381.5,382.3,382.1,382.4,382.1,382.2,382.0,381.8,381.9,381.4,381.1,381.0,380.5,380.5,380.0,380.0,379.2,379.0,377.1,377.7,384.6,383.4,382.1,380.9,379.5,379.5,378.4,378.3,,,,,,,,,,,,,,,,,,,,,,,,,,,,,,,,,,,,,,,,,,,,,,,,,,,,,,,,,,,,,,,,,,,,,,,,,,,,,,,,,,,,,,,,,,,,
PAC:HZ,(                ),Hz,60,59,59,60,60,59,60,59,59,60,59,59,59,59,59,59,60,60,59,59,60,60,60,60,60,60,60,60,60,60,59,60,59,60,59,59,60,60,59,59,59,59,60,59,60,59,60,60,59,59,59,59,,,,,,,,,,,,,,,,,,,,,,,,,,,,,,,,,,,,,,,,,,,,,,,,,,,,,,,,,,,,,,,,,,,,,,,,,,,,,,,,,,,,,,,,,,,,
PAC:IR,(                ),A,9,9,9,9,9,9,9,9,9,9,9,9,9,9,9,9,9,9,9,9,9,9,9,9,9,9,9,9,9,9,9,9,9,9,9,9,9,9,9,9,9,9,9,9,9,356,653,610,203,203,530,366,,,,,,,,,,,,,,,,,,,,,,,,,,,,,,,,,,,,,,,,,,,,,,,,,,,,,,,,,,,,,,,,,,,,,,,,,,,,,,,,,,,,,,,,,,,,
PAC:IS,(                ),A,9,9,8,5,5,9,9,9,9,9,9,9,9,9,9,9,9,9,9,9,9,9,9,9,9,9,9,9,9,9,9,9,9,5,5,9,9,9,9,9,9,9,9,9,9,359,667,621,196,196,545,369,,,,,,,,,,,,,,,,,,,,,,,,,,,,,,,,,,,,,,,,,,,,,,,,,,,,,,,,,,,,,,,,,,,,,,,,,,,,,,,,,,,,,,,,,,,,
PAC:IT,(                ),A,8,8,8,8,8,8,8,8,8,8,8,8,8,8,8,8,8,8,8,8,8,8,8,8,8,8,8,8,8,8,8,8,8,8,8,8,8,8,8,8,8,8,8,8,8,356,655,611,203,203,535,369,,,,,,,,,,,,,,,,,,,,,,,,,,,,,,,,,,,,,,,,,,,,,,,,,,,,,,,,,,,,,,,,,,,,,,,,,,,,,,,,,,,,,,,,,,,,
PAC:KW,(                ),kW,4.8,4.8,4.9,4.1,4.1,4.8,4.8,4.8,4.8,4.8,4.8,4.8,4.8,4.8,4.8,4.8,4.8,4.8,4.8,4.8,4.8,4.8,4.8,4.8,4.8,4.8,4.8,4.8,4.9,4.8,4.8,4.8,4.8,4.2,4.2,4.8,4.8,4.8,4.8,4.8,4.8,4.8,4.8,4.8,4.9,228.3,407.8,378.2,117.3,117.3,327.7,229.9,,,,,,,,,,,,,,,,,,,,,,,,,,,,,,,,,,,,,,,,,,,,,,,,,,,,,,,,,,,,,,,,,,,,,,,,,,,,,,,,,,,,,,,,,,,,
PAC:KWH,(                ),,17336446,17336446,17336446,17336446,17336448,17336448,17336448,17336450,17336450,17336452,17336452,17336452,17336454,17336454,17336458,17336458,17336458,17336460,17336460,17336462,17336462,17336462,17336464,17336464,17336466,17336466,17336466,17336468,17336468,17336470,17336470,17336470,17336472,17336472,17336474,17336474,17336474,17336476,17336476,17336478,17336478,17336478,17336480,17336480,17336482,17336490,17336552,17336618,17336664,17336682,17336722,17336748,,,,,,,,,,,,,,,,,,,,,,,,,,,,,,,,,,,,,,,,,,,,,,,,,,,,,,,,,,,,,,,,,,,,,,,,,,,,,,,,,,,,,,,,,,,,
PAC:PF,(                ),,0.86,0.86,0.92,0.89,0.89,0.86,0.86,0.86,0.86,0.86,0.86,0.85,0.86,0.86,0.86,0.86,0.86,0.85,0.85,0.86,0.86,0.86,0.85,0.85,0.85,0.86,0.85,0.85,0.85,0.85,0.85,0.86,0.85,0.89,0.89,0.85,0.86,0.86,0.86,0.86,0.86,0.86,0.86,0.86,0.85,0.97,0.94,0.94,0.89,0.89,0.94,0.96,,,,,,,,,,,,,,,,,,,,,,,,,,,,,,,,,,,,,,,,,,,,,,,,,,,,,,,,,,,,,,,,,,,,,,,,,,,,,,,,,,,,,,,,,,,,
PAC:VRS,(                ),V,376.4,376.8,377.6,377.6,377.3,377.8,377.9,377.9,378.4,378.5,379.1,379.2,378.8,378.8,379.0,379.1,379.7,379.8,379.7,379.7,379.9,380.1,380.3,380.3,380.6,380.9,381.2,381.3,381.2,381.1,381.2,380.8,380.6,380.6,380.4,380.2,379.7,379.6,379.2,378.9,377.9,377.9,376.3,377.0,383.5,381.1,378.4,377.1,377.0,377.6,374.5,375.7,,,,,,,,,,,,,,,,,,,,,,,,,,,,,,,,,,,,,,,,,,,,,,,,,,,,,,,,,,,,,,,,,,,,,,,,,,,,,,,,,,,,,,,,,,,,
PAC:VST,(                ),V,376.8,377.3,377.8,377.8,377.6,378.0,378.0,377.9,378.6,378.5,379.1,379.5,379.1,379.2,379.3,379.5,380.0,379.9,380.0,379.9,380.2,380.3,380.6,380.4,380.8,381.1,381.4,381.5,381.3,381.3,381.4,381.1,380.9,380.7,380.7,380.5,380.0,379.7,379.5,379.4,378.4,378.3,376.8,377.2,384.2,381.5,379.1,377.8,378.4,378.5,375.2,376.5,,,,,,,,,,,,,,,,,,,,,,,,,,,,,,,,,,,,,,,,,,,,,,,,,,,,,,,,,,,,,,,,,,,,,,,,,,,,,,,,,,,,,,,,,,,,
PAC:VTR,(                ),V,377.3,377.6,378.3,378.1,378.2,378.6,378.7,378.5,379.1,379.2,379.5,379.8,379.5,379.7,379.7,380.1,380.6,380.5,380.5,380.4,380.7,381.0,381.0,381.1,381.3,381.7,382.0,382.1,381.9,382.0,381.9,381.5,381.6,381.2,381.1,380.9,380.4,380.4,380.0,379.8,379.0,378.8,377.1,377.5,384.4,381.8,378.9,377.9,378.2,377.7,375.2,376.7,,,,,,,,,,,,,,,,,,,,,,,,,,,,,,,,,,,,,,,,,,,,,,,,,,,,,,,,,,,,,,,,,,,,,,,,,,,,,,,,,,,,,,,,,,,,
CH1B1:KWH,(                ),,4433714,4433714,4433714,4433714,4433714,4433714,4433714,4433714,4433714,4433714,4433714,4433714,4433714,4433714,4433714,4433714,4433714,4433714,4433714,4433714,4433714,4433714,4433714,4433714,4433714,4433714,4433714,4433714,4433714,4433714,4433714,4433714,4433714,4433714,4433714,4433714,4433714,4433714,4433714,4433714,4433714,4433714,4433714,4433714,4433714,4433714,4433714,4433714,4433714,4433714,4433714,4433714,,,,,,,,,,,,,,,,,,,,,,,,,,,,,,,,,,,,,,,,,,,,,,,,,,,,,,,,,,,,,,,,,,,,,,,,,,,,,,,,,,,,,,,,,,,,
CH2B1:KWH,(                ),,3323912,3323912,3323912,3323912,3323912,3323912,3323912,3323912,3323912,3323912,3323912,3323912,3323912,3323912,3323912,3323912,3323912,3323912,3323912,3323912,3323912,3323912,3323912,3323912,3323912,3323912,3323912,3323912,3323912,3323912,3323912,3323912,3323912,3323912,3323912,3323912,3323912,3323912,3323912,3323912,3323912,3323912,3323912,3323912,3323912,3323912,3323912,3323912,3323912,3323912,3323912,3323912,,,,,,,,,,,,,,,,,,,,,,,,,,,,,,,,,,,,,,,,,,,,,,,,,,,,,,,,,,,,,,,,,,,,,,,,,,,,,,,,,,,,,,,,,,,,
CHP1B1:KWH,(                ),,313214,313214,313214,313214,313214,313214,313214,313214,313214,313214,313214,313214,313214,313214,313214,313214,313214,313214,313214,313214,313214,313214,313214,313214,313214,313214,313214,313214,313214,313214,313214,313214,313214,313214,313214,313214,313214,313214,313214,313214,313214,313214,313214,313214,313214,313214,313214,313214,313214,313214,313214,313214,,,,,,,,,,,,,,,,,,,,,,,,,,,,,,,,,,,,,,,,,,,,,,,,,,,,,,,,,,,,,,,,,,,,,,,,,,,,,,,,,,,,,,,,,,,,
CHP2B1:KWH,(                ),,259932,259932,259932,259932,259932,259932,259932,259932,259932,259932,259932,259932,259932,259932,259932,259932,259932,259932,259932,259932,259932,259932,259932,259932,259932,259932,259932,259932,259932,259932,259932,259932,259932,259932,259932,259932,259932,259932,259932,259932,259932,259932,259932,259932,259932,259932,259932,259932,259932,259932,259932,259932,,,,,,,,,,,,,,,,,,,,,,,,,,,,,,,,,,,,,,,,,,,,,,,,,,,,,,,,,,,,,,,,,,,,,,,,,,,,,,,,,,,,,,,,,,,,
CHP3B1:KWH,(                ),,4159,4159,4159,4159,4159,4159,4159,4159,4159,4159,4159,4159,4159,4159,4159,4159,4159,4159,4159,4159,4159,4159,4159,4159,4159,4159,4159,4159,4159,4159,4159,4159,4159,4159,4159,4159,4159,4159,4159,4159,4159,4159,4159,4159,4159,4159,4159,4159,4159,4159,4159,4159,,,,,,,,,,,,,,,,,,,,,,,,,,,,,,,,,,,,,,,,,,,,,,,,,,,,,,,,,,,,,,,,,,,,,,,,,,,,,,,,,,,,,,,,,,,,
CT1B1:KW,(                ),kW,8.2,8.2,8.2,8.2,8.2,8.2,8.2,8.2,8.2,8.2,8.2,8.2,8.2,8.2,8.2,8.2,8.2,8.2,8.2,8.2,8.2,8.2,8.2,8.2,8.2,8.2,8.2,8.2,8.2,8.2,8.2,8.2,8.2,8.2,8.2,8.2,8.2,8.2,8.2,8.2,8.2,8.2,8.2,8.2,8.2,8.2,8.2,8.2,8.2,8.2,8.2,8.2,,,,,,,,,,,,,,,,,,,,,,,,,,,,,,,,,,,,,,,,,,,,,,,,,,,,,,,,,,,,,,,,,,,,,,,,,,,,,,,,,,,,,,,,,,,,
CT1B1:KWH,(                ),,244843,244843,244843,244843,244843,244843,244843,244843,244843,244843,244843,244843,244843,244843,244843,244843,244843,244843,244843,244843,244843,244843,244843,244843,244843,244843,244843,244843,244843,244843,244843,244843,244843,244843,244843,244843,244843,244843,244843,244843,244843,244843,244843,244843,244843,244843,244843,244843,244843,244843,244843,244843,,,,,,,,,,,,,,,,,,,,,,,,,,,,,,,,,,,,,,,,,,,,,,,,,,,,,,,,,,,,,,,,,,,,,,,,,,,,,,,,,,,,,,,,,,,,
CT2B1:KW,(                ),kW,0.0,0.0,0.0,0.0,0.0,0.0,0.0,0.0,0.0,0.0,0.0,0.0,0.0,0.0,0.0,0.0,0.0,0.0,0.0,0.0,0.0,0.0,0.0,0.0,0.0,0.0,0.0,0.0,0.0,0.0,0.0,0.0,0.0,0.0,0.0,0.0,0.0,0.0,0.0,0.0,0.0,0.0,0.0,0.0,0.0,0.0,0.0,0.0,0.0,0.0,0.0,0.0,,,,,,,,,,,,,,,,,,,,,,,,,,,,,,,,,,,,,,,,,,,,,,,,,,,,,,,,,,,,,,,,,,,,,,,,,,,,,,,,,,,,,,,,,,,,
CT2B1:KWH,(                ),,111175,111175,111175,111175,111175,111175,111175,111175,111175,111175,111175,111175,111175,111175,111175,111175,111175,111175,111175,111175,111175,111175,111175,111175,111175,111175,111175,111175,111175,111175,111175,111175,111175,111175,111175,111175,111175,111175,111175,111175,111175,111175,111175,111175,111175,111175,111175,111175,111175,111175,111175,111175,,,,,,,,,,,,,,,,,,,,,,,,,,,,,,,,,,,,,,,,,,,,,,,,,,,,,,,,,,,,,,,,,,,,,,,,,,,,,,,,,,,,,,,,,,,,
CWP1B1:KWH,(                ),,839195,839195,839195,839195,839195,839195,839195,839195,839195,839195,839195,839195,839195,839195,839195,839195,839195,839195,839195,839195,839195,839195,839195,839195,839195,839195,839195,839195,839195,839195,839195,839195,839195,839195,839195,839195,839195,839195,839195,839195,839195,839195,839195,839195,839195,839195,839195,839195,839195,839195,839195,839195,,,,,,,,,,,,,,,,,,,,,,,,,,,,,,,,,,,,,,,,,,,,,,,,,,,,,,,,,,,,,,,,,,,,,,,,,,,,,,,,,,,,,,,,,,,,
CWP2B1:KWH,(                ),,705224,705224,705224,705224,705224,705224,705224,705224,705224,705224,705224,705224,705224,705224,705224,705224,705224,705224,705224,705224,705224,705224,705224,705224,705224,705224,705224,705224,705224,705224,705224,705224,705224,705224,705224,705224,705224,705224,705224,705224,705224,705224,705224,705224,705224,705224,705224,705224,705224,705224,705224,705224,,,,,,,,,,,,,,,,,,,,,,,,,,,,,,,,,,,,,,,,,,,,,,,,,,,,,,,,,,,,,,,,,,,,,,,,,,,,,,,,,,,,,,,,,,,,
CWP3B1:KWH,(                ),,10,10,10,10,10,10,10,10,10,10,10,10,10,10,10,10,10,10,10,10,10,10,10,10,10,10,10,10,10,10,10,10,10,10,10,10,10,10,10,10,10,10,10,10,10,10,10,10,10,10,10,10,,,,,,,,,,,,,,,,,,,,,,,,,,,,,,,,,,,,,,,,,,,,,,,,,,,,,,,,,,,,,,,,,,,,,,,,,,,,,,,,,,,,,,,,,,,,
CH1F7.KWH,(度數            ),kW h,529043,529077,529109,529143,529176,529208,529239,529268,529298,529329,529360,529389,529404,529404,529404,529404,529404,529404,529404,529404,529404,529404,529404,529404,529404,529404,529404,529404,529404,529404,529404,529404,529404,529404,529404,529404,529404,529404,529404,529404,529404,529404,529439,529491,529542,529593,529646,529699,529751,529803,529847,529866,,,,,,,,,,,,,,,,,,,,,,,,,,,,,,,,,,,,,,,,,,,,,,,,,,,,,,,,,,,,,,,,,,,,,,,,,,,,,,,,,,,,,,,,,,,,
CH2F7:KWH,(                ),,3623350,3623350,3623350,3623351,3623351,3623351,3623351,3623351,3623351,3623351,3623351,3623351,3623351,3623352,3623352,3623352,3623352,3623352,3623352,3623352,3623352,3623352,3623352,3623352,3623352,3623353,3623353,3623353,3623353,3623353,3623353,3623353,3623353,3623353,3623353,3623353,3623353,3623353,3623353,3623353,3623353,3623353,3623353,3623353,3623354,3623354,3623354,3623354,3623354,3623354,3623354,3623354,,,,,,,,,,,,,,,,,,,,,,,,,,,,,,,,,,,,,,,,,,,,,,,,,,,,,,,,,,,,,,,,,,,,,,,,,,,,,,,,,,,,,,,,,,,,
CH3F7:KWH,(                ),,1606044,1606044,1606044,1606044,1606045,1606045,1606045,1606045,1606045,1606045,1606045,1606045,1606045,1606045,1606045,1606045,1606045,1606045,1606045,1606045,1606045,1606046,1606046,1606046,1606046,1606046,1606046,1606046,1606046,1606046,1606046,1606046,1606046,1606046,1606046,1606046,1606046,1606046,1606046,1606047,1606047,1606047,1606047,1606047,1606047,1606047,1606047,1606047,1606047,1606047,1606047,1606047,,,,,,,,,,,,,,,,,,,,,,,,,,,,,,,,,,,,,,,,,,,,,,,,,,,,,,,,,,,,,,,,,,,,,,,,,,,,,,,,,,,,,,,,,,,,
CH4F7.KWH,(度數            ),kW h,586920,586920,586920,586920,586920,586920,586920,586920,586920,586920,586920,586920,586920,586920,586920,586920,586920,586920,586920,586920,586920,586920,586920,586920,586920,586920,586920,586920,586920,586920,586920,586920,586920,586920,586920,586920,586920,586920,586920,586920,586920,586920,586920,586920,586920,586920,586920,586920,586920,586920,586920,586920,,,,,,,,,,,,,,,,,,,,,,,,,,,,,,,,,,,,,,,,,,,,,,,,,,,,,,,,,,,,,,,,,,,,,,,,,,,,,,,,,,,,,,,,,,,,
CH5F7.KWH,(度數            ),kW h,590624,590624,590624,590624,590624,590624,590624,590624,590624,590624,590624,590624,590624,590624,590624,590624,590624,590624,590624,590624,590624,590624,590624,590624,590624,590624,590624,590624,590624,590624,590624,590624,590624,590624,590624,590624,590624,590624,590624,590624,590624,590624,590624,590624,590624,590624,590624,590624,590624,590624,590624,590624,,,,,,,,,,,,,,,,,,,,,,,,,,,,,,,,,,,,,,,,,,,,,,,,,,,,,,,,,,,,,,,,,,,,,,,,,,,,,,,,,,,,,,,,,,,,
CHP1F7:KWH,(                ),,529523,529528,529534,529539,529544,529550,529554,529560,529565,529571,529577,529581,529586,529586,529586,529586,529586,529586,529586,529586,529586,529586,529586,529586,529586,529586,529586,529586,529586,529586,529586,529586,529586,529586,529586,529586,529586,529586,529586,529586,529588,529593,529599,529604,529609,529614,529620,529625,529631,529635,529641,529644,,,,,,,,,,,,,,,,,,,,,,,,,,,,,,,,,,,,,,,,,,,,,,,,,,,,,,,,,,,,,,,,,,,,,,,,,,,,,,,,,,,,,,,,,,,,
CHP2F7:KWH,(                ),,239984,239984,239984,239984,239984,239984,239984,239984,239984,239984,239984,239984,239984,239984,239984,239984,239984,239984,239984,239984,239984,239984,239984,239984,239984,239984,239984,239984,239984,239984,239984,239984,239984,239984,239984,239984,239984,239984,239984,239984,239984,239984,239984,239984,239984,239984,239984,239984,239984,239984,239984,239984,,,,,,,,,,,,,,,,,,,,,,,,,,,,,,,,,,,,,,,,,,,,,,,,,,,,,,,,,,,,,,,,,,,,,,,,,,,,,,,,,,,,,,,,,,,,
CHP3F7:KWH,(                ),,121740,121740,121740,121740,121740,121740,121740,121740,121740,121740,121740,121740,121740,121740,121740,121740,121740,121740,121740,121740,121740,121740,121740,121740,121740,121740,121740,121740,121740,121740,121740,121740,121740,121740,121740,121740,121740,121740,121740,121740,121740,121740,121740,121740,121740,121740,121740,121740,121740,121740,121740,121740,,,,,,,,,,,,,,,,,,,,,,,,,,,,,,,,,,,,,,,,,,,,,,,,,,,,,,,,,,,,,,,,,,,,,,,,,,,,,,,,,,,,,,,,,,,,
CHP4F7:KWH,(                ),,520116,520116,520116,520116,520116,520116,520116,520116,520116,520116,520116,520116,520116,520116,520116,520116,520116,520116,520116,520116,520116,520116,520116,520116,520116,520116,520116,520116,520116,520116,520116,520116,520116,520116,520116,520116,520116,520116,520116,520116,520116,520116,520116,520116,520116,520116,520116,520116,520116,520116,520116,520116,,,,,,,,,,,,,,,,,,,,,,,,,,,,,,,,,,,,,,,,,,,,,,,,,,,,,,,,,,,,,,,,,,,,,,,,,,,,,,,,,,,,,,,,,,,,
CHP5F7:KWH,(                ),,539132,539132,539132,539132,539132,539132,539132,539132,539132,539132,539132,539132,539132,539132,539132,539132,539132,539132,539132,539132,539132,539132,539132,539132,539132,539132,539132,539132,539132,539132,539132,539132,539132,539132,539132,539132,539132,539132,539132,539132,539132,539132,539132,539132,539132,539132,539132,539132,539132,539132,539132,539132,,,,,,,,,,,,,,,,,,,,,,,,,,,,,,,,,,,,,,,,,,,,,,,,,,,,,,,,,,,,,,,,,,,,,,,,,,,,,,,,,,,,,,,,,,,,
CWP1F7:KWH,(                ),,533637,533642,533647,533652,533657,533663,533667,533672,533678,533683,533688,533692,533698,533698,533698,533698,533698,533698,533698,533698,533698,533698,533698,533698,533698,533698,533698,533698,533698,533698,533698,533698,533698,533698,533698,533698,533698,533698,533698,533698,533700,533705,533710,533715,533720,533725,533730,533735,533741,533745,533750,533753,,,,,,,,,,,,,,,,,,,,,,,,,,,,,,,,,,,,,,,,,,,,,,,,,,,,,,,,,,,,,,,,,,,,,,,,,,,,,,,,,,,,,,,,,,,,
CWP2F7:KWH,(                ),,270912,270912,270912,270912,270912,270912,270912,270912,270912,270912,270912,270912,270912,270912,270912,270912,270912,270912,270912,270912,270912,270912,270912,270912,270912,270912,270912,270912,270912,270912,270912,270912,270912,270912,270912,270912,270912,270912,270912,270912,270912,270912,270912,270912,270912,270912,270912,270912,270912,270912,270912,270912,,,,,,,,,,,,,,,,,,,,,,,,,,,,,,,,,,,,,,,,,,,,,,,,,,,,,,,,,,,,,,,,,,,,,,,,,,,,,,,,,,,,,,,,,,,,
CWP3F7:KWH,(                ),,146672,146672,146672,146672,146672,146672,146672,146672,146672,146672,146672,146672,146672,146672,146672,146672,146672,146672,146672,146672,146672,146672,146672,146672,146672,146672,146672,146672,146672,146672,146672,146672,146672,146672,146672,146672,146672,146672,146672,146672,146672,146672,146672,146672,146672,146672,146672,146672,146672,146672,146672,146672,,,,,,,,,,,,,,,,,,,,,,,,,,,,,,,,,,,,,,,,,,,,,,,,,,,,,,,,,,,,,,,,,,,,,,,,,,,,,,,,,,,,,,,,,,,,
CWP4F7:KWH,(                ),,574860,574860,574860,574860,574860,574860,574860,574860,574860,574860,574860,574860,574860,574860,574860,574860,574860,574860,574860,574860,574860,574860,574860,574860,574860,574860,574860,574860,574860,574860,574860,574860,574860,574860,574860,574860,574860,574860,574860,574860,574860,574860,574860,574860,574860,574860,574860,574860,574860,574860,574860,574860,,,,,,,,,,,,,,,,,,,,,,,,,,,,,,,,,,,,,,,,,,,,,,,,,,,,,,,,,,,,,,,,,,,,,,,,,,,,,,,,,,,,,,,,,,,,
CWP5F7:KWH,(                ),,635156,635156,635156,635156,635156,635156,635156,635156,635156,635156,635156,635156,635156,635156,635156,635156,635156,635156,635156,635156,635156,635156,635156,635156,635156,635156,635156,635156,635156,635156,635156,635156,635156,635156,635156,635156,635156,635156,635156,635156,635156,635156,635156,635156,635156,635156,635156,635156,635156,635156,635156,635156,,,,,,,,,,,,,,,,,,,,,,,,,,,,,,,,,,,,,,,,,,,,,,,,,,,,,,,,,,,,,,,,,,,,,,,,,,,,,,,,,,,,,,,,,,,,
CT1-1.KWH,(度數            ),kW h,9934,9935,9936,9937,9939,9940,9941,9942,9943,9944,9945,9947,9948,9948,9948,9948,9948,9948,9948,9948,9948,9948,9948,9948,9948,9948,9948,9948,9948,9948,9948,9948,9948,9948,9948,9948,9948,9948,9948,9948,9948,9949,9950,9951,9953,9954,9955,9956,9957,9958,9959,9960,,,,,,,,,,,,,,,,,,,,,,,,,,,,,,,,,,,,,,,,,,,,,,,,,,,,,,,,,,,,,,,,,,,,,,,,,,,,,,,,,,,,,,,,,,,,
CT1-1:KW,(                ),kW,6.7,6.8,6.9,6.9,6.8,6.8,6.9,6.8,6.6,6.8,6.9,6.8,0.0,0.0,0.0,0.0,0.0,0.0,0.0,0.0,0.0,0.0,0.0,0.0,0.0,0.0,0.0,0.0,0.0,0.0,0.0,0.0,0.0,0.0,0.0,0.0,0.0,0.0,0.0,0.0,7.1,7.0,6.8,6.8,6.8,6.8,6.7,6.7,6.6,6.9,6.7,6.7,,,,,,,,,,,,,,,,,,,,,,,,,,,,,,,,,,,,,,,,,,,,,,,,,,,,,,,,,,,,,,,,,,,,,,,,,,,,,,,,,,,,,,,,,,,,
CT1-2.KWH,(度數            ),kW h,12329,12330,12331,12332,12333,12334,12336,12337,12338,12339,12340,12341,12342,12342,12342,12342,12342,12342,12342,12342,12342,12342,12342,12342,12342,12342,12342,12342,12342,12342,12342,12342,12342,12342,12342,12342,12342,12342,12342,12342,12343,12344,12345,12346,12347,12348,12349,12351,12352,12353,12354,12354,,,,,,,,,,,,,,,,,,,,,,,,,,,,,,,,,,,,,,,,,,,,,,,,,,,,,,,,,,,,,,,,,,,,,,,,,,,,,,,,,,,,,,,,,,,,
CT1-2:KW,(                ),kW,6.8,6.7,6.7,6.8,6.8,6.9,6.9,6.8,6.8,6.9,6.7,6.8,0.0,0.0,0.0,0.0,0.0,0.0,0.0,0.0,0.0,0.0,0.0,0.0,0.0,0.0,0.0,0.0,0.0,0.0,0.0,0.0,0.0,0.0,0.0,0.0,0.0,0.0,0.0,0.0,6.9,6.7,6.7,6.7,6.7,6.7,6.6,6.7,6.6,6.8,6.7,6.8,,,,,,,,,,,,,,,,,,,,,,,,,,,,,,,,,,,,,,,,,,,,,,,,,,,,,,,,,,,,,,,,,,,,,,,,,,,,,,,,,,,,,,,,,,,,
CT1-3.KWH,(度數            ),kW h,9630,9631,9632,9633,9635,9636,9637,9638,9639,9640,9642,9643,9644,9644,9644,9644,9644,9644,9644,9644,9644,9644,9644,9644,9644,9644,9644,9644,9644,9644,9644,9644,9644,9644,9644,9644,9644,9644,9644,9644,9644,9645,9646,9648,9649,9650,9651,9652,9653,9654,9655,9656,,,,,,,,,,,,,,,,,,,,,,,,,,,,,,,,,,,,,,,,,,,,,,,,,,,,,,,,,,,,,,,,,,,,,,,,,,,,,,,,,,,,,,,,,,,,
CT1-3:KW,(                ),kW,6.9,6.9,6.8,6.9,7.0,6.9,7.0,6.8,7.0,6.9,6.9,6.9,0.0,0.0,0.0,0.0,0.0,0.0,0.0,0.0,0.0,0.0,0.0,0.0,0.0,0.0,0.0,0.0,0.0,0.0,0.0,0.0,0.0,0.0,0.0,0.0,0.0,0.0,0.0,0.0,7.1,6.9,6.8,6.9,6.9,6.7,6.7,6.8,6.7,6.7,6.7,6.8,,,,,,,,,,,,,,,,,,,,,,,,,,,,,,,,,,,,,,,,,,,,,,,,,,,,,,,,,,,,,,,,,,,,,,,,,,,,,,,,,,,,,,,,,,,,
CT1-4.KWH,(度數            ),kW h,12618,12619,12620,12621,12623,12624,12625,12626,12627,12628,12630,12631,12632,12632,12632,12632,12632,12632,12632,12632,12632,12632,12632,12632,12632,12632,12632,12632,12632,12632,12632,12632,12632,12632,12632,12632,12632,12632,12632,12632,12632,12633,12635,12636,12637,12638,12639,12640,12641,12643,12644,12644,,,,,,,,,,,,,,,,,,,,,,,,,,,,,,,,,,,,,,,,,,,,,,,,,,,,,,,,,,,,,,,,,,,,,,,,,,,,,,,,,,,,,,,,,,,,
CT1-4:KW,(                ),kW,6.9,7.0,6.9,7.0,6.9,7.0,7.1,7.0,7.0,6.9,7.0,7.0,0.0,0.0,0.0,0.0,0.0,0.0,0.0,0.0,0.0,0.0,0.0,0.0,0.0,0.0,0.0,0.0,0.0,0.0,0.0,0.0,0.0,0.0,0.0,0.0,0.0,0.0,0.0,0.0,7.2,7.1,6.9,6.9,7.0,6.9,6.9,6.8,6.8,6.8,6.8,6.9,,,,,,,,,,,,,,,,,,,,,,,,,,,,,,,,,,,,,,,,,,,,,,,,,,,,,,,,,,,,,,,,,,,,,,,,,,,,,,,,,,,,,,,,,,,,
CT1-ALL.KW,(冷卻水塔系統功率),,27.3,27.4,27.3,27.6,27.5,27.6,27.8,27.4,27.4,27.5,27.5,27.5,0.0,0.0,0.0,0.0,0.0,0.0,0.0,0.0,0.0,0.0,0.0,0.0,0.0,0.0,0.0,0.0,0.0,0.0,0.0,0.0,0.0,0.0,0.0,0.0,0.0,0.0,0.0,0.0,28.3,27.8,27.2,27.3,27.5,27.1,26.9,27.0,26.7,27.1,27.0,27.2,,,,,,,,,,,,,,,,,,,,,,,,,,,,,,,,,,,,,,,,,,,,,,,,,,,,,,,,,,,,,,,,,,,,,,,,,,,,,,,,,,,,,,,,,,,,
CT1-ALL.KWH,(度數            ),kW h,44512,44517,44522,44526,44531,44535,44540,44545,44549,44554,44558,44563,44567,44567,44567,44567,44567,44567,44567,44567,44567,44567,44567,44567,44567,44567,44567,44567,44567,44567,44567,44567,44567,44567,44567,44567,44567,44567,44567,44567,44568,44573,44578,44582,44587,44591,44596,44600,44605,44609,44614,44616,,,,,,,,,,,,,,,,,,,,,,,,,,,,,,,,,,,,,,,,,,,,,,,,,,,,,,,,,,,,,,,,,,,,,,,,,,,,,,,,,,,,,,,,,,,,
CT2-1.KWH,(度數            ),kW h,11427,11427,11427,11427,11427,11427,11427,11427,11427,11427,11427,11427,11427,11427,11427,11427,11427,11427,11427,11427,11427,11427,11427,11427,11427,11427,11427,11427,11427,11427,11427,11427,11427,11427,11427,11427,11427,11427,11427,11427,11427,11427,11427,11427,11427,11427,11427,11427,11427,11427,11427,11427,,,,,,,,,,,,,,,,,,,,,,,,,,,,,,,,,,,,,,,,,,,,,,,,,,,,,,,,,,,,,,,,,,,,,,,,,,,,,,,,,,,,,,,,,,,,
CT2-1:KW,(                ),kW,0.0,0.0,0.0,0.0,0.0,0.0,0.0,0.0,0.0,0.0,0.0,0.0,0.0,0.0,0.0,0.0,0.0,0.0,0.0,0.0,0.0,0.0,0.0,0.0,0.0,0.0,0.0,0.0,0.0,0.0,0.0,0.0,0.0,0.0,0.0,0.0,0.0,0.0,0.0,0.0,0.0,0.0,0.0,0.0,0.0,0.0,0.0,0.0,0.0,0.0,0.0,0.0,,,,,,,,,,,,,,,,,,,,,,,,,,,,,,,,,,,,,,,,,,,,,,,,,,,,,,,,,,,,,,,,,,,,,,,,,,,,,,,,,,,,,,,,,,,,
CT2-2.KWH,(度數            ),kW h,11108,11108,11108,11108,11108,11108,11108,11108,11108,11108,11108,11108,11108,11108,11108,11108,11108,11108,11108,11108,11108,11108,11108,11108,11108,11108,11108,11108,11108,11108,11108,11108,11108,11108,11108,11108,11108,11108,11108,11108,11108,11108,11108,11108,11108,11108,11108,11108,11108,11108,11108,11108,,,,,,,,,,,,,,,,,,,,,,,,,,,,,,,,,,,,,,,,,,,,,,,,,,,,,,,,,,,,,,,,,,,,,,,,,,,,,,,,,,,,,,,,,,,,
CT2-2:KW,(                ),kW,0.0,0.0,0.0,0.0,0.0,0.0,0.0,0.0,0.0,0.0,0.0,0.0,0.0,0.0,0.0,0.0,0.0,0.0,0.0,0.0,0.0,0.0,0.0,0.0,0.0,0.0,0.0,0.0,0.0,0.0,0.0,0.0,0.0,0.0,0.0,0.0,0.0,0.0,0.0,0.0,0.0,0.0,0.0,0.0,0.0,0.0,0.0,0.0,0.0,0.0,0.0,0.0,,,,,,,,,,,,,,,,,,,,,,,,,,,,,,,,,,,,,,,,,,,,,,,,,,,,,,,,,,,,,,,,,,,,,,,,,,,,,,,,,,,,,,,,,,,,
CT2-3.KWH,(度數            ),kW h,10927,10927,10927,10927,10927,10927,10927,10927,10927,10927,10927,10927,10927,10927,10927,10927,10927,10927,10927,10927,10927,10927,10927,10927,10927,10927,10927,10927,10927,10927,10927,10927,10927,10927,10927,10927,10927,10927,10927,10927,10927,10927,10927,10927,10927,10927,10927,10927,10927,10927,10927,10927,,,,,,,,,,,,,,,,,,,,,,,,,,,,,,,,,,,,,,,,,,,,,,,,,,,,,,,,,,,,,,,,,,,,,,,,,,,,,,,,,,,,,,,,,,,,
CT2-3:KW,(                ),kW,0.0,0.0,0.0,0.0,0.0,0.0,0.0,0.0,0.0,0.0,0.0,0.0,0.0,0.0,0.0,0.0,0.0,0.0,0.0,0.0,0.0,0.0,0.0,0.0,0.0,0.0,0.0,0.0,0.0,0.0,0.0,0.0,0.0,0.0,0.0,0.0,0.0,0.0,0.0,0.0,0.0,0.0,0.0,0.0,0.0,0.0,0.0,0.0,0.0,0.0,0.0,0.0,,,,,,,,,,,,,,,,,,,,,,,,,,,,,,,,,,,,,,,,,,,,,,,,,,,,,,,,,,,,,,,,,,,,,,,,,,,,,,,,,,,,,,,,,,,,
CT2-4.KWH,(度數            ),kW h,11260,11260,11260,11260,11260,11260,11260,11260,11260,11260,11260,11260,11260,11260,11260,11260,11260,11260,11260,11260,11260,11260,11260,11260,11260,11260,11260,11260,11260,11260,11260,11260,11260,11260,11260,11260,11260,11260,11260,11260,11260,11260,11260,11260,11260,11260,11260,11260,11260,11260,11260,11260,,,,,,,,,,,,,,,,,,,,,,,,,,,,,,,,,,,,,,,,,,,,,,,,,,,,,,,,,,,,,,,,,,,,,,,,,,,,,,,,,,,,,,,,,,,,
CT2-4:KW,(                ),kW,0.0,0.0,0.0,0.0,0.0,0.0,0.0,0.0,0.0,0.0,0.0,0.0,0.0,0.0,0.0,0.0,0.0,0.0,0.0,0.0,0.0,0.0,0.0,0.0,0.0,0.0,0.0,0.0,0.0,0.0,0.0,0.0,0.0,0.0,0.0,0.0,0.0,0.0,0.0,0.0,0.0,0.0,0.0,0.0,0.0,0.0,0.0,0.0,0.0,0.0,0.0,0.0,,,,,,,,,,,,,,,,,,,,,,,,,,,,,,,,,,,,,,,,,,,,,,,,,,,,,,,,,,,,,,,,,,,,,,,,,,,,,,,,,,,,,,,,,,,,
CT2-ALL.KW,(冷卻水塔系統功率),,0.0,0.0,0.0,0.0,0.0,0.0,0.0,0.0,0.0,0.0,0.0,0.0,0.0,0.0,0.0,0.0,0.0,0.0,0.0,0.0,0.0,0.0,0.0,0.0,0.0,0.0,0.0,0.0,0.0,0.0,0.0,0.0,0.0,0.0,0.0,0.0,0.0,0.0,0.0,0.0,0.0,0.0,0.0,0.0,0.0,0.0,0.0,0.0,0.0,0.0,0.0,0.0,,,,,,,,,,,,,,,,,,,,,,,,,,,,,,,,,,,,,,,,,,,,,,,,,,,,,,,,,,,,,,,,,,,,,,,,,,,,,,,,,,,,,,,,,,,,
CT2-ALL.KWH,(度數            ),kW h,44724,44724,44724,44724,44724,44724,44724,44724,44724,44724,44724,44724,44724,44724,44724,44724,44724,44724,44724,44724,44724,44724,44724,44724,44724,44724,44724,44724,44724,44724,44724,44724,44724,44724,44724,44724,44724,44724,44724,44724,44724,44724,44724,44724,44724,44724,44724,44724,44724,44724,44724,44724,,,,,,,,,,,,,,,,,,,,,,,,,,,,,,,,,,,,,,,,,,,,,,,,,,,,,,,,,,,,,,,,,,,,,,,,,,,,,,,,,,,,,,,,,,,,
CT3-1.KWH,(度數            ),kW h,6351,6351,6351,6351,6351,6351,6351,6351,6351,6351,6351,6351,6351,6351,6351,6351,6351,6351,6351,6351,6351,6351,6351,6351,6351,6351,6351,6351,6351,6351,6351,6351,6351,6351,6351,6351,6351,6351,6351,6351,6351,6351,6351,6351,6351,6351,6351,6351,6351,6351,6351,6351,,,,,,,,,,,,,,,,,,,,,,,,,,,,,,,,,,,,,,,,,,,,,,,,,,,,,,,,,,,,,,,,,,,,,,,,,,,,,,,,,,,,,,,,,,,,
CT3-1:KW,(                ),kW,0.0,0.0,0.0,0.0,0.0,0.0,0.0,0.0,0.0,0.0,0.0,0.0,0.0,0.0,0.0,0.0,0.0,0.0,0.0,0.0,0.0,0.0,0.0,0.0,0.0,0.0,0.0,0.0,0.0,0.0,0.0,0.0,0.0,0.0,0.0,0.0,0.0,0.0,0.0,0.0,0.0,0.0,0.0,0.0,0.0,0.0,0.0,0.0,0.0,0.0,0.0,0.0,,,,,,,,,,,,,,,,,,,,,,,,,,,,,,,,,,,,,,,,,,,,,,,,,,,,,,,,,,,,,,,,,,,,,,,,,,,,,,,,,,,,,,,,,,,,
CT3-2.KWH,(度數            ),kW h,7157,7157,7157,7157,7157,7157,7157,7157,7157,7157,7157,7157,7157,7157,7157,7157,7157,7157,7157,7157,7157,7157,7157,7157,7157,7157,7157,7157,7157,7157,7157,7157,7157,7157,7157,7157,7157,7157,7157,7157,7157,7157,7157,7157,7157,7157,7157,7157,7157,7157,7157,7157,,,,,,,,,,,,,,,,,,,,,,,,,,,,,,,,,,,,,,,,,,,,,,,,,,,,,,,,,,,,,,,,,,,,,,,,,,,,,,,,,,,,,,,,,,,,
CT3-2:KW,(                ),kW,0.0,0.0,0.0,0.0,0.0,0.0,0.0,0.0,0.0,0.0,0.0,0.0,0.0,0.0,0.0,0.0,0.0,0.0,0.0,0.0,0.0,0.0,0.0,0.0,0.0,0.0,0.0,0.0,0.0,0.0,0.0,0.0,0.0,0.0,0.0,0.0,0.0,0.0,0.0,0.0,0.0,0.0,0.0,0.0,0.0,0.0,0.0,0.0,0.0,0.0,0.0,0.0,,,,,,,,,,,,,,,,,,,,,,,,,,,,,,,,,,,,,,,,,,,,,,,,,,,,,,,,,,,,,,,,,,,,,,,,,,,,,,,,,,,,,,,,,,,,
CT3-3.KWH,(度數            ),kW h,7496,7496,7496,7496,7496,7496,7496,7496,7496,7496,7496,7496,7496,7496,7496,7496,7496,7496,7496,7496,7496,7496,7496,7496,7496,7496,7496,7496,7496,7496,7496,7496,7496,7496,7496,7496,7496,7496,7496,7496,7496,7496,7496,7496,7496,7496,7496,7496,7496,7496,7496,7496,,,,,,,,,,,,,,,,,,,,,,,,,,,,,,,,,,,,,,,,,,,,,,,,,,,,,,,,,,,,,,,,,,,,,,,,,,,,,,,,,,,,,,,,,,,,
CT3-3:KW,(                ),kW,0.0,0.0,0.0,0.0,0.0,0.0,0.0,0.0,0.0,0.0,0.0,0.0,0.0,0.0,0.0,0.0,0.0,0.0,0.0,0.0,0.0,0.0,0.0,0.0,0.0,0.0,0.0,0.0,0.0,0.0,0.0,0.0,0.0,0.0,0.0,0.0,0.0,0.0,0.0,0.0,0.0,0.0,0.0,0.0,0.0,0.0,0.0,0.0,0.0,0.0,0.0,0.0,,,,,,,,,,,,,,,,,,,,,,,,,,,,,,,,,,,,,,,,,,,,,,,,,,,,,,,,,,,,,,,,,,,,,,,,,,,,,,,,,,,,,,,,,,,,
CT3-4.KWH,(度數            ),kW h,7555,7555,7555,7555,7555,7555,7555,7555,7555,7555,7555,7555,7555,7555,7555,7555,7555,7555,7555,7555,7555,7555,7555,7555,7555,7555,7555,7555,7555,7555,7555,7555,7555,7555,7555,7555,7555,7555,7555,7555,7555,7555,7555,7555,7555,7555,7555,7555,7555,7555,7555,7555,,,,,,,,,,,,,,,,,,,,,,,,,,,,,,,,,,,,,,,,,,,,,,,,,,,,,,,,,,,,,,,,,,,,,,,,,,,,,,,,,,,,,,,,,,,,
CT3-4:KW,(                ),kW,0.0,0.0,0.0,0.0,0.0,0.0,0.0,0.0,0.0,0.0,0.0,0.0,0.0,0.0,0.0,0.0,0.0,0.0,0.0,0.0,0.0,0.0,0.0,0.0,0.0,0.0,0.0,0.0,0.0,0.0,0.0,0.0,0.0,0.0,0.0,0.0,0.0,0.0,0.0,0.0,0.0,0.0,0.0,0.0,0.0,0.0,0.0,0.0,0.0,0.0,0.0,0.0,,,,,,,,,,,,,,,,,,,,,,,,,,,,,,,,,,,,,,,,,,,,,,,,,,,,,,,,,,,,,,,,,,,,,,,,,,,,,,,,,,,,,,,,,,,,
CT3-ALL.KW,(冷卻水塔系統功率),,0.0,0.0,0.0,0.0,0.0,0.0,0.0,0.0,0.0,0.0,0.0,0.0,0.0,0.0,0.0,0.0,0.0,0.0,0.0,0.0,0.0,0.0,0.0,0.0,0.0,0.0,0.0,0.0,0.0,0.0,0.0,0.0,0.0,0.0,0.0,0.0,0.0,0.0,0.0,0.0,0.0,0.0,0.0,0.0,0.0,0.0,0.0,0.0,0.0,0.0,0.0,0.0,,,,,,,,,,,,,,,,,,,,,,,,,,,,,,,,,,,,,,,,,,,,,,,,,,,,,,,,,,,,,,,,,,,,,,,,,,,,,,,,,,,,,,,,,,,,
CT3-ALL.KWH,(度數            ),kW h,28561,28561,28561,28561,28561,28561,28561,28561,28561,28561,28561,28561,28561,28561,28561,28561,28561,28561,28561,28561,28561,28561,28561,28561,28561,28561,28561,28561,28561,28561,28561,28561,28561,28561,28561,28561,28561,28561,28561,28561,28561,28561,28561,28561,28561,28561,28561,28561,28561,28561,28561,28561,,,,,,,,,,,,,,,,,,,,,,,,,,,,,,,,,,,,,,,,,,,,,,,,,,,,,,,,,,,,,,,,,,,,,,,,,,,,,,,,,,,,,,,,,,,,
CT4-1.KWH,(度數            ),kW h,12125,12125,12125,12125,12125,12125,12125,12125,12125,12125,12125,12125,12125,12125,12125,12125,12125,12125,12125,12125,12125,12125,12125,12125,12125,12125,12125,12125,12125,12125,12125,12125,12125,12125,12125,12125,12125,12125,12125,12125,12125,12125,12125,12125,12125,12125,12125,12125,12125,12125,12125,12125,,,,,,,,,,,,,,,,,,,,,,,,,,,,,,,,,,,,,,,,,,,,,,,,,,,,,,,,,,,,,,,,,,,,,,,,,,,,,,,,,,,,,,,,,,,,
CT4-1:KW,(                ),kW,0.0,0.0,0.0,0.0,0.0,0.0,0.0,0.0,0.0,0.0,0.0,0.0,0.0,0.0,0.0,0.0,0.0,0.0,0.0,0.0,0.0,0.0,0.0,0.0,0.0,0.0,0.0,0.0,0.0,0.0,0.0,0.0,0.0,0.0,0.0,0.0,0.0,0.0,0.0,0.0,0.0,0.0,0.0,0.0,0.0,0.0,0.0,0.0,0.0,0.0,0.0,0.0,,,,,,,,,,,,,,,,,,,,,,,,,,,,,,,,,,,,,,,,,,,,,,,,,,,,,,,,,,,,,,,,,,,,,,,,,,,,,,,,,,,,,,,,,,,,
CT4-2.KWH,(度數            ),kW h,7658,7658,7658,7658,7658,7658,7658,7658,7658,7658,7658,7658,7658,7658,7658,7658,7658,7658,7658,7658,7658,7658,7658,7658,7658,7658,7658,7658,7658,7658,7658,7658,7658,7658,7658,7658,7658,7658,7658,7658,7658,7658,7658,7658,7658,7658,7658,7658,7658,7658,7658,7658,,,,,,,,,,,,,,,,,,,,,,,,,,,,,,,,,,,,,,,,,,,,,,,,,,,,,,,,,,,,,,,,,,,,,,,,,,,,,,,,,,,,,,,,,,,,
CT4-2:KW,(                ),kW,0.0,0.0,0.0,0.0,0.0,0.0,0.0,0.0,0.0,0.0,0.0,0.0,0.0,0.0,0.0,0.0,0.0,0.0,0.0,0.0,0.0,0.0,0.0,0.0,0.0,0.0,0.0,0.0,0.0,0.0,0.0,0.0,0.0,0.0,0.0,0.0,0.0,0.0,0.0,0.0,0.0,0.0,0.0,0.0,0.0,0.0,0.0,0.0,0.0,0.0,0.0,0.0,,,,,,,,,,,,,,,,,,,,,,,,,,,,,,,,,,,,,,,,,,,,,,,,,,,,,,,,,,,,,,,,,,,,,,,,,,,,,,,,,,,,,,,,,,,,
CT4-3.KWH,(度數            ),kW h,11458,11458,11458,11458,11458,11458,11458,11458,11458,11458,11458,11458,11458,11458,11458,11458,11458,11458,11458,11458,11458,11458,11458,11458,11458,11458,11458,11458,11458,11458,11458,11458,11458,11458,11458,11458,11458,11458,11458,11458,11458,11458,11458,11458,11458,11458,11458,11458,11458,11458,11458,11458,,,,,,,,,,,,,,,,,,,,,,,,,,,,,,,,,,,,,,,,,,,,,,,,,,,,,,,,,,,,,,,,,,,,,,,,,,,,,,,,,,,,,,,,,,,,
CT4-3:KW,(                ),kW,0.0,0.0,0.0,0.0,0.0,0.0,0.0,0.0,0.0,0.0,0.0,0.0,0.0,0.0,0.0,0.0,0.0,0.0,0.0,0.0,0.0,0.0,0.0,0.0,0.0,0.0,0.0,0.0,0.0,0.0,0.0,0.0,0.0,0.0,0.0,0.0,0.0,0.0,0.0,0.0,0.0,0.0,0.0,0.0,0.0,0.0,0.0,0.0,0.0,0.0,0.0,0.0,,,,,,,,,,,,,,,,,,,,,,,,,,,,,,,,,,,,,,,,,,,,,,,,,,,,,,,,,,,,,,,,,,,,,,,,,,,,,,,,,,,,,,,,,,,,
CT4-4.KWH,(度數            ),kW h,9506,9506,9506,9506,9506,9506,9506,9506,9506,9506,9506,9506,9506,9506,9506,9506,9506,9506,9506,9506,9506,9506,9506,9506,9506,9506,9506,9506,9506,9506,9506,9506,9506,9506,9506,9506,9506,9506,9506,9506,9506,9506,9506,9506,9506,9506,9506,9506,9506,9506,9506,9506,,,,,,,,,,,,,,,,,,,,,,,,,,,,,,,,,,,,,,,,,,,,,,,,,,,,,,,,,,,,,,,,,,,,,,,,,,,,,,,,,,,,,,,,,,,,
CT4-4:KW,(                ),kW,0.0,0.0,0.0,0.0,0.0,0.0,0.0,0.0,0.0,0.0,0.0,0.0,0.0,0.0,0.0,0.0,0.0,0.0,0.0,0.0,0.0,0.0,0.0,0.0,0.0,0.0,0.0,0.0,0.0,0.0,0.0,0.0,0.0,0.0,0.0,0.0,0.0,0.0,0.0,0.0,0.0,0.0,0.0,0.0,0.0,0.0,0.0,0.0,0.0,0.0,0.0,0.0,,,,,,,,,,,,,,,,,,,,,,,,,,,,,,,,,,,,,,,,,,,,,,,,,,,,,,,,,,,,,,,,,,,,,,,,,,,,,,,,,,,,,,,,,,,,
CT4-ALL.KW,(冷卻水塔系統功率),,0.0,0.0,0.0,0.0,0.0,0.0,0.0,0.0,0.0,0.0,0.0,0.0,0.0,0.0,0.0,0.0,0.0,0.0,0.0,0.0,0.0,0.0,0.0,0.0,0.0,0.0,0.0,0.0,0.0,0.0,0.0,0.0,0.0,0.0,0.0,0.0,0.0,0.0,0.0,0.0,0.0,0.0,0.0,0.0,0.0,0.0,0.0,0.0,0.0,0.0,0.0,0.0,,,,,,,,,,,,,,,,,,,,,,,,,,,,,,,,,,,,,,,,,,,,,,,,,,,,,,,,,,,,,,,,,,,,,,,,,,,,,,,,,,,,,,,,,,,,
CT4-ALL.KWH,(度數            ),kW h,40749,40749,40749,40749,40749,40749,40749,40749,40749,40749,40749,40749,40749,40749,40749,40749,40749,40749,40749,40749,40749,40749,40749,40749,40749,40749,40749,40749,40749,40749,40749,40749,40749,40749,40749,40749,40749,40749,40749,40749,40749,40749,40749,40749,40749,40749,40749,40749,40749,40749,40749,40749,,,,,,,,,,,,,,,,,,,,,,,,,,,,,,,,,,,,,,,,,,,,,,,,,,,,,,,,,,,,,,,,,,,,,,,,,,,,,,,,,,,,,,,,,,,,
CT5-1.KWH,(度數            ),kW h,13233,13233,13233,13233,13233,13233,13233,13233,13233,13233,13233,13233,13233,13233,13233,13233,13233,13233,13233,13233,13233,13233,13233,13233,13233,13233,13233,13233,13233,13233,13233,13233,13233,13233,13233,13233,13233,13233,13233,13233,13233,13233,13233,13233,13233,13233,13233,13233,13233,13233,13233,13233,,,,,,,,,,,,,,,,,,,,,,,,,,,,,,,,,,,,,,,,,,,,,,,,,,,,,,,,,,,,,,,,,,,,,,,,,,,,,,,,,,,,,,,,,,,,
CT5-1:KW,(                ),kW,0.0,0.0,0.0,0.0,0.0,0.0,0.0,0.0,0.0,0.0,0.0,0.0,0.0,0.0,0.0,0.0,0.0,0.0,0.0,0.0,0.0,0.0,0.0,0.0,0.0,0.0,0.0,0.0,0.0,0.0,0.0,0.0,0.0,0.0,0.0,0.0,0.0,0.0,0.0,0.0,0.0,0.0,0.0,0.0,0.0,0.0,0.0,0.0,0.0,0.0,0.0,0.0,,,,,,,,,,,,,,,,,,,,,,,,,,,,,,,,,,,,,,,,,,,,,,,,,,,,,,,,,,,,,,,,,,,,,,,,,,,,,,,,,,,,,,,,,,,,
CT5-2.KWH,(度數            ),kW h,12649,12649,12649,12649,12649,12649,12649,12649,12649,12649,12649,12649,12649,12649,12649,12649,12649,12649,12649,12649,12649,12649,12649,12649,12649,12649,12649,12649,12649,12649,12649,12649,12649,12649,12649,12649,12649,12649,12649,12649,12649,12649,12649,12649,12649,12649,12649,12649,12649,12649,12649,12649,,,,,,,,,,,,,,,,,,,,,,,,,,,,,,,,,,,,,,,,,,,,,,,,,,,,,,,,,,,,,,,,,,,,,,,,,,,,,,,,,,,,,,,,,,,,
CT5-2:KW,(                ),kW,0.0,0.0,0.0,0.0,0.0,0.0,0.0,0.0,0.0,0.0,0.0,0.0,0.0,0.0,0.0,0.0,0.0,0.0,0.0,0.0,0.0,0.0,0.0,0.0,0.0,0.0,0.0,0.0,0.0,0.0,0.0,0.0,0.0,0.0,0.0,0.0,0.0,0.0,0.0,0.0,0.0,0.0,0.0,0.0,0.0,0.0,0.0,0.0,0.0,0.0,0.0,0.0,,,,,,,,,,,,,,,,,,,,,,,,,,,,,,,,,,,,,,,,,,,,,,,,,,,,,,,,,,,,,,,,,,,,,,,,,,,,,,,,,,,,,,,,,,,,
CT5-3.KWH,(度數            ),kW h,11421,11421,11421,11421,11421,11421,11421,11421,11421,11421,11421,11421,11421,11421,11421,11421,11421,11421,11421,11421,11421,11421,11421,11421,11421,11421,11421,11421,11421,11421,11421,11421,11421,11421,11421,11421,11421,11421,11421,11421,11421,11421,11421,11421,11421,11421,11421,11421,11421,11421,11421,11421,,,,,,,,,,,,,,,,,,,,,,,,,,,,,,,,,,,,,,,,,,,,,,,,,,,,,,,,,,,,,,,,,,,,,,,,,,,,,,,,,,,,,,,,,,,,
CT5-3:KW,(                ),kW,0.0,0.0,0.0,0.0,0.0,0.0,0.0,0.0,0.0,0.0,0.0,0.0,0.0,0.0,0.0,0.0,0.0,0.0,0.0,0.0,0.0,0.0,0.0,0.0,0.0,0.0,0.0,0.0,0.0,0.0,0.0,0.0,0.0,0.0,0.0,0.0,0.0,0.0,0.0,0.0,0.0,0.0,0.0,0.0,0.0,0.0,0.0,0.0,0.0,0.0,0.0,0.0,,,,,,,,,,,,,,,,,,,,,,,,,,,,,,,,,,,,,,,,,,,,,,,,,,,,,,,,,,,,,,,,,,,,,,,,,,,,,,,,,,,,,,,,,,,,
CT5-4.KWH,(度數            ),kW h,12772,12772,12772,12772,12772,12772,12772,12772,12772,12772,12772,12772,12772,12772,12772,12772,12772,12772,12772,12772,12772,12772,12772,12772,12772,12772,12772,12772,12772,12772,12772,12772,12772,12772,12772,12772,12772,12772,12772,12772,12772,12772,12772,12772,12772,12772,12772,12772,12772,12772,12772,12772,,,,,,,,,,,,,,,,,,,,,,,,,,,,,,,,,,,,,,,,,,,,,,,,,,,,,,,,,,,,,,,,,,,,,,,,,,,,,,,,,,,,,,,,,,,,
CT5-4:KW,(                ),kW,0.0,0.0,0.0,0.0,0.0,0.0,0.0,0.0,0.0,0.0,0.0,0.0,0.0,0.0,0.0,0.0,0.0,0.0,0.0,0.0,0.0,0.0,0.0,0.0,0.0,0.0,0.0,0.0,0.0,0.0,0.0,0.0,0.0,0.0,0.0,0.0,0.0,0.0,0.0,0.0,0.0,0.0,0.0,0.0,0.0,0.0,0.0,0.0,0.0,0.0,0.0,0.0,,,,,,,,,,,,,,,,,,,,,,,,,,,,,,,,,,,,,,,,,,,,,,,,,,,,,,,,,,,,,,,,,,,,,,,,,,,,,,,,,,,,,,,,,,,,
CT5-ALL.KW,(冷卻水塔系統功率),,0.0,0.0,0.0,0.0,0.0,0.0,0.0,0.0,0.0,0.0,0.0,0.0,0.0,0.0,0.0,0.0,0.0,0.0,0.0,0.0,0.0,0.0,0.0,0.0,0.0,0.0,0.0,0.0,0.0,0.0,0.0,0.0,0.0,0.0,0.0,0.0,0.0,0.0,0.0,0.0,0.0,0.0,0.0,0.0,0.0,0.0,0.0,0.0,0.0,0.0,0.0,0.0,,,,,,,,,,,,,,,,,,,,,,,,,,,,,,,,,,,,,,,,,,,,,,,,,,,,,,,,,,,,,,,,,,,,,,,,,,,,,,,,,,,,,,,,,,,,
CT5-ALL.KWH,(度數            ),kW h,50076,50076,50076,50076,50076,50076,50076,50076,50076,50076,50076,50076,50076,50076,50076,50076,50076,50076,50076,50076,50076,50076,50076,50076,50076,50076,50076,50076,50076,50076,50076,50076,50076,50076,50076,50076,50076,50076,50076,50076,50076,50076,50076,50076,50076,50076,50076,50076,50076,50076,50076,50076,,,,,,,,,,,,,,,,,,,,,,,,,,,,,,,,,,,,,,,,,,,,,,,,,,,,,,,,,,,,,,,,,,,,,,,,,,,,,,,,,,,,,,,,,,,,
CTB1-ALL.KW,(冷卻水塔系統功率),,8.2,8.2,8.2,8.2,8.2,8.2,8.2,8.2,8.2,8.2,8.2,8.2,8.2,8.2,8.2,8.2,8.2,8.2,8.2,8.2,8.2,8.2,8.2,8.2,8.2,8.2,8.2,8.2,8.2,8.2,8.2,8.2,8.2,8.2,8.2,8.2,8.2,8.2,8.2,8.2,8.2,8.2,8.2,8.2,8.2,8.2,8.2,8.2,8.2,8.2,8.2,8.2,,,,,,,,,,,,,,,,,,,,,,,,,,,,,,,,,,,,,,,,,,,,,,,,,,,,,,,,,,,,,,,,,,,,,,,,,,,,,,,,,,,,,,,,,,,,
ZP1F7:KW,(                ),kW,0.0,0.0,0.0,0.0,0.0,0.0,0.0,0.0,0.0,0.0,0.0,0.0,0.0,0.0,0.0,0.0,0.0,0.0,0.0,0.0,0.0,0.0,0.0,0.0,0.0,0.0,0.0,0.0,0.0,0.0,0.0,0.0,0.0,0.0,0.0,0.0,0.0,0.0,0.0,0.0,0.0,0.0,0.0,0.0,0.0,0.0,0.0,0.0,0.0,0.0,0.0,0.0,,,,,,,,,,,,,,,,,,,,,,,,,,,,,,,,,,,,,,,,,,,,,,,,,,,,,,,,,,,,,,,,,,,,,,,,,,,,,,,,,,,,,,,,,,,,
ZP1F7:KWH,(                ),,591852,591852,591852,591852,591852,591852,591852,591852,591852,591852,591852,591852,591852,591852,591852,591852,591852,591852,591852,591852,591852,591852,591852,591852,591852,591852,591852,591852,591852,591852,591852,591852,591852,591852,591852,591852,591852,591852,591852,591852,591852,591852,591852,591852,591852,591852,591852,591852,591852,591852,591852,591852,,,,,,,,,,,,,,,,,,,,,,,,,,,,,,,,,,,,,,,,,,,,,,,,,,,,,,,,,,,,,,,,,,,,,,,,,,,,,,,,,,,,,,,,,,,,
ZP2F7:KW,(                ),kW,16.2,16.3,16.5,16.4,16.3,16.5,16.3,16.5,16.5,16.4,16.5,16.4,16.4,16.3,16.3,16.3,16.5,16.6,16.4,16.5,16.6,16.4,16.3,16.3,0.0,0.0,0.0,0.0,0.0,0.0,0.0,0.0,0.0,0.0,0.0,0.0,0.0,0.0,0.0,0.0,0.0,0.0,0.0,0.0,0.0,16.3,16.3,16.1,16.1,16.1,6.0,0.0,,,,,,,,,,,,,,,,,,,,,,,,,,,,,,,,,,,,,,,,,,,,,,,,,,,,,,,,,,,,,,,,,,,,,,,,,,,,,,,,,,,,,,,,,,,,
ZP2F7:KWH,(                ),,527329,527332,527335,527337,527340,527343,527345,527348,527351,527354,527356,527359,527362,527365,527368,527370,527373,527376,527379,527381,527384,527387,527389,527392,527393,527393,527393,527393,527393,527393,527393,527393,527393,527393,527393,527393,527393,527393,527393,527393,527393,527393,527393,527393,527393,527394,527396,527399,527402,527404,527407,527407,,,,,,,,,,,,,,,,,,,,,,,,,,,,,,,,,,,,,,,,,,,,,,,,,,,,,,,,,,,,,,,,,,,,,,,,,,,,,,,,,,,,,,,,,,,,
ZP3F7:KW,(                ),kW,0.0,0.0,0.0,0.0,0.0,0.0,0.0,0.0,0.0,0.0,0.0,0.0,0.0,0.0,0.0,0.0,0.0,0.0,0.0,0.0,0.0,0.0,0.0,0.0,0.0,0.0,0.0,0.0,0.0,0.0,0.0,0.0,0.0,0.0,0.0,0.0,0.0,0.0,0.0,0.0,0.0,0.0,0.0,0.0,0.0,0.0,0.0,0.0,0.0,0.0,0.0,0.1,,,,,,,,,,,,,,,,,,,,,,,,,,,,,,,,,,,,,,,,,,,,,,,,,,,,,,,,,,,,,,,,,,,,,,,,,,,,,,,,,,,,,,,,,,,,
ZP3F7:KWH,(                ),,320713,320713,320713,320713,320713,320713,320713,320713,320713,320713,320713,320713,320713,320713,320713,320713,320713,320713,320713,320713,320713,320713,320713,320713,320713,320713,320713,320713,320713,320713,320713,320713,320713,320713,320713,320713,320713,320713,320713,320713,320713,320713,320713,320713,320713,320713,320713,320713,320713,320713,320713,320713,,,,,,,,,,,,,,,,,,,,,,,,,,,,,,,,,,,,,,,,,,,,,,,,,,,,,,,,,,,,,,,,,,,,,,,,,,,,,,,,,,,,,,,,,,,,
ZP4F7:KW,(                ),kW,0.0,0.0,0.0,0.0,0.0,0.0,0.0,0.0,0.0,0.0,0.0,0.0,0.0,0.0,0.0,0.0,0.0,0.0,0.0,0.0,0.0,0.0,0.0,0.0,0.0,0.0,0.0,0.0,0.0,0.0,0.0,0.0,0.0,0.0,0.0,0.0,0.0,0.0,0.0,0.0,0.0,0.0,0.0,0.0,0.0,0.0,0.0,0.0,0.0,0.0,0.5,0.3,,,,,,,,,,,,,,,,,,,,,,,,,,,,,,,,,,,,,,,,,,,,,,,,,,,,,,,,,,,,,,,,,,,,,,,,,,,,,,,,,,,,,,,,,,,,
ZP4F7:KWH,(                ),,787851,787851,787851,787851,787851,787851,787851,787851,787851,787851,787851,787851,787851,787851,787851,787851,787851,787851,787851,787851,787851,787851,787851,787851,787851,787851,787851,787851,787851,787851,787851,787851,787851,787851,787851,787851,787851,787851,787851,787851,787851,787851,787851,787851,787851,787851,787851,787851,787851,787851,787851,787851,,,,,,,,,,,,,,,,,,,,,,,,,,,,,,,,,,,,,,,,,,,,,,,,,,,,,,,,,,,,,,,,,,,,,,,,,,,,,,,,,,,,,,,,,,,,
ZP5F7:KW,(                ),kW,18.7,19.0,18.7,18.8,18.7,18.8,18.8,18.9,18.7,18.8,18.7,19.1,18.7,19.0,18.9,19.1,18.9,18.8,18.9,18.9,18.6,19.0,18.8,18.7,19.0,18.8,18.9,19.0,18.8,18.7,18.8,18.6,18.8,18.9,18.8,18.9,18.7,18.6,18.6,18.8,18.9,18.8,15.0,13.8,13.3,11.1,10.5,10.3,10.3,10.5,11.8,0.0,,,,,,,,,,,,,,,,,,,,,,,,,,,,,,,,,,,,,,,,,,,,,,,,,,,,,,,,,,,,,,,,,,,,,,,,,,,,,,,,,,,,,,,,,,,,
ZP5F7:KWH,(                ),,718226,718230,718232,718236,718239,718242,718245,718248,718252,718255,718258,718260,718264,718267,718270,718274,718277,718280,718283,718286,718289,718292,718295,718299,718302,718305,718308,718311,718314,718317,718321,718324,718327,718330,718333,718336,718339,718343,718345,718349,718352,718355,718358,718360,718363,718365,718366,718368,718370,718372,718373,718374,,,,,,,,,,,,,,,,,,,,,,,,,,,,,,,,,,,,,,,,,,,,,,,,,,,,,,,,,,,,,,,,,,,,,,,,,,,,,,,,,,,,,,,,,,,,
ZP6F7:KW,(                ),kW,0.0,0.0,0.0,0.0,0.0,0.0,0.0,0.0,0.0,0.0,0.0,0.0,0.0,0.0,0.0,0.0,0.0,0.0,0.0,0.0,0.0,0.0,0.0,0.0,0.0,0.0,0.0,0.0,0.0,0.0,0.0,0.0,0.0,0.0,0.0,0.0,0.0,0.0,0.0,0.0,0.0,0.0,15.1,13.7,13.4,10.9,10.3,10.2,10.3,10.4,11.5,0.4,,,,,,,,,,,,,,,,,,,,,,,,,,,,,,,,,,,,,,,,,,,,,,,,,,,,,,,,,,,,,,,,,,,,,,,,,,,,,,,,,,,,,,,,,,,,
ZP6F7:KWH,(                ),,331747,331747,331747,331747,331747,331747,331747,331747,331747,331747,331747,331747,331747,331747,331747,331747,331747,331747,331747,331747,331747,331747,331747,331747,331747,331747,331747,331747,331747,331747,331747,331747,331747,331747,331747,331747,331747,331747,331747,331747,331747,331747,331748,331750,331753,331755,331757,331758,331760,331762,331763,331763,,,,,,,,,,,,,,,,,,,,,,,,,,,,,,,,,,,,,,,,,,,,,,,,,,,,,,,,,,,,,,,,,,,,,,,,,,,,,,,,,,,,,,,,,,,,
ZP7F7:KW,(                ),kW,0.0,0.0,0.0,0.0,0.0,0.0,0.0,0.0,0.0,0.0,0.0,0.0,0.0,0.0,0.0,0.0,0.0,0.0,0.0,0.0,0.0,0.0,0.0,0.0,0.0,0.0,0.0,0.0,0.0,0.0,0.0,0.0,0.0,0.0,0.0,0.0,0.0,0.0,0.0,0.0,0.0,0.0,0.0,0.0,0.0,0.0,0.0,0.0,0.0,0.0,0.0,0.0,,,,,,,,,,,,,,,,,,,,,,,,,,,,,,,,,,,,,,,,,,,,,,,,,,,,,,,,,,,,,,,,,,,,,,,,,,,,,,,,,,,,,,,,,,,,
ZP7F7:KWH,(                ),,422529,422529,422529,422529,422529,422529,422529,422529,422529,422529,422529,422529,422529,422529,422529,422529,422529,422529,422529,422529,422529,422529,422529,422529,422529,422529,422529,422529,422529,422529,422529,422529,422529,422529,422529,422529,422529,422529,422529,422529,422529,422529,422529,422529,422529,422529,422529,422529,422529,422529,422529,422529,,,,,,,,,,,,,,,,,,,,,,,,,,,,,,,,,,,,,,,,,,,,,,,,,,,,,,,,,,,,,,,,,,,,,,,,,,,,,,,,,,,,,,,,,,,,
ZP8F7:KW,(                ),kW,0.0,15.7,15.8,0.0,0.0,0.0,0.0,0.0,0.0,15.9,0.0,0.0,0.0,0.0,0.0,0.0,0.0,0.0,0.0,0.0,0.0,0.0,0.0,0.0,0.0,0.0,0.0,0.0,0.0,0.0,15.9,0.0,0.0,0.0,0.0,0.0,0.0,0.0,0.0,0.0,0.0,0.0,0.0,0.0,0.0,15.8,15.9,15.8,15.7,15.7,0.0,0.0,,,,,,,,,,,,,,,,,,,,,,,,,,,,,,,,,,,,,,,,,,,,,,,,,,,,,,,,,,,,,,,,,,,,,,,,,,,,,,,,,,,,,,,,,,,,
ZP8F7:KWH,(                ),,442737,442737,442739,442740,442740,442740,442740,442740,442740,442742,442744,442744,442744,442744,442744,442744,442744,442744,442744,442744,442744,442744,442744,442744,442744,442744,442744,442744,442744,442744,442746,442746,442746,442746,442746,442746,442746,442746,442746,442746,442746,442746,442746,442746,442746,442747,442750,442753,442755,442758,442760,442760,,,,,,,,,,,,,,,,,,,,,,,,,,,,,,,,,,,,,,,,,,,,,,,,,,,,,,,,,,,,,,,,,,,,,,,,,,,,,,,,,,,,,,,,,,,,
ZP9F7:KW,(                ),kW,0.0,0.0,0.0,0.0,0.0,0.0,0.0,0.0,0.0,0.0,0.0,0.0,0.0,0.0,0.0,0.0,0.0,0.0,0.0,0.0,0.0,0.0,0.0,0.0,0.0,0.0,0.0,0.0,0.0,0.0,0.0,0.0,0.0,0.0,0.0,0.0,0.0,0.0,0.0,0.0,0.0,0.0,0.0,0.0,0.0,0.0,0.0,0.0,0.0,0.0,0.0,0.0,,,,,,,,,,,,,,,,,,,,,,,,,,,,,,,,,,,,,,,,,,,,,,,,,,,,,,,,,,,,,,,,,,,,,,,,,,,,,,,,,,,,,,,,,,,,
ZP9F7:KWH,(                ),,243754,243754,243754,243754,243754,243754,243754,243754,243754,243754,243754,243754,243754,243754,243754,243754,243754,243754,243754,243754,243754,243754,243754,243754,243754,243754,243754,243754,243754,243754,243754,243754,243754,243754,243754,243754,243754,243754,243754,243754,243754,243754,243754,243754,243754,243754,243754,243754,243754,243754,243754,243754,,,,,,,,,,,,,,,,,,,,,,,,,,,,,,,,,,,,,,,,,,,,,,,,,,,,,,,,,,,,,,,,,,,,,,,,,,,,,,,,,,,,,,,,,,,,
ZP10F7:KW,(                ),kW,0.0,0.0,0.0,0.0,0.0,0.0,0.0,0.0,0.0,0.0,0.0,0.0,0.0,0.0,0.0,0.0,0.0,0.0,0.0,0.0,0.0,0.0,0.0,0.0,0.0,0.0,0.0,0.0,0.0,0.0,0.0,0.0,0.0,0.0,0.0,0.0,0.0,0.0,0.0,0.0,0.0,0.0,0.0,0.0,0.0,0.0,0.0,0.0,0.0,0.0,0.0,0.0,,,,,,,,,,,,,,,,,,,,,,,,,,,,,,,,,,,,,,,,,,,,,,,,,,,,,,,,,,,,,,,,,,,,,,,,,,,,,,,,,,,,,,,,,,,,
ZP10F7:KWH,(                ),,560581,560581,560581,560581,560581,560581,560581,560581,560581,560581,560581,560581,560581,560581,560581,560581,560581,560581,560581,560581,560581,560581,560581,560581,560581,560581,560581,560581,560581,560581,560581,560581,560581,560581,560581,560581,560581,560581,560581,560581,560581,560581,560581,560581,560581,560581,560581,560581,560581,560581,560581,560581,,,,,,,,,,,,,,,,,,,,,,,,,,,,,,,,,,,,,,,,,,,,,,,,,,,,,,,,,,,,,,,,,,,,,,,,,,,,,,,,,,,,,,,,,,,,
ZP11F7:KW,(                ),kW,23.3,0.0,0.0,23.1,23.3,0.0,0.0,0.0,23.4,0.0,0.0,0.0,0.0,0.0,0.0,0.0,0.0,0.0,0.0,0.0,0.0,0.0,0.0,0.0,0.0,0.0,0.0,0.0,0.0,0.0,0.0,23.3,23.2,23.2,23.1,23.3,23.2,23.1,23.1,23.1,23.1,23.2,23.1,23.3,23.1,23.0,23.2,23.1,23.1,23.2,14.6,0.0,,,,,,,,,,,,,,,,,,,,,,,,,,,,,,,,,,,,,,,,,,,,,,,,,,,,,,,,,,,,,,,,,,,,,,,,,,,,,,,,,,,,,,,,,,,,
ZP11F7:KWH,(                ),,410529,410531,410531,410531,410535,410537,410537,410537,410538,410539,410539,410539,410539,410539,410539,410539,410539,410539,410539,410539,410539,410539,410539,410539,410539,410539,410539,410539,410539,410539,410539,410541,410545,410549,410553,410557,410560,410564,410568,410572,410576,410580,410584,410587,410592,410595,410599,410603,410607,410610,410614,410615,,,,,,,,,,,,,,,,,,,,,,,,,,,,,,,,,,,,,,,,,,,,,,,,,,,,,,,,,,,,,,,,,,,,,,,,,,,,,,,,,,,,,,,,,,,,
ZP12F7:KW,(                ),kW,0.0,0.0,0.0,0.0,0.0,0.0,0.0,0.0,0.0,0.0,0.0,0.0,0.0,0.0,0.0,0.0,0.0,0.0,0.0,0.0,0.0,0.0,0.0,0.0,0.0,0.0,0.0,0.0,0.0,0.0,0.0,0.0,0.0,0.0,0.0,0.0,0.0,0.0,0.0,0.0,0.0,0.0,0.0,0.0,0.0,0.0,0.0,0.0,0.0,0.0,0.0,0.0,,,,,,,,,,,,,,,,,,,,,,,,,,,,,,,,,,,,,,,,,,,,,,,,,,,,,,,,,,,,,,,,,,,,,,,,,,,,,,,,,,,,,,,,,,,,
ZP12F7:KWH,(                ),,247978,247978,247978,247978,247978,247978,247978,247978,247978,247978,247978,247978,247978,247978,247978,247978,247978,247978,247978,247978,247978,247978,247978,247978,247978,247978,247978,247978,247978,247978,247978,247978,247978,247978,247978,247978,247978,247978,247978,247978,247978,247978,247978,247978,247978,247978,247978,247978,247978,247978,247978,247978,,,,,,,,,,,,,,,,,,,,,,,,,,,,,,,,,,,,,,,,,,,,,,,,,,,,,,,,,,,,,,,,,,,,,,,,,,,,,,,,,,,,,,,,,,,,
ZP13F7:KW,(                ),kW,0.0,0.0,0.0,0.0,0.0,0.0,0.0,0.0,0.0,0.0,0.0,0.0,0.0,0.0,0.0,0.0,0.0,0.0,0.0,0.0,0.0,0.0,0.0,0.0,0.0,0.0,0.0,0.0,0.0,0.0,0.0,0.0,0.0,0.0,0.0,0.0,0.0,0.0,0.0,0.0,0.0,0.0,0.0,0.0,0.0,0.0,0.0,0.0,0.0,0.0,0.0,0.0,,,,,,,,,,,,,,,,,,,,,,,,,,,,,,,,,,,,,,,,,,,,,,,,,,,,,,,,,,,,,,,,,,,,,,,,,,,,,,,,,,,,,,,,,,,,
ZP13F7:KWH,(                ),,531885,531885,531885,531885,531885,531885,531885,531885,531885,531885,531885,531885,531885,531885,531885,531885,531885,531885,531885,531885,531885,531885,531885,531885,531885,531885,531885,531885,531885,531885,531885,531885,531885,531885,531885,531885,531885,531885,531885,531885,531885,531885,531885,531885,531885,531885,531885,531885,531885,531885,531885,531885,,,,,,,,,,,,,,,,,,,,,,,,,,,,,,,,,,,,,,,,,,,,,,,,,,,,,,,,,,,,,,,,,,,,,,,,,,,,,,,,,,,,,,,,,,,,
ZP14F7:KW,(                ),kW,4.0,0.0,0.0,0.0,0.0,22.0,22.0,22.0,0.0,0.0,19.2,21.9,21.8,0.0,0.0,0.0,0.0,0.0,0.0,0.0,0.0,0.0,0.0,0.0,0.0,0.0,0.0,0.0,0.0,0.0,0.0,0.0,0.0,0.0,0.0,0.0,0.0,22.0,21.8,21.8,21.8,21.8,21.8,21.9,21.8,21.8,21.8,21.8,21.6,21.5,5.1,0.0,,,,,,,,,,,,,,,,,,,,,,,,,,,,,,,,,,,,,,,,,,,,,,,,,,,,,,,,,,,,,,,,,,,,,,,,,,,,,,,,,,,,,,,,,,,,
ZP14F7:KWH,(                ),,366336,366336,366336,366338,366338,366340,366343,366347,366350,366350,366350,366353,366357,366358,366358,366358,366358,366358,366358,366358,366358,366358,366358,366358,366358,366358,366358,366358,366358,366358,366358,366358,366358,366358,366358,366358,366358,366359,366362,366366,366370,366374,366377,366380,366385,366388,366392,366396,366399,366402,366406,366406,,,,,,,,,,,,,,,,,,,,,,,,,,,,,,,,,,,,,,,,,,,,,,,,,,,,,,,,,,,,,,,,,,,,,,,,,,,,,,,,,,,,,,,,,,,,
ZP15F7:KW,(                ),kW,0.0,0.0,0.0,0.0,0.0,0.0,0.0,0.0,0.0,0.0,0.0,0.0,0.0,0.0,0.0,0.0,0.0,0.0,0.0,0.0,0.0,0.0,0.0,0.0,0.0,0.0,0.0,0.0,0.0,0.0,0.0,0.0,0.0,0.0,0.0,0.0,0.0,0.0,0.0,0.0,0.0,0.0,0.0,0.0,0.0,0.0,0.0,0.0,0.0,0.0,0.0,0.0,,,,,,,,,,,,,,,,,,,,,,,,,,,,,,,,,,,,,,,,,,,,,,,,,,,,,,,,,,,,,,,,,,,,,,,,,,,,,,,,,,,,,,,,,,,,
ZP15F7:KWH,(                ),,219884,219884,219884,219884,219884,219884,219884,219884,219884,219884,219884,219884,219884,219884,219884,219884,219884,219884,219884,219884,219884,219884,219884,219884,219884,219884,219884,219884,219884,219884,219884,219884,219884,219884,219884,219884,219884,219884,219884,219884,219884,219884,219884,219884,219884,219884,219884,219884,219884,219884,219884,219884,,,,,,,,,,,,,,,,,,,,,,,,,,,,,,,,,,,,,,,,,,,,,,,,,,,,,,,,,,,,,,,,,,,,,,,,,,,,,,,,,,,,,,,,,,,,
