變數名稱,說明,單位,00:10:00,00:20:00,00:30:00,00:40:00,00:50:00,01:00:00,01:10:00,01:20:00,01:30:00,01:40:00,01:50:00,02:00:00,02:10:00,02:20:00,02:30:00,02:40:00,02:50:00,03:00:00,03:10:00,03:20:00,03:30:00,03:40:00,03:50:00,04:00:00,04:10:00,04:20:00,04:30:00,04:40:00,04:50:00,05:00:00,05:10:00,05:20:00,05:30:00,05:40:00,05:50:00,06:00:00,06:10:00,06:20:00,06:30:00,06:40:00,06:50:00,07:00:00,07:10:00,07:20:00,07:30:00,07:40:00,07:50:00,08:00:00,08:10:00,08:20:00,08:30:00,08:40:00,08:50:00,09:00:00,09:10:00,09:20:00,09:30:00,09:40:00,09:50:00,10:00:00,10:10:00,10:20:00,10:30:00,10:40:00,10:50:00,11:00:00,11:10:00,11:20:00,11:30:00,11:40:00,11:50:00,12:00:00,12:10:00,12:20:00,12:30:00,12:40:00,12:50:00,13:00:00,13:10:00,13:20:00,13:30:00,13:40:00,13:50:00,14:00:00,14:10:00,14:20:00,14:30:00,14:40:00,14:50:00,15:00:00,15:10:00,15:20:00,15:30:00,15:40:00,15:50:00,16:00:00,16:10:00,16:20:00,16:30:00,16:40:00,16:50:00,17:00:00,17:10:00,17:20:00,17:30:00,17:40:00,17:50:00,18:00:00,18:10:00,18:20:00,18:30:00,18:40:00,18:50:00,19:00:00,19:10:00,19:20:00,19:30:00,19:40:00,19:50:00,20:00:00,20:10:00,20:20:00,20:30:00,20:40:00,20:50:00,21:00:00,21:10:00,21:20:00,21:30:00,21:40:00,21:50:00,22:00:00,22:10:00,22:20:00,22:30:00,22:40:00,22:50:00,23:00:00,23:10:00,23:20:00,23:30:00,23:40:00,23:50:00,00:00:00
7F-CH-1.ST,(CH1出水溫度     ),DEG C,7.5,7.0,7.0,7.0,7.1,7.8,7.0,7.0,7.0,7.0,7.2,7.0,9.9,10.9,12.3,13.3,14.1,13.8,14.3,14.9,14.7,15.1,15.5,16.0,16.4,16.9,17.5,18.0,18.0,18.4,18.2,18.3,18.6,19.2,19.6,13.0,10.6,8.8,7.4,6.9,9.3,8.6,7.8,7.1,7.0,7.0,7.0,7.1,7.1,7.3,8.0,8.9,9.7,10.4,10.9,11.0,11.7,11.5,9.9,9.1,9.6,9.7,9.3,9.6,9.9,10.1,10.3,10.5,10.5,10.4,10.6,10.6,10.7,10.9,10.8,10.7,10.7,10.7,10.8,10.7,10.5,10.6,10.6,10.5,10.6,10.7,10.7,10.8,10.9,11.0,11.1,11.1,11.1,11.1,11.2,11.3,11.3,11.3,11.2,11.1,11.1,11.1,11.1,11.0,10.9,10.9,11.0,11.0,10.9,11.1,11.7,12.1,11.8,11.5,11.3,11.2,11.0,11.0,11.1,11.1,11.1,11.1,,,,,,,,,,,,,,,,,,,,,,
7F-CH-2.ST,(CH2出水溫度     ),DEG C,12.3,11.1,10.6,10.4,10.3,11.6,10.9,10.5,10.3,10.2,10.2,10.2,10.1,11.2,12.6,13.5,14.3,14.1,14.6,15.1,14.6,15.3,15.7,16.2,16.7,17.1,17.8,18.2,18.2,18.6,18.4,18.5,18.8,19.2,19.6,19.7,16.8,14.6,13.0,11.8,14.1,13.4,12.5,11.7,10.9,10.4,10.1,9.9,9.8,11.7,12.7,13.6,14.4,15.2,15.7,16.1,16.8,11.5,10.0,9.3,9.6,9.9,9.5,9.7,10.1,10.3,10.5,10.7,10.6,10.6,10.8,10.8,10.9,11.0,11.0,10.9,10.9,10.9,10.9,10.9,10.7,10.8,10.8,10.8,10.8,11.0,11.0,11.1,11.1,11.2,11.3,11.3,11.3,11.3,11.5,11.5,11.5,11.5,11.4,11.3,11.3,11.3,11.3,11.3,11.1,11.2,11.3,11.2,11.2,11.2,11.9,12.3,12.0,11.7,11.6,11.4,11.2,11.2,11.3,11.3,11.2,11.2,,,,,,,,,,,,,,,,,,,,,,
7F-CH-3.ST,(CH3出水溫度     ),DEG C,12.2,11.0,10.5,10.3,10.2,11.5,10.8,10.4,10.2,10.1,10.1,10.2,10.0,11.1,12.5,13.4,14.2,14.0,14.5,15.0,14.6,15.2,15.6,16.1,16.6,17.1,17.7,18.2,18.2,18.5,18.3,18.4,18.7,19.1,19.5,19.6,16.6,14.5,12.9,11.7,14.1,13.4,12.4,11.6,10.9,10.3,10.0,9.9,9.8,11.6,12.6,13.5,14.3,15.1,15.6,16.0,16.6,16.4,14.7,13.8,14.3,14.5,14.0,14.3,14.6,15.0,15.2,15.4,15.3,15.3,15.4,15.5,15.6,15.8,15.7,15.6,15.6,15.6,15.6,15.6,15.4,15.4,15.5,15.5,15.5,15.6,15.7,15.7,15.8,15.8,16.0,15.9,16.0,15.9,16.2,16.1,16.2,16.3,16.1,16.0,16.0,16.0,16.0,15.9,15.8,15.9,15.9,15.9,15.9,16.0,16.7,17.2,16.7,16.5,16.2,16.2,16.0,15.9,16.0,16.0,16.0,16.0,,,,,,,,,,,,,,,,,,,,,,
7F-CH-4.ST,(CH4出水溫度     ),DEG C,12.0,10.7,10.3,10.1,10.0,11.1,10.6,10.2,10.0,9.9,9.9,9.9,9.8,10.9,12.3,13.2,14.0,13.8,14.2,14.8,14.2,14.9,15.4,15.9,16.4,16.8,17.4,17.9,17.9,18.3,18.0,18.2,18.5,19.0,19.4,18.5,15.8,13.8,12.3,11.2,13.8,13.1,12.2,11.3,10.6,10.1,9.8,9.6,9.5,11.4,12.4,13.3,14.1,14.9,15.4,15.8,16.5,12.0,10.7,12.9,14.2,10.5,10.1,10.4,10.7,10.9,11.2,11.3,11.2,11.2,11.3,11.5,11.6,11.7,11.6,11.5,11.6,11.5,11.5,11.5,11.3,11.4,11.4,11.4,11.4,11.6,11.6,11.7,11.8,11.9,12.0,12.0,12.0,11.9,12.1,12.1,12.2,12.2,12.0,11.9,12.0,12.0,12.0,12.0,11.8,11.9,11.9,11.9,11.8,15.8,16.4,16.9,16.5,16.2,16.0,15.9,15.7,15.7,15.7,15.7,15.7,15.7,,,,,,,,,,,,,,,,,,,,,,
7F-CH-5.ST,(CH5出水溫度     ),DEG C,12.2,10.9,10.4,10.2,10.1,10.9,10.7,10.4,10.1,10.0,10.0,10.0,9.9,11.0,12.3,13.3,14.1,13.9,14.3,14.9,14.5,15.1,15.5,16.0,16.5,16.9,17.6,18.0,18.0,18.4,18.2,18.3,18.6,18.9,19.4,19.7,16.9,14.7,13.0,11.7,14.0,13.3,12.3,11.5,10.8,10.3,10.0,9.8,9.7,11.5,12.5,13.4,14.3,15.1,15.6,16.0,16.6,16.4,14.7,13.9,14.3,14.5,14.0,14.3,14.6,14.8,15.1,15.2,15.2,15.1,15.2,15.4,15.5,15.6,15.6,15.5,15.5,15.4,15.5,15.5,15.3,15.3,15.4,15.4,15.4,15.5,15.6,15.6,15.8,15.7,15.8,15.9,15.9,15.8,16.0,16.0,16.1,16.1,16.0,15.9,15.9,15.8,15.9,15.8,15.7,15.7,15.8,15.8,15.7,15.8,16.7,12.3,12.1,11.8,11.7,11.6,11.3,11.3,11.4,11.4,11.3,11.4,,,,,,,,,,,,,,,,,,,,,,
7F-CH.ST,(冰水總出水溫度  ),DEG C,10.5,9.5,9.2,9.1,9.0,10.1,9.5,9.2,9.0,8.9,8.7,8.7,9.8,10.9,12.2,13.2,14.0,13.7,14.3,14.8,14.7,15.0,15.4,15.9,16.4,16.9,17.5,18.0,18.0,18.3,18.1,18.3,18.6,19.1,19.5,15.2,12.5,10.6,9.1,8.4,12.4,11.6,10.7,9.9,9.4,9.1,8.9,8.8,8.8,10.1,11.0,11.9,12.8,13.6,14.0,14.7,15.4,12.5,11.0,10.8,11.7,10.8,10.4,10.6,11.0,11.2,11.5,11.6,11.5,11.5,11.7,11.7,11.8,12.0,11.9,11.8,11.8,11.8,11.8,11.8,11.6,11.7,11.7,11.7,11.7,11.8,11.9,12.0,12.0,12.2,12.2,12.2,12.2,12.2,12.4,12.4,12.4,12.4,12.3,12.2,12.3,12.2,12.3,12.2,12.1,12.1,12.2,12.2,12.1,13.2,13.9,13.2,12.9,12.6,12.5,12.3,12.1,12.1,12.2,12.2,12.1,12.2,,,,,,,,,,,,,,,,,,,,,,
7F-CH-1.RT,(CH1回水溫度     ),,12.3,10.9,10.5,10.3,10.2,11.5,10.8,10.4,10.2,10.1,10.1,10.1,10.0,11.1,12.5,13.4,14.2,14.0,14.4,15.0,14.4,15.1,15.6,16.1,16.6,17.0,17.6,18.1,18.1,18.5,18.2,18.4,18.7,19.2,19.6,18.2,15.8,13.8,12.4,11.3,14.0,13.3,12.4,11.5,10.8,10.3,10.0,9.8,9.7,11.6,12.6,13.5,14.3,15.1,15.6,16.0,16.6,16.3,14.6,13.8,14.3,14.4,14.0,14.3,14.6,14.9,15.1,15.3,15.3,15.3,15.4,15.5,15.6,15.7,15.7,15.6,15.6,15.6,15.6,15.5,15.4,15.4,15.4,15.5,15.5,15.6,15.6,15.7,15.8,15.8,16.0,15.9,16.0,15.9,16.1,16.1,16.2,16.2,16.1,16.0,16.0,16.0,15.9,15.9,15.8,15.8,15.9,15.9,15.8,16.0,16.7,17.1,16.7,16.4,16.2,16.1,15.9,15.9,15.9,16.0,16.0,15.9,,,,,,,,,,,,,,,,,,,,,,
7F-CH-2.RT,(CH2回水溫度     ),,12.4,11.0,10.6,10.4,10.3,11.6,10.9,10.5,10.3,10.2,10.3,10.2,10.2,11.4,12.6,13.6,14.4,14.2,14.6,15.1,14.3,15.2,15.7,16.2,16.7,17.2,17.8,18.3,18.2,18.7,18.3,18.6,18.9,19.4,19.7,18.7,16.1,14.1,12.6,11.5,14.1,13.4,12.5,11.6,10.9,10.4,10.1,9.9,9.9,11.7,12.7,13.6,14.5,15.2,15.7,16.1,16.8,16.4,14.7,13.9,14.5,14.5,14.1,14.5,14.8,15.1,15.3,15.5,15.4,15.4,15.5,15.6,15.7,15.9,15.8,15.7,15.7,15.7,15.7,15.7,15.5,15.5,15.6,15.6,15.6,15.8,15.8,15.8,15.9,16.0,16.1,16.1,16.1,16.0,16.3,16.2,16.3,16.4,16.2,16.1,16.1,16.1,16.0,16.0,15.9,16.0,16.0,16.1,16.0,16.1,16.8,17.2,16.8,16.6,16.3,16.2,16.0,16.0,16.1,16.1,16.1,16.0,,,,,,,,,,,,,,,,,,,,,,
7F-CH-3.RT,(CH3回水溫度     ),,12.3,11.0,10.5,10.3,10.2,11.6,10.8,10.4,10.2,10.1,10.2,10.1,10.1,11.3,12.5,13.5,14.3,14.1,14.5,15.0,14.3,15.2,15.7,16.1,16.6,17.1,17.7,18.2,18.1,18.6,18.3,18.5,18.8,19.3,19.6,18.8,16.1,14.1,12.6,11.4,14.0,13.3,12.4,11.6,10.8,10.3,10.0,9.9,9.8,11.6,12.6,13.5,14.4,15.1,15.6,16.0,16.7,16.4,14.7,13.8,14.3,14.5,14.0,14.4,14.6,15.0,15.2,15.4,15.3,15.3,15.4,15.5,15.6,15.8,15.7,15.6,15.6,15.6,15.6,15.6,15.4,15.4,15.5,15.5,15.5,15.7,15.7,15.7,15.9,15.9,16.0,16.0,16.0,15.9,16.2,16.2,16.2,16.3,16.1,16.0,16.1,16.0,15.9,15.9,15.9,15.9,15.9,16.0,15.9,16.0,16.7,17.2,16.7,16.5,16.2,16.2,16.0,15.9,16.0,16.0,16.0,16.0,,,,,,,,,,,,,,,,,,,,,,
7F-CH-4.RT,(CH4回水溫度     ),,12.3,11.0,10.5,10.3,10.2,11.5,10.9,10.4,10.3,10.1,10.2,10.1,10.1,11.5,12.6,13.6,14.4,14.1,14.5,15.1,14.2,15.2,15.7,16.2,16.6,17.1,17.7,18.2,18.1,18.6,18.3,18.5,18.8,19.3,19.7,18.3,15.8,13.9,12.5,11.3,14.0,13.3,12.4,11.6,10.9,10.4,10.1,9.9,9.8,11.7,12.7,13.6,14.4,15.2,15.7,16.1,16.7,16.4,14.7,13.9,14.4,14.5,14.1,14.4,14.7,15.0,15.2,15.4,15.3,15.3,15.4,15.5,15.6,15.8,15.7,15.6,15.6,15.6,15.7,15.6,15.4,15.5,15.5,15.5,15.5,15.7,15.7,15.7,15.9,15.9,16.0,16.0,16.0,16.0,16.2,16.2,16.2,16.3,16.1,16.0,16.1,16.0,15.9,16.0,15.9,15.9,16.0,16.0,15.9,16.0,16.7,17.2,16.7,16.5,16.2,16.2,16.0,15.9,16.0,16.0,16.0,16.0,,,,,,,,,,,,,,,,,,,,,,
7F-CH-5.RT,(CH5回水溫度     ),,12.1,10.8,10.4,10.2,10.1,10.9,10.7,10.3,10.1,10.0,10.0,10.0,9.9,11.3,12.4,13.4,14.2,14.0,14.4,14.9,14.0,15.0,15.5,16.0,16.5,16.9,17.6,18.1,18.0,18.5,18.1,18.4,18.6,19.1,19.5,18.6,15.9,13.9,12.4,11.3,13.8,13.2,12.3,11.4,10.7,10.2,9.9,9.7,9.7,11.5,12.5,13.5,14.3,15.0,15.6,16.0,16.6,16.3,14.6,13.8,14.3,14.4,14.0,14.4,14.6,14.8,15.0,15.2,15.2,15.1,15.2,15.4,15.4,15.5,15.6,15.5,15.4,15.4,15.5,15.4,15.3,15.2,15.3,15.4,15.3,15.4,15.6,15.5,15.7,15.7,15.8,15.8,15.9,15.8,15.9,16.0,16.0,16.1,15.9,15.9,15.9,15.8,15.8,15.8,15.7,15.7,15.8,15.8,15.7,15.8,16.6,17.0,16.6,16.3,16.1,16.0,15.8,15.8,15.9,15.9,15.8,15.8,,,,,,,,,,,,,,,,,,,,,,
7F-CH.RT,(冰水總回水溫度  ),DEG C,12.2,10.7,10.2,10.0,9.9,14.0,10.5,9.9,9.7,9.8,10.0,9.9,9.9,11.3,12.4,13.3,14.1,14.0,14.3,14.9,14.2,14.9,15.5,16.0,16.4,16.9,17.5,18.0,17.9,18.2,18.0,18.3,18.6,19.0,19.5,17.8,15.5,13.6,12.1,11.0,14.1,12.9,11.9,11.0,10.3,9.8,9.6,9.4,9.3,11.3,12.2,12.9,13.9,14.5,15.1,15.5,16.2,15.8,13.9,12.9,13.7,13.9,13.3,13.5,14.0,14.7,15.0,15.2,15.1,15.3,15.4,15.3,15.6,15.9,15.4,15.3,15.5,15.7,15.3,15.3,15.2,15.3,15.2,15.3,15.5,15.7,15.3,15.6,15.5,15.7,16.2,15.7,15.6,15.7,16.4,15.8,16.0,16.1,16.1,15.7,15.9,16.3,15.6,15.7,15.6,15.8,15.7,15.7,15.9,16.1,16.4,16.9,16.6,16.6,15.9,15.9,15.6,15.8,15.7,15.8,16.3,15.8,,,,,,,,,,,,,,,,,,,,,,
7F-CH-1.CHDT,(冰水溫差        ),DEG C,4.7,4.0,3.5,3.3,3.1,3.8,3.8,3.3,3.1,3.0,3.0,3.0,0.0,0.0,0.0,0.0,0.0,0.0,0.0,0.0,0.0,0.0,0.0,0.0,0.0,0.0,0.0,0.0,0.0,0.0,0.0,0.0,0.0,0.0,0.1,5.2,5.2,5.1,5.0,4.3,4.7,4.7,4.6,4.4,3.8,3.3,2.9,2.7,2.6,4.3,4.5,4.6,4.7,4.7,4.7,4.9,4.9,4.8,4.7,4.7,4.7,4.8,4.7,4.7,4.7,4.9,4.8,4.8,4.8,4.9,4.8,4.9,4.9,4.8,4.8,4.9,4.9,4.9,4.8,4.9,4.9,4.8,4.9,4.9,4.9,4.9,4.9,4.9,4.9,4.9,4.9,4.9,4.9,4.8,4.9,4.9,4.9,5.0,4.9,4.9,4.9,4.9,4.8,4.9,4.9,4.9,4.9,4.9,4.9,4.9,4.9,5.0,4.9,4.9,4.9,4.9,4.9,4.9,4.9,4.8,4.9,4.8,,,,,,,,,,,,,,,,,,,,,,
7F-CH-2.CHDT,(冰水溫差        ),DEG C,0.0,0.0,0.0,0.0,0.0,0.0,0.0,0.0,0.0,0.0,0.0,0.0,0.0,0.0,0.0,0.0,0.0,0.0,0.0,0.0,0.0,0.0,0.0,0.0,0.0,0.0,0.0,0.0,0.0,0.0,0.0,0.0,0.0,0.0,0.0,0.0,0.0,0.0,0.0,0.0,0.0,0.0,0.0,0.0,0.0,0.0,0.0,0.0,0.0,0.0,0.0,0.0,0.0,0.0,0.0,0.0,0.0,4.9,4.7,4.6,4.8,4.7,4.6,4.8,4.7,4.8,4.8,4.8,4.8,4.8,4.8,4.8,4.8,4.8,4.8,4.8,4.8,4.8,4.8,4.8,4.8,4.7,4.8,4.8,4.8,4.8,4.8,4.7,4.8,4.7,4.8,4.8,4.8,4.7,4.8,4.8,4.8,4.8,4.8,4.8,4.8,4.8,4.7,4.8,4.8,4.8,4.8,4.8,4.8,4.9,4.9,4.9,4.8,4.8,4.8,4.8,4.9,4.8,4.8,4.8,4.9,4.8,,,,,,,,,,,,,,,,,,,,,,
7F-CH-3.CHDT,(冰水溫差        ),DEG C,0.0,0.0,0.0,0.0,0.0,0.0,0.0,0.0,0.0,0.0,0.0,0.0,0.0,0.0,0.0,0.0,0.0,0.0,0.0,0.0,0.0,0.0,0.0,0.0,0.0,0.0,0.0,0.0,0.0,0.0,0.0,0.0,0.0,0.0,0.0,0.0,0.0,0.0,0.0,0.0,0.0,0.0,0.0,0.0,0.0,0.0,0.0,0.0,0.0,0.0,0.0,0.0,0.0,0.0,0.0,0.0,0.0,0.0,0.0,0.0,0.0,0.0,0.0,0.0,0.0,0.0,0.0,0.0,0.0,0.0,0.0,0.0,0.0,0.0,0.0,0.0,0.0,0.0,0.0,0.0,0.0,0.0,0.0,0.0,0.0,0.0,0.0,0.0,0.0,0.0,0.0,0.0,0.0,0.0,0.0,0.0,0.0,0.0,0.0,0.0,0.0,0.0,0.0,0.0,0.0,0.0,0.0,0.0,0.0,0.0,0.0,0.0,0.0,0.0,0.0,0.0,0.0,0.0,0.0,0.0,0.0,0.0,,,,,,,,,,,,,,,,,,,,,,
7F-CH-4.CHDT,(冰水溫差        ),DEG C,0.0,0.0,0.0,0.0,0.0,0.0,0.0,0.0,0.0,0.0,0.0,0.0,0.0,0.0,0.0,0.0,0.0,0.0,0.0,0.0,0.0,0.0,0.0,0.0,0.0,0.0,0.0,0.0,0.0,0.0,0.0,0.0,0.0,0.0,0.0,0.0,0.0,0.0,0.0,0.0,0.0,0.0,0.0,0.0,0.0,0.0,0.0,0.0,0.0,0.0,0.0,0.0,0.0,0.0,0.0,0.3,0.3,4.4,4.0,1.1,0.3,4.1,4.0,4.0,4.0,4.1,4.1,4.1,4.1,4.1,4.1,4.1,4.1,4.1,4.1,4.1,4.1,4.1,4.1,4.1,4.1,4.1,4.1,4.1,4.1,4.1,4.1,4.0,4.1,4.0,4.0,4.0,4.1,4.0,4.1,4.1,4.1,4.1,4.1,4.1,4.0,4.1,4.0,4.0,4.1,4.0,4.0,4.0,4.1,0.3,0.0,0.0,0.0,0.0,0.0,0.0,0.0,0.0,0.0,0.0,0.0,0.0,,,,,,,,,,,,,,,,,,,,,,
7F-CH-5.CHDT,(冰水溫差        ),DEG C,0.0,0.0,0.0,0.0,0.0,0.0,0.0,0.0,0.0,0.0,0.0,0.0,0.0,0.0,0.0,0.0,0.0,0.0,0.0,0.0,0.0,0.0,0.0,0.0,0.0,0.0,0.0,0.0,0.0,0.0,0.0,0.0,0.0,0.0,0.0,0.0,0.0,0.0,0.0,0.0,0.0,0.0,0.0,0.0,0.0,0.0,0.0,0.0,0.0,0.0,0.0,0.0,0.0,0.0,0.0,0.0,0.0,0.0,0.0,0.0,0.0,0.0,0.0,0.0,0.0,0.0,0.0,0.0,0.0,0.0,0.0,0.0,0.0,0.0,0.0,0.0,0.0,0.0,0.0,0.0,0.0,0.0,0.0,0.0,0.0,0.0,0.0,0.0,0.0,0.0,0.0,0.0,0.0,0.0,0.0,0.0,0.0,0.0,0.0,0.0,0.0,0.0,0.0,0.0,0.0,0.0,0.0,0.0,0.0,0.0, -0.0,4.7,4.5,4.5,4.4,4.5,4.5,4.5,4.4,4.5,4.5,4.4,,,,,,,,,,,,,,,,,,,,,,
7F-CHSYS.CHDT,(冰水系統溫差    ),DEG C,1.8,1.2,1.0,1.0,0.9,4.0,1.0,0.7,0.7,0.9,1.2,1.2,0.0,0.4,0.1,0.1,0.1,0.2, -0.0,0.1, -0.5, -0.1,0.0,0.0,0.0,0.0,0.0,0.0, -0.1, -0.1, -0.1,0.1,0.0, -0.1, -0.0,2.6,2.9,2.9,3.0,2.6,1.7,1.3,1.2,1.1,0.9,0.8,0.7,0.6,0.5,1.2,1.2,1.0,1.1,1.0,1.1,0.8,0.8,3.3,2.9,2.0,2.1,3.1,2.9,2.9,3.0,3.5,3.5,3.6,3.6,3.8,3.7,3.6,3.8,4.0,3.4,3.5,3.7,3.9,3.5,3.6,3.6,3.6,3.6,3.6,3.8,3.9,3.4,3.6,3.5,3.6,4.0,3.4,3.4,3.4,4.1,3.4,3.6,3.7,3.8,3.4,3.6,4.1,3.4,3.5,3.5,3.7,3.5,3.5,3.9,2.8,2.5,3.7,3.6,4.0,3.4,3.6,3.6,3.7,3.5,3.6,4.1,3.6,,,,,,,,,,,,,,,,,,,,,,
7F-CH-1.FM,(CH1水流量       ),,6051,6033,6055,6013,6086,6199,6213,6255,6068,5995,5813,5803,2503,1895,1894,1896,1915,2539,2512,2496,2526,2570,2540,2516,2523,2553,1927,1919,2366,2013,1991,1987,2013,5717,5689,5697,5629,5585,5636,5611,6138,6118,6032,6075,6094,6075,6029,6084,6440,6208,6254,6245,6275,6230,6311,5909,6190,6062,6071,6087,6062,6075,6083,6093,6152,6011,6090,6005,5992,6009,6157,6050,6041,6068,6102,6027,6062,6067,6043,6057,6039,6144,6035,6063,6031,6017,6006,6130,6119,6104,6061,6058,6036,6092,6096,6140,6054,5989,6078,6103,6064,6057,6156,6073,6050,6032,6051,6097,6084,6055,6166,6082,6096,6052,6169,6143,6089,6075,6131,6121,6085,6058,,,,,,,,,,,,,,,,,,,,,,
7F-CH-2.FM,(CH2水流量       ),,2576,2546,2704,2710,2690,3154,3131,3146,2676,2553,1814,1710,2359,1674,1665,1685,1662,2420,2428,2445,2492,2478,2478,2474,2462,2492,1698,1718,2282,1757,1803,1778,1807,21,21,21,21,21,21,21,2701,2668,2667,2689,2685,2645,2640,2654,3396,3168,3193,3234,3345,3245,3284,6210,6443,6374,6318,6279,6315,6287,6276,6209,6339,6226,6337,6231,6276,6246,6346,6259,6284,6292,6342,6243,6248,6343,6260,6295,6299,6364,6243,6276,6314,6289,6260,6409,6298,6367,6289,6310,6321,6365,6320,6368,6337,6246,6337,6385,6323,6328,6401,6321,6304,6331,6354,6320,6328,6329,6410,6348,6431,6354,6376,6364,6360,6337,6439,6376,6331,6370,,,,,,,,,,,,,,,,,,,,,,
7F-CH-3.FM,(CH3水流量       ),,1649,1592,1612,1579,1557,2082,2085,2062,1807,1560,840,723,1321,981,868,810,804,1317,1356,1315,1404,1376,1435,1357,1462,1532,903,896,1301,967,901,906,967,1,1, -1,1, -1,1, -1,1740,1551,1603,1542,1576,1643,1562,1648,2224,2103,2182,2268,2354,2314,2343,1307,1889,1784,1662,1614,1642,1603,1529,1624,1821,1664,1760,1635,1640,1531,1856,1648,1714,1606,1799,1687,1656,1656,1659,1582,1704,1820,1676,1651,1718,1649,1687,1864,1671,1821,1678,1801,1567,1764,1718,1864,1671,1510,1614,1753,1720,1689,1795,1770,1746,1760,1817,1720,1745,1735,1934,1660,1792,1724,1915,1942,1754,1696,1874,1826,1793,1849,,,,,,,,,,,,,,,,,,,,,,
7F-CH-4.FM,(CH4水流量       ),,3357,3448,3543,3543,3529,3903,3935,3946,3606,3340,2649,2599,3217,2578,2545,2501,2621,3301,3282,3282,3190,3332,3421,3448,3310,3270,2598,2593,3220,2498,2692,2718,2667,1582,1534,1487,1492,1507,1462,1414,3545,3498,3526,3481,3484,3403,3570,3507,3921,3982,4004,4087,4131,4126,4124,5696,7679,7282,7389,7326,7345,7453,7274,7381,7439,7381,7326,7484,7206,7339,7440,7464,7339,7490,7345,7245,7351,7339,7074,7382,7424,7515,7346,7370,7342,7495,7382,7593,7398,7357,7428,7474,7498,7418,7248,7399,7274,7179,7353,7362,7282,7398,7454,7442,7457,7340,7603,7518,7454,7599,3973,3523,3651,3545,3739,3656,3395,3589,3614,3579,3548,3509,,,,,,,,,,,,,,,,,,,,,,
7F-CH-5.FM,(CH5水流量       ),,2651,2499,2709,2678,2574,3157,3028,3068,2618,2384,1757,1643,2495,1795,1696,1803,1885,2610,2667,2482,2674,2626,2787,2740,2803,2962,1774,1814,2487,2134,1851,2378,1796,801,799,21,10,9,9,9,2898,2853,2835,2776,2543,2848,2553,2598,3176,3164,3234,3384,3618,3392,3659,2542,3118,3090,3018,2757,2876,2684,2631,2668,2923,2599,3006,2687,2785,3090,2954,2779,2935,2968,2915,2940,2895,2803,2951,3018,2712,2996,2685,2754,2746,2924,2846,3190,2704,2843,2715,3065,2987,3048,3035,3215,2778,2329,3131,3160,3143,2937,2934,2709,2796,2718,2814,2903,2707,2685,7124,6509,6635,6531,6620,6454,6432,6289,6259,6504,6420,6240,,,,,,,,,,,,,,,,,,,,,,
7F-CH.FM,(冰水總流量      ),,16544,16345,17080,16805,17118,22481,21432,21154,17881,16321,13694,12289,11536,9119,9006,9023,9064,10982,11694,12055,12732,12478,12440,12337,12209,12364,9126,9288,12347,10611,11402,10398,10584,8937,8559,8545,8504,8287,8414,8366,19755,19542,19731,19693,19789,19115,19531,19590,22629,21663,21975,22109,22027,21508,21690,26111,28503,28184,28290,28445,28049,27627,27692,27599,27819,27004,27884,27530,26534,27283,28211,27860,26754,26967,27644,27592,26606,27238,27472,27599,26963,28211,27462,27589,26774,26991,26850,28101,27792,27984,27094,27998,27314,28338,27603,28098,27255,26155,27276,27854,28063,26932,28032,27771,26929,27352,28221,27640,26956,27362,28208,27029,27441,26846,27609,27431,26142,26898,27575,27293,26616,27063,,,,,,,,,,,,,,,,,,,,,,
7F-CW-1.ST,(CW1出水溫度     ),DEG C,34.3,34.3,33.3,32.7,32.4,32.8,34.3,33.4,32.7,32.4,32.0,32.0,28.0,27.8,27.9,27.9,28.0,28.0,28.1,28.1,28.1,28.1,28.1,28.1,28.1,28.1,28.1,28.2,28.1,28.1,28.1,28.1,28.1,26.9,25.7,33.9,35.5,35.4,35.3,34.7,35.5,35.6,35.6,35.4,34.5,33.4,32.3,31.8,31.4,33.6,35.4,35.7,35.8,35.9,36.0,36.0,36.2,36.4,36.4,36.1,36.2,36.1,36.3,36.3,36.4,36.0,36.0,36.3,36.5,36.3,36.3,36.6,36.6,36.7,36.7,36.5,36.5,36.4,36.8,36.7,36.3,36.7,36.4,36.3,36.3,36.3,36.5,36.4,36.6,36.5,36.6,36.6,36.7,36.7,36.8,36.8,36.9,36.8,36.6,36.6,36.5,36.5,36.3,36.5,36.3,36.4,36.6,36.5,36.5,36.7,36.6,36.6,36.5,36.5,36.6,36.4,36.2,36.6,36.6,36.7,36.5,36.7,,,,,,,,,,,,,,,,,,,,,,
7F-CW-2.ST,(CW2出水溫度     ),DEG C,30.1,30.2,30.0,30.0,29.9,30.0,29.9,29.9,29.8,29.8,29.8,29.7,29.7,29.7,29.6,29.6,29.6,29.5,29.5,29.5,29.5,29.4,29.5,29.5,29.4,29.5,29.3,29.3,29.4,29.3,29.3,29.3,29.3,29.2,29.3,29.2,29.2,29.2,29.2,29.2,29.2,29.1,29.2,29.1,29.1,29.2,29.2,29.2,29.2,29.2,29.2,29.2,29.3,29.3,29.3,27.1,26.1,38.6,39.5,39.3,39.2,39.5,39.5,39.6,39.6,39.4,39.6,39.6,39.6,39.7,39.6,39.9,40.0,40.0,39.9,39.9,40.1,39.8,39.9,39.8,39.7,39.9,39.8,39.6,39.8,39.9,40.0,40.0,40.1,40.2,40.4,40.2,40.3,40.3,40.4,40.4,40.4,40.4,40.3,40.1,40.3,40.4,40.3,40.5,40.1,40.3,40.3,40.3,40.2,40.1,40.2,40.3,40.4,40.2,40.4,40.1,39.8,39.9,40.0,40.0,39.9,40.1,,,,,,,,,,,,,,,,,,,,,,
7F-CW-3.ST,(CW3出水溫度     ),DEG C,30.1,30.1,30.1,30.1,30.0,30.0,30.0,30.0,30.0,30.0,30.0,30.0,30.0,30.0,30.0,30.0,29.9,29.9,29.9,29.9,29.9,29.9,29.9,29.9,29.9,29.9,29.9,29.9,29.9,29.8,29.8,29.8,29.8,29.8,29.8,29.8,29.8,29.8,29.9,29.9,29.9,29.9,29.9,29.9,29.9,29.9,29.8,29.8,29.8,29.8,29.8,29.8,29.8,29.8,29.8,29.8,29.8,29.8,29.8,29.8,29.8,29.9,29.9,29.9,29.9,29.9,29.9,30.0,30.0,30.0,30.0,30.0,30.0,30.1,30.1,30.1,30.1,30.2,30.2,30.2,30.2,30.3,30.3,30.3,30.3,30.3,30.4,30.4,30.4,30.5,30.5,30.5,30.5,30.5,30.6,30.6,30.6,30.6,30.7,30.7,30.7,30.7,30.8,30.8,30.8,30.8,30.9,30.9,30.9,30.9,31.0,31.0,31.0,31.0,31.0,31.1,31.1,31.1,31.1,31.1,31.2,31.2,,,,,,,,,,,,,,,,,,,,,,
7F-CW-4.ST,(CW4出水溫度     ),DEG C,30.3,30.2,30.3,30.3,30.2,30.2,30.2,30.2,30.2,30.2,30.2,30.2,30.2,30.2,30.2,30.2,30.1,30.2,30.2,30.1,30.1,30.2,30.1,30.2,30.1,30.1,30.1,30.1,30.1,30.1,30.1,30.0,30.1,30.0,30.0,30.0,30.0,30.0,30.0,29.9,29.9,30.0,29.9,30.0,30.0,29.9,29.9,29.9,29.9,29.9,29.9,29.9,29.9,29.9,29.9,28.4,26.0,33.1,35.1,31.3,25.7,34.3,35.1,35.3,35.3,35.2,35.4,35.3,35.3,35.3,35.3,35.7,35.9,35.7,35.5,35.5,35.7,35.6,35.4,35.4,35.4,35.4,35.5,35.4,35.7,35.7,35.9,35.8,36.0,36.2,36.4,36.1,36.2,36.2,36.2,36.2,36.4,36.3,36.1,35.9,36.2,36.2,36.3,36.4,36.1,36.4,36.2,36.2,36.0,30.1,26.7,26.9,27.0,27.1,27.2,27.3,27.4,27.5,27.6,27.6,27.7,27.8,,,,,,,,,,,,,,,,,,,,,,
7F-CW-5.ST,(CW5出水溫度     ),DEG C,29.7,29.7,29.7,29.7,29.8,29.8,29.8,29.8,29.8,29.8,29.8,29.8,29.8,29.8,29.8,29.8,29.8,29.8,29.8,29.8,29.8,29.8,29.8,29.8,29.8,29.8,29.8,29.8,29.8,29.8,29.8,29.8,29.8,29.8,29.8,29.8,29.8,29.8,29.8,29.8,29.8,29.8,29.8,29.8,29.8,29.8,29.8,29.8,29.8,29.8,29.8,29.8,29.8,29.8,29.8,29.8,29.8,29.9,29.9,30.0,30.1,30.1,30.2,30.3,30.4,30.4,30.5,30.6,30.6,30.7,30.7,30.8,30.9,30.9,31.0,31.0,31.1,31.1,31.2,31.2,31.3,31.4,31.4,31.5,31.5,31.6,31.6,31.7,31.7,31.8,31.8,31.9,31.9,32.0,32.0,32.1,32.1,32.2,32.2,32.3,32.3,32.4,32.4,32.5,32.5,32.6,32.6,32.6,32.7,32.7,27.2,31.1,35.2,35.4,35.5,35.2,35.0,35.1,35.1,35.1,35.0,35.1,,,,,,,,,,,,,,,,,,,,,,
7F-CW.ST,(冷卻水總出水溫度),,34.3,34.4,33.3,32.7,32.4,32.7,34.3,33.4,32.7,32.4,32.0,32.0,0.0,0.0,0.0,0.0,0.0,0.0,0.0,0.0,0.0,0.0,0.0,0.0,0.0,0.0,0.0,0.0,0.0,0.0,0.0,0.0,0.0,26.9,25.7,33.9,35.5,35.4,35.3,34.7,35.5,35.6,35.6,35.4,34.5,33.4,32.3,31.8,31.4,33.6,35.4,35.7,35.8,35.9,36.0,30.5,29.4,36.0,37.0,35.6,33.7,36.6,37.0,37.0,37.1,36.9,37.0,37.1,37.1,37.1,37.1,37.4,37.5,37.5,37.4,37.3,37.4,37.3,37.4,37.3,37.1,37.3,37.2,37.1,37.3,37.3,37.5,37.4,37.6,37.6,37.8,37.7,37.7,37.7,37.8,37.8,37.9,37.8,37.7,37.5,37.6,37.7,37.7,37.8,37.5,37.7,37.7,37.6,37.6,35.6,34.7,36.0,37.4,37.4,37.5,37.2,37.0,37.2,37.2,37.3,37.2,37.3,,,,,,,,,,,,,,,,,,,,,,
7F-CW-1.RT,(CW1回水溫度     ),,29.8,30.1,29.6,29.3,29.1,29.1,30.1,29.7,29.4,29.2,29.0,29.0,27.4,27.5,27.7,27.8,27.9,27.9,28.0,28.0,28.0,28.1,28.1,28.1,28.2,28.2,28.2,28.3,28.3,28.3,28.3,28.3,28.4,26.5,25.5,29.8,30.7,30.7,30.7,30.5,30.9,30.9,30.9,30.8,30.5,29.9,29.2,29.0,28.7,29.7,30.7,30.9,31.0,31.1,31.1,31.2,31.3,31.5,31.7,31.5,31.5,31.3,31.9,31.7,31.5,31.2,31.3,31.6,31.8,31.5,31.6,31.8,31.8,32.0,31.9,31.6,31.8,31.6,32.2,31.8,31.5,32.0,31.7,31.4,31.5,31.4,31.7,31.5,31.7,31.6,31.9,31.7,31.8,31.8,31.9,32.0,32.0,32.0,31.7,31.5,31.6,31.6,31.4,31.7,31.4,31.5,31.6,31.6,31.7,31.8,31.7,31.6,31.6,31.7,31.7,31.4,31.3,31.8,31.7,31.9,31.6,31.9,,,,,,,,,,,,,,,,,,,,,,
7F-CW-2.RT,(CW2回水溫度     ),,30.8,30.8,30.8,30.8,30.8,30.8,30.8,30.8,30.8,30.8,30.8,30.8,30.8,30.8,30.7,30.7,30.7,30.7,30.7,30.7,30.7,30.7,30.7,30.7,30.6,30.6,30.6,30.6,30.6,30.6,30.6,30.6,30.6,30.6,30.6,30.6,30.5,30.6,30.6,30.6,30.6,30.6,30.6,30.6,30.6,30.6,30.6,30.5,30.5,30.5,30.5,30.5,30.5,30.5,30.5,26.8,26.0,33.3,34.1,33.9,33.6,34.0,34.1,34.1,34.1,33.9,34.0,34.0,34.1,34.1,34.1,34.3,34.4,34.3,34.3,34.3,34.6,34.2,34.4,34.2,34.1,34.3,34.3,34.0,34.3,34.3,34.4,34.4,34.6,34.7,34.9,34.6,34.7,34.8,34.8,34.8,34.9,34.9,34.7,34.4,34.7,34.7,34.8,35.0,34.4,34.7,34.7,34.7,34.6,34.4,34.5,34.6,34.8,34.6,34.8,34.4,34.1,34.2,34.3,34.4,34.2,34.5,,,,,,,,,,,,,,,,,,,,,,
7F-CW-3.RT,(CW3回水溫度     ),,30.7,30.7,30.7,30.6,30.6,30.6,30.6,30.6,30.6,30.6,30.6,30.6,30.6,30.6,30.6,30.5,30.5,30.5,30.5,30.5,30.5,30.5,30.5,30.5,30.5,30.5,30.5,30.5,30.4,30.4,30.4,30.4,30.4,30.4,30.4,30.4,30.4,30.4,30.4,30.5,30.5,30.5,30.5,30.5,30.5,30.4,30.4,30.4,30.4,30.4,30.4,30.4,30.4,30.4,30.4,30.4,30.4,30.4,30.4,30.4,30.4,30.4,30.4,30.4,30.4,30.4,30.4,30.4,30.5,30.5,30.5,30.5,30.5,30.6,30.6,30.6,30.6,30.7,30.7,30.7,30.7,30.8,30.8,30.8,30.8,30.9,30.9,30.9,31.0,31.0,31.0,31.0,31.1,31.1,31.1,31.2,31.2,31.2,31.2,31.3,31.3,31.3,31.4,31.4,31.4,31.4,31.5,31.5,31.5,31.5,31.6,31.6,31.6,31.6,31.7,31.7,31.7,31.8,31.8,31.8,31.8,31.9,,,,,,,,,,,,,,,,,,,,,,
7F-CW-4.RT,(CW4回水溫度     ),,31.8,31.8,31.8,31.8,31.8,31.8,31.7,31.7,31.7,31.7,31.7,31.7,31.6,31.6,31.6,31.6,31.6,31.5,31.5,31.5,31.5,31.5,31.5,31.4,31.4,31.4,31.4,31.4,31.3,31.3,31.3,31.3,31.3,31.3,31.2,31.2,31.2,31.2,31.2,31.1,31.1,31.1,31.1,31.1,31.1,31.1,31.1,31.0,31.0,31.0,31.0,31.0,31.0,31.0,31.0,29.1,26.1,28.8,31.1,30.2,25.8,30.2,31.1,31.2,31.2,31.1,31.2,31.1,31.1,31.2,31.1,31.6,31.8,31.6,31.4,31.4,31.6,31.4,31.2,31.2,31.2,31.3,31.3,31.3,31.6,31.6,31.8,31.7,31.9,32.1,32.3,32.0,32.1,32.1,32.1,32.1,32.2,32.2,32.0,31.7,32.1,32.1,32.3,32.4,32.0,32.3,32.1,32.1,31.9,29.9,26.8,27.1,27.4,27.7,28.0,28.2,28.4,28.6,28.8,28.9,29.1,29.2,,,,,,,,,,,,,,,,,,,,,,
7F-CW-5.RT,(CW5回水溫度     ),,29.7,29.8,29.8,29.8,29.8,29.9,29.9,29.9,29.9,29.9,29.9,29.9,30.0,30.0,30.0,30.0,30.0,30.0,30.0,30.0,30.0,30.0,30.0,30.0,30.0,30.0,30.0,30.0,30.0,30.0,30.0,30.0,30.0,30.0,30.0,30.0,30.0,30.0,30.0,30.0,30.0,30.0,30.0,30.0,30.0,30.0,30.0,30.0,30.0,30.0,30.0,30.0,30.0,30.0,30.0,30.0,30.0,30.0,30.1,30.2,30.3,30.3,30.4,30.5,30.5,30.6,30.7,30.8,30.8,30.9,30.9,31.0,31.1,31.2,31.2,31.3,31.4,31.4,31.5,31.5,31.6,31.7,31.7,31.8,31.8,31.9,32.0,32.0,32.1,32.1,32.2,32.2,32.3,32.3,32.4,32.5,32.5,32.6,32.6,32.7,32.7,32.8,32.8,32.9,32.9,33.0,33.0,33.1,33.1,33.2,27.0,28.3,31.6,31.6,31.7,31.5,31.2,31.3,31.4,31.4,31.3,31.4,,,,,,,,,,,,,,,,,,,,,,
7F-CW.RT,(冷卻水總回水溫度),,29.8,30.1,29.6,29.3,29.1,29.1,30.1,29.7,29.4,29.2,29.0,29.0,0.0,0.0,0.0,0.0,0.0,0.0,0.0,0.0,0.0,0.0,0.0,0.0,0.0,0.0,0.0,0.0,0.0,0.0,0.0,0.0,0.0,26.5,25.5,29.8,30.7,30.7,30.7,30.5,30.9,30.9,30.9,30.8,30.5,29.9,29.2,29.0,28.7,29.7,30.7,31.0,31.0,31.1,31.1,29.0,27.8,31.2,32.3,31.9,30.3,31.8,32.3,32.3,32.3,32.1,32.2,32.3,32.3,32.3,32.2,32.6,32.7,32.6,32.5,32.4,32.7,32.4,32.6,32.4,32.3,32.5,32.4,32.2,32.5,32.4,32.6,32.5,32.7,32.8,33.0,32.8,32.9,32.9,32.9,33.0,33.1,33.0,32.8,32.6,32.8,32.8,32.8,33.0,32.6,32.9,32.8,32.8,32.7,32.0,31.1,31.5,32.7,32.6,32.7,32.4,32.2,32.4,32.5,32.6,32.4,32.6,,,,,,,,,,,,,,,,,,,,,,
7F-CH-1.CWDT,(冷卻水溫差      ),DEG C,4.4,4.2,3.7,3.4,3.3,3.6,4.1,3.7,3.4,3.2,3.0,3.0,0.0,0.0,0.0,0.0,0.0,0.0,0.0,0.0,0.0,0.0,0.0,0.0,0.0,0.0,0.0,0.0,0.0,0.0,0.0,0.0,0.0,0.3,0.2,4.0,4.8,4.7,4.7,4.2,4.7,4.7,4.7,4.6,4.1,3.5,3.1,2.8,2.7,4.0,4.6,4.7,4.8,4.8,4.9,4.8,4.9,4.9,4.7,4.6,4.7,4.8,4.4,4.6,4.8,4.8,4.7,4.7,4.7,4.9,4.7,4.8,4.8,4.7,4.8,4.9,4.7,4.8,4.6,4.9,4.8,4.7,4.8,4.8,4.8,4.9,4.8,4.9,4.9,4.8,4.8,4.9,4.8,4.8,4.9,4.8,4.8,4.8,4.9,5.0,4.9,5.0,4.9,4.8,4.9,4.9,5.0,4.9,4.9,4.9,4.9,4.9,4.9,4.8,4.9,5.0,4.9,4.9,4.9,4.8,4.9,4.8,,,,,,,,,,,,,,,,,,,,,,
7F-CH-2.CWDT,(冷卻水溫差      ),DEG C,0.0,0.0,0.0,0.0,0.0,0.0,0.0,0.0,0.0,0.0,0.0,0.0,0.0,0.0,0.0,0.0,0.0,0.0,0.0,0.0,0.0,0.0,0.0,0.0,0.0,0.0,0.0,0.0,0.0,0.0,0.0,0.0,0.0,0.0,0.0,0.0,0.0,0.0,0.0,0.0,0.0,0.0,0.0,0.0,0.0,0.0,0.0,0.0,0.0,0.0,0.0,0.0,0.0,0.0,0.0,0.2,0.1,5.3,5.4,5.4,5.6,5.5,5.4,5.5,5.5,5.5,5.5,5.6,5.5,5.5,5.6,5.6,5.6,5.6,5.6,5.6,5.5,5.6,5.6,5.6,5.6,5.6,5.5,5.6,5.6,5.6,5.6,5.6,5.6,5.5,5.5,5.6,5.6,5.6,5.6,5.6,5.6,5.5,5.7,5.7,5.6,5.6,5.6,5.6,5.7,5.6,5.6,5.6,5.6,5.7,5.7,5.7,5.6,5.6,5.6,5.7,5.7,5.7,5.7,5.7,5.7,5.6,,,,,,,,,,,,,,,,,,,,,,
7F-CH-3.CWDT,(冷卻水溫差      ),DEG C,0.0,0.0,0.0,0.0,0.0,0.0,0.0,0.0,0.0,0.0,0.0,0.0,0.0,0.0,0.0,0.0,0.0,0.0,0.0,0.0,0.0,0.0,0.0,0.0,0.0,0.0,0.0,0.0,0.0,0.0,0.0,0.0,0.0,0.0,0.0,0.0,0.0,0.0,0.0,0.0,0.0,0.0,0.0,0.0,0.0,0.0,0.0,0.0,0.0,0.0,0.0,0.0,0.0,0.0,0.0,0.0,0.0,0.0,0.0,0.0,0.0,0.0,0.0,0.0,0.0,0.0,0.0,0.0,0.0,0.0,0.0,0.0,0.0,0.0,0.0,0.0,0.0,0.0,0.0,0.0,0.0,0.0,0.0,0.0,0.0,0.0,0.0,0.0,0.0,0.0,0.0,0.0,0.0,0.0,0.0,0.0,0.0,0.0,0.0,0.0,0.0,0.0,0.0,0.0,0.0,0.0,0.0,0.0,0.0,0.0,0.0,0.0,0.0,0.0,0.0,0.0,0.0,0.0,0.0,0.0,0.0,0.0,,,,,,,,,,,,,,,,,,,,,,
7F-CH-4.CWDT,(冷卻水溫差      ),DEG C,0.0,0.0,0.0,0.0,0.0,0.0,0.0,0.0,0.0,0.0,0.0,0.0,0.0,0.0,0.0,0.0,0.0,0.0,0.0,0.0,0.0,0.0,0.0,0.0,0.0,0.0,0.0,0.0,0.0,0.0,0.0,0.0,0.0,0.0,0.0,0.0,0.0,0.0,0.0,0.0,0.0,0.0,0.0,0.0,0.0,0.0,0.0,0.0,0.0,0.0,0.0,0.0,0.0,0.0,0.0, -0.7, -0.0,4.3,4.1,1.1, -0.0,4.1,4.0,4.1,4.1,4.1,4.1,4.2,4.2,4.1,4.2,4.1,4.1,4.1,4.2,4.1,4.1,4.1,4.2,4.2,4.1,4.2,4.1,4.2,4.1,4.1,4.1,4.1,4.1,4.1,4.1,4.1,4.1,4.1,4.1,4.1,4.1,4.1,4.1,4.2,4.1,4.1,4.1,4.1,4.1,4.1,4.1,4.1,4.1,0.2,0.0,0.0,0.0,0.0,0.0,0.0,0.0,0.0,0.0,0.0,0.0,0.0,,,,,,,,,,,,,,,,,,,,,,
7F-CH-5.CWDT,(冷卻水溫差      ),DEG C,0.0,0.0,0.0,0.0,0.0,0.0,0.0,0.0,0.0,0.0,0.0,0.0,0.0,0.0,0.0,0.0,0.0,0.0,0.0,0.0,0.0,0.0,0.0,0.0,0.0,0.0,0.0,0.0,0.0,0.0,0.0,0.0,0.0,0.0,0.0,0.0,0.0,0.0,0.0,0.0,0.0,0.0,0.0,0.0,0.0,0.0,0.0,0.0,0.0,0.0,0.0,0.0,0.0,0.0,0.0,0.0,0.0,0.0,0.0,0.0,0.0,0.0,0.0,0.0,0.0,0.0,0.0,0.0,0.0,0.0,0.0,0.0,0.0,0.0,0.0,0.0,0.0,0.0,0.0,0.0,0.0,0.0,0.0,0.0,0.0,0.0,0.0,0.0,0.0,0.0,0.0,0.0,0.0,0.0,0.0,0.0,0.0,0.0,0.0,0.0,0.0,0.0,0.0,0.0,0.0,0.0,0.0,0.0,0.0,0.0,0.2,2.8,3.6,3.7,3.7,3.8,3.8,3.7,3.7,3.7,3.8,3.7,,,,,,,,,,,,,,,,,,,,,,
7F-CHSYS.CWDT,(冷卻水系統溫差  ),DEG C,4.4,4.2,3.7,3.4,3.3,3.6,4.1,3.7,3.4,3.2,3.0,3.0,0.0,0.0,0.0,0.0,0.0,0.0,0.0,0.0,0.0,0.0,0.0,0.0,0.0,0.0,0.0,0.0,0.0,0.0,0.0,0.0,0.0,0.3,0.2,4.0,4.8,4.7,4.7,4.2,4.7,4.7,4.7,4.6,4.1,3.5,3.1,2.8,2.7,4.0,4.6,4.7,4.8,4.8,4.9,1.5,1.6,4.9,4.7,3.7,3.4,4.8,4.6,4.7,4.8,4.8,4.8,4.8,4.8,4.8,4.8,4.8,4.8,4.8,4.9,4.9,4.8,4.9,4.8,4.9,4.8,4.8,4.8,4.9,4.8,4.9,4.8,4.9,4.9,4.8,4.8,4.9,4.8,4.8,4.9,4.9,4.8,4.8,4.9,4.9,4.9,4.9,4.9,4.8,4.9,4.8,4.9,4.8,4.9,3.6,3.6,4.5,4.7,4.7,4.7,4.8,4.8,4.8,4.8,4.7,4.8,4.7,,,,,,,,,,,,,,,,,,,,,,
7F-CW-1.FM,(CW1水流量       ),,7029,7648,7314,7806,7631,7221,7270,7362,7517,7351,7059,7898,18,17,17,17,17,17,15,17,17,17,17,17,17,17,17,17,17,17,17,18,15,7549,7070,7379,8285,7496,7629,7974,7793,8153,7857,7795,7492,7671,7320,7659,7482,7615,7882,7492,7817,7692,7496,7595,7432,7865,8012,7803,7034,7596,7612,7556,6685,7251,7432,7489,7265,7882,7815,7478,7949,7515,7317,7389,7792,7789,7832,7581,7615,7265,7762,7843,7659,7039,7299,7085,7507,7470,7195,7053,7553,7329,6892,7510,7335,7356,7673,7510,6693,7571,7892,8049,7893,7376,7343,6962,7293,7339,7756,7459,7498,7901,6978,6907,7973,6682,6985,7349,6849,6904,,,,,,,,,,,,,,,,,,,,,,
7F-CW-2.FM,(CW2水流量       ),,15,15,15,15,15,15,15,15,15,15,15,15,15,15,15,15,15,15,15,15,15,15,15,15,15,15,15,15,15,15,14,15,15,17,15,15,15,15,15,14,17,14,17,15,17,14,14,17,14,14,14,14,14,14,14,17,14,4217,19314,17524,9465,13873,18618,20442,21446,22317,22420,23249,23882,23917,23892,23746,23342,23049,22893,23004,23226,19331,20671,22737,23356,23593,23537,23462,23817,23829,23882,23715,23678,23684,3489,23592,23707,23628,10562,9179,8079,2987,18,2126,17437,15304,20660,18,18,22006,1762,23362,15906,23728,23990,22803,11518,22890,9803,23471,24121,24184,23890,23917,23978,24199,,,,,,,,,,,,,,,,,,,,,,
7F-CW-3.FM,(CW3水流量       ),,21,24,24,21,24,21,21,21,21,23,21,21,21,23,21,21,21,21,21,21,21,21,18,21,21,21,21,21,21,21,21,18,21,21,21,21,21,21,24,21,21,24,21,21,21,21,21,21,21,21,18,18,18,21,21,21,21,21,21,21,18,21,21,21,21,21,21,24,24,23,23,23,21,24,24,24,21,24,21,23,23,23,23,23,23,21,24,24,24,24,23,23,24,24,24,24,24,24,24,24,24,24,24,23,23,24,24,26,23,26,23,24,24,24,26,26,26,26,26,26,26,26,,,,,,,,,,,,,,,,,,,,,,
7F-CW-4.FM,(CW4水流量       ),,17,17,17,17,17,17,17,17,17,17,17,14,17,17,17,15,15,15,17,15,15,15,15,15,15,15,15,15,17,17,14,15,15,15,15,15,15,18,15,15,15,15,15,15,15,15,15,15,15,15,15,15,15,15,15,6807,7445,7573,7514,7412,7340,7514,7699,7649,7557,7549,7496,7574,7581,7709,7618,7617,7706,7685,7614,7584,7671,7617,7560,7596,7546,7617,7692,7654,7546,7660,7692,7551,7759,7701,7599,7621,7720,7542,7549,7635,7534,7548,7787,7587,7707,7585,7574,7659,7553,7589,7593,7596,7432,7512,23,21,18,18,21,18,18,21,21,21,18,18,,,,,,,,,,,,,,,,,,,,,,
7F-CW-5.FM,(CW5水流量       ),,18,17,18,18,15,18,18,18,15,17,15,18,15,18,18,17,17,17,17,17,17,17,17,17,17,17,17,17,17,17,17,15,15,17,17,17,17,17,17,17,17,17,14,17,17,15,15,15,18,17,17,17,17,17,17,15,15,18,15,15,18,17,18,18,18,21,21,18,18,18,21,21,17,18,23,21,21,18,21,21,21,21,23,21,18,21,21,21,21,23,21,21,24,21,21,21,21,21,21,21,24,24,21,24,23,23,24,23,21,24,7856,8262,8268,8178,8196,8026,8276,8326,8242,8260,8220,8298,,,,,,,,,,,,,,,,,,,,,,
7F-CW.FM,(冷卻水總流量    ),,7167,7729,7651,7812,7668,7345,7439,7359,7587,7556,7096,7971,89,92,90,87,87,87,84,87,84,87,84,87,87,87,84,87,89,89,87,87,84,7621,7190,7210,8356,7623,7667,8107,7799,8310,7724,7732,7717,7884,7434,7806,7553,7628,7998,7470,7815,7693,7785,14285,14793,19670,34728,32874,23878,29056,33971,35573,35906,37165,37284,38603,39164,39548,39310,38856,39034,38018,37817,38123,38773,34781,36004,38034,38728,38354,39039,39006,39079,38582,38934,38537,38828,39020,18539,38384,38939,38546,24773,24021,22970,17806,15587,17374,31962,30442,36176,15724,15714,37001,16667,37932,30678,38468,39628,38484,27965,38962,25292,38404,40429,39282,39167,39523,39184,39268,,,,,,,,,,,,,,,,,,,,,,
CH1F7:KW,(                ),kW,315.0,278.0,241.0,220.0,208.0,241.0,276.0,235.0,215.0,203.0,193.0,197.0,0.0,0.0,0.0,0.0,0.0,0.0,0.0,0.0,0.0,0.0,0.0,0.0,0.0,0.0,0.0,0.0,0.0,0.0,0.0,0.0,0.0,0.0,0.0,316.0,310.0,316.0,316.0,286.0,307.0,312.0,318.0,313.0,276.0,238.0,196.0,184.0,179.0,293.0,314.0,316.0,307.0,305.0,307.0,307.0,309.0,305.0,309.0,309.0,308.0,310.0,314.0,312.0,308.0,307.0,307.0,306.0,306.0,308.0,307.0,309.0,305.0,301.0,304.0,303.0,308.0,306.0,307.0,306.0,307.0,309.0,305.0,307.0,307.0,308.0,308.0,310.0,298.0,306.0,305.0,304.0,305.0,306.0,304.0,304.0,307.0,304.0,305.0,304.0,304.0,306.0,303.0,303.0,306.0,300.0,307.0,303.0,309.0,303.0,303.0,301.0,302.0,304.0,305.0,304.0,304.0,307.0,305.0,304.0,305.0,305.0,,,,,,,,,,,,,,,,,,,,,,
CH2F7:KW,(                ),kW,0.0,0.0,0.8,0.8,0.0,0.7,0.0,0.0,0.8,0.0,0.0,0.7,0.0,0.8,0.8,0.0,0.8,0.0,0.0,0.8,0.0,0.8,0.0,0.0,0.8,0.0,0.0,0.8,0.0,0.0,0.8,0.8,0.0,0.8,0.8,0.0,0.0,0.7,0.0,0.0,0.7,0.0,0.0,0.7,0.0,0.8,0.0,0.0,0.8,0.0,0.8,0.8,0.0,0.8,0.0,0.0,1.8,529.3,528.5,528.8,533.8,529.6,527.5,532.3,527.2,524.4,529.0,526.1,526.9,525.6,527.4,529.4,526.4,530.6,529.3,528.6,530.0,531.5,528.5,524.7,523.6,527.6,523.4,525.5,527.1,524.6,527.5,527.3,526.6,525.2,526.9,527.5,527.4,531.2,527.2,527.7,527.2,525.7,529.7,527.5,528.5,529.9,531.8,530.6,528.9,529.0,530.9,530.2,528.6,529.9,533.4,530.6,528.1,529.0,527.6,531.6,529.6,530.1,532.4,529.9,532.3,529.6,,,,,,,,,,,,,,,,,,,,,,
CH3F7:KW,(                ),kW,0.0,0.0,0.7,0.7,0.0,0.0,0.7,0.7,0.0,0.0,0.7,0.7,0.0,0.0,0.7,0.7,0.0,0.0,0.7,0.7,0.0,0.0,0.7,0.7,0.0,0.0,0.7,0.7,0.0,0.0,0.0,0.7,0.7,0.0,0.0,0.7,0.7,0.0,0.0,0.7,0.7,0.0,0.0,0.0,0.7,0.7,0.0,0.0,0.7,0.7,0.0,0.0,0.7,0.7,0.0,0.0,0.7,0.7,0.7,0.0,0.0,0.7,0.7,0.0,0.0,0.7,0.7,0.7,0.0,0.0,0.7,0.7,0.0,0.0,0.7,0.7,0.7,0.0,0.0,0.7,0.7,0.0,0.0,0.7,0.7,0.7,0.0,0.0,0.7,0.7,0.0,0.0,0.0,0.7,0.7,0.0,0.0,0.7,0.7,0.7,0.0,0.0,0.7,0.7,0.0,0.0,0.7,0.7,0.7,0.0,0.0,0.7,0.7,0.0,0.0,0.7,0.7,0.7,0.0,0.0,0.7,0.7,,,,,,,,,,,,,,,,,,,,,,
CH4F7:KW,(                ),kW,0.0,0.0,0.0,0.0,0.0,0.0,0.0,0.0,0.0,0.0,0.0,0.0,0.0,0.0,0.0,0.0,0.0,0.0,0.0,0.0,0.0,0.0,0.0,0.0,0.0,0.0,0.0,0.0,0.0,0.0,0.0,0.0,0.0,0.0,0.0,0.0,0.0,0.0,0.0,0.0,0.0,0.0,0.0,0.0,0.0,0.0,0.0,0.0,0.0,0.0,0.0,0.0,0.0,0.0,0.0,0.0,0.0,281.0,285.0,8.0,0.0,284.0,302.0,294.0,288.0,288.0,289.0,287.0,289.0,286.0,289.0,288.0,285.0,287.0,286.0,285.0,285.0,287.0,286.0,285.0,284.0,286.0,285.0,287.0,285.0,285.0,287.0,288.0,285.0,284.0,284.0,285.0,286.0,284.0,286.0,284.0,283.0,283.0,286.0,285.0,287.0,287.0,283.0,286.0,286.0,286.0,285.0,286.0,285.0,0.0,0.0,0.0,0.0,0.0,0.0,0.0,0.0,0.0,0.0,0.0,0.0,0.0,,,,,,,,,,,,,,,,,,,,,,
CH5F7:KW,(                ),kW,0.0,0.0,0.0,0.0,0.0,0.0,0.0,0.0,0.0,0.0,0.0,0.0,0.0,0.0,0.0,0.0,0.0,0.0,0.0,0.0,0.0,0.0,0.0,0.0,0.0,0.0,0.0,0.0,0.0,0.0,0.0,0.0,0.0,0.0,0.0,0.0,0.0,0.0,0.0,0.0,0.0,0.0,0.0,0.0,0.0,0.0,0.0,0.0,0.0,0.0,0.0,0.0,0.0,0.0,0.0,0.0,0.0,0.0,0.0,0.0,0.0,0.0,0.0,0.0,0.0,0.0,0.0,0.0,0.0,0.0,0.0,0.0,0.0,0.0,0.0,0.0,0.0,0.0,0.0,0.0,0.0,0.0,0.0,0.0,0.0,0.0,0.0,0.0,0.0,0.0,0.0,0.0,0.0,0.0,0.0,0.0,0.0,0.0,0.0,0.0,0.0,0.0,0.0,0.0,0.0,0.0,0.0,0.0,0.0,0.0,0.0,280.0,290.0,290.0,288.0,290.0,288.0,290.0,290.0,291.0,287.0,290.0,,,,,,,,,,,,,,,,,,,,,,
CHF7-ALL.KW,(冰機系統功率    ),,315.0,278.0,242.4,221.4,208.0,241.7,276.7,235.7,215.8,203.0,193.7,198.4,0.0,0.8,1.4,0.7,0.8,0.0,0.7,1.4,0.0,0.8,0.7,0.7,0.8,0.0,0.7,1.4,0.0,0.0,0.8,1.4,0.7,0.8,0.8,316.7,310.7,316.7,316.0,286.7,308.4,312.0,318.0,313.7,276.7,239.4,196.0,184.0,180.4,293.7,314.8,316.8,307.7,306.4,307.0,307.0,311.5,1116.0,1123.2,845.8,841.8,1124.3,1144.2,1138.3,1123.2,1120.1,1125.7,1119.8,1121.9,1119.6,1124.1,1127.1,1116.4,1118.6,1120.0,1117.3,1123.7,1124.5,1121.5,1116.4,1115.3,1118.6,1113.4,1120.2,1119.7,1118.3,1122.5,1125.3,1110.3,1115.9,1115.9,1116.5,1118.4,1121.9,1117.9,1115.7,1117.2,1113.4,1121.4,1117.2,1119.5,1122.9,1118.5,1120.3,1120.9,1115.0,1123.6,1119.8,1123.3,832.9,836.4,1112.3,1120.8,1123.0,1120.6,1126.3,1125.2,1127.8,1127.4,1124.9,1125.0,1125.3,,,,,,,,,,,,,,,,,,,,,,
7F-CH-1.TON,(冷凍頓          ),,570,473,414,388,375,463,467,415,375,359,343,350,0,0,0,0,0,0,0,0,0,0,0,0,0,0,0,0,0,0,0,0,0,0,0,582,577,562,554,483,569,567,550,533,464,395,350,323,336,528,559,571,580,579,591,582,605,583,563,564,566,574,565,569,577,580,584,578,570,580,585,584,585,582,585,587,584,586,575,588,586,580,583,590,587,584,583,589,592,591,589,584,588,585,593,590,590,588,590,593,591,594,592,590,588,587,588,596,592,585,603,599,593,586,594,597,595,584,591,586,594,584,,,,,,,,,,,,,,,,,,,,,,
7F-CH-2.TON,(冷凍頓          ),,0,0,0,0,0,0,0,0,0,0,0,0,0,0,0,0,0,0,0,0,0,0,0,0,0,0,0,0,0,0,0,0,0,0,0,0,0,0,0,0,0,0,0,0,0,0,0,0,0,0,0,0,0,0,0,0,0,624,587,578,602,584,577,587,590,588,597,594,595,591,599,597,601,604,605,597,595,607,597,597,599,596,591,598,598,597,597,602,598,598,594,595,600,596,604,600,607,600,604,608,600,605,601,598,602,601,602,603,603,610,625,618,614,609,600,608,613,607,614,607,611,604,,,,,,,,,,,,,,,,,,,,,,
7F-CH-3.TON,(冷凍頓          ),,0,0,0,0,0,0,0,0,0,0,0,0,0,0,0,0,0,0,0,0,0,0,0,0,0,0,0,0,0,0,0,0,0,0,0,0,0,0,0,0,0,0,0,0,0,0,0,0,0,0,0,0,0,0,0,0,0,0,0,0,0,0,0,0,0,0,0,0,0,0,0,0,0,0,0,0,0,0,0,0,0,0,0,0,0,0,0,0,0,0,0,0,0,0,0,0,0,0,0,0,0,0,0,0,0,0,0,0,0,0,0,0,0,0,0,0,0,0,0,0,0,0,,,,,,,,,,,,,,,,,,,,,,
7F-CH-4.TON,(冷凍頓          ),,0,0,0,0,0,0,0,0,0,0,0,0,0,0,0,0,0,0,0,0,0,0,0,0,0,0,0,0,0,0,0,0,0,0,0,0,0,0,0,0,0,0,0,0,0,0,0,0,0,0,0,0,0,0,0,0,0,630,584,125,0,598,570,589,591,598,590,613,587,595,604,605,593,613,593,587,591,597,580,604,605,607,597,601,593,606,596,607,599,584,589,599,605,589,589,594,586,583,596,600,586,597,584,593,599,583,610,603,603,38,0,0,0,0,0,0,0,0,0,0,0,0,,,,,,,,,,,,,,,,,,,,,,
7F-CH-5.TON,(冷凍頓          ),,0,0,0,0,0,0,0,0,0,0,0,0,0,0,0,0,0,0,0,0,0,0,0,0,0,0,0,0,0,0,0,0,0,0,0,0,0,0,0,0,0,0,0,0,0,0,0,0,0,0,0,0,0,0,0,0,0,0,0,0,0,0,0,0,0,0,0,0,0,0,0,0,0,0,0,0,0,0,0,0,0,0,0,0,0,0,0,0,0,0,0,0,0,0,0,0,0,0,0,0,0,0,0,0,0,0,0,0,0,0,0,606,591,581,581,576,576,559,555,580,570,553,,,,,,,,,,,,,,,,,,,,,,
7F-CHSYS.TON,(冷凍頓          ),,214,145,119,115,105,486,125,82,88,103,140,134,0,0,0,0,0,0,0,0,0,0,0,0,0,0,0,0,0,0,0,0,0,0,0,294,329,328,330,293,208,159,141,131,112,90,80,69,61,146,147,124,135,117,132,90,95,1289,1142,774,509,1217,1142,1125,1197,1380,1385,1412,1374,1483,1477,1417,1480,1566,1346,1345,1458,1527,1337,1395,1400,1411,1388,1400,1496,1532,1322,1435,1379,1409,1554,1347,1344,1356,1588,1343,1424,1430,1485,1355,1410,1603,1341,1372,1385,1462,1388,1400,1521,1126,615,1381,1381,1500,1286,1346,1329,1383,1323,1363,1544,1342,,,,,,,,,,,,,,,,,,,,,,
7F-CH-1.KW/RT,(冰機效率        ),,0.00,0.00,0.00,0.00,0.00,0.00,0.00,0.00,0.00,0.00,0.00,0.00,0.00,0.00,0.00,0.00,0.00,0.00,0.00,0.00,0.00,0.00,0.00,0.00,0.00,0.00,0.00,0.00,0.00,0.00,0.00,0.00,0.00,0.00,0.00,0.00,0.00,0.00,0.00,0.00,0.00,0.00,0.00,0.00,0.00,0.00,0.00,0.00,0.00,0.00,0.00,0.00,0.00,0.00,0.00,0.00,0.00,0.00,0.00,0.00,0.00,0.00,0.00,0.00,0.00,0.00,0.00,0.00,0.00,0.00,0.00,0.00,0.00,0.00,0.00,0.00,0.00,0.00,0.00,0.00,0.00,0.00,0.00,0.00,0.00,0.00,0.00,0.00,0.00,0.00,0.00,0.00,0.00,0.00,0.00,0.00,0.00,0.00,0.00,0.00,0.00,0.00,0.00,0.00,0.00,0.00,0.00,0.00,0.00,0.00,0.00,0.00,0.00,0.00,0.00,0.00,0.00,0.00,0.00,0.00,0.00,0.00,,,,,,,,,,,,,,,,,,,,,,
7F-CH-2.KW/RT,(冰機效率        ),,0.00,0.00,0.00,0.00,0.00,0.00,0.00,0.00,0.00,0.00,0.00,0.00,0.00,0.00,0.00,0.00,0.00,0.00,0.00,0.00,0.00,0.00,0.00,0.00,0.00,0.00,0.00,0.00,0.00,0.00,0.00,0.00,0.00,0.00,0.00,0.00,0.00,0.00,0.00,0.00,0.00,0.00,0.00,0.00,0.00,0.00,0.00,0.00,0.00,0.00,0.00,0.00,0.00,0.00,0.00,0.00,658.04,0.84,0.90,0.92,0.87,0.90,0.91,0.90,0.89,0.89,0.88,0.88,0.88,0.89,0.88,0.88,0.87,0.87,0.87,0.88,0.88,0.87,0.88,0.88,0.88,0.88,0.89,0.88,0.88,0.88,0.88,0.87,0.88,0.88,0.88,0.88,0.87,0.88,0.87,0.87,0.87,0.87,0.87,0.86,0.87,0.87,0.87,0.88,0.87,0.87,0.87,0.87,0.87,0.86,0.84,0.85,0.86,0.86,0.87,0.86,0.86,0.86,0.85,0.86,0.86,0.87,,,,,,,,,,,,,,,,,,,,,,
7F-CH-3.KW/RT,(冰機效率        ),,0.00,0.00,0.00,0.00,0.00,0.00,0.00,0.00,0.00,0.00,0.00,0.00,0.00,0.00,0.00,0.00,0.00,0.00,0.00,0.00,0.00,0.00,0.00,0.00,0.00,0.00,0.00,0.00,0.00,0.00,0.00,0.00,0.00,0.00,0.00,0.00,0.00,0.00,0.00,0.00,0.00,0.00,0.00,0.00,0.00,0.00,0.00,0.00,0.00,0.00,0.00,0.00,0.00,0.00,0.00,0.00,0.00,0.00,0.00,0.00,0.00,0.00,0.00,0.00,0.00,0.00,0.00,0.00,0.00,0.00,0.00,0.00,0.00,0.00,0.00,0.00,0.00,0.00,0.00,0.00,0.00,0.00,0.00,0.00,0.00,0.00,0.00,0.00,0.00,0.00,0.00,0.00,0.00,0.00,0.00,0.00,0.00,0.00,0.00,0.00,0.00,0.00,0.00,0.00,0.00,0.00,0.00,0.00,0.00,0.00,0.00,0.00,0.00,0.00,0.00,0.00,0.00,0.00,0.00,0.00,0.00,0.00,,,,,,,,,,,,,,,,,,,,,,
7F-CH-4.KW/RT,(冰機效率        ),,0.00,0.00,0.00,0.00,0.00,0.00,0.00,0.00,0.00,0.00,0.00,0.00,0.00,0.00,0.00,0.00,0.00,0.00,0.00,0.00,0.00,0.00,0.00,0.00,0.00,0.00,0.00,0.00,0.00,0.00,0.00,0.00,0.00,0.00,0.00,0.00,0.00,0.00,0.00,0.00,0.00,0.00,0.00,0.00,0.00,0.00,0.00,0.00,0.00,0.00,0.00,0.00,0.00,0.00,0.00,0.00,0.00,0.00,0.00,0.00,0.00,0.00,0.00,0.00,0.00,0.00,0.00,0.00,0.00,0.00,0.00,0.00,0.00,0.00,0.00,0.00,0.00,0.00,0.00,0.00,0.00,0.00,0.00,0.00,0.00,0.00,0.00,0.00,0.00,0.00,0.00,0.00,0.00,0.00,0.00,0.00,0.00,0.00,0.00,0.00,0.00,0.00,0.00,0.00,0.00,0.00,0.00,0.00,0.00,0.00,0.00,0.00,0.00,0.00,0.00,0.00,0.00,0.00,0.00,0.00,0.00,0.00,,,,,,,,,,,,,,,,,,,,,,
7F-CH-5.KW/RT,(冰機效率        ),,0.00,0.00,0.00,0.00,0.00,0.00,0.00,0.00,0.00,0.00,0.00,0.00,0.00,0.00,0.00,0.00,0.00,0.00,0.00,0.00,0.00,0.00,0.00,0.00,0.00,0.00,0.00,0.00,0.00,0.00,0.00,0.00,0.00,0.00,0.00,0.00,0.00,0.00,0.00,0.00,0.00,0.00,0.00,0.00,0.00,0.00,0.00,0.00,0.00,0.00,0.00,0.00,0.00,0.00,0.00,0.00,0.00,0.00,0.00,0.00,0.00,0.00,0.00,0.00,0.00,0.00,0.00,0.00,0.00,0.00,0.00,0.00,0.00,0.00,0.00,0.00,0.00,0.00,0.00,0.00,0.00,0.00,0.00,0.00,0.00,0.00,0.00,0.00,0.00,0.00,0.00,0.00,0.00,0.00,0.00,0.00,0.00,0.00,0.00,0.00,0.00,0.00,0.00,0.00,0.00,0.00,0.00,0.00,0.00,0.00,0.00,0.48,0.49,0.50,0.50,0.50,0.50,0.52,0.52,0.50,0.51,0.52,,,,,,,,,,,,,,,,,,,,,,
7F-CHSYS.KW/RT,(冰水系統效率    ),,5.18,7.64,9.33,9.67,10.56,2.29,8.87,13.43,12.64,10.78,7.92,8.25,0.00,0.00,0.00,0.00,0.00,0.00,0.00,0.00,0.00,0.00,0.00,0.00,0.00,0.00,0.00,0.00,0.00,0.00,0.00,0.00,0.00,0.00,0.00,3.78,3.38,3.39,3.37,3.80,5.34,6.99,7.87,8.47,9.88,12.22,13.87,16.08,18.21,7.61,7.56,8.91,8.19,9.48,8.42,12.37,11.63,0.86,0.97,1.44,2.19,0.91,0.98,0.99,0.93,0.81,0.80,0.79,0.81,0.75,0.76,0.79,0.75,0.71,0.83,0.83,0.76,0.73,0.83,0.80,0.79,0.79,0.80,0.80,0.74,0.73,0.84,0.78,0.81,0.79,0.72,0.83,0.83,0.82,0.70,0.83,0.78,0.78,0.75,0.82,0.79,0.69,0.83,0.81,0.80,0.76,0.80,0.80,0.73,0.99,1.81,0.81,0.81,0.74,0.87,0.83,0.84,0.80,0.84,0.82,0.72,0.83,,,,,,,,,,,,,,,,,,,,,,
7F-CW-1.TON,(冷卻水冷凍頓    ),,618,638,533,538,493,523,596,535,501,461,426,471,0,0,0,0,0,0,0,0,0,0,0,0,0,0,0,0,0,0,0,0,0,0,0,601,781,706,703,675,718,771,737,694,621,536,456,425,403,593,726,703,744,730,746,736,734,758,754,718,657,716,667,687,637,694,694,699,717,758,717,702,765,702,699,711,736,742,713,750,724,659,732,753,739,669,699,686,726,726,680,693,720,702,665,720,699,715,726,760,649,750,773,767,774,711,712,664,706,717,745,727,732,752,679,688,782,650,677,699,665,662,,,,,,,,,,,,,,,,,,,,,,
7F-CW-2.TON,(冷卻水冷凍頓    ),,0,0,0,0,0,0,0,0,0,0,0,0,0,0,0,0,0,0,0,0,0,0,0,0,0,0,0,0,0,0,0,0,0,0,0,0,0,0,0,0,0,0,0,0,0,0,0,0,0,0,0,0,0,0,0,0,0,447,2086,1887,1049,1511,1998,2235,2353,2454,2463,2586,2629,2627,2644,2617,2584,2582,2538,2550,2550,2159,2277,2520,2587,2610,2577,2601,2624,2632,2651,2620,2619,2590,373,2628,2620,2612,1172,1025,892,320,2,239,1937,1705,2304,2,2,2431,197,2578,1776,2685,2717,2595,1280,2564,1085,2653,2725,2721,2682,2690,2710,2705,,,,,,,,,,,,,,,,,,,,,,
7F-CW-3.TON,(冷卻水冷凍頓    ),,0,0,0,0,0,0,0,0,0,0,0,0,0,0,0,0,0,0,0,0,0,0,0,0,0,0,0,0,0,0,0,0,0,0,0,0,0,0,0,0,0,0,0,0,0,0,0,0,0,0,0,0,0,0,0,0,0,0,0,0,0,0,0,0,0,0,0,0,0,0,0,0,0,0,0,0,0,0,0,0,0,0,0,0,0,0,0,0,0,0,0,0,0,0,0,0,0,0,0,0,0,0,0,0,0,0,0,0,0,0,0,0,0,0,0,0,0,0,0,0,0,0,,,,,,,,,,,,,,,,,,,,,,
7F-CW-4.TON,(冷卻水冷凍頓    ),,0,0,0,0,0,0,0,0,0,0,0,0,0,0,0,0,0,0,0,0,0,0,0,0,0,0,0,0,0,0,0,0,0,0,0,0,0,0,0,0,0,0,0,0,0,0,0,0,0,0,0,0,0,0,0,0,0,649,608,153,0,614,613,617,611,620,612,622,628,632,633,621,622,630,627,626,625,627,624,628,623,629,630,632,611,628,627,619,634,628,615,624,625,614,618,623,614,610,637,624,628,619,615,616,615,610,619,616,605,28,0,0,0,0,0,0,0,0,0,0,0,0,,,,,,,,,,,,,,,,,,,,,,
7F-CW-5.TON,(冷卻水冷凍頓    ),,0,0,0,0,0,0,0,0,0,0,0,0,0,0,0,0,0,0,0,0,0,0,0,0,0,0,0,0,0,0,0,0,0,0,0,0,0,0,0,0,0,0,0,0,0,0,0,0,0,0,0,0,0,0,0,0,0,0,0,0,0,0,0,0,0,0,0,0,0,0,0,0,0,0,0,0,0,0,0,0,0,0,0,0,0,0,0,0,0,0,0,0,0,0,0,0,0,0,0,0,0,0,0,0,0,0,0,0,0,0,0,453,593,605,608,603,621,618,610,611,611,612,,,,,,,,,,,,,,,,,,,,,,
7F-CWSYS.TON,(冷凍頓          ),,627,647,567,532,509,524,610,555,493,476,423,475,0,0,0,0,0,0,0,0,0,0,0,0,0,0,0,0,0,0,0,0,0,49,23,579,778,743,727,672,719,774,716,701,642,548,458,437,402,586,732,700,742,732,775,415,482,1894,3277,2405,1637,2761,3094,3332,3421,3588,3544,3694,3747,3801,3750,3713,3762,3646,3642,3694,3676,3351,3434,3692,3724,3641,3714,3763,3752,3698,3731,3692,3740,3725,1762,3707,3734,3711,2389,2317,2200,1694,1514,1724,3084,2957,3481,1504,1526,3547,1627,3637,2925,2735,2833,3429,2618,3652,2378,3667,3839,3706,3717,3711,3724,3690,,,,,,,,,,,,,,,,,,,,,,
7F-CH-1.HB,(                ),, -7.75, -25.86, -22.28, -27.89, -23.84, -11.38, -21.64, -22.36, -25.07, -22.13, -19.47, -25.61,0.00,0.00,0.00,0.00,0.00,0.00,0.00,0.00,0.00,0.00,0.00,0.00,0.00,0.00,0.00,0.00,0.00,0.00,0.00,0.00,0.00,0.00,0.00, -3.12, -26.21, -20.49, -21.26, -28.47, -20.73, -26.49, -25.28, -25.54, -25.25, -26.76, -23.14, -23.98, -14.63, -10.86, -22.95, -18.68, -21.95, -20.57, -20.76, -20.97, -17.52, -23.13, -25.33, -21.62, -13.80, -19.89, -15.22, -17.08, -9.43, -16.45, -15.87, -17.25, -20.44, -23.53, -18.49, -16.89, -23.52, -17.18, -16.32, -17.40, -20.59, -20.94, -19.40, -21.48, -19.02, -12.02, -20.33, -21.60, -20.55, -12.63, -16.56, -14.09, -18.49, -18.56, -13.37, -15.78, -18.33, -16.62, -10.82, -18.03, -15.58, -17.58, -18.72, -21.86, -9.00, -20.80, -23.34, -23.12, -24.01, -17.44, -17.32, -10.37, -16.20, -18.43, -19.11, -17.59, -18.98, -21.97, -12.50, -13.24, -23.96, -10.26, -12.64, -16.07, -10.66, -11.74,,,,,,,,,,,,,,,,,,,,,,
7F-CH-2.HB,(                ),,0.00,0.00,0.00,0.00,0.00,0.00,0.00,0.00,0.00,0.00,0.00,0.00,0.00,0.00,0.00,0.00,0.00,0.00,0.00,0.00,0.00,0.00,0.00,0.00,0.00,0.00,0.00,0.00,0.00,0.00,0.00,0.00,0.00,0.00,0.00,0.00,0.00,0.00,0.00,0.00,0.00,0.00,0.00,0.00,0.00,0.00,0.00,0.00,0.00,0.00,0.00,0.00,0.00,0.00,0.00,0.00,957375.00,72.84, -64.70, -61.70, -28.31, -51.43, -63.60, -67.06, -68.57, -69.93, -69.66, -71.22, -71.67, -71.79, -71.68, -71.48, -70.93, -70.81, -70.27, -70.70, -70.80, -64.97, -67.23, -70.36, -71.06, -71.42, -71.24, -71.24, -71.50, -71.63, -71.83, -71.30, -71.44, -71.13,99.44, -71.66, -71.37, -71.43, -35.67, -26.84, -15.26,135.03,35690.44,216.76, -61.27, -55.76, -67.40,30830.37,35575.88, -69.13,281.35, -70.79, -57.59, -71.70, -71.49, -70.42, -40.35, -70.40, -30.85, -71.42, -72.00, -72.19, -71.52, -71.85, -71.93, -72.15,,,,,,,,,,,,,,,,,,,,,,
7F-CH-3.HB,(                ),,0.00,0.00,0.00,0.00,0.00,0.00,0.00,0.00,0.00,0.00,0.00,0.00,0.00,0.00,0.00,0.00,0.00,0.00,0.00,0.00,0.00,0.00,0.00,0.00,0.00,0.00,0.00,0.00,0.00,0.00,0.00,0.00,0.00,0.00,0.00,0.00,0.00,0.00,0.00,0.00,0.00,0.00,0.00,0.00,0.00,0.00,0.00,0.00,0.00,0.00,0.00,0.00,0.00,0.00,0.00,0.00,0.00,0.00,0.00,0.00,0.00,0.00,0.00,0.00,0.00,0.00,0.00,0.00,0.00,0.00,0.00,0.00,0.00,0.00,0.00,0.00,0.00,0.00,0.00,0.00,0.00,0.00,0.00,0.00,0.00,0.00,0.00,0.00,0.00,0.00,0.00,0.00,0.00,0.00,0.00,0.00,0.00,0.00,0.00,0.00,0.00,0.00,0.00,0.00,0.00,0.00,0.00,0.00,0.00,0.00,0.00,0.00,0.00,0.00,0.00,0.00,0.00,0.00,0.00,0.00,0.00,0.00,,,,,,,,,,,,,,,,,,,,,,
7F-CH-4.HB,(                ),,0.00,0.00,0.00,0.00,0.00,0.00,0.00,0.00,0.00,0.00,0.00,0.00,0.00,0.00,0.00,0.00,0.00,0.00,0.00,0.00,0.00,0.00,0.00,0.00,0.00,0.00,0.00,0.00,0.00,0.00,0.00,0.00,0.00,0.00,0.00,0.00,0.00,0.00,0.00,0.00,0.00,0.00,0.00,0.00,0.00,0.00,0.00,0.00,0.00,0.00,0.00,0.00,0.00,0.00,0.00,0.00,0.00, -2.85, -3.82, -18.29,0.00, -2.61, -7.06, -4.51, -3.25, -3.46, -3.52, -1.55, -6.57, -5.95, -4.80, -2.56, -4.62, -2.75, -5.44, -6.15, -5.39, -4.73, -7.05, -3.74, -2.79, -3.43, -5.21, -4.79, -2.93, -3.64, -4.87, -1.97, -5.46, -7.04, -4.15, -3.98, -3.22, -3.94, -4.74, -4.62, -4.61, -4.39, -6.43, -3.84, -6.72, -3.68, -4.99, -3.63, -2.61, -4.56, -1.56, -1.97, -0.32,34.67,0.00,0.00,0.00,0.00,0.00,0.00,0.00,0.00,0.00,0.00,0.00,0.00,,,,,,,,,,,,,,,,,,,,,,
7F-CH-5.HB,(                ),,0.00,0.00,0.00,0.00,0.00,0.00,0.00,0.00,0.00,0.00,0.00,0.00,0.00,0.00,0.00,0.00,0.00,0.00,0.00,0.00,0.00,0.00,0.00,0.00,0.00,0.00,0.00,0.00,0.00,0.00,0.00,0.00,0.00,0.00,0.00,0.00,0.00,0.00,0.00,0.00,0.00,0.00,0.00,0.00,0.00,0.00,0.00,0.00,0.00,0.00,0.00,0.00,0.00,0.00,0.00,0.00,0.00,0.00,0.00,0.00,0.00,0.00,0.00,0.00,0.00,0.00,0.00,0.00,0.00,0.00,0.00,0.00,0.00,0.00,0.00,0.00,0.00,0.00,0.00,0.00,0.00,0.00,0.00,0.00,0.00,0.00,0.00,0.00,0.00,0.00,0.00,0.00,0.00,0.00,0.00,0.00,0.00,0.00,0.00,0.00,0.00,0.00,0.00,0.00,0.00,0.00,0.00,0.00,0.00,0.00,0.00,51.80,13.41,9.74,9.11,9.25,5.97,3.83,4.59,8.31,6.72,3.85,,,,,,,,,,,,,,,,,,,,,,
7F-CHSYS.HB,(                ),, -15.27, -28.64, -23.14, -18.94, -17.07,53.07, -27.53, -26.57, -18.01, -11.93,7.92, -4.99,0.00,0.00,0.00,0.00,0.00,0.00,0.00,0.00,0.00,0.00,0.00,0.00,0.00,0.00,0.00,0.00,0.00,0.00,0.00,0.00,0.00,535.60,1236.58,5.59, -17.03, -13.27, -11.08, -9.28, -27.00, -38.56, -36.00, -36.15, -33.21, -25.64, -13.44, -11.83, -6.90, -21.10, -36.64, -36.97, -39.07, -40.71, -42.08, -2.02, -14.56, -15.22, -55.47, -54.62, -49.54, -44.44, -52.85, -56.72, -55.72, -52.70, -51.97, -53.20, -54.86, -52.65, -52.53, -53.31, -52.23, -48.37, -54.33, -55.00, -51.72, -44.96, -51.83, -53.64, -53.88, -52.53, -54.08, -54.36, -51.68, -49.99, -56.07, -52.55, -54.66, -53.67,6.16, -55.12, -55.52, -54.93, -20.27, -28.34, -20.89,3.09,19.03, -3.02, -44.01, -35.09, -52.36,12.27,11.52, -49.83,4.78, -52.78, -37.17, -47.22, -67.10, -50.50, -35.15, -50.25, -32.59, -54.64, -57.13, -54.12, -55.89, -54.74, -50.02, -55.04,,,,,,,,,,,,,,,,,,,,,,
CHP1F7:KW,(                ),kW,31.9,31.7,31.7,32.0,31.8,31.7,31.6,31.8,31.6,31.9,32.0,32.2,0.0,0.0,0.0,0.0,0.0,0.0,0.0,0.0,0.0,0.0,0.0,0.0,0.0,0.0,0.0,0.0,0.0,0.0,0.0,0.0,0.0,32.1,32.1,32.1,32.1,31.9,32.1,32.2,31.8,31.9,31.8,31.8,31.9,31.9,31.9,32.0,31.5,31.5,31.6,31.6,31.4,31.4,31.3,31.9,31.9,31.5,31.7,31.5,31.6,31.6,31.6,31.7,31.4,31.4,31.4,31.4,31.4,31.7,31.6,31.4,31.7,31.5,31.7,31.5,31.5,31.5,31.7,31.4,31.5,31.7,31.4,31.6,31.5,31.5,31.5,31.4,31.5,31.5,31.5,31.4,31.7,31.6,31.6,31.6,31.6,31.7,31.6,31.5,31.7,31.6,31.5,31.6,31.5,31.7,31.5,31.6,31.8,31.8,31.5,31.3,31.4,31.7,31.5,31.6,31.5,31.7,31.6,31.6,31.7,31.5,,,,,,,,,,,,,,,,,,,,,,
CHP2F7:KW,(                ),kW,0.0,0.0,0.0,0.0,0.0,0.0,0.0,0.0,0.0,0.0,0.0,0.0,0.0,0.0,0.0,0.0,0.0,0.0,0.0,0.0,0.0,0.0,0.0,0.0,0.0,0.0,0.0,0.0,0.0,0.0,0.0,0.0,0.0,0.0,0.0,0.0,0.0,0.0,0.0,0.0,0.0,0.0,0.0,0.0,0.0,0.0,0.0,0.0,0.0,0.0,0.0,0.0,0.0,0.0,0.0,29.7,29.0,29.3,29.2,29.5,29.3,29.3,29.2,29.3,29.1,29.2,29.1,29.1,29.1,29.3,29.1,29.1,29.2,29.1,29.2,29.2,29.4,29.3,29.0,29.2,29.3,29.2,29.1,29.2,29.1,29.0,29.3,29.0,29.3,29.1,29.2,28.8,29.3,29.2,29.3,29.2,29.4,29.4,29.3,29.1,29.2,29.3,29.2,29.3,29.1,29.2,29.2,29.3,29.2,29.3,29.1,29.2,29.1,29.3,29.1,29.1,29.2,29.2,29.1,29.2,29.2,28.9,,,,,,,,,,,,,,,,,,,,,,
CHP3F7:KW,(                ),kW,0.0,0.0,0.0,0.0,0.0,0.0,0.0,0.0,0.0,0.0,0.0,0.0,0.0,0.0,0.0,0.0,0.0,0.0,0.0,0.0,0.0,0.0,0.0,0.0,0.0,0.0,0.0,0.0,0.0,0.0,0.0,0.0,0.0,0.0,0.0,0.0,0.0,0.0,0.0,0.0,0.0,0.0,0.0,0.0,0.0,0.0,0.0,0.0,0.0,0.0,0.0,0.0,0.0,0.0,0.0,0.0,0.0,0.0,0.0,0.0,0.0,0.0,0.0,0.0,0.0,0.0,0.0,0.0,0.0,0.0,0.0,0.0,0.0,0.0,0.0,0.0,0.0,0.0,0.0,0.0,0.0,0.0,0.0,0.0,0.0,0.0,0.0,0.0,0.0,0.0,0.0,0.0,0.0,0.0,0.0,0.0,0.0,0.0,0.0,0.0,0.0,0.0,0.0,0.0,0.0,0.0,0.0,0.0,0.0,0.0,0.0,0.0,0.0,0.0,0.0,0.0,0.0,0.0,0.0,0.0,0.0,0.0,,,,,,,,,,,,,,,,,,,,,,
CHP4F7:KW,(                ),kW,0.0,0.0,0.0,0.0,0.0,0.0,0.0,0.0,0.0,0.0,0.0,0.0,0.0,0.0,0.0,0.0,0.0,0.0,0.0,0.0,0.0,0.0,0.0,0.0,0.0,0.0,0.0,0.0,0.0,0.0,0.0,0.0,0.0,0.0,0.0,0.0,0.0,0.0,0.0,0.0,0.0,0.0,0.0,0.0,0.0,0.0,0.0,0.0,0.0,0.0,0.0,0.0,0.0,0.0,0.0,31.0,30.8,30.7,30.7,30.7,30.9,30.8,30.7,30.6,30.8,30.6,30.5,30.7,30.4,30.6,30.4,30.7,30.6,30.7,30.7,30.6,30.6,30.5,30.6,30.6,30.6,30.7,30.7,30.6,30.8,30.7,30.8,30.5,30.3,30.6,30.8,30.5,30.5,30.6,30.9,30.7,30.5,30.5,30.8,30.7,30.5,30.8,30.8,30.9,30.8,30.6,30.6,30.8,30.8,30.7,0.0,0.0,0.0,0.0,0.0,0.0,0.0,0.0,0.0,0.0,0.0,0.0,,,,,,,,,,,,,,,,,,,,,,
CHP5F7:KW,(                ),kW,0.0,0.0,0.0,0.0,0.0,0.0,0.0,0.0,0.0,0.0,0.0,0.0,0.0,0.0,0.0,0.0,0.0,0.0,0.0,0.0,0.0,0.0,0.0,0.0,0.0,0.0,0.0,0.0,0.0,0.0,0.0,0.0,0.0,0.0,0.0,0.0,0.0,0.0,0.0,0.0,0.0,0.0,0.0,0.0,0.0,0.0,0.0,0.0,0.0,0.0,0.0,0.0,0.0,0.0,0.0,0.0,0.0,0.0,0.0,0.0,0.0,0.0,0.0,0.0,0.0,0.0,0.0,0.0,0.0,0.0,0.0,0.0,0.0,0.0,0.0,0.0,0.0,0.0,0.0,0.0,0.0,0.0,0.0,0.0,0.0,0.0,0.0,0.0,0.0,0.0,0.0,0.0,0.0,0.0,0.0,0.0,0.0,0.0,0.0,0.0,0.0,0.0,0.0,0.0,0.0,0.0,0.0,0.0,0.0,0.0,30.4,30.3,30.2,30.2,30.1,30.1,30.4,30.2,30.2,30.3,30.3,30.3,,,,,,,,,,,,,,,,,,,,,,
CHPF7-ALL.KW,(冰水泵系統功率  ),,31.9,31.7,31.7,32.0,31.8,31.7,31.6,31.8,31.6,31.9,32.0,32.2,0.0,0.0,0.0,0.0,0.0,0.0,0.0,0.0,0.0,0.0,0.0,0.0,0.0,0.0,0.0,0.0,0.0,0.0,0.0,0.0,0.0,32.1,32.1,32.1,32.1,31.9,32.1,32.2,31.8,31.9,31.8,31.8,31.9,31.9,31.9,32.0,31.5,31.5,31.6,31.6,31.4,31.4,31.3,92.5,91.8,91.5,91.6,91.6,91.7,91.7,91.6,91.6,91.3,91.2,91.0,91.2,90.9,91.6,91.1,91.2,91.5,91.3,91.5,91.3,91.6,91.3,91.2,91.3,91.4,91.5,91.1,91.4,91.4,91.2,91.6,90.9,91.0,91.2,91.5,90.7,91.5,91.4,91.9,91.6,91.6,91.6,91.7,91.2,91.4,91.7,91.5,91.7,91.4,91.5,91.3,91.8,91.7,91.8,91.0,90.8,90.7,91.2,90.8,90.8,91.2,91.1,90.8,91.1,91.3,90.8,,,,,,,,,,,,,,,,,,,,,,
CWP1F7:KW,(                ),kW,31.0,30.9,31.0,31.0,30.9,31.0,31.0,31.0,31.0,31.0,30.9,31.0,0.0,0.0,0.0,0.0,0.0,0.0,0.0,0.0,0.0,0.0,0.0,0.0,0.0,0.0,0.0,0.0,0.0,0.0,0.0,0.0,0.0,30.8,30.9,30.9,30.9,30.8,30.8,30.7,30.8,31.0,30.7,30.8,30.8,31.0,30.9,30.9,30.8,30.7,30.8,30.9,30.8,30.8,30.8,30.8,30.8,30.7,30.7,30.6,30.7,30.7,30.5,30.7,30.6,30.5,30.6,30.6,30.5,30.7,30.6,30.6,30.7,30.6,30.6,30.6,30.6,30.7,30.6,30.5,30.5,30.6,30.6,30.7,30.7,30.6,30.7,30.6,30.5,30.7,30.6,30.7,30.6,30.7,30.7,30.8,30.6,30.7,30.8,30.7,30.7,30.7,30.7,30.8,30.6,30.6,30.8,30.7,30.8,30.7,30.9,30.6,30.7,30.8,30.8,30.7,30.9,30.8,30.7,30.7,30.6,30.7,,,,,,,,,,,,,,,,,,,,,,
CWP2F7:KW,(                ),kW,0.0,0.0,0.0,0.0,0.0,0.0,0.0,0.0,0.0,0.0,0.0,0.0,0.0,0.0,0.0,0.0,0.0,0.0,0.0,0.0,0.0,0.0,0.0,0.0,0.0,0.0,0.0,0.0,0.0,0.0,0.0,0.0,0.0,0.0,0.0,0.0,0.0,0.0,0.0,0.0,0.0,0.0,0.0,0.0,0.0,0.0,0.0,0.0,0.0,0.0,0.0,0.0,0.0,0.0,0.0,33.5,33.4,33.2,33.1,33.3,33.2,33.0,33.0,33.2,33.1,33.1,33.0,33.1,33.1,33.0,33.1,33.1,33.2,33.2,33.2,33.0,33.0,33.2,33.1,33.1,33.1,33.1,33.0,33.0,33.1,33.0,33.2,33.0,33.0,33.2,33.1,33.1,33.1,33.2,33.2,33.1,33.1,33.2,33.2,33.2,33.2,33.2,33.1,33.1,33.2,33.1,33.1,33.2,33.1,33.2,33.3,33.1,33.1,33.1,33.1,33.2,33.1,33.2,33.1,33.2,33.2,33.2,,,,,,,,,,,,,,,,,,,,,,
CWP3F7:KW,(                ),kW,0.0,0.0,0.0,0.0,0.0,0.0,0.0,0.0,0.0,0.0,0.0,0.0,0.0,0.0,0.0,0.0,0.0,0.0,0.0,0.0,0.0,0.0,0.0,0.0,0.0,0.0,0.0,0.0,0.0,0.0,0.0,0.0,0.0,0.0,0.0,0.0,0.0,0.0,0.0,0.0,0.0,0.0,0.0,0.0,0.0,0.0,0.0,0.0,0.0,0.0,0.0,0.0,0.0,0.0,0.0,0.0,0.0,0.0,0.0,0.0,0.0,0.0,0.0,0.0,0.0,0.0,0.0,0.0,0.0,0.0,0.0,0.0,0.0,0.0,0.0,0.0,0.0,0.0,0.0,0.0,0.0,0.0,0.0,0.0,0.0,0.0,0.0,0.0,0.0,0.0,0.0,0.0,0.0,0.0,0.0,0.0,0.0,0.0,0.0,0.0,0.0,0.0,0.0,0.0,0.0,0.0,0.0,0.0,0.0,0.0,0.0,0.0,0.0,0.0,0.0,0.0,0.0,0.0,0.0,0.0,0.0,0.0,,,,,,,,,,,,,,,,,,,,,,
CWP4F7:KW,(                ),kW,0.0,0.0,0.0,0.0,0.0,0.0,0.0,0.0,0.0,0.0,0.0,0.0,0.0,0.0,0.0,0.0,0.0,0.0,0.0,0.0,0.0,0.0,0.0,0.0,0.0,0.0,0.0,0.0,0.0,0.0,0.0,0.0,0.0,0.0,0.0,0.0,0.0,0.0,0.0,0.0,0.0,0.0,0.0,0.0,0.0,0.0,0.0,0.0,0.0,0.0,0.0,0.0,0.0,0.0,0.0,29.7,29.8,29.5,29.5,29.5,29.6,29.4,29.4,29.4,29.4,29.2,29.4,29.4,29.3,29.4,29.4,29.4,29.4,29.3,29.5,29.3,29.5,29.6,29.3,29.5,29.4,29.4,29.3,29.4,29.5,29.4,29.4,29.4,29.3,29.5,29.4,29.4,29.4,29.4,29.5,29.5,29.4,29.4,29.5,29.4,29.4,29.5,29.5,29.5,29.5,29.4,29.5,29.5,29.4,29.6,0.0,0.0,0.0,0.0,0.0,0.0,0.0,0.0,0.0,0.0,0.0,0.0,,,,,,,,,,,,,,,,,,,,,,
CWP5F7:KW,(                ),kW,0.0,0.0,0.0,0.0,0.0,0.0,0.0,0.0,0.0,0.0,0.0,0.0,0.0,0.0,0.0,0.0,0.0,0.0,0.0,0.0,0.0,0.0,0.0,0.0,0.0,0.0,0.0,0.0,0.0,0.0,0.0,0.0,0.0,0.0,0.0,0.0,0.0,0.0,0.0,0.0,0.0,0.0,0.0,0.0,0.0,0.0,0.0,0.0,0.0,0.0,0.0,0.0,0.0,0.0,0.0,0.0,0.0,0.0,0.0,0.0,0.0,0.0,0.0,0.0,0.0,0.0,0.0,0.0,0.0,0.0,0.0,0.0,0.0,0.0,0.0,0.0,0.0,0.0,0.0,0.0,0.0,0.0,0.0,0.0,0.0,0.0,0.0,0.0,0.0,0.0,0.0,0.0,0.0,0.0,0.0,0.0,0.0,0.0,0.0,0.0,0.0,0.0,0.0,0.0,0.0,0.0,0.0,0.0,0.0,0.0,35.4,35.2,35.2,35.1,35.2,35.3,35.2,35.3,35.2,35.3,35.1,35.4,,,,,,,,,,,,,,,,,,,,,,
CWPF7-ALL.KW,(冷卻水泵系統功率),,31.0,30.9,31.0,31.0,30.9,31.0,31.0,31.0,31.0,31.0,30.9,31.0,0.0,0.0,0.0,0.0,0.0,0.0,0.0,0.0,0.0,0.0,0.0,0.0,0.0,0.0,0.0,0.0,0.0,0.0,0.0,0.0,0.0,30.8,30.9,30.9,30.9,30.8,30.8,30.7,30.8,31.0,30.7,30.8,30.8,31.0,30.9,30.9,30.8,30.7,30.8,30.9,30.8,30.8,30.8,93.9,94.0,93.4,93.2,93.4,93.5,93.1,93.0,93.3,93.0,92.8,92.9,93.0,92.9,93.2,93.0,93.2,93.3,93.2,93.2,92.9,93.1,93.4,92.9,93.1,93.0,93.1,92.9,93.0,93.3,93.0,93.4,93.0,92.9,93.4,93.1,93.3,93.2,93.2,93.4,93.5,93.1,93.3,93.6,93.3,93.3,93.4,93.4,93.5,93.3,93.2,93.4,93.4,93.3,93.5,99.5,98.9,99.0,99.1,99.2,99.2,99.2,99.3,99.0,99.2,99.0,99.2,,,,,,,,,,,,,,,,,,,,,,
CH-B1-1.CST,(冰水送水溫度    ),DEG C,13.38,13.42,13.46,13.50,13.54,13.58,13.60,13.64,13.67,13.69,13.72,13.74,13.76,13.73,13.67,13.63,13.48,13.32,13.23,13.12,13.04,12.95,12.86,12.81,12.75,12.68,12.64,12.61,12.56,12.55,12.53,12.50,12.55,12.60,12.68,12.75,12.83,12.91,12.98,13.06,13.14,13.19,13.25,13.32,13.40,12.51,8.14,8.42,8.07,8.32,7.91,8.36,8.54,8.64,8.35,8.68,8.65,9.07,9.23,9.29,9.74,10.26,10.43,10.47,9.44,7.99,8.15,7.86,7.99,7.95,7.74,8.11,8.11,8.08,7.79,8.02,7.80,7.99,7.97,8.46,8.08,8.08,8.24,7.63,8.13,7.84,8.02,7.82,8.00,8.04,8.43,8.18,8.20,8.24,7.83,8.01,7.89,8.03,8.00,8.10,8.18,7.65,8.14,7.97,7.98,8.00,8.49,8.08,7.85,8.16,8.32,8.28,8.33,8.23,8.38,8.60,8.12,8.23,8.50,7.93,8.44,8.08,,,,,,,,,,,,,,,,,,,,,,
CH-B1-2.CST,(冰水送水溫度    ),DEG C,13.44,13.49,13.52,13.56,13.59,13.62,13.65,13.67,13.70,13.65,13.66,13.72,13.55,13.37,13.08,12.92,12.79,12.61,12.43,12.31,12.22,12.18,12.12,12.05,11.95,11.96,11.89,11.86,11.85,11.86,11.86,11.92,11.99,12.04,12.11,12.21,12.28,12.37,12.49,12.66,12.88,13.09,13.25,13.38,13.49,14.15,12.07,9.90,9.40,9.16,9.18,9.17,9.31,10.01,11.12,11.14,12.35,12.78,12.93,12.99,13.22,13.42,13.57,14.09,10.36,7.80,11.64,8.37,11.44,9.36,7.61,10.84,8.63,11.96,7.70,11.62,8.40,11.46,9.23,11.26,10.72,11.19,11.87,7.65,11.73,7.73,11.60,8.41,11.36,9.77,11.18,10.95,7.56,11.84,7.72,11.59,8.47,11.35,10.25,11.08,11.09,7.54,11.78,7.93,11.55,9.03,11.28,10.54,7.65,11.56,9.04,7.67,11.93,8.33,11.03,11.23,7.94,11.50,9.51,7.70,11.79,8.22,,,,,,,,,,,,,,,,,,,,,,
CHW.ST,(冰水總出水溫度  ),DEG C,13.8,13.9,13.9,13.9,14.0,14.0,14.0,14.0,14.1,14.1,14.1,14.1,14.1,14.2,14.2,14.2,14.2,14.2,14.2,14.3,14.3,14.3,14.3,14.3,14.3,14.3,14.3,14.3,14.3,14.2,14.2,14.2,14.2,14.2,14.2,14.2,14.1,14.1,14.1,14.1,14.1,14.1,14.1,14.2,14.2,13.2,9.4,8.9,8.5,8.6,8.3,8.6,8.8,9.1,9.4,9.6,10.0,10.5,10.6,10.7,11.1,11.5,11.7,12.0,10.0,7.9,9.9,8.2,9.7,8.7,7.7,9.5,8.3,10.1,7.8,9.8,8.1,9.8,8.7,9.9,9.5,9.6,10.1,7.7,10.0,7.8,9.8,8.2,9.7,9.1,9.8,9.6,7.9,10.1,7.8,9.8,8.2,9.7,9.2,9.6,9.7,7.6,10.0,8.0,9.8,8.6,9.9,9.3,7.8,9.9,8.7,8.0,10.1,8.3,9.7,9.9,8.1,9.9,9.0,7.8,10.1,8.2,,,,,,,,,,,,,,,,,,,,,,
CH-B1-1.CRT,(冰水進水溫度    ),DEG C,14.12,14.19,14.26,14.33,14.42,14.50,14.57,14.65,14.71,14.77,14.83,14.87,14.92,14.96,15.00,15.07,15.10,15.14,15.18,15.20,15.23,15.25,15.27,15.29,15.31,15.30,15.29,15.29,15.25,15.21,15.15,15.09,15.01,14.95,14.85,14.81,14.79,14.77,14.77,14.80,14.89,14.97,15.06,15.11,15.09,13.85,11.88,10.03,9.53,9.33,9.38,9.39,9.57,10.32,11.68,12.33,12.28,12.68,12.87,12.92,13.42,13.89,14.04,14.02,13.33,11.57,11.90,11.89,11.81,12.06,11.51,12.20,11.17,12.14,11.50,11.82,11.82,11.79,12.04,11.55,12.16,11.15,12.08,11.33,11.93,11.57,11.78,11.82,11.75,12.07,11.50,12.23,11.24,12.03,11.51,11.78,11.87,11.77,12.04,11.17,12.24,11.33,11.92,11.69,11.74,12.03,11.58,12.15,11.43,11.79,12.18,11.17,12.23,12.05,11.31,12.50,11.65,11.81,12.38,11.29,12.10,11.89,,,,,,,,,,,,,,,,,,,,,,
CH-B1-2.CRT,(冰水進水溫度    ),DEG C,13.93,14.01,14.07,14.16,14.25,14.33,14.40,14.47,14.56,14.63,14.71,14.78,14.87,14.95,15.01,15.11,15.17,15.22,15.27,15.31,15.34,15.38,15.42,15.45,15.49,15.53,15.56,15.60,15.63,15.66,15.70,15.73,15.77,15.80,15.83,15.87,15.89,15.93,15.96,16.00,16.02,16.05,16.08,16.09,16.09,13.43,12.00,9.79,9.37,9.14,9.16,9.16,9.31,10.03,11.10,11.14,12.37,12.77,12.93,12.98,13.22,13.42,13.56,14.04,13.12,11.27,11.64,11.64,11.45,11.86,11.25,11.95,10.94,11.96,11.30,11.61,11.59,11.47,11.87,11.26,11.91,10.89,11.88,11.07,11.73,11.34,11.60,11.60,11.37,11.88,11.21,11.97,10.95,11.84,11.28,11.59,11.69,11.36,11.92,11.07,12.06,11.11,11.78,11.53,11.54,11.84,11.27,11.94,11.13,11.56,11.98,10.93,11.94,11.78,11.05,12.19,11.36,11.50,12.12,10.95,11.80,11.68,,,,,,,,,,,,,,,,,,,,,,
CHW.RT,(冰水總回水溫度  ),DEG C,11.8,11.8,11.6,11.7,12.2,11.9,11.8,11.7,11.7,12.0,12.0,11.9,11.6,11.5,11.4,11.4,12.0,12.8,13.5,14.1,14.4,14.5,14.9,15.4,15.1,15.3,15.7,16.1,16.4,16.9,17.3,17.6,17.9,17.8,17.9,18.2,18.5,19.0,17.8,15.8,14.4,13.2,12.4,13.3,14.5,12.1,12.6,10.3,9.6,9.4,9.5,9.4,9.6,11.5,11.9,12.3,12.3,13.0,13.1,13.2,13.6,13.9,14.1,14.1,13.9,12.4,11.7,12.6,11.7,12.4,12.5,12.4,12.1,12.2,12.6,11.7,12.5,11.7,12.4,11.9,12.3,11.9,12.2,12.3,12.0,12.5,11.7,12.6,11.8,12.5,12.0,12.4,12.3,12.2,12.5,11.7,12.7,11.8,12.6,12.0,12.5,12.4,12.0,12.7,11.7,12.6,11.9,12.5,12.4,11.6,12.8,11.9,12.3,12.9,11.7,12.7,12.5,11.7,12.8,12.0,12.1,12.7,,,,,,,,,,,,,,,,,,,,,,
CH-B1-1.CHDT,(冰水溫差        ),DEG C,0.7,0.8,0.8,0.8,0.9,0.9,1.0,1.0,1.0,1.1,1.1,1.1,1.2,1.2,1.3,1.4,1.6,1.8,1.9,2.1,2.2,2.3,2.4,2.5,2.6,2.6,2.7,2.7,2.7,2.7,2.6,2.6,2.5,2.3,2.2,2.1,2.0,1.9,1.8,1.7,1.8,1.8,1.8,1.8,1.7,1.3,3.7,1.6,1.4,1.0,1.5,1.0,1.0,1.7,3.3,3.7,3.6,3.6,3.6,3.6,3.7,3.6,3.6,3.5,3.9,3.6,3.8,4.0,3.8,4.1,3.8,4.1,3.1,4.0,3.7,3.8,4.0,3.8,4.1,3.1,4.1,3.1,3.8,3.7,3.8,3.7,3.8,4.0,3.8,4.0,3.1,4.0,3.0,3.8,3.7,3.8,4.0,3.7,4.0,3.1,4.1,3.7,3.8,3.7,3.8,4.0,3.1,4.1,3.6,3.6,3.9,2.9,3.9,3.8,2.9,3.9,3.5,3.6,3.9,3.4,3.7,3.8,,,,,,,,,,,,,,,,,,,,,,
CH-B1-2.CHDT,(冰水溫差        ),DEG C,0.5,0.5,0.5,0.6,0.7,0.7,0.8,0.8,0.9,1.0,1.0,1.1,1.3,1.6,1.9,2.2,2.4,2.6,2.8,3.0,3.1,3.2,3.3,3.4,3.5,3.6,3.7,3.7,3.8,3.8,3.8,3.8,3.8,3.8,3.7,3.7,3.6,3.6,3.5,3.3,3.1,3.0,2.8,2.7,2.6, -0.7, -0.1, -0.1, -0.0, -0.0, -0.0, -0.0, -0.0,0.0, -0.0, -0.0,0.0, -0.0,0.0, -0.0,0.0, -0.0, -0.0, -0.1,2.8,3.5, -0.0,3.3,0.0,2.5,3.6,1.1,2.8, -0.0,3.6, -0.0,3.2,0.0,2.6,0.0,1.2, -0.3,0.0,3.4,0.0,3.6, -0.0,3.2,0.0,1.9,0.0,1.0,3.4, -0.0,3.6, -0.0,3.2,0.0,1.7, -0.0,1.0,3.6, -0.0,3.6, -0.0,2.8, -0.0,1.4,3.5, -0.0,2.9,3.3,0.0,3.5,0.0,1.0,3.4,0.0,2.6,3.2,0.0,3.5,,,,,,,,,,,,,,,,,,,,,,
CH-B1.CHDT,(冰水系統溫差    ),DEG C, -2.1, -2.1, -2.3, -2.2, -1.8, -2.1, -2.2, -2.3, -2.4, -2.1, -2.1, -2.3, -2.5, -2.6, -2.8, -2.8, -2.2, -1.4, -0.7, -0.1,0.1,0.3,0.6,1.1,0.8,1.0,1.4,1.8,2.2,2.7,3.1,3.4,3.7,3.6,3.7,4.0,4.4,4.9,3.7,1.7,0.3, -0.9, -1.7, -0.9,0.2, -1.1,3.1,1.4,1.1,0.8,1.2,0.8,0.8,2.5,2.5,2.7,2.3,2.5,2.5,2.5,2.5,2.4,2.4,2.1,4.0,4.5,1.8,4.4,2.0,3.7,4.8,2.8,4.1,2.1,4.8,1.9,4.4,2.0,3.8,2.0,2.9,2.4,2.1,4.6,2.1,4.7,1.8,4.4,2.1,3.4,2.2,2.8,4.4,2.1,4.7,1.9,4.4,2.1,3.4,2.4,2.8,4.7,2.0,4.7,1.9,4.1,2.0,3.1,4.7,1.8,4.1,3.9,2.1,4.6,2.0,2.7,4.4,1.8,3.7,4.2,1.9,4.6,,,,,,,,,,,,,,,,,,,,,,
CH-B1-1.CFM,(流量回受值      ),,6,8,7,7,7,7,7,7,7,7,7,7,7,7,7,8,6,6,6,6,8,8,6,6,8,6,6,7,7,7,7,7,7,7,7,6,6,8,6,8,6,6,6,7,5,4993,5260,5172,5129,5076,5059,5024,5066,5089,4919,4825,4874,4942,4965,4949,5004,5096,5109,5192,5061,5105,4968,4899,4840,4828,4827,4826,4827,4875,4940,4883,4902,4908,4886,4904,4930,4888,4902,4921,4929,4903,4925,4908,4868,4955,4920,4933,4917,4971,4954,4893,4974,4880,4962,4942,4959,4951,4949,4971,4934,4923,4969,4956,5108,5172,5236,5226,5192,5261,5214,5228,5252,5208,5238,5171,5200,5237,,,,,,,,,,,,,,,,,,,,,,
CH-B1-2.CFM,(流量回受值      ),,6,6,6,6,6,6,6,6,6,6,6,6,6,6,6,6,6,6,6,6,6,6,6,6,6,6,6,6,6,6,6,6,6,7,5,7,7,7,7,7,6,6,6,6,6,2233,1941,1720,1619,1563,1560,1475,1518,1498,2075,2268,2412,2686,2674,2719,2749,3003,3048,3192,4214,4229,4075,3957,3858,3861,3874,3936,3894,3951,3967,3955,3961,3922,3971,3971,3989,3981,3981,4038,3980,3913,3964,4013,3950,3974,3995,4020,3989,3993,4040,3909,4015,3974,4033,4014,4085,4049,4026,4037,4039,4029,4057,4009,4245,4334,4360,4424,4409,4356,4408,4382,4444,4356,4442,4418,4436,4430,,,,,,,,,,,,,,,,,,,,,,
CH-B1.CFM,(冰水系統總流量  ),,0,0,0,0,0,0,0,0,0,0,0,0,0,0,0,0,0,0,0,0,0,0,0,0,0,0,0,0,0,0,0,0,0,0,0,0,0,0,0,0,0,0,0,0,0,4993,5260,5173,5121,5064,5050,5024,5066,5088,4955,4825,4849,4942,4955,4947,5018,5100,5109,5192,9275,9356,9032,8856,8699,8689,8701,8762,8727,8839,8908,8838,8864,8831,8862,8875,8919,8860,8883,8962,8910,8830,8885,8957,8834,8933,8916,8954,8907,8984,8995,8803,8984,8879,8989,8971,9044,9000,8965,9009,8973,8968,9025,8968,9318,9526,9594,9651,9611,9653,9622,9586,9697,9565,9691,9589,9658,9668,,,,,,,,,,,,,,,,,,,,,,
CH-B1-1.CWST,(冷卻水進水溫度  ),DEG C,28.54,28.55,28.57,28.58,28.59,28.60,28.61,28.62,28.63,28.64,28.65,28.65,28.66,28.67,28.67,28.68,28.68,28.69,28.69,28.70,28.70,28.70,28.70,28.71,28.72,28.72,28.72,28.72,28.72,28.73,28.73,28.73,28.73,28.73,28.73,28.73,28.73,28.73,28.73,28.73,28.73,28.73,28.73,28.73,28.73,26.87,30.90,30.94,29.83,29.09,28.77,28.55,28.35,28.29,28.72,30.84,29.96,28.74,28.49,28.48,28.50,28.24,28.45,28.63,29.43,30.92,29.80,29.91,29.74,29.44,30.28,29.73,31.29,29.92,30.58,29.68,29.57,29.72,29.36,30.69,28.97,30.62,29.23,30.14,29.74,30.47,30.26,30.28,30.57,30.14,31.49,30.01,31.42,30.39,31.24,30.75,30.73,30.92,29.75,31.08,29.63,30.78,29.72,30.20,30.00,29.78,30.90,29.54,30.93,30.00,29.88,31.23,29.76,30.37,31.10,29.47,30.70,30.23,29.88,31.19,29.73,30.36,,,,,,,,,,,,,,,,,,,,,,
CH-B1-2.CWST,(冷卻水進水溫度  ),DEG C,28.96,28.97,28.98,28.99,28.99,29.00,29.01,29.02,29.02,29.03,29.03,29.03,29.04,29.04,29.04,29.05,29.04,29.04,29.04,29.04,29.04,29.04,29.04,29.04,29.04,29.04,29.03,29.03,29.03,29.03,29.02,29.02,29.02,29.02,29.02,29.01,29.01,29.01,29.00,29.00,29.00,28.99,28.99,28.99,28.98,28.97,28.96,28.96,28.95,28.94,28.93,28.92,28.91,28.90,28.89,28.88,28.87,28.86,28.86,28.85,28.85,28.84,28.84,28.84,29.43,30.93,29.83,29.92,29.77,29.45,30.28,29.74,31.30,29.93,30.59,29.71,29.58,29.74,29.37,30.71,28.98,30.63,29.25,30.15,29.76,30.47,30.28,30.29,30.60,30.15,31.50,30.03,31.43,30.41,31.25,30.78,30.74,30.97,29.76,31.09,29.65,30.78,29.74,30.20,30.03,29.79,30.92,29.56,30.95,30.02,29.89,31.24,29.78,30.37,31.12,29.49,30.70,30.25,29.90,31.20,29.76,30.37,,,,,,,,,,,,,,,,,,,,,,
CW.ST,(冷卻水總出水溫度),DEG C,28.08,28.09,28.09,28.08,28.07,28.05,28.03,28.01,27.99,27.97,27.94,27.92,27.90,27.88,27.85,27.83,27.81,27.78,27.76,27.74,27.72,27.70,27.68,27.65,27.64,27.62,27.60,27.57,27.56,27.53,27.52,27.50,27.48,27.47,27.45,27.43,27.42,27.40,27.38,27.37,27.35,27.34,27.32,27.30,27.29,28.01,34.29,32.35,31.13,29.97,30.04,29.42,29.24,29.73,31.73,34.29,33.63,32.35,32.12,32.10,32.15,31.94,32.17,32.32,33.04,34.66,31.84,33.52,31.77,32.40,33.97,32.31,34.45,31.89,34.29,31.66,33.17,31.65,32.50,32.30,31.61,32.87,31.19,33.84,31.68,34.18,32.22,33.88,32.55,33.01,33.07,32.58,34.78,32.33,34.95,32.72,34.35,32.99,32.63,32.67,32.12,34.48,31.69,33.89,31.94,33.21,32.55,32.26,34.66,31.98,33.48,34.56,31.86,34.25,32.71,32.04,34.43,32.19,33.21,34.84,31.70,34.22,,,,,,,,,,,,,,,,,,,,,,
CH-B1-1.CWRT,(冷卻水出水溫度  ),,28.69,28.70,28.71,28.71,28.71,28.70,28.70,28.70,28.69,28.68,28.68,28.67,28.66,28.65,28.64,28.63,28.62,28.61,28.59,28.58,28.57,28.55,28.54,28.53,28.51,28.50,28.49,28.48,28.47,28.46,28.44,28.43,28.42,28.41,28.39,28.38,28.37,28.35,28.34,28.32,28.31,28.30,28.28,28.27,28.25,28.06,34.35,32.39,31.14,29.99,30.06,29.45,29.26,29.76,31.80,34.34,33.61,32.38,32.14,32.13,32.19,31.98,32.20,32.36,33.68,34.70,33.72,33.98,33.64,33.54,34.03,33.86,34.40,33.90,34.34,33.56,33.65,33.56,33.45,33.87,33.12,33.73,33.13,33.89,33.60,34.23,34.11,34.34,34.42,34.22,34.63,34.14,34.65,34.25,35.00,34.60,34.79,34.82,33.84,34.21,33.77,34.52,33.59,33.98,33.85,33.88,34.10,33.68,34.70,33.87,34.01,34.36,33.91,34.45,34.25,33.66,34.49,34.09,34.04,34.93,33.63,34.42,,,,,,,,,,,,,,,,,,,,,,
CH-B1-2.CWRT,(冷卻水出水溫度  ),,29.41,29.39,29.38,29.36,29.33,29.31,29.30,29.27,29.25,29.23,29.21,29.19,29.17,29.15,29.13,29.11,29.09,29.06,29.04,29.02,29.00,28.98,28.96,28.94,28.92,28.90,28.88,28.86,28.85,28.82,28.81,28.79,28.77,28.75,28.73,28.71,28.70,28.68,28.66,28.64,28.63,28.61,28.59,28.58,28.56,28.53,28.50,29.08,29.44,29.40,29.41,29.42,29.40,29.38,29.38,29.36,30.43,30.46,30.52,30.53,30.67,30.70,30.79,30.82,32.53,34.76,30.01,33.23,29.96,31.57,34.07,30.88,34.38,30.02,34.38,29.84,32.86,29.86,31.79,30.84,30.22,31.70,29.36,33.88,29.86,34.26,30.40,33.58,30.77,31.97,31.63,31.11,35.04,30.51,35.05,30.91,34.06,31.21,31.55,31.28,30.58,34.58,29.86,33.97,30.13,32.67,31.07,30.98,34.77,30.14,33.09,34.90,29.89,34.20,31.29,30.51,34.52,30.37,32.55,34.87,29.87,34.17,,,,,,,,,,,,,,,,,,,,,,
CW.RT,(冷卻水總回水溫度),DEG C,28.29,28.28,28.28,28.26,28.23,28.20,28.18,28.16,28.13,28.11,28.07,28.04,28.02,28.00,27.97,27.94,27.91,27.89,27.87,27.84,27.81,27.80,27.77,27.75,27.73,27.71,27.69,27.66,27.65,27.62,27.61,27.59,27.57,27.55,27.53,27.51,27.49,27.48,27.46,27.44,27.43,27.41,27.39,27.37,27.36,26.86,30.89,30.96,29.82,29.08,28.76,28.55,28.34,28.30,28.73,30.85,29.93,28.73,28.48,28.48,28.49,28.25,28.45,28.63,29.45,30.93,29.78,29.91,29.73,29.44,30.29,29.73,31.29,29.91,30.59,29.65,29.58,29.73,29.37,30.66,28.96,30.62,29.22,30.16,29.74,30.48,30.24,30.28,30.56,30.15,31.48,30.01,31.42,30.38,31.25,30.74,30.73,30.88,29.77,31.06,29.62,30.79,29.71,30.22,29.99,29.78,30.87,29.53,30.94,29.98,29.90,31.23,29.75,30.38,31.08,29.46,30.70,30.23,29.89,31.19,29.73,30.37,,,,,,,,,,,,,,,,,,,,,,
CH-B1-1.CWDT,(冷卻水溫差      ),DEG C,0.2,0.1,0.1,0.1,0.1,0.1,0.1,0.1,0.1,0.0,0.0,0.0,0.0, -0.0, -0.0, -0.1, -0.1, -0.1, -0.1, -0.1, -0.1, -0.2, -0.2, -0.2, -0.2, -0.2, -0.2, -0.2, -0.3, -0.3, -0.3, -0.3, -0.3, -0.3, -0.3, -0.4, -0.4, -0.4, -0.4, -0.4, -0.4, -0.4, -0.4, -0.5, -0.5,1.2,3.5,1.4,1.3,0.9,1.3,0.9,0.9,1.5,3.1,3.5,3.6,3.6,3.7,3.6,3.7,3.7,3.8,3.7,4.3,3.8,3.9,4.1,3.9,4.1,3.8,4.1,3.1,4.0,3.8,3.9,4.1,3.8,4.1,3.2,4.2,3.1,3.9,3.8,3.9,3.8,3.9,4.1,3.8,4.1,3.1,4.1,3.2,3.9,3.8,3.9,4.1,3.9,4.1,3.1,4.1,3.7,3.9,3.8,3.8,4.1,3.2,4.1,3.8,3.9,4.1,3.1,4.1,4.1,3.2,4.2,3.8,3.9,4.2,3.7,3.9,4.1,,,,,,,,,,,,,,,,,,,,,,
CH-B1-2.CWDT,(冷卻水溫差      ),DEG C,0.5,0.4,0.4,0.4,0.3,0.3,0.3,0.3,0.2,0.2,0.2,0.2,0.1,0.1,0.1,0.1,0.0,0.0,0.0, -0.0, -0.0, -0.1, -0.1, -0.1, -0.1, -0.1, -0.2, -0.2, -0.2, -0.2, -0.2, -0.2, -0.2, -0.3, -0.3, -0.3, -0.3, -0.3, -0.3, -0.4, -0.4, -0.4, -0.4, -0.4, -0.4, -0.4, -0.5,0.1,0.5,0.5,0.5,0.5,0.5,0.5,0.5,0.5,1.6,1.6,1.7,1.7,1.8,1.9,1.9,2.0,3.1,3.8,0.2,3.3,0.2,2.1,3.8,1.1,3.4,0.1,3.8,0.1,3.3,0.1,2.4,0.1,1.2,1.2,0.1,3.7,0.1,3.8,0.1,3.3,0.2,1.8,0.1,1.1,3.6,0.1,3.8,0.1,3.3,0.2,1.8,0.2,0.9,3.8,0.1,3.8,0.1,2.9,0.1,1.4,3.8,0.1,3.2,3.7,0.1,3.8,0.2,1.0,3.8,0.1,2.6,3.7,0.1,3.8,,,,,,,,,,,,,,,,,,,,,,
CH-B1.CWDT,(冷卻水系統溫差  ),DEG C, -0.2, -0.2, -0.2, -0.2, -0.2, -0.2, -0.2, -0.2, -0.1, -0.1, -0.1, -0.1, -0.1, -0.1, -0.1, -0.1, -0.1, -0.1, -0.1, -0.1, -0.1, -0.1, -0.1, -0.1, -0.1, -0.1, -0.1, -0.1, -0.1, -0.1, -0.1, -0.1, -0.1, -0.1, -0.1, -0.1, -0.1, -0.1, -0.1, -0.1, -0.1, -0.1, -0.1, -0.1, -0.1,1.2,3.4,1.4,1.3,0.9,1.3,0.9,0.9,1.4,3.0,3.4,3.7,3.6,3.6,3.6,3.7,3.7,3.7,3.7,3.6,3.7,2.1,3.6,2.0,2.9,3.7,2.6,3.3,2.0,3.7,2.0,3.6,1.9,3.1,1.6,2.6,2.3,2.0,3.7,1.9,3.7,2.0,3.6,2.0,2.9,1.6,2.6,3.4,1.9,3.7,2.0,3.6,2.1,2.9,1.6,2.5,3.7,2.0,3.7,1.9,3.4,1.7,2.7,3.7,2.0,3.6,3.3,2.1,3.9,1.6,2.6,3.7,2.0,3.3,3.6,2.0,3.8,,,,,,,,,,,,,,,,,,,,,,
CH-B1-1.CWFM,(流量回受值      ),,4,6,6,6,6,6,6,5,5,5,5,5,7,5,7,7,6,6,6,6,5,5,5,5,6,6,6,6,6,6,6,6,6,7,5,5,5,5,7,7,5,5,5,5,5,5921,6015,6050,6023,6002,5983,5945,5947,6017,5970,6076,6069,6056,6010,6001,6056,6012,5989,6067,5144,5132,5174,5179,5158,5178,5186,5168,5139,5192,5161,5161,5182,5178,5180,5182,5166,5178,5222,5194,5185,5152,5151,5143,5130,5145,5159,5130,5157,5186,5182,5162,5183,5154,5166,5129,5184,5111,5190,5203,5159,5162,5193,5203,5156,5171,5191,5159,5206,5114,5180,5171,5165,5146,5214,5192,5195,5124,,,,,,,,,,,,,,,,,,,,,,
CH-B1-2.CWFM,(流量回受值      ),,0,0,0,0,0,0,0,0,0,0,0,0,0, -2,0,0, -2,0,0,0,0,0,0,0,0,0, -2, -2,0,0,0,0,0,0,0,0,0,0,0,0,0,0, -2,0,0,0,0,0,0,0,0,0, -2, -2,0, -2,0,0,0, -2, -2, -2,0, -2,5024,5058,4981,4989,4943,4972,5006,4952,5019,4934,5013,4953,4966,4964,4961,4951,4967,4969,4951,4986,4925,5003,4954,4972,4945,4987,4962,4938,5001,4946,5004,4958,5002,4980,4961,4976,4966,5001,4935,4986,4963,4971,4937,4928,4972,4937,4964,5020,4946,4994,4960,4939,5004,4977,4947,4992,4942,4981,,,,,,,,,,,,,,,,,,,,,,
CH-B1.CWFM,(冷卻水系統總流量),,0,0,0,0,0,0,0,0,0,0,0,0,0,0,0,0,0,0,0,0,0,0,0,0,0,0,0,0,0,0,0,0,0,0,0,0,0,0,0,0,0,0,0,0,0,5921,6015,6049,6017,6020,5966,5945,5941,6029,5967,6076,6070,6056,6019,6021,6044,6008,5989,6067,10169,10184,10167,10168,10104,10151,10192,10121,10158,10145,10175,10115,10149,10143,10143,10134,10134,10139,10174,10189,10109,10152,10096,10109,10087,10124,10122,10069,10158,10108,10186,10119,10168,10126,10111,10109,10151,10112,10127,10175,10123,10138,10138,10134,10164,10124,10173,10180,10158,10111,10145,10118,10169,10125,10174,10184,10134,10106,,,,,,,,,,,,,,,,,,,,,,
CH1B1:KW,(                ),kW,0.5,0.5,0.5,0.5,0.5,0.5,0.5,0.5,0.5,0.5,0.5,0.5,0.5,0.5,0.5,0.5,0.5,0.5,0.5,0.5,0.5,0.5,0.5,0.5,0.5,0.5,0.5,0.5,0.5,0.5,0.5,0.5,0.5,0.5,0.5,0.5,0.5,0.5,0.5,0.5,0.5,0.5,0.5,0.5,0.5,0.5,0.5,0.5,0.5,0.5,0.5,0.5,0.5,0.5,0.5,0.5,0.5,0.5,0.5,0.5,0.5,0.5,0.5,0.5,0.5,0.5,0.5,0.5,0.5,0.5,0.5,0.5,0.5,0.5,0.5,0.5,0.5,0.5,0.5,0.5,0.5,0.5,0.5,0.5,0.5,0.5,0.5,0.5,0.5,0.5,0.5,0.5,0.5,0.5,0.5,0.5,0.5,0.5,0.5,0.5,0.5,0.5,0.5,0.5,0.5,0.5,0.5,0.5,0.5,0.5,0.5,0.5,0.5,0.5,0.5,0.5,0.5,0.5,0.5,0.5,0.5,0.5,,,,,,,,,,,,,,,,,,,,,,
CH2B1:KW,(                ),kW,0.5,0.5,0.5,0.5,0.5,0.5,0.5,0.5,0.5,0.5,0.5,0.5,0.5,0.5,0.5,0.5,0.5,0.5,0.5,0.5,0.5,0.5,0.5,0.5,0.5,0.5,0.5,0.5,0.5,0.5,0.5,0.5,0.5,0.5,0.5,0.5,0.5,0.5,0.5,0.5,0.5,0.5,0.5,0.5,0.5,0.5,0.5,0.5,0.5,0.5,0.5,0.5,0.5,0.5,0.5,0.5,0.5,0.5,0.5,0.5,0.5,0.5,0.5,0.5,0.5,0.5,0.5,0.5,0.5,0.5,0.5,0.5,0.5,0.5,0.5,0.5,0.5,0.5,0.5,0.5,0.5,0.5,0.5,0.5,0.5,0.5,0.5,0.5,0.5,0.5,0.5,0.5,0.5,0.5,0.5,0.5,0.5,0.5,0.5,0.5,0.5,0.5,0.5,0.5,0.5,0.5,0.5,0.5,0.5,0.5,0.5,0.5,0.5,0.5,0.5,0.5,0.5,0.5,0.5,0.5,0.5,0.5,,,,,,,,,,,,,,,,,,,,,,
CHB1-ALL.KW,(冰機系統功率    ),,1.1,1.1,1.1,1.1,1.1,1.1,1.1,1.1,1.1,1.1,1.1,1.1,1.1,1.1,1.1,1.1,1.1,1.1,1.1,1.1,1.1,1.1,1.1,1.1,1.1,1.1,1.1,1.1,1.1,1.1,1.1,1.1,1.1,1.1,1.1,1.1,1.1,1.1,1.1,1.1,1.1,1.1,1.1,1.1,1.1,1.1,1.1,1.1,1.1,1.1,1.1,1.1,1.1,1.1,1.1,1.1,1.1,1.1,1.1,1.1,1.1,1.1,1.1,1.1,1.1,1.1,1.1,1.1,1.1,1.1,1.1,1.1,1.1,1.1,1.1,1.1,1.1,1.1,1.1,1.1,1.1,1.1,1.1,1.1,1.1,1.1,1.1,1.1,1.1,1.1,1.1,1.1,1.1,1.1,1.1,1.1,1.1,1.1,1.1,1.1,1.1,1.1,1.1,1.1,1.1,1.1,1.1,1.1,1.1,1.1,1.1,1.1,1.1,1.1,1.1,1.1,1.1,1.1,1.1,1.1,1.1,1.1,,,,,,,,,,,,,,,,,,,,,,
CH-B1-1.TON,(冷凍頓          ),,0,0,0,0,0,0,0,0,0,0,0,0,0,0,0,0,0,0,0,0,0,0,0,0,0,0,0,0,0,0,0,0,0,0,0,0,0,0,0,0,0,0,0,0,0,133,390,164,147,100,146,102,103,169,326,351,348,354,358,356,364,367,365,364,390,362,370,392,367,393,360,391,294,391,364,367,390,369,393,301,398,296,373,361,371,363,366,390,363,395,300,396,296,373,361,366,393,361,397,301,399,360,369,367,366,394,304,400,362,372,400,300,401,397,303,404,367,370,403,347,378,396,,,,,,,,,,,,,,,,,,,,,,
CH-B1-2.TON,(冷凍頓          ),,0,0,0,0,0,0,0,0,0,0,0,0,0,0,0,0,0,0,0,0,0,0,0,0,0,0,0,0,0,0,0,0,0,0,0,0,0,0,0,0,0,0,0,0,0,0,0,0,0,0,0,0,0,0,0,0,0,0,0,0,0,0,0,0,230,291,0,255,0,190,280,85,215,0,283,0,251,0,206,0,93,0,0,276,0,281,0,253,0,148,2,80,268,0,285,0,256,0,133,0,78,286,0,289,0,224,0,110,292,0,252,285,0,302,1,83,301,0,229,284,0,304,,,,,,,,,,,,,,,,,,,,,,
CH-B1.TON,(冰水系統冷凍頓  ),,0,0,0,0,0,0,0,0,0,0,0,0,0,0,0,0,0,0,0,0,0,0,0,0,0,0,0,0,0,0,0,0,0,0,0,0,0,0,0,0,0,0,0,0,0,0,326,139,114,76,121,77,84,250,245,258,222,247,242,241,253,244,238,216,731,833,320,780,339,635,822,492,704,374,845,326,769,348,665,359,512,417,374,825,366,814,324,774,362,593,396,498,778,382,830,334,790,376,610,426,501,843,357,832,343,721,357,557,859,331,779,753,407,874,387,520,846,335,714,805,369,874,,,,,,,,,,,,,,,,,,,,,,
CH-B1-1.KW/RT,(冰機效率        ),,0.00,0.00,0.00,0.00,0.00,0.00,0.00,0.00,0.00,0.00,0.00,0.00,0.00,0.00,0.00,0.00,0.00,0.00,0.00,0.00,0.00,0.00,0.00,0.00,0.00,0.00,0.00,0.00,0.00,0.00,0.00,0.00,0.00,0.00,0.00,0.00,0.00,0.00,0.00,0.00,0.00,0.00,0.00,0.00,0.00,0.00,0.00,0.00,0.00,0.00,0.00,0.00,0.00,0.00,0.00,0.00,0.00,0.00,0.00,0.00,0.00,0.00,0.00,0.00,0.00,0.00,0.00,0.00,0.00,0.00,0.00,0.00,0.00,0.00,0.00,0.00,0.00,0.00,0.00,0.00,0.00,0.00,0.00,0.00,0.00,0.00,0.00,0.00,0.00,0.00,0.00,0.00,0.00,0.00,0.00,0.00,0.00,0.00,0.00,0.00,0.00,0.00,0.00,0.00,0.00,0.00,0.00,0.00,0.00,0.00,0.00,0.00,0.00,0.00,0.00,0.00,0.00,0.00,0.00,0.00,0.00,0.00,,,,,,,,,,,,,,,,,,,,,,
CH-B1-2.KW/RT,(冰機效率        ),,0.00,0.00,0.00,0.00,0.00,0.00,0.00,0.00,0.00,0.00,0.00,0.00,0.00,0.00,0.00,0.00,0.00,0.00,0.00,0.00,0.00,0.00,0.00,0.00,0.00,0.00,0.00,0.00,0.00,0.00,0.00,0.00,0.00,0.00,0.00,0.00,0.00,0.00,0.00,0.00,0.00,0.00,0.00,0.00,0.00,0.00,0.00,0.00,0.00,0.00,0.00,0.00,0.00,0.00,0.00,0.00,0.00,0.00,0.00,0.00,0.00,0.00,0.00,0.00,0.00,0.00,0.00,0.00,0.00,0.00,0.00,0.00,0.00,0.00,0.00,0.00,0.00,0.00,0.00,0.00,0.00,0.00,0.00,0.00,0.00,0.00,0.00,0.00,0.00,0.00,0.00,0.00,0.00,0.00,0.00,0.00,0.00,0.00,0.00,0.00,0.00,0.00,0.00,0.00,0.00,0.00,0.00,0.00,0.00,0.00,0.00,0.00,0.00,0.00,0.00,0.00,0.00,0.00,0.00,0.00,0.00,0.00,,,,,,,,,,,,,,,,,,,,,,
CH-B1.KW/RT,(冰水系統效率    ),,0.00,0.00,0.00,0.00,0.00,0.00,0.00,0.00,0.00,0.00,0.00,0.00,0.00,0.00,0.00,0.00,0.00,0.00,0.00,0.00,0.00,0.00,0.00,0.00,0.00,0.00,0.00,0.00,0.00,0.00,0.00,0.00,0.00,0.00,0.00,0.00,0.00,0.00,0.00,0.00,0.00,0.00,0.00,0.00,0.00,0.00,0.00,0.00,0.00,0.00,0.00,0.00,0.00,0.00,0.00,0.00,0.00,0.00,0.00,0.00,0.00,0.00,0.00,0.00,0.00,0.00,0.00,0.00,0.00,0.00,0.00,0.00,0.00,0.00,0.00,0.00,0.00,0.00,0.00,0.00,0.00,0.00,0.00,0.00,0.00,0.00,0.00,0.00,0.00,0.00,0.00,0.00,0.00,0.00,0.00,0.00,0.00,0.00,0.00,0.00,0.00,0.00,0.00,0.00,0.00,0.00,0.00,0.00,0.00,0.00,0.00,0.00,0.00,0.00,0.00,0.00,0.00,0.00,0.00,0.00,0.00,0.00,,,,,,,,,,,,,,,,,,,,,,
CW-B1-1.TON,(冷凍頓          ),,0,0,0,0,0,0,0,0,0,0,0,0,0,0,0,0,0,0,0,0,0,0,0,0,0,0,0,0,0,0,0,0,0,0,0,0,0,0,0,0,0,0,0,0,0,139,411,173,156,107,153,105,107,175,360,422,439,436,436,433,441,445,446,449,434,385,402,417,398,421,386,423,315,406,384,397,419,393,422,327,426,319,404,387,396,384,392,414,391,416,321,421,332,396,386,394,417,398,419,318,425,379,397,389,393,419,328,427,385,398,426,320,428,414,324,430,388,394,429,385,401,412,,,,,,,,,,,,,,,,,,,,,,
CW-B1-2.TON,(冷凍頓          ),,0,0,0,0,0,0,0,0,0,0,0,0,0,0,0,0,0,0,0,0,0,0,0,0,0,0,0,0,0,0,0,0,0,0,0,0,0,0,0,0,0,0,0,0,0,0,0,0,0,0,0,0,0,0,0,0,0,0,0,0,0,0,0,0,308,384,18,327,19,199,375,110,342,8,377,13,322,11,231,12,120,117,11,373,9,375,11,320,16,175,12,105,358,9,377,12,328,23,175,18,90,377,10,371,10,282,13,136,378,12,311,363,10,378,17,100,378,12,258,362,11,375,,,,,,,,,,,,,,,,,,,,,,
CW-B1.TON,(冷卻水系統冷凍頓),,0,0,0,0,0,0,0,0,0,0,0,0,0,0,0,0,0,0,0,0,0,0,0,0,0,0,0,0,0,0,0,0,0,0,0,0,0,0,0,0,0,0,0,0,0,135,405,166,156,106,150,102,105,171,351,414,445,434,434,431,438,440,442,444,726,755,416,726,408,587,743,518,659,393,745,401,724,386,624,329,532,476,400,747,390,741,396,716,398,573,320,514,678,390,749,399,730,424,575,323,501,740,397,739,390,687,336,545,751,401,720,671,424,776,327,516,750,395,666,738,397,770,,,,,,,,,,,,,,,,,,,,,,
CH-B1-1.HB,(                ),,0.00,0.00,0.00,0.00,0.00,0.00,0.00,0.00,0.00,0.00,0.00,0.00,0.00,0.00,0.00,0.00,0.00,0.00,0.00,0.00,0.00,0.00,0.00,0.00,0.00,0.00,0.00,0.00,0.00,0.00,0.00,0.00,0.00,0.00,0.00,0.00,0.00,0.00,0.00,0.00,0.00,0.00,0.00,0.00,0.00, -4.16, -5.02, -4.93, -5.84, -5.39, -3.98, -2.88, -2.96, -3.30, -10.16, -16.64, -20.64, -18.97, -17.92, -17.84, -17.38, -17.46, -17.96, -18.79, -10.14, -5.90, -8.06, -5.98, -7.77, -6.27, -6.55, -7.57, -6.51, -4.83, -5.29, -7.44, -6.38, -6.15, -6.61, -7.78, -6.58, -7.18, -7.41, -6.67, -6.05, -5.47, -6.65, -5.66, -7.26, -4.88, -6.57, -5.83, -11.27, -5.84, -6.13, -7.23, -5.77, -9.06, -5.10, -5.42, -6.05, -4.82, -7.04, -5.64, -6.76, -5.92, -7.39, -6.32, -5.97, -6.46, -5.91, -6.26, -6.22, -4.10, -6.37, -5.95, -5.35, -6.20, -5.99, -9.50, -5.77, -3.80,,,,,,,,,,,,,,,,,,,,,,
CH-B1-2.HB,(                ),,0.00,0.00,0.00,0.00,0.00,0.00,0.00,0.00,0.00,0.00,0.00,0.00,0.00,0.00,0.00,0.00,0.00,0.00,0.00,0.00,0.00,0.00,0.00,0.00,0.00,0.00,0.00,0.00,0.00,0.00,0.00,0.00,0.00,0.00,0.00,0.00,0.00,0.00,0.00,0.00,0.00,0.00,0.00,0.00,0.00,0.00,0.00,0.00,0.00,0.00,0.00,0.00,0.00,0.00,0.00,0.00,0.00,0.00,0.00,0.00,0.00,0.00,0.00,0.00, -25.84, -24.09, -99.17, -21.88, -94.56, -5.27, -25.31, -22.70, -36.83, -98.24, -24.89, -98.85, -22.23, -90.93, -11.08, -98.36, -23.06, -99.87, -97.12, -25.77, -94.87, -24.97, -98.65, -20.82, -94.20, -20.90, -80.74, -23.69, -25.11, -98.32, -24.00, -98.78, -21.83, -97.95, -23.89, -99.16, -13.14, -24.16, -98.54, -22.03, -98.56, -20.64, -98.88, -19.45, -22.70, -98.75, -19.50, -21.51, -93.71, -20.17, -91.61, -16.73, -20.42, -98.44, -10.93, -21.62, -94.82, -18.88,,,,,,,,,,,,,,,,,,,,,,
CH-B1.HB,(                ),,0.00,0.00,0.00,0.00,0.00,0.00,0.00,0.00,0.00,0.00,0.00,0.00,0.00,0.00,0.00,0.00,0.00,0.00,0.00,0.00,0.00,0.00,0.00,0.00,0.00,0.00,0.00,0.00,0.00,0.00,0.00,0.00,0.00,0.00,0.00,0.00,0.00,0.00,0.00,0.00,0.00,0.00,0.00,0.00,0.00, -99.77, -19.11, -16.38, -26.69, -27.21, -19.59, -23.99, -19.83,46.25, -30.83, -37.57, -50.11, -43.32, -44.12, -43.98, -42.17, -44.27, -46.10, -51.18,0.51,10.41, -23.24,7.55, -16.85,7.62,10.58, -4.97,6.87, -5.21,13.19, -18.73,5.73, -9.76,6.19,9.81, -4.26, -10.15, -6.33,10.56, -6.04,9.82, -18.04,8.09, -9.13,3.55,23.94, -2.97,15.19, -2.09,11.62, -16.14,8.46, -11.03,5.95,32.12,0.22,13.90, -9.92,12.58, -11.76,5.04,6.26,1.97,14.51, -17.13,8.33,12.48, -4.03,12.71,18.56,0.70,12.82, -14.89,7.31,9.11, -7.08,13.41,,,,,,,,,,,,,,,,,,,,,,
CWP1B1:KW,(                ),kW,39.2,39.2,39.2,39.2,39.2,39.2,39.2,39.2,39.2,39.2,39.2,39.2,39.2,39.2,39.2,39.2,39.2,39.2,39.2,39.2,39.2,39.2,39.2,39.2,39.2,39.2,39.2,39.2,39.2,39.2,39.2,39.2,39.2,39.2,39.2,39.2,39.2,39.2,39.2,39.2,39.2,39.2,39.2,39.2,39.2,39.2,39.2,39.2,39.2,39.2,39.2,39.2,39.2,39.2,39.2,39.2,39.2,39.2,39.2,39.2,39.2,39.2,39.2,39.2,39.2,39.2,39.2,39.2,39.2,39.2,39.2,39.2,39.2,39.2,39.2,39.2,39.2,39.2,39.2,39.2,39.2,39.2,39.2,39.2,39.2,39.2,39.2,39.2,39.2,39.2,39.2,39.2,39.2,39.2,39.2,39.2,39.2,39.2,39.2,39.2,39.2,39.2,39.2,39.2,39.2,39.2,39.2,39.2,39.2,39.2,39.2,39.2,39.2,39.2,39.2,39.2,39.2,39.2,39.2,39.2,39.2,39.2,,,,,,,,,,,,,,,,,,,,,,
CWP2B1:KW,(                ),kW,0.0,0.0,0.0,0.0,0.0,0.0,0.0,0.0,0.0,0.0,0.0,0.0,0.0,0.0,0.0,0.0,0.0,0.0,0.0,0.0,0.0,0.0,0.0,0.0,0.0,0.0,0.0,0.0,0.0,0.0,0.0,0.0,0.0,0.0,0.0,0.0,0.0,0.0,0.0,0.0,0.0,0.0,0.0,0.0,0.0,0.0,0.0,0.0,0.0,0.0,0.0,0.0,0.0,0.0,0.0,0.0,0.0,0.0,0.0,0.0,0.0,0.0,0.0,0.0,0.0,0.0,0.0,0.0,0.0,0.0,0.0,0.0,0.0,0.0,0.0,0.0,0.0,0.0,0.0,0.0,0.0,0.0,0.0,0.0,0.0,0.0,0.0,0.0,0.0,0.0,0.0,0.0,0.0,0.0,0.0,0.0,0.0,0.0,0.0,0.0,0.0,0.0,0.0,0.0,0.0,0.0,0.0,0.0,0.0,0.0,0.0,0.0,0.0,0.0,0.0,0.0,0.0,0.0,0.0,0.0,0.0,0.0,,,,,,,,,,,,,,,,,,,,,,
CWP3B1:KW,(                ),kW,0.0,0.0,0.0,0.0,0.0,0.0,0.0,0.0,0.0,0.0,0.0,0.0,0.0,0.0,0.0,0.0,0.0,0.0,0.0,0.0,0.0,0.0,0.0,0.0,0.0,0.0,0.0,0.0,0.0,0.0,0.0,0.0,0.0,0.0,0.0,0.0,0.0,0.0,0.0,0.0,0.0,0.0,0.0,0.0,0.0,0.0,0.0,0.0,0.0,0.0,0.0,0.0,0.0,0.0,0.0,0.0,0.0,0.0,0.0,0.0,0.0,0.0,0.0,0.0,0.0,0.0,0.0,0.0,0.0,0.0,0.0,0.0,0.0,0.0,0.0,0.0,0.0,0.0,0.0,0.0,0.0,0.0,0.0,0.0,0.0,0.0,0.0,0.0,0.0,0.0,0.0,0.0,0.0,0.0,0.0,0.0,0.0,0.0,0.0,0.0,0.0,0.0,0.0,0.0,0.0,0.0,0.0,0.0,0.0,0.0,0.0,0.0,0.0,0.0,0.0,0.0,0.0,0.0,0.0,0.0,0.0,0.0,,,,,,,,,,,,,,,,,,,,,,
CWPB1-ALL.KW,(冷卻水泵系統功率),,39.2,39.2,39.2,39.2,39.2,39.2,39.2,39.2,39.2,39.2,39.2,39.2,39.2,39.2,39.2,39.2,39.2,39.2,39.2,39.2,39.2,39.2,39.2,39.2,39.2,39.2,39.2,39.2,39.2,39.2,39.2,39.2,39.2,39.2,39.2,39.2,39.2,39.2,39.2,39.2,39.2,39.2,39.2,39.2,39.2,39.2,39.2,39.2,39.2,39.2,39.2,39.2,39.2,39.2,39.2,39.2,39.2,39.2,39.2,39.2,39.2,39.2,39.2,39.2,39.2,39.2,39.2,39.2,39.2,39.2,39.2,39.2,39.2,39.2,39.2,39.2,39.2,39.2,39.2,39.2,39.2,39.2,39.2,39.2,39.2,39.2,39.2,39.2,39.2,39.2,39.2,39.2,39.2,39.2,39.2,39.2,39.2,39.2,39.2,39.2,39.2,39.2,39.2,39.2,39.2,39.2,39.2,39.2,39.2,39.2,39.2,39.2,39.2,39.2,39.2,39.2,39.2,39.2,39.2,39.2,39.2,39.2,,,,,,,,,,,,,,,,,,,,,,
CHP1B1:KW,(                ),kW,14.6,14.6,14.6,14.6,14.6,14.6,14.6,14.6,14.6,14.6,14.6,14.6,14.6,14.6,14.6,14.6,14.6,14.6,14.6,14.6,14.6,14.6,14.6,14.6,14.6,14.6,14.6,14.6,14.6,14.6,14.6,14.6,14.6,14.6,14.6,14.6,14.6,14.6,14.6,14.6,14.6,14.6,14.6,14.6,14.6,14.6,14.6,14.6,14.6,14.6,14.6,14.6,14.6,14.6,14.6,14.6,14.6,14.6,14.6,14.6,14.6,14.6,14.6,14.6,14.6,14.6,14.6,14.6,14.6,14.6,14.6,14.6,14.6,14.6,14.6,14.6,14.6,14.6,14.6,14.6,14.6,14.6,14.6,14.6,14.6,14.6,14.6,14.6,14.6,14.6,14.6,14.6,14.6,14.6,14.6,14.6,14.6,14.6,14.6,14.6,14.6,14.6,14.6,14.6,14.6,14.6,14.6,14.6,14.6,14.6,14.6,14.6,14.6,14.6,14.6,14.6,14.6,14.6,14.6,14.6,14.6,14.6,,,,,,,,,,,,,,,,,,,,,,
CHP2B1:KW,(                ),kW,0.0,0.0,0.0,0.0,0.0,0.0,0.0,0.0,0.0,0.0,0.0,0.0,0.0,0.0,0.0,0.0,0.0,0.0,0.0,0.0,0.0,0.0,0.0,0.0,0.0,0.0,0.0,0.0,0.0,0.0,0.0,0.0,0.0,0.0,0.0,0.0,0.0,0.0,0.0,0.0,0.0,0.0,0.0,0.0,0.0,0.0,0.0,0.0,0.0,0.0,0.0,0.0,0.0,0.0,0.0,0.0,0.0,0.0,0.0,0.0,0.0,0.0,0.0,0.0,0.0,0.0,0.0,0.0,0.0,0.0,0.0,0.0,0.0,0.0,0.0,0.0,0.0,0.0,0.0,0.0,0.0,0.0,0.0,0.0,0.0,0.0,0.0,0.0,0.0,0.0,0.0,0.0,0.0,0.0,0.0,0.0,0.0,0.0,0.0,0.0,0.0,0.0,0.0,0.0,0.0,0.0,0.0,0.0,0.0,0.0,0.0,0.0,0.0,0.0,0.0,0.0,0.0,0.0,0.0,0.0,0.0,0.0,,,,,,,,,,,,,,,,,,,,,,
CHP3B1:KW,(                ),kW,0.0,0.0,0.0,0.0,0.0,0.0,0.0,0.0,0.0,0.0,0.0,0.0,0.0,0.0,0.0,0.0,0.0,0.0,0.0,0.0,0.0,0.0,0.0,0.0,0.0,0.0,0.0,0.0,0.0,0.0,0.0,0.0,0.0,0.0,0.0,0.0,0.0,0.0,0.0,0.0,0.0,0.0,0.0,0.0,0.0,0.0,0.0,0.0,0.0,0.0,0.0,0.0,0.0,0.0,0.0,0.0,0.0,0.0,0.0,0.0,0.0,0.0,0.0,0.0,0.0,0.0,0.0,0.0,0.0,0.0,0.0,0.0,0.0,0.0,0.0,0.0,0.0,0.0,0.0,0.0,0.0,0.0,0.0,0.0,0.0,0.0,0.0,0.0,0.0,0.0,0.0,0.0,0.0,0.0,0.0,0.0,0.0,0.0,0.0,0.0,0.0,0.0,0.0,0.0,0.0,0.0,0.0,0.0,0.0,0.0,0.0,0.0,0.0,0.0,0.0,0.0,0.0,0.0,0.0,0.0,0.0,0.0,,,,,,,,,,,,,,,,,,,,,,
CHPB1-ALL.KW,(冰水泵系統功率  ),,14.6,14.6,14.6,14.6,14.6,14.6,14.6,14.6,14.6,14.6,14.6,14.6,14.6,14.6,14.6,14.6,14.6,14.6,14.6,14.6,14.6,14.6,14.6,14.6,14.6,14.6,14.6,14.6,14.6,14.6,14.6,14.6,14.6,14.6,14.6,14.6,14.6,14.6,14.6,14.6,14.6,14.6,14.6,14.6,14.6,14.6,14.6,14.6,14.6,14.6,14.6,14.6,14.6,14.6,14.6,14.6,14.6,14.6,14.6,14.6,14.6,14.6,14.6,14.6,14.6,14.6,14.6,14.6,14.6,14.6,14.6,14.6,14.6,14.6,14.6,14.6,14.6,14.6,14.6,14.6,14.6,14.6,14.6,14.6,14.6,14.6,14.6,14.6,14.6,14.6,14.6,14.6,14.6,14.6,14.6,14.6,14.6,14.6,14.6,14.6,14.6,14.6,14.6,14.6,14.6,14.6,14.6,14.6,14.6,14.6,14.6,14.6,14.6,14.6,14.6,14.6,14.6,14.6,14.6,14.6,14.6,14.6,,,,,,,,,,,,,,,,,,,,,,
MGCBAB2.KWH,(度數            ),kW h,262586416,262586560,262586688,262586816,262586928,262587040,262587168,262587280,262587408,262587536,262587648,262587744,262587824,262587872,262587920,262587968,262588000,262588048,262588096,262588144,262588208,262588256,262588320,262588368,262588416,262588480,262588528,262588560,262588608,262588656,262588720,262588768,262588816,262588848,262588896,262589008,262589136,262589264,262589376,262589488,262589632,262589776,262589936,262590064,262590208,262590320,262590480,262590624,262590736,262590896,262591056,262591216,262591376,262591536,262591712,262591888,262592048,262592320,262592688,262593024,262593280,262593536,262593920,262594288,262594624,262594976,262595328,262595696,262596080,262596416,262596576,262597136,262597456,262597856,262598208,262598576,262598960,262599280,262599680,262600016,262600384,262600768,262601152,262601504,262601856,262602208,262602576,262602928,262603232,262603568,262603936,262604288,262604688,262605008,262605408,262605760,262606096,262606464,262606816,262607168,262607520,262607904,262608240,262608624,262608960,262609376,262609728,262610128,262610480,262610816,262611232,262611536,262611920,262612256,262612624,262612976,262613360,262613728,262614080,262614480,262614800,262615216,,,,,,,,,,,,,,,,,,,,,,
MGCBAB2:HZ,(                ),Hz,59,59,60,59,59,60,59,59,60,60,59,59,60,59,59,60,60,60,60,60,60,59,60,60,60,59,60,60,59,60,59,60,60,59,60,60,60,59,60,59,60,60,59,60,60,60,60,60,59,59,59,59,59,59,60,60,60,60,59,59,60,60,59,60,60,59,59,59,59,59,59,59,59,59,59,59,59,60,59,59,59,60,59,59,60,59,60,59,59,60,60,60,60,59,60,60,60,60,60,59,59,60,60,59,60,59,60,60,59,60,60,60,60,60,60,60,60,60,60,60,59,60,,,,,,,,,,,,,,,,,,,,,,
MGCBAB2:IR,(                ),A,20,21,19,18,17,18,19,18,19,19,15,16,8,7,7,6,6,7,7,7,9,10,8,8,7,7,6,6,9,8,8,6,6,9,8,19,19,18,19,19,21,23,21,20,20,23,20,18,19,25,24,24,26,26,24,28,29,53,54,44,44,52,52,56,56,55,56,60,59,55,57,56,56,55,58,57,57,57,58,57,58,60,59,57,59,55,57,54,53,56,56,61,59,58,55,56,53,56,56,55,57,57,58,59,60,60,60,60,61,53,51,57,57,56,58,58,58,56,59,59,59,62,,,,,,,,,,,,,,,,,,,,,,
MGCBAB2:IS,(                ),A,19,21,19,17,17,18,18,17,19,18,15,15,7,7,6,6,6,7,7,6,9,10,8,7,7,7,6,6,8,7,7,6,6,8,8,18,19,18,19,19,21,22,21,20,20,22,20,18,19,24,24,24,25,25,24,28,28,54,54,44,43,52,52,56,56,55,56,59,58,54,57,55,56,55,58,56,56,56,57,57,58,60,58,56,58,55,56,53,53,55,55,60,58,57,54,56,53,56,55,54,56,56,57,58,59,59,59,58,60,51,49,56,56,55,57,57,57,55,58,58,57,61,,,,,,,,,,,,,,,,,,,,,,
MGCBAB2:IT,(                ),A,21,22,20,19,18,19,19,18,20,19,16,16,8,8,7,7,7,7,7,7,10,11,8,8,8,8,6,7,9,8,8,7,7,9,9,19,20,19,19,20,21,23,21,20,21,23,21,19,20,25,25,25,27,26,25,29,29,53,53,44,44,51,52,56,55,55,56,59,58,55,57,56,56,55,58,56,57,56,57,57,58,60,59,56,58,55,56,53,53,55,55,60,58,57,55,56,53,56,55,54,56,56,57,58,59,60,60,59,60,53,51,57,57,55,58,58,57,56,59,58,58,61,,,,,,,,,,,,,,,,,,,,,,
MGCBAB2:KW,(                ),kW,789.0,845.0,767.0,712.0,677.0,716.0,737.0,694.0,770.0,743.0,594.0,610.0,308.0,280.0,268.0,250.0,252.0,289.0,272.0,268.0,377.0,417.0,317.0,307.0,300.0,288.0,245.0,244.0,355.0,314.0,304.0,251.0,249.0,343.0,330.0,744.0,753.0,738.0,743.0,769.0,822.0,900.0,818.0,780.0,807.0,905.0,803.0,732.0,754.0,962.0,951.0,947.0,990.0,1020.0,956.0,1102.0,1123.0,2071.0,2068.0,1691.0,1670.0,1970.0,1978.0,2135.0,2107.0,2080.0,2127.0,2271.0,2215.0,2072.0,2171.0,2126.0,2139.0,2104.0,2228.0,2163.0,2178.0,2140.0,2163.0,2158.0,2212.0,2285.0,2231.0,2135.0,2200.0,2092.0,2150.0,2021.0,1993.0,2116.0,2112.0,2316.0,2229.0,2182.0,2076.0,2135.0,2126.0,2143.0,2114.0,2061.0,2177.0,2167.0,2213.0,2245.0,2291.0,2298.0,2297.0,2245.0,2325.0,2007.0,1949.0,2203.0,2167.0,2116.0,2229.0,2210.0,2188.0,2137.0,2245.0,2236.0,2225.0,2372.0,,,,,,,,,,,,,,,,,,,,,,
MGCBAB2:PF,(                ),, -0.96, -0.96, -0.96, -0.95, -0.95, -0.95, -0.94, -0.94, -0.96, -0.96, -0.95, -0.95, -33.77, -33.77, -33.77, -33.77, -33.77, -33.77, -33.77, -33.77, -33.77, -33.75, -33.77, -33.77, -33.77, -33.77, -33.77, -33.77, -33.76, -33.76, -33.77, -33.77, -33.77, -0.99, -33.77, -0.95, -0.95, -0.96, -0.95, -0.97, -0.95, -0.96, -0.95, -0.95, -0.96, -0.97, -0.96, -0.96, -0.95, -0.96, -0.96, -0.96, -0.96, -0.96, -0.96, -0.96, -0.95, -0.95, -0.95, -0.94, -0.94, -0.95, -0.94, -0.94, -0.94, -0.94, -0.94, -0.95, -0.95, -0.94, -0.95, -0.94, -0.94, -0.95, -0.95, -0.95, -0.94, -0.94, -0.94, -0.94, -0.94, -0.95, -0.95, -0.95, -0.95, -0.94, -0.94, -0.94, -0.94, -0.94, -0.94, -0.95, -0.95, -0.95, -0.94, -0.94, -0.94, -0.95, -0.94, -0.94, -0.95, -0.94, -0.95, -0.95, -0.95, -0.95, -0.95, -0.95, -0.95, -0.95, -0.96, -0.96, -0.95, -0.94, -0.95, -0.95, -0.94, -0.94, -0.95, -0.94, -0.94, -0.95,,,,,,,,,,,,,,,,,,,,,,
MGCBAB2:VRS,(                ),kV,23.6,23.6,23.6,23.6,23.6,23.7,23.6,23.7,23.7,23.6,23.5,23.5,23.5,23.5,23.5,23.5,23.5,23.6,23.6,23.6,23.6,23.6,23.6,23.6,23.6,23.6,23.7,23.7,23.7,23.7,23.6,23.6,23.6,23.6,23.7,23.6,23.6,23.6,23.6,23.6,23.5,23.5,23.4,23.4,23.4,23.6,23.5,23.6,23.5,23.4,23.6,23.5,23.5,23.5,23.5,23.4,23.5,23.3,23.3,23.3,23.3,23.2,23.2,23.2,23.1,23.0,23.1,23.1,23.1,23.1,23.0,23.1,23.2,23.3,23.2,23.2,23.2,23.2,23.1,23.0,23.1,23.0,23.0,23.1,23.1,23.0,23.1,23.1,23.1,23.1,23.1,23.1,23.1,23.2,23.1,23.2,23.2,23.2,23.2,23.3,23.3,23.3,23.4,23.3,23.3,23.2,23.3,23.3,23.3,23.3,23.3,23.3,23.3,23.2,23.3,23.3,23.3,23.3,23.2,23.3,23.4,23.3,,,,,,,,,,,,,,,,,,,,,,
MGCBAB2:VST,(                ),kV,23.7,23.7,23.7,23.7,23.7,23.7,23.7,23.8,23.8,23.7,23.5,23.5,23.6,23.6,23.6,23.6,23.7,23.6,23.7,23.7,23.7,23.7,23.7,23.7,23.7,23.7,23.7,23.7,23.7,23.7,23.7,23.7,23.7,23.7,23.7,23.7,23.7,23.6,23.6,23.6,23.6,23.6,23.5,23.5,23.5,23.6,23.6,23.6,23.6,23.6,23.7,23.6,23.5,23.6,23.5,23.5,23.6,23.4,23.4,23.4,23.3,23.2,23.3,23.2,23.2,23.1,23.2,23.2,23.1,23.2,23.1,23.2,23.3,23.3,23.3,23.3,23.3,23.3,23.1,23.1,23.1,23.1,23.1,23.1,23.1,23.1,23.2,23.2,23.2,23.2,23.2,23.2,23.2,23.2,23.2,23.3,23.3,23.3,23.3,23.3,23.3,23.4,23.4,23.3,23.3,23.3,23.3,23.3,23.3,23.3,23.4,23.3,23.4,23.3,23.4,23.4,23.4,23.4,23.3,23.3,23.4,23.4,,,,,,,,,,,,,,,,,,,,,,
MGCBAB2:VTR,(                ),kV,23.6,23.7,23.7,23.7,23.6,23.7,23.7,23.7,23.8,23.6,23.6,23.6,23.5,23.6,23.6,23.6,23.6,23.6,23.6,23.7,23.7,23.7,23.7,23.7,23.7,23.7,23.7,23.7,23.8,23.7,23.7,23.7,23.7,23.7,23.7,23.7,23.6,23.6,23.6,23.6,23.6,23.5,23.5,23.5,23.5,23.6,23.5,23.6,23.6,23.5,23.7,23.6,23.6,23.6,23.6,23.5,23.6,23.4,23.3,23.4,23.3,23.3,23.3,23.3,23.2,23.2,23.2,23.2,23.2,23.2,23.1,23.2,23.3,23.3,23.3,23.4,23.3,23.3,23.2,23.2,23.2,23.1,23.1,23.1,23.1,23.1,23.1,23.2,23.2,23.2,23.2,23.3,23.3,23.2,23.2,23.3,23.3,23.3,23.3,23.2,23.4,23.4,23.4,23.4,23.3,23.3,23.4,23.4,23.3,23.4,23.3,23.4,23.3,23.4,23.4,23.4,23.4,23.4,23.3,23.4,23.4,23.4,,,,,,,,,,,,,,,,,,,,,,
MLAB2-1.KWH,(度數            ),kW h,23506976,23506984,23506992,23507000,23507008,23507016,23507022,23507028,23507038,23507046,23507054,23507062,23507068,23507076,23507084,23507092,23507100,23507108,23507114,23507124,23507130,23507138,23507146,23507154,23507162,23507170,23507176,23507184,23507192,23507198,23507208,23507214,23507222,23507228,23507236,23507244,23507252,23507260,23507268,23507274,23507282,23507290,23507298,23507306,23507314,23507322,23507330,23507338,23507352,23507370,23507390,23507408,23507426,23507446,23507466,23507484,23507502,23507522,23507540,23507560,23507578,23507596,23507618,23507638,23507658,23507680,23507700,23507720,23507742,23507762,23507772,23507804,23507824,23507848,23507866,23507888,23507910,23507928,23507952,23507970,23507992,23508014,23508034,23508056,23508076,23508096,23508118,23508138,23508158,23508180,23508200,23508220,23508242,23508260,23508284,23508304,23508324,23508346,23508368,23508388,23508410,23508428,23508450,23508472,23508490,23508514,23508534,23508556,23508576,23508594,23508622,23508646,23508672,23508698,23508724,23508750,23508778,23508804,23508830,23508856,23508878,23508908,,,,,,,,,,,,,,,,,,,,,,
MLAB2-1:HZ,(                ),Hz,59,59,59,59,59,60,59,59,60,59,59,60,60,60,59,59,60,60,60,60,60,59,60,60,59,59,59,60,59,59,59,60,60,59,60,60,60,59,60,59,60,60,59,60,60,60,60,59,59,59,59,59,59,59,60,60,60,59,59,59,59,60,59,60,60,59,59,59,59,60,59,60,59,59,59,59,59,60,59,60,59,60,59,60,60,59,60,59,59,59,59,60,60,59,59,60,59,60,60,59,59,60,60,59,60,59,60,60,60,60,60,60,59,60,59,60,60,59,60,60,59,60,,,,,,,,,,,,,,,,,,,,,,
MLAB2-1:IR,(                ),A,85,87,88,87,85,85,86,86,87,87,88,87,87,88,86,86,87,88,84,84,84,85,83,84,85,84,85,86,84,85,86,81,78,83,79,82,85,86,84,84,86,86,88,94,95,94,94,95,198,200,201,200,202,202,201,201,202,200,203,203,217,219,220,234,235,234,236,236,236,237,237,235,234,237,238,236,236,237,238,236,237,233,238,238,237,235,236,235,236,236,233,234,236,235,236,242,236,236,236,235,236,233,236,234,236,235,237,237,234,240,278,279,282,278,279,281,280,280,279,283,279,280,,,,,,,,,,,,,,,,,,,,,,
MLAB2-1:IS,(                ),A,69,75,73,72,71,72,71,71,75,76,74,73,72,75,71,71,72,74,72,72,73,73,71,72,73,72,74,73,72,75,74,70,69,75,72,73,73,76,73,75,73,73,74,76,77,78,73,77,178,181,184,185,186,183,183,183,182,185,185,183,186,189,190,200,197,199,200,201,199,200,200,201,196,201,199,203,202,199,199,201,197,197,201,202,200,198,203,202,200,201,198,202,200,198,198,210,204,201,198,205,200,201,201,200,203,200,203,202,200,203,247,252,249,248,251,248,247,247,245,250,246,247,,,,,,,,,,,,,,,,,,,,,,
MLAB2-1:IT,(                ),A,55,63,63,61,60,63,60,61,62,64,64,61,60,66,60,60,63,61,61,60,60,60,60,60,63,61,61,63,60,62,63,57,57,63,57,58,58,61,57,59,58,62,59,61,64,63,61,61,159,160,164,165,163,164,160,160,162,163,161,160,162,168,169,172,169,172,171,174,173,172,171,173,170,172,172,174,175,170,171,174,170,173,172,173,173,169,173,172,171,171,170,175,169,169,170,185,173,170,171,175,169,170,171,170,171,171,177,171,169,173,217,221,221,217,219,217,219,217,216,214,212,213,,,,,,,,,,,,,,,,,,,,,,
MLAB2-1:KW,(                ),kW,46.0,47.0,47.0,46.0,45.0,47.0,45.0,46.0,47.0,48.0,47.0,46.0,46.0,48.0,46.0,46.0,47.0,47.0,45.0,45.0,46.0,46.0,45.0,45.0,46.0,45.0,46.0,46.0,45.0,47.0,47.0,44.0,43.0,46.0,44.0,45.0,45.0,47.0,45.0,46.0,46.0,47.0,46.0,49.0,50.0,50.0,48.0,50.0,111.0,112.0,113.0,114.0,114.0,114.0,113.0,113.0,114.0,113.0,113.0,113.0,116.0,118.0,118.0,125.0,123.0,124.0,125.0,126.0,125.0,126.0,124.0,126.0,123.0,126.0,125.0,126.0,127.0,125.0,125.0,125.0,124.0,124.0,125.0,126.0,125.0,124.0,126.0,125.0,125.0,125.0,124.0,126.0,125.0,124.0,124.0,126.0,126.0,125.0,125.0,127.0,125.0,126.0,126.0,125.0,126.0,125.0,128.0,126.0,125.0,127.0,156.0,158.0,158.0,156.0,157.0,156.0,156.0,156.0,155.0,156.0,155.0,155.0,,,,,,,,,,,,,,,,,,,,,,
MLAB2-1:PF,(                ),, -33.75, -0.95, -0.95, -0.95, -0.95, -0.95, -0.95, -0.95, -0.95, -0.95, -0.95, -0.95, -0.95, -0.95, -0.95, -0.95, -0.95, -0.95, -0.95, -0.95, -0.95, -0.95, -0.95, -0.95, -0.95, -0.95, -0.95, -0.95, -0.95, -0.95, -0.95, -0.96, -0.96, -0.96, -0.96, -0.96, -0.96, -0.96, -0.96, -0.95, -0.96, -0.96, -0.97, -0.96, -0.96, -0.96, -0.96, -0.96, -0.94, -0.94, -0.94, -0.94, -0.94, -0.94, -0.94, -0.94, -0.94, -0.94, -0.94, -0.95, -0.94, -0.95, -0.94, -0.95, -0.95, -0.95, -0.95, -0.95, -0.95, -0.95, -0.95, -0.95, -0.95, -0.95, -0.95, -0.95, -0.95, -0.95, -0.95, -0.95, -0.95, -0.95, -0.95, -0.95, -0.95, -0.95, -0.95, -0.95, -0.95, -0.95, -0.95, -0.95, -0.95, -0.95, -0.95, -0.91, -0.95, -0.95, -0.95, -0.95, -0.95, -0.95, -0.95, -0.95, -0.95, -0.95, -0.95, -0.95, -0.95, -0.95, -0.96, -0.97, -0.96, -0.96, -0.96, -0.96, -0.96, -0.96, -0.96, -0.96, -0.96, -0.96,,,,,,,,,,,,,,,,,,,,,,
MLAB2-1:VRS,(                ),V,382.0,382.0,382.0,383.0,383.0,384.0,384.0,384.0,384.0,383.0,380.0,381.0,381.0,381.0,381.0,381.0,381.0,382.0,382.0,383.0,383.0,383.0,383.0,383.0,383.0,384.0,384.0,383.0,383.0,384.0,383.0,383.0,383.0,384.0,384.0,383.0,382.0,382.0,382.0,382.0,381.0,381.0,380.0,380.0,380.0,383.0,381.0,382.0,380.0,380.0,382.0,381.0,380.0,382.0,380.0,379.0,380.0,378.0,377.0,377.0,377.0,376.0,376.0,375.0,374.0,373.0,375.0,374.0,374.0,373.0,373.0,375.0,376.0,377.0,377.0,376.0,376.0,376.0,374.0,373.0,374.0,373.0,373.0,373.0,374.0,373.0,374.0,374.0,374.0,374.0,375.0,375.0,375.0,375.0,375.0,375.0,375.0,376.0,377.0,377.0,377.0,377.0,378.0,377.0,377.0,376.0,377.0,377.0,377.0,377.0,377.0,377.0,377.0,377.0,377.0,377.0,377.0,378.0,377.0,377.0,378.0,377.0,,,,,,,,,,,,,,,,,,,,,,
MLAB2-1:VST,(                ),V,383.0,383.0,383.0,383.0,383.0,384.0,384.0,384.0,384.0,383.0,381.0,381.0,381.0,381.0,381.0,381.0,381.0,382.0,382.0,383.0,383.0,383.0,383.0,383.0,383.0,383.0,383.0,384.0,384.0,384.0,383.0,383.0,383.0,383.0,384.0,383.0,383.0,382.0,382.0,382.0,381.0,381.0,380.0,380.0,379.0,383.0,381.0,382.0,380.0,380.0,382.0,381.0,380.0,381.0,380.0,379.0,380.0,378.0,377.0,377.0,376.0,375.0,375.0,374.0,373.0,373.0,374.0,373.0,373.0,373.0,373.0,374.0,375.0,376.0,376.0,376.0,375.0,376.0,373.0,373.0,373.0,372.0,372.0,373.0,373.0,373.0,373.0,373.0,374.0,374.0,374.0,374.0,374.0,375.0,374.0,375.0,375.0,376.0,376.0,376.0,376.0,377.0,378.0,377.0,377.0,376.0,376.0,377.0,376.0,376.0,377.0,376.0,376.0,376.0,376.0,376.0,377.0,377.0,376.0,376.0,378.0,377.0,,,,,,,,,,,,,,,,,,,,,,
MLAB2-1:VTR,(                ),V,383.0,383.0,383.0,383.0,384.0,384.0,384.0,384.0,384.0,384.0,381.0,381.0,381.0,382.0,382.0,382.0,382.0,383.0,383.0,384.0,384.0,383.0,384.0,384.0,383.0,384.0,384.0,384.0,384.0,384.0,383.0,384.0,384.0,384.0,384.0,384.0,383.0,382.0,383.0,382.0,382.0,382.0,381.0,380.0,380.0,383.0,381.0,383.0,381.0,381.0,383.0,382.0,381.0,382.0,381.0,380.0,381.0,379.0,378.0,378.0,377.0,376.0,377.0,376.0,375.0,374.0,375.0,375.0,375.0,374.0,374.0,376.0,377.0,378.0,377.0,377.0,376.0,377.0,375.0,374.0,374.0,374.0,374.0,374.0,374.0,374.0,375.0,374.0,375.0,375.0,375.0,375.0,376.0,376.0,375.0,376.0,376.0,377.0,378.0,377.0,377.0,378.0,379.0,378.0,378.0,377.0,378.0,378.0,377.0,377.0,378.0,377.0,378.0,377.0,378.0,378.0,378.0,378.0,378.0,377.0,379.0,378.0,,,,,,,,,,,,,,,,,,,,,,
MLAB2-2.KWH,(度數            ),kW h,0,0,0,0,0,0,0,0,0,0,0,0,0,0,0,0,0,0,0,0,0,0,0,0,0,0,0,0,0,0,0,0,0,0,0,0,0,0,0,0,0,0,0,0,0,0,0,0,0,0,0,0,0,0,0,0,0,0,0,0,0,0,0,0,0,0,0,0,0,0,0,0,0,0,0,0,0,0,0,0,0,0,0,0,0,0,0,0,0,0,0,0,0,0,0,0,0,0,0,0,0,0,0,0,0,0,0,0,0,0,0,0,0,0,0,0,0,0,0,0,0,0,,,,,,,,,,,,,,,,,,,,,,
MLAB2-2:HZ,(                ),Hz,0,0,0,0,0,0,0,0,0,0,0,0,0,0,0,0,0,0,0,0,0,0,0,0,0,0,0,0,0,0,0,0,0,0,0,0,0,0,0,0,0,0,0,0,0,0,0,0,0,0,0,0,0,0,0,0,0,0,0,0,0,0,0,0,0,0,0,0,0,0,0,0,0,0,0,0,0,0,0,0,0,0,0,0,0,0,0,0,0,0,0,0,0,0,0,0,0,0,0,0,0,0,0,0,0,0,0,0,0,0,0,0,0,0,0,0,0,0,0,0,0,0,,,,,,,,,,,,,,,,,,,,,,
MLAB2-2:IR,(                ),A,0,0,0,0,0,0,0,0,0,0,0,0,0,0,0,0,0,0,0,0,0,0,0,0,0,0,0,0,0,0,0,0,0,0,0,0,0,0,0,0,0,0,0,0,0,0,0,0,0,0,0,0,0,0,0,0,0,0,0,0,0,0,0,0,0,0,0,0,0,0,0,0,0,0,0,0,0,0,0,0,0,0,0,0,0,0,0,0,0,0,0,0,0,0,0,0,0,0,0,0,0,0,0,0,0,0,0,0,0,0,0,0,0,0,0,0,0,0,0,0,0,0,,,,,,,,,,,,,,,,,,,,,,
MLAB2-2:IS,(                ),A,0,0,0,0,0,0,0,0,0,0,0,0,0,0,0,0,0,0,0,0,0,0,0,0,0,0,0,0,0,0,0,0,0,0,0,0,0,0,0,0,0,0,0,0,0,0,0,0,0,0,0,0,0,0,0,0,0,0,0,0,0,0,0,0,0,0,0,0,0,0,0,0,0,0,0,0,0,0,0,0,0,0,0,0,0,0,0,0,0,0,0,0,0,0,0,0,0,0,0,0,0,0,0,0,0,0,0,0,0,0,0,0,0,0,0,0,0,0,0,0,0,0,,,,,,,,,,,,,,,,,,,,,,
MLAB2-2:IT,(                ),A,0,0,0,0,0,0,0,0,0,0,0,0,0,0,0,0,0,0,0,0,0,0,0,0,0,0,0,0,0,0,0,0,0,0,0,0,0,0,0,0,0,0,0,0,0,0,0,0,0,0,0,0,0,0,0,0,0,0,0,0,0,0,0,0,0,0,0,0,0,0,0,0,0,0,0,0,0,0,0,0,0,0,0,0,0,0,0,0,0,0,0,0,0,0,0,0,0,0,0,0,0,0,0,0,0,0,0,0,0,0,0,0,0,0,0,0,0,0,0,0,0,0,,,,,,,,,,,,,,,,,,,,,,
MLAB2-2:KW,(                ),kW,0.0,0.0,0.0,0.0,0.0,0.0,0.0,0.0,0.0,0.0,0.0,0.0,0.0,0.0,0.0,0.0,0.0,0.0,0.0,0.0,0.0,0.0,0.0,0.0,0.0,0.0,0.0,0.0,0.0,0.0,0.0,0.0,0.0,0.0,0.0,0.0,0.0,0.0,0.0,0.0,0.0,0.0,0.0,0.0,0.0,0.0,0.0,0.0,0.0,0.0,0.0,0.0,0.0,0.0,0.0,0.0,0.0,0.0,0.0,0.0,0.0,0.0,0.0,0.0,0.0,0.0,0.0,0.0,0.0,0.0,0.0,0.0,0.0,0.0,0.0,0.0,0.0,0.0,0.0,0.0,0.0,0.0,0.0,0.0,0.0,0.0,0.0,0.0,0.0,0.0,0.0,0.0,0.0,0.0,0.0,0.0,0.0,0.0,0.0,0.0,0.0,0.0,0.0,0.0,0.0,0.0,0.0,0.0,0.0,0.0,0.0,0.0,0.0,0.0,0.0,0.0,0.0,0.0,0.0,0.0,0.0,0.0,,,,,,,,,,,,,,,,,,,,,,
MLAB2-2:PF,(                ),, -32.77, -32.77, -32.77, -32.77, -32.77, -32.77, -32.77, -32.77, -32.77, -32.77, -32.77, -32.77, -32.77, -32.77, -32.77, -32.77, -32.77, -32.77, -32.77, -32.77, -32.77, -32.77, -32.77, -32.77, -32.77, -32.77, -32.77, -32.77, -32.77, -32.77, -32.77, -32.77, -32.77, -32.77, -32.77, -32.77, -32.77, -32.77, -32.77, -32.77, -32.77, -32.77, -32.77, -32.77, -32.77, -32.77, -32.77, -32.77, -32.77, -32.77, -32.77, -32.77, -32.77, -32.77, -32.77, -32.77, -32.77, -32.77, -32.77, -32.77, -32.77, -32.77, -32.77, -32.77, -32.77, -32.77, -32.77, -32.77, -32.77, -32.77, -32.77, -32.77, -32.77, -32.77, -32.77, -32.77, -32.77, -32.77, -32.77, -32.77, -32.77, -32.77, -32.77, -32.77, -32.77, -32.77, -32.77, -32.77, -32.77, -32.77, -32.77, -32.77, -32.77, -32.77, -32.77, -32.77, -32.77, -32.77, -32.77, -32.77, -32.77, -32.77, -32.77, -32.77, -32.77, -32.77, -32.77, -32.77, -32.77, -32.77, -32.77, -32.77, -32.77, -32.77, -32.77, -32.77, -32.77, -32.77, -32.77, -32.77, -32.77, -32.77,,,,,,,,,,,,,,,,,,,,,,
MLAB2-2:VRS,(                ),V,0.0,0.0,0.0,0.0,0.0,0.0,0.0,0.0,0.0,0.0,0.0,0.0,0.0,0.0,0.0,0.0,0.0,0.0,0.0,0.0,0.0,0.0,0.0,0.0,0.0,0.0,0.0,0.0,0.0,0.0,0.0,0.0,0.0,0.0,0.0,0.0,0.0,0.0,0.0,0.0,0.0,0.0,0.0,0.0,0.0,0.0,0.0,0.0,0.0,0.0,0.0,0.0,0.0,0.0,0.0,0.0,0.0,0.0,0.0,0.0,0.0,0.0,0.0,0.0,0.0,0.0,0.0,0.0,0.0,0.0,0.0,0.0,0.0,0.0,0.0,0.0,0.0,0.0,0.0,0.0,0.0,0.0,0.0,0.0,0.0,0.0,0.0,0.0,0.0,0.0,0.0,0.0,0.0,0.0,0.0,0.0,0.0,0.0,0.0,0.0,0.0,0.0,0.0,0.0,0.0,0.0,0.0,0.0,0.0,0.0,0.0,0.0,0.0,0.0,0.0,0.0,0.0,0.0,0.0,0.0,0.0,0.0,,,,,,,,,,,,,,,,,,,,,,
MLAB2-2:VST,(                ),V,0.0,0.0,0.0,0.0,0.0,0.0,0.0,0.0,0.0,0.0,0.0,0.0,0.0,0.0,0.0,0.0,0.0,0.0,0.0,0.0,0.0,0.0,0.0,0.0,0.0,0.0,0.0,0.0,0.0,0.0,0.0,0.0,0.0,0.0,0.0,0.0,0.0,0.0,0.0,0.0,0.0,0.0,0.0,0.0,0.0,0.0,0.0,0.0,0.0,0.0,0.0,0.0,0.0,0.0,0.0,0.0,0.0,0.0,0.0,0.0,0.0,0.0,0.0,0.0,0.0,0.0,0.0,0.0,0.0,0.0,0.0,0.0,0.0,0.0,0.0,0.0,0.0,0.0,0.0,0.0,0.0,0.0,0.0,0.0,0.0,0.0,0.0,0.0,0.0,0.0,0.0,0.0,0.0,0.0,0.0,0.0,0.0,0.0,0.0,0.0,0.0,0.0,0.0,0.0,0.0,0.0,0.0,0.0,0.0,0.0,0.0,0.0,0.0,0.0,0.0,0.0,0.0,0.0,0.0,0.0,0.0,0.0,,,,,,,,,,,,,,,,,,,,,,
MLAB2-2:VTR,(                ),V,0.0,0.0,0.0,0.0,0.0,0.0,0.0,0.0,0.0,0.0,0.0,0.0,0.0,0.0,0.0,0.0,0.0,0.0,0.0,0.0,0.0,0.0,0.0,0.0,0.0,0.0,0.0,0.0,0.0,0.0,0.0,0.0,0.0,0.0,0.0,0.0,0.0,0.0,0.0,0.0,0.0,0.0,0.0,0.0,0.0,0.0,0.0,0.0,0.0,0.0,0.0,0.0,0.0,0.0,0.0,0.0,0.0,0.0,0.0,0.0,0.0,0.0,0.0,0.0,0.0,0.0,0.0,0.0,0.0,0.0,0.0,0.0,0.0,0.0,0.0,0.0,0.0,0.0,0.0,0.0,0.0,0.0,0.0,0.0,0.0,0.0,0.0,0.0,0.0,0.0,0.0,0.0,0.0,0.0,0.0,0.0,0.0,0.0,0.0,0.0,0.0,0.0,0.0,0.0,0.0,0.0,0.0,0.0,0.0,0.0,0.0,0.0,0.0,0.0,0.0,0.0,0.0,0.0,0.0,0.0,0.0,0.0,,,,,,,,,,,,,,,,,,,,,,
EMLAB2-1.KWH,(度數            ),kW h,23808442,23808448,23808452,23808460,23808466,23808474,23808480,23808486,23808492,23808498,23808504,23808510,23808518,23808522,23808530,23808536,23808540,23808544,23808550,23808554,23808560,23808564,23808568,23808572,23808578,23808582,23808588,23808592,23808598,23808600,23808608,23808612,23808618,23808624,23808628,23808638,23808654,23808668,23808682,23808688,23808692,23808698,23808702,23808708,23808712,23808716,23808722,23808726,23808732,23808736,23808740,23808746,23808752,23808758,23808762,23808768,23808774,23808778,23808784,23808790,23808796,23808804,23808814,23808832,23808848,23808866,23808884,23808896,23808902,23808908,23808910,23808920,23808924,23808932,23808936,23808942,23808950,23808964,23808982,23808996,23809012,23809028,23809042,23809052,23809060,23809068,23809076,23809084,23809090,23809100,23809106,23809120,23809138,23809154,23809174,23809188,23809194,23809200,23809206,23809210,23809218,23809226,23809234,23809242,23809248,23809264,23809278,23809294,23809308,23809322,23809340,23809352,23809356,23809364,23809370,23809374,23809382,23809390,23809398,23809416,23809432,23809454,,,,,,,,,,,,,,,,,,,,,,
EMLAB2-1:HZ,(                ),Hz,59,59,59,60,59,60,60,59,59,59,59,60,60,60,59,59,60,60,60,60,60,59,60,60,59,60,59,60,59,59,59,60,60,59,60,60,60,59,60,59,60,60,59,60,60,60,60,60,60,59,59,59,59,60,60,60,60,59,59,59,59,59,59,60,60,59,59,59,59,60,59,60,59,59,59,59,59,60,59,59,59,60,59,60,59,59,59,60,59,60,59,60,60,59,59,60,59,60,60,59,59,60,60,60,60,60,60,60,60,60,59,60,60,60,59,60,60,60,60,60,59,60,,,,,,,,,,,,,,,,,,,,,,
EMLAB2-1:IR,(                ),A,69,67,72,68,68,68,71,67,67,58,71,76,63,71,71,58,58,58,54,58,58,57,57,52,61,58,57,60,58,57,65,61,61,61,56,142,145,136,145,61,58,57,57,58,59,58,52,62,63,64,58,66,67,66,69,67,67,65,72,68,78,92,87,175,182,173,179,67,75,76,78,68,71,67,70,71,150,163,164,150,164,166,154,88,88,80,88,79,88,85,68,182,166,171,183,61,72,70,66,73,85,87,90,86,88,162,158,156,157,156,164,66,72,65,68,88,85,80,78,197,189,187,,,,,,,,,,,,,,,,,,,,,,
EMLAB2-1:IS,(                ),A,48,52,49,53,51,43,58,52,53,27,54,60,45,55,54,27,35,35,33,35,36,34,26,36,43,35,35,33,28,34,45,42,41,42,34,132,145,127,136,42,36,39,34,36,27,38,27,43,28,36,35,27,37,28,43,32,37,38,33,40,53,67,63,156,163,157,151,38,44,51,54,30,44,40,42,34,146,155,150,147,153,150,148,66,65,63,67,60,68,65,40,162,156,152,164,44,46,39,40,43,62,62,66,60,59,150,136,150,144,137,150,36,35,44,36,67,65,46,61,182,174,178,,,,,,,,,,,,,,,,,,,,,,
EMLAB2-1:IT,(                ),A,59,56,70,56,63,59,70,61,54,46,63,64,67,65,64,46,47,45,45,47,43,40,47,47,45,45,45,38,47,45,54,45,45,45,44,137,154,136,147,52,45,47,48,43,40,49,45,53,43,44,49,50,55,51,60,54,54,53,53,57,71,85,79,178,182,172,180,49,64,65,72,56,58,49,61,60,163,167,167,165,164,171,166,75,84,79,80,78,85,86,50,183,174,173,186,58,66,55,53,63,80,73,84,72,79,166,154,167,154,165,169,46,64,60,56,83,72,70,73,192,185,193,,,,,,,,,,,,,,,,,,,,,,
EMLAB2-1:KW,(                ),kW,38.0,37.0,41.0,38.0,39.0,36.0,43.0,38.0,37.0,27.0,40.0,43.0,37.0,41.0,40.0,27.0,29.0,29.0,27.0,29.0,28.0,27.0,27.0,28.0,31.0,29.0,29.0,27.0,27.0,28.0,35.0,31.0,31.0,31.0,28.0,89.0,86.0,86.0,82.0,33.0,28.0,30.0,29.0,28.0,26.0,30.0,25.0,34.0,28.0,30.0,29.0,30.0,33.0,30.0,36.0,32.0,33.0,32.0,33.0,35.0,43.0,52.0,49.0,106.0,108.0,104.0,105.0,32.0,38.0,40.0,43.0,32.0,36.0,32.0,36.0,34.0,89.0,94.0,93.0,90.0,93.0,95.0,91.0,49.0,50.0,47.0,50.0,46.0,51.0,50.0,33.0,110.0,103.0,104.0,110.0,34.0,38.0,34.0,33.0,38.0,48.0,47.0,52.0,47.0,48.0,93.0,86.0,92.0,88.0,89.0,94.0,31.0,36.0,35.0,33.0,51.0,47.0,42.0,45.0,116.0,113.0,115.0,,,,,,,,,,,,,,,,,,,,,,
EMLAB2-1:PF,(                ),, -33.77, -33.77, -1.00, -33.77, -1.00, -33.77, -1.00, -1.00, -33.77, -33.74, -33.77, -1.00, -33.77, -33.77, -33.77, -33.74, -33.76, -33.74, -33.76, -33.76, -33.74, -33.76, -33.76, -33.76, -33.76, -33.76, -33.76, -33.74, -33.74, -33.76, -33.77, -33.76, -33.76, -33.76, -33.74, -0.98, -0.88, -0.98, -0.87, -33.76, -33.76, -33.76, -33.76, -33.76, -33.71, -33.76, -33.74, -33.76, -33.74, -33.76, -33.74, -33.74, -33.75, -33.74, -33.76, -33.73, -33.75, -33.76, -33.76, -33.76, -33.77, -1.00, -33.77, -0.96, -0.96, -0.96, -0.95, -33.75, -33.76, -33.77, -33.77, -33.76, -33.76, -33.75, -33.76, -33.76, -0.90, -0.90, -0.90, -0.90, -0.90, -0.90, -0.90, -1.00, -1.00, -33.77, -1.00, -33.77, -1.00, -1.00, -33.73, -0.96, -0.96, -0.96, -0.96, -33.76, -33.76, -33.75, -33.76, -33.76, -1.00, -33.77, -1.00, -33.77, -33.77, -0.90, -0.89, -0.89, -0.90, -0.90, -0.90, -33.75, -33.76, -33.76, -33.76, -1.00, -1.00, -33.77, -33.77, -0.95, -0.95, -0.95,,,,,,,,,,,,,,,,,,,,,,
EMLAB2-1:VRS,(                ),V,382.0,383.0,383.0,383.0,383.0,384.0,384.0,384.0,384.0,383.0,381.0,380.0,381.0,380.0,381.0,382.0,382.0,383.0,383.0,383.0,383.0,383.0,384.0,383.0,384.0,384.0,383.0,384.0,383.0,384.0,384.0,383.0,384.0,384.0,384.0,383.0,382.0,381.0,381.0,382.0,382.0,381.0,380.0,380.0,380.0,383.0,381.0,382.0,381.0,381.0,383.0,382.0,381.0,382.0,381.0,380.0,381.0,379.0,378.0,379.0,378.0,377.0,377.0,375.0,374.0,374.0,374.0,375.0,375.0,375.0,374.0,376.0,377.0,378.0,377.0,378.0,376.0,377.0,374.0,374.0,374.0,373.0,372.0,374.0,375.0,374.0,375.0,375.0,375.0,375.0,376.0,375.0,375.0,376.0,375.0,377.0,377.0,377.0,378.0,377.0,378.0,378.0,379.0,378.0,377.0,376.0,377.0,377.0,377.0,377.0,378.0,378.0,378.0,378.0,379.0,378.0,378.0,379.0,378.0,377.0,379.0,377.0,,,,,,,,,,,,,,,,,,,,,,
EMLAB2-1:VST,(                ),V,383.0,383.0,383.0,383.0,383.0,384.0,384.0,384.0,384.0,383.0,381.0,381.0,381.0,380.0,381.0,382.0,382.0,383.0,383.0,383.0,384.0,383.0,383.0,383.0,383.0,384.0,383.0,384.0,384.0,384.0,383.0,383.0,384.0,383.0,384.0,383.0,382.0,382.0,381.0,382.0,382.0,382.0,380.0,380.0,380.0,383.0,381.0,383.0,381.0,380.0,383.0,382.0,381.0,382.0,380.0,380.0,380.0,378.0,378.0,378.0,377.0,376.0,376.0,374.0,374.0,373.0,374.0,374.0,374.0,374.0,374.0,375.0,377.0,377.0,377.0,377.0,376.0,376.0,373.0,373.0,373.0,372.0,371.0,373.0,373.0,373.0,374.0,374.0,374.0,375.0,375.0,375.0,374.0,375.0,375.0,376.0,376.0,377.0,377.0,376.0,377.0,378.0,378.0,378.0,377.0,376.0,376.0,376.0,376.0,377.0,377.0,377.0,378.0,377.0,378.0,377.0,378.0,378.0,377.0,377.0,378.0,377.0,,,,,,,,,,,,,,,,,,,,,,
EMLAB2-1:VTR,(                ),V,383.0,383.0,383.0,384.0,384.0,384.0,384.0,384.0,384.0,384.0,381.0,381.0,381.0,381.0,381.0,382.0,382.0,383.0,383.0,384.0,384.0,384.0,384.0,384.0,384.0,384.0,384.0,384.0,384.0,384.0,384.0,384.0,384.0,384.0,384.0,383.0,382.0,382.0,382.0,383.0,382.0,382.0,381.0,381.0,381.0,383.0,381.0,383.0,382.0,381.0,384.0,382.0,382.0,383.0,381.0,381.0,382.0,380.0,379.0,379.0,378.0,377.0,377.0,376.0,375.0,374.0,375.0,375.0,375.0,375.0,375.0,376.0,378.0,378.0,378.0,378.0,377.0,377.0,374.0,374.0,374.0,374.0,372.0,374.0,375.0,374.0,375.0,375.0,376.0,376.0,377.0,375.0,375.0,376.0,376.0,377.0,377.0,378.0,378.0,377.0,378.0,378.0,379.0,378.0,378.0,377.0,377.0,377.0,377.0,377.0,378.0,378.0,378.0,378.0,379.0,378.0,379.0,379.0,379.0,378.0,379.0,377.0,,,,,,,,,,,,,,,,,,,,,,
MGCBARF.KWH,(度數            ),,37.8590,37.8591,37.8592,37.8593,37.8593,37.8594,37.8595,37.8595,37.8596,37.8597,37.8597,37.8598,37.8598,37.8599,37.8599,37.8599,37.8599,37.8599,37.8600,37.8600,37.8600,37.8600,37.8601,37.8601,37.8601,37.8601,37.8602,37.8602,37.8602,37.8602,37.8603,37.8603,37.8603,37.8603,37.8604,37.8604,37.8605,37.8605,37.8606,37.8607,37.8607,37.8608,37.8609,37.8610,37.8611,37.8612,37.8613,37.8613,37.8614,37.8615,37.8616,37.8617,37.8618,37.8618,37.8619,37.8620,37.8621,37.8623,37.8625,37.8627,37.8629,37.8630,37.8633,37.8635,37.8637,37.8639,37.8641,37.8643,37.8646,37.8648,37.8649,37.8652,37.8654,37.8657,37.8659,37.8661,37.8663,37.8665,37.8668,37.8670,37.8672,37.8674,37.8676,37.8679,37.8681,37.8683,37.8685,37.8687,37.8689,37.8691,37.8693,37.8696,37.8698,37.8700,37.8702,37.8704,37.8706,37.8708,37.8711,37.8713,37.8715,37.8717,37.8719,37.8722,37.8724,37.8726,37.8728,37.8731,37.8733,37.8735,37.8737,37.8739,37.8742,37.8744,37.8746,37.8748,37.8750,37.8753,37.8755,37.8757,37.8759,37.8761,,,,,,,,,,,,,,,,,,,,,,
MGCBARF:F,(                ),Hz,60,60,60,60,60,60,60,60,60,60,60,60,60,60,60,60,60,60,60,60,60,60,60,60,60,60,60,60,60,60,60,60,60,60,60,60,60,60,60,60,60,60,60,60,60,60,60,60,60,60,60,60,60,60,60,60,60,60,60,60,60,60,60,60,60,60,60,60,60,60,60,60,60,60,60,60,60,60,60,60,60,60,60,60,60,60,60,60,60,60,60,60,60,60,60,60,60,60,60,60,60,60,60,60,60,60,60,60,60,60,60,60,60,60,60,60,60,60,60,60,60,60,,,,,,,,,,,,,,,,,,,,,,
MGCBARF:I1,(                ),A,11.7,12.5,11.4,10.3,9.7,10.4,11.1,10.0,11.1,10.9,8.5,8.4,3.2,3.1,2.8,3.0,2.7,3.1,3.1,3.0,4.7,5.3,3.8,3.6,3.4,3.3,2.6,2.6,4.3,3.8,3.3,2.7,2.6,4.6,4.1,9.9,9.8,9.8,10.1,11.1,12.6,13.5,12.2,11.6,12.3,13.4,11.9,10.6,11.3,13.6,13.3,13.3,13.9,14.5,13.8,16.0,16.5,33.2,33.2,29.9,25.9,31.5,31.7,33.3,33.1,33.1,32.6,36.2,36.1,33.7,35.3,35.2,34.4,34.1,35.7,34.7,34.1,33.2,34.0,33.7,35.1,36.3,35.8,34.3,34.9,34.3,34.7,32.9,32.6,34.9,34.3,35.3,35.1,34.0,32.5,34.3,32.1,34.9,34.8,33.2,34.8,34.2,35.2,35.9,35.7,35.4,36.2,35.3,36.7,31.0,30.1,34.9,34.4,33.4,33.6,34.7,34.0,34.0,35.8,34.1,33.2,36.4,,,,,,,,,,,,,,,,,,,,,,
MGCBARF:I2,(                ),A,11.6,12.3,11.2,10.2,9.6,10.4,11.1,10.0,11.2,10.8,8.3,8.3,3.1,3.0,2.6,2.9,2.6,3.1,3.0,3.0,4.7,5.3,3.8,3.6,3.4,3.3,2.5,2.6,4.3,3.8,3.4,2.7,2.6,4.6,4.1,10.0,9.9,9.9,10.2,11.2,12.6,13.5,12.2,11.7,12.4,13.4,11.9,10.6,11.3,13.6,13.2,13.3,13.8,14.5,13.8,16.0,16.4,33.5,33.4,30.0,26.0,31.7,32.1,33.4,33.3,33.2,32.7,36.1,36.0,33.8,35.4,35.2,34.4,34.2,35.6,34.7,34.0,33.3,34.0,33.7,34.9,36.2,35.7,34.2,34.8,34.1,34.5,33.0,32.6,34.7,34.2,35.2,35.0,34.1,32.4,34.3,32.1,34.7,34.7,33.1,34.6,34.1,35.1,35.7,35.5,35.3,35.9,34.9,36.5,30.3,29.4,34.7,34.1,33.0,33.4,34.4,33.7,33.7,35.4,33.7,33.1,36.1,,,,,,,,,,,,,,,,,,,,,,
MGCBARF:I3,(                ),A,12.3,13.0,11.9,10.9,10.3,11.0,11.7,10.5,11.7,11.4,8.9,8.8,3.6,3.6,3.2,3.5,3.2,3.6,3.6,3.5,5.2,5.8,4.2,4.0,3.8,3.8,3.0,3.0,4.8,4.2,3.8,3.1,3.1,5.0,4.5,10.5,10.4,10.4,10.8,11.7,13.2,14.0,12.8,12.2,13.0,13.9,12.5,11.1,11.8,14.2,13.9,13.9,14.5,15.1,14.4,16.5,16.9,33.3,33.1,29.9,26.1,31.5,31.8,33.2,33.1,33.0,32.6,36.2,35.9,33.7,35.2,35.1,34.3,34.1,35.6,34.6,34.0,33.2,33.9,33.6,35.0,36.2,35.7,34.1,34.7,34.2,34.6,32.9,32.6,34.6,34.0,35.1,35.0,33.9,32.3,34.1,31.9,34.5,34.5,33.0,34.6,34.0,35.0,35.6,35.5,35.2,36.0,35.0,36.5,31.0,30.1,34.9,34.4,33.3,33.6,34.7,34.1,34.0,35.8,33.9,33.4,36.2,,,,,,,,,,,,,,,,,,,,,,
MGCBARF:KW,(                ),kW,465.3,499.3,452.6,410.9,385.3,411.5,438.4,393.8,449.6,436.1,330.0,330.9,126.5,125.7,112.5,122.3,110.7,125.3,125.2,122.2,194.5,219.6,155.1,146.5,138.7,134.4,105.9,106.8,179.4,157.3,139.8,109.8,108.9,181.9,164.1,398.0,395.3,394.2,407.5,450.5,504.4,542.1,482.8,459.7,491.5,542.4,477.6,423.2,444.9,541.2,528.3,527.5,552.5,571.7,540.4,627.9,647.2,1291.2,1280.1,1141.0,987.0,1207.3,1193.1,1263.4,1253.7,1245.8,1231.1,1380.2,1370.4,1273.2,1340.9,1340.9,1307.9,1307.5,1373.0,1326.7,1300.5,1270.5,1288.0,1273.7,1327.8,1378.7,1359.8,1297.5,1325.9,1291.4,1315.9,1240.6,1232.6,1309.3,1299.5,1341.2,1336.1,1300.8,1222.2,1305.2,1209.2,1333.9,1327.8,1261.6,1316.4,1307.4,1354.5,1372.1,1367.4,1354.1,1389.3,1350.4,1404.8,1191.3,1166.7,1341.4,1313.5,1277.1,1295.0,1328.0,1300.4,1293.6,1373.2,1302.0,1275.4,1391.4,,,,,,,,,,,,,,,,,,,,,,
MGCBARF:PF,(                ),,0.95,0.97,0.96,0.96,0.95,0.95,0.95,0.94,0.96,0.96,0.94,0.95,1.06,1.05,1.04,0.96,1.04,0.94,1.06,1.06,1.03,1.02,1.04,1.04,1.05,1.05,1.04,1.04,1.03,1.02,1.03,1.05,1.05,0.94,1.06,0.96,0.96,0.96,0.95,0.97,0.95,0.97,0.95,0.95,0.96,0.97,0.97,0.96,0.95,0.96,0.95,0.95,0.96,0.96,0.95,0.95,0.95,0.95,0.95,0.94,0.94,0.95,0.93,0.94,0.94,0.94,0.94,0.95,0.95,0.94,0.94,0.94,0.94,0.94,0.95,0.95,0.95,0.94,0.94,0.94,0.95,0.95,0.94,0.95,0.95,0.94,0.95,0.94,0.94,0.94,0.94,0.95,0.95,0.94,0.94,0.94,0.93,0.95,0.94,0.94,0.95,0.95,0.95,0.95,0.95,0.95,0.95,0.95,0.95,0.96,0.96,0.96,0.95,0.94,0.95,0.95,0.94,0.94,0.95,0.95,0.94,0.95,,,,,,,,,,,,,,,,,,,,,,
MGCBARF:V12,(                ),kV,23.6,23.7,23.7,23.7,23.7,23.7,23.8,23.7,23.8,23.7,23.6,23.6,23.6,23.6,23.6,23.6,23.6,23.7,23.7,23.7,23.7,23.7,23.7,23.7,23.7,23.7,23.7,23.8,23.7,23.7,23.7,23.7,23.7,23.7,23.8,23.7,23.7,23.7,23.7,23.6,23.6,23.6,23.5,23.5,23.5,23.7,23.6,23.7,23.6,23.5,23.7,23.6,23.5,23.6,23.5,23.5,23.5,23.4,23.4,23.3,23.3,23.3,23.3,23.2,23.2,23.1,23.2,23.2,23.1,23.1,23.1,23.2,23.3,23.3,23.3,23.3,23.3,23.3,23.2,23.1,23.1,23.1,23.1,23.1,23.1,23.1,23.1,23.1,23.2,23.2,23.2,23.2,23.2,23.3,23.2,23.3,23.3,23.3,23.3,23.3,23.3,23.4,23.4,23.4,23.3,23.3,23.3,23.3,23.3,23.4,23.4,23.4,23.4,23.3,23.4,23.4,23.4,23.4,23.4,23.4,23.4,23.4,,,,,,,,,,,,,,,,,,,,,,
MGCBARF:V23,(                ),kV,23.7,23.7,23.8,23.8,23.8,23.8,23.8,23.8,23.8,23.7,23.6,23.6,23.6,23.6,23.6,23.6,23.7,23.7,23.7,23.8,23.8,23.8,23.8,23.8,23.7,23.8,23.8,23.8,23.8,23.8,23.8,23.8,23.8,23.8,23.8,23.7,23.7,23.7,23.7,23.7,23.7,23.7,23.6,23.6,23.6,23.7,23.6,23.7,23.6,23.6,23.7,23.7,23.6,23.7,23.6,23.5,23.6,23.4,23.4,23.4,23.4,23.3,23.3,23.3,23.2,23.2,23.3,23.2,23.2,23.2,23.2,23.2,23.3,23.4,23.4,23.4,23.3,23.4,23.2,23.2,23.2,23.1,23.1,23.2,23.2,23.1,23.2,23.2,23.2,23.2,23.3,23.3,23.2,23.3,23.3,23.3,23.3,23.3,23.4,23.4,23.4,23.4,23.5,23.4,23.4,23.4,23.4,23.4,23.3,23.4,23.4,23.4,23.4,23.4,23.4,23.4,23.4,23.4,23.4,23.4,23.5,23.4,,,,,,,,,,,,,,,,,,,,,,
MGCBARF:V31,(                ),kV,23.7,23.7,23.7,23.8,23.8,23.8,23.8,23.8,23.8,23.7,23.6,23.6,23.6,23.6,23.6,23.6,23.7,23.7,23.7,23.8,23.7,23.8,23.8,23.8,23.7,23.8,23.8,23.8,23.8,23.8,23.8,23.8,23.8,23.8,23.8,23.7,23.7,23.7,23.7,23.7,23.7,23.7,23.6,23.6,23.6,23.7,23.6,23.7,23.6,23.6,23.8,23.7,23.6,23.7,23.6,23.6,23.6,23.5,23.4,23.4,23.4,23.4,23.4,23.4,23.3,23.2,23.3,23.3,23.2,23.2,23.2,23.3,23.4,23.4,23.4,23.4,23.4,23.4,23.3,23.2,23.2,23.2,23.2,23.2,23.2,23.2,23.2,23.2,23.3,23.2,23.3,23.3,23.3,23.3,23.3,23.4,23.4,23.4,23.4,23.4,23.4,23.4,23.5,23.4,23.4,23.4,23.4,23.4,23.4,23.5,23.5,23.4,23.4,23.4,23.5,23.5,23.5,23.5,23.5,23.4,23.5,23.5,,,,,,,,,,,,,,,,,,,,,,
MPA1:HZ,(                ),Hz,59,59,59,59,59,59,60,59,59,59,59,60,60,60,59,59,60,60,59,60,60,60,59,60,59,60,60,60,59,60,59,59,60,60,60,59,60,59,60,59,60,60,59,60,60,60,60,60,59,59,59,60,59,59,60,60,60,60,59,59,59,60,59,60,59,60,60,59,59,59,59,59,59,59,60,59,59,60,59,59,59,60,59,60,59,59,60,59,59,60,59,59,60,59,60,60,60,60,60,59,59,60,60,60,60,59,59,60,59,59,59,60,59,59,60,60,60,60,60,60,60,60,,,,,,,,,,,,,,,,,,,,,,
MPA1:IR,(                ),A,587,517,452,422,405,462,508,446,411,394,380,386,7,7,7,7,7,7,7,7,7,7,8,8,7,7,8,7,7,7,7,8,8,70,70,594,578,585,608,537,583,587,596,589,522,448,395,361,364,555,589,590,585,579,579,626,675,1529,1529,1542,1542,1544,1539,1553,1545,1548,1547,1543,1539,1538,1544,1540,1531,1535,1532,1534,1536,1531,1541,1540,1546,1551,1541,1539,1542,1540,1542,1543,1539,1535,1530,1529,1538,1538,1535,1530,1533,1527,1529,1528,1527,1534,1528,1530,1532,1527,1535,1532,1525,1535,1537,1525,1525,1531,1532,1532,1532,1529,1532,1531,1534,1529,,,,,,,,,,,,,,,,,,,,,,
MPA1:IS,(                ),A,585,518,453,423,402,465,511,447,413,395,381,388,9,9,11,10,9,9,10,11,9,9,10,10,9,9,10,11,9,9,9,11,10,70,71,590,579,584,602,532,574,586,587,588,515,445,387,358,354,546,582,583,577,570,568,616,666,1557,1560,1573,1571,1570,1563,1573,1564,1572,1570,1563,1561,1562,1572,1567,1555,1557,1553,1559,1556,1560,1561,1561,1562,1570,1559,1563,1565,1565,1560,1565,1560,1563,1559,1556,1561,1565,1560,1554,1557,1554,1557,1553,1554,1558,1554,1562,1557,1557,1559,1557,1552,1552,1556,1550,1543,1550,1548,1551,1545,1546,1550,1552,1552,1553,,,,,,,,,,,,,,,,,,,,,,
MPA1:IT,(                ),A,605,535,468,436,416,480,526,460,424,404,390,397,7,9,8,7,9,7,7,9,7,9,7,7,8,7,7,8,7,7,8,8,7,69,70,609,594,603,621,549,594,601,613,607,535,458,399,367,366,565,602,602,593,584,588,634,680,1552,1550,1563,1564,1561,1557,1565,1561,1564,1566,1558,1559,1561,1568,1560,1550,1552,1551,1555,1551,1553,1561,1559,1558,1571,1557,1557,1556,1558,1556,1560,1557,1552,1549,1551,1555,1558,1553,1547,1548,1542,1545,1542,1547,1548,1546,1551,1550,1549,1554,1548,1543,1549,1554,1545,1539,1545,1546,1547,1549,1543,1548,1547,1548,1547,,,,,,,,,,,,,,,,,,,,,,
MPA1:KW,(                ),kW,367.7,323.7,281.8,262.0,249.3,289.3,319.7,278.4,254.8,242.7,231.1,235.8,3.1,3.8,4.4,3.7,3.8,3.1,3.7,4.4,3.1,3.8,3.8,3.8,3.8,3.1,3.8,4.4,3.1,3.1,3.8,4.5,3.7,30.5,30.7,371.1,362.0,366.3,379.0,333.3,362.0,366.2,369.0,367.5,321.4,277.0,237.8,218.3,217.4,344.8,369.4,368.7,362.9,360.1,358.7,384.8,413.2,951.0,949.3,957.6,956.8,953.6,951.2,954.9,948.0,947.1,952.5,946.1,945.6,944.7,949.5,949.1,945.5,948.9,946.4,948.6,946.8,949.0,946.3,944.8,945.6,949.2,943.1,945.3,945.0,943.6,944.8,946.0,945.1,944.2,944.0,943.6,945.0,949.0,945.8,943.8,944.6,942.6,947.0,944.7,945.9,949.3,949.6,950.8,948.0,946.0,950.5,948.5,943.1,948.3,950.6,944.7,942.1,945.5,946.6,947.3,947.2,946.3,947.1,947.3,950.0,947.4,,,,,,,,,,,,,,,,,,,,,,
MPA1:KWH,(                ),,11765148,11765207,11765252,11765303,11765343,11765386,11765444,11765495,11765539,11765582,11765619,11765659,11765682,11765682,11765683,11765684,11765684,11765685,11765686,11765686,11765687,11765688,11765688,11765689,11765689,11765690,11765691,11765691,11765692,11765693,11765693,11765695,11765696,11765697,11765702,11765743,11765806,11765863,11765926,11765981,11766038,11766101,11766166,11766223,11766282,11766326,11766374,11766414,11766448,11766494,11766557,11766617,11766680,11766736,11766798,11766861,11766922,11767072,11767220,11767385,11767550,11767673,11767853,11768018,11768182,11768330,11768491,11768646,11768810,11768972,11769033,11769281,11769421,11769600,11769764,11769922,11770068,11770208,11770388,11770551,11770699,11770862,11771023,11771177,11771340,11771488,11771651,11771811,11771951,11772129,11772277,11772440,11772585,11772725,11772903,11773066,11773230,11773378,11773539,11773692,11773855,11774018,11774167,11774328,11774468,11774647,11774795,11774959,11775122,11775284,11775442,11775591,11775755,11775917,11776064,11776218,11776381,11776545,11776708,11776853,11776993,11777173,,,,,,,,,,,,,,,,,,,,,,
MPA1:PF,(                ),,0.93,0.93,0.92,0.92,0.92,0.92,0.93,0.92,0.92,0.92,0.91,0.91,0.62,0.70,0.74,0.68,0.70,0.62,0.68,0.74,0.62,0.69,0.68,0.68,0.69,0.62,0.68,0.74,0.62,0.62,0.69,0.74,0.68,0.65,0.65,0.93,0.93,0.93,0.93,0.93,0.93,0.93,0.93,0.93,0.93,0.92,0.91,0.90,0.91,0.94,0.94,0.94,0.94,0.94,0.94,0.93,0.93,0.94,0.94,0.94,0.94,0.94,0.94,0.94,0.94,0.94,0.94,0.94,0.94,0.94,0.94,0.94,0.94,0.94,0.94,0.94,0.94,0.94,0.94,0.94,0.94,0.94,0.94,0.94,0.94,0.94,0.94,0.94,0.94,0.94,0.94,0.94,0.94,0.94,0.94,0.94,0.94,0.94,0.94,0.94,0.94,0.94,0.94,0.94,0.94,0.94,0.94,0.94,0.94,0.94,0.94,0.94,0.94,0.94,0.94,0.94,0.94,0.94,0.94,0.94,0.94,0.94,,,,,,,,,,,,,,,,,,,,,,
MPA1:VRS,(                ),V,384.1,384.3,384.1,384.6,385.3,385.2,385.6,385.8,386.0,384.1,382.3,382.2,383.2,383.2,383.5,383.7,384.0,384.8,384.8,385.5,385.7,385.7,385.6,385.8,385.6,385.9,386.1,386.3,385.9,386.2,385.6,385.8,385.9,386.1,386.0,384.2,384.3,383.4,384.0,383.7,383.1,382.7,381.0,382.4,381.5,384.4,382.8,384.8,382.9,382.4,384.2,383.2,382.1,382.9,381.7,380.8,382.2,377.1,376.3,376.1,376.4,374.5,375.4,374.1,373.2,372.4,373.9,373.0,373.4,372.5,372.9,373.8,375.4,376.1,375.1,375.8,375.0,376.2,373.5,372.8,372.1,372.5,372.4,373.7,372.6,372.9,372.5,372.6,372.9,373.6,374.8,374.4,374.0,374.6,374.7,374.9,374.6,375.3,376.5,376.1,376.0,375.7,378.0,376.9,375.8,375.1,376.7,376.6,375.1,376.3,376.8,376.0,376.1,376.1,376.8,376.4,376.6,377.3,376.7,376.4,377.3,376.4,,,,,,,,,,,,,,,,,,,,,,
MPA1:VST,(                ),V,384.8,384.4,385.4,385.2,385.7,385.7,386.5,385.7,385.5,383.7,383.3,382.4,383.4,383.3,383.5,383.9,384.3,385.0,385.2,385.7,385.9,385.8,385.7,385.9,385.6,385.9,386.1,386.3,386.1,386.3,385.7,386.0,386.0,386.1,386.0,384.8,384.6,384.8,384.3,384.3,383.4,383.1,382.2,382.5,382.0,384.6,382.3,384.2,383.6,382.0,384.6,382.8,382.4,382.3,382.9,382.0,382.2,376.3,376.0,375.5,375.8,375.0,375.0,374.0,372.6,371.9,373.5,372.5,372.5,372.6,372.6,373.6,374.3,374.9,375.7,375.0,374.0,375.4,372.6,372.5,372.6,371.6,371.7,372.6,372.6,371.8,373.2,372.5,373.5,373.7,373.7,374.3,372.7,373.6,373.3,375.0,375.0,374.2,375.2,375.1,375.9,376.6,377.1,375.9,375.7,375.8,375.9,375.9,375.9,375.7,375.1,376.1,376.3,375.7,375.8,376.0,375.9,376.3,375.4,376.3,376.3,377.0,,,,,,,,,,,,,,,,,,,,,,
MPA1:VTR,(                ),V,384.0,385.2,385.4,385.9,386.0,385.5,386.1,386.4,386.1,385.5,382.9,382.8,383.8,383.7,383.9,384.3,384.6,385.3,385.5,386.1,386.3,386.2,386.1,386.4,386.0,386.3,386.5,386.8,386.5,386.5,386.0,386.4,386.3,386.6,386.5,384.9,384.4,384.0,384.7,384.3,383.9,383.3,381.7,381.7,382.7,385.3,383.3,384.6,384.2,383.4,384.7,384.1,383.2,384.7,382.7,382.0,382.4,377.6,376.2,376.9,376.2,374.9,375.3,374.7,373.8,372.8,374.5,373.0,373.2,372.9,372.8,374.4,375.3,376.6,375.6,375.3,376.1,375.9,373.5,372.6,372.7,371.8,372.8,372.5,372.3,371.3,373.2,373.1,373.4,372.9,374.2,374.3,374.0,375.3,375.0,374.7,374.7,375.4,376.7,376.3,375.7,376.4,377.0,376.6,376.4,375.6,375.6,375.9,375.4,376.4,377.0,376.6,376.5,376.3,376.5,376.8,377.0,377.1,376.5,376.1,377.3,376.8,,,,,,,,,,,,,,,,,,,,,,
MPA2:HZ,(                ),Hz,59,59,59,59,59,59,60,59,59,59,59,60,60,59,59,59,60,60,59,60,60,59,59,60,59,60,60,60,59,60,59,60,60,59,60,60,60,59,60,59,60,60,59,60,60,60,60,59,59,59,59,60,59,59,60,60,60,60,59,59,59,60,59,60,59,59,59,59,59,59,59,59,59,59,59,59,59,60,59,59,59,60,59,59,59,59,60,59,59,60,59,59,59,59,60,60,60,60,60,59,59,60,60,60,60,59,60,60,59,59,59,60,59,59,60,60,60,60,60,60,59,59,,,,,,,,,,,,,,,,,,,,,,
MPA2:IR,(                ),A,294,294,299,295,294,320,321,319,292,292,257,235,154,143,115,115,115,154,153,153,156,156,157,156,156,156,114,114,144,107,124,123,124,201,192,191,189,189,190,190,304,298,302,302,302,300,302,300,306,328,325,334,332,330,335,535,543,986,997,702,533,1002,1033,1043,1046,1044,1040,1040,1030,1040,1050,1038,1026,1032,1024,1030,1026,1033,1033,1036,1034,1052,1033,1035,1034,1042,1031,1049,1035,1037,1033,1032,1033,1042,1036,1033,1024,1021,1034,1027,1023,1027,1033,1026,1034,1032,1029,1029,1027,545,525,983,1034,1037,1040,1031,1028,1038,1036,1030,1034,1032,,,,,,,,,,,,,,,,,,,,,,
MPA2:IS,(                ),A,300,298,305,301,300,327,327,326,298,297,262,237,152,142,112,111,111,152,151,151,153,155,155,154,155,155,110,110,141,105,121,120,120,201,193,192,191,191,192,191,311,306,307,310,308,306,308,309,314,334,333,344,342,342,343,558,570,1041,1055,732,560,1057,1087,1095,1099,1100,1095,1092,1085,1094,1109,1094,1082,1087,1076,1083,1079,1091,1084,1088,1084,1103,1084,1089,1089,1097,1084,1104,1089,1097,1091,1091,1085,1101,1090,1091,1080,1076,1091,1084,1080,1085,1089,1086,1092,1091,1085,1084,1085,570,548,1044,1096,1097,1098,1091,1081,1095,1094,1093,1090,1096,,,,,,,,,,,,,,,,,,,,,,
MPA2:IT,(                ),A,298,297,304,299,300,327,327,326,297,296,258,234,155,143,113,113,113,153,154,153,157,157,156,156,155,156,112,112,142,105,122,122,121,199,191,189,188,189,188,188,305,300,304,305,304,302,304,303,307,331,330,338,338,336,339,545,556,1018,1028,707,543,1031,1063,1072,1078,1078,1076,1070,1064,1076,1090,1073,1062,1066,1056,1065,1058,1070,1068,1070,1063,1087,1065,1069,1065,1074,1063,1083,1070,1073,1067,1068,1065,1081,1069,1069,1058,1052,1069,1060,1059,1062,1067,1064,1072,1068,1065,1062,1065,550,529,1023,1075,1076,1078,1070,1066,1077,1076,1070,1072,1076,,,,,,,,,,,,,,,,,,,,,,
MPA2:KW,(                ),kW,166.8,166.5,169.6,167.2,167.1,182.4,182.5,182.2,166.6,165.9,144.8,144.4,82.6,77.2,61.9,61.9,62.0,82.6,82.4,82.4,84.2,84.3,84.4,84.3,84.1,84.2,61.9,61.9,76.8,58.4,67.1,67.1,67.1,123.9,118.7,118.9,118.4,118.4,118.9,118.1,171.9,168.8,169.8,170.6,170.3,170.1,170.5,170.5,173.2,186.3,185.9,190.6,189.0,188.4,189.8,323.7,330.4,625.5,631.5,428.3,321.6,632.0,633.1,637.6,637.8,636.4,635.7,633.5,628.7,634.9,641.3,635.8,630.1,633.9,628.0,632.5,629.5,635.6,630.3,631.8,628.7,639.9,628.2,631.6,630.0,634.2,629.2,639.6,632.4,635.4,632.8,631.9,630.5,640.2,633.7,634.0,628.5,624.9,636.3,629.9,629.2,632.1,636.4,633.1,637.0,634.6,633.3,631.9,631.8,327.4,329.5,624.5,638.2,639.2,641.2,636.0,633.8,641.0,638.7,636.3,638.1,638.7,,,,,,,,,,,,,,,,,,,,,,
MPA2:KWH,(                ),,19016980,19017008,19017034,19017066,19017090,19017122,19017154,19017184,19017214,19017242,19017268,19017292,19017316,19017328,19017338,19017346,19017360,19017372,19017384,19017400,19017412,19017426,19017440,19017454,19017468,19017482,19017494,19017506,19017516,19017528,19017542,19017552,19017564,19017578,19017600,19017618,19017638,19017658,19017678,19017696,19017722,19017752,19017782,19017808,19017836,19017862,19017894,19017924,19017950,19017982,19018014,19018044,19018076,19018106,19018138,19018178,19018228,19018308,19018406,19018508,19018564,19018624,19018746,19018856,19018964,19019064,19019172,19019276,19019386,19019494,19019536,19019702,19019794,19019914,19020024,19020128,19020226,19020320,19020440,19020548,19020648,19020756,19020866,19020968,19021078,19021178,19021286,19021394,19021488,19021606,19021706,19021816,19021912,19022006,19022122,19022234,19022344,19022442,19022548,19022654,19022762,19022870,19022970,19023078,19023172,19023290,19023390,19023500,19023608,19023702,19023766,19023828,19023938,19024048,19024148,19024252,19024362,19024472,19024582,19024680,19024774,19024894,,,,,,,,,,,,,,,,,,,,,,
MPA2:PF,(                ),,0.84,0.84,0.84,0.84,0.84,0.84,0.84,0.84,0.84,0.84,0.84,0.93,0.81,0.81,0.82,0.83,0.82,0.81,0.81,0.81,0.81,0.81,0.81,0.81,0.81,0.81,0.82,0.82,0.81,0.83,0.82,0.82,0.82,0.93,0.93,0.94,0.94,0.94,0.94,0.94,0.84,0.84,0.84,0.84,0.84,0.84,0.84,0.84,0.85,0.85,0.85,0.85,0.85,0.84,0.85,0.90,0.90,0.94,0.94,0.91,0.90,0.94,0.92,0.92,0.92,0.92,0.92,0.92,0.92,0.92,0.92,0.92,0.92,0.91,0.91,0.91,0.91,0.91,0.92,0.92,0.92,0.92,0.92,0.92,0.92,0.92,0.92,0.92,0.92,0.92,0.91,0.92,0.91,0.92,0.92,0.91,0.91,0.91,0.91,0.91,0.91,0.91,0.91,0.91,0.91,0.91,0.91,0.91,0.91,0.90,0.94,0.94,0.91,0.91,0.91,0.91,0.91,0.91,0.91,0.91,0.91,0.91,,,,,,,,,,,,,,,,,,,,,,
MPA2:VRS,(                ),V,383.8,384.2,384.7,384.9,385.1,385.4,385.2,385.6,385.4,384.8,382.5,382.6,383.0,382.9,383.2,383.6,383.9,384.5,384.7,385.2,385.5,385.1,385.4,385.5,385.4,385.8,385.9,386.1,385.5,386.0,385.4,385.5,385.8,385.8,385.7,384.8,384.9,384.7,384.7,384.4,383.2,383.0,381.5,381.7,381.1,384.3,382.2,383.7,383.0,382.2,384.5,383.0,382.4,383.9,382.1,380.5,381.6,379.0,377.4,378.5,378.7,376.7,376.5,375.6,374.8,373.7,374.3,374.1,373.9,373.8,373.9,374.9,376.6,376.9,376.8,377.0,377.1,377.2,374.7,374.0,373.8,373.2,373.3,374.4,373.8,373.5,374.7,375.3,375.0,375.4,375.5,375.1,374.9,376.2,376.3,376.5,376.4,376.6,378.1,377.3,377.3,377.9,378.2,377.5,377.4,376.5,378.3,377.4,376.7,378.9,379.6,377.9,377.9,377.4,377.9,377.5,378.0,379.0,378.1,378.2,378.4,377.6,,,,,,,,,,,,,,,,,,,,,,
MPA2:VST,(                ),V,384.2,384.6,384.9,384.8,385.4,385.4,385.6,385.5,385.7,384.9,382.6,382.9,383.3,383.2,383.4,383.9,384.1,384.8,384.9,385.4,385.8,385.1,385.5,385.5,385.5,385.8,385.9,386.1,386.1,386.0,385.5,385.9,385.8,385.8,385.7,385.0,384.8,384.5,384.6,384.4,383.1,383.2,381.3,382.0,381.3,384.2,382.2,383.7,382.7,382.0,384.2,382.9,382.0,383.5,381.8,380.5,380.9,378.2,376.6,378.3,378.0,376.4,375.5,375.1,373.7,372.3,374.4,373.3,373.8,373.8,372.9,374.8,375.9,375.6,376.2,376.1,375.9,375.7,374.2,373.8,373.4,372.8,372.8,373.5,373.5,372.5,373.4,373.7,374.1,374.4,375.3,373.8,374.7,375.4,374.3,375.7,376.0,376.5,376.9,376.9,376.7,376.0,378.4,377.5,377.3,376.5,377.0,376.2,376.6,378.1,378.8,377.9,376.1,376.2,377.4,377.0,377.2,377.6,376.9,376.4,378.3,377.7,,,,,,,,,,,,,,,,,,,,,,
MPA2:VTR,(                ),V,384.2,384.8,385.0,385.3,385.6,385.6,385.7,385.9,385.8,385.0,383.0,382.8,383.4,383.3,383.6,383.9,384.2,384.9,385.0,385.7,385.9,385.4,385.7,385.9,385.6,385.9,386.3,386.4,386.0,386.1,385.6,385.9,386.1,386.2,385.9,385.3,385.0,384.7,384.8,384.5,383.5,383.1,381.9,382.1,381.7,384.8,382.8,384.2,383.3,382.8,384.9,383.6,382.7,384.3,382.7,381.3,382.0,378.7,378.4,379.0,378.9,377.2,377.0,375.7,374.3,373.9,375.0,374.8,374.5,374.3,373.8,375.7,376.4,377.7,377.5,377.0,377.6,377.1,375.0,374.4,374.5,373.9,374.1,374.0,373.8,373.4,375.0,373.7,374.6,374.7,375.8,375.7,375.5,376.2,375.9,376.2,376.4,376.9,377.4,377.4,377.1,377.9,378.8,377.8,378.1,377.0,377.4,377.2,376.7,378.9,379.8,378.5,377.4,377.7,377.9,378.0,378.6,378.6,377.8,377.9,378.9,377.9,,,,,,,,,,,,,,,,,,,,,,
MLARF-1.PF,(                ),,0.97,0.99,0.98,0.97,0.97,0.97,0.97,0.96,0.99,0.99,0.93,0.93,0.92,0.93,0.94,0.92,0.92,0.92,0.93,0.90,0.99,0.98,0.97,0.97,0.96,0.96,0.89,0.89,0.99,0.98,0.98,0.89,0.89,0.89,0.88,0.88,0.88,0.87,0.89,0.99,0.99,0.99,0.98,0.98,0.99,0.99,0.99,0.98,0.98,0.99,0.98,0.98,0.99,0.99,0.99,0.98,0.98,0.99,0.99,0.96,0.96,0.96,0.94,0.99,0.98,0.98,0.98,1.00,0.99,0.99,0.99,0.99,0.99,0.99,0.99,0.99,0.99,0.99,0.99,0.99,0.99,0.99,0.99,0.99,0.99,0.99,0.98,0.98,0.97,0.99,0.99,0.99,0.99,0.98,0.98,0.99,0.96,0.99,0.99,0.98,0.99,0.99,0.99,0.99,1.00,0.99,0.99,0.99,0.99,0.99,0.99,0.99,0.99,0.99,0.99,0.99,0.99,0.99,0.99,0.98,0.98,0.99,,,,,,,,,,,,,,,,,,,,,,
MLARF-1:HZ,(                ),Hz,59,59,59,59,59,59,60,59,59,59,59,60,60,60,59,59,60,60,59,60,60,59,60,60,59,60,60,60,59,60,59,59,60,59,60,60,60,59,60,59,60,60,59,60,60,60,60,60,59,59,59,60,59,59,60,60,60,60,59,59,59,60,59,60,59,59,59,59,59,59,59,59,59,59,59,59,59,60,59,59,59,60,59,59,59,59,60,59,59,60,59,59,60,59,60,60,60,60,60,59,59,60,60,60,60,59,60,60,59,59,59,60,59,59,60,60,60,60,60,60,60,60,,,,,,,,,,,,,,,,,,,,,,
MLARF-1:IR,(                ),A,126,280,225,188,151,121,95,91,266,253,74,75,62,63,63,56,56,56,56,53,209,268,117,100,82,71,45,47,182,159,110,46,45,46,43,44,46,42,44,210,173,293,154,106,217,401,331,243,189,248,179,171,224,254,184,164,139,262,253,88,86,83,68,209,172,141,151,453,409,214,359,268,322,278,449,379,293,241,300,246,348,457,411,322,384,245,299,153,118,313,291,396,367,284,147,323,123,384,329,250,355,344,422,459,473,450,482,414,533,528,480,451,378,287,355,391,342,298,441,344,260,517,,,,,,,,,,,,,,,,,,,,,,
MLARF-1:IS,(                ),A,58,218,158,119,85,57,44,40,221,208,27,26,23,25,24,23,22,26,24,23,178,248,98,75,63,47,23,23,162,140,88,24,22,22,22,22,23,20,26,189,153,272,133,84,195,383,312,218,164,223,151,142,195,231,163,140,112,241,225,61,59,54,46,190,150,118,103,406,364,172,314,221,276,238,400,328,250,194,254,199,301,412,366,274,328,187,241,107,70,260,244,343,319,238,100,274,78,332,258,185,284,279,357,388,405,384,403,326,453,432,383,341,270,181,256,296,243,204,343,246,183,420,,,,,,,,,,,,,,,,,,,,,,
MLARF-1:IT,(                ),A,70,214,154,119,83,67,53,48,229,216,33,33,29,34,33,31,31,33,33,28,183,236,88,63,54,47,24,25,162,140,89,25,24,24,24,25,26,23,29,189,153,256,119,81,194,368,298,210,141,205,142,134,187,221,156,133,104,218,199,50,52,46,39,153,117,82,71,398,318,141,286,208,248,207,359,288,208,155,210,154,256,369,324,230,289,164,210,80,41,214,211,325,288,199,64,240,48,285,218,145,249,241,318,351,368,349,369,299,417,397,345,318,247,155,223,276,219,181,309,211,156,384,,,,,,,,,,,,,,,,,,,,,,
MLARF-1:KW,(                ),kW,54.4,156.5,117.4,92.4,69.2,52.6,41.5,38.3,158.0,149.1,27.6,27.6,23.3,25.3,25.0,22.4,22.2,23.6,23.2,20.8,125.5,164.4,65.2,51.5,42.2,35.3,18.1,19.0,111.1,96.5,62.6,18.8,17.9,18.3,17.3,18.0,18.7,16.3,19.8,129.2,104.5,179.6,87.9,58.6,131.7,254.2,206.1,146.3,107.1,147.5,103.0,96.8,132.4,155.3,109.6,94.8,76.6,156.6,147.2,42.0,41.7,38.5,31.6,118.7,93.7,72.7,69.5,271.9,235.5,113.4,206.6,150.6,183.7,156.8,262.8,216.0,162.8,127.5,164.7,128.5,195.1,266.8,237.3,178.1,215.2,127.7,160.5,72.7,48.0,170.0,161.7,230.4,210.1,154.7,66.4,181.8,52.5,216.8,174.3,124.8,193.1,187.9,239.2,261.0,271.5,256.7,273.0,225.5,305.2,295.6,263.0,241.3,193.8,134.5,180.7,209.3,174.9,148.1,237.7,173.1,129.8,287.9,,,,,,,,,,,,,,,,,,,,,,
MLARF-1:KWH,(                ),,6523294,6523305,6523325,6523345,6523358,6523369,6523377,6523384,6523393,6523419,6523432,6523437,6523441,6523445,6523449,6523453,6523457,6523461,6523465,6523469,6523486,6523509,6523526,6523536,6523543,6523550,6523555,6523557,6523570,6523586,6523601,6523607,6523609,6523612,6523615,6523619,6523622,6523625,6523628,6523633,6523652,6523683,6523706,6523718,6523738,6523768,6523812,6523841,6523859,6523886,6523911,6523929,6523950,6523973,6523996,6524013,6524026,6524042,6524065,6524080,6524088,6524093,6524100,6524121,6524139,6524152,6524163,6524194,6524239,6524266,6524280,6524326,6524353,6524385,6524430,6524470,6524499,6524520,6524543,6524568,6524589,6524627,6524668,6524702,6524738,6524762,6524789,6524806,6524814,6524824,6524851,6524895,6524929,6524956,6524971,6524984,6525012,6525036,6525070,6525093,6525121,6525153,6525186,6525229,6525267,6525317,6525355,6525397,6525440,6525492,6525538,6525565,6525603,6525634,6525652,6525687,6525718,6525746,6525787,6525818,6525836,6525870,,,,,,,,,,,,,,,,,,,,,,
MLARF-1:PF,(                ),, -0.97, -0.99, -0.98, -0.97, -0.97, -0.97, -0.97, -0.96, -0.99, -0.99, -0.93, -0.93, -0.92, -0.93, -0.94, -0.92, -0.92, -0.92, -0.93, -0.90, -0.99, -0.98, -0.97, -0.97, -0.96, -0.96, -0.89, -0.89, -0.99, -0.98, -0.98, -0.89, -0.89, -0.89,0.88,0.88,0.89, -0.87,0.89, -0.99, -0.99, -0.99, -0.98, -0.98, -0.99, -0.99, -0.99, -0.98, -0.98, -0.99, -0.98, -0.98, -0.99, -0.99, -0.99, -0.98, -0.98, -0.99, -0.99, -0.96, -0.96, -0.96, -0.94, -0.99, -0.98, -0.98, -0.98, -1.00, -0.99, -0.99, -0.99, -0.99, -0.99, -0.99, -0.99, -0.99, -0.99, -0.99, -0.99, -0.99, -0.99, -0.99, -0.99, -0.99, -0.99, -0.99, -0.98, -0.98,0.97, -0.99, -0.99, -0.99, -0.99, -0.98, -0.98, -0.99,0.96, -0.99, -0.99, -0.98, -0.99, -0.99, -0.99, -0.99, -1.00, -0.99, -0.99, -0.99, -0.99, -0.99, -0.99, -0.99, -0.99, -0.99, -0.99, -0.99, -0.99, -0.99, -0.99, -0.98, -0.98, -0.99,,,,,,,,,,,,,,,,,,,,,,
MLARF-1:VRS,(                ),V,384.2,384.3,385.0,385.2,385.5,385.5,385.6,385.8,385.7,384.8,382.8,382.6,383.0,382.9,383.1,383.5,383.7,384.4,384.5,385.1,385.2,385.1,385.4,385.5,385.4,385.7,385.8,386.0,385.5,385.9,385.2,385.5,385.6,385.8,385.7,384.8,384.6,384.5,384.6,384.1,383.9,383.3,381.9,382.5,381.8,384.3,382.6,384.2,383.3,382.5,384.9,383.6,382.7,384.1,382.6,381.9,382.8,380.6,379.6,380.4,380.0,378.7,378.9,378.2,377.0,375.9,377.2,376.1,376.2,376.2,375.8,377.3,378.5,379.4,378.7,378.8,379.1,379.4,376.6,376.3,375.9,375.2,375.5,376.3,376.0,375.7,376.8,376.7,377.0,376.3,377.6,377.1,377.2,378.2,377.9,378.3,378.3,378.8,379.5,379.5,379.3,379.6,380.5,379.4,379.1,378.4,379.1,379.2,378.4,379.4,379.6,379.4,379.3,379.2,379.8,379.5,379.8,380.2,379.5,379.9,380.8,379.7,,,,,,,,,,,,,,,,,,,,,,
MLARF-1:VST,(                ),V,384.5,384.7,385.2,385.4,385.8,385.8,385.8,386.0,386.0,385.2,383.0,382.8,383.0,382.9,383.2,383.4,383.9,384.6,384.7,385.1,385.4,385.0,385.3,385.5,385.1,385.5,385.6,385.8,385.6,385.9,385.1,385.5,385.4,385.6,385.6,384.8,384.5,384.4,384.4,384.0,383.6,383.3,381.6,382.6,381.8,384.3,382.5,384.2,383.0,382.2,384.4,383.4,382.3,383.7,382.2,381.6,381.9,379.8,378.8,379.6,379.1,377.8,377.7,376.9,375.6,374.9,376.4,375.2,375.4,375.3,375.2,376.8,377.8,378.5,377.8,378.2,378.1,378.6,375.8,375.4,374.8,374.1,374.3,375.3,375.1,374.8,376.0,375.6,376.1,375.5,376.9,376.6,376.3,377.4,376.9,377.5,377.4,378.0,378.8,378.7,378.7,378.9,379.9,378.8,378.6,378.0,378.4,378.6,378.1,378.6,379.0,379.2,378.7,378.6,379.2,379.1,379.0,379.6,378.8,379.5,380.1,379.2,,,,,,,,,,,,,,,,,,,,,,
MLARF-1:VTR,(                ),V,385.2,385.6,386.2,386.4,386.7,386.5,386.5,386.8,386.6,385.7,383.6,383.2,383.6,383.4,383.7,384.0,384.4,385.1,385.2,385.7,385.9,385.6,385.8,386.2,385.7,386.1,386.2,386.4,386.2,386.0,385.5,386.0,386.0,386.4,386.2,385.5,385.1,385.0,385.0,384.7,384.4,383.7,382.6,383.1,382.7,385.1,383.5,384.9,384.3,383.6,385.8,384.7,383.8,384.8,383.5,382.9,383.5,381.4,380.4,380.9,380.6,379.3,379.5,378.8,377.7,376.5,378.2,376.9,377.4,377.2,376.8,378.2,379.5,380.3,379.9,380.1,380.1,380.4,377.7,377.4,376.9,376.1,376.4,377.1,376.9,376.6,377.7,377.3,377.8,377.1,378.5,378.0,378.1,379.1,378.7,379.1,378.9,379.6,380.6,380.3,380.4,380.6,381.6,380.3,380.2,379.5,380.3,380.2,379.5,380.5,381.0,380.9,380.6,380.5,381.1,380.7,381.2,381.4,380.8,381.2,382.0,380.9,,,,,,,,,,,,,,,,,,,,,,
MPARF:HZ,(                ),Hz,59,59,59,59,59,59,60,59,59,59,59,60,60,59,59,59,60,60,59,60,60,59,60,60,59,60,60,60,59,60,59,60,60,59,60,60,60,59,60,59,60,60,59,60,60,60,60,60,59,59,59,60,59,59,60,60,60,60,59,59,59,60,59,60,59,59,59,59,59,59,59,59,59,59,59,59,59,60,59,59,59,60,59,59,59,59,60,59,59,60,59,59,59,59,60,60,60,60,60,59,59,60,60,60,60,59,59,60,59,59,59,60,59,59,60,60,60,60,60,60,60,60,,,,,,,,,,,,,,,,,,,,,,
MPARF:IR,(                ),A,115,108,124,104,101,101,148,103,100,103,101,102,105,103,102,129,107,102,102,100,100,100,101,105,104,104,101,99,100,101,100,99,99,129,102,98,100,99,100,100,129,102,102,102,130,120,112,108,125,166,163,168,188,169,162,163,191,194,193,183,179,193,181,188,214,219,236,242,260,230,215,246,248,235,222,194,255,209,199,266,252,229,224,208,244,253,297,250,241,231,223,226,222,206,203,225,221,210,235,237,234,198,241,231,235,203,291,227,225,275,268,224,208,232,210,219,212,211,254,267,226,222,,,,,,,,,,,,,,,,,,,,,,
MPARF:IS,(                ),A,79,80,93,77,77,77,118,78,77,80,79,79,83,81,78,102,83,79,80,79,79,79,80,84,81,82,80,79,80,80,80,80,80,104,81,80,78,78,76,76,100,79,79,77,99,88,81,76,79,115,114,115,132,115,113,111,140,143,142,127,122,131,130,135,158,165,178,186,205,182,156,195,196,183,173,137,197,143,140,208,196,175,173,168,194,193,244,193,183,172,155,165,166,153,147,177,174,155,184,181,177,136,179,173,175,144,229,170,166,218,206,174,152,169,145,159,144,148,191,205,164,166,,,,,,,,,,,,,,,,,,,,,,
MPARF:IT,(                ),A,142,140,152,136,132,131,171,132,130,131,129,130,132,130,128,153,134,130,130,130,129,130,129,133,133,133,130,127,129,130,128,128,128,154,132,127,129,126,129,128,153,131,131,131,159,144,138,136,138,168,165,168,193,170,167,166,193,200,198,187,179,198,185,191,215,220,233,237,258,228,208,248,250,235,225,196,259,204,196,264,252,227,222,209,245,253,297,250,247,232,219,222,221,202,197,223,223,207,237,241,238,193,236,225,233,197,285,229,228,276,271,223,234,225,206,214,205,208,249,264,224,223,,,,,,,,,,,,,,,,,,,,,,
MPARF:KW,(                ),kW,68.6,63.9,74.5,60.2,58.6,58.4,90.0,59.5,57.8,61.0,59.5,59.7,60.8,60.1,58.3,76.2,61.7,58.7,58.0,55.9,56.0,55.9,57.3,59.4,59.4,59.4,56.6,55.2,56.4,56.3,55.5,54.7,55.0,75.6,56.7,55.1,58.1,56.9,57.2,57.0,76.3,58.0,58.8,58.2,77.2,72.3,65.6,63.9,73.0,95.9,98.4,96.8,109.8,96.5,94.7,94.2,112.8,115.3,113.3,106.1,102.1,110.6,105.1,107.9,124.0,127.0,135.5,138.8,152.4,133.6,120.7,144.2,146.0,137.8,131.0,110.9,151.0,117.4,111.7,154.6,146.1,131.8,129.9,122.5,143.7,145.7,175.9,146.3,141.9,133.3,125.5,128.5,128.4,117.4,114.4,131.0,129.5,120.2,139.1,140.0,138.0,111.3,138.9,132.6,135.4,114.6,169.7,132.8,131.3,162.4,157.2,130.8,132.6,131.6,117.9,124.5,117.7,119.3,145.9,155.5,130.5,129.6,,,,,,,,,,,,,,,,,,,,,,
MPARF:KWH,(                ),,5797071,5797083,5797093,5797104,5797114,5797125,5797136,5797146,5797156,5797166,5797176,5797186,5797197,5797206,5797217,5797227,5797238,5797246,5797255,5797266,5797276,5797285,5797294,5797305,5797314,5797325,5797334,5797344,5797353,5797361,5797372,5797382,5797391,5797400,5797408,5797419,5797429,5797438,5797448,5797457,5797466,5797477,5797487,5797497,5797507,5797517,5797529,5797541,5797552,5797569,5797586,5797603,5797620,5797636,5797654,5797671,5797686,5797706,5797722,5797740,5797759,5797773,5797794,5797814,5797834,5797852,5797873,5797895,5797918,5797942,5797951,5797988,5798008,5798034,5798059,5798081,5798101,5798120,5798144,5798167,5798188,5798209,5798232,5798253,5798275,5798296,5798319,5798341,5798360,5798384,5798404,5798427,5798447,5798467,5798492,5798514,5798538,5798557,5798579,5798600,5798622,5798645,5798664,5798688,5798706,5798732,5798752,5798775,5798798,5798819,5798841,5798861,5798883,5798905,5798926,5798947,5798969,5798992,5799014,5799034,5799053,5799077,,,,,,,,,,,,,,,,,,,,,,
MPARF:PF,(                ),, -0.92, -0.88, -0.91, -0.85, -0.85, -0.85, -0.92, -0.85, -0.84, -0.88, -0.87, -0.87, -0.86, -0.87, -0.86, -0.90, -0.86, -0.85, -0.84, -0.82, -0.82, -0.81, -0.83, -0.83, -0.84, -0.84, -0.82, -0.81, -0.82, -0.81, -0.81, -0.80, -0.80, -0.88, -0.81, -0.81, -0.85, -0.85, -0.84, -0.84, -0.90, -0.84, -0.85, -0.85, -0.90, -0.92, -0.90, -0.90, -0.97,0.97,0.97,0.97,0.97,0.97,0.97,0.97,0.98,0.98,0.97,0.98,0.97,0.97,0.97,0.97,0.97,0.97,0.96,0.96,0.97,0.96,0.96,0.96,0.97,0.97,0.97,0.97,0.98,0.97,0.96,0.97,0.97,0.97,0.97,0.97,0.97,0.97,0.97,0.98,0.98,0.97,0.97,0.97,0.97,0.96,0.96,0.97,0.96,0.96,0.97,0.97,0.97,0.97,0.97,0.97,0.97,0.97,0.97,0.97,0.97,0.97,0.97,0.96,0.97,0.96,0.96,0.96,0.96,0.96,0.96,0.97,0.97,0.97,,,,,,,,,,,,,,,,,,,,,,
MPARF:VRS,(                ),V,383.5,384.1,384.5,384.8,385.2,385.1,385.1,385.5,385.5,384.6,382.4,382.2,382.5,382.4,382.6,382.9,383.2,384.1,384.1,384.8,385.0,384.7,385.0,385.2,384.8,385.3,385.2,385.4,385.3,385.5,384.8,385.0,385.1,385.3,385.4,384.5,384.2,383.9,384.1,383.8,383.3,382.9,381.6,381.9,381.2,384.1,382.2,383.5,382.3,380.9,383.6,382.0,381.2,382.9,381.3,380.6,381.3,379.2,378.1,378.8,378.3,377.1,377.3,376.4,375.3,374.0,375.4,374.9,374.8,374.5,374.7,375.7,377.0,377.7,377.5,377.5,377.5,377.6,375.1,374.3,374.3,373.8,374.0,374.7,374.7,373.9,374.9,375.0,375.2,374.8,376.2,375.6,375.8,376.5,376.3,376.7,376.5,377.2,377.7,377.6,377.9,378.3,379.1,378.0,378.0,377.2,377.6,378.0,377.4,378.1,378.2,378.2,378.1,377.8,378.5,378.2,378.4,378.8,378.1,378.0,379.2,378.5,,,,,,,,,,,,,,,,,,,,,,
MPARF:VST,(                ),V,384.7,385.3,385.6,385.8,386.3,386.2,386.2,386.5,386.6,385.7,383.3,383.2,383.4,383.3,383.4,383.9,384.3,385.0,385.1,385.7,386.1,385.6,385.8,386.0,385.7,386.0,386.0,386.2,386.3,386.4,385.6,386.0,385.9,386.2,386.3,385.3,385.1,384.8,384.9,384.7,383.9,383.9,382.3,383.0,382.1,384.9,383.1,384.5,382.9,381.7,384.1,382.8,381.7,383.4,381.8,381.1,381.3,379.4,378.3,379.1,378.5,377.3,377.4,376.4,375.2,374.2,375.8,374.9,375.0,374.7,375.0,376.1,377.3,377.8,377.5,377.7,377.7,378.0,375.2,374.6,374.3,373.9,374.0,374.9,374.7,374.0,374.8,375.2,375.5,375.1,376.5,376.0,375.9,376.7,376.3,376.9,376.7,377.4,378.1,377.8,378.2,378.7,379.3,378.3,378.3,377.7,377.9,378.1,377.8,378.0,378.3,378.5,378.0,377.9,378.6,378.4,378.5,378.9,378.2,378.5,379.4,378.8,,,,,,,,,,,,,,,,,,,,,,
MPARF:VTR,(                ),V,384.1,384.8,385.2,385.5,386.0,385.7,385.8,386.1,386.1,385.2,382.8,382.6,382.9,382.8,383.0,383.2,383.7,384.5,384.6,385.2,385.6,385.1,385.4,385.6,385.2,385.5,385.5,385.7,385.8,385.7,385.0,385.4,385.4,385.6,385.7,384.9,384.5,384.3,384.3,384.2,383.7,383.2,382.1,382.4,381.8,384.6,382.8,384.0,382.9,381.8,384.0,382.7,381.9,383.2,381.8,381.1,381.8,379.8,378.5,379.1,378.7,377.6,377.7,376.9,375.8,374.5,376.2,375.3,375.3,375.2,375.3,376.2,377.4,378.2,378.1,378.1,378.0,378.1,375.7,374.9,374.7,374.3,374.6,375.0,375.0,374.2,375.1,375.2,375.6,374.9,376.7,376.0,376.1,377.0,376.7,377.2,376.7,377.5,378.2,378.0,378.4,378.7,379.4,378.3,378.3,377.7,378.1,378.1,377.7,378.3,378.6,378.7,378.2,378.1,378.7,378.5,379.0,379.2,378.5,378.4,379.6,378.9,,,,,,,,,,,,,,,,,,,,,,
MGCBB.KWH,(度數            ),,135.613,135.613,135.613,135.613,135.613,135.613,135.613,135.614,135.614,135.614,135.614,135.614,135.614,135.614,135.614,135.614,135.615,135.615,135.615,135.615,135.615,135.615,135.615,135.615,135.615,135.615,135.616,135.616,135.616,135.616,135.616,135.616,135.616,135.616,135.616,135.616,135.617,135.617,135.617,135.617,135.617,135.617,135.617,135.617,135.617,135.617,135.618,135.618,135.618,135.618,135.618,135.618,135.619,135.619,135.619,135.619,135.620,135.620,135.620,135.621,135.621,135.621,135.622,135.622,135.623,135.623,135.624,135.624,135.625,135.626,135.626,135.627,135.627,135.628,135.628,135.629,135.630,135.630,135.631,135.631,135.632,135.633,135.633,135.634,135.634,135.635,135.635,135.636,135.637,135.637,135.638,135.638,135.639,135.639,135.640,135.640,135.641,135.642,135.642,135.643,135.643,135.644,135.644,135.645,135.645,135.646,135.647,135.647,135.648,135.648,135.649,135.650,135.650,135.651,135.652,135.652,135.653,135.653,135.654,135.654,135.655,135.656,,,,,,,,,,,,,,,,,,,,,,
MGCBB:F,(                ),Hz,60,60,60,60,60,60,60,60,60,60,60,60,60,60,60,60,60,60,60,60,60,60,60,60,60,60,60,60,60,60,60,60,60,60,60,60,60,60,60,60,60,60,60,60,60,60,60,60,60,60,60,60,60,60,60,60,60,60,60,60,60,60,60,60,60,60,60,60,60,60,60,60,60,60,60,60,60,60,60,60,60,60,60,60,60,60,60,60,60,60,60,60,60,60,60,60,60,60,60,60,60,60,60,60,60,60,60,60,60,60,60,60,60,60,60,60,60,60,60,60,60,60,,,,,,,,,,,,,,,,,,,,,,
MGCBB:I1,(                ),A,19.3,19.5,20.7,16.6,16.7,16.9,15.7,17.1,17.7,18.4,17.0,16.1,15.5,15.4,15.6,14.7,15.2,14.4,14.3,14.8,15.6,17.7,14.7,15.3,14.9,15.9,16.3,16.3,14.8,13.9,14.0,13.8,14.4,14.3,14.6,14.4,13.9,13.9,14.8,13.3,13.7,18.8,16.6,17.4,18.8,21.3,21.8,22.3,21.6,26.7,30.4,33.9,34.2,35.0,38.7,40.6,43.9,54.8,58.7,57.4,62.4,63.7,64.4,68.2,69.2,79.0,82.6,85.6,83.7,88.1,86.1,90.3,87.1,90.1,89.8,90.5,88.0,91.8,89.8,94.9,95.5,90.6,93.3,91.0,89.8,90.6,88.2,89.8,90.2,87.5,84.1,84.4,81.1,84.1,83.6,83.0,85.8,85.6,82.5,86.0,83.3,82.7,89.0,86.4,91.4,89.8,92.7,89.3,95.1,95.3,95.3,95.8,93.1,96.7,96.8,91.6,88.2,86.3,87.4,91.7,91.4,88.5,,,,,,,,,,,,,,,,,,,,,,
MGCBB:I2,(                ),A,18.9,20.0,21.0,16.7,16.4,17.0,16.3,16.8,18.3,19.5,17.3,16.1,15.6,16.1,15.6,15.2,15.7,14.3,14.3,15.0,15.7,18.2,14.9,15.7,15.0,15.4,15.8,16.2,14.5,13.8,14.7,13.6,14.2,13.9,14.1,14.7,14.2,13.6,14.1,12.8,13.3,18.8,17.1,17.6,18.5,21.6,22.1,22.3,21.2,27.5,30.3,34.0,34.7,35.5,39.3,39.9,42.9,54.9,59.9,57.7,62.1,63.2,63.8,66.8,68.0,78.2,82.0,83.8,81.7,88.0,85.4,89.5,86.6,89.4,88.4,90.3,86.5,91.0,89.0,93.1,94.5,89.4,91.9,89.7,88.4,88.8,87.1,88.0,88.1,85.5,82.9,83.1,79.5,82.7,81.8,80.7,84.1,83.8,80.6,84.4,82.1,81.7,89.1,85.2,90.3,88.8,91.4,88.2,94.4,94.1,96.1,95.4,92.1,94.6,96.1,90.3,86.5,85.9,87.8,90.3,90.6,87.6,,,,,,,,,,,,,,,,,,,,,,
MGCBB:I3,(                ),A,19.9,20.6,21.6,17.5,17.7,17.9,16.8,18.0,18.6,19.9,18.3,17.0,16.7,17.2,16.9,16.0,16.5,15.5,15.9,15.8,16.9,18.5,16.2,16.4,16.0,16.1,16.9,17.1,15.4,14.5,15.0,14.3,14.8,14.9,14.7,15.5,14.9,14.1,15.3,14.2,14.3,19.3,17.6,18.3,20.0,22.8,23.5,23.5,22.7,28.0,30.8,35.5,35.2,35.7,40.7,41.4,44.1,56.0,59.4,57.7,64.4,65.7,65.0,68.7,70.3,80.6,84.6,86.3,83.9,89.7,87.7,90.8,87.3,90.5,90.2,91.4,88.0,92.1,90.4,95.3,95.9,92.2,94.0,91.6,90.4,90.5,88.8,89.8,90.0,86.7,84.1,85.4,81.3,85.1,84.2,83.7,86.1,85.8,82.7,85.2,83.7,83.3,91.1,87.4,92.0,90.4,93.8,90.6,95.6,96.7,97.2,97.1,94.8,98.2,97.3,92.7,89.2,88.0,89.7,92.0,92.0,88.4,,,,,,,,,,,,,,,,,,,,,,
MGCBB:KW,(                ),kW,769.6,798.2,844.3,669.5,663.7,677.0,639.9,683.1,724.3,767.9,690.4,637.3,616.2,629.6,613.4,595.0,612.1,573.5,578.0,592.2,619.5,721.2,589.5,614.4,594.4,599.3,621.8,629.6,562.7,532.4,555.6,524.1,547.3,542.9,546.3,559.3,541.3,524.3,548.7,505.2,519.5,747.4,668.6,695.8,750.8,877.4,888.0,889.1,874.1,1074.8,1188.4,1326.4,1333.7,1385.4,1539.6,1573.4,1691.3,2147.0,2289.0,2221.0,2443.8,2489.8,2499.0,2628.4,2674.9,3067.2,3252.5,3318.6,3223.1,3440.1,3352.8,3526.5,3402.0,3530.7,3501.7,3543.4,3424.8,3602.3,3491.8,3683.9,3714.7,3528.5,3609.8,3533.3,3494.5,3502.3,3423.1,3467.1,3495.1,3372.9,3264.2,3281.7,3144.9,3283.5,3258.5,3228.6,3332.7,3335.4,3192.9,3339.3,3247.7,3239.7,3532.8,3384.4,3589.1,3513.8,3625.4,3514.4,3735.7,3760.2,3785.2,3781.9,3670.6,3797.2,3807.6,3600.0,3460.1,3400.9,3467.6,3597.2,3607.3,3465.7,,,,,,,,,,,,,,,,,,,,,,
MGCBB:PF,(                ),,0.97,0.97,0.97,0.96,0.95,0.95,0.95,0.96,0.96,0.96,0.96,0.95,0.95,0.95,0.94,0.95,0.95,0.95,0.95,0.95,0.94,0.97,0.94,0.94,0.95,0.92,0.93,0.93,0.92,0.91,0.92,0.92,0.92,0.92,0.92,0.92,0.92,0.92,0.91,0.92,0.92,0.96,0.96,0.96,0.96,0.97,0.97,0.97,0.97,0.96,0.95,0.94,0.95,0.95,0.95,0.95,0.95,0.96,0.95,0.95,0.96,0.96,0.96,0.96,0.96,0.97,0.97,0.97,0.96,0.97,0.97,0.97,0.97,0.97,0.97,0.97,0.97,0.97,0.97,0.97,0.97,0.97,0.97,0.97,0.97,0.97,0.97,0.97,0.97,0.97,0.97,0.96,0.97,0.97,0.97,0.97,0.97,0.97,0.97,0.97,0.97,0.96,0.97,0.97,0.97,0.97,0.97,0.97,0.97,0.97,0.97,0.97,0.97,0.97,0.97,0.97,0.97,0.97,0.97,0.97,0.97,0.97,,,,,,,,,,,,,,,,,,,,,,
MGCBB:V12,(                ),kV,23.7,23.7,23.7,23.7,23.7,23.8,23.8,23.8,23.8,23.7,23.6,23.6,23.6,23.6,23.6,23.6,23.6,23.7,23.7,23.7,23.7,23.7,23.7,23.7,23.7,23.7,23.7,23.8,23.8,23.8,23.7,23.7,23.7,23.8,23.8,23.7,23.7,23.7,23.7,23.7,23.6,23.6,23.5,23.6,23.5,23.7,23.6,23.7,23.6,23.6,23.7,23.6,23.6,23.7,23.6,23.5,23.6,23.4,23.4,23.4,23.4,23.3,23.3,23.2,23.2,23.1,23.2,23.2,23.2,23.2,23.2,23.2,23.3,23.3,23.3,23.3,23.3,23.3,23.2,23.2,23.1,23.1,23.1,23.2,23.2,23.1,23.2,23.1,23.2,23.2,23.2,23.2,23.2,23.3,23.2,23.3,23.3,23.3,23.4,23.3,23.4,23.4,23.4,23.4,23.4,23.3,23.3,23.3,23.3,23.4,23.4,23.4,23.3,23.3,23.4,23.4,23.4,23.4,23.4,23.4,23.4,23.4,,,,,,,,,,,,,,,,,,,,,,
MGCBB:V23,(                ),kV,23.7,23.7,23.8,23.8,23.8,23.8,23.8,23.8,23.8,23.7,23.6,23.6,23.6,23.6,23.6,23.7,23.7,23.7,23.7,23.8,23.8,23.8,23.8,23.8,23.7,23.8,23.8,23.8,23.8,23.8,23.8,23.8,23.8,23.8,23.8,23.7,23.7,23.7,23.7,23.7,23.7,23.6,23.6,23.6,23.6,23.7,23.6,23.7,23.7,23.6,23.8,23.7,23.7,23.7,23.6,23.6,23.6,23.5,23.4,23.5,23.4,23.4,23.4,23.3,23.3,23.2,23.3,23.2,23.3,23.2,23.3,23.3,23.4,23.4,23.4,23.4,23.4,23.4,23.3,23.2,23.2,23.2,23.2,23.2,23.2,23.2,23.2,23.2,23.3,23.3,23.3,23.3,23.3,23.3,23.3,23.4,23.3,23.4,23.4,23.4,23.4,23.5,23.5,23.4,23.5,23.4,23.4,23.4,23.4,23.5,23.5,23.5,23.4,23.4,23.5,23.4,23.5,23.5,23.5,23.5,23.5,23.5,,,,,,,,,,,,,,,,,,,,,,
MGCBB:V31,(                ),kV,23.7,23.7,23.7,23.7,23.7,23.7,23.7,23.7,23.8,23.7,23.6,23.6,23.6,23.6,23.6,23.6,23.6,23.7,23.7,23.7,23.7,23.7,23.7,23.7,23.7,23.7,23.7,23.7,23.8,23.8,23.7,23.7,23.7,23.8,23.8,23.7,23.7,23.7,23.7,23.7,23.6,23.6,23.5,23.6,23.5,23.7,23.6,23.7,23.6,23.5,23.7,23.6,23.6,23.6,23.6,23.5,23.5,23.4,23.4,23.4,23.4,23.3,23.3,23.2,23.2,23.1,23.2,23.2,23.2,23.1,23.2,23.2,23.3,23.3,23.3,23.3,23.3,23.3,23.2,23.1,23.1,23.1,23.1,23.1,23.2,23.1,23.2,23.1,23.2,23.2,23.3,23.2,23.2,23.3,23.2,23.3,23.3,23.3,23.3,23.3,23.4,23.4,23.4,23.4,23.4,23.3,23.3,23.4,23.3,23.4,23.4,23.4,23.3,23.3,23.4,23.4,23.4,23.4,23.4,23.4,23.4,23.4,,,,,,,,,,,,,,,,,,,,,,
MLB1-1:HZ,(                ),Hz,59,59,59,59,59,59,59,59,59,59,59,60,60,59,59,59,60,60,60,60,60,59,60,60,59,60,60,60,59,60,59,59,60,59,60,59,60,59,60,59,60,60,59,60,60,60,60,59,59,59,59,60,59,59,60,60,60,60,59,59,59,60,59,60,59,59,60,59,59,59,59,59,59,59,60,59,59,60,59,59,59,60,60,59,59,59,60,59,59,59,59,59,59,59,60,60,60,60,60,59,59,60,60,60,60,59,60,60,59,59,59,60,59,60,60,60,60,59,60,60,60,60,,,,,,,,,,,,,,,,,,,,,,
MLB1-1:IR,(                ),A,652,687,704,488,481,546,466,525,560,603,543,480,475,464,453,439,483,459,410,450,492,626,437,492,445,487,486,485,425,364,366,363,362,387,379,375,389,372,388,363,369,641,556,568,684,794,843,791,741,721,628,764,733,642,830,844,860,1333,1322,1401,1452,1487,1345,1290,1225,1370,1529,1569,1436,1569,1547,1695,1591,1614,1615,1649,1646,1685,1585,1788,1803,1641,1614,1619,1653,1554,1561,1677,1606,1545,1526,1445,1408,1535,1573,1507,1663,1633,1559,1729,1522,1495,1684,1587,1775,1744,1736,1673,1649,1808,1736,1781,1698,1943,1842,1682,1625,1592,1680,1883,1789,1737,,,,,,,,,,,,,,,,,,,,,,
MLB1-1:IS,(                ),A,561,689,672,414,391,471,417,438,536,599,478,434,432,409,389,394,405,380,339,415,439,584,392,429,387,431,436,459,391,337,354,339,326,316,329,323,354,342,313,278,317,630,516,527,618,732,780,746,673,725,603,724,670,636,815,785,804,1363,1359,1389,1377,1374,1265,1157,1093,1353,1437,1537,1486,1538,1499,1620,1579,1615,1616,1578,1622,1606,1544,1665,1743,1530,1561,1603,1568,1603,1505,1604,1575,1490,1445,1373,1344,1540,1489,1462,1635,1577,1477,1608,1513,1526,1665,1557,1758,1631,1649,1554,1568,1665,1690,1692,1603,1831,1761,1602,1476,1493,1550,1849,1757,1721,,,,,,,,,,,,,,,,,,,,,,
MLB1-1:IT,(                ),A,508,648,633,411,396,476,427,430,529,592,467,421,436,441,399,394,420,393,373,402,427,566,396,440,425,413,405,454,369,347,360,330,333,326,308,359,355,324,326,292,322,626,508,524,626,737,783,729,668,684,580,712,669,651,776,766,777,1314,1340,1326,1362,1382,1283,1163,1135,1379,1503,1510,1431,1597,1537,1623,1543,1563,1577,1537,1547,1688,1577,1733,1795,1605,1545,1603,1569,1485,1478,1487,1489,1502,1473,1422,1383,1549,1462,1479,1604,1522,1395,1548,1425,1477,1655,1511,1696,1627,1618,1578,1527,1677,1750,1730,1693,1873,1760,1634,1512,1552,1598,1800,1730,1626,,,,,,,,,,,,,,,,,,,,,,
MLB1-1:KW,(                ),kW,366.2,437.9,434.6,276.6,265.1,313.9,274.1,293.9,350.5,389.3,314.7,276.0,278.2,271.4,249.0,250.1,266.9,252.6,230.6,261.0,280.2,382.4,249.3,279.4,257.0,274.3,274.4,289.1,241.2,214.3,225.0,210.3,208.3,208.0,207.5,211.8,224.3,213.0,205.1,188.3,205.5,413.1,339.6,348.1,418.0,497.1,524.0,495.6,454.2,460.3,386.2,456.5,424.1,411.6,517.6,504.8,514.4,851.7,838.8,859.8,874.7,883.1,803.3,742.6,709.9,854.0,938.4,957.4,891.9,975.9,946.1,1027.5,982.9,999.5,1002.7,988.4,1002.9,1039.8,972.2,1081.4,1112.6,987.7,975.8,1001.7,992.3,959.9,938.3,996.8,967.9,956.9,916.9,866.1,859.3,971.7,948.5,936.1,1023.3,988.8,919.4,1022.1,927.9,935.9,1053.9,972.6,1100.4,1046.5,1049.2,1007.4,991.3,1083.3,1092.3,1094.5,1048.2,1194.3,1130.9,1032.6,963.1,967.9,1009.5,1170.8,1115.2,1071.1,,,,,,,,,,,,,,,,,,,,,,
MLB1-1:KWH,(                ),,32703912,32703974,32704042,32704118,32704160,32704212,32704262,32704312,32704362,32704432,32704484,32704536,32704582,32704624,32704666,32704712,32704754,32704796,32704830,32704882,32704926,32704982,32705046,32705088,32705134,32705178,32705222,32705268,32705314,32705348,32705392,32705430,32705464,32705500,32705526,32705572,32705602,32705642,32705674,32705708,32705742,32705804,32705878,32705930,32705996,32706062,32706160,32706248,32706318,32706396,32706466,32706534,32706610,32706676,32706766,32706854,32706930,32707042,32707172,32707316,32707454,32707580,32707738,32707870,32707994,32708118,32708258,32708420,32708582,32708736,32708800,32709072,32709218,32709412,32709572,32709734,32709900,32710050,32710242,32710416,32710580,32710758,32710884,32711084,32711252,32711408,32711572,32711738,32711886,32712052,32712210,32712362,32712494,32712624,32712810,32712964,32713130,32713290,32713448,32713602,32713772,32713934,32714090,32714266,32714406,32714608,32714776,32714956,32715130,32715308,32715480,32715654,32715846,32716014,32716212,32716386,32716562,32716732,32716886,32717064,32717232,32717432,,,,,,,,,,,,,,,,,,,,,,
MLB1-1:PF,(                ),,0.96,0.98,0.98,0.95,0.94,0.95,0.94,0.95,0.97,0.98,0.96,0.94,0.94,0.94,0.93,0.92,0.92,0.93,0.93,0.93,0.93,0.97,0.92,0.92,0.92,0.93,0.93,0.93,0.92,0.92,0.94,0.92,0.92,0.91,0.92,0.90,0.92,0.93,0.90,0.91,0.92,0.99,0.98,0.98,0.99,0.99,0.99,0.99,0.99,0.98,0.97,0.94,0.93,0.97,0.97,0.96,0.96,0.98,0.96,0.96,0.96,0.96,0.95,0.95,0.95,0.97,0.97,0.97,0.95,0.97,0.96,0.97,0.96,0.96,0.96,0.96,0.96,0.97,0.96,0.97,0.97,0.97,0.96,0.97,0.97,0.96,0.96,0.97,0.96,0.96,0.96,0.95,0.96,0.97,0.97,0.97,0.97,0.97,0.96,0.97,0.96,0.96,0.97,0.96,0.97,0.97,0.97,0.97,0.97,0.97,0.97,0.97,0.97,0.98,0.97,0.97,0.96,0.96,0.96,0.98,0.97,0.97,,,,,,,,,,,,,,,,,,,,,,
MLB1-1:VRS,(                ),V,382.6,383.3,383.5,383.9,384.1,384.2,384.3,384.1,384.8,383.7,381.4,381.4,381.5,381.6,381.5,382.1,382.2,383.0,383.4,383.8,383.4,383.3,383.8,383.9,383.9,383.5,383.9,384.1,384.3,384.7,384.7,384.1,384.4,384.4,384.5,383.8,383.6,383.2,383.2,383.3,382.3,382.1,380.8,381.0,380.2,383.2,381.0,382.7,381.4,380.6,383.0,380.8,380.3,382.1,380.4,379.2,379.3,376.4,375.0,375.4,374.4,373.3,373.3,372.7,372.0,371.2,372.4,371.2,371.2,371.3,370.9,372.0,373.6,373.9,373.4,373.3,373.3,373.6,370.7,370.4,370.2,369.8,370.0,370.8,370.6,370.5,371.2,370.6,371.4,371.7,372.1,371.9,372.5,373.1,372.5,373.8,373.0,373.6,374.1,373.8,374.5,375.0,375.6,374.5,374.2,373.3,373.8,374.0,373.7,374.0,374.4,374.0,374.2,373.6,374.3,374.4,374.2,374.9,374.3,374.6,374.9,374.8,,,,,,,,,,,,,,,,,,,,,,
MLB1-1:VST,(                ),V,383.1,383.7,384.1,384.5,384.8,384.8,384.8,384.9,385.3,384.1,381.7,381.6,382.0,382.1,382.0,382.3,382.7,383.5,383.9,384.1,383.9,383.8,384.2,384.5,384.2,384.0,384.3,384.5,384.6,384.8,384.7,384.3,384.6,384.9,384.7,384.2,383.8,383.4,383.7,383.5,383.1,382.3,381.4,381.4,381.0,384.0,381.8,383.4,382.5,381.5,383.9,381.7,381.6,382.8,381.4,380.7,380.8,377.8,376.2,376.6,375.9,374.8,375.1,374.6,373.9,372.6,374.1,372.6,372.4,372.9,372.5,373.6,375.0,375.3,375.0,374.9,374.8,375.2,372.2,372.3,372.1,371.9,371.7,372.2,372.0,371.6,372.6,371.9,372.8,372.9,373.5,373.2,374.1,374.6,374.2,375.4,374.0,374.8,375.4,375.2,375.5,375.8,376.8,375.4,375.4,374.8,375.2,375.7,374.9,375.8,376.2,375.6,376.0,375.3,375.8,375.9,376.2,376.5,376.1,375.8,376.4,375.8,,,,,,,,,,,,,,,,,,,,,,
MLB1-1:VTR,(                ),V,383.3,383.4,384.0,384.4,384.6,384.6,384.6,384.8,385.1,383.9,381.8,381.7,381.8,381.8,381.9,382.3,382.6,383.3,383.4,384.1,383.8,383.9,384.0,384.3,384.1,384.2,384.5,384.6,384.4,384.8,384.7,384.3,384.6,384.8,384.8,383.9,383.6,383.4,383.5,383.4,382.9,382.4,381.3,381.3,380.7,383.8,381.4,383.1,382.3,381.0,383.4,381.4,381.1,382.7,381.1,380.3,380.7,377.5,375.7,376.6,375.7,374.6,374.8,374.5,373.6,372.1,373.4,372.5,372.2,372.1,371.9,373.2,374.7,375.1,374.7,374.7,374.7,374.6,371.7,371.5,371.4,371.3,371.6,371.9,372.0,371.9,372.6,372.4,372.8,373.2,373.3,373.0,373.8,374.2,374.2,375.0,374.0,375.0,375.5,375.4,375.6,375.7,376.5,375.6,375.4,374.6,375.3,375.6,375.0,375.6,375.7,375.1,375.3,375.0,375.7,375.6,375.8,376.2,375.9,375.9,376.2,376.0,,,,,,,,,,,,,,,,,,,,,,
MLB2-1:HZ,(                ),Hz,59,59,59,59,59,59,59,59,59,59,59,60,60,59,59,59,60,60,60,60,60,59,60,60,59,60,60,60,59,60,59,60,60,60,60,59,60,59,60,59,60,60,59,60,60,60,60,59,59,59,59,60,59,59,60,60,60,60,59,59,59,60,59,60,59,59,59,59,59,59,59,59,59,59,60,59,59,60,59,59,59,60,59,59,59,59,60,59,59,59,59,59,59,59,60,60,60,60,60,59,59,60,60,60,60,59,60,60,59,59,59,60,59,60,60,60,60,59,60,60,60,60,,,,,,,,,,,,,,,,,,,,,,
MLB2-1:IR,(                ),A,92,93,95,96,98,105,90,127,93,98,90,94,92,87,94,95,93,89,93,86,88,85,90,84,89,104,112,107,109,100,105,108,111,106,107,106,102,107,110,109,99,106,99,109,107,100,117,116,119,237,298,303,304,300,349,362,357,407,458,432,508,532,503,689,766,1004,1042,1048,1021,1032,1065,1172,1144,1150,1123,1218,1065,1163,1125,1313,1309,1239,1288,1192,1222,1232,1166,1234,1240,1109,1056,1134,1017,1127,1120,1058,1115,1138,988,1021,1038,973,1106,1053,1069,1106,1173,1139,1334,1270,1218,1214,1300,1231,1152,1182,1110,1089,1069,996,1044,1070,,,,,,,,,,,,,,,,,,,,,,
MLB2-1:IS,(                ),A,76,75,78,76,80,83,74,80,75,76,76,73,77,71,84,75,79,73,76,71,68,78,73,73,78,75,70,71,69,76,65,80,80,72,78,70,71,74,80,64,69,67,61,68,75,66,81,85,73,204,265,264,271,265,313,322,312,363,419,386,418,468,493,643,726,927,939,969,925,995,1003,1119,1141,1117,1055,1183,1013,1144,1100,1252,1171,1083,1128,1062,1097,1087,1058,1111,1120,992,1011,1076,936,1037,1027,969,1032,1071,971,985,964,934,1052,971,1015,1059,1084,1087,1275,1153,1135,1101,1164,1103,1053,1061,1015,968,986,903,903,952,,,,,,,,,,,,,,,,,,,,,,
MLB2-1:IT,(                ),A,102,99,125,109,120,117,112,119,118,119,114,114,117,121,117,118,117,115,137,114,107,118,105,101,101,99,98,91,88,84,93,97,96,94,94,98,96,93,99,95,98,92,98,98,95,93,104,104,94,228,293,279,290,281,337,348,336,392,460,421,452,472,510,644,729,962,976,989,953,1017,1045,1103,1092,1065,1041,1155,974,1090,1067,1196,1191,1127,1179,1092,1136,1152,1102,1158,1175,1013,993,1080,935,1025,1028,971,1022,1069,967,981,972,960,1114,1007,1037,1122,1136,1145,1301,1248,1212,1189,1192,1139,1113,1096,1061,1015,1057,937,950,986,,,,,,,,,,,,,,,,,,,,,,
MLB2-1:KW,(                ),kW,54.9,55.0,63.1,58.8,62.6,64.5,57.8,69.3,61.0,62.7,58.1,58.1,58.4,56.7,60.9,59.1,59.1,56.6,63.4,55.5,53.0,57.4,53.9,51.6,55.3,53.8,55.1,50.9,51.6,50.3,49.8,54.3,55.2,51.7,53.3,51.5,51.2,52.6,55.0,51.4,51.7,50.5,48.9,52.8,52.7,49.3,55.2,55.4,51.0,126.8,169.5,164.8,169.5,165.1,194.6,202.1,196.4,225.3,266.2,243.1,271.9,291.3,303.6,398.8,447.9,586.5,608.4,617.5,595.6,625.9,641.7,706.4,705.6,695.6,672.9,744.1,632.0,710.5,681.3,784.8,766.7,714.7,747.6,693.0,717.4,719.8,691.0,727.5,735.4,643.9,631.3,682.4,596.1,659.8,656.9,618.6,656.6,682.1,607.2,617.3,614.9,591.8,683.4,627.1,650.3,684.3,708.1,704.6,823.6,772.5,750.8,735.1,768.1,726.6,693.0,697.1,665.7,636.6,646.9,585.8,598.7,623.0,,,,,,,,,,,,,,,,,,,,,,
MLB2-1:KWH,(                ),,16496287,16496297,16496306,16496318,16496327,16496337,16496348,16496359,16496368,16496379,16496388,16496399,16496408,16496416,16496426,16496437,16496447,16496455,16496464,16496475,16496485,16496493,16496503,16496512,16496521,16496531,16496538,16496547,16496555,16496563,16496574,16496582,16496590,16496599,16496606,16496618,16496625,16496634,16496642,16496652,16496660,16496668,16496677,16496686,16496695,16496703,16496712,16496721,16496729,16496750,16496774,16496801,16496831,16496856,16496887,16496921,16496951,16496989,16497030,16497075,16497114,16497156,16497213,16497273,16497345,16497430,16497530,16497630,16497733,16497838,16497879,16498048,16498152,16498283,16498389,16498505,16498621,16498717,16498850,16498973,16499093,16499217,16499345,16499468,16499592,16499702,16499823,16499942,16500047,16500162,16500275,16500387,16500483,16500576,16500700,16500811,16500924,16501026,16501133,16501230,16501335,16501440,16501535,16501644,16501738,16501861,16501968,16502089,16502223,16502358,16502483,16502599,16502724,16502837,16502958,16503071,16503188,16503297,16503396,16503500,16503591,16503711,,,,,,,,,,,,,,,,,,,,,,
MLB2-1:PF,(                ),, -0.93, -0.93, -0.95, -0.94, -0.94, -0.95, -0.94, -0.96, -0.95, -0.95, -0.94, -0.93, -0.92, -0.92, -0.93, -0.93, -0.92, -0.92, -0.93, -0.92, -0.91, -0.92, -0.90, -0.90, -0.93,0.87,0.88,0.85,0.87,0.87,0.85,0.86,0.86,0.85,0.86,0.85,0.86,0.87,0.86,0.86,0.87,0.86,0.86,0.87,0.86,0.86,0.83,0.82,0.81,0.86,0.88,0.88,0.89,0.88,0.88,0.89,0.89,0.88,0.91,0.90,0.90,0.91,0.93,0.93,0.93,0.94,0.95,0.95,0.95,0.95,0.96,0.96,0.96,0.96,0.96,0.96,0.95,0.96,0.96,0.97,0.97,0.96,0.97,0.96,0.96,0.96,0.96,0.97,0.96,0.96,0.95,0.96,0.95,0.96,0.96,0.95,0.96,0.96,0.96,0.95,0.95,0.95,0.96,0.95,0.96,0.96,0.96,0.96,0.97,0.97,0.97,0.97,0.97,0.96,0.96,0.96,0.96,0.95,0.96,0.95,0.95,0.95,,,,,,,,,,,,,,,,,,,,,,
MLB2-1:VRS,(                ),V,384.7,385.1,385.4,385.5,385.7,385.9,386.0,385.9,386.5,385.4,383.3,383.2,383.2,383.3,383.3,383.7,384.2,384.8,384.8,385.3,385.3,385.3,385.4,385.8,385.6,384.9,385.2,385.5,385.4,385.5,385.4,385.2,385.1,385.6,385.5,384.8,384.5,384.0,384.2,384.2,383.3,383.2,381.8,382.1,381.4,384.5,382.4,384.0,382.6,381.8,383.7,382.4,382.2,383.0,381.4,380.8,381.1,378.8,377.6,378.4,377.1,376.0,376.0,374.5,373.4,371.6,373.3,372.4,372.5,372.5,372.3,373.4,374.9,375.2,374.9,374.7,374.8,375.3,372.1,371.7,371.6,371.1,371.0,371.9,371.7,371.3,372.4,371.8,372.5,372.9,373.6,373.2,373.6,373.8,373.3,374.6,374.2,374.8,375.7,375.5,375.7,376.3,376.9,375.6,375.8,375.0,375.1,375.4,374.8,375.3,375.6,375.3,375.3,375.1,375.7,375.5,375.5,376.3,375.9,376.3,376.3,376.1,,,,,,,,,,,,,,,,,,,,,,
MLB2-1:VST,(                ),V,385.1,385.5,385.9,386.1,386.2,386.4,386.4,386.4,386.9,385.7,383.5,383.4,383.6,383.6,383.6,384.0,384.4,385.1,385.2,385.7,385.7,385.6,385.8,386.1,385.9,385.1,385.5,385.8,385.6,385.6,385.6,385.3,385.4,386.0,385.6,385.2,384.6,384.3,384.5,384.5,383.8,383.2,382.4,382.4,382.0,385.1,383.0,384.4,383.5,382.6,384.6,383.3,383.1,383.7,382.4,381.8,382.3,380.1,378.9,379.4,378.4,377.1,377.4,376.1,375.0,373.1,375.0,374.1,374.3,374.1,373.9,374.8,376.2,376.7,376.7,376.3,376.4,376.4,373.5,373.3,373.5,373.1,373.0,373.6,373.4,373.1,374.0,373.5,374.3,374.6,374.7,374.5,375.1,375.3,375.0,376.1,375.4,376.1,376.9,376.8,377.1,377.4,378.4,376.9,377.1,376.3,376.7,376.9,376.0,377.2,377.4,377.0,377.1,376.9,377.4,377.2,377.5,378.0,377.7,377.6,378.1,377.6,,,,,,,,,,,,,,,,,,,,,,
MLB2-1:VTR,(                ),V,384.7,384.9,385.3,385.6,385.6,385.9,385.9,386.0,386.4,385.3,383.2,383.2,383.2,383.2,383.3,383.8,384.1,384.7,384.6,385.4,385.3,385.4,385.6,385.8,385.8,385.1,385.5,385.7,385.4,385.7,385.6,385.2,385.4,385.9,385.6,385.0,384.4,384.1,384.4,384.3,383.7,383.3,382.1,382.1,381.6,384.8,382.6,384.0,383.1,382.0,383.9,382.9,382.5,383.4,381.9,381.2,381.9,379.5,378.5,379.3,378.3,377.0,377.0,375.9,374.7,372.8,374.4,373.8,373.8,373.4,373.3,374.6,376.1,376.6,376.3,376.0,376.2,376.4,373.3,373.1,373.3,372.7,372.7,373.4,373.2,372.9,373.8,373.2,373.9,374.7,374.8,374.4,375.0,375.2,374.8,375.9,375.5,376.0,376.7,376.7,376.9,377.1,377.9,376.7,376.9,375.7,376.3,376.5,375.7,376.7,377.0,376.4,376.9,376.6,377.1,376.9,377.1,377.7,377.3,377.6,377.9,377.3,,,,,,,,,,,,,,,,,,,,,,
MLB3-1:HZ,(                ),Hz,59,59,59,59,59,59,59,59,59,59,59,60,60,59,59,59,60,60,60,60,60,59,60,60,59,60,60,60,59,59,59,59,60,60,60,59,60,59,60,59,60,60,59,60,60,60,60,59,59,59,59,60,59,59,60,60,60,60,59,59,59,60,59,60,59,59,59,59,59,59,59,59,59,59,60,59,59,60,59,59,59,60,59,59,59,59,60,59,59,59,59,59,59,59,60,60,60,60,60,59,59,60,60,60,60,59,60,60,59,59,59,60,59,60,60,60,60,59,60,60,60,60,,,,,,,,,,,,,,,,,,,,,,
MLB3-1:IR,(                ),A,287,285,289,296,290,253,229,242,252,224,263,243,244,268,285,236,253,230,266,247,254,233,265,231,235,232,261,267,254,245,222,228,259,259,239,242,235,229,262,240,259,247,230,262,277,316,271,286,322,341,398,454,434,532,537,603,736,849,956,953,1171,1151,1260,1307,1320,1410,1398,1443,1425,1529,1472,1409,1397,1444,1517,1522,1458,1546,1551,1547,1535,1529,1554,1520,1487,1474,1501,1464,1479,1433,1461,1456,1447,1367,1387,1426,1378,1373,1431,1354,1323,1387,1455,1451,1509,1403,1527,1494,1554,1546,1595,1626,1560,1627,1644,1600,1482,1457,1504,1560,1606,1440,,,,,,,,,,,,,,,,,,,,,,
MLB3-1:IS,(                ),A,297,306,320,320,313,273,287,293,277,263,297,263,260,279,278,266,299,257,262,255,282,272,241,257,270,270,276,267,264,255,268,239,277,293,290,279,263,271,258,248,260,278,271,268,267,310,266,301,294,368,415,436,454,544,546,604,735,772,980,960,1052,1034,1186,1275,1225,1288,1358,1323,1319,1387,1348,1314,1331,1356,1452,1437,1380,1496,1483,1427,1522,1426,1483,1466,1433,1427,1438,1406,1442,1419,1401,1387,1352,1268,1334,1320,1312,1314,1339,1331,1279,1277,1406,1364,1410,1356,1441,1416,1536,1514,1562,1603,1530,1515,1574,1548,1420,1417,1428,1491,1585,1437,,,,,,,,,,,,,,,,,,,,,,
MLB3-1:IT,(                ),A,344,351,323,330,312,286,294,317,296,315,327,271,269,301,287,282,300,250,266,265,264,272,293,265,267,250,275,282,261,258,288,253,274,272,267,278,275,241,264,257,245,258,247,289,257,342,328,323,331,403,406,475,496,544,572,597,734,834,974,948,1097,1146,1098,1194,1226,1315,1339,1275,1334,1404,1376,1331,1306,1393,1436,1374,1368,1427,1404,1394,1411,1455,1452,1435,1418,1345,1423,1350,1379,1352,1363,1378,1328,1256,1349,1295,1303,1306,1332,1349,1300,1308,1412,1399,1431,1368,1444,1431,1520,1403,1558,1570,1488,1472,1501,1473,1341,1361,1381,1458,1476,1344,,,,,,,,,,,,,,,,,,,,,,
MLB3-1:KW,(                ),kW,199.3,201.7,198.5,201.1,191.7,168.7,170.0,180.7,173.1,168.2,186.0,162.2,162.0,177.1,178.0,165.1,180.5,155.7,167.1,162.1,168.9,164.4,168.3,157.0,162.9,157.5,170.8,172.7,164.1,158.8,164.2,152.2,171.4,174.5,168.0,168.3,163.6,155.2,165.2,156.9,160.7,163.7,155.7,173.2,167.3,208.2,183.4,195.5,201.9,233.7,258.9,287.6,291.7,341.2,347.4,381.3,461.3,517.5,612.9,601.4,697.4,699.7,745.6,792.4,790.2,833.7,856.9,840.2,851.9,903.8,877.4,849.4,846.4,883.6,927.7,912.5,885.0,941.1,926.8,912.4,935.5,921.2,938.5,925.8,906.8,886.2,915.6,882.4,901.6,882.1,884.7,885.3,864.7,813.4,851.3,846.5,836.5,837.9,862.7,847.6,819.0,833.7,903.4,888.5,916.9,866.5,930.3,914.1,973.1,941.8,997.9,1016.2,966.8,973.6,999.4,976.5,895.1,893.3,909.9,953.1,988.5,891.0,,,,,,,,,,,,,,,,,,,,,,
MLB3-1:KWH,(                ),,27523596,27523630,27523660,27523698,27523730,27523760,27523792,27523818,27523846,27523876,27523904,27523934,27523964,27523986,27524016,27524050,27524076,27524102,27524130,27524160,27524188,27524216,27524244,27524272,27524300,27524326,27524352,27524380,27524408,27524432,27524462,27524490,27524516,27524546,27524568,27524602,27524628,27524656,27524680,27524708,27524736,27524764,27524790,27524818,27524844,27524870,27524908,27524942,27524972,27525014,27525058,27525102,27525154,27525200,27525260,27525324,27525380,27525474,27525560,27525664,27525760,27525862,27525998,27526130,27526268,27526394,27526538,27526676,27526826,27526976,27527036,27527266,27527394,27527558,27527702,27527856,27528010,27528146,27528320,27528480,27528626,27528784,27528936,27529090,27529248,27529388,27529544,27529694,27529828,27529984,27530136,27530288,27530426,27530548,27530708,27530852,27530996,27531128,27531270,27531408,27531554,27531700,27531842,27531996,27532126,27532292,27532432,27532590,27532754,27532914,27533070,27533224,27533394,27533548,27533712,27533874,27534038,27534194,27534342,27534498,27534642,27534818,,,,,,,,,,,,,,,,,,,,,,
MLB3-1:PF,(                ),,0.97,0.97,0.96,0.96,0.94,0.93,0.94,0.95,0.94,0.94,0.95,0.95,0.95,0.95,0.95,0.95,0.96,0.95,0.95,0.95,0.95,0.95,0.95,0.94,0.95,0.94,0.95,0.95,0.94,0.94,0.95,0.95,0.95,0.95,0.95,0.95,0.96,0.95,0.95,0.95,0.95,0.95,0.95,0.96,0.95,0.97,0.96,0.97,0.97,0.95,0.96,0.95,0.95,0.96,0.95,0.96,0.96,0.96,0.97,0.96,0.97,0.97,0.97,0.97,0.97,0.97,0.97,0.97,0.97,0.97,0.97,0.97,0.97,0.97,0.97,0.97,0.97,0.97,0.97,0.97,0.97,0.97,0.97,0.97,0.97,0.97,0.97,0.97,0.97,0.97,0.97,0.97,0.97,0.97,0.97,0.97,0.97,0.97,0.97,0.97,0.97,0.97,0.97,0.97,0.97,0.97,0.97,0.97,0.97,0.97,0.98,0.98,0.97,0.97,0.98,0.97,0.97,0.97,0.97,0.97,0.97,0.97,,,,,,,,,,,,,,,,,,,,,,
MLB3-1:VRS,(                ),V,383.7,384.3,384.5,384.5,384.6,385.1,385.2,385.2,385.8,385.0,382.2,382.3,382.2,382.3,382.4,383.0,383.4,383.9,383.9,384.5,384.5,384.5,384.5,385.1,384.8,384.4,384.9,385.1,385.0,385.1,385.1,385.0,384.9,385.3,385.3,384.4,384.2,383.7,384.0,383.7,382.9,382.8,381.5,381.8,381.1,384.1,382.0,383.8,382.2,381.4,383.4,382.0,381.8,382.3,380.8,380.1,379.9,377.7,376.9,377.0,375.5,374.6,374.2,373.5,372.6,371.1,372.6,371.9,371.8,371.6,371.6,373.1,374.5,374.9,374.1,374.3,374.2,374.6,370.8,371.3,371.4,370.8,370.6,371.6,371.4,371.1,372.1,371.7,372.4,373.0,372.7,373.0,372.7,373.6,373.0,374.0,373.8,374.5,374.8,375.2,375.3,375.4,376.2,375.0,375.0,374.5,374.7,374.9,374.5,374.9,375.2,374.9,375.1,374.4,374.9,374.9,374.8,375.8,375.2,375.3,375.6,375.7,,,,,,,,,,,,,,,,,,,,,,
MLB3-1:VST,(                ),V,384.1,384.7,384.9,385.0,385.0,385.3,385.3,385.5,386.0,385.2,382.4,382.4,382.5,382.6,382.7,383.2,383.5,384.0,384.3,384.8,384.7,384.7,385.1,385.2,384.9,384.6,385.1,385.4,385.1,385.1,385.2,385.1,385.1,385.5,385.2,384.6,384.3,383.9,384.4,384.0,383.5,382.8,382.0,382.0,381.9,384.8,382.8,384.2,383.3,382.3,384.4,383.2,382.9,383.4,382.0,381.3,381.6,379.4,377.9,378.0,377.2,376.2,375.8,375.0,374.2,372.7,374.2,373.5,373.6,373.4,373.3,374.6,376.0,376.6,375.9,375.9,375.9,375.8,372.4,372.9,372.7,372.7,372.3,372.9,372.7,372.5,373.5,373.0,373.7,373.9,374.0,374.2,374.4,375.0,374.5,375.5,374.9,375.7,376.2,376.3,376.6,376.7,377.6,376.2,376.5,375.7,376.1,376.2,375.4,376.2,376.5,376.0,376.4,376.0,376.4,376.2,376.5,377.1,376.7,376.6,376.8,376.7,,,,,,,,,,,,,,,,,,,,,,
MLB3-1:VTR,(                ),V,383.3,383.7,384.2,384.3,384.3,384.7,384.7,384.9,385.4,384.4,381.9,382.1,382.1,382.1,382.2,382.7,383.0,383.7,383.8,384.4,384.3,384.4,384.4,384.9,384.7,384.6,384.9,385.1,384.8,385.1,384.9,384.7,384.8,385.4,385.0,384.2,383.9,383.7,384.0,383.6,383.2,382.7,381.5,381.5,381.3,384.1,381.9,383.6,382.5,381.2,383.6,382.3,381.9,382.8,381.3,380.8,380.9,378.5,377.4,377.7,376.6,375.5,375.8,375.0,374.0,372.3,373.5,373.4,373.1,372.8,372.7,374.1,375.7,376.0,375.4,375.5,375.4,375.7,372.3,372.7,372.9,372.2,372.1,372.8,372.6,372.7,373.3,373.0,373.6,374.0,374.0,374.0,374.3,374.8,374.2,375.4,374.8,375.6,375.9,375.9,376.2,376.4,377.2,376.0,376.1,375.3,375.7,376.0,375.2,376.4,376.1,375.7,376.3,375.9,376.4,376.2,376.5,377.0,376.8,376.6,376.9,376.8,,,,,,,,,,,,,,,,,,,,,,
MLB4-1:HZ,(                ),Hz,59,59,59,59,59,59,59,59,60,59,59,60,60,59,59,59,60,60,60,60,60,59,60,60,59,60,60,60,59,60,59,60,60,60,60,59,60,59,60,59,60,60,59,60,60,60,60,59,59,59,59,59,59,59,60,60,60,60,59,59,59,60,59,60,59,59,59,59,59,59,59,60,59,59,60,59,59,60,59,59,59,60,59,59,59,59,60,59,59,59,60,59,59,59,60,60,60,60,60,59,59,60,60,60,60,59,60,60,59,60,59,60,59,60,60,60,60,59,60,60,59,60,,,,,,,,,,,,,,,,,,,,,,
MLB4-1:IR,(                ),A,176,152,174,160,177,155,150,162,162,174,153,179,158,141,140,127,128,130,147,130,142,127,137,142,167,147,144,138,127,138,140,133,138,133,145,143,112,107,140,127,122,143,125,122,128,128,114,161,191,335,491,574,626,638,696,675,738,739,725,685,711,795,870,935,956,1082,1196,1262,1217,1268,1206,1210,1161,1236,1217,1208,1236,1208,1196,1169,1175,1201,1313,1245,1156,1219,1160,1172,1176,1115,1097,1138,1150,1148,1113,1130,1106,1089,1115,1122,1210,1199,1189,1183,1234,1239,1236,1177,1237,1215,1218,1231,1209,1208,1237,1186,1186,1208,1136,1187,1164,1151,,,,,,,,,,,,,,,,,,,,,,
MLB4-1:IS,(                ),A,167,147,175,150,160,153,150,155,153,151,153,166,118,138,129,108,106,116,129,118,113,138,131,143,120,125,127,122,100,128,127,122,130,105,128,159,110,112,146,117,103,129,113,136,101,116,111,136,175,319,503,528,620,655,643,631,702,724,768,688,694,764,882,913,943,1021,1117,1181,1141,1237,1144,1217,1087,1206,1187,1143,1162,1168,1175,1153,1178,1161,1313,1191,1133,1172,1170,1152,1130,1088,1078,1091,1113,1075,1041,1037,1066,1006,1047,1130,1133,1133,1100,1164,1192,1198,1199,1154,1218,1175,1226,1215,1126,1154,1285,1140,1163,1173,1151,1153,1158,1139,,,,,,,,,,,,,,,,,,,,,,
MLB4-1:IT,(                ),A,183,172,181,164,199,169,172,175,172,191,163,180,155,157,161,146,138,139,153,142,158,139,147,156,139,147,164,136,123,126,156,121,135,135,149,162,150,136,148,125,121,128,171,151,148,175,151,180,218,362,524,619,652,663,738,689,715,754,769,732,773,835,938,998,997,1149,1211,1281,1223,1337,1232,1233,1205,1275,1259,1228,1281,1218,1247,1234,1217,1237,1356,1291,1218,1238,1215,1229,1213,1115,1134,1141,1150,1164,1111,1125,1141,1087,1113,1099,1224,1191,1238,1207,1279,1254,1249,1230,1264,1264,1284,1265,1234,1222,1334,1225,1259,1286,1203,1214,1245,1229,,,,,,,,,,,,,,,,,,,,,,
MLB4-1:KW,(                ),kW,106.8,95.7,107.3,97.7,110.2,97.0,98.1,100.9,99.5,106.2,96.0,106.2,83.7,86.6,84.2,75.4,73.2,77.1,83.8,77.8,79.9,80.4,82.3,89.6,86.8,83.4,86.5,80.1,68.8,77.0,84.4,74.7,80.1,75.2,84.1,93.5,73.4,71.6,85.6,73.9,68.5,80.2,84.0,83.5,75.0,86.9,75.6,98.5,125.7,206.0,316.4,357.7,396.3,410.1,435.8,413.6,451.8,459.8,468.1,434.0,452.1,500.7,565.5,600.5,610.1,683.1,745.0,779.6,755.2,813.3,756.0,776.0,732.8,791.1,779.3,761.5,783.4,760.9,762.8,761.9,753.5,758.6,841.9,787.1,739.0,764.4,749.4,750.4,744.8,700.9,699.3,713.2,723.4,717.7,683.5,698.8,701.8,674.9,694.8,711.9,759.6,750.4,753.9,756.5,789.8,784.2,784.7,758.1,790.5,778.1,794.5,789.8,759.6,762.5,812.3,756.4,767.4,782.3,743.8,758.5,762.3,751.5,,,,,,,,,,,,,,,,,,,,,,
MLB4-1:KWH,(                ),,22249754,22249772,22249786,22249806,22249820,22249838,22249856,22249872,22249888,22249904,22249920,22249940,22249954,22249966,22249982,22249996,22250008,22250020,22250032,22250048,22250062,22250076,22250088,22250104,22250118,22250132,22250146,22250160,22250172,22250184,22250198,22250212,22250224,22250238,22250248,22250266,22250278,22250290,22250304,22250318,22250330,22250342,22250358,22250372,22250386,22250398,22250414,22250428,22250444,22250472,22250518,22250574,22250636,22250698,22250768,22250842,22250904,22250988,22251060,22251138,22251210,22251280,22251378,22251478,22251580,22251684,22251810,22251934,22252070,22252204,22252254,22252456,22252570,22252718,22252842,22252972,22253102,22253216,22253362,22253496,22253618,22253752,22253888,22254020,22254152,22254272,22254404,22254536,22254646,22254770,22254894,22255018,22255128,22255232,22255364,22255484,22255606,22255716,22255834,22255952,22256080,22256210,22256328,22256460,22256576,22256722,22256846,22256978,22257112,22257250,22257382,22257506,22257640,22257760,22257890,22258016,22258148,22258282,22258404,22258532,22258648,22258792,,,,,,,,,,,,,,,,,,,,,,
MLB4-1:PF,(                ),,0.92,0.91,0.91,0.93,0.92,0.92,0.93,0.92,0.92,0.93,0.93,0.92,0.88,0.90,0.89,0.90,0.89,0.91,0.88,0.90,0.87,0.90,0.89,0.91,0.92,0.90,0.90,0.91,0.89,0.88,0.90,0.90,0.89,0.91,0.90,0.91,0.90,0.91,0.89,0.91,0.90,0.91,0.93,0.92,0.91,0.92,0.91,0.93,0.97,0.92,0.94,0.94,0.95,0.95,0.96,0.94,0.95,0.95,0.95,0.95,0.95,0.96,0.97,0.97,0.98,0.98,0.98,0.98,0.98,0.98,0.98,0.98,0.98,0.98,0.98,0.98,0.98,0.98,0.98,0.98,0.98,0.98,0.98,0.98,0.98,0.98,0.98,0.98,0.98,0.98,0.98,0.98,0.98,0.98,0.98,0.98,0.98,0.98,0.98,0.98,0.98,0.98,0.98,0.98,0.98,0.98,0.98,0.98,0.98,0.98,0.98,0.98,0.98,0.98,0.98,0.98,0.98,0.98,0.98,0.98,0.98,0.98,,,,,,,,,,,,,,,,,,,,,,
MLB4-1:VRS,(                ),V,383.4,384.0,384.2,384.4,384.5,384.8,384.8,384.8,385.4,384.7,382.1,381.9,381.9,382.1,382.1,382.7,383.1,383.6,383.7,384.2,384.2,384.3,384.3,384.6,384.4,384.1,384.6,384.9,384.9,384.9,384.7,384.6,384.8,385.1,384.9,384.3,384.1,383.6,383.7,383.2,382.7,382.5,381.3,381.4,381.0,383.9,381.9,383.3,382.1,380.8,382.6,381.2,380.9,381.9,380.1,379.4,379.8,377.4,377.2,377.5,376.7,375.4,374.8,374.4,373.5,371.9,373.3,372.4,372.4,372.5,372.4,373.7,375.0,375.5,375.0,375.2,375.0,375.6,371.9,372.4,372.3,371.6,371.6,372.3,372.4,371.7,373.2,372.6,373.3,374.0,373.8,373.9,373.9,374.4,373.9,375.1,374.7,375.3,375.7,376.0,375.9,376.4,377.2,375.9,376.0,375.2,375.7,375.9,375.4,376.0,376.2,375.7,376.2,375.7,376.3,376.1,375.7,376.6,376.5,376.6,377.0,376.7,,,,,,,,,,,,,,,,,,,,,,
MLB4-1:VST,(                ),V,383.6,384.3,384.5,384.7,384.8,385.0,385.2,385.2,385.6,384.9,382.1,382.0,382.2,382.2,382.2,382.9,383.2,383.7,383.9,384.4,384.4,384.4,384.6,384.8,384.6,384.2,384.8,385.1,384.9,384.8,384.7,384.6,384.8,385.4,385.0,384.4,384.0,383.7,383.9,383.5,383.2,382.5,381.8,381.4,381.5,384.3,382.4,383.6,383.0,381.7,383.4,382.3,382.0,382.6,381.3,380.6,381.1,378.9,377.9,378.3,377.7,376.6,376.5,375.8,375.0,373.7,375.0,374.2,374.3,374.1,373.9,375.1,376.8,377.1,376.8,376.9,376.7,376.9,373.3,374.0,373.8,373.5,373.0,373.7,373.6,373.3,374.3,373.8,374.8,374.9,375.0,375.3,375.4,376.1,375.7,376.6,376.0,376.9,377.1,376.9,377.4,377.6,378.7,377.1,377.4,376.3,377.0,377.2,376.3,377.4,377.6,376.9,377.8,377.1,377.4,377.5,377.4,378.1,377.7,377.9,378.4,377.9,,,,,,,,,,,,,,,,,,,,,,
MLB4-1:VTR,(                ),V,383.2,383.6,384.0,384.3,384.1,384.5,384.6,384.6,385.2,384.3,381.9,381.8,381.8,381.9,381.9,382.6,382.9,383.5,383.5,384.2,384.0,384.2,384.4,384.6,384.5,384.3,384.6,385.0,384.7,385.0,384.6,384.5,384.7,385.2,384.8,384.2,383.6,383.4,383.7,383.3,383.0,382.5,381.2,381.1,380.9,383.8,381.9,383.2,382.3,380.7,382.7,381.3,381.2,382.1,380.4,379.9,380.6,378.2,377.4,377.9,377.1,376.0,375.7,375.0,374.3,372.6,373.8,373.4,373.3,372.9,373.1,374.5,375.8,376.3,376.0,376.1,375.9,376.5,372.7,373.0,373.3,372.7,372.5,373.2,373.2,372.7,373.9,373.3,374.2,374.7,374.6,374.8,374.9,375.3,375.0,376.0,375.5,376.3,376.6,377.0,376.9,377.0,377.9,376.7,376.6,375.8,376.5,376.6,376.1,376.9,377.0,376.5,377.3,376.7,377.0,377.0,376.8,377.4,377.3,377.5,377.6,377.3,,,,,,,,,,,,,,,,,,,,,,
ACMP-1:HZ,(                ),Hz,59,59,60,59,59,60,59,59,60,59,59,60,60,59,59,59,60,60,59,60,60,59,60,60,59,59,60,60,59,59,59,60,60,60,60,59,60,59,60,59,60,60,59,60,60,60,59,59,59,59,59,59,59,60,60,60,60,60,59,59,59,59,59,60,60,59,60,59,59,59,59,59,59,59,60,59,59,60,59,59,59,60,59,59,59,59,60,59,59,59,60,59,60,59,60,60,60,60,60,59,59,60,60,60,60,59,60,60,59,60,59,60,59,60,60,60,59,60,60,60,59,60,,,,,,,,,,,,,,,,,,,,,,
ACMP-1:IR,(                ),A,588.0,517.5,453.3,424.6,402.3,468.7,509.5,446.5,410.9,396.3,380.0,384.0,6.9,6.8,7.5,7.6,6.8,6.9,7.6,7.6,6.8,6.8,7.7,7.7,6.9,7.1,7.9,7.7,6.9,7.0,7.0,7.6,8.0,70.3,68.5,595.0,580.7,586.1,607.7,539.9,585.6,589.4,614.2,589.1,522.9,450.3,397.0,364.3,362.5,556.6,592.3,587.3,585.5,577.3,581.9,628.4,675.2,1530.0,1526.2,1538.0,1551.1,1544.5,1563.8,1553.1,1546.7,1547.7,1548.5,1548.9,1540.7,1539.3,1543.6,1540.1,1532.3,1538.1,1539.3,1539.7,1537.7,1537.8,1545.1,1542.3,1545.7,1553.3,1544.0,1545.1,1544.7,1547.0,1540.8,1543.9,1535.7,1534.0,1537.9,1534.5,1535.1,1541.1,1539.8,1531.2,1536.4,1531.2,1532.5,1532.4,1530.8,1528.3,1531.0,1536.4,1530.8,1531.6,1536.6,1536.0,1534.7,1540.0,1533.0,1529.8,1526.2,1532.5,1533.6,1536.2,1535.8,1537.1,1540.4,1531.7,1536.7,1531.0,,,,,,,,,,,,,,,,,,,,,,
ACMP-1:IS,(                ),A,584,517,453,422,402,466,510,445,412,398,380,388,8,9,11,10,9,8,10,11,8,9,10,10,9,9,10,11,8,9,9,11,10,71,69,591,579,585,603,535,576,588,606,587,513,446,390,360,353,547,583,581,573,569,570,617,664,1555,1553,1569,1579,1570,1583,1569,1565,1570,1570,1564,1560,1563,1568,1564,1553,1561,1556,1559,1555,1559,1563,1563,1561,1566,1560,1567,1566,1563,1563,1564,1559,1558,1562,1561,1554,1566,1560,1552,1559,1555,1557,1554,1554,1557,1554,1561,1556,1558,1558,1558,1560,1556,1551,1554,1545,1549,1545,1552,1544,1550,1552,1549,1551,1552,,,,,,,,,,,,,,,,,,,,,,
ACMP-1:IT,(                ),A,602,535,468,436,415,482,525,458,425,410,390,396,7,8,8,7,8,7,7,8,7,8,7,7,8,7,7,8,7,7,8,8,7,69,68,609,593,603,621,550,595,601,628,605,532,458,401,370,365,567,602,598,591,582,589,634,679,1550,1544,1561,1571,1559,1578,1565,1560,1564,1568,1560,1558,1563,1564,1559,1550,1556,1556,1556,1555,1552,1563,1559,1558,1570,1558,1559,1556,1557,1558,1558,1554,1546,1553,1550,1550,1561,1554,1548,1551,1543,1549,1544,1547,1549,1543,1548,1552,1549,1550,1548,1547,1555,1548,1548,1540,1548,1542,1548,1549,1549,1551,1544,1548,1548,,,,,,,,,,,,,,,,,,,,,,
ACMP-1:KW,(                ),kW,372.9,328.7,286.7,267.2,252.7,297.0,324.5,282.2,259.5,249.2,235.2,239.3,3.1,3.8,4.4,3.7,3.8,3.1,3.7,4.4,3.1,3.8,3.8,3.8,3.8,3.1,3.8,4.4,3.1,3.1,3.8,4.4,3.8,31.3,30.4,378.2,368.5,371.8,384.1,341.5,368.3,372.4,385.8,372.2,326.1,282.2,244.2,224.0,220.6,351.0,375.7,371.5,369.1,365.0,365.9,392.5,419.3,961.6,958.7,966.6,971.5,963.6,974.4,966.3,959.8,958.9,962.2,958.2,956.0,957.8,956.0,958.1,958.6,960.8,960.0,960.1,959.2,960.0,957.4,956.5,954.5,959.1,954.2,957.3,956.5,955.9,955.9,954.7,953.5,955.9,956.9,954.6,954.0,960.3,957.0,956.7,957.1,956.0,956.9,957.5,958.8,956.9,959.5,959.8,960.7,958.4,958.4,958.6,957.8,963.1,959.4,956.7,953.8,955.0,957.9,960.6,957.3,962.2,961.7,957.7,962.6,957.7,,,,,,,,,,,,,,,,,,,,,,
ACMP-1:KWH,(                ),,11930006,11930066,11930111,11930163,11930204,11930248,11930307,11930359,11930403,11930443,11930485,11930525,11930549,11930549,11930550,11930550,11930551,11930552,11930552,11930553,11930554,11930554,11930555,11930555,11930556,11930558,11930558,11930559,11930560,11930560,11930561,11930561,11930561,11930563,11930567,11930611,11930669,11930733,11930791,11930853,11930911,11930975,11931040,11931099,11931158,11931203,11931252,11931293,11931328,11931375,11931438,11931499,11931563,11931621,11931684,11931748,11931810,11931962,11932112,11932279,11932428,11932571,11932752,11932919,11933085,11933235,11933397,11933554,11933719,11933884,11933946,11934196,11934338,11934519,11934670,11934829,11934993,11935134,11935315,11935481,11935631,11935796,11935959,11936115,11936280,11936430,11936594,11936756,11936898,11937062,11937227,11937392,11937539,11937680,11937861,11938027,11938192,11938341,11938504,11938659,11938824,11938989,11939140,11939303,11939444,11939625,11939776,11939940,11940106,11940269,11940430,11940580,11940746,11940895,11941057,11941214,11941380,11941545,11941696,11941857,11941998,11942180,,,,,,,,,,,,,,,,,,,,,,
ACMP-1:PF,(                ),,0.93,0.93,0.92,0.92,0.92,0.92,0.93,0.92,0.92,0.91,0.91,0.91,0.61,0.69,0.74,0.68,0.69,0.62,0.67,0.74,0.62,0.69,0.68,0.68,0.69,0.61,0.68,0.74,0.62,0.61,0.69,0.74,0.68,0.65,0.65,0.93,0.93,0.93,0.93,0.93,0.93,0.93,0.93,0.93,0.93,0.92,0.91,0.90,0.91,0.94,0.94,0.94,0.94,0.94,0.94,0.93,0.93,0.94,0.94,0.94,0.94,0.94,0.94,0.94,0.94,0.94,0.94,0.94,0.94,0.94,0.94,0.94,0.94,0.94,0.94,0.94,0.94,0.94,0.94,0.94,0.94,0.94,0.94,0.94,0.94,0.94,0.94,0.94,0.94,0.94,0.94,0.94,0.94,0.94,0.94,0.94,0.94,0.94,0.94,0.94,0.94,0.94,0.94,0.94,0.94,0.94,0.94,0.94,0.94,0.94,0.94,0.94,0.94,0.94,0.94,0.94,0.94,0.94,0.94,0.94,0.94,0.94,,,,,,,,,,,,,,,,,,,,,,
ACMP-1:VRS,(                ),V,389.6,390.7,391.8,390.3,392.2,391.4,392.2,392.1,392.6,392.2,389.0,389.2,390.6,390.9,390.9,391.3,391.3,392.1,392.1,392.9,392.7,393.1,392.9,393.4,393.1,393.0,393.3,393.5,393.1,393.6,393.3,393.0,393.2,393.4,393.3,389.6,389.8,389.7,390.8,390.0,389.2,389.3,388.2,388.3,387.5,391.5,389.6,390.4,390.3,388.0,390.1,389.2,388.5,390.3,388.4,387.2,388.9,379.6,380.1,380.5,379.0,378.8,378.0,377.5,377.0,375.3,376.7,375.6,376.7,376.7,376.2,378.3,379.1,380.0,379.3,379.5,378.3,379.4,376.2,376.3,376.5,375.6,375.3,375.8,376.3,375.6,376.4,376.5,378.0,377.3,377.0,377.3,377.6,379.0,377.5,378.4,377.3,378.9,379.7,378.9,379.6,379.1,381.5,379.2,380.5,378.5,380.4,379.4,378.7,381.0,380.6,380.1,380.6,378.7,379.7,379.5,380.3,380.2,380.0,380.5,380.5,380.6,,,,,,,,,,,,,,,,,,,,,,
ACMP-1:VST,(                ),V,389.6,391.4,391.8,392.0,391.8,393.4,392.8,393.1,392.9,392.5,390.3,389.7,390.8,390.8,390.4,392.0,391.1,392.6,392.1,392.9,393.1,393.1,392.5,393.5,393.2,393.1,393.0,393.7,393.5,393.3,393.0,393.0,393.6,393.7,393.9,392.6,391.4,390.7,389.9,389.6,390.3,388.2,387.5,387.1,388.5,391.5,389.0,391.5,389.8,388.9,391.0,387.7,391.3,390.2,388.8,388.7,388.1,382.9,381.6,380.3,380.5,379.9,379.0,380.3,378.3,377.5,377.6,377.8,377.1,377.9,375.2,378.0,381.3,378.3,379.0,378.7,381.2,379.0,376.9,377.3,375.2,376.8,376.4,377.2,377.2,377.0,377.4,375.3,376.7,380.0,378.5,377.4,378.3,378.4,379.3,380.9,380.7,380.2,378.3,381.0,381.2,380.6,380.4,379.8,381.4,381.6,379.6,379.6,379.4,381.2,380.8,379.8,380.4,380.2,382.5,382.4,380.7,383.1,381.5,381.8,383.2,380.5,,,,,,,,,,,,,,,,,,,,,,
ACMP-1:VTR,(                ),V,390.5,391.1,390.6,392.8,391.3,393.3,390.7,391.7,393.3,391.4,389.6,390.0,391.2,391.3,391.1,392.0,391.7,392.7,392.7,393.4,393.4,393.7,393.3,393.9,393.6,393.3,393.8,393.9,393.6,393.9,393.6,393.4,393.6,394.0,393.8,391.0,390.9,387.3,389.4,391.3,389.2,389.9,387.7,388.4,388.9,391.4,390.3,392.4,389.7,389.0,391.6,389.1,390.9,390.9,389.0,390.0,389.0,380.3,380.7,379.4,378.6,377.4,379.2,378.6,376.5,376.1,377.8,377.2,376.8,376.2,376.0,375.7,378.9,379.0,378.9,378.8,376.7,380.4,376.1,376.6,375.7,373.9,377.0,376.9,376.0,376.6,375.7,376.0,375.5,377.8,378.7,378.4,377.8,376.0,375.7,379.4,377.5,379.2,379.0,380.6,380.2,378.1,381.4,380.8,379.4,378.7,378.1,379.9,379.6,378.2,380.6,378.4,379.3,377.8,381.1,380.6,379.1,380.4,381.0,378.3,380.7,380.0,,,,,,,,,,,,,,,,,,,,,,
ACMP-2:HZ,(                ),Hz,59,59,60,59,59,60,59,59,59,59,59,60,60,59,59,59,60,60,60,60,60,59,59,60,59,60,59,60,59,60,59,60,60,60,60,59,60,59,60,59,60,60,59,60,60,60,60,59,59,59,59,59,59,59,60,60,59,60,59,59,59,60,59,60,60,59,59,59,59,59,59,60,59,59,59,59,60,60,59,59,59,60,59,60,59,59,60,59,59,59,59,59,60,59,60,60,60,60,60,59,59,60,60,60,60,59,60,60,59,59,59,60,59,60,60,60,60,59,60,60,60,60,,,,,,,,,,,,,,,,,,,,,,
ACMP-2:IR,(                ),A,293,294,299,296,296,320,321,319,289,292,259,255,155,134,115,115,115,154,154,153,155,156,157,156,156,156,115,115,143,99,124,124,124,222,215,213,213,213,213,213,303,299,303,302,303,300,302,301,306,328,326,335,331,329,337,570,579,1015,1023,621,568,1029,1035,1046,1045,1046,1042,1043,1031,1040,1053,1038,1027,1037,1031,1030,1028,1038,1038,1038,1037,1062,1035,1039,1035,1044,1031,1051,1037,1039,1035,1036,1036,1043,1039,1036,1027,1022,1035,1032,1025,1029,1033,1032,1035,1034,1034,1030,1032,581,582,1014,1035,1038,1043,1038,1037,1042,1038,1034,1034,1038,,,,,,,,,,,,,,,,,,,,,,
ACMP-2:IS,(                ),A,299,300,305,302,301,328,328,326,296,297,263,259,152,131,112,111,111,151,151,152,155,154,154,155,155,154,110,110,141,95,120,120,120,225,218,216,216,217,217,216,312,307,310,309,309,308,308,309,315,336,334,343,342,341,347,595,604,1068,1079,650,593,1083,1089,1097,1099,1101,1096,1093,1082,1095,1109,1094,1080,1090,1081,1081,1079,1091,1088,1091,1083,1110,1084,1091,1090,1095,1085,1104,1090,1098,1092,1096,1087,1099,1091,1091,1082,1077,1090,1087,1080,1086,1088,1088,1089,1090,1089,1083,1089,606,605,1071,1094,1095,1100,1097,1086,1097,1093,1093,1091,1099,,,,,,,,,,,,,,,,,,,,,,
ACMP-2:IT,(                ),A,296,298,304,301,301,327,328,326,294,296,260,257,154,134,113,112,113,154,154,154,157,157,156,157,157,156,112,112,142,95,123,123,122,220,214,212,212,213,212,212,306,301,304,306,304,303,304,304,308,331,332,339,338,336,342,583,593,1049,1061,631,578,1061,1066,1073,1075,1079,1077,1072,1063,1077,1088,1071,1059,1069,1064,1063,1058,1070,1071,1073,1064,1091,1065,1071,1066,1073,1064,1083,1070,1073,1067,1071,1066,1076,1068,1068,1057,1051,1067,1061,1056,1063,1063,1064,1067,1070,1066,1060,1063,588,590,1054,1073,1076,1079,1076,1069,1077,1074,1069,1071,1078,,,,,,,,,,,,,,,,,,,,,,
ACMP-2:KW,(                ),kW,169.2,170.4,172.8,171.4,171.2,186.2,186.6,185.5,168.5,169.2,148.6,147.2,84.0,73.5,62.9,63.0,63.1,84.2,84.1,84.2,86.1,85.9,85.7,86.0,86.1,85.8,63.0,63.1,78.1,54.8,68.4,68.5,68.4,126.1,122.1,120.6,120.8,121.1,120.7,120.7,175.3,172.8,174.0,174.1,174.1,174.0,174.0,174.2,177.0,190.1,190.3,194.3,192.5,191.3,195.1,331.3,336.8,635.9,639.7,360.4,327.7,640.5,643.3,648.1,647.2,647.4,646.5,643.6,636.6,643.9,651.0,644.0,638.2,645.6,640.8,640.7,639.6,645.3,640.4,641.9,638.3,653.6,637.4,641.9,639.4,642.9,638.5,649.4,642.8,644.7,643.0,643.5,641.8,648.0,643.5,644.7,638.3,636.4,644.7,642.3,638.3,642.7,644.9,643.9,645.3,644.5,642.9,642.0,642.1,334.9,335.4,634.5,647.9,648.3,652.2,649.3,646.1,651.5,647.8,645.8,646.5,651.8,,,,,,,,,,,,,,,,,,,,,,
ACMP-2:KWH,(                ),,19283608,19283638,19283664,19283696,19283722,19283752,19283786,19283816,19283848,19283874,19283902,19283926,19283950,19283962,19283974,19283984,19283996,19284008,19284020,19284036,19284050,19284062,19284078,19284092,19284106,19284120,19284134,19284144,19284156,19284168,19284180,19284192,19284204,19284220,19284236,19284260,19284278,19284300,19284318,19284340,19284366,19284396,19284426,19284454,19284482,19284508,19284542,19284572,19284598,19284632,19284664,19284692,19284728,19284758,19284790,19284832,19284882,19284964,19285064,19285168,19285218,19285288,19285410,19285520,19285630,19285734,19285844,19285948,19286058,19286170,19286212,19286380,19286476,19286596,19286698,19286804,19286912,19287008,19287130,19287242,19287340,19287454,19287562,19287668,19287778,19287880,19287990,19288100,19288192,19288306,19288416,19288528,19288626,19288722,19288842,19288954,19289064,19289164,19289274,19289380,19289490,19289600,19289700,19289810,19289906,19290026,19290128,19290238,19290350,19290444,19290508,19290572,19290686,19290786,19290898,19291004,19291114,19291226,19291328,19291436,19291534,19291656,,,,,,,,,,,,,,,,,,,,,,
ACMP-2:PF,(                ),,0.84,0.84,0.84,0.84,0.84,0.84,0.84,0.84,0.84,0.84,0.84,0.85,0.81,0.82,0.82,0.82,0.82,0.81,0.81,0.81,0.81,0.81,0.81,0.81,0.81,0.81,0.82,0.82,0.81,0.83,0.82,0.82,0.82,0.83,0.83,0.83,0.83,0.83,0.83,0.83,0.84,0.84,0.84,0.85,0.85,0.84,0.85,0.84,0.85,0.85,0.85,0.85,0.85,0.84,0.85,0.85,0.85,0.91,0.92,0.85,0.85,0.92,0.92,0.92,0.92,0.92,0.92,0.92,0.92,0.92,0.92,0.92,0.91,0.91,0.91,0.91,0.92,0.92,0.92,0.92,0.92,0.92,0.92,0.92,0.92,0.92,0.92,0.92,0.92,0.92,0.92,0.91,0.92,0.92,0.91,0.91,0.91,0.92,0.91,0.91,0.91,0.91,0.91,0.91,0.91,0.91,0.91,0.91,0.91,0.85,0.85,0.91,0.91,0.91,0.91,0.91,0.91,0.91,0.91,0.91,0.91,0.91,,,,,,,,,,,,,,,,,,,,,,
ACMP-2:VRS,(                ),V,390.6,391.0,391.5,391.6,391.5,391.8,391.9,392.0,392.6,391.7,389.7,390.2,390.5,390.2,390.6,391.0,391.3,391.7,391.9,392.7,392.6,392.6,392.8,393.1,392.6,392.7,393.1,393.5,393.2,393.3,393.4,393.0,393.0,393.6,393.5,392.8,392.2,391.6,391.9,391.8,390.2,389.6,388.3,388.3,388.3,391.2,389.1,390.4,389.6,388.3,390.8,389.4,389.3,390.5,388.7,387.4,387.6,383.7,382.4,385.4,384.3,381.6,381.3,380.9,380.0,378.6,379.3,379.6,378.2,379.8,378.6,380.4,382.1,382.8,382.3,381.8,381.0,381.1,379.6,379.4,378.6,378.0,378.9,379.1,379.1,377.9,380.1,379.3,379.8,380.8,380.3,380.0,380.4,380.4,380.5,381.0,380.3,381.9,381.6,382.1,382.6,383.0,383.7,382.3,381.8,382.2,381.0,382.0,381.7,385.0,385.5,382.5,382.9,382.3,383.1,382.5,381.8,383.5,383.2,382.0,383.6,383.1,,,,,,,,,,,,,,,,,,,,,,
ACMP-2:VST,(                ),V,392.1,392.2,392.6,392.5,392.9,393.4,393.3,393.0,393.8,393.0,390.8,390.9,391.3,391.6,391.0,392.4,392.0,392.7,393.0,393.6,393.6,393.3,393.5,394.0,393.6,393.2,394.0,394.6,394.3,394.2,394.1,394.1,393.9,394.0,394.1,393.2,393.1,392.2,392.5,392.4,390.8,390.8,389.4,389.5,389.4,392.0,390.4,391.9,390.1,389.7,391.7,389.9,389.9,390.8,389.6,387.6,388.3,385.7,383.0,385.9,385.2,382.0,380.8,381.2,380.2,379.8,381.4,378.4,379.8,378.9,378.9,379.6,380.8,382.8,381.7,382.6,383.6,382.7,378.3,378.9,380.1,379.0,378.9,379.1,378.4,378.8,378.8,379.6,380.2,380.0,381.2,380.2,381.0,381.4,381.1,383.2,382.7,382.1,382.9,383.1,383.0,383.2,384.2,383.8,384.1,382.1,383.2,384.1,381.2,385.4,385.6,384.1,383.6,382.9,383.5,382.7,384.0,383.9,383.8,383.9,384.0,384.6,,,,,,,,,,,,,,,,,,,,,,
ACMP-2:VTR,(                ),V,391.2,391.9,392.0,392.4,392.3,392.5,392.5,392.7,393.1,392.4,389.2,390.1,390.6,390.5,391.1,391.4,391.6,392.0,392.3,393.0,393.1,392.9,393.1,393.4,392.8,392.8,393.2,393.7,393.1,393.5,393.2,393.2,393.4,393.4,393.6,392.6,392.0,392.0,392.3,391.9,390.9,389.8,389.4,389.0,388.9,392.2,390.0,391.0,390.5,389.3,391.6,390.4,390.4,391.0,389.4,387.5,388.2,384.8,382.3,386.0,385.0,381.8,381.3,380.0,379.9,379.4,380.4,378.9,378.5,377.9,379.4,380.3,381.4,381.9,381.4,381.4,382.3,381.0,377.2,377.9,378.5,378.6,377.6,378.4,378.5,376.8,379.1,378.6,380.1,378.3,381.0,380.4,380.2,380.6,380.6,382.0,381.8,381.8,382.0,382.6,382.0,382.6,383.2,382.8,382.5,381.2,380.6,383.2,382.1,385.4,386.4,383.0,383.1,382.1,383.3,383.2,383.2,383.6,381.6,382.2,381.4,384.5,,,,,,,,,,,,,,,,,,,,,,
GCB1:HZ,(                ),Hz,59,59,59,59,59,60,60,59,59,59,59,60,60,60,59,60,60,60,60,60,60,59,59,60,59,60,59,60,59,60,59,60,60,59,60,60,60,59,60,59,60,60,59,60,60,60,59,60,60,59,59,60,59,59,60,60,60,59,59,59,59,59,59,59,60,59,59,59,59,60,59,60,59,59,59,59,59,60,59,59,59,60,59,59,59,59,59,60,59,59,59,60,60,60,59,60,59,60,60,59,59,60,60,59,60,60,60,60,59,60,59,59,59,60,59,60,60,60,60,60,59,59,,,,,,,,,,,,,,,,,,,,,,
GCB1:IR,(                ),A,4,4,4,3,3,3,3,3,3,3,3,3,3,3,3,3,3,3,3,3,3,3,3,3,3,3,3,3,3,3,3,3,3,3,4,4,4,4,4,4,4,4,4,4,3,4,4,4,4,3,4,4,3,4,5,5,5,6,5,7,7,8,10,11,11,13,13,14,13,13,13,14,13,13,13,14,14,13,13,13,14,13,14,14,14,14,13,13,13,13,13,13,13,13,12,13,13,12,12,13,12,13,14,13,13,13,13,13,13,14,14,13,14,13,13,13,13,13,14,14,14,14,,,,,,,,,,,,,,,,,,,,,,
GCB1:IS,(                ),A,3,3,3,3,3,3,3,3,3,3,3,3,3,3,3,3,3,3,3,3,3,3,3,3,3,3,3,3,3,3,3,3,3,3,4,3,4,4,4,4,4,3,4,4,3,4,4,4,4,3,4,4,3,4,5,5,5,6,6,6,7,8,9,10,11,12,13,13,13,13,13,12,12,12,12,12,13,12,12,12,13,12,13,13,13,13,12,13,12,13,13,12,12,12,12,12,12,11,11,11,11,12,13,12,12,12,12,12,12,13,12,12,13,12,12,13,12,12,13,13,13,13,,,,,,,,,,,,,,,,,,,,,,
GCB1:IT,(                ),A,3,4,3,3,3,3,3,3,3,3,3,3,3,3,3,3,3,3,3,3,3,3,3,3,3,3,3,3,3,3,3,3,3,3,4,4,4,4,4,4,4,3,3,4,3,4,4,4,4,3,3,3,3,4,5,5,5,6,5,6,6,7,9,10,10,12,13,14,12,13,13,13,12,12,13,13,13,13,13,13,13,13,13,13,13,13,13,12,13,13,12,12,13,12,12,12,12,12,12,12,12,13,13,12,13,13,13,12,12,14,13,13,14,13,13,13,13,13,14,14,14,14,,,,,,,,,,,,,,,,,,,,,,
GCB1:KW,(                ),kW,98.5,101.8,98.4,95.4,87.7,95.0,90.0,90.1,92.6,96.3,88.8,84.8,88.1,87.7,87.4,86.4,89.0,85.9,87.2,82.7,93.0,82.6,90.1,85.3,83.7,90.2,84.1,81.7,90.1,87.3,86.0,90.2,82.3,85.7,103.8,97.7,98.2,101.7,102.4,102.8,97.7,93.7,101.7,96.7,88.9,102.5,104.8,110.3,115.9,94.0,108.3,95.0,94.0,103.3,129.5,131.0,137.9,140.7,135.3,156.8,166.2,177.6,203.0,230.5,234.5,269.1,282.5,302.4,281.6,283.4,284.4,278.5,272.2,284.9,283.6,282.9,304.7,288.0,282.8,279.2,293.3,286.6,294.7,292.3,289.0,293.9,283.5,280.8,283.9,293.6,287.6,280.0,284.0,289.1,263.8,267.7,269.7,264.5,264.1,268.3,268.3,282.6,292.3,276.0,298.3,285.3,285.6,280.5,274.3,303.9,289.9,295.6,307.8,290.0,283.9,296.7,292.5,288.4,303.8,303.3,304.0,302.7,,,,,,,,,,,,,,,,,,,,,,
GCB1:KWH,(                ),,8650300,8650317,8650330,8650349,8650364,8650380,8650397,8650408,8650425,8650441,8650457,8650471,8650486,8650499,8650515,8650530,8650544,8650559,8650572,8650589,8650602,8650618,8650632,8650646,8650660,8650675,8650689,8650705,8650718,8650730,8650747,8650762,8650776,8650791,8650804,8650823,8650841,8650858,8650873,8650889,8650902,8650921,8650938,8650953,8650970,8650984,8651003,8651020,8651034,8651049,8651061,8651078,8651095,8651111,8651133,8651152,8651175,8651198,8651223,8651247,8651275,8651301,8651339,8651376,8651413,8651456,8651505,8651548,8651603,8651648,8651669,8651743,8651780,8651838,8651884,8651933,8651983,8652027,8652082,8652131,8652176,8652226,8652264,8652319,8652370,8652421,8652471,8652515,8652557,8652609,8652660,8652704,8652753,8652793,8652845,8652891,8652934,8652980,8653026,8653065,8653117,8653162,8653211,8653259,8653301,8653355,8653400,8653450,8653500,8653537,8653591,8653644,8653696,8653742,8653793,8653836,8653891,8653938,8653989,8654040,8654085,8654141,,,,,,,,,,,,,,,,,,,,,,
GCB1:PF,(                ),, -0.77, -0.78, -0.77, -0.81, -0.80, -0.81, -0.78, -0.82, -0.80, -0.80, -0.78, -0.80, -0.79, -0.79, -0.78, -0.79, -0.80, -0.80, -0.80, -0.80, -0.81, -0.80, -0.81, -0.80, -0.80, -0.80, -0.79, -0.80, -0.82, -0.80, -0.80, -0.81, -0.79, -0.77, -0.76, -0.73, -0.72, -0.75, -0.72, -0.72, -0.75, -0.76, -0.73, -0.72, -0.73, -0.74, -0.73, -0.79, -0.79, -0.79, -0.83, -0.75, -0.79, -0.77, -0.71, -0.72, -0.72, -0.68, -0.70, -0.68, -0.68, -0.65, -0.62, -0.61, -0.61, -0.62, -0.61, -0.62, -0.62, -0.61, -0.61, -0.61, -0.62, -0.63, -0.62, -0.61, -0.62, -0.62, -0.63, -0.62, -0.63, -0.63, -0.62, -0.62, -0.62, -0.62, -0.63, -0.62, -0.62, -0.63, -0.63, -0.63, -0.63, -0.65, -0.62, -0.62, -0.62, -0.63, -0.62, -0.63, -0.63, -0.63, -0.62, -0.62, -0.65, -0.62, -0.62, -0.63, -0.62, -0.62, -0.62, -0.63, -0.62, -0.62, -0.62, -0.62, -0.62, -0.62, -0.62, -0.63, -0.62, -0.63,,,,,,,,,,,,,,,,,,,,,,
GCB1:VRS,(                ),V,21.1,21.1,21.1,21.1,21.1,21.2,21.1,21.2,21.2,21.1,21.0,21.0,21.0,21.0,21.0,21.0,21.1,21.0,21.1,21.1,21.1,21.1,21.1,21.1,21.1,21.1,21.1,21.1,21.1,21.2,21.1,21.1,21.1,21.1,21.1,21.1,21.1,21.1,21.1,21.0,21.0,21.0,20.9,20.9,20.9,21.1,20.9,21.0,21.0,20.9,21.1,21.0,20.9,21.0,20.9,20.9,20.9,20.8,20.8,20.8,20.8,20.7,20.7,20.7,20.6,20.6,20.7,20.6,20.6,20.6,20.6,20.6,20.8,20.8,20.8,20.7,20.7,20.8,20.6,20.6,20.6,20.6,20.6,20.6,20.6,20.6,20.6,20.6,20.7,20.7,20.7,20.7,20.7,20.7,20.7,20.7,20.7,20.8,20.8,20.8,20.8,20.8,20.9,20.8,20.8,20.8,20.8,20.8,20.8,20.8,20.8,20.8,20.8,20.8,20.8,20.8,20.8,20.8,20.8,20.8,20.9,20.8,,,,,,,,,,,,,,,,,,,,,,
GCB1:VST,(                ),V,21.1,21.1,21.0,21.1,21.1,21.2,21.1,21.2,21.1,21.0,21.0,20.9,20.9,21.0,21.0,21.0,21.1,21.0,21.1,21.0,21.1,21.0,21.1,21.1,21.1,21.1,21.1,21.1,21.1,21.1,21.1,21.1,21.1,21.1,21.1,21.1,21.0,21.0,21.0,21.0,20.9,21.0,20.9,20.9,20.9,21.1,20.9,21.0,21.0,20.9,21.1,21.0,20.9,21.0,20.9,21.0,20.9,20.8,20.8,20.7,20.8,20.7,20.7,20.6,20.6,20.6,20.7,20.6,20.5,20.6,20.6,20.6,20.8,20.7,20.7,20.7,20.7,20.8,20.6,20.5,20.6,20.5,20.6,20.6,20.6,20.5,20.6,20.6,20.6,20.6,20.7,20.7,20.6,20.7,20.6,20.7,20.7,20.8,20.7,20.7,20.7,20.8,20.8,20.8,20.7,20.7,20.8,20.7,20.7,20.7,20.8,20.8,20.7,20.7,20.8,20.7,20.8,20.8,20.8,20.7,20.8,20.8,,,,,,,,,,,,,,,,,,,,,,
GCB1:VTR,(                ),V,21.1,21.1,21.1,21.1,21.1,21.1,21.1,21.2,21.2,21.1,21.0,21.0,21.0,21.0,21.0,21.0,21.0,21.1,21.1,21.1,21.1,21.1,21.1,21.1,21.1,21.1,21.1,21.1,21.1,21.1,21.1,21.1,21.1,21.1,21.1,21.1,21.1,21.1,21.1,21.1,21.0,21.0,21.0,20.9,20.9,21.1,21.0,21.1,21.0,21.0,21.1,21.1,21.0,21.1,21.0,21.0,21.0,20.9,20.8,20.8,20.8,20.7,20.8,20.7,20.7,20.6,20.7,20.7,20.7,20.6,20.6,20.7,20.8,20.8,20.8,20.8,20.8,20.8,20.7,20.6,20.7,20.6,20.6,20.6,20.7,20.6,20.7,20.7,20.7,20.7,20.7,20.7,20.7,20.7,20.7,20.8,20.7,20.8,20.8,20.8,20.8,20.9,20.9,20.8,20.8,20.8,20.8,20.8,20.8,20.8,20.9,20.8,20.8,20.8,20.9,20.9,20.9,20.9,20.9,20.8,20.9,20.8,,,,,,,,,,,,,,,,,,,,,,
GCB2:HZ,(                ),Hz,59,59,59,59,59,60,59,59,59,59,59,60,59,60,59,60,60,60,60,60,60,59,60,60,59,60,59,60,59,60,59,60,60,59,60,60,60,59,60,59,60,60,59,60,60,60,59,60,60,59,59,60,59,60,60,60,60,59,59,59,59,59,59,59,60,59,59,59,59,59,59,59,59,59,59,59,59,60,59,59,59,60,59,59,59,59,59,60,59,60,59,60,59,60,59,60,59,60,60,59,59,60,60,59,60,60,60,60,60,60,59,59,60,60,59,60,60,60,60,60,59,59,,,,,,,,,,,,,,,,,,,,,,
GCB2:IR,(                ),A,0,0,0,0,0,0,0,0,0,0,0,0,0,0,0,0,0,0,0,0,0,0,0,0,0,0,0,0,0,0,0,0,0,0,0,0,0,0,0,0,0,0,0,0,0,5,11,6,5,5,5,5,5,6,11,12,12,14,14,14,15,16,17,17,24,26,17,24,17,21,25,20,25,17,25,17,25,17,23,16,20,16,17,25,17,25,17,25,16,21,16,20,25,17,25,17,25,17,21,16,20,25,17,25,17,24,16,21,25,17,24,24,17,26,16,18,25,17,24,25,17,25,,,,,,,,,,,,,,,,,,,,,,
GCB2:IS,(                ),A,0,0,0,0,0,0,0,0,0,0,0,0,0,0,0,0,0,0,0,0,0,0,0,0,0,0,0,0,0,0,0,0,0,0,0,0,0,0,0,0,0,0,0,0,0,4,10,6,5,5,5,5,5,6,11,12,12,14,14,14,15,16,17,17,25,26,17,25,17,21,25,20,25,17,25,17,25,17,24,16,20,16,17,25,17,26,17,25,16,21,16,20,25,17,25,17,25,17,21,16,20,25,17,25,17,24,16,21,25,17,24,24,18,26,16,18,25,17,24,25,17,26,,,,,,,,,,,,,,,,,,,,,,
GCB2:IT,(                ),A,0,0,0,0,0,0,0,0,0,0,0,0,0,0,0,0,0,0,0,0,0,0,0,0,0,0,0,0,0,0,0,0,0,0,0,0,0,0,0,0,0,0,0,0,0,4,10,6,5,5,5,5,5,6,11,11,12,13,13,13,15,15,16,16,24,25,16,23,16,20,24,19,24,17,24,16,24,16,23,15,19,16,16,24,17,24,17,24,16,20,16,19,24,16,24,16,24,16,21,16,19,24,16,24,16,23,16,20,24,16,23,23,17,25,15,17,24,17,23,24,16,25,,,,,,,,,,,,,,,,,,,,,,
GCB2:KW,(                ),kW,5.2,5.2,5.2,5.2,5.2,5.2,5.2,5.2,5.2,5.2,5.1,5.2,5.2,5.2,5.2,5.2,5.2,5.2,5.3,4.6,5.2,5.2,5.2,5.2,5.2,5.2,5.2,5.2,5.2,5.2,5.2,5.2,5.2,5.2,5.2,5.2,5.2,5.2,5.2,5.2,5.2,5.2,5.1,5.1,5.1,158.4,355.4,207.8,188.5,162.7,182.1,162.6,162.0,199.4,383.9,399.7,416.5,464.1,458.8,458.5,508.5,522.0,553.9,576.3,801.9,838.4,566.9,795.6,557.2,696.9,816.7,654.8,825.0,579.6,809.4,565.9,812.9,568.2,768.2,529.8,653.1,541.1,566.1,817.7,579.9,825.9,582.3,804.1,541.4,701.3,530.4,653.1,808.6,561.4,820.3,564.5,816.7,570.6,705.1,547.5,651.6,829.1,570.1,814.8,564.3,782.3,539.7,692.8,832.3,568.6,788.5,788.9,590.2,857.9,534.5,597.7,825.6,585.9,776.9,824.6,563.1,839.6,,,,,,,,,,,,,,,,,,,,,,
GCB2:KWH,(                ),,15619750,15619750,15619750,15619750,15619750,15619750,15619760,15619760,15619760,15619760,15619760,15619760,15619760,15619760,15619760,15619760,15619760,15619760,15619771,15619771,15619771,15619771,15619771,15619771,15619771,15619771,15619771,15619771,15619771,15619780,15619780,15619780,15619780,15619780,15619780,15619780,15619780,15619780,15619780,15619780,15619780,15619790,15619790,15619790,15619790,15619790,15619850,15619901,15619930,15619960,15619981,15620020,15620040,15620071,15620120,15620180,15620241,15620310,15620390,15620470,15620550,15620621,15620720,15620820,15620921,15621070,15621181,15621270,15621410,15621500,15621550,15621720,15621830,15621951,15622071,15622180,15622291,15622390,15622501,15622631,15622720,15622850,15622920,15623050,15623160,15623280,15623390,15623490,15623600,15623710,15623840,15623930,15624060,15624150,15624280,15624390,15624500,15624620,15624721,15624840,15624940,15625061,15625170,15625290,15625390,15625510,15625621,15625720,15625860,15625950,15626070,15626211,15626310,15626420,15626560,15626641,15626790,15626901,15627000,15627140,15627230,15627371,,,,,,,,,,,,,,,,,,,,,,
GCB2:PF,(                ),,0.74,0.74,0.74,0.74,0.74,0.74,0.74,0.73,0.73,0.74,0.75,0.75,0.75,0.75,0.75,0.75,0.75,0.74,0.80,0.75,0.74,0.74,0.74,0.74,0.74,0.74,0.74,0.74,0.74,0.74,0.74,0.74,0.74,0.74,0.74,0.74,0.75,0.75,0.75,0.74,0.75,0.76,0.76,0.76,0.76,0.96,0.93,0.95,0.96,0.95,0.96,0.95,0.95,0.96,0.94,0.95,0.94,0.94,0.94,0.94,0.93,0.93,0.94,0.95,0.92,0.92,0.94,0.92,0.94,0.93,0.92,0.93,0.92,0.94,0.92,0.94,0.92,0.94,0.92,0.94,0.93,0.94,0.94,0.92,0.94,0.92,0.95,0.92,0.94,0.93,0.94,0.93,0.93,0.94,0.92,0.94,0.92,0.94,0.93,0.94,0.93,0.92,0.94,0.92,0.94,0.92,0.94,0.93,0.92,0.94,0.92,0.92,0.94,0.92,0.94,0.94,0.92,0.94,0.92,0.92,0.94,0.92,,,,,,,,,,,,,,,,,,,,,,
GCB2:VRS,(                ),V,21.1,21.0,21.2,21.1,21.1,21.1,21.1,21.1,21.2,21.1,21.0,21.0,21.0,21.0,21.0,21.0,21.0,21.1,21.1,21.1,21.2,21.1,21.1,21.1,21.0,21.1,21.1,21.2,21.2,21.1,21.1,21.2,21.1,21.1,21.1,21.1,21.1,21.0,21.0,21.1,21.0,21.0,21.0,20.9,20.9,21.1,21.0,21.1,21.1,21.0,21.1,21.1,20.9,21.1,21.0,21.0,21.0,20.8,20.8,20.8,20.7,20.7,20.7,20.7,20.6,20.6,20.6,20.6,20.6,20.6,20.6,20.7,20.8,20.8,20.8,20.8,20.8,20.7,20.6,20.6,20.6,20.5,20.5,20.6,20.6,20.6,20.6,20.6,20.7,20.6,20.7,20.7,20.6,20.7,20.7,20.7,20.7,20.8,20.8,20.8,20.8,20.8,20.9,20.8,20.8,20.7,20.8,20.8,20.8,20.8,20.8,20.7,20.8,20.8,20.7,20.8,20.8,20.8,20.8,20.8,20.8,20.8,,,,,,,,,,,,,,,,,,,,,,
GCB2:VST,(                ),V,21.0,21.1,21.1,21.1,21.1,21.1,21.1,21.1,21.1,21.1,21.0,21.0,21.0,21.0,21.0,21.0,21.0,21.0,21.1,21.1,21.1,21.1,21.1,21.1,21.1,21.1,21.1,21.1,21.1,21.1,21.1,21.1,21.1,21.1,21.1,21.1,21.1,21.0,21.0,21.0,21.0,21.0,20.9,20.9,20.9,21.1,21.0,21.0,21.0,21.0,21.1,21.0,21.0,21.1,21.0,21.0,21.0,20.9,20.8,20.8,20.8,20.7,20.8,20.7,20.7,20.6,20.7,20.6,20.6,20.6,20.6,20.7,20.8,20.8,20.8,20.8,20.8,20.8,20.6,20.6,20.6,20.6,20.6,20.6,20.6,20.6,20.7,20.6,20.7,20.7,20.7,20.7,20.7,20.7,20.7,20.7,20.7,20.8,20.8,20.8,20.8,20.8,20.9,20.8,20.8,20.8,20.8,20.8,20.8,20.8,20.8,20.8,20.8,20.8,20.8,20.8,20.8,20.9,20.8,20.8,20.9,20.8,,,,,,,,,,,,,,,,,,,,,,
GCB2:VTR,(                ),V,21.1,21.0,21.1,21.1,21.1,21.1,21.1,21.1,21.2,21.1,21.0,21.0,21.0,21.0,21.0,21.1,21.0,21.1,21.1,21.1,21.2,21.1,21.1,21.1,21.1,21.1,21.2,21.2,21.2,21.1,21.2,21.2,21.1,21.1,21.2,21.1,21.1,21.0,21.1,21.1,21.0,21.0,21.0,20.9,20.9,21.1,21.0,21.0,21.0,20.9,21.1,21.0,20.9,21.1,20.9,20.9,21.0,20.8,20.8,20.8,20.7,20.7,20.7,20.7,20.6,20.6,20.6,20.6,20.6,20.6,20.6,20.7,20.8,20.8,20.8,20.8,20.8,20.8,20.6,20.6,20.6,20.5,20.5,20.6,20.6,20.6,20.6,20.6,20.7,20.7,20.7,20.7,20.6,20.7,20.7,20.7,20.8,20.8,20.8,20.8,20.8,20.9,20.9,20.8,20.8,20.8,20.8,20.8,20.8,20.8,20.8,20.7,20.8,20.8,20.8,20.8,20.8,20.8,20.8,20.8,20.8,20.8,,,,,,,,,,,,,,,,,,,,,,
PM:HZ,(                ),Hz,59,59,59,59,59,60,59,59,59,59,59,60,59,60,59,60,60,60,60,60,60,59,59,60,59,60,59,60,59,60,59,60,60,59,60,60,60,59,60,59,60,60,59,60,60,60,59,60,60,59,59,60,59,60,60,60,60,59,59,59,59,59,59,59,60,59,59,59,59,60,59,59,59,59,59,59,59,60,59,59,59,60,59,60,59,59,59,60,59,60,59,60,60,60,59,60,59,60,60,59,59,60,60,59,60,60,60,60,60,60,59,59,60,60,59,60,60,60,60,60,59,59,,,,,,,,,,,,,,,,,,,,,,
PM:IR,(                ),A,228,239,225,196,191,200,211,205,208,216,234,198,208,206,198,200,207,194,192,201,206,193,201,188,198,201,191,188,198,201,199,203,190,216,246,264,231,221,239,256,229,208,232,228,261,225,228,244,260,197,218,213,185,228,327,301,307,369,320,417,406,463,596,663,685,782,830,892,818,838,856,853,802,827,861,840,879,853,859,819,875,834,903,878,857,897,843,811,847,842,821,825,836,818,782,795,823,792,791,796,784,843,860,822,856,856,854,815,802,889,894,893,892,885,870,854,882,888,927,902,895,880,,,,,,,,,,,,,,,,,,,,,,
PM:IS,(                ),A,200,202,210,184,165,165,178,152,171,181,166,159,188,172,169,170,161,159,164,153,165,154,157,162,163,175,174,157,159,168,175,155,152,175,222,195,218,213,241,223,198,206,247,216,230,219,243,235,245,191,218,209,197,219,292,317,326,340,324,374,430,506,585,697,687,773,788,860,801,806,803,811,754,772,781,814,857,793,746,770,800,795,820,795,806,780,774,791,752,767,786,758,761,757,740,765,762,726,729,748,710,750,788,752,774,742,749,732,734,823,768,747,819,739,739,795,746,769,812,810,811,788,,,,,,,,,,,,,,,,,,,,,,
PM:IT,(                ),A,191,195,186,189,173,203,167,177,177,188,151,162,149,162,176,160,171,169,176,147,188,152,181,164,150,172,147,146,176,157,147,181,157,150,201,193,208,230,209,212,212,186,202,210,234,237,239,205,213,192,195,193,189,219,277,279,290,318,326,357,392,419,481,552,568,677,713,753,710,732,721,668,685,703,688,678,767,694,704,716,714,701,755,726,719,736,691,718,730,753,720,672,718,680,650,659,651,639,625,642,677,699,725,680,701,748,716,711,687,770,713,732,774,718,700,765,755,700,759,727,745,765,,,,,,,,,,,,,,,,,,,,,,
PM:KW,(                ),kW,129.0,132.0,129.8,115.8,109.0,116.3,116.1,108.4,115.0,120.7,114.0,106.0,112.1,110.8,112.4,109.8,110.4,107.1,108.9,103.3,114.4,102.7,109.9,105.6,105.3,112.8,105.5,101.1,108.5,108.5,107.5,110.0,103.1,113.3,141.0,139.3,140.3,140.2,146.9,147.6,134.8,125.3,143.5,138.3,149.6,144.5,150.0,141.2,147.3,118.6,125.8,129.2,116.7,138.6,190.2,190.2,196.0,219.4,205.7,236.9,261.9,293.9,352.4,399.8,403.3,461.1,485.3,522.7,483.8,493.9,495.4,486.1,467.0,480.0,488.1,489.3,525.0,488.9,478.8,478.1,496.0,481.7,515.5,498.0,495.0,500.9,478.6,481.5,482.5,488.8,481.9,465.6,480.5,464.1,448.7,460.0,464.1,446.6,444.1,454.9,451.3,479.0,499.5,471.3,485.0,485.0,485.4,471.1,462.9,524.4,498.5,495.9,522.8,489.9,483.3,506.3,500.3,495.2,525.3,511.9,516.7,510.4,,,,,,,,,,,,,,,,,,,,,,
PM:KWH,(                ),,13892559,13892582,13892598,13892624,13892641,13892660,13892681,13892695,13892715,13892736,13892757,13892773,13892792,13892809,13892829,13892849,13892866,13892886,13892901,13892922,13892938,13892957,13892976,13892994,13893011,13893028,13893047,13893065,13893082,13893098,13893117,13893137,13893154,13893172,13893190,13893216,13893241,13893266,13893286,13893309,13893328,13893354,13893377,13893398,13893421,13893441,13893467,13893491,13893509,13893528,13893545,13893567,13893587,13893610,13893639,13893666,13893696,13893735,13893771,13893808,13893850,13893893,13893956,13894020,13894085,13894160,13894242,13894316,13894410,13894485,13894517,13894643,13894714,13894813,13894892,13894975,13895062,13895135,13895227,13895310,13895387,13895472,13895535,13895628,13895716,13895801,13895887,13895962,13896034,13896124,13896208,13896282,13896362,13896430,13896516,13896595,13896666,13896744,13896821,13896886,13896973,13897049,13897132,13897215,13897285,13897376,13897453,13897537,13897622,13897685,13897779,13897867,13897954,13898032,13898119,13898191,13898286,13898364,13898452,13898540,13898615,13898712,,,,,,,,,,,,,,,,,,,,,,
PM:PF,(                ),,0.94,0.93,0.94,0.92,0.93,0.92,0.94,0.91,0.93,0.93,0.94,0.92,0.93,0.93,0.94,0.93,0.92,0.93,0.92,0.93,0.92,0.92,0.92,0.92,0.93,0.93,0.93,0.92,0.91,0.93,0.93,0.92,0.93,0.94,0.95,0.96,0.96,0.95,0.96,0.96,0.95,0.94,0.95,0.96,0.94,0.95,0.96,0.93,0.93,0.92,0.90,0.95,0.92,0.94,0.96,0.96,0.96,0.97,0.97,0.97,0.97,0.97,0.97,0.96,0.96,0.96,0.96,0.96,0.96,0.96,0.96,0.96,0.96,0.96,0.96,0.96,0.96,0.96,0.96,0.96,0.96,0.96,0.96,0.96,0.96,0.96,0.96,0.96,0.95,0.95,0.95,0.95,0.95,0.95,0.95,0.95,0.95,0.95,0.95,0.95,0.95,0.96,0.96,0.96,0.95,0.96,0.96,0.95,0.95,0.96,0.96,0.96,0.96,0.96,0.96,0.96,0.96,0.96,0.96,0.96,0.96,0.96,,,,,,,,,,,,,,,,,,,,,,
PM:VRS,(                ),V,384.3,384.8,385.0,385.2,385.5,385.9,385.9,385.9,386.1,385.1,383.0,382.8,383.1,383.0,383.1,384.1,383.9,384.6,384.8,385.2,385.5,385.3,385.3,385.5,385.3,385.3,385.6,385.8,385.6,385.8,385.5,385.6,385.5,385.4,385.7,385.0,384.8,384.3,384.4,384.0,383.7,383.5,382.2,382.3,381.5,384.5,382.8,384.0,382.5,382.6,384.3,383.6,382.4,384.1,381.7,381.4,382.1,379.7,379.2,379.0,378.7,377.7,377.2,376.3,375.1,373.9,375.2,374.1,374.7,374.3,374.0,375.7,377.0,377.1,377.1,377.2,376.7,377.1,374.2,374.2,373.8,373.3,373.4,373.8,374.3,373.2,374.5,374.6,374.8,375.2,375.8,375.5,375.3,375.8,375.8,376.6,376.3,377.1,377.4,377.6,377.5,378.1,378.6,378.0,377.0,377.1,377.2,377.7,377.1,377.7,377.7,376.9,377.5,376.9,377.8,377.8,377.7,378.2,377.6,377.6,378.7,377.5,,,,,,,,,,,,,,,,,,,,,,
PM:VST,(                ),V,384.5,385.2,385.4,385.3,385.8,386.1,386.2,386.3,386.3,385.3,383.3,383.0,383.3,383.1,383.4,384.3,383.9,384.8,385.0,385.4,385.6,385.5,385.6,385.6,385.4,385.3,385.7,385.8,385.7,385.9,385.6,385.6,385.7,385.7,385.8,385.4,384.8,384.4,384.4,384.3,384.2,383.2,382.3,382.4,382.0,384.9,382.9,384.3,383.2,383.1,384.7,384.2,382.9,384.8,382.6,382.3,382.8,380.7,380.0,380.0,379.4,378.3,378.2,377.1,376.1,374.7,376.3,375.3,375.8,375.6,375.3,376.8,377.9,378.3,378.7,378.3,377.6,378.1,375.7,375.3,375.3,374.7,375.0,374.9,375.3,374.6,375.6,375.5,376.3,376.1,376.5,376.4,376.5,376.8,376.9,377.3,377.0,378.1,378.4,378.3,378.7,379.2,379.7,378.7,378.2,378.3,378.5,378.7,378.1,378.6,379.1,378.4,379.0,378.6,379.2,379.1,379.6,379.7,379.0,378.7,380.1,378.8,,,,,,,,,,,,,,,,,,,,,,
PM:VTR,(                ),V,384.4,384.8,385.0,384.9,385.2,385.4,385.7,385.7,385.9,384.8,383.2,382.7,383.2,382.9,383.0,384.1,383.6,384.5,384.5,385.3,385.2,385.3,385.3,385.4,385.3,385.3,385.8,385.9,385.4,385.8,385.7,385.4,385.6,385.6,385.9,385.4,384.8,384.1,384.5,384.3,383.9,383.3,382.4,382.1,381.6,384.4,382.8,384.2,383.0,382.6,384.6,383.8,382.4,384.5,382.3,382.0,382.8,380.4,379.5,380.0,379.4,378.6,378.6,377.5,376.4,374.9,376.1,375.6,375.8,375.3,375.3,377.1,378.1,378.4,378.9,378.5,377.8,378.4,375.7,375.3,375.6,375.0,375.1,375.1,375.7,374.9,376.0,375.8,376.2,376.1,376.7,376.8,376.5,377.0,377.3,377.7,377.6,378.5,378.9,378.8,378.8,379.2,379.9,379.1,378.3,378.2,378.7,378.9,378.4,379.0,379.4,378.4,379.2,378.6,379.4,379.1,379.3,379.9,379.2,379.1,380.3,378.8,,,,,,,,,,,,,,,,,,,,,,
PAC:HZ,(                ),Hz,59,59,59,59,59,60,59,59,59,59,59,60,60,60,59,60,60,60,60,60,60,59,60,60,59,60,59,60,59,60,59,60,60,59,60,60,60,59,60,59,60,60,59,60,60,60,59,60,60,59,59,60,59,60,60,60,60,59,59,59,59,59,59,60,60,59,59,59,59,59,59,59,59,59,59,59,59,60,59,59,59,60,59,60,59,59,59,60,59,60,59,60,60,60,59,60,59,60,60,59,59,60,60,59,60,60,60,60,59,60,59,59,59,60,59,60,60,60,60,60,59,59,,,,,,,,,,,,,,,,,,,,,,
PAC:IR,(                ),A,9,9,9,9,9,9,9,9,9,9,9,9,9,9,9,9,9,9,9,9,9,9,9,9,9,9,9,9,9,9,9,9,9,9,9,9,9,9,9,9,9,9,9,9,9,275,625,360,325,282,313,282,281,341,633,698,723,831,812,813,907,947,988,991,1438,1513,1019,1410,978,1245,1468,1169,1470,1002,1448,995,1430,984,1377,944,1151,943,1004,1455,1012,1468,1021,1454,933,1272,940,1158,1437,1001,1472,1002,1462,996,1239,959,1139,1479,980,1467,982,1388,937,1215,1495,1011,1412,1414,1027,1507,943,1035,1479,1001,1389,1468,990,1517,,,,,,,,,,,,,,,,,,,,,,
PAC:IS,(                ),A,9,9,9,9,9,9,9,9,9,9,9,9,9,9,9,9,9,9,8,5,9,9,9,9,9,9,9,9,9,9,9,9,9,9,9,9,9,9,9,9,9,9,9,9,9,273,638,361,326,278,312,281,281,343,644,710,736,836,825,829,933,957,998,1039,1493,1574,1041,1491,1018,1300,1527,1212,1535,1060,1523,1040,1485,1033,1429,976,1201,993,1044,1534,1066,1550,1063,1509,978,1322,983,1194,1499,1030,1532,1044,1516,1033,1291,990,1205,1533,1030,1510,1030,1461,980,1266,1545,1039,1459,1467,1079,1583,977,1071,1543,1048,1447,1514,1018,1554,,,,,,,,,,,,,,,,,,,,,,
PAC:IT,(                ),A,8,8,8,8,8,8,8,8,8,8,8,8,8,8,8,8,8,8,8,8,8,8,8,8,8,8,8,8,8,8,8,8,8,8,8,8,8,8,8,8,8,8,8,8,8,267,620,356,323,278,308,276,276,338,628,693,719,820,811,813,910,939,979,994,1445,1507,1010,1420,983,1247,1474,1166,1470,1007,1465,1004,1441,985,1376,951,1164,952,1018,1479,1022,1483,1023,1462,938,1278,939,1166,1440,1001,1478,1003,1456,995,1233,954,1148,1483,983,1466,990,1395,945,1220,1499,1017,1419,1418,1042,1519,954,1041,1492,1012,1400,1470,994,1510,,,,,,,,,,,,,,,,,,,,,,
PAC:KW,(                ),kW,4.8,4.9,4.9,4.9,4.9,4.9,4.8,4.8,4.9,4.8,4.8,4.8,4.8,4.8,4.8,4.8,4.9,4.8,5.0,4.2,4.9,4.8,4.8,4.9,4.9,4.9,4.9,4.9,4.9,4.9,4.9,4.9,4.9,4.9,4.9,4.9,4.8,4.8,4.9,4.9,4.8,4.8,4.8,4.8,4.8,174.3,388.3,227.9,205.7,176.5,197.8,177.1,176.6,216.7,403.3,438.1,453.1,510.7,500.8,501.9,557.6,575.5,603.1,623.8,872.8,913.5,625.9,859.8,605.9,763.0,889.6,716.2,896.0,628.3,888.6,623.3,872.8,615.2,831.9,583.9,706.1,586.6,624.1,893.4,632.8,893.8,633.8,882.7,580.2,782.1,583.6,708.7,874.1,620.1,894.1,624.0,886.8,614.1,761.8,595.9,706.3,903.7,615.8,891.8,615.2,849.6,586.7,752.7,911.0,630.7,861.5,862.9,646.9,925.2,590.4,646.7,907.0,630.0,850.5,895.2,618.4,920.1,,,,,,,,,,,,,,,,,,,,,,
PAC:KWH,(                ),,17040476,17040476,17040476,17040478,17040478,17040480,17040480,17040480,17040482,17040482,17040484,17040484,17040486,17040486,17040486,17040488,17040488,17040490,17040490,17040490,17040492,17040492,17040494,17040494,17040494,17040496,17040496,17040498,17040498,17040498,17040500,17040500,17040502,17040502,17040502,17040504,17040504,17040506,17040506,17040506,17040508,17040508,17040510,17040510,17040510,17040518,17040580,17040634,17040666,17040700,17040724,17040760,17040790,17040822,17040868,17040934,17041000,17041086,17041174,17041252,17041340,17041424,17041534,17041636,17041752,17041910,17042028,17042134,17042278,17042380,17042434,17042616,17042740,17042874,17043000,17043116,17043236,17043350,17043474,17043612,17043710,17043852,17043930,17044074,17044188,17044318,17044438,17044550,17044666,17044788,17044930,17045028,17045172,17045264,17045410,17045532,17045644,17045780,17045890,17046018,17046134,17046266,17046380,17046508,17046618,17046748,17046874,17046984,17047134,17047226,17047356,17047512,17047624,17047748,17047894,17047986,17048144,17048264,17048380,17048532,17048630,17048774,,,,,,,,,,,,,,,,,,,,,,
PAC:PF,(                ),,0.85,0.85,0.85,0.85,0.85,0.85,0.85,0.85,0.85,0.85,0.85,0.85,0.85,0.85,0.85,0.85,0.85,0.85,0.92,0.88,0.85,0.85,0.85,0.85,0.85,0.85,0.85,0.85,0.85,0.85,0.85,0.85,0.85,0.85,0.85,0.85,0.85,0.85,0.85,0.85,0.85,0.85,0.85,0.85,0.85,0.97,0.94,0.96,0.96,0.96,0.96,0.96,0.96,0.96,0.97,0.95,0.95,0.95,0.94,0.94,0.94,0.94,0.94,0.96,0.94,0.94,0.95,0.93,0.95,0.94,0.94,0.94,0.93,0.95,0.93,0.95,0.94,0.95,0.93,0.95,0.94,0.95,0.95,0.94,0.95,0.94,0.95,0.94,0.95,0.94,0.95,0.94,0.94,0.95,0.93,0.95,0.94,0.95,0.94,0.95,0.94,0.94,0.95,0.93,0.95,0.93,0.95,0.94,0.94,0.95,0.93,0.94,0.95,0.94,0.95,0.95,0.94,0.95,0.93,0.94,0.95,0.94,,,,,,,,,,,,,,,,,,,,,,
PAC:VRS,(                ),V,383.9,384.5,384.6,384.6,384.9,385.1,385.3,385.2,385.5,384.7,382.5,382.1,382.4,382.3,382.5,383.5,383.1,383.9,384.1,384.6,384.7,384.6,384.7,384.8,384.5,384.6,385.0,385.1,385.2,385.2,384.9,384.9,385.0,384.8,385.3,384.6,384.2,383.7,383.8,383.6,383.1,382.8,381.6,381.5,381.1,382.7,379.3,382.3,381.1,380.8,382.9,381.7,380.5,382.1,379.0,378.1,378.5,375.7,375.3,375.2,374.3,373.0,372.4,372.3,368.6,367.0,371.4,368.2,370.9,369.5,368.0,370.8,370.3,373.6,370.8,373.7,370.4,373.5,368.5,370.7,369.3,369.8,369.8,367.9,370.7,367.3,370.8,368.1,371.8,370.1,372.3,370.9,369.1,372.1,369.3,372.4,369.9,373.3,372.3,374.0,372.8,371.8,375.0,371.6,373.7,371.3,374.0,373.0,370.7,374.0,371.5,371.2,374.1,370.7,374.9,374.2,371.4,374.9,372.0,371.7,375.3,371.1,,,,,,,,,,,,,,,,,,,,,,
PAC:VST,(                ),V,384.0,384.8,384.8,384.9,385.3,385.4,385.5,385.5,385.7,384.8,382.6,382.3,382.6,382.5,382.6,383.6,383.3,384.0,384.3,384.8,385.0,384.7,384.9,384.9,384.5,384.7,385.2,385.2,385.3,385.1,385.1,384.8,385.1,385.0,385.3,384.7,384.3,383.9,383.9,383.8,383.5,382.7,381.9,381.7,381.5,383.7,379.2,382.9,381.8,381.7,383.5,382.8,381.4,382.9,379.4,379.2,379.3,376.8,376.1,375.9,374.6,373.9,374.1,373.4,369.4,367.7,372.0,368.9,371.7,370.1,368.5,371.9,371.2,374.3,371.9,374.3,371.5,374.2,369.2,371.4,370.3,370.9,370.8,367.9,371.1,367.3,371.5,368.9,372.1,370.3,372.8,371.3,369.7,373.1,370.0,373.6,370.4,374.3,372.6,374.4,373.0,372.1,375.7,371.9,374.7,371.4,374.7,373.2,370.6,374.5,372.7,371.6,375.1,371.2,375.3,374.7,372.2,375.4,372.5,372.2,376.3,371.9,,,,,,,,,,,,,,,,,,,,,,
PAC:VTR,(                ),V,384.0,384.5,384.7,384.8,385.0,385.3,385.4,385.4,385.7,384.7,382.6,382.4,382.6,382.5,382.7,383.7,383.2,384.0,384.1,384.8,385.0,384.9,385.1,384.9,384.7,385.0,385.4,385.4,385.3,385.4,385.2,385.1,385.3,385.1,385.5,384.8,384.2,383.8,384.2,383.9,383.4,382.9,381.9,381.7,381.4,383.0,379.7,382.5,381.2,381.0,383.0,382.0,381.0,382.9,379.8,378.6,379.6,376.1,375.1,376.1,375.1,374.1,373.9,373.0,369.0,368.0,371.4,369.0,372.0,369.7,368.1,371.7,371.3,374.7,371.7,374.0,371.3,374.5,369.1,371.7,370.4,371.2,371.1,368.2,371.8,368.0,371.4,369.2,372.4,370.8,373.1,371.4,370.1,372.8,370.0,373.5,370.4,374.3,373.3,374.9,373.8,372.2,376.0,372.1,374.3,371.7,374.6,373.8,371.4,375.0,372.7,372.1,374.9,371.6,375.3,375.3,372.5,375.6,372.3,372.0,376.4,371.9,,,,,,,,,,,,,,,,,,,,,,
CH1B1:KWH,(                ),,4433714,4433714,4433714,4433714,4433714,4433714,4433714,4433714,4433714,4433714,4433714,4433714,4433714,4433714,4433714,4433714,4433714,4433714,4433714,4433714,4433714,4433714,4433714,4433714,4433714,4433714,4433714,4433714,4433714,4433714,4433714,4433714,4433714,4433714,4433714,4433714,4433714,4433714,4433714,4433714,4433714,4433714,4433714,4433714,4433714,4433714,4433714,4433714,4433714,4433714,4433714,4433714,4433714,4433714,4433714,4433714,4433714,4433714,4433714,4433714,4433714,4433714,4433714,4433714,4433714,4433714,4433714,4433714,4433714,4433714,4433714,4433714,4433714,4433714,4433714,4433714,4433714,4433714,4433714,4433714,4433714,4433714,4433714,4433714,4433714,4433714,4433714,4433714,4433714,4433714,4433714,4433714,4433714,4433714,4433714,4433714,4433714,4433714,4433714,4433714,4433714,4433714,4433714,4433714,4433714,4433714,4433714,4433714,4433714,4433714,4433714,4433714,4433714,4433714,4433714,4433714,4433714,4433714,4433714,4433714,4433714,4433714,,,,,,,,,,,,,,,,,,,,,,
CH2B1:KWH,(                ),,3323912,3323912,3323912,3323912,3323912,3323912,3323912,3323912,3323912,3323912,3323912,3323912,3323912,3323912,3323912,3323912,3323912,3323912,3323912,3323912,3323912,3323912,3323912,3323912,3323912,3323912,3323912,3323912,3323912,3323912,3323912,3323912,3323912,3323912,3323912,3323912,3323912,3323912,3323912,3323912,3323912,3323912,3323912,3323912,3323912,3323912,3323912,3323912,3323912,3323912,3323912,3323912,3323912,3323912,3323912,3323912,3323912,3323912,3323912,3323912,3323912,3323912,3323912,3323912,3323912,3323912,3323912,3323912,3323912,3323912,3323912,3323912,3323912,3323912,3323912,3323912,3323912,3323912,3323912,3323912,3323912,3323912,3323912,3323912,3323912,3323912,3323912,3323912,3323912,3323912,3323912,3323912,3323912,3323912,3323912,3323912,3323912,3323912,3323912,3323912,3323912,3323912,3323912,3323912,3323912,3323912,3323912,3323912,3323912,3323912,3323912,3323912,3323912,3323912,3323912,3323912,3323912,3323912,3323912,3323912,3323912,3323912,,,,,,,,,,,,,,,,,,,,,,
CHP1B1:KWH,(                ),,313214,313214,313214,313214,313214,313214,313214,313214,313214,313214,313214,313214,313214,313214,313214,313214,313214,313214,313214,313214,313214,313214,313214,313214,313214,313214,313214,313214,313214,313214,313214,313214,313214,313214,313214,313214,313214,313214,313214,313214,313214,313214,313214,313214,313214,313214,313214,313214,313214,313214,313214,313214,313214,313214,313214,313214,313214,313214,313214,313214,313214,313214,313214,313214,313214,313214,313214,313214,313214,313214,313214,313214,313214,313214,313214,313214,313214,313214,313214,313214,313214,313214,313214,313214,313214,313214,313214,313214,313214,313214,313214,313214,313214,313214,313214,313214,313214,313214,313214,313214,313214,313214,313214,313214,313214,313214,313214,313214,313214,313214,313214,313214,313214,313214,313214,313214,313214,313214,313214,313214,313214,313214,,,,,,,,,,,,,,,,,,,,,,
CHP2B1:KWH,(                ),,259932,259932,259932,259932,259932,259932,259932,259932,259932,259932,259932,259932,259932,259932,259932,259932,259932,259932,259932,259932,259932,259932,259932,259932,259932,259932,259932,259932,259932,259932,259932,259932,259932,259932,259932,259932,259932,259932,259932,259932,259932,259932,259932,259932,259932,259932,259932,259932,259932,259932,259932,259932,259932,259932,259932,259932,259932,259932,259932,259932,259932,259932,259932,259932,259932,259932,259932,259932,259932,259932,259932,259932,259932,259932,259932,259932,259932,259932,259932,259932,259932,259932,259932,259932,259932,259932,259932,259932,259932,259932,259932,259932,259932,259932,259932,259932,259932,259932,259932,259932,259932,259932,259932,259932,259932,259932,259932,259932,259932,259932,259932,259932,259932,259932,259932,259932,259932,259932,259932,259932,259932,259932,,,,,,,,,,,,,,,,,,,,,,
CHP3B1:KWH,(                ),,4159,4159,4159,4159,4159,4159,4159,4159,4159,4159,4159,4159,4159,4159,4159,4159,4159,4159,4159,4159,4159,4159,4159,4159,4159,4159,4159,4159,4159,4159,4159,4159,4159,4159,4159,4159,4159,4159,4159,4159,4159,4159,4159,4159,4159,4159,4159,4159,4159,4159,4159,4159,4159,4159,4159,4159,4159,4159,4159,4159,4159,4159,4159,4159,4159,4159,4159,4159,4159,4159,4159,4159,4159,4159,4159,4159,4159,4159,4159,4159,4159,4159,4159,4159,4159,4159,4159,4159,4159,4159,4159,4159,4159,4159,4159,4159,4159,4159,4159,4159,4159,4159,4159,4159,4159,4159,4159,4159,4159,4159,4159,4159,4159,4159,4159,4159,4159,4159,4159,4159,4159,4159,,,,,,,,,,,,,,,,,,,,,,
CT1B1:KW,(                ),kW,8.2,8.2,8.2,8.2,8.2,8.2,8.2,8.2,8.2,8.2,8.2,8.2,8.2,8.2,8.2,8.2,8.2,8.2,8.2,8.2,8.2,8.2,8.2,8.2,8.2,8.2,8.2,8.2,8.2,8.2,8.2,8.2,8.2,8.2,8.2,8.2,8.2,8.2,8.2,8.2,8.2,8.2,8.2,8.2,8.2,8.2,8.2,8.2,8.2,8.2,8.2,8.2,8.2,8.2,8.2,8.2,8.2,8.2,8.2,8.2,8.2,8.2,8.2,8.2,8.2,8.2,8.2,8.2,8.2,8.2,8.2,8.2,8.2,8.2,8.2,8.2,8.2,8.2,8.2,8.2,8.2,8.2,8.2,8.2,8.2,8.2,8.2,8.2,8.2,8.2,8.2,8.2,8.2,8.2,8.2,8.2,8.2,8.2,8.2,8.2,8.2,8.2,8.2,8.2,8.2,8.2,8.2,8.2,8.2,8.2,8.2,8.2,8.2,8.2,8.2,8.2,8.2,8.2,8.2,8.2,8.2,8.2,,,,,,,,,,,,,,,,,,,,,,
CT1B1:KWH,(                ),,244843,244843,244843,244843,244843,244843,244843,244843,244843,244843,244843,244843,244843,244843,244843,244843,244843,244843,244843,244843,244843,244843,244843,244843,244843,244843,244843,244843,244843,244843,244843,244843,244843,244843,244843,244843,244843,244843,244843,244843,244843,244843,244843,244843,244843,244843,244843,244843,244843,244843,244843,244843,244843,244843,244843,244843,244843,244843,244843,244843,244843,244843,244843,244843,244843,244843,244843,244843,244843,244843,244843,244843,244843,244843,244843,244843,244843,244843,244843,244843,244843,244843,244843,244843,244843,244843,244843,244843,244843,244843,244843,244843,244843,244843,244843,244843,244843,244843,244843,244843,244843,244843,244843,244843,244843,244843,244843,244843,244843,244843,244843,244843,244843,244843,244843,244843,244843,244843,244843,244843,244843,244843,,,,,,,,,,,,,,,,,,,,,,
CT2B1:KW,(                ),kW,0.0,0.0,0.0,0.0,0.0,0.0,0.0,0.0,0.0,0.0,0.0,0.0,0.0,0.0,0.0,0.0,0.0,0.0,0.0,0.0,0.0,0.0,0.0,0.0,0.0,0.0,0.0,0.0,0.0,0.0,0.0,0.0,0.0,0.0,0.0,0.0,0.0,0.0,0.0,0.0,0.0,0.0,0.0,0.0,0.0,0.0,0.0,0.0,0.0,0.0,0.0,0.0,0.0,0.0,0.0,0.0,0.0,0.0,0.0,0.0,0.0,0.0,0.0,0.0,0.0,0.0,0.0,0.0,0.0,0.0,0.0,0.0,0.0,0.0,0.0,0.0,0.0,0.0,0.0,0.0,0.0,0.0,0.0,0.0,0.0,0.0,0.0,0.0,0.0,0.0,0.0,0.0,0.0,0.0,0.0,0.0,0.0,0.0,0.0,0.0,0.0,0.0,0.0,0.0,0.0,0.0,0.0,0.0,0.0,0.0,0.0,0.0,0.0,0.0,0.0,0.0,0.0,0.0,0.0,0.0,0.0,0.0,,,,,,,,,,,,,,,,,,,,,,
CT2B1:KWH,(                ),,111175,111175,111175,111175,111175,111175,111175,111175,111175,111175,111175,111175,111175,111175,111175,111175,111175,111175,111175,111175,111175,111175,111175,111175,111175,111175,111175,111175,111175,111175,111175,111175,111175,111175,111175,111175,111175,111175,111175,111175,111175,111175,111175,111175,111175,111175,111175,111175,111175,111175,111175,111175,111175,111175,111175,111175,111175,111175,111175,111175,111175,111175,111175,111175,111175,111175,111175,111175,111175,111175,111175,111175,111175,111175,111175,111175,111175,111175,111175,111175,111175,111175,111175,111175,111175,111175,111175,111175,111175,111175,111175,111175,111175,111175,111175,111175,111175,111175,111175,111175,111175,111175,111175,111175,111175,111175,111175,111175,111175,111175,111175,111175,111175,111175,111175,111175,111175,111175,111175,111175,111175,111175,,,,,,,,,,,,,,,,,,,,,,
CWP1B1:KWH,(                ),,839195,839195,839195,839195,839195,839195,839195,839195,839195,839195,839195,839195,839195,839195,839195,839195,839195,839195,839195,839195,839195,839195,839195,839195,839195,839195,839195,839195,839195,839195,839195,839195,839195,839195,839195,839195,839195,839195,839195,839195,839195,839195,839195,839195,839195,839195,839195,839195,839195,839195,839195,839195,839195,839195,839195,839195,839195,839195,839195,839195,839195,839195,839195,839195,839195,839195,839195,839195,839195,839195,839195,839195,839195,839195,839195,839195,839195,839195,839195,839195,839195,839195,839195,839195,839195,839195,839195,839195,839195,839195,839195,839195,839195,839195,839195,839195,839195,839195,839195,839195,839195,839195,839195,839195,839195,839195,839195,839195,839195,839195,839195,839195,839195,839195,839195,839195,839195,839195,839195,839195,839195,839195,,,,,,,,,,,,,,,,,,,,,,
CWP2B1:KWH,(                ),,705224,705224,705224,705224,705224,705224,705224,705224,705224,705224,705224,705224,705224,705224,705224,705224,705224,705224,705224,705224,705224,705224,705224,705224,705224,705224,705224,705224,705224,705224,705224,705224,705224,705224,705224,705224,705224,705224,705224,705224,705224,705224,705224,705224,705224,705224,705224,705224,705224,705224,705224,705224,705224,705224,705224,705224,705224,705224,705224,705224,705224,705224,705224,705224,705224,705224,705224,705224,705224,705224,705224,705224,705224,705224,705224,705224,705224,705224,705224,705224,705224,705224,705224,705224,705224,705224,705224,705224,705224,705224,705224,705224,705224,705224,705224,705224,705224,705224,705224,705224,705224,705224,705224,705224,705224,705224,705224,705224,705224,705224,705224,705224,705224,705224,705224,705224,705224,705224,705224,705224,705224,705224,,,,,,,,,,,,,,,,,,,,,,
CWP3B1:KWH,(                ),,10,10,10,10,10,10,10,10,10,10,10,10,10,10,10,10,10,10,10,10,10,10,10,10,10,10,10,10,10,10,10,10,10,10,10,10,10,10,10,10,10,10,10,10,10,10,10,10,10,10,10,10,10,10,10,10,10,10,10,10,10,10,10,10,10,10,10,10,10,10,10,10,10,10,10,10,10,10,10,10,10,10,10,10,10,10,10,10,10,10,10,10,10,10,10,10,10,10,10,10,10,10,10,10,10,10,10,10,10,10,10,10,10,10,10,10,10,10,10,10,10,10,,,,,,,,,,,,,,,,,,,,,,
CH1F7.KWH,(度數            ),kW h,376780,376828,376871,376908,376944,376980,377029,377071,377108,377143,377176,377208,377227,377227,377227,377227,377227,377227,377227,377227,377227,377227,377227,377227,377227,377227,377227,377227,377227,377227,377227,377227,377227,377227,377227,377260,377312,377364,377416,377467,377516,377568,377621,377674,377723,377765,377800,377832,377861,377899,377951,378004,378055,378107,378158,378209,378261,378312,378363,378414,378466,378517,378569,378620,378672,378724,378775,378826,378878,378929,378955,379032,379083,379134,379185,379236,379287,379338,379389,379440,379491,379543,379594,379645,379696,379747,379798,379850,379900,379951,380001,380052,380103,380154,380205,380256,380307,380357,380408,380459,380510,380561,380611,380661,380712,380763,380814,380865,380916,380967,381018,381067,381118,381168,381219,381270,381321,381371,381422,381473,381524,381575,,,,,,,,,,,,,,,,,,,,,,
CH2F7:KWH,(                ),,3520462,3520462,3520462,3520462,3520462,3520462,3520462,3520462,3520462,3520462,3520462,3520462,3520463,3520463,3520463,3520463,3520463,3520463,3520463,3520463,3520463,3520463,3520463,3520463,3520463,3520463,3520463,3520463,3520463,3520463,3520463,3520464,3520464,3520464,3520464,3520464,3520464,3520464,3520464,3520464,3520464,3520464,3520464,3520464,3520464,3520465,3520465,3520465,3520465,3520465,3520465,3520465,3520465,3520465,3520465,3520465,3520465,3520537,3520620,3520711,3520793,3520872,3520971,3521063,3521154,3521236,3521325,3521411,3521502,3521593,3521627,3521764,3521842,3521942,3522025,3522113,3522203,3522281,3522381,3522472,3522555,3522645,3522735,3522820,3522911,3522993,3523084,3523173,3523250,3523350,3523432,3523523,3523604,3523682,3523782,3523873,3523965,3524047,3524136,3524222,3524314,3524405,3524488,3524578,3524657,3524756,3524847,3524930,3525022,3525112,3525199,3525282,3525374,3525457,3525546,3525633,3525724,3525816,3525899,3525989,3526067,3526167,,,,,,,,,,,,,,,,,,,,,,
CH3F7:KWH,(                ),,1555021,1555021,1555022,1555022,1555022,1555022,1555022,1555022,1555022,1555022,1555022,1555022,1555022,1555022,1555022,1555022,1555022,1555022,1555022,1555023,1555023,1555023,1555023,1555023,1555023,1555023,1555023,1555023,1555023,1555023,1555023,1555023,1555023,1555023,1555023,1555023,1555024,1555024,1555024,1555024,1555024,1555024,1555024,1555024,1555024,1555024,1555024,1555024,1555024,1555024,1555024,1555024,1555024,1555025,1555025,1555025,1555025,1555025,1555025,1555025,1555025,1555025,1555025,1555025,1555025,1555025,1555025,1555025,1555026,1555026,1555026,1555026,1555026,1555026,1555026,1555026,1555026,1555026,1555026,1555026,1555026,1555026,1555026,1555026,1555027,1555027,1555027,1555027,1555027,1555027,1555027,1555027,1555027,1555027,1555027,1555027,1555027,1555027,1555027,1555028,1555028,1555028,1555028,1555028,1555028,1555028,1555028,1555028,1555028,1555028,1555028,1555028,1555028,1555028,1555028,1555028,1555028,1555029,1555029,1555029,1555029,1555029,,,,,,,,,,,,,,,,,,,,,,
CH4F7.KWH,(度數            ),kW h,514093,514093,514093,514093,514093,514093,514093,514093,514093,514093,514093,514093,514093,514093,514093,514093,514093,514093,514093,514093,514093,514093,514093,514093,514093,514093,514093,514093,514093,514093,514093,514093,514093,514093,514093,514093,514093,514093,514093,514093,514093,514093,514093,514093,514093,514093,514093,514093,514093,514093,514093,514093,514093,514093,514093,514093,514093,514109,514156,514195,514195,514224,514272,514321,514369,514417,514465,514513,514561,514609,514633,514705,514752,514800,514847,514895,514942,514990,515038,515085,515133,515181,515228,515276,515324,515371,515419,515467,515514,515562,515609,515656,515704,515752,515799,515846,515894,515941,515989,516037,516084,516132,516179,516227,516275,516322,516369,516418,516465,516498,516498,516498,516498,516498,516498,516498,516498,516498,516498,516498,516498,516498,,,,,,,,,,,,,,,,,,,,,,
CH5F7.KWH,(度數            ),kW h,498548,498548,498548,498548,498548,498548,498548,498548,498548,498548,498548,498548,498548,498548,498548,498548,498548,498548,498548,498548,498548,498548,498548,498548,498548,498548,498548,498548,498548,498548,498548,498548,498548,498548,498548,498548,498548,498548,498548,498548,498548,498548,498548,498548,498548,498548,498548,498548,498548,498548,498548,498548,498548,498548,498548,498548,498548,498548,498548,498548,498548,498548,498548,498548,498548,498548,498548,498548,498548,498548,498548,498548,498548,498548,498548,498548,498548,498548,498548,498548,498548,498548,498548,498548,498548,498548,498548,498548,498548,498548,498548,498548,498548,498548,498548,498548,498548,498548,498548,498548,498548,498548,498548,498548,498548,498548,498548,498548,498548,498548,498548,498561,498610,498658,498706,498755,498803,498851,498899,498947,498996,499044,,,,,,,,,,,,,,,,,,,,,,
CHP1F7:KWH,(                ),,512549,512554,512559,512565,512570,512576,512581,512586,512591,512597,512602,512607,512612,512612,512612,512612,512612,512612,512612,512612,512612,512612,512612,512612,512612,512612,512612,512612,512612,512612,512612,512612,512612,512614,512619,512624,512630,512635,512640,512646,512650,512656,512661,512667,512672,512677,512683,512688,512694,512699,512704,512709,512714,512720,512725,512730,512735,512741,512746,512751,512757,512762,512767,512772,512777,512783,512788,512793,512799,512804,512806,512814,512819,512825,512830,512835,512841,512845,512851,512856,512862,512866,512872,512877,512882,512888,512893,512898,512903,512909,512914,512919,512924,512930,512935,512940,512945,512951,512956,512961,512966,512972,512977,512983,512987,512993,512998,513004,513008,513014,513019,513024,513029,513035,513040,513045,513051,513056,513061,513067,513071,513077,,,,,,,,,,,,,,,,,,,,,,
CHP2F7:KWH,(                ),,234004,234004,234004,234004,234004,234004,234004,234004,234004,234004,234004,234004,234004,234004,234004,234004,234004,234004,234004,234004,234004,234004,234004,234004,234004,234004,234004,234004,234004,234004,234004,234004,234004,234004,234004,234004,234004,234004,234004,234004,234004,234004,234004,234004,234004,234004,234004,234004,234004,234004,234004,234004,234004,234004,234004,234007,234011,234016,234022,234026,234031,234036,234041,234046,234051,234056,234061,234065,234070,234075,234077,234084,234089,234094,234099,234104,234109,234113,234119,234123,234128,234133,234138,234143,234148,234153,234157,234162,234167,234172,234177,234182,234187,234192,234196,234201,234206,234211,234216,234220,234225,234230,234235,234241,234244,234250,234255,234260,234265,234269,234274,234279,234284,234289,234294,234298,234304,234308,234313,234318,234322,234328,,,,,,,,,,,,,,,,,,,,,,
CHP3F7:KWH,(                ),,118507,118507,118507,118507,118507,118507,118507,118507,118507,118507,118507,118507,118507,118507,118507,118507,118507,118507,118507,118507,118507,118507,118507,118507,118507,118507,118507,118507,118507,118507,118507,118507,118507,118507,118507,118507,118507,118507,118507,118507,118507,118507,118507,118507,118507,118507,118507,118507,118507,118507,118507,118507,118507,118507,118507,118507,118507,118507,118507,118507,118507,118507,118507,118507,118507,118507,118507,118507,118507,118507,118507,118507,118507,118507,118507,118507,118507,118507,118507,118507,118507,118507,118507,118507,118507,118507,118507,118507,118507,118507,118507,118507,118507,118507,118507,118507,118507,118507,118507,118507,118507,118507,118507,118507,118507,118507,118507,118507,118507,118507,118507,118507,118507,118507,118507,118507,118507,118507,118507,118507,118507,118507,,,,,,,,,,,,,,,,,,,,,,
CHP4F7:KWH,(                ),,511938,511938,511938,511938,511938,511938,511938,511938,511938,511938,511938,511938,511938,511938,511938,511938,511938,511938,511938,511938,511938,511938,511938,511938,511938,511938,511938,511938,511938,511938,511938,511938,511938,511938,511938,511938,511938,511938,511938,511938,511938,511938,511938,511938,511938,511938,511938,511938,511938,511938,511938,511938,511938,511938,511938,511939,511943,511949,511954,511959,511964,511970,511975,511979,511985,511990,511995,512000,512005,512010,512012,512020,512025,512030,512036,512041,512046,512050,512056,512061,512066,512071,512076,512081,512087,512092,512097,512102,512106,512112,512117,512122,512128,512133,512138,512143,512148,512153,512158,512163,512168,512173,512179,512184,512188,512194,512199,512204,512209,512215,512219,512219,512219,512219,512219,512219,512219,512219,512219,512219,512219,512219,,,,,,,,,,,,,,,,,,,,,,
CHP5F7:KWH,(                ),,529234,529234,529234,529234,529234,529234,529234,529234,529234,529234,529234,529234,529234,529234,529234,529234,529234,529234,529234,529234,529234,529234,529234,529234,529234,529234,529234,529234,529234,529234,529234,529234,529234,529234,529234,529234,529234,529234,529234,529234,529234,529234,529234,529234,529234,529234,529234,529234,529234,529234,529234,529234,529234,529234,529234,529234,529234,529234,529234,529234,529234,529234,529234,529234,529234,529234,529234,529234,529234,529234,529234,529234,529234,529234,529234,529234,529234,529234,529234,529234,529234,529234,529234,529234,529234,529234,529234,529234,529234,529234,529234,529234,529234,529234,529234,529234,529234,529234,529234,529234,529234,529234,529234,529234,529234,529234,529234,529234,529234,529234,529238,529244,529248,529254,529259,529263,529268,529274,529279,529284,529288,529294,,,,,,,,,,,,,,,,,,,,,,
CWP1F7:KWH,(                ),,517306,517310,517315,517321,517326,517331,517336,517341,517347,517352,517357,517362,517367,517367,517367,517367,517367,517367,517367,517367,517367,517367,517367,517367,517367,517367,517367,517367,517367,517367,517367,517367,517367,517369,517374,517379,517385,517389,517395,517400,517404,517410,517415,517420,517425,517430,517436,517441,517446,517452,517456,517461,517467,517472,517477,517482,517487,517492,517498,517502,517508,517513,517518,517523,517528,517533,517538,517543,517549,517553,517555,517563,517568,517574,517579,517584,517589,517593,517600,517604,517610,517615,517620,517625,517630,517635,517640,517645,517650,517656,517661,517666,517671,517676,517681,517686,517691,517697,517702,517706,517712,517717,517722,517728,517731,517737,517743,517748,517753,517758,517763,517768,517773,517778,517784,517788,517793,517799,517804,517809,517813,517820,,,,,,,,,,,,,,,,,,,,,,
CWP2F7:KWH,(                ),,264126,264126,264126,264126,264126,264126,264126,264126,264126,264126,264126,264126,264126,264126,264126,264126,264126,264126,264126,264126,264126,264126,264126,264126,264126,264126,264126,264126,264126,264126,264126,264126,264126,264126,264126,264126,264126,264126,264126,264126,264126,264126,264126,264126,264126,264126,264126,264126,264126,264126,264126,264126,264126,264126,264126,264129,264134,264140,264146,264151,264157,264163,264168,264173,264179,264184,264190,264195,264201,264206,264209,264217,264222,264228,264234,264240,264245,264250,264256,264261,264267,264272,264278,264283,264289,264295,264300,264306,264310,264317,264322,264328,264333,264339,264344,264350,264355,264361,264367,264371,264377,264383,264389,264394,264399,264405,264411,264416,264422,264427,264433,264438,264444,264449,264455,264460,264466,264471,264477,264483,264487,264494,,,,,,,,,,,,,,,,,,,,,,
CWP3F7:KWH,(                ),,142789,142789,142789,142789,142789,142789,142789,142789,142789,142789,142789,142789,142789,142789,142789,142789,142789,142789,142789,142789,142789,142789,142789,142789,142789,142789,142789,142789,142789,142789,142789,142789,142789,142789,142789,142789,142789,142789,142789,142789,142789,142789,142789,142789,142789,142789,142789,142789,142789,142789,142789,142789,142789,142789,142789,142789,142789,142789,142789,142789,142789,142789,142789,142789,142789,142789,142789,142789,142789,142789,142789,142789,142789,142789,142789,142789,142789,142789,142789,142789,142789,142789,142789,142789,142789,142789,142789,142789,142789,142789,142789,142789,142789,142789,142789,142789,142789,142789,142789,142789,142789,142789,142789,142789,142789,142789,142789,142789,142789,142789,142789,142789,142789,142789,142789,142789,142789,142789,142789,142789,142789,142789,,,,,,,,,,,,,,,,,,,,,,
CWP4F7:KWH,(                ),,567011,567011,567011,567011,567011,567011,567011,567011,567011,567011,567011,567011,567011,567011,567011,567011,567011,567011,567011,567011,567011,567011,567011,567011,567011,567011,567011,567011,567011,567011,567011,567011,567011,567011,567011,567011,567011,567011,567011,567011,567011,567011,567011,567011,567011,567011,567011,567011,567011,567011,567011,567011,567011,567011,567011,567012,567016,567022,567027,567031,567036,567041,567046,567051,567056,567061,567066,567070,567075,567080,567082,567090,567094,567100,567105,567110,567115,567119,567125,567129,567134,567139,567144,567149,567154,567159,567164,567169,567173,567178,567184,567188,567193,567197,567203,567208,567213,567218,567223,567227,567232,567237,567242,567248,567251,567257,567262,567267,567272,567277,567281,567281,567281,567281,567281,567281,567281,567281,567281,567281,567281,567281,,,,,,,,,,,,,,,,,,,,,,
CWP5F7:KWH,(                ),,623292,623292,623292,623292,623292,623292,623292,623292,623292,623292,623292,623292,623292,623292,623292,623292,623292,623292,623292,623292,623292,623292,623292,623292,623292,623292,623292,623292,623292,623292,623292,623292,623292,623292,623292,623292,623292,623292,623292,623292,623292,623292,623292,623292,623292,623292,623292,623292,623292,623292,623292,623292,623292,623292,623292,623292,623292,623292,623292,623292,623292,623292,623292,623292,623292,623292,623292,623292,623292,623292,623292,623292,623292,623292,623292,623292,623292,623292,623292,623292,623292,623292,623292,623292,623292,623292,623292,623292,623292,623292,623292,623292,623292,623292,623292,623292,623292,623292,623292,623292,623292,623292,623292,623292,623292,623292,623292,623292,623292,623292,623297,623303,623309,623315,623321,623326,623332,623338,623344,623351,623355,623362,,,,,,,,,,,,,,,,,,,,,,
CT1-1.KWH,(度數            ),kW h,6321,6322,6323,6324,6325,6326,6327,6329,6330,6331,6332,6333,6334,6334,6334,6334,6334,6334,6334,6334,6334,6334,6334,6334,6334,6334,6334,6334,6334,6334,6334,6334,6334,6335,6336,6337,6338,6339,6340,6342,6343,6344,6345,6346,6347,6348,6350,6351,6352,6353,6354,6355,6356,6358,6359,6360,6361,6362,6363,6364,6366,6367,6368,6369,6370,6371,6372,6373,6375,6376,6376,6378,6379,6380,6381,6382,6384,6385,6386,6387,6388,6389,6390,6391,6393,6394,6395,6396,6397,6398,6399,6400,6402,6403,6404,6405,6406,6407,6408,6409,6411,6412,6413,6414,6415,6416,6417,6418,6420,6421,6422,6423,6424,6425,6426,6427,6429,6430,6431,6432,6433,6434,,,,,,,,,,,,,,,,,,,,,,
CT1-1:KW,(                ),kW,7.0,6.9,6.9,6.8,6.9,7.0,6.9,6.8,6.9,6.9,6.9,6.9,0.0,0.0,0.0,0.0,0.0,0.0,0.0,0.0,0.0,0.0,0.0,0.0,0.0,0.0,0.0,0.0,0.0,0.0,0.0,0.0,0.0,7.0,7.1,7.0,6.8,6.8,6.8,6.9,6.9,6.8,6.8,6.8,6.8,6.9,6.8,6.8,6.8,6.8,6.8,6.9,6.8,7.0,6.8,6.8,6.8,7.0,6.9,6.9,6.8,6.7,6.9,6.8,6.7,6.7,6.9,6.8,6.7,6.7,6.9,6.8,6.8,6.8,6.9,6.7,6.7,6.8,6.8,6.8,6.8,6.8,6.8,6.8,6.8,6.7,6.7,6.6,6.7,6.7,6.7,6.7,6.7,6.7,6.8,6.9,6.6,6.6,6.8,6.8,6.8,6.7,6.8,6.7,6.8,6.8,6.7,6.8,6.9,6.6,6.7,6.7,6.7,6.6,6.8,6.7,6.6,6.8,6.8,6.9,6.8,6.8,,,,,,,,,,,,,,,,,,,,,,
CT1-2.KWH,(度數            ),kW h,8727,8728,8730,8731,8732,8733,8734,8735,8736,8738,8739,8740,8741,8741,8741,8741,8741,8741,8741,8741,8741,8741,8741,8741,8741,8741,8741,8741,8741,8741,8741,8741,8741,8741,8742,8743,8745,8746,8747,8748,8749,8750,8751,8753,8754,8755,8756,8757,8758,8759,8761,8762,8763,8764,8765,8766,8767,8768,8770,8771,8772,8773,8774,8775,8776,8777,8778,8780,8781,8782,8782,8784,8785,8786,8787,8789,8790,8791,8792,8793,8794,8795,8796,8798,8799,8800,8801,8802,8803,8804,8805,8806,8808,8809,8810,8811,8812,8813,8814,8815,8817,8818,8819,8820,8821,8822,8823,8824,8826,8827,8828,8829,8830,8831,8832,8833,8835,8836,8837,8838,8839,8840,,,,,,,,,,,,,,,,,,,,,,
CT1-2:KW,(                ),kW,6.8,6.8,6.8,6.7,6.7,6.8,6.7,6.7,6.7,6.8,6.8,6.8,0.0,0.0,0.0,0.0,0.0,0.0,0.0,0.0,0.0,0.0,0.0,0.0,0.0,0.0,0.0,0.0,0.0,0.0,0.0,0.0,0.0,6.9,7.0,6.8,6.8,6.8,6.9,6.8,6.8,6.9,6.8,6.8,6.8,6.9,6.9,6.6,6.8,6.8,6.7,6.7,6.9,6.7,6.8,6.7,6.7,6.7,6.7,6.6,6.7,6.7,6.8,6.7,6.7,6.7,6.7,6.7,6.6,6.7,6.8,6.7,6.7,6.8,6.7,6.7,6.7,6.8,6.7,6.7,6.7,6.8,6.7,6.7,6.7,6.7,6.7,6.7,6.7,6.8,6.7,6.7,6.6,6.7,6.7,6.7,6.7,6.8,6.8,6.7,6.7,6.8,6.8,6.7,6.7,6.7,6.7,6.8,6.7,6.8,6.8,6.8,6.7,6.7,6.7,6.9,6.7,6.8,6.6,6.8,6.7,6.8,,,,,,,,,,,,,,,,,,,,,,
CT1-3.KWH,(度數            ),kW h,6003,6004,6006,6007,6008,6009,6010,6011,6013,6014,6015,6016,6017,6017,6017,6017,6017,6017,6017,6017,6017,6017,6017,6017,6017,6017,6017,6017,6017,6017,6017,6017,6017,6017,6019,6020,6021,6022,6023,6024,6025,6027,6028,6029,6030,6031,6032,6033,6035,6036,6037,6038,6039,6040,6041,6043,6044,6045,6046,6047,6048,6049,6050,6052,6053,6054,6055,6056,6057,6058,6059,6061,6062,6063,6064,6065,6066,6067,6069,6070,6071,6072,6073,6074,6075,6077,6078,6079,6080,6081,6082,6083,6084,6086,6087,6088,6089,6090,6091,6092,6093,6095,6096,6097,6098,6099,6100,6101,6103,6104,6105,6106,6107,6108,6109,6110,6112,6113,6114,6115,6116,6117,,,,,,,,,,,,,,,,,,,,,,
CT1-3:KW,(                ),kW,6.8,6.9,6.9,6.9,6.9,6.9,6.8,6.9,7.0,6.9,6.9,6.9,0.0,0.0,0.0,0.0,0.0,0.0,0.0,0.0,0.0,0.0,0.0,0.0,0.0,0.0,0.0,0.0,0.0,0.0,0.0,0.0,0.0,7.1,7.1,7.0,6.8,6.9,6.8,6.9,6.9,6.8,6.9,6.8,6.8,6.7,6.9,6.8,6.7,6.8,6.7,6.7,6.8,6.8,6.8,6.8,6.9,6.8,6.8,6.9,6.8,6.8,6.8,6.8,6.7,6.8,6.8,6.7,6.9,6.7,6.9,6.8,6.9,6.8,6.8,6.8,6.8,7.0,6.8,6.8,6.8,6.8,6.8,6.8,6.7,6.7,6.8,6.9,6.7,6.8,6.8,6.7,6.6,6.7,6.8,6.7,6.7,6.8,6.8,6.8,6.8,6.8,6.9,6.8,6.7,6.9,6.8,6.9,6.8,6.8,6.8,6.9,6.8,6.8,6.9,6.8,6.9,6.9,6.9,6.9,7.0,6.8,,,,,,,,,,,,,,,,,,,,,,
CT1-4.KWH,(度數            ),kW h,8953,8954,8955,8956,8958,8959,8960,8961,8962,8963,8965,8966,8967,8967,8967,8967,8967,8967,8967,8967,8967,8967,8967,8967,8967,8967,8967,8967,8967,8967,8967,8967,8967,8967,8968,8970,8971,8972,8973,8974,8975,8976,8978,8979,8980,8981,8982,8983,8985,8986,8987,8988,8989,8990,8992,8993,8994,8995,8996,8997,8998,9000,9001,9002,9003,9004,9005,9006,9008,9009,9009,9011,9012,9013,9014,9016,9017,9018,9019,9020,9021,9022,9024,9025,9026,9027,9028,9029,9030,9032,9033,9034,9035,9036,9037,9038,9040,9041,9042,9043,9044,9045,9047,9048,9049,9050,9051,9052,9053,9055,9056,9057,9058,9059,9060,9062,9063,9064,9065,9066,9067,9068,,,,,,,,,,,,,,,,,,,,,,
CT1-4:KW,(                ),kW,7.0,6.9,6.9,6.9,6.9,6.9,6.9,6.9,7.0,6.9,7.0,6.9,0.0,0.0,0.0,0.0,0.0,0.0,0.0,0.0,0.0,0.0,0.0,0.0,0.0,0.0,0.0,0.0,0.0,0.0,0.0,0.0,0.0,7.2,7.1,7.1,7.0,7.0,7.0,6.9,7.0,7.0,6.9,6.9,6.9,7.0,6.9,6.9,7.0,6.9,6.9,7.0,6.9,6.9,6.9,7.0,6.9,6.9,6.9,6.9,6.9,6.7,6.9,6.9,6.7,6.9,6.9,6.8,6.8,7.0,6.8,6.8,6.9,6.9,6.8,6.9,7.0,6.7,6.9,6.9,6.9,6.9,6.9,6.9,6.8,6.9,6.9,6.9,6.8,6.9,6.8,6.9,6.8,6.8,6.9,6.9,6.9,6.9,6.9,6.9,6.9,6.9,7.2,7.0,7.0,6.9,6.9,7.0,6.8,6.8,7.1,6.9,6.8,6.9,7.0,6.9,6.9,6.8,6.9,6.9,6.9,6.9,,,,,,,,,,,,,,,,,,,,,,
CT1-ALL.KW,(冷卻水塔系統功率),,27.6,27.4,27.6,27.3,27.4,27.5,27.3,27.3,27.5,27.4,27.7,27.4,0.0,0.0,0.0,0.0,0.0,0.0,0.0,0.0,0.0,0.0,0.0,0.0,0.0,0.0,0.0,0.0,0.0,0.0,0.0,0.0,0.0,28.3,28.3,27.9,27.5,27.6,27.5,27.7,27.6,27.5,27.4,27.4,27.4,27.5,27.4,27.2,27.4,27.3,27.3,27.3,27.4,27.4,27.2,27.3,27.3,27.4,27.3,27.3,27.2,26.9,27.3,27.2,26.9,27.1,27.3,27.1,27.0,27.1,27.3,27.0,27.3,27.4,27.2,27.1,27.2,27.4,27.2,27.3,27.1,27.3,27.2,27.2,27.0,27.0,27.2,27.1,26.9,27.1,27.0,26.9,26.7,27.0,27.1,27.2,27.0,27.1,27.2,27.2,27.3,27.1,27.7,27.2,27.3,27.2,27.1,27.6,27.3,27.0,27.3,27.3,27.0,27.0,27.4,27.2,27.2,27.3,27.3,27.3,27.3,27.4,,,,,,,,,,,,,,,,,,,,,,
CT1-ALL.KWH,(度數            ),kW h,30006,30010,30015,30019,30024,30029,30033,30038,30042,30047,30052,30056,30061,30061,30061,30061,30061,30061,30061,30061,30061,30061,30061,30061,30061,30061,30061,30061,30061,30061,30061,30061,30061,30062,30067,30071,30076,30080,30085,30090,30094,30099,30103,30108,30112,30117,30122,30126,30131,30135,30140,30144,30149,30154,30158,30163,30167,30172,30176,30181,30185,30190,30194,30199,30204,30208,30213,30217,30222,30226,30228,30235,30240,30244,30249,30253,30258,30262,30267,30271,30276,30280,30285,30290,30294,30299,30303,30308,30312,30317,30321,30326,30330,30335,30339,30344,30348,30353,30357,30362,30366,30371,30375,30380,30384,30389,30393,30398,30403,30407,30412,30416,30421,30425,30430,30434,30439,30443,30448,30452,30457,30462,,,,,,,,,,,,,,,,,,,,,,
CT2-1.KWH,(度數            ),kW h,10072,10072,10072,10072,10072,10072,10072,10072,10072,10072,10072,10072,10072,10072,10072,10072,10072,10072,10072,10072,10072,10072,10072,10072,10072,10072,10072,10072,10072,10072,10072,10072,10072,10072,10072,10072,10072,10072,10072,10072,10072,10072,10072,10072,10072,10072,10072,10072,10072,10072,10072,10072,10072,10072,10072,10073,10074,10075,10076,10077,10078,10079,10080,10082,10083,10084,10085,10086,10087,10088,10089,10091,10092,10093,10094,10095,10096,10097,10098,10099,10101,10102,10103,10104,10105,10106,10107,10108,10109,10110,10112,10113,10114,10115,10116,10117,10118,10119,10120,10121,10123,10124,10125,10126,10127,10128,10129,10130,10131,10132,10134,10135,10136,10137,10138,10139,10140,10141,10142,10144,10145,10146,,,,,,,,,,,,,,,,,,,,,,
CT2-1:KW,(                ),kW,0.0,0.0,0.0,0.0,0.0,0.0,0.0,0.0,0.0,0.0,0.0,0.0,0.0,0.0,0.0,0.0,0.0,0.0,0.0,0.0,0.0,0.0,0.0,0.0,0.0,0.0,0.0,0.0,0.0,0.0,0.0,0.0,0.0,0.0,0.0,0.0,0.0,0.0,0.0,0.0,0.0,0.0,0.0,0.0,0.0,0.0,0.0,0.0,0.0,0.0,0.0,0.0,0.0,0.0,0.0,6.8,7.0,6.8,6.8,6.7,6.8,6.8,6.7,6.7,6.6,6.5,6.6,6.7,6.7,6.8,6.7,6.7,6.5,6.7,6.8,6.6,6.7,6.8,6.8,6.7,6.8,6.7,6.7,6.6,6.5,6.5,6.4,6.6,6.6,6.6,6.5,6.5,6.5,6.5,6.6,6.5,6.5,6.6,6.6,6.5,6.6,6.5,6.6,6.6,6.6,6.6,6.6,6.6,6.6,6.6,6.5,6.7,6.6,6.6,6.5,6.7,6.5,6.8,6.8,6.8,6.8,6.7,,,,,,,,,,,,,,,,,,,,,,
CT2-2.KWH,(度數            ),kW h,9780,9780,9780,9780,9780,9780,9780,9780,9780,9780,9780,9780,9780,9780,9780,9780,9780,9780,9780,9780,9780,9780,9780,9780,9780,9780,9780,9780,9780,9780,9780,9780,9780,9780,9780,9780,9780,9780,9780,9780,9780,9780,9780,9780,9780,9780,9780,9780,9780,9780,9780,9780,9780,9780,9780,9780,9782,9783,9784,9785,9786,9787,9788,9789,9790,9791,9792,9794,9795,9796,9796,9798,9799,9800,9801,9802,9803,9804,9806,9807,9808,9809,9810,9811,9812,9813,9814,9815,9816,9817,9818,9820,9821,9822,9823,9824,9825,9826,9827,9828,9829,9830,9831,9833,9834,9835,9836,9837,9838,9839,9840,9841,9842,9843,9844,9846,9847,9848,9849,9850,9851,9852,,,,,,,,,,,,,,,,,,,,,,
CT2-2:KW,(                ),kW,0.0,0.0,0.0,0.0,0.0,0.0,0.0,0.0,0.0,0.0,0.0,0.0,0.0,0.0,0.0,0.0,0.0,0.0,0.0,0.0,0.0,0.0,0.0,0.0,0.0,0.0,0.0,0.0,0.0,0.0,0.0,0.0,0.0,0.0,0.0,0.0,0.0,0.0,0.0,0.0,0.0,0.0,0.0,0.0,0.0,0.0,0.0,0.0,0.0,0.0,0.0,0.0,0.0,0.0,0.0,6.8,6.7,6.6,6.5,6.5,6.6,6.5,6.5,6.5,6.4,6.4,6.5,6.5,6.5,6.5,6.5,6.6,6.4,6.5,6.5,6.5,6.5,6.5,6.4,6.5,6.5,6.5,6.5,6.5,6.4,6.6,6.4,6.5,6.5,6.5,6.4,6.5,6.4,6.4,6.5,6.4,6.4,6.5,6.5,6.4,6.5,6.5,6.4,6.5,6.5,6.4,6.4,6.3,6.6,6.5,6.6,6.6,6.5,6.4,6.5,6.6,6.4,6.5,6.5,6.5,6.5,6.6,,,,,,,,,,,,,,,,,,,,,,
CT2-3.KWH,(度數            ),kW h,9611,9611,9611,9611,9611,9611,9611,9611,9611,9611,9611,9611,9611,9611,9611,9611,9611,9611,9611,9611,9611,9611,9611,9611,9611,9611,9611,9611,9611,9611,9611,9611,9611,9611,9611,9611,9611,9611,9611,9611,9611,9611,9611,9611,9611,9611,9611,9611,9611,9611,9611,9611,9611,9611,9611,9611,9613,9614,9615,9616,9617,9618,9619,9620,9621,9622,9623,9624,9625,9627,9627,9629,9630,9631,9632,9633,9634,9635,9636,9637,9638,9639,9641,9642,9643,9644,9645,9646,9647,9648,9649,9650,9651,9652,9653,9654,9656,9657,9658,9659,9660,9661,9662,9663,9664,9665,9666,9667,9668,9670,9671,9672,9673,9674,9675,9676,9677,9678,9679,9680,9681,9682,,,,,,,,,,,,,,,,,,,,,,
CT2-3:KW,(                ),kW,0.0,0.0,0.0,0.0,0.0,0.0,0.0,0.0,0.0,0.0,0.0,0.0,0.0,0.0,0.0,0.0,0.0,0.0,0.0,0.0,0.0,0.0,0.0,0.0,0.0,0.0,0.0,0.0,0.0,0.0,0.0,0.0,0.0,0.0,0.0,0.0,0.0,0.0,0.0,0.0,0.0,0.0,0.0,0.0,0.0,0.0,0.0,0.0,0.0,0.0,0.0,0.0,0.0,0.0,0.0,6.7,6.6,6.4,6.5,6.6,6.5,6.4,6.4,6.4,6.4,6.4,6.5,6.4,6.5,6.5,6.5,6.4,6.5,6.5,6.5,6.5,6.4,6.6,6.4,6.3,6.4,6.4,6.5,6.4,6.3,6.3,6.3,6.4,6.3,6.4,6.4,6.4,6.5,6.5,6.4,6.4,6.5,6.4,6.4,6.4,6.4,6.4,6.5,6.5,6.5,6.5,6.6,6.4,6.5,6.4,6.5,6.5,6.4,6.3,6.4,6.4,6.5,6.5,6.5,6.4,6.6,6.3,,,,,,,,,,,,,,,,,,,,,,
CT2-4.KWH,(度數            ),kW h,9912,9912,9912,9912,9912,9912,9912,9912,9912,9912,9912,9912,9912,9912,9912,9912,9912,9912,9912,9912,9912,9912,9912,9912,9912,9912,9912,9912,9912,9912,9912,9912,9912,9912,9912,9912,9912,9912,9912,9912,9912,9912,9912,9912,9912,9912,9912,9912,9912,9912,9912,9912,9912,9912,9912,9913,9914,9915,9916,9917,9919,9920,9921,9922,9923,9924,9925,9926,9927,9928,9929,9931,9932,9933,9934,9935,9936,9937,9938,9939,9940,9942,9943,9944,9945,9946,9947,9948,9949,9950,9951,9953,9954,9955,9956,9957,9958,9959,9960,9961,9962,9964,9965,9966,9967,9968,9969,9970,9971,9972,9974,9975,9976,9977,9978,9979,9980,9981,9982,9983,9985,9986,,,,,,,,,,,,,,,,,,,,,,
CT2-4:KW,(                ),kW,0.0,0.0,0.0,0.0,0.0,0.0,0.0,0.0,0.0,0.0,0.0,0.0,0.0,0.0,0.0,0.0,0.0,0.0,0.0,0.0,0.0,0.0,0.0,0.0,0.0,0.0,0.0,0.0,0.0,0.0,0.0,0.0,0.0,0.0,0.0,0.0,0.0,0.0,0.0,0.0,0.0,0.0,0.0,0.0,0.0,0.0,0.0,0.0,0.0,0.0,0.0,0.0,0.0,0.0,0.0,6.9,7.0,6.6,6.6,6.6,6.6,6.6,6.5,6.6,6.6,6.5,6.6,6.6,6.8,6.6,6.5,6.5,6.6,6.6,6.6,6.6,6.7,6.6,6.5,6.6,6.7,6.6,6.6,6.6,6.5,6.6,6.7,6.6,6.5,6.6,6.5,6.5,6.6,6.7,6.7,6.5,6.5,6.6,6.6,6.6,6.7,6.6,6.7,6.6,6.6,6.8,6.6,6.6,6.6,6.7,6.6,6.7,6.7,6.6,6.7,6.6,6.6,6.6,6.5,6.5,6.6,6.6,,,,,,,,,,,,,,,,,,,,,,
CT2-ALL.KW,(冷卻水塔系統功率),,0.0,0.0,0.0,0.0,0.0,0.0,0.0,0.0,0.0,0.0,0.0,0.0,0.0,0.0,0.0,0.0,0.0,0.0,0.0,0.0,0.0,0.0,0.0,0.0,0.0,0.0,0.0,0.0,0.0,0.0,0.0,0.0,0.0,0.0,0.0,0.0,0.0,0.0,0.0,0.0,0.0,0.0,0.0,0.0,0.0,0.0,0.0,0.0,0.0,0.0,0.0,0.0,0.0,0.0,0.0,27.2,27.3,26.5,26.4,26.4,26.5,26.3,26.2,26.2,26.1,25.8,26.2,26.2,26.5,26.3,26.4,26.2,26.0,26.3,26.5,26.3,26.4,26.5,26.2,26.1,26.3,26.3,26.2,26.2,25.8,26.0,25.9,26.1,25.9,26.1,25.9,25.9,26.1,26.1,26.2,25.8,25.9,26.1,26.2,26.0,26.3,26.1,26.2,26.3,26.2,26.3,26.2,26.0,26.4,26.1,26.2,26.5,26.1,26.1,26.1,26.3,26.1,26.4,26.4,26.2,26.4,26.2,,,,,,,,,,,,,,,,,,,,,,
CT2-ALL.KWH,(度數            ),kW h,39377,39377,39377,39377,39377,39377,39377,39377,39377,39377,39377,39377,39377,39377,39377,39377,39377,39377,39377,39377,39377,39377,39377,39377,39377,39377,39377,39377,39377,39377,39377,39377,39377,39377,39377,39377,39377,39377,39377,39377,39377,39377,39377,39377,39377,39377,39377,39377,39377,39377,39377,39377,39377,39377,39377,39379,39383,39388,39392,39397,39401,39405,39410,39414,39419,39423,39427,39432,39436,39440,39443,39449,39454,39458,39462,39467,39471,39475,39480,39484,39489,39493,39497,39502,39506,39510,39515,39519,39523,39528,39532,39536,39541,39545,39549,39554,39558,39563,39567,39571,39576,39580,39584,39589,39593,39598,39602,39606,39611,39615,39619,39624,39628,39632,39637,39641,39646,39650,39654,39659,39663,39667,,,,,,,,,,,,,,,,,,,,,,
CT3-1.KWH,(度數            ),kW h,5140,5140,5140,5140,5140,5140,5140,5140,5140,5140,5140,5140,5140,5140,5140,5140,5140,5140,5140,5140,5140,5140,5140,5140,5140,5140,5140,5140,5140,5140,5140,5140,5140,5140,5140,5140,5140,5140,5140,5140,5140,5140,5140,5140,5140,5140,5140,5140,5140,5140,5140,5140,5140,5140,5140,5140,5140,5140,5140,5140,5140,5140,5140,5140,5140,5140,5140,5140,5140,5140,5140,5140,5140,5140,5140,5140,5140,5140,5140,5140,5140,5140,5140,5140,5140,5140,5140,5140,5140,5140,5140,5140,5140,5140,5140,5140,5140,5140,5140,5140,5140,5140,5140,5140,5140,5140,5140,5140,5140,5140,5140,5140,5140,5140,5140,5140,5140,5140,5140,5140,5140,5140,,,,,,,,,,,,,,,,,,,,,,
CT3-1:KW,(                ),kW,0.0,0.0,0.0,0.0,0.0,0.0,0.0,0.0,0.0,0.0,0.0,0.0,0.0,0.0,0.0,0.0,0.0,0.0,0.0,0.0,0.0,0.0,0.0,0.0,0.0,0.0,0.0,0.0,0.0,0.0,0.0,0.0,0.0,0.0,0.0,0.0,0.0,0.0,0.0,0.0,0.0,0.0,0.0,0.0,0.0,0.0,0.0,0.0,0.0,0.0,0.0,0.0,0.0,0.0,0.0,0.0,0.0,0.0,0.0,0.0,0.0,0.0,0.0,0.0,0.0,0.0,0.0,0.0,0.0,0.0,0.0,0.0,0.0,0.0,0.0,0.0,0.0,0.0,0.0,0.0,0.0,0.0,0.0,0.0,0.0,0.0,0.0,0.0,0.0,0.0,0.0,0.0,0.0,0.0,0.0,0.0,0.0,0.0,0.0,0.0,0.0,0.0,0.0,0.0,0.0,0.0,0.0,0.0,0.0,0.0,0.0,0.0,0.0,0.0,0.0,0.0,0.0,0.0,0.0,0.0,0.0,0.0,,,,,,,,,,,,,,,,,,,,,,
CT3-2.KWH,(度數            ),kW h,5948,5948,5948,5948,5948,5948,5948,5948,5948,5948,5948,5948,5948,5948,5948,5948,5948,5948,5948,5948,5948,5948,5948,5948,5948,5948,5948,5948,5948,5948,5948,5948,5948,5948,5948,5948,5948,5948,5948,5948,5948,5948,5948,5948,5948,5948,5948,5948,5948,5948,5948,5948,5948,5948,5948,5948,5948,5948,5948,5948,5948,5948,5948,5948,5948,5948,5948,5948,5948,5948,5948,5948,5948,5948,5948,5948,5948,5948,5948,5948,5948,5948,5948,5948,5948,5948,5948,5948,5948,5948,5948,5948,5948,5948,5948,5948,5948,5948,5948,5948,5948,5948,5948,5948,5948,5948,5948,5948,5948,5948,5948,5948,5948,5948,5948,5948,5948,5948,5948,5948,5948,5948,,,,,,,,,,,,,,,,,,,,,,
CT3-2:KW,(                ),kW,0.0,0.0,0.0,0.0,0.0,0.0,0.0,0.0,0.0,0.0,0.0,0.0,0.0,0.0,0.0,0.0,0.0,0.0,0.0,0.0,0.0,0.0,0.0,0.0,0.0,0.0,0.0,0.0,0.0,0.0,0.0,0.0,0.0,0.0,0.0,0.0,0.0,0.0,0.0,0.0,0.0,0.0,0.0,0.0,0.0,0.0,0.0,0.0,0.0,0.0,0.0,0.0,0.0,0.0,0.0,0.0,0.0,0.0,0.0,0.0,0.0,0.0,0.0,0.0,0.0,0.0,0.0,0.0,0.0,0.0,0.0,0.0,0.0,0.0,0.0,0.0,0.0,0.0,0.0,0.0,0.0,0.0,0.0,0.0,0.0,0.0,0.0,0.0,0.0,0.0,0.0,0.0,0.0,0.0,0.0,0.0,0.0,0.0,0.0,0.0,0.0,0.0,0.0,0.0,0.0,0.0,0.0,0.0,0.0,0.0,0.0,0.0,0.0,0.0,0.0,0.0,0.0,0.0,0.0,0.0,0.0,0.0,,,,,,,,,,,,,,,,,,,,,,
CT3-3.KWH,(度數            ),kW h,6254,6254,6254,6254,6254,6254,6254,6254,6254,6254,6254,6254,6254,6254,6254,6254,6254,6254,6254,6254,6254,6254,6254,6254,6254,6254,6254,6254,6254,6254,6254,6254,6254,6254,6254,6254,6254,6254,6254,6254,6254,6254,6254,6254,6254,6254,6254,6254,6254,6254,6254,6254,6254,6254,6254,6254,6254,6254,6254,6254,6254,6254,6254,6254,6254,6254,6254,6254,6254,6254,6254,6254,6254,6254,6254,6254,6254,6254,6254,6254,6254,6254,6254,6254,6254,6254,6254,6254,6254,6254,6254,6254,6254,6254,6254,6254,6254,6254,6254,6254,6254,6254,6254,6254,6254,6254,6254,6254,6254,6254,6254,6254,6254,6254,6254,6254,6254,6254,6254,6254,6254,6254,,,,,,,,,,,,,,,,,,,,,,
CT3-3:KW,(                ),kW,0.0,0.0,0.0,0.0,0.0,0.0,0.0,0.0,0.0,0.0,0.0,0.0,0.0,0.0,0.0,0.0,0.0,0.0,0.0,0.0,0.0,0.0,0.0,0.0,0.0,0.0,0.0,0.0,0.0,0.0,0.0,0.0,0.0,0.0,0.0,0.0,0.0,0.0,0.0,0.0,0.0,0.0,0.0,0.0,0.0,0.0,0.0,0.0,0.0,0.0,0.0,0.0,0.0,0.0,0.0,0.0,0.0,0.0,0.0,0.0,0.0,0.0,0.0,0.0,0.0,0.0,0.0,0.0,0.0,0.0,0.0,0.0,0.0,0.0,0.0,0.0,0.0,0.0,0.0,0.0,0.0,0.0,0.0,0.0,0.0,0.0,0.0,0.0,0.0,0.0,0.0,0.0,0.0,0.0,0.0,0.0,0.0,0.0,0.0,0.0,0.0,0.0,0.0,0.0,0.0,0.0,0.0,0.0,0.0,0.0,0.0,0.0,0.0,0.0,0.0,0.0,0.0,0.0,0.0,0.0,0.0,0.0,,,,,,,,,,,,,,,,,,,,,,
CT3-4.KWH,(度數            ),kW h,6324,6324,6324,6324,6324,6324,6324,6324,6324,6324,6324,6324,6324,6324,6324,6324,6324,6324,6324,6324,6324,6324,6324,6324,6324,6324,6324,6324,6324,6324,6324,6324,6324,6324,6324,6324,6324,6324,6324,6324,6324,6324,6324,6324,6324,6324,6324,6324,6324,6324,6324,6324,6324,6324,6324,6324,6324,6324,6324,6324,6324,6324,6324,6324,6324,6324,6324,6324,6324,6324,6324,6324,6324,6324,6324,6324,6324,6324,6324,6324,6324,6324,6324,6324,6324,6324,6324,6324,6324,6324,6324,6324,6324,6324,6324,6324,6324,6324,6324,6324,6324,6324,6324,6324,6324,6324,6324,6324,6324,6324,6324,6324,6324,6324,6324,6324,6324,6324,6324,6324,6324,6324,,,,,,,,,,,,,,,,,,,,,,
CT3-4:KW,(                ),kW,0.0,0.0,0.0,0.0,0.0,0.0,0.0,0.0,0.0,0.0,0.0,0.0,0.0,0.0,0.0,0.0,0.0,0.0,0.0,0.0,0.0,0.0,0.0,0.0,0.0,0.0,0.0,0.0,0.0,0.0,0.0,0.0,0.0,0.0,0.0,0.0,0.0,0.0,0.0,0.0,0.0,0.0,0.0,0.0,0.0,0.0,0.0,0.0,0.0,0.0,0.0,0.0,0.0,0.0,0.0,0.0,0.0,0.0,0.0,0.0,0.0,0.0,0.0,0.0,0.0,0.0,0.0,0.0,0.0,0.0,0.0,0.0,0.0,0.0,0.0,0.0,0.0,0.0,0.0,0.0,0.0,0.0,0.0,0.0,0.0,0.0,0.0,0.0,0.0,0.0,0.0,0.0,0.0,0.0,0.0,0.0,0.0,0.0,0.0,0.0,0.0,0.0,0.0,0.0,0.0,0.0,0.0,0.0,0.0,0.0,0.0,0.0,0.0,0.0,0.0,0.0,0.0,0.0,0.0,0.0,0.0,0.0,,,,,,,,,,,,,,,,,,,,,,
CT3-ALL.KW,(冷卻水塔系統功率),,0.0,0.0,0.0,0.0,0.0,0.0,0.0,0.0,0.0,0.0,0.0,0.0,0.0,0.0,0.0,0.0,0.0,0.0,0.0,0.0,0.0,0.0,0.0,0.0,0.0,0.0,0.0,0.0,0.0,0.0,0.0,0.0,0.0,0.0,0.0,0.0,0.0,0.0,0.0,0.0,0.0,0.0,0.0,0.0,0.0,0.0,0.0,0.0,0.0,0.0,0.0,0.0,0.0,0.0,0.0,0.0,0.0,0.0,0.0,0.0,0.0,0.0,0.0,0.0,0.0,0.0,0.0,0.0,0.0,0.0,0.0,0.0,0.0,0.0,0.0,0.0,0.0,0.0,0.0,0.0,0.0,0.0,0.0,0.0,0.0,0.0,0.0,0.0,0.0,0.0,0.0,0.0,0.0,0.0,0.0,0.0,0.0,0.0,0.0,0.0,0.0,0.0,0.0,0.0,0.0,0.0,0.0,0.0,0.0,0.0,0.0,0.0,0.0,0.0,0.0,0.0,0.0,0.0,0.0,0.0,0.0,0.0,,,,,,,,,,,,,,,,,,,,,,
CT3-ALL.KWH,(度數            ),kW h,23667,23667,23667,23667,23667,23667,23667,23667,23667,23667,23667,23667,23667,23667,23667,23667,23667,23667,23667,23667,23667,23667,23667,23667,23667,23667,23667,23667,23667,23667,23667,23667,23667,23667,23667,23667,23667,23667,23667,23667,23667,23667,23667,23667,23667,23667,23667,23667,23667,23667,23667,23667,23667,23667,23667,23667,23667,23667,23667,23667,23667,23667,23667,23667,23667,23667,23667,23667,23667,23667,23667,23667,23667,23667,23667,23667,23667,23667,23667,23667,23667,23667,23667,23667,23667,23667,23667,23667,23667,23667,23667,23667,23667,23667,23667,23667,23667,23667,23667,23667,23667,23667,23667,23667,23667,23667,23667,23667,23667,23667,23667,23667,23667,23667,23667,23667,23667,23667,23667,23667,23667,23667,,,,,,,,,,,,,,,,,,,,,,
CT4-1.KWH,(度數            ),kW h,10395,10395,10395,10395,10395,10395,10395,10395,10395,10395,10395,10395,10395,10395,10395,10395,10395,10395,10395,10395,10395,10395,10395,10395,10395,10395,10395,10395,10395,10395,10395,10395,10395,10395,10395,10395,10395,10395,10395,10395,10395,10395,10395,10395,10395,10395,10395,10395,10395,10395,10395,10395,10395,10395,10395,10395,10396,10398,10399,10400,10401,10402,10403,10404,10405,10406,10407,10409,10410,10411,10411,10413,10414,10415,10416,10417,10418,10419,10421,10422,10423,10424,10425,10426,10427,10428,10429,10430,10431,10433,10434,10435,10436,10437,10438,10439,10440,10441,10442,10443,10444,10445,10447,10448,10449,10450,10451,10452,10453,10454,10455,10455,10455,10455,10455,10455,10455,10455,10455,10455,10455,10455,,,,,,,,,,,,,,,,,,,,,,
CT4-1:KW,(                ),kW,0.0,0.0,0.0,0.0,0.0,0.0,0.0,0.0,0.0,0.0,0.0,0.0,0.0,0.0,0.0,0.0,0.0,0.0,0.0,0.0,0.0,0.0,0.0,0.0,0.0,0.0,0.0,0.0,0.0,0.0,0.0,0.0,0.0,0.0,0.0,0.0,0.0,0.0,0.0,0.0,0.0,0.0,0.0,0.0,0.0,0.0,0.0,0.0,0.0,0.0,0.0,0.0,0.0,0.0,0.0,0.0,6.7,6.8,6.6,6.5,6.7,6.7,6.5,6.6,6.5,6.4,6.8,6.6,6.6,6.4,6.5,6.6,6.5,6.6,6.5,6.6,6.5,6.6,6.6,6.6,6.6,6.5,6.6,6.6,6.4,6.4,6.3,6.4,6.5,6.5,6.4,6.5,6.4,6.4,6.5,6.4,6.5,6.6,6.6,6.6,6.5,6.5,6.5,6.4,6.6,6.6,6.5,6.6,6.6,6.6,0.0,0.0,0.0,0.0,0.0,0.0,0.0,0.0,0.0,0.0,0.0,0.0,,,,,,,,,,,,,,,,,,,,,,
CT4-2.KWH,(度數            ),kW h,6782,6782,6782,6782,6782,6782,6782,6782,6782,6782,6782,6782,6782,6782,6782,6782,6782,6782,6782,6782,6782,6782,6782,6782,6782,6782,6782,6782,6782,6782,6782,6782,6782,6782,6782,6782,6782,6782,6782,6782,6782,6782,6782,6782,6782,6782,6782,6782,6782,6782,6782,6782,6782,6782,6782,6782,6782,6783,6784,6784,6785,6785,6786,6786,6787,6787,6788,6789,6789,6790,6790,6791,6791,6792,6792,6793,6794,6794,6795,6795,6796,6796,6797,6797,6798,6798,6799,6800,6800,6801,6801,6802,6802,6803,6803,6804,6804,6805,6806,6806,6807,6807,6808,6808,6809,6809,6810,6811,6811,6812,6812,6812,6812,6812,6812,6812,6812,6812,6812,6812,6812,6812,,,,,,,,,,,,,,,,,,,,,,
CT4-2:KW,(                ),kW,0.0,0.0,0.0,0.0,0.0,0.0,0.0,0.0,0.0,0.0,0.0,0.0,0.0,0.0,0.0,0.0,0.0,0.0,0.0,0.0,0.0,0.0,0.0,0.0,0.0,0.0,0.0,0.0,0.0,0.0,0.0,0.0,0.0,0.0,0.0,0.0,0.0,0.0,0.0,0.0,0.0,0.0,0.0,0.0,0.0,0.0,0.0,0.0,0.0,0.0,0.0,0.0,0.0,0.0,0.0,0.0,3.3,3.5,3.3,3.3,3.2,3.7,3.3,3.3,3.3,3.3,3.3,3.2,3.2,3.3,3.5,3.2,3.1,3.4,3.2,3.2,3.4,3.2,3.1,3.2,3.2,3.2,3.3,3.3,3.2,3.3,3.4,3.4,3.2,3.4,3.3,3.3,3.2,3.1,3.2,3.5,3.0,3.2,3.4,3.2,3.2,3.1,3.5,3.3,3.5,3.2,3.3,3.4,3.4,3.2,0.0,0.0,0.0,0.0,0.0,0.0,0.0,0.0,0.0,0.0,0.0,0.0,,,,,,,,,,,,,,,,,,,,,,
CT4-3.KWH,(度數            ),kW h,9768,9768,9768,9768,9768,9768,9768,9768,9768,9768,9768,9768,9768,9768,9768,9768,9768,9768,9768,9768,9768,9768,9768,9768,9768,9768,9768,9768,9768,9768,9768,9768,9768,9768,9768,9768,9768,9768,9768,9768,9768,9768,9768,9768,9768,9768,9768,9768,9768,9768,9768,9768,9768,9768,9768,9768,9769,9770,9771,9772,9773,9775,9776,9777,9778,9779,9780,9781,9782,9783,9784,9785,9786,9787,9788,9789,9791,9792,9793,9794,9795,9796,9797,9798,9799,9800,9801,9802,9803,9804,9805,9807,9808,9809,9810,9811,9812,9813,9814,9815,9816,9817,9818,9819,9820,9821,9822,9824,9825,9826,9827,9827,9827,9827,9827,9827,9827,9827,9827,9827,9827,9827,,,,,,,,,,,,,,,,,,,,,,
CT4-3:KW,(                ),kW,0.0,0.0,0.0,0.0,0.0,0.0,0.0,0.0,0.0,0.0,0.0,0.0,0.0,0.0,0.0,0.0,0.0,0.0,0.0,0.0,0.0,0.0,0.0,0.0,0.0,0.0,0.0,0.0,0.0,0.0,0.0,0.0,0.0,0.0,0.0,0.0,0.0,0.0,0.0,0.0,0.0,0.0,0.0,0.0,0.0,0.0,0.0,0.0,0.0,0.0,0.0,0.0,0.0,0.0,0.0,0.0,6.5,6.5,6.3,6.4,6.5,6.4,6.4,6.3,6.4,6.5,6.3,6.4,6.4,6.3,6.5,6.2,6.3,6.3,6.4,6.4,6.3,6.4,6.3,6.4,6.3,6.4,6.5,6.4,6.4,6.5,6.3,6.3,6.4,6.2,6.3,6.3,6.3,6.4,6.4,6.4,6.4,6.4,6.4,6.3,6.4,6.5,6.4,6.2,6.4,6.3,6.3,6.3,6.4,6.6,0.0,0.0,0.0,0.0,0.0,0.0,0.0,0.0,0.0,0.0,0.0,0.0,,,,,,,,,,,,,,,,,,,,,,
CT4-4.KWH,(度數            ),kW h,7774,7774,7774,7774,7774,7774,7774,7774,7774,7774,7774,7774,7774,7774,7774,7774,7774,7774,7774,7774,7774,7774,7774,7774,7774,7774,7774,7774,7774,7774,7774,7774,7774,7774,7774,7774,7774,7774,7774,7774,7774,7774,7774,7774,7774,7774,7774,7774,7774,7774,7774,7774,7774,7774,7774,7774,7775,7776,7777,7778,7779,7780,7781,7783,7784,7785,7786,7787,7788,7789,7790,7791,7792,7794,7795,7796,7797,7798,7799,7800,7801,7802,7803,7805,7806,7807,7808,7809,7810,7811,7812,7813,7814,7815,7816,7818,7819,7820,7821,7822,7823,7824,7825,7826,7827,7828,7830,7831,7832,7833,7834,7834,7834,7834,7834,7834,7834,7834,7834,7834,7834,7834,,,,,,,,,,,,,,,,,,,,,,
CT4-4:KW,(                ),kW,0.0,0.0,0.0,0.0,0.0,0.0,0.0,0.0,0.0,0.0,0.0,0.0,0.0,0.0,0.0,0.0,0.0,0.0,0.0,0.0,0.0,0.0,0.0,0.0,0.0,0.0,0.0,0.0,0.0,0.0,0.0,0.0,0.0,0.0,0.0,0.0,0.0,0.0,0.0,0.0,0.0,0.0,0.0,0.0,0.0,0.0,0.0,0.0,0.0,0.0,0.0,0.0,0.0,0.0,0.0,0.0,6.6,6.5,6.5,6.9,6.7,6.6,6.7,6.5,6.6,6.4,6.5,6.6,6.6,6.7,6.7,6.4,6.6,6.5,6.4,6.6,6.7,6.7,6.5,6.8,6.7,6.5,6.5,6.5,6.5,6.2,6.5,6.4,6.4,6.5,6.6,6.6,6.8,6.7,6.5,6.6,6.4,6.5,6.5,6.4,6.6,6.5,6.6,6.6,6.7,6.8,6.6,6.6,6.8,6.8,0.0,0.0,0.0,0.0,0.0,0.0,0.0,0.0,0.0,0.0,0.0,0.0,,,,,,,,,,,,,,,,,,,,,,
CT4-ALL.KW,(冷卻水塔系統功率),,0.0,0.0,0.0,0.0,0.0,0.0,0.0,0.0,0.0,0.0,0.0,0.0,0.0,0.0,0.0,0.0,0.0,0.0,0.0,0.0,0.0,0.0,0.0,0.0,0.0,0.0,0.0,0.0,0.0,0.0,0.0,0.0,0.0,0.0,0.0,0.0,0.0,0.0,0.0,0.0,0.0,0.0,0.0,0.0,0.0,0.0,0.0,0.0,0.0,0.0,0.0,0.0,0.0,0.0,0.0,0.0,23.1,23.2,22.7,23.2,23.1,23.4,22.9,22.8,22.8,22.6,22.9,22.8,22.9,22.8,23.2,22.5,22.4,22.8,22.5,22.7,23.0,22.9,22.5,22.9,22.9,22.6,22.9,22.7,22.5,22.4,22.6,22.5,22.4,22.6,22.6,22.6,22.8,22.5,22.7,22.9,22.4,22.7,22.9,22.5,22.7,22.5,23.0,22.5,23.2,22.9,22.7,22.8,23.3,23.3,0.0,0.0,0.0,0.0,0.0,0.0,0.0,0.0,0.0,0.0,0.0,0.0,,,,,,,,,,,,,,,,,,,,,,
CT4-ALL.KWH,(度數            ),kW h,34721,34721,34721,34721,34721,34721,34721,34721,34721,34721,34721,34721,34721,34721,34721,34721,34721,34721,34721,34721,34721,34721,34721,34721,34721,34721,34721,34721,34721,34721,34721,34721,34721,34721,34721,34721,34721,34721,34721,34721,34721,34721,34721,34721,34721,34721,34721,34721,34721,34721,34721,34721,34721,34721,34721,34721,34724,34728,34732,34736,34740,34744,34747,34751,34755,34759,34763,34767,34770,34774,34776,34782,34786,34789,34793,34797,34801,34805,34808,34812,34816,34820,34824,34827,34831,34835,34839,34843,34846,34850,34854,34858,34861,34865,34869,34873,34877,34880,34884,34888,34892,34895,34899,34903,34907,34911,34914,34918,34922,34926,34929,34929,34929,34929,34929,34929,34929,34929,34929,34929,34929,34929,,,,,,,,,,,,,,,,,,,,,,
CT5-1.KWH,(度數            ),kW h,11095,11095,11095,11095,11095,11095,11095,11095,11095,11095,11095,11095,11095,11095,11095,11095,11095,11095,11095,11095,11095,11095,11095,11095,11095,11095,11095,11095,11095,11095,11095,11095,11095,11095,11095,11095,11095,11095,11095,11095,11095,11095,11095,11095,11095,11095,11095,11095,11095,11095,11095,11095,11095,11095,11095,11095,11095,11095,11095,11095,11095,11095,11095,11095,11095,11095,11095,11095,11095,11095,11095,11095,11095,11095,11095,11095,11095,11095,11095,11095,11095,11095,11095,11095,11095,11095,11095,11095,11095,11095,11095,11095,11095,11095,11095,11095,11095,11095,11095,11095,11095,11095,11095,11095,11095,11095,11095,11095,11095,11095,11096,11097,11098,11099,11100,11101,11102,11103,11104,11105,11106,11107,,,,,,,,,,,,,,,,,,,,,,
CT5-1:KW,(                ),kW,0.0,0.0,0.0,0.0,0.0,0.0,0.0,0.0,0.0,0.0,0.0,0.0,0.0,0.0,0.0,0.0,0.0,0.0,0.0,0.0,0.0,0.0,0.0,0.0,0.0,0.0,0.0,0.0,0.0,0.0,0.0,0.0,0.0,0.0,0.0,0.0,0.0,0.0,0.0,0.0,0.0,0.0,0.0,0.0,0.0,0.0,0.0,0.0,0.0,0.0,0.0,0.0,0.0,0.0,0.0,0.0,0.0,0.0,0.0,0.0,0.0,0.0,0.0,0.0,0.0,0.0,0.0,0.0,0.0,0.0,0.0,0.0,0.0,0.0,0.0,0.0,0.0,0.0,0.0,0.0,0.0,0.0,0.0,0.0,0.0,0.0,0.0,0.0,0.0,0.0,0.0,0.0,0.0,0.0,0.0,0.0,0.0,0.0,0.0,0.0,0.0,0.0,0.0,0.0,0.0,0.0,0.0,0.0,0.0,0.0,6.4,6.4,6.2,6.5,6.4,6.5,6.3,6.5,6.3,6.5,6.6,6.4,,,,,,,,,,,,,,,,,,,,,,
CT5-2.KWH,(度數            ),kW h,10585,10585,10585,10585,10585,10585,10585,10585,10585,10585,10585,10585,10585,10585,10585,10585,10585,10585,10585,10585,10585,10585,10585,10585,10585,10585,10585,10585,10585,10585,10585,10585,10585,10585,10585,10585,10585,10585,10585,10585,10585,10585,10585,10585,10585,10585,10585,10585,10585,10585,10585,10585,10585,10585,10585,10585,10585,10585,10585,10585,10585,10585,10585,10585,10585,10585,10585,10585,10585,10585,10585,10585,10585,10585,10585,10585,10585,10585,10585,10585,10585,10585,10585,10585,10585,10585,10585,10585,10585,10585,10585,10585,10585,10585,10585,10585,10585,10585,10585,10585,10585,10585,10585,10585,10585,10585,10585,10585,10585,10585,10586,10587,10588,10589,10590,10591,10592,10593,10594,10595,10596,10597,,,,,,,,,,,,,,,,,,,,,,
CT5-2:KW,(                ),kW,0.0,0.0,0.0,0.0,0.0,0.0,0.0,0.0,0.0,0.0,0.0,0.0,0.0,0.0,0.0,0.0,0.0,0.0,0.0,0.0,0.0,0.0,0.0,0.0,0.0,0.0,0.0,0.0,0.0,0.0,0.0,0.0,0.0,0.0,0.0,0.0,0.0,0.0,0.0,0.0,0.0,0.0,0.0,0.0,0.0,0.0,0.0,0.0,0.0,0.0,0.0,0.0,0.0,0.0,0.0,0.0,0.0,0.0,0.0,0.0,0.0,0.0,0.0,0.0,0.0,0.0,0.0,0.0,0.0,0.0,0.0,0.0,0.0,0.0,0.0,0.0,0.0,0.0,0.0,0.0,0.0,0.0,0.0,0.0,0.0,0.0,0.0,0.0,0.0,0.0,0.0,0.0,0.0,0.0,0.0,0.0,0.0,0.0,0.0,0.0,0.0,0.0,0.0,0.0,0.0,0.0,0.0,0.0,0.0,0.0,6.2,6.4,6.0,6.3,6.4,6.0,6.1,6.0,6.1,6.1,6.5,6.1,,,,,,,,,,,,,,,,,,,,,,
CT5-3.KWH,(度數            ),kW h,9421,9421,9421,9421,9421,9421,9421,9421,9421,9421,9421,9421,9421,9421,9421,9421,9421,9421,9421,9421,9421,9421,9421,9421,9421,9421,9421,9421,9421,9421,9421,9421,9421,9421,9421,9421,9421,9421,9421,9421,9421,9421,9421,9421,9421,9421,9421,9421,9421,9421,9421,9421,9421,9421,9421,9421,9421,9421,9421,9421,9421,9421,9421,9421,9421,9421,9421,9421,9421,9421,9421,9421,9421,9421,9421,9421,9421,9421,9421,9421,9421,9421,9421,9421,9421,9421,9421,9421,9421,9421,9421,9421,9421,9421,9421,9421,9421,9421,9421,9421,9421,9421,9421,9421,9421,9421,9421,9421,9421,9421,9422,9423,9424,9425,9426,9427,9428,9429,9430,9431,9432,9433,,,,,,,,,,,,,,,,,,,,,,
CT5-3:KW,(                ),kW,0.0,0.0,0.0,0.0,0.0,0.0,0.0,0.0,0.0,0.0,0.0,0.0,0.0,0.0,0.0,0.0,0.0,0.0,0.0,0.0,0.0,0.0,0.0,0.0,0.0,0.0,0.0,0.0,0.0,0.0,0.0,0.0,0.0,0.0,0.0,0.0,0.0,0.0,0.0,0.0,0.0,0.0,0.0,0.0,0.0,0.0,0.0,0.0,0.0,0.0,0.0,0.0,0.0,0.0,0.0,0.0,0.0,0.0,0.0,0.0,0.0,0.0,0.0,0.0,0.0,0.0,0.0,0.0,0.0,0.0,0.0,0.0,0.0,0.0,0.0,0.0,0.0,0.0,0.0,0.0,0.0,0.0,0.0,0.0,0.0,0.0,0.0,0.0,0.0,0.0,0.0,0.0,0.0,0.0,0.0,0.0,0.0,0.0,0.0,0.0,0.0,0.0,0.0,0.0,0.0,0.0,0.0,0.0,0.0,0.0,6.2,6.1,6.1,6.1,5.9,6.0,6.1,6.1,5.8,6.0,6.2,6.2,,,,,,,,,,,,,,,,,,,,,,
CT5-4.KWH,(度數            ),kW h,10668,10668,10668,10668,10668,10668,10668,10668,10668,10668,10668,10668,10668,10668,10668,10668,10668,10668,10668,10668,10668,10668,10668,10668,10668,10668,10668,10668,10668,10668,10668,10668,10668,10668,10668,10668,10668,10668,10668,10668,10668,10668,10668,10668,10668,10668,10668,10668,10668,10668,10668,10668,10668,10668,10668,10668,10668,10668,10668,10668,10668,10668,10668,10668,10668,10668,10668,10668,10668,10668,10668,10668,10668,10668,10668,10668,10668,10668,10668,10668,10668,10668,10668,10668,10668,10668,10668,10668,10668,10668,10668,10668,10668,10668,10668,10668,10668,10668,10668,10668,10668,10668,10668,10668,10668,10668,10668,10668,10668,10668,10669,10670,10671,10672,10674,10675,10676,10677,10678,10679,10680,10681,,,,,,,,,,,,,,,,,,,,,,
CT5-4:KW,(                ),kW,0.0,0.0,0.0,0.0,0.0,0.0,0.0,0.0,0.0,0.0,0.0,0.0,0.0,0.0,0.0,0.0,0.0,0.0,0.0,0.0,0.0,0.0,0.0,0.0,0.0,0.0,0.0,0.0,0.0,0.0,0.0,0.0,0.0,0.0,0.0,0.0,0.0,0.0,0.0,0.0,0.0,0.0,0.0,0.0,0.0,0.0,0.0,0.0,0.0,0.0,0.0,0.0,0.0,0.0,0.0,0.0,0.0,0.0,0.0,0.0,0.0,0.0,0.0,0.0,0.0,0.0,0.0,0.0,0.0,0.0,0.0,0.0,0.0,0.0,0.0,0.0,0.0,0.0,0.0,0.0,0.0,0.0,0.0,0.0,0.0,0.0,0.0,0.0,0.0,0.0,0.0,0.0,0.0,0.0,0.0,0.0,0.0,0.0,0.0,0.0,0.0,0.0,0.0,0.0,0.0,0.0,0.0,0.0,0.0,0.0,6.4,6.6,6.5,6.4,6.5,6.0,6.3,6.3,6.2,6.4,6.4,6.2,,,,,,,,,,,,,,,,,,,,,,
CT5-ALL.KW,(冷卻水塔系統功率),,0.0,0.0,0.0,0.0,0.0,0.0,0.0,0.0,0.0,0.0,0.0,0.0,0.0,0.0,0.0,0.0,0.0,0.0,0.0,0.0,0.0,0.0,0.0,0.0,0.0,0.0,0.0,0.0,0.0,0.0,0.0,0.0,0.0,0.0,0.0,0.0,0.0,0.0,0.0,0.0,0.0,0.0,0.0,0.0,0.0,0.0,0.0,0.0,0.0,0.0,0.0,0.0,0.0,0.0,0.0,0.0,0.0,0.0,0.0,0.0,0.0,0.0,0.0,0.0,0.0,0.0,0.0,0.0,0.0,0.0,0.0,0.0,0.0,0.0,0.0,0.0,0.0,0.0,0.0,0.0,0.0,0.0,0.0,0.0,0.0,0.0,0.0,0.0,0.0,0.0,0.0,0.0,0.0,0.0,0.0,0.0,0.0,0.0,0.0,0.0,0.0,0.0,0.0,0.0,0.0,0.0,0.0,0.0,0.0,0.0,25.2,25.4,24.8,25.3,25.2,24.5,24.8,25.0,24.4,25.1,25.7,24.9,,,,,,,,,,,,,,,,,,,,,,
CT5-ALL.KWH,(度數            ),kW h,41771,41771,41771,41771,41771,41771,41771,41771,41771,41771,41771,41771,41771,41771,41771,41771,41771,41771,41771,41771,41771,41771,41771,41771,41771,41771,41771,41771,41771,41771,41771,41771,41771,41771,41771,41771,41771,41771,41771,41771,41771,41771,41771,41771,41771,41771,41771,41771,41771,41771,41771,41771,41771,41771,41771,41771,41771,41771,41771,41771,41771,41771,41771,41771,41771,41771,41771,41771,41771,41771,41771,41771,41771,41771,41771,41771,41771,41771,41771,41771,41771,41771,41771,41771,41771,41771,41771,41771,41771,41771,41771,41771,41771,41771,41771,41771,41771,41771,41771,41771,41771,41771,41771,41771,41771,41771,41771,41771,41771,41771,41774,41778,41783,41787,41791,41795,41799,41803,41808,41812,41816,41820,,,,,,,,,,,,,,,,,,,,,,
CTB1-ALL.KW,(冷卻水塔系統功率),,8.2,8.2,8.2,8.2,8.2,8.2,8.2,8.2,8.2,8.2,8.2,8.2,8.2,8.2,8.2,8.2,8.2,8.2,8.2,8.2,8.2,8.2,8.2,8.2,8.2,8.2,8.2,8.2,8.2,8.2,8.2,8.2,8.2,8.2,8.2,8.2,8.2,8.2,8.2,8.2,8.2,8.2,8.2,8.2,8.2,8.2,8.2,8.2,8.2,8.2,8.2,8.2,8.2,8.2,8.2,8.2,8.2,8.2,8.2,8.2,8.2,8.2,8.2,8.2,8.2,8.2,8.2,8.2,8.2,8.2,8.2,8.2,8.2,8.2,8.2,8.2,8.2,8.2,8.2,8.2,8.2,8.2,8.2,8.2,8.2,8.2,8.2,8.2,8.2,8.2,8.2,8.2,8.2,8.2,8.2,8.2,8.2,8.2,8.2,8.2,8.2,8.2,8.2,8.2,8.2,8.2,8.2,8.2,8.2,8.2,8.2,8.2,8.2,8.2,8.2,8.2,8.2,8.2,8.2,8.2,8.2,8.2,,,,,,,,,,,,,,,,,,,,,,
ZP1F7:KW,(                ),kW,0.0,0.0,0.0,0.0,0.0,0.0,0.0,0.0,0.0,0.0,0.0,0.0,0.0,0.0,0.0,0.0,0.0,0.0,0.0,0.0,0.0,0.0,0.0,0.0,0.0,0.0,0.0,0.0,0.0,0.0,0.0,0.0,0.0,0.0,0.0,0.0,0.0,0.0,0.0,0.0,0.0,0.0,0.0,0.0,0.0,0.0,0.0,0.0,0.0,0.0,0.0,8.0,6.0,7.5,0.0,0.0,0.0,9.8,9.3,9.4,9.6,9.5,9.1,9.5,9.2,9.5,9.2,9.5,9.2,9.4,9.1,9.7,9.6,9.5,9.3,9.5,9.5,9.5,9.4,9.6,9.8,9.5,9.4,9.6,9.8,9.8,9.5,8.9,9.6,9.3,9.8,9.1,9.8,9.1,9.6,9.3,9.7,9.9,9.7,9.3,9.3,9.7,9.3,9.7,9.2,9.7,9.1,9.6,9.8,9.8,9.6,9.6,9.2,9.6,9.1,9.1,9.6,9.5,9.2,9.3,9.5,9.7,,,,,,,,,,,,,,,,,,,,,,
ZP1F7:KWH,(                ),,588406,588406,588406,588406,588406,588406,588406,588406,588406,588406,588406,588406,588406,588406,588406,588406,588406,588406,588406,588406,588406,588406,588406,588406,588406,588406,588406,588406,588406,588406,588406,588406,588406,588406,588406,588406,588406,588406,588406,588406,588406,588406,588406,588406,588406,588406,588406,588406,588406,588406,588406,588406,588407,588408,588409,588409,588409,588411,588412,588414,588415,588417,588419,588420,588422,588423,588425,588426,588428,588429,588430,588432,588434,588436,588437,588439,588440,588442,588443,588445,588447,588448,588450,588451,588453,588455,588456,588458,588459,588461,588462,588464,588466,588467,588469,588470,588472,588474,588475,588477,588478,588480,588481,588483,588484,588486,588488,588489,588491,588493,588494,588496,588497,588499,588501,588502,588503,588505,588507,588508,588509,588511,,,,,,,,,,,,,,,,,,,,,,
ZP2F7:KW,(                ),kW,16.4,16.5,10.5,9.6,9.4,0.0,0.0,0.0,0.0,0.0,0.0,0.0,0.0,0.0,0.0,0.0,0.0,0.0,0.0,0.0,0.0,0.0,0.0,0.0,0.0,0.0,0.0,0.0,0.0,0.0,0.0,0.0,0.0,0.0,0.0,0.0,0.0,0.0,0.0,0.0,0.0,0.0,0.0,0.0,0.0,0.0,0.0,0.0,0.0,0.0,0.0,8.0,6.0,0.0,0.0,0.0,0.0,0.0,0.0,0.0,0.0,0.0,0.0,0.0,0.0,0.0,0.0,0.0,0.0,0.0,0.0,0.0,0.0,0.0,0.0,0.0,0.0,0.0,0.0,0.0,0.0,0.0,0.0,0.0,0.0,0.0,0.0,0.0,0.0,0.0,0.0,0.0,0.0,0.0,0.0,0.0,0.0,0.0,0.0,0.0,0.0,0.0,0.0,0.0,0.0,0.0,0.0,0.0,0.0,0.0,0.0,0.0,0.0,0.0,0.0,0.0,0.0,0.0,0.0,0.0,0.0,0.0,,,,,,,,,,,,,,,,,,,,,,
ZP2F7:KWH,(                ),,523434,523437,523438,523440,523442,523443,523443,523443,523443,523443,523443,523443,523443,523443,523443,523443,523443,523443,523443,523443,523443,523443,523443,523443,523443,523443,523443,523443,523443,523443,523443,523443,523443,523443,523443,523443,523443,523443,523443,523443,523443,523443,523443,523443,523443,523443,523443,523443,523443,523443,523443,523443,523444,523445,523445,523445,523445,523445,523445,523445,523445,523445,523445,523445,523445,523445,523445,523445,523445,523445,523445,523445,523445,523445,523445,523445,523445,523445,523445,523445,523445,523445,523445,523445,523445,523445,523445,523445,523445,523445,523445,523445,523445,523445,523445,523445,523445,523445,523445,523445,523445,523445,523445,523445,523445,523445,523445,523445,523445,523445,523445,523445,523445,523445,523445,523445,523445,523445,523445,523445,523445,523445,,,,,,,,,,,,,,,,,,,,,,
ZP3F7:KW,(                ),kW,0.0,0.0,10.4,9.4,9.4,15.1,16.0,15.9,15.9,16.2,16.1,16.3,16.1,16.3,16.4,16.3,16.3,16.2,16.2,16.2,16.2,16.1,16.0,16.3,16.2,16.2,16.4,16.3,16.2,16.3,0.0,0.0,0.0,0.0,0.0,0.0,0.0,0.0,0.0,0.0,0.0,0.0,0.0,0.0,0.0,0.0,0.0,0.0,15.6,15.9,16.0,7.8,5.5,7.3,12.9,16.2,16.0,9.5,9.1,9.1,9.2,9.3,9.1,9.3,8.8,9.2,9.0,9.3,8.9,9.1,8.9,9.3,9.3,9.3,9.2,9.3,9.3,9.4,9.2,9.4,9.5,9.3,9.4,9.5,9.5,9.5,9.4,8.7,9.4,8.9,9.5,8.9,9.5,8.8,9.2,9.0,9.6,9.7,9.4,9.1,9.0,9.4,9.0,9.4,9.1,9.5,9.1,9.7,9.4,9.6,9.3,9.3,9.0,9.4,8.8,8.9,9.5,9.3,8.9,8.9,9.3,9.1,,,,,,,,,,,,,,,,,,,,,,
ZP3F7:KWH,(                ),,316618,316618,316619,316621,316623,316625,316627,316630,316633,316635,316638,316641,316643,316646,316649,316651,316654,316657,316660,316662,316665,316668,316671,316673,316676,316678,316681,316684,316686,316689,316689,316689,316689,316689,316689,316689,316689,316689,316689,316689,316689,316689,316689,316689,316689,316689,316689,316689,316689,316692,316694,316696,316698,316699,316700,316703,316705,316707,316709,316710,316712,316713,316715,316716,316718,316720,316721,316722,316724,316726,316726,316728,316730,316732,316733,316735,316736,316737,316739,316741,316742,316744,316745,316747,316748,316750,316751,316753,316754,316756,316758,316759,316761,316762,316764,316765,316767,316769,316770,316771,316773,316775,316776,316778,316779,316781,316782,316784,316785,316787,316789,316790,316792,316793,316795,316796,316798,316799,316801,316802,316804,316805,,,,,,,,,,,,,,,,,,,,,,
ZP4F7:KW,(                ),kW,0.0,0.0,0.0,0.0,0.0,0.0,0.0,0.0,0.0,0.0,0.0,0.0,0.0,0.0,0.0,0.0,0.0,0.0,0.0,0.0,0.0,0.0,0.0,0.0,0.0,0.0,0.0,0.0,0.0,0.0,0.0,0.0,0.0,12.0,10.3,10.0,10.2,10.0,10.2,10.1,8.2,11.1,11.6,11.6,11.8,11.8,11.7,11.8,9.6,10.3,10.1,0.0,0.0,10.6,10.1,11.7,11.4,11.4,11.7,11.4,11.7,11.5,11.6,11.9,11.4,11.9,11.5,11.7,11.4,11.8,11.4,11.8,11.9,11.7,11.7,12.1,11.9,11.8,11.6,11.6,11.4,11.8,11.7,11.9,11.7,11.6,11.5,11.1,11.5,11.3,11.6,11.1,11.5,11.0,11.5,11.2,11.6,11.9,11.7,11.0,11.3,11.6,11.4,11.5,11.2,11.6,11.2,11.5,11.5,11.6,11.3,11.3,11.1,11.2,10.9,11.2,11.4,11.4,11.1,11.2,11.2,11.5,,,,,,,,,,,,,,,,,,,,,,
ZP4F7:KWH,(                ),,782639,782639,782639,782639,782639,782639,782639,782639,782639,782639,782639,782639,782639,782639,782639,782639,782639,782639,782639,782639,782639,782639,782639,782639,782639,782639,782639,782639,782639,782639,782639,782639,782639,782640,782642,782643,782645,782647,782648,782650,782652,782653,782655,782657,782659,782661,782663,782665,782667,782668,782670,782670,782670,782672,782674,782675,782677,782679,782681,782683,782685,782687,782689,782691,782693,782695,782697,782699,782701,782703,782703,782706,782708,782710,782712,782714,782716,782718,782720,782722,782724,782726,782728,782730,782732,782734,782735,782737,782739,782741,782743,782745,782747,782748,782751,782752,782754,782756,782758,782760,782762,782764,782766,782768,782769,782772,782774,782775,782777,782779,782781,782783,782785,782787,782789,782790,782792,782794,782796,782798,782800,782802,,,,,,,,,,,,,,,,,,,,,,
ZP5F7:KW,(                ),kW,12.3,12.6,11.7,12.1,11.9,10.9,10.4,10.4,10.7,12.2,13.6,19.0,18.8,18.8,18.9,18.9,18.7,18.8,18.8,18.7,18.7,18.6,18.7,18.8,18.8,18.8,18.8,18.6,18.6,18.8,18.7,18.7,18.8,11.6,10.2,10.1,10.2,10.1,10.2,10.2,8.3,0.0,0.0,0.0,0.0,0.0,0.0,0.0,0.0,0.0,0.0,0.0,0.0,0.0,0.0,0.0,0.0,0.0,0.0,0.0,0.0,0.0,0.0,0.0,0.0,0.0,0.0,0.0,0.0,0.0,0.0,0.0,0.0,0.0,0.0,0.0,0.0,0.0,0.0,0.0,0.0,0.0,0.0,0.0,0.0,0.0,0.0,0.0,0.0,0.0,0.0,0.0,0.0,0.0,0.0,0.0,0.0,0.0,0.0,0.0,0.0,0.0,0.0,0.0,0.0,0.0,0.0,0.0,0.0,0.0,0.0,0.0,0.0,0.0,0.0,0.0,0.0,0.0,0.0,0.0,0.0,0.0,,,,,,,,,,,,,,,,,,,,,,
ZP5F7:KWH,(                ),,712496,712497,712499,712501,712504,712505,712507,712509,712511,712513,712515,712518,712521,712524,712527,712530,712533,712537,712540,712543,712546,712549,712552,712555,712558,712562,712565,712568,712571,712574,712577,712580,712584,712586,712588,712590,712592,712593,712595,712597,712598,712599,712599,712599,712599,712599,712599,712599,712599,712599,712599,712599,712599,712599,712599,712599,712599,712599,712599,712599,712599,712599,712599,712599,712599,712599,712599,712599,712599,712599,712599,712599,712599,712599,712599,712599,712599,712599,712599,712599,712599,712599,712599,712599,712599,712599,712599,712599,712599,712599,712599,712599,712599,712599,712599,712599,712599,712599,712599,712599,712599,712599,712599,712599,712599,712599,712599,712599,712599,712599,712599,712599,712599,712599,712599,712599,712599,712599,712599,712599,712599,712599,,,,,,,,,,,,,,,,,,,,,,
ZP6F7:KW,(                ),kW,12.1,12.2,11.7,11.7,11.7,10.6,10.3,10.2,10.4,12.1,13.3,0.0,0.0,0.0,0.0,0.0,0.0,0.0,0.0,0.0,0.0,0.0,0.0,0.0,0.0,0.0,0.0,0.0,0.0,0.0,0.0,0.0,0.0,12.0,10.3,10.0,10.0,10.0,9.9,9.8,8.2,11.3,11.6,11.5,11.7,11.6,11.7,11.6,9.5,10.2,10.1,18.8,18.7,10.5,10.2,11.5,11.5,11.3,11.5,11.5,11.5,11.4,11.8,11.9,11.5,11.9,11.4,11.7,11.3,11.9,11.4,11.7,11.9,11.8,11.7,11.8,11.9,11.7,11.4,11.6,11.4,11.2,11.4,11.6,11.6,11.5,11.4,11.2,11.4,11.2,11.6,11.3,11.5,11.1,11.4,11.0,11.5,12.0,11.5,11.0,11.2,11.7,11.3,11.5,11.2,11.4,11.2,11.4,11.4,11.5,11.3,11.3,10.9,11.4,10.8,10.9,11.5,11.3,11.0,11.0,11.3,11.5,,,,,,,,,,,,,,,,,,,,,,
ZP6F7:KWH,(                ),,326362,326364,326366,326368,326370,326372,326374,326375,326377,326379,326381,326381,326381,326381,326381,326381,326381,326381,326381,326381,326381,326381,326381,326381,326381,326381,326381,326381,326381,326381,326381,326381,326381,326382,326384,326385,326387,326389,326391,326392,326393,326395,326397,326399,326401,326403,326405,326407,326409,326410,326412,326413,326416,326419,326420,326422,326424,326426,326428,326430,326432,326434,326436,326437,326439,326441,326443,326445,326447,326449,326450,326453,326455,326457,326459,326461,326463,326464,326466,326468,326470,326472,326474,326476,326478,326480,326482,326484,326485,326487,326489,326491,326493,326495,326497,326499,326501,326503,326505,326506,326508,326510,326512,326514,326516,326518,326520,326521,326523,326525,326527,326529,326531,326533,326535,326536,326538,326540,326542,326544,326545,326548,,,,,,,,,,,,,,,,,,,,,,
ZP7F7:KW,(                ),kW,15.4,15.4,15.5,15.4,15.6,15.4,15.4,15.3,15.3,15.5,15.4,0.0,0.0,0.0,0.0,0.0,0.0,0.0,0.0,0.0,0.0,0.0,0.0,0.0,0.0,0.0,0.0,0.0,15.4,2.1,0.0,0.0,0.0,0.0,0.0,0.0,0.0,0.0,0.0,0.0,0.0,0.0,0.0,0.0,0.0,0.0,0.0,0.0,0.0,0.0,0.0,0.0,10.8,0.0,0.0,0.0,11.9,8.9,8.3,8.2,8.2,8.1,8.1,0.0,11.4,8.7,7.9,0.0,9.9,8.6,8.1,0.0,10.5,8.8,0.8,0.0,9.7,8.6,0.0,0.0,9.2,8.5,0.0,0.0,9.7,8.7,8.4,8.0,0.0,11.5,9.2,8.0,0.0,13.5,9.3,8.1,0.0,0.0,9.5,8.1,8.0,8.4,8.0,0.0,10.8,8.7,7.8,0.0,10.6,8.9,8.2,0.0,8.1,8.0,7.6,7.6,8.1,8.1,7.7,7.7,8.1,7.9,,,,,,,,,,,,,,,,,,,,,,
ZP7F7:KWH,(                ),,419838,419840,419842,419845,419848,419850,419853,419855,419858,419861,419863,419864,419864,419864,419864,419864,419864,419864,419864,419864,419864,419864,419864,419864,419864,419864,419864,419864,419866,419868,419868,419868,419868,419868,419868,419868,419868,419868,419868,419868,419868,419868,419868,419868,419868,419868,419868,419868,419868,419868,419868,419868,419869,419870,419870,419870,419871,419872,419874,419875,419877,419878,419879,419880,419881,419882,419884,419884,419885,419887,419887,419888,419889,419891,419892,419892,419894,419895,419896,419896,419898,419899,419901,419901,419902,419904,419905,419906,419907,419908,419909,419911,419912,419912,419914,419915,419917,419917,419918,419920,419921,419922,419924,419924,419925,419927,419928,419928,419930,419931,419933,419934,419935,419937,419938,419939,419940,419942,419943,419944,419945,419947,,,,,,,,,,,,,,,,,,,,,,
ZP8F7:KW,(                ),kW,0.0,0.0,0.0,0.0,0.0,0.0,0.0,0.0,0.0,0.0,0.0,0.0,0.0,0.0,0.0,0.0,0.0,0.0,0.0,0.0,0.0,0.0,0.0,0.0,0.0,0.0,0.0,0.0,0.0,0.0,0.0,0.0,0.0,0.0,0.0,0.0,0.0,0.0,0.0,0.0,15.9,15.9,15.7,15.7,15.9,15.8,15.9,15.9,13.1,0.0,0.0,0.0,0.0,0.0,0.0,0.0,0.0,0.0,0.0,0.0,0.0,0.0,0.0,0.0,0.0,0.0,0.0,0.0,0.0,0.0,0.0,0.0,0.0,0.0,0.0,0.0,0.0,0.0,0.0,0.0,0.0,0.0,0.0,0.0,0.0,0.0,0.0,0.0,0.0,0.0,0.0,0.0,0.0,0.0,0.0,0.0,0.0,0.0,0.0,0.0,0.0,0.0,0.0,0.0,0.0,0.0,0.0,0.0,0.0,0.0,0.0,0.0,0.0,0.0,0.0,0.0,0.0,0.0,0.0,0.0,0.0,0.0,,,,,,,,,,,,,,,,,,,,,,
ZP8F7:KWH,(                ),,439612,439612,439612,439612,439612,439612,439612,439612,439612,439612,439612,439612,439612,439612,439612,439612,439612,439612,439612,439612,439612,439612,439612,439612,439612,439612,439612,439612,439612,439612,439612,439612,439612,439612,439612,439612,439612,439612,439612,439612,439614,439617,439619,439622,439625,439627,439630,439633,439635,439636,439636,439636,439636,439636,439636,439636,439636,439636,439636,439636,439636,439636,439636,439636,439636,439636,439636,439636,439636,439636,439636,439636,439636,439636,439636,439636,439636,439636,439636,439636,439636,439636,439636,439636,439636,439636,439636,439636,439636,439636,439636,439636,439636,439636,439636,439636,439636,439636,439636,439636,439636,439636,439636,439636,439636,439636,439636,439636,439636,439636,439636,439636,439636,439636,439636,439636,439636,439636,439636,439636,439636,439636,,,,,,,,,,,,,,,,,,,,,,
ZP9F7:KW,(                ),kW,0.0,0.0,0.0,0.0,0.0,0.0,0.0,0.0,0.0,0.0,0.0,0.0,0.0,0.0,0.0,0.0,0.0,0.0,0.0,0.0,0.0,0.0,0.0,0.0,0.0,0.0,0.0,0.0,0.0,0.0,0.0,0.0,0.0,0.0,0.0,0.0,0.0,0.0,0.0,0.0,0.0,0.0,0.0,0.0,0.0,0.0,0.0,0.0,13.1,15.6,15.8,15.7,10.9,8.7,12.4,15.5,12.0,9.1,8.4,8.3,8.3,8.2,8.3,15.6,11.5,8.9,8.2,15.5,10.0,8.7,8.3,15.5,10.6,9.0,10.7,15.4,9.8,8.8,12.9,15.8,9.4,8.6,11.7,15.7,9.8,8.8,8.6,8.1,15.6,11.5,9.3,8.1,15.4,13.8,9.5,8.2,11.8,15.6,9.6,8.3,8.1,8.6,8.1,15.5,11.0,8.8,8.1,15.5,11.2,9.0,8.3,11.0,8.2,8.2,7.7,7.8,8.2,8.3,7.7,7.8,8.3,8.0,,,,,,,,,,,,,,,,,,,,,,
ZP9F7:KWH,(                ),,240833,240833,240833,240833,240833,240833,240833,240833,240833,240833,240833,240833,240833,240833,240833,240833,240833,240833,240833,240833,240833,240833,240833,240833,240833,240833,240833,240833,240833,240833,240833,240833,240833,240833,240833,240833,240833,240833,240833,240833,240833,240833,240833,240833,240833,240833,240833,240833,240833,240835,240838,240841,240843,240845,240846,240849,240851,240853,240854,240856,240857,240858,240860,240861,240864,240866,240867,240869,240871,240873,240874,240877,240878,240880,240882,240884,240886,240887,240889,240892,240894,240895,240897,240899,240901,240903,240904,240905,240907,240910,240911,240913,240915,240917,240919,240920,240922,240924,240926,240928,240929,240930,240932,240934,240936,240938,240939,240941,240943,240945,240947,240948,240949,240951,240952,240953,240955,240956,240958,240959,240960,240961,,,,,,,,,,,,,,,,,,,,,,
ZP10F7:KW,(                ),kW,23.4,23.3,23.3,23.4,23.3,23.2,23.2,23.2,23.2,23.5,0.0,0.0,0.0,0.0,0.0,0.0,0.0,0.0,0.0,0.0,23.3,23.3,23.3,23.3,23.3,23.4,0.0,0.0,0.0,0.0,0.0,0.0,0.0,0.0,0.0,0.0,0.0,0.0,0.0,0.0,0.0,0.0,0.0,0.0,0.0,0.0,0.0,0.0,0.0,0.0,0.0,0.0,0.0,0.0,0.0,14.8,13.9,13.2,13.4,13.8,13.3,13.4,13.1,13.4,12.7,13.5,12.6,13.2,13.4,13.9,13.3,13.9,12.9,13.5,13.5,13.1,13.4,13.7,13.3,13.3,13.7,13.5,13.5,13.8,14.0,13.6,13.6,13.3,13.1,12.8,13.9,13.4,13.6,13.2,13.1,13.5,13.7,14.2,13.8,13.8,13.0,13.4,13.6,13.6,12.7,13.6,13.4,13.6,13.7,13.6,13.4,13.5,12.7,13.6,12.8,13.3,13.2,13.4,13.2,13.2,13.1,13.2,,,,,,,,,,,,,,,,,,,,,,
ZP10F7:KWH,(                ),,555944,555948,555952,555956,555960,555964,555968,555971,555975,555979,555983,555983,555983,555983,555983,555983,555983,555983,555983,555983,555983,555987,555992,555995,555999,556003,556006,556006,556006,556006,556006,556006,556006,556006,556006,556006,556006,556006,556006,556006,556006,556006,556006,556006,556006,556006,556006,556006,556006,556006,556006,556006,556006,556006,556006,556008,556010,556013,556015,556017,556019,556022,556024,556026,556028,556031,556033,556035,556037,556040,556040,556044,556046,556048,556051,556053,556055,556057,556060,556062,556064,556066,556069,556071,556073,556075,556077,556080,556082,556084,556086,556089,556091,556093,556095,556098,556100,556102,556104,556106,556109,556111,556113,556115,556117,556120,556122,556124,556127,556129,556131,556133,556136,556138,556140,556142,556144,556146,556149,556151,556153,556155,,,,,,,,,,,,,,,,,,,,,,
ZP11F7:KW,(                ),kW,0.0,0.0,0.0,0.0,0.0,0.0,0.0,0.0,0.0,0.0,0.0,0.0,0.0,0.0,0.0,0.0,0.0,0.0,0.0,0.0,0.0,0.0,0.0,0.0,0.0,0.0,0.0,0.0,0.0,0.0,0.0,0.0,0.0,0.0,0.0,0.0,0.0,0.0,0.0,0.0,23.1,23.2,23.1,23.2,23.2,23.1,23.1,23.2,17.7,0.0,0.0,0.0,0.0,0.0,0.0,0.0,0.0,0.0,0.0,0.0,0.0,0.0,0.0,0.0,0.0,0.0,0.0,0.0,0.0,0.0,0.0,0.0,0.0,0.0,0.0,0.0,0.0,0.0,0.0,0.0,0.0,0.0,0.0,0.0,0.0,0.0,0.0,0.0,0.0,0.0,0.0,0.0,0.0,0.0,0.0,0.0,0.0,0.0,0.0,0.0,0.0,0.0,0.0,0.0,0.0,0.0,0.0,0.0,0.0,0.0,0.0,0.0,0.0,0.0,0.0,0.0,0.0,0.0,0.0,0.0,0.0,0.0,,,,,,,,,,,,,,,,,,,,,,
ZP11F7:KWH,(                ),,405560,405560,405560,405560,405560,405560,405560,405560,405560,405560,405560,405560,405560,405560,405560,405560,405560,405560,405560,405560,405560,405560,405560,405560,405560,405560,405560,405560,405560,405560,405560,405560,405560,405560,405560,405560,405560,405560,405560,405560,405563,405567,405571,405575,405578,405582,405586,405590,405594,405594,405594,405594,405594,405594,405594,405594,405594,405594,405594,405594,405594,405594,405594,405594,405594,405594,405594,405594,405594,405594,405594,405594,405594,405594,405594,405594,405594,405594,405594,405594,405594,405594,405594,405594,405594,405594,405594,405594,405594,405594,405594,405594,405594,405594,405594,405594,405594,405594,405594,405594,405594,405594,405594,405594,405594,405594,405594,405594,405594,405594,405594,405594,405594,405594,405594,405594,405594,405594,405594,405594,405594,405594,,,,,,,,,,,,,,,,,,,,,,
ZP12F7:KW,(                ),kW,0.0,0.0,0.0,0.0,0.0,0.0,0.0,0.0,0.0,0.0,0.0,0.0,0.0,0.0,0.0,0.0,0.0,0.0,0.0,0.0,0.0,0.0,0.0,0.0,0.0,0.0,0.0,0.0,0.0,0.0,0.0,0.0,0.0,0.0,0.0,0.0,0.0,0.0,0.0,0.0,0.0,0.0,0.0,0.0,0.0,0.0,0.0,0.0,18.7,29.5,29.2,29.0,28.2,27.7,28.5,14.3,13.5,13.0,13.2,13.7,13.1,13.3,12.9,13.2,12.9,13.4,12.4,13.2,13.4,13.7,13.1,13.8,12.7,13.1,13.4,13.0,13.3,13.6,13.2,13.2,13.6,13.5,13.5,13.7,13.9,13.5,13.6,13.0,13.2,12.6,13.9,13.4,13.8,13.1,13.0,13.3,13.4,14.2,13.7,13.6,13.0,13.4,13.3,13.2,12.5,13.6,13.4,13.4,13.7,13.6,13.4,13.3,12.6,13.4,12.6,13.3,13.2,13.3,12.9,13.2,13.1,13.2,,,,,,,,,,,,,,,,,,,,,,
ZP12F7:KWH,(                ),,242572,242572,242572,242572,242572,242572,242572,242572,242572,242572,242572,242572,242572,242572,242572,242572,242572,242572,242572,242572,242572,242572,242572,242572,242572,242572,242572,242572,242572,242572,242572,242572,242572,242572,242572,242572,242572,242572,242572,242572,242572,242572,242572,242572,242572,242572,242572,242572,242572,242577,242582,242586,242591,242596,242600,242603,242605,242608,242610,242612,242614,242617,242619,242621,242623,242625,242628,242630,242632,242634,242635,242639,242641,242643,242645,242648,242650,242652,242654,242656,242659,242661,242663,242665,242668,242670,242672,242674,242676,242679,242681,242683,242685,242687,242690,242692,242694,242696,242699,242701,242703,242705,242707,242710,242712,242714,242716,242718,242721,242723,242725,242727,242730,242732,242734,242736,242738,242741,242743,242745,242747,242749,,,,,,,,,,,,,,,,,,,,,,
ZP13F7:KW,(                ),kW,0.0,0.0,0.0,0.0,0.0,21.5,21.7,21.5,6.1,0.0,0.0,21.7,21.7,20.1,0.0,0.0,0.0,21.7,21.7,21.6,0.0,0.0,0.0,0.0,0.0,0.0,0.0,0.0,0.0,0.0,21.6,21.7,21.6,0.0,0.0,0.0,0.0,0.0,0.0,0.0,0.0,0.0,0.0,0.0,0.0,0.0,0.0,0.0,0.0,0.0,0.0,0.0,0.0,0.0,0.0,0.0,13.8,11.8,11.7,11.6,11.6,11.6,11.6,11.7,11.2,0.0,14.3,12.3,9.5,0.0,18.5,11.8,0.5,0.0,13.1,11.8,0.0,0.0,13.1,11.8,0.0,6.4,12.8,11.7,0.0,2.8,0.0,0.0,0.0,0.0,0.0,0.0,0.0,0.0,0.0,0.0,0.0,0.0,0.0,0.0,0.0,0.0,0.0,0.0,0.0,0.0,0.0,0.0,0.0,0.0,0.0,0.0,11.2,0.0,14.4,11.9,0.0,0.0,12.6,11.4,0.0,0.0,,,,,,,,,,,,,,,,,,,,,,
ZP13F7:KWH,(                ),,527778,527778,527778,527778,527778,527780,527783,527787,527790,527790,527790,527793,527797,527800,527800,527800,527800,527803,527807,527810,527811,527811,527811,527811,527811,527811,527811,527811,527811,527811,527814,527818,527822,527824,527824,527824,527824,527824,527824,527824,527824,527824,527824,527824,527824,527824,527824,527824,527824,527824,527824,527824,527824,527824,527824,527824,527826,527828,527830,527832,527834,527836,527838,527840,527842,527842,527844,527846,527848,527848,527848,527852,527853,527853,527855,527858,527859,527859,527861,527863,527865,527865,527867,527869,527870,527870,527872,527872,527872,527872,527872,527872,527872,527872,527872,527872,527872,527872,527872,527872,527872,527872,527872,527872,527872,527872,527872,527872,527872,527872,527872,527872,527874,527874,527876,527878,527879,527879,527882,527883,527884,527884,,,,,,,,,,,,,,,,,,,,,,
ZP14F7:KW,(                ),kW,0.0,0.0,0.0,0.0,0.0,0.0,0.0,0.0,0.0,0.0,0.0,0.0,0.0,0.0,0.0,0.0,0.0,0.0,0.0,0.0,0.0,0.0,0.0,0.0,0.0,0.0,0.0,0.0,0.0,0.0,0.0,0.0,0.0,0.0,0.0,0.0,0.0,0.0,0.0,0.0,21.9,21.8,21.8,21.8,21.9,21.8,21.8,21.9,17.4,0.0,0.0,0.0,0.0,0.0,0.0,0.0,0.0,0.0,0.0,0.0,0.0,0.0,0.0,0.0,0.0,0.0,0.0,0.0,0.0,0.0,0.0,0.0,0.0,0.0,0.0,0.0,0.0,0.0,0.0,0.0,0.0,0.0,0.0,0.0,0.0,0.0,0.0,18.6,13.0,11.1,0.0,15.1,12.1,11.4,0.0,15.0,12.0,0.7,0.0,13.7,11.6,0.0,16.6,12.5,11.5,0.0,13.3,11.9,0.0,0.6,13.1,11.9,0.0,0.0,0.0,0.0,0.0,0.0,0.0,0.0,0.0,0.0,,,,,,,,,,,,,,,,,,,,,,
ZP14F7:KWH,(                ),,362917,362917,362917,362917,362917,362917,362917,362917,362917,362917,362917,362917,362917,362917,362917,362917,362917,362917,362917,362917,362917,362917,362917,362917,362917,362917,362917,362917,362917,362917,362917,362917,362917,362917,362917,362917,362917,362917,362917,362917,362920,362924,362928,362931,362935,362938,362942,362946,362950,362950,362950,362950,362950,362950,362950,362950,362950,362950,362950,362950,362950,362950,362950,362950,362950,362950,362950,362950,362950,362950,362950,362950,362950,362950,362950,362950,362950,362950,362950,362950,362950,362950,362950,362950,362950,362950,362950,362950,362952,362955,362955,362956,362958,362960,362961,362962,362964,362966,362966,362968,362970,362971,362971,362974,362975,362976,362978,362980,362981,362981,362983,362985,362985,362985,362985,362985,362985,362985,362985,362985,362985,362985,,,,,,,,,,,,,,,,,,,,,,
ZP15F7:KW,(                ),kW,0.0,0.0,0.0,0.0,0.0,0.0,0.0,0.0,0.0,0.0,0.0,0.0,0.0,0.0,0.0,0.0,0.0,0.0,0.0,0.0,0.0,0.0,0.0,0.0,0.0,0.0,0.0,0.0,0.0,0.0,0.0,0.0,0.0,0.0,0.0,0.0,0.0,0.0,0.0,0.0,0.0,0.0,0.0,0.0,0.0,0.0,0.0,0.0,12.8,19.1,20.1,19.2,18.8,17.7,18.5,21.0,10.3,8.9,8.8,8.9,8.9,8.8,8.9,8.9,8.4,20.6,10.8,9.3,8.5,21.2,14.0,9.0,11.6,21.1,10.0,8.9,13.0,20.9,9.9,9.0,15.7,19.7,9.7,8.7,15.3,21.0,15.7,13.7,9.5,8.0,18.4,11.1,8.9,8.2,19.5,11.0,8.9,12.5,21.1,10.0,8.7,17.9,12.1,9.2,8.3,21.0,9.7,8.8,14.7,21.1,9.6,8.8,8.4,20.0,10.8,8.9,13.3,21.0,9.4,8.6,17.2,21.1,,,,,,,,,,,,,,,,,,,,,,
ZP15F7:KWH,(                ),,216207,216207,216207,216207,216207,216207,216207,216207,216207,216207,216207,216207,216207,216207,216207,216207,216207,216207,216207,216207,216207,216207,216207,216207,216207,216207,216207,216207,216207,216207,216207,216207,216207,216207,216207,216207,216207,216207,216207,216207,216207,216207,216207,216207,216207,216207,216207,216207,216207,216210,216214,216217,216220,216223,216226,216230,216232,216233,216235,216236,216238,216239,216241,216242,216244,216246,216249,216250,216252,216255,216256,216259,216260,216263,216266,216267,216269,216271,216274,216275,216277,216280,216282,216284,216285,216289,216291,216294,216295,216297,216299,216302,216304,216305,216308,216311,216312,216314,216317,216319,216320,216322,216325,216327,216328,216331,216334,216335,216337,216340,216342,216344,216345,216348,216351,216352,216354,216357,216359,216360,216362,216366,,,,,,,,,,,,,,,,,,,,,,
