變數名稱,說明,單位,00:10:00,00:20:00,00:30:00,00:40:00,00:50:00,01:00:00,01:10:00,01:20:00,01:30:00,01:40:00,01:50:00,02:00:00,02:10:00,02:20:00,02:30:00,02:40:00,02:50:00,03:00:00,03:10:00,03:20:00,03:30:00,03:40:00,03:50:00,04:00:00,04:10:00,04:20:00,04:30:00,04:40:00,04:50:00,05:00:00,05:10:00,05:20:00,05:30:00,05:40:00,05:50:00,06:00:00,06:10:00,06:20:00,06:30:00,06:40:00,06:50:00,07:00:00,07:10:00,07:20:00,07:30:00,07:40:00,07:50:00,08:00:00,08:10:00,08:20:00,08:30:00,08:40:00,08:50:00,09:00:00,09:10:00,09:20:00,09:30:00,09:40:00,09:50:00,10:00:00,10:10:00,10:20:00,10:30:00,10:40:00,10:50:00,11:00:00,11:10:00,11:20:00,11:30:00,11:40:00,11:50:00,12:00:00,12:10:00,12:20:00,12:30:00,12:40:00,12:50:00,13:00:00,13:10:00,13:20:00,13:30:00,13:40:00,13:50:00,14:00:00,14:10:00,14:20:00,14:30:00,14:40:00,14:50:00,15:00:00,15:10:00,15:20:00,15:30:00,15:40:00,15:50:00,16:00:00,16:10:00,16:20:00,16:30:00,16:40:00,16:50:00,17:00:00,17:10:00,17:20:00,17:30:00,17:40:00,17:50:00,18:00:00,18:10:00,18:20:00,18:30:00,18:40:00,18:50:00,19:00:00,19:10:00,19:20:00,19:30:00,19:40:00,19:50:00,20:00:00,20:10:00,20:20:00,20:30:00,20:40:00,20:50:00,21:00:00,21:10:00,21:20:00,21:30:00,21:40:00,21:50:00,22:00:00,22:10:00,22:20:00,22:30:00,22:40:00,22:50:00,23:00:00,23:10:00,23:20:00,23:30:00,23:40:00,23:50:00,00:00:00
7F-CH-1.ST,(CH1出水溫度     ),DEG C,6.3,7.0,7.0,6.7,7.0,7.0,7.1,7.0,7.2,7.1,7.2,7.0,9.7,10.9,11.8,12.6,13.3,13.9,14.6,15.2,15.8,16.2,16.5,16.6,15.3,15.0,15.3,15.6,16.0,16.4,16.3,16.9,17.3,17.6,13.1,11.8,11.4,9.9,8.7,8.1,7.2,6.8,7.2,6.8,7.0,7.0,7.1,7.0,7.2,7.0,7.2,7.1,7.2,8.0,7.8,9.0,9.8,10.6,10.5,10.0,9.8,9.9,9.8,9.8,10.2,10.2,10.1,10.1,10.3,10.4,10.3,10.3,10.3,10.3,10.2,10.4,10.4,10.5,10.5,10.6,10.7,10.7,10.9,11.1,11.3,11.4,11.5,11.5,11.7,11.7,11.7,11.6,11.4,11.3,,,,,,,,,,,,,,,,,,,,,,,,,,,,,,,,,,,,,,,,,,,,,,,,,,
7F-CH-2.ST,(CH2出水溫度     ),DEG C,10.9,10.0,9.8,10.1,9.8,9.6,9.7,9.7,9.9,9.7,9.9,9.8,9.9,11.1,12.1,12.9,13.6,14.1,14.8,15.5,16.0,16.5,16.7,16.9,15.0,15.2,15.5,15.8,16.2,16.6,16.6,17.1,17.4,17.8,18.1,16.9,16.1,15.0,13.7,13.4,12.3,11.4,11.0,11.1,11.3,11.4,9.0,9.2,9.1,9.5,10.6,10.7,11.2,12.4,12.5,13.7,14.9,12.4,10.6,10.1,9.9,10.0,9.9,10.0,10.4,10.4,10.4,10.4,10.5,10.6,10.5,10.6,10.6,10.6,10.5,10.6,10.7,10.7,10.7,10.9,10.9,11.0,11.1,11.3,11.4,11.6,11.6,11.6,11.9,11.8,11.9,11.8,11.6,11.5,,,,,,,,,,,,,,,,,,,,,,,,,,,,,,,,,,,,,,,,,,,,,,,,,,
7F-CH-3.ST,(CH3出水溫度     ),DEG C,10.8,9.9,9.7,10.1,9.7,9.5,9.6,9.6,9.8,9.6,9.8,9.7,9.9,11.1,12.0,12.8,13.5,14.1,14.8,15.4,15.9,16.4,16.6,16.8,15.1,15.1,15.4,15.8,16.1,16.5,16.5,17.0,17.3,17.7,18.0,16.8,15.9,14.9,13.6,13.5,12.2,11.3,10.9,10.9,11.0,11.1,8.9,9.1,9.0,9.4,10.6,10.6,11.1,12.3,12.4,13.6,14.6,15.5,15.3,14.7,14.4,14.6,14.5,14.7,14.9,15.0,15.0,15.1,15.0,15.1,15.2,15.2,15.2,15.3,15.1,15.2,15.3,15.4,15.4,15.6,15.6,15.7,15.8,16.0,16.1,16.2,16.3,16.3,16.6,16.5,16.6,16.6,16.4,16.3,,,,,,,,,,,,,,,,,,,,,,,,,,,,,,,,,,,,,,,,,,,,,,,,,,
7F-CH-4.ST,(CH4出水溫度     ),DEG C,10.4,9.6,9.6,9.8,9.4,9.3,9.4,9.4,9.5,9.4,9.7,9.4,9.7,10.9,11.8,12.6,13.3,13.8,14.6,15.2,15.7,16.2,16.4,16.5,14.4,14.8,15.2,15.5,15.9,16.3,16.3,16.8,17.1,17.5,17.8,16.6,16.1,14.6,13.3,12.9,11.9,11.0,10.7,10.0,9.2,9.0,8.9,8.8,9.0,9.2,10.2,10.4,10.9,12.1,12.2,13.4,14.6,15.4,11.2,10.7,10.5,10.6,10.5,10.6,10.9,11.0,11.0,11.0,11.1,11.1,11.2,11.2,11.2,11.2,11.1,11.2,11.3,11.3,11.3,11.5,11.6,11.7,11.8,11.9,12.1,12.2,12.3,12.3,12.5,12.5,12.6,12.5,12.3,12.2,,,,,,,,,,,,,,,,,,,,,,,,,,,,,,,,,,,,,,,,,,,,,,,,,,
7F-CH-5.ST,(CH5出水溫度     ),DEG C,10.8,9.8,9.6,10.0,9.6,9.4,9.5,9.5,9.7,9.5,9.7,9.6,9.8,11.0,11.9,12.7,13.4,14.0,14.7,15.3,15.8,16.3,16.5,16.7,14.9,15.0,15.3,15.7,16.0,16.4,16.4,16.9,17.2,17.6,17.9,16.7,15.8,14.8,13.5,13.4,12.1,11.2,10.8,10.8,10.9,11.0,8.9,9.1,8.9,9.3,10.4,10.5,11.0,12.3,12.4,13.7,14.7,15.6,15.3,14.8,14.4,14.5,14.4,14.6,14.7,15.0,14.8,14.9,14.9,15.1,15.1,15.0,15.1,15.2,15.0,15.1,15.2,15.3,15.3,15.4,15.5,15.6,15.7,15.8,16.0,16.2,16.2,16.2,16.4,16.5,16.4,16.5,16.3,16.2,,,,,,,,,,,,,,,,,,,,,,,,,,,,,,,,,,,,,,,,,,,,,,,,,,
7F-CH.ST,(冰水總出水溫度  ),DEG C,8.7,8.4,8.1,8.6,8.2,8.1,8.5,8.4,8.2,8.4,8.5,8.2,9.7,10.9,11.8,12.6,13.3,13.9,14.6,15.2,15.7,16.2,16.5,16.6,15.2,15.0,15.3,15.6,16.0,16.3,16.3,16.9,17.2,17.5,16.1,14.8,13.8,12.9,11.6,11.2,9.7,9.6,7.6,7.2,7.2,7.2,7.7,7.6,7.7,7.7,9.3,9.2,9.6,10.9,10.8,12.1,13.5,13.4,11.6,11.0,10.9,10.9,10.8,10.9,11.3,11.3,11.3,11.3,11.4,11.4,11.4,11.5,11.5,11.5,11.4,11.4,11.6,11.6,11.6,11.8,11.9,11.9,12.1,12.2,12.4,12.5,12.6,12.6,12.8,12.8,12.9,12.8,12.6,12.4,,,,,,,,,,,,,,,,,,,,,,,,,,,,,,,,,,,,,,,,,,,,,,,,,,
7F-CH-1.RT,(CH1回水溫度     ),,10.4,9.8,9.8,9.9,9.6,9.5,9.7,9.6,9.7,9.6,9.9,9.7,9.9,11.1,12.0,12.8,13.5,14.0,14.7,15.4,15.9,16.4,16.6,16.7,14.7,15.0,15.3,15.7,16.1,16.5,16.5,17.0,17.4,17.7,18.0,16.8,16.5,14.8,13.5,12.9,12.1,11.2,11.2,9.8,9.4,9.1,9.2,9.0,9.3,9.4,10.4,10.6,11.1,12.3,12.5,13.6,14.7,15.6,15.3,14.7,14.4,14.6,14.5,14.6,14.9,15.0,15.0,15.1,15.0,15.1,15.2,15.2,15.2,15.3,15.1,15.2,15.3,15.4,15.4,15.6,15.6,15.6,15.8,16.0,16.1,16.2,16.3,16.3,16.5,16.5,16.6,16.6,16.4,16.3,,,,,,,,,,,,,,,,,,,,,,,,,,,,,,,,,,,,,,,,,,,,,,,,,,
7F-CH-2.RT,(CH2回水溫度     ),,10.5,9.9,9.9,10.0,9.7,9.6,9.8,9.7,9.8,9.7,10.1,9.7,10.1,11.2,12.1,12.9,13.6,14.2,14.9,15.5,16.0,16.5,16.8,16.9,14.3,15.1,15.5,15.8,16.2,16.6,16.8,17.1,17.5,17.8,18.1,16.9,16.7,14.9,13.6,12.9,12.2,11.3,11.0,11.0,11.1,11.1,9.3,9.2,9.4,9.5,10.5,10.7,11.2,12.5,12.7,13.8,14.9,15.7,15.4,14.8,14.6,14.8,14.6,14.8,15.1,15.1,15.1,15.2,15.1,15.2,15.4,15.3,15.3,15.4,15.2,15.4,15.4,15.5,15.5,15.7,15.7,15.8,15.9,16.1,16.2,16.4,16.4,16.5,16.7,16.6,16.7,16.7,16.5,16.4,,,,,,,,,,,,,,,,,,,,,,,,,,,,,,,,,,,,,,,,,,,,,,,,,,
7F-CH-3.RT,(CH3回水溫度     ),,10.5,9.9,9.8,10.0,9.7,9.5,9.7,9.7,9.8,9.6,10.0,9.7,10.0,11.1,12.1,12.9,13.5,14.1,14.8,15.4,16.0,16.4,16.7,16.8,14.4,15.0,15.4,15.8,16.2,16.5,16.7,17.1,17.4,17.7,18.1,16.8,16.6,14.8,13.5,13.0,12.1,11.2,10.9,10.9,11.0,11.1,9.2,9.1,9.2,9.4,10.5,10.6,11.1,12.4,12.6,13.7,14.8,15.6,15.3,14.7,14.5,14.7,14.5,14.7,15.0,15.1,15.0,15.1,15.0,15.2,15.3,15.2,15.2,15.3,15.1,15.3,15.3,15.4,15.4,15.6,15.6,15.7,15.8,16.0,16.1,16.3,16.3,16.4,16.6,16.6,16.6,16.6,16.4,16.3,,,,,,,,,,,,,,,,,,,,,,,,,,,,,,,,,,,,,,,,,,,,,,,,,,
7F-CH-4.RT,(CH4回水溫度     ),,10.4,9.9,9.9,10.0,9.7,9.5,9.8,9.7,9.8,9.6,10.0,9.7,10.0,11.2,12.1,12.9,13.6,14.1,14.8,15.5,16.0,16.5,16.7,16.8,14.0,15.0,15.4,15.8,16.2,16.6,16.7,17.1,17.4,17.7,18.1,16.8,16.6,14.8,13.5,12.9,12.1,11.2,11.3,9.9,9.5,9.2,9.3,9.1,9.3,9.5,10.4,10.6,11.2,12.4,12.7,13.8,14.9,15.7,15.4,14.8,14.5,14.7,14.6,14.7,15.0,15.1,15.0,15.1,15.1,15.2,15.3,15.2,15.2,15.3,15.2,15.3,15.4,15.4,15.5,15.6,15.7,15.7,15.8,16.0,16.1,16.3,16.4,16.4,16.6,16.6,16.6,16.6,16.4,16.3,,,,,,,,,,,,,,,,,,,,,,,,,,,,,,,,,,,,,,,,,,,,,,,,,,
7F-CH-5.RT,(CH5回水溫度     ),,10.3,9.7,9.7,9.8,9.5,9.4,9.6,9.5,9.6,9.5,9.9,9.5,9.9,11.0,11.9,12.7,13.4,14.0,14.7,15.3,15.8,16.3,16.6,16.7,13.9,14.8,15.2,15.6,16.0,16.4,16.6,16.9,17.2,17.6,17.9,16.6,16.5,14.7,13.4,12.7,12.0,11.0,10.8,10.8,10.9,11.0,9.0,9.0,9.1,9.3,10.3,10.5,11.0,12.4,12.6,13.7,14.8,15.6,15.3,14.7,14.4,14.5,14.4,14.6,14.8,14.9,14.8,14.8,14.9,15.0,15.1,15.0,15.1,15.2,15.0,15.0,15.2,15.3,15.3,15.4,15.5,15.6,15.7,15.8,16.0,16.1,16.2,16.2,16.4,16.4,16.4,16.4,16.3,16.2,,,,,,,,,,,,,,,,,,,,,,,,,,,,,,,,,,,,,,,,,,,,,,,,,,
7F-CH.RT,(冰水總回水溫度  ),DEG C,10.1,9.7,9.6,9.7,9.5,9.3,9.6,9.4,9.5,9.4,9.8,9.5,9.9,11.0,11.9,12.7,13.4,13.9,14.6,15.2,15.8,16.3,16.5,16.6,12.7,14.3,14.9,15.4,15.9,16.2,16.5,16.8,17.1,17.4,17.8,16.4,16.3,14.5,13.1,12.5,11.8,10.9,11.0,9.5,9.2,8.9,9.1,8.8,9.1,9.2,10.0,10.4,10.9,11.8,11.5,12.6,13.5,14.8,14.7,13.8,14.2,14.4,14.0,14.4,15.0,14.8,14.9,15.4,14.6,14.8,15.0,15.5,15.0,15.0,14.9,15.3,15.0,15.2,15.3,15.8,15.2,15.3,15.7,16.2,15.8,16.0,16.1,16.4,16.5,16.3,16.5,16.5,16.2,16.1,,,,,,,,,,,,,,,,,,,,,,,,,,,,,,,,,,,,,,,,,,,,,,,,,,
7F-CH-1.CHDT,(冰水溫差        ),DEG C,4.1,2.8,2.8,3.2,2.6,2.5,2.6,2.7,2.5,2.5,2.7,2.7,0.0,0.0,0.0,0.0,0.0,0.0,0.0,0.0,0.0,0.0,0.0,0.0,0.0,0.0,0.0,0.0,0.0,0.0,0.0,0.0,0.1,0.1,4.9,5.0,5.1,4.9,4.8,4.8,4.8,4.3,4.0,2.9,2.4,2.1,2.1,2.0,2.0,2.4,3.3,3.5,3.9,4.4,4.7,4.7,4.9,4.9,4.8,4.7,4.7,4.7,4.7,4.9,4.8,4.8,4.8,4.9,4.7,4.8,4.9,4.9,4.8,4.9,4.9,4.9,4.8,4.9,4.9,4.9,4.9,4.9,4.9,4.9,4.7,4.8,4.8,4.8,4.8,4.8,4.9,5.0,5.0,5.0,,,,,,,,,,,,,,,,,,,,,,,,,,,,,,,,,,,,,,,,,,,,,,,,,,
7F-CH-2.CHDT,(冰水溫差        ),DEG C,0.0,0.0,0.0,0.0,0.0,0.0,0.0,0.0,0.0,0.0,0.0,0.0,0.0,0.0,0.0,0.0,0.0,0.0,0.0,0.0,0.0,0.0,0.0,0.0,0.0,0.0,0.0,0.0,0.0,0.0,0.0,0.0,0.0,0.0,0.0,0.0,0.0,0.0,0.0,0.0,0.0,0.0,0.0,0.0,0.0,0.0,0.0,0.0,0.0,0.0,0.0,0.0,0.0,0.0,0.0,0.0,0.0,3.3,4.8,4.7,4.6,4.7,4.7,4.8,4.7,4.8,4.7,4.8,4.7,4.7,4.8,4.8,4.7,4.8,4.8,4.8,4.7,4.8,4.8,4.8,4.8,4.8,4.8,4.8,4.8,4.7,4.8,4.8,4.8,4.8,4.8,4.9,4.9,4.9,,,,,,,,,,,,,,,,,,,,,,,,,,,,,,,,,,,,,,,,,,,,,,,,,,
7F-CH-3.CHDT,(冰水溫差        ),DEG C,0.0,0.0,0.0,0.0,0.0,0.0,0.0,0.0,0.0,0.0,0.0,0.0,0.0,0.0,0.0,0.0,0.0,0.0,0.0,0.0,0.0,0.0,0.0,0.0,0.0,0.0,0.0,0.0,0.0,0.0,0.0,0.0,0.0,0.0,0.0,0.0,0.0,0.0,0.0,0.0,0.0,0.0,0.0,0.0,0.0,0.0,0.0,0.0,0.0,0.0,0.0,0.0,0.0,0.0,0.0,0.0,0.0,0.0,0.0,0.0,0.0,0.0,0.0,0.0,0.0,0.0,0.0,0.0,0.0,0.0,0.0,0.0,0.0,0.0,0.0,0.0,0.0,0.0,0.0,0.0,0.0,0.0,0.0,0.0,0.0,0.0,0.0,0.0,0.0,0.0,0.0,0.0,0.0,0.0,,,,,,,,,,,,,,,,,,,,,,,,,,,,,,,,,,,,,,,,,,,,,,,,,,
7F-CH-4.CHDT,(冰水溫差        ),DEG C,0.0,0.0,0.0,0.0,0.0,0.0,0.0,0.0,0.0,0.0,0.0,0.0,0.0,0.0,0.0,0.0,0.0,0.0,0.0,0.0,0.0,0.0,0.0,0.0,0.0,0.0,0.0,0.0,0.0,0.0,0.0,0.0,0.0,0.0,0.0,0.0,0.0,0.0,0.0,0.0,0.0,0.0,0.0,0.0,0.0,0.0,0.0,0.0,0.0,0.0,0.0,0.0,0.0,0.0,0.0,0.0,0.3,0.3,4.2,4.1,4.0,4.1,4.1,4.1,4.1,4.1,4.1,4.1,4.0,4.0,4.1,4.0,4.0,4.1,4.1,4.1,4.1,4.1,4.1,4.1,4.1,4.0,4.1,4.1,4.1,4.1,4.1,4.1,4.1,4.1,4.1,4.1,4.2,4.2,,,,,,,,,,,,,,,,,,,,,,,,,,,,,,,,,,,,,,,,,,,,,,,,,,
7F-CH-5.CHDT,(冰水溫差        ),DEG C,0.0,0.0,0.0,0.0,0.0,0.0,0.0,0.0,0.0,0.0,0.0,0.0,0.0,0.0,0.0,0.0,0.0,0.0,0.0,0.0,0.0,0.0,0.0,0.0,0.0,0.0,0.0,0.0,0.0,0.0,0.0,0.0,0.0,0.0,0.0,0.0,0.0,0.0,0.0,0.0,0.0,0.0,0.0,0.0,0.0,0.0,0.0,0.0,0.0,0.0,0.0,0.0,0.0,0.0,0.0,0.0,0.0,0.0,0.0,0.0,0.0,0.0,0.0,0.0,0.0,0.0,0.0,0.0,0.0,0.0,0.0,0.0,0.0,0.0,0.0,0.0,0.0,0.0,0.0,0.0,0.0,0.0,0.0,0.0,0.0,0.0,0.0,0.0,0.0,0.0,0.0,0.0,0.0,0.0,,,,,,,,,,,,,,,,,,,,,,,,,,,,,,,,,,,,,,,,,,,,,,,,,,
7F-CHSYS.CHDT,(冰水系統溫差    ),DEG C,1.4,1.2,1.5,1.1,1.2,1.2,1.1,1.0,1.3,1.1,1.3,1.2,0.2,0.1,0.1,0.1,0.1,0.1,0.1,0.0,0.0,0.0,0.0, -0.0, -2.5, -0.7, -0.3, -0.2, -0.1, -0.1,0.2, -0.1, -0.1, -0.1,1.7,1.7,2.5,1.6,1.5,1.3,2.1,1.3,3.5,2.3,2.0,1.7,1.4,1.2,1.4,1.5,0.7,1.2,1.4,1.0,0.7,0.5,0.1,1.5,3.1,2.8,3.3,3.5,3.2,3.5,3.7,3.5,3.7,4.1,3.3,3.4,3.6,4.1,3.4,3.6,3.5,3.9,3.4,3.5,3.7,4.0,3.3,3.4,3.6,4.0,3.4,3.5,3.5,3.8,3.7,3.5,3.6,3.7,3.6,3.6,,,,,,,,,,,,,,,,,,,,,,,,,,,,,,,,,,,,,,,,,,,,,,,,,,
7F-CH-1.FM,(CH1水流量       ),,5726,5752,5669,5857,5733,5739,5902,5845,5630,5807,5699,5748,1880,1893,1914,1900,1884,1922,1923,1944,1929,1912,1359,1357,2656,2636,2656,2639,2665,2629,3027,3064,6001,6000,5988,6004,5836,5956,5929,5817,5737,6027,5529,5567,5555,5555,5584,5568,5592,5567,5962,5972,5977,6330,6209,6297,6085,6110,6057,6053,6111,6068,6077,6028,6110,6040,6182,6020,6093,6046,6064,6067,6107,6067,6035,6062,6160,6071,6029,6064,6103,6052,6091,6067,6128,6046,6099,6039,6190,6123,6136,6083,6090,6053,,,,,,,,,,,,,,,,,,,,,,,,,,,,,,,,,,,,,,,,,,,,,,,,,,
7F-CH-2.FM,(CH2水流量       ),,1417,1409,23,1649,1170,1154,1956,1743,23,1634,1214,1293,1614,1554,1578,1606,1607,1640,1632,1599,1610,1626,978,976,2543,2490,2492,2540,2571,2560,3110,3096,1942,1881,2267,2198,1814,2154,2149,1834,1392,2509,21,21,21,23,23,21,21,21,2371,2348,2384,3512,3081,3251,6271,6342,6364,6279,6318,6287,6265,6262,6403,6293,6323,6248,6392,6256,6298,6304,6346,6289,6359,6301,6318,6296,6234,6306,6365,6312,6374,6298,6401,6365,6387,6407,6485,6374,6445,6364,6406,6365,,,,,,,,,,,,,,,,,,,,,,,,,,,,,,,,,,,,,,,,,,,,,,,,,,
7F-CH-3.FM,(CH3水流量       ),,654,670,4,884,1,1,1057,907,3,831,3,1,776,829,745,824,720,754,770,723,782,849,1,1,1485,1554,1454,1549,1589,1512,2103,2151,1206,1089,1564,1356,928,1221,1078,907,4,1423,1,1,1,1,1,1,1,1,1343,1435,1339,2407,2095,2273,1571,1887,1657,1557,1724,1639,1645,1496,1714,1564,1717,1473,1720,1606,1557,1512,1789,1579,1751,1570,1832,1614,1620,1587,1793,1576,1696,1595,1746,1714,1856,1504,1895,1599,1829,1631,1703,1548,,,,,,,,,,,,,,,,,,,,,,,,,,,,,,,,,,,,,,,,,,,,,,,,,,
7F-CH-4.FM,(CH4水流量       ),,2429,2435,1781,2582,2159,2110,2871,2706,1676,2571,2276,2468,2496,2501,2624,2574,2582,2556,2657,2618,2578,2649,1992,1968,3484,3378,3379,3392,3431,3514,3967,3909,2821,2746,3217,3074,2803,3034,2996,2720,2335,3393,1029,921,929,898,1414,1329,1384,1343,3204,3246,3143,4264,3917,4114,7454,7685,7290,7340,7353,7415,7523,7206,7407,7618,7571,7351,7271,7417,7409,7404,7417,7332,7342,7314,7292,7368,7485,7453,7371,7370,7581,7282,7537,7424,7528,7481,7484,7426,7445,7403,7521,7393,,,,,,,,,,,,,,,,,,,,,,,,,,,,,,,,,,,,,,,,,,,,,,,,,,
7F-CH-5.FM,(CH5水流量       ),,1562,1612,799,1739,1145,1343,2070,1823,840,1790,1370,1353,1742,1834,1670,1785,1873,1831,2023,1784,1828,1817,1123,946,2681,2639,2628,2814,2951,3112,3506,3526,2179,2056,2892,2409,2084,2256,2301,1959,1474,2585,12,12,9,9,10,10,10,10,2392,2304,2570,3484,3182,3181,2834,3159,2684,2754,2806,2896,2703,2771,2953,2914,2937,2745,2909,2965,2873,2790,3090,2806,3032,2823,3026,2760,2535,2826,3062,2959,2815,2682,3146,2699,2857,2643,3412,3060,3323,3095,3082,2599,,,,,,,,,,,,,,,,,,,,,,,,,,,,,,,,,,,,,,,,,,,,,,,,,,
7F-CH.FM,(冰水總流量      ),,12096,12271,9339,12130,11123,11244,13952,13976,9198,11986,11481,11109,8992,8844,8903,9215,8916,8954,9126,9123,9047,9281,6163,6118,13584,13516,13505,13320,13615,14100,17074,17324,14169,14554,16152,15534,14272,16211,15853,13870,11044,17524,6214,6280,6122,6273,8487,8277,8112,7968,16431,16654,16730,22955,20638,21058,27623,28706,28300,28184,28108,27874,27819,26509,28063,27585,27685,26991,28098,27238,27819,27042,28067,27730,27919,27049,28108,27884,26403,27145,28080,27510,27802,27139,27884,27737,27943,27008,28524,27723,28465,27805,28111,27455,,,,,,,,,,,,,,,,,,,,,,,,,,,,,,,,,,,,,,,,,,,,,,,,,,
7F-CW-1.ST,(CW1出水溫度     ),DEG C,33.1,31.6,30.8,31.8,31.0,30.6,30.3,30.8,30.6,30.3,30.7,30.9,27.1,27.0,27.3,27.4,27.5,27.6,27.6,27.7,27.7,27.8,27.8,27.9,27.9,27.9,28.0,28.0,28.0,28.1,28.1,28.1,25.1,24.5,28.7,34.3,34.7,34.7,34.6,34.6,34.5,34.3,32.8,31.7,29.7,29.2,28.5,29.0,29.0,29.6,31.0,31.9,33.0,34.1,35.1,35.4,35.8,35.8,36.2,36.8,36.5,36.6,36.3,36.1,36.4,36.4,36.1,36.0,36.5,36.6,36.1,36.1,36.2,35.8,35.8,36.2,36.3,36.5,36.5,36.3,36.3,36.5,36.5,37.0,37.3,37.4,37.5,37.5,37.3,37.6,37.3,36.8,36.6,36.6,,,,,,,,,,,,,,,,,,,,,,,,,,,,,,,,,,,,,,,,,,,,,,,,,,
7F-CW-2.ST,(CW2出水溫度     ),DEG C,29.8,29.8,29.7,29.8,29.8,29.8,29.9,29.8,29.9,29.8,29.8,29.8,29.9,29.9,29.9,29.9,29.8,29.8,29.8,29.8,29.8,29.8,29.8,29.8,29.8,29.8,29.8,29.8,29.8,29.8,29.8,29.7,29.8,29.8,29.7,29.7,29.7,29.7,29.8,29.8,29.8,29.7,29.7,29.7,29.8,29.8,29.8,29.8,29.8,29.8,29.8,29.8,29.8,29.8,29.9,29.9,26.7,28.5,39.1,39.8,39.8,39.8,39.8,39.7,39.9,39.8,39.8,39.7,40.2,39.6,39.7,40.2,40.0,39.7,39.6,40.0,40.1,40.1,40.0,40.2,40.2,40.4,40.4,40.6,40.6,40.7,40.8,40.8,40.8,40.9,41.0,40.4,40.2,40.2,,,,,,,,,,,,,,,,,,,,,,,,,,,,,,,,,,,,,,,,,,,,,,,,,,
7F-CW-3.ST,(CW3出水溫度     ),DEG C,31.7,31.7,31.7,31.7,31.7,31.7,31.7,31.7,31.7,31.7,31.7,31.7,31.7,31.7,31.6,31.6,31.6,31.6,31.6,31.6,31.6,31.6,31.6,31.5,31.5,31.5,31.5,31.5,31.5,31.5,31.5,31.5,31.4,31.4,31.4,31.4,31.4,31.4,31.5,31.5,31.5,31.5,31.5,31.5,31.4,31.4,31.4,31.4,31.4,31.4,31.4,31.4,31.4,31.3,31.3,31.3,31.3,31.3,31.3,31.4,31.4,31.4,31.4,31.4,31.4,31.4,31.4,31.4,31.4,31.5,31.5,31.5,31.5,31.5,31.5,31.6,31.6,31.6,31.6,31.6,31.6,31.7,31.7,31.7,31.7,31.7,31.8,31.8,31.8,31.8,31.9,31.9,31.9,31.9,,,,,,,,,,,,,,,,,,,,,,,,,,,,,,,,,,,,,,,,,,,,,,,,,,
7F-CW-4.ST,(CW4出水溫度     ),DEG C,28.5,28.5,28.6,28.6,28.7,28.8,28.8,28.8,28.9,28.9,29.0,29.0,29.0,29.1,29.1,29.1,29.2,29.2,29.2,29.3,29.3,29.3,29.3,29.4,29.4,29.4,29.4,29.4,29.5,29.5,29.5,29.5,29.5,29.6,29.6,29.6,29.6,29.6,29.7,29.7,29.7,29.7,29.7,29.7,29.8,29.8,29.8,29.8,29.8,29.8,29.8,29.9,29.9,29.9,29.9,29.9,27.9,25.4,34.5,35.3,35.3,35.3,35.2,35.2,35.5,35.3,35.5,35.5,36.0,36.0,35.6,36.2,35.8,35.4,35.4,35.7,35.7,35.8,35.7,36.0,36.1,36.4,36.3,36.5,36.5,36.6,36.7,36.6,36.7,36.6,36.9,36.3,36.0,36.0,,,,,,,,,,,,,,,,,,,,,,,,,,,,,,,,,,,,,,,,,,,,,,,,,,
7F-CW-5.ST,(CW5出水溫度     ),DEG C,30.9,31.0,31.0,31.0,31.0,31.1,31.1,31.1,31.1,31.1,31.2,31.2,31.2,31.2,31.2,31.2,31.2,31.2,31.2,31.2,31.2,31.2,31.3,31.3,31.3,31.3,31.3,31.3,31.3,31.3,31.3,31.3,31.3,31.3,31.3,31.3,31.3,31.3,31.3,31.3,31.3,31.3,31.3,31.3,31.3,31.3,31.3,31.3,31.3,31.3,31.3,31.3,31.3,31.3,31.3,31.3,31.3,31.3,31.4,31.4,31.5,31.6,31.7,31.8,31.8,31.9,32.0,32.0,32.1,32.1,32.2,32.2,32.3,32.3,32.4,32.5,32.5,32.6,32.6,32.7,32.7,32.8,32.8,32.9,33.0,33.0,33.1,33.1,33.2,33.2,33.3,33.3,33.4,33.4,,,,,,,,,,,,,,,,,,,,,,,,,,,,,,,,,,,,,,,,,,,,,,,,,,
7F-CW.ST,(冷卻水總出水溫度),,33.1,31.6,30.8,31.8,31.0,30.6,30.3,30.8,30.6,30.3,30.7,30.9,0.0,0.0,0.0,0.0,0.0,0.0,0.0,0.0,0.0,0.0,0.0,0.0,0.0,0.0,0.0,0.0,0.0,0.0,0.0,0.0,25.1,24.5,28.6,34.3,34.7,34.7,34.6,34.6,34.5,34.3,32.8,31.7,29.7,29.2,28.5,29.0,29.0,29.6,31.0,31.9,33.0,34.1,35.1,35.4,30.1,29.9,36.6,37.3,37.2,37.3,37.1,37.0,37.3,37.2,37.1,37.1,37.6,37.4,37.1,37.5,37.3,37.0,36.9,37.3,37.4,37.4,37.4,37.5,37.6,37.7,37.7,38.0,38.2,38.2,38.4,38.3,38.3,38.4,38.4,37.8,37.6,37.6,,,,,,,,,,,,,,,,,,,,,,,,,,,,,,,,,,,,,,,,,,,,,,,,,,
7F-CW-1.RT,(CW1回水溫度     ),,29.2,28.6,28.1,28.7,28.4,28.1,27.9,28.1,28.1,27.8,28.1,28.2,26.4,26.8,27.0,27.2,27.4,27.5,27.6,27.7,27.8,27.9,27.9,28.0,28.1,28.1,28.2,28.3,28.3,28.4,28.4,28.4,24.7,24.3,26.0,29.6,29.8,29.8,29.8,29.7,29.7,29.6,28.9,28.5,27.3,27.0,26.6,27.0,27.0,27.4,28.0,28.6,29.2,29.8,30.4,30.5,30.8,30.9,31.5,32.1,31.7,31.9,31.7,31.2,31.6,31.6,31.3,31.0,31.9,32.0,31.0,31.2,31.3,30.9,30.9,31.5,31.5,31.6,31.5,31.4,31.4,31.5,31.6,32.2,32.6,32.7,32.7,32.6,32.4,32.7,32.3,31.7,31.5,31.5,,,,,,,,,,,,,,,,,,,,,,,,,,,,,,,,,,,,,,,,,,,,,,,,,,
7F-CW-2.RT,(CW2回水溫度     ),,30.4,30.4,30.5,30.5,30.5,30.6,30.6,30.6,30.7,30.7,30.7,30.7,30.8,30.8,30.8,30.8,30.8,30.8,30.8,30.8,30.8,30.8,30.8,30.8,30.8,30.8,30.8,30.8,30.8,30.8,30.8,30.8,30.8,30.8,30.8,30.9,30.9,30.9,30.9,31.0,31.0,31.0,31.0,31.0,31.0,31.0,31.0,31.0,31.0,31.0,31.0,31.0,31.0,31.0,31.0,31.0,26.5,25.9,33.7,34.2,34.3,34.2,34.1,34.1,34.3,34.1,34.1,34.1,34.8,34.2,34.0,34.5,34.3,34.0,33.9,34.3,34.4,34.3,34.2,34.4,34.5,34.7,34.7,34.9,34.9,35.0,35.1,35.0,35.1,35.2,35.2,34.6,34.3,34.4,,,,,,,,,,,,,,,,,,,,,,,,,,,,,,,,,,,,,,,,,,,,,,,,,,
7F-CW-3.RT,(CW3回水溫度     ),,32.4,32.4,32.4,32.4,32.4,32.4,32.4,32.4,32.3,32.3,32.3,32.3,32.3,32.3,32.3,32.3,32.3,32.3,32.3,32.3,32.2,32.2,32.2,32.2,32.2,32.2,32.2,32.2,32.2,32.1,32.1,32.1,32.1,32.1,32.1,32.1,32.1,32.1,32.1,32.1,32.1,32.1,32.1,32.1,32.1,32.1,32.1,32.1,32.1,32.0,32.0,32.0,32.0,32.0,32.0,32.0,32.0,32.0,32.0,32.0,32.0,32.0,32.0,32.0,32.0,32.0,32.0,32.0,32.0,32.0,32.0,32.0,32.0,32.0,32.1,32.1,32.1,32.1,32.1,32.1,32.2,32.2,32.2,32.2,32.3,32.3,32.3,32.3,32.4,32.4,32.4,32.5,32.5,32.5,,,,,,,,,,,,,,,,,,,,,,,,,,,,,,,,,,,,,,,,,,,,,,,,,,
7F-CW-4.RT,(CW4回水溫度     ),,29.4,29.4,29.5,29.5,29.6,29.6,29.7,29.7,29.8,29.8,29.9,29.9,29.9,29.9,30.0,30.0,30.0,30.0,30.0,30.0,30.0,30.0,30.1,30.1,30.1,30.1,30.1,30.1,30.1,30.1,30.2,30.2,30.2,30.2,30.2,30.3,30.3,30.3,30.3,30.3,30.4,30.4,30.4,30.4,30.4,30.4,30.4,30.4,30.5,30.5,30.5,30.5,30.5,30.5,30.5,30.5,28.0,25.5,30.3,31.1,31.2,31.1,31.1,31.1,31.3,31.2,31.3,31.3,31.9,31.9,31.4,32.1,31.6,31.3,31.3,31.5,31.6,31.6,31.5,31.9,32.0,32.3,32.1,32.4,32.3,32.4,32.6,32.4,32.6,32.5,32.8,32.1,31.8,31.8,,,,,,,,,,,,,,,,,,,,,,,,,,,,,,,,,,,,,,,,,,,,,,,,,,
7F-CW-5.RT,(CW5回水溫度     ),,31.4,31.4,31.4,31.4,31.5,31.5,31.5,31.5,31.5,31.6,31.6,31.6,31.6,31.6,31.6,31.6,31.6,31.6,31.6,31.6,31.6,31.6,31.6,31.6,31.6,31.6,31.6,31.6,31.6,31.6,31.6,31.6,31.6,31.6,31.6,31.6,31.6,31.6,31.6,31.6,31.6,31.6,31.6,31.6,31.6,31.6,31.6,31.6,31.6,31.6,31.6,31.6,31.6,31.6,31.6,31.6,31.6,31.6,31.6,31.7,31.8,31.9,31.9,32.0,32.1,32.1,32.2,32.3,32.3,32.4,32.5,32.5,32.6,32.7,32.7,32.8,32.8,32.9,33.0,33.0,33.1,33.2,33.2,33.3,33.3,33.4,33.5,33.5,33.6,33.6,33.7,33.8,33.8,33.8,,,,,,,,,,,,,,,,,,,,,,,,,,,,,,,,,,,,,,,,,,,,,,,,,,
7F-CW.RT,(冷卻水總回水溫度),,29.2,28.6,28.1,28.7,28.4,28.0,27.9,28.1,28.0,27.8,28.1,28.2,0.0,0.0,0.0,0.0,0.0,0.0,0.0,0.0,0.0,0.0,0.0,0.0,0.0,0.0,0.0,0.0,0.0,0.0,0.0,0.0,24.7,24.3,26.0,29.6,29.8,29.8,29.8,29.7,29.7,29.6,28.9,28.5,27.3,27.0,26.6,27.0,27.0,27.4,28.0,28.6,29.2,29.8,30.4,30.5,28.5,27.4,31.8,32.5,32.4,32.4,32.3,32.1,32.4,32.3,32.2,32.1,32.9,32.7,32.1,32.6,32.4,32.0,32.0,32.4,32.5,32.5,32.4,32.6,32.6,32.8,32.8,33.2,33.3,33.4,33.5,33.4,33.3,33.4,33.4,32.8,32.5,32.6,,,,,,,,,,,,,,,,,,,,,,,,,,,,,,,,,,,,,,,,,,,,,,,,,,
7F-CH-1.CWDT,(冷卻水溫差      ),DEG C,3.9,3.0,2.6,3.1,2.7,2.5,2.5,2.6,2.5,2.5,2.6,2.8,0.0,0.0,0.0,0.0,0.0,0.0,0.0,0.0,0.0,0.0,0.0,0.0,0.0,0.0,0.0,0.0,0.0,0.0,0.0,0.0,0.4,0.2,2.6,4.7,4.9,4.9,4.8,4.9,4.7,4.7,3.9,3.2,2.5,2.1,1.9,2.0,1.9,2.2,3.0,3.3,3.9,4.3,4.7,4.9,4.9,4.9,4.7,4.7,4.7,4.8,4.6,4.9,4.7,4.8,4.9,5.0,4.6,4.6,5.1,4.8,4.9,5.0,4.9,4.8,4.8,4.9,5.0,5.0,4.9,4.9,4.9,4.8,4.7,4.7,4.8,4.8,4.9,4.9,5.0,5.1,5.0,5.0,,,,,,,,,,,,,,,,,,,,,,,,,,,,,,,,,,,,,,,,,,,,,,,,,,
7F-CH-2.CWDT,(冷卻水溫差      ),DEG C,0.0,0.0,0.0,0.0,0.0,0.0,0.0,0.0,0.0,0.0,0.0,0.0,0.0,0.0,0.0,0.0,0.0,0.0,0.0,0.0,0.0,0.0,0.0,0.0,0.0,0.0,0.0,0.0,0.0,0.0,0.0,0.0,0.0,0.0,0.0,0.0,0.0,0.0,0.0,0.0,0.0,0.0,0.0,0.0,0.0,0.0,0.0,0.0,0.0,0.0,0.0,0.0,0.0,0.0,0.0,0.0,0.2,2.6,5.5,5.5,5.5,5.6,5.6,5.6,5.7,5.7,5.6,5.7,5.5,5.4,5.7,5.7,5.7,5.7,5.7,5.7,5.7,5.7,5.7,5.7,5.7,5.7,5.7,5.7,5.7,5.6,5.7,5.7,5.7,5.7,5.8,5.8,5.9,5.8,,,,,,,,,,,,,,,,,,,,,,,,,,,,,,,,,,,,,,,,,,,,,,,,,,
7F-CH-3.CWDT,(冷卻水溫差      ),DEG C,0.0,0.0,0.0,0.0,0.0,0.0,0.0,0.0,0.0,0.0,0.0,0.0,0.0,0.0,0.0,0.0,0.0,0.0,0.0,0.0,0.0,0.0,0.0,0.0,0.0,0.0,0.0,0.0,0.0,0.0,0.0,0.0,0.0,0.0,0.0,0.0,0.0,0.0,0.0,0.0,0.0,0.0,0.0,0.0,0.0,0.0,0.0,0.0,0.0,0.0,0.0,0.0,0.0,0.0,0.0,0.0,0.0,0.0,0.0,0.0,0.0,0.0,0.0,0.0,0.0,0.0,0.0,0.0,0.0,0.0,0.0,0.0,0.0,0.0,0.0,0.0,0.0,0.0,0.0,0.0,0.0,0.0,0.0,0.0,0.0,0.0,0.0,0.0,0.0,0.0,0.0,0.0,0.0,0.0,,,,,,,,,,,,,,,,,,,,,,,,,,,,,,,,,,,,,,,,,,,,,,,,,,
7F-CH-4.CWDT,(冷卻水溫差      ),DEG C,0.0,0.0,0.0,0.0,0.0,0.0,0.0,0.0,0.0,0.0,0.0,0.0,0.0,0.0,0.0,0.0,0.0,0.0,0.0,0.0,0.0,0.0,0.0,0.0,0.0,0.0,0.0,0.0,0.0,0.0,0.0,0.0,0.0,0.0,0.0,0.0,0.0,0.0,0.0,0.0,0.0,0.0,0.0,0.0,0.0,0.0,0.0,0.0,0.0,0.0,0.0,0.0,0.0,0.0,0.0,0.0, -0.1, -0.0,4.2,4.1,4.1,4.1,4.1,4.1,4.1,4.2,4.1,4.2,4.1,4.1,4.2,4.1,4.1,4.2,4.1,4.1,4.2,4.2,4.2,4.1,4.1,4.1,4.1,4.1,4.1,4.1,4.1,4.1,4.2,4.2,4.1,4.2,4.2,4.2,,,,,,,,,,,,,,,,,,,,,,,,,,,,,,,,,,,,,,,,,,,,,,,,,,
7F-CH-5.CWDT,(冷卻水溫差      ),DEG C,0.0,0.0,0.0,0.0,0.0,0.0,0.0,0.0,0.0,0.0,0.0,0.0,0.0,0.0,0.0,0.0,0.0,0.0,0.0,0.0,0.0,0.0,0.0,0.0,0.0,0.0,0.0,0.0,0.0,0.0,0.0,0.0,0.0,0.0,0.0,0.0,0.0,0.0,0.0,0.0,0.0,0.0,0.0,0.0,0.0,0.0,0.0,0.0,0.0,0.0,0.0,0.0,0.0,0.0,0.0,0.0,0.0,0.0,0.0,0.0,0.0,0.0,0.0,0.0,0.0,0.0,0.0,0.0,0.0,0.0,0.0,0.0,0.0,0.0,0.0,0.0,0.0,0.0,0.0,0.0,0.0,0.0,0.0,0.0,0.0,0.0,0.0,0.0,0.0,0.0,0.0,0.0,0.0,0.0,,,,,,,,,,,,,,,,,,,,,,,,,,,,,,,,,,,,,,,,,,,,,,,,,,
7F-CHSYS.CWDT,(冷卻水系統溫差  ),DEG C,3.9,3.0,2.6,3.1,2.7,2.5,2.5,2.7,2.5,2.5,2.6,2.8,0.0,0.0,0.0,0.0,0.0,0.0,0.0,0.0,0.0,0.0,0.0,0.0,0.0,0.0,0.0,0.0,0.0,0.0,0.0,0.0,0.4,0.2,2.6,4.7,4.9,4.9,4.8,4.9,4.7,4.6,3.9,3.2,2.5,2.1,1.9,2.0,1.9,2.2,3.0,3.3,3.9,4.3,4.7,4.9,1.7,2.5,4.8,4.8,4.8,4.8,4.8,4.9,4.8,4.9,4.9,4.9,4.7,4.7,5.0,4.9,4.9,5.0,4.9,4.9,4.9,4.9,5.0,4.9,4.9,4.9,4.9,4.9,4.8,4.8,4.9,4.9,4.9,4.9,5.0,5.0,5.0,5.0,,,,,,,,,,,,,,,,,,,,,,,,,,,,,,,,,,,,,,,,,,,,,,,,,,
7F-CW-1.FM,(CW1水流量       ),,8012,7770,7254,7742,7631,7395,6595,7232,7114,7604,7015,7306,21,18,18,17,18,18,18,18,18,18,18,18,18,18,18,18,18,18,18,15,7079,6112,6874,6837,6989,6348,7092,7349,7132,6837,7185,6681,6234,6271,7023,6914,6359,6771,6439,6443,6751,6846,7042,7418,6756,6198,6929,6889,6887,6698,7160,6776,7071,7199,6795,7281,7143,7124,6724,6714,6953,6835,7251,6714,6949,7270,7387,7314,6934,7532,7095,6721,7135,7389,7185,7289,6884,7185,7021,6915,7328,7457,,,,,,,,,,,,,,,,,,,,,,,,,,,,,,,,,,,,,,,,,,,,,,,,,,
7F-CW-2.FM,(CW2水流量       ),,15,18,17,18,15,15,15,17,15,15,18,15,15,15,17,17,15,17,17,17,17,17,17,17,17,17,17,17,14,17,18,17,17,17,17,15,15,15,15,17,17,17,15,17,17,17,17,17,17,17,17,17,15,17,15,17,17,17,6696,18746,21065,21665,22321,22981,23737,23621,23871,24026,22201,16312,18401,19728,21554,22337,22826,23037,23017,22762,22792,22903,23340,20301,21676,2498,21,18,21,720,18,18,18,18,19535,23024,,,,,,,,,,,,,,,,,,,,,,,,,,,,,,,,,,,,,,,,,,,,,,,,,,
7F-CW-3.FM,(CW3水流量       ),,24,24,28,24,24,24,24,24,24,24,24,24,23,23,23,23,23,24,24,21,23,23,23,23,23,23,23,21,18,23,23,24,24,21,21,21,24,21,24,24,24,23,23,23,23,24,21,21,24,24,23,23,23,23,21,21,21,21,24,21,23,23,23,23,24,24,24,24,24,26,26,24,24,24,24,24,24,24,24,24,24,24,28,24,24,24,24,24,24,24,26,26,26,26,,,,,,,,,,,,,,,,,,,,,,,,,,,,,,,,,,,,,,,,,,,,,,,,,,
7F-CW-4.FM,(CW4水流量       ),,18,18,18,18,18,18,18,18,18,18,18,18,18,15,18,15,15,15,15,15,18,15,18,15,15,15,15,15,15,15,15,18,18,15,15,18,18,18,15,18,15,15,15,15,15,17,17,15,15,15,17,17,18,18,15,15,7396,7385,7531,7484,7782,7764,7632,7590,7549,7717,7623,7585,7571,7612,7682,7417,7698,7670,7674,7612,7651,7557,7587,7726,7592,7712,7534,7621,7646,7568,7501,7659,7546,7665,7668,7642,7664,7531,,,,,,,,,,,,,,,,,,,,,,,,,,,,,,,,,,,,,,,,,,,,,,,,,,
7F-CW-5.FM,(CW5水流量       ),,21,21,21,18,21,21,18,21,21,21,21,18,21,18,18,18,21,18,18,21,21,18,18,18,18,18,18,18,18,18,21,21,18,18,17,18,18,18,18,21,18,18,18,18,18,18,15,18,21,17,18,17,18,18,18,15,18,18,21,18,21,21,21,21,18,21,21,23,21,24,21,24,24,21,24,24,21,23,23,23,23,23,23,21,21,24,23,24,23,23,23,24,26,23,,,,,,,,,,,,,,,,,,,,,,,,,,,,,,,,,,,,,,,,,,,,,,,,,,
7F-CW.FM,(冷卻水總流量    ),,8096,7854,7340,7815,7890,7446,6676,7315,7248,7739,7099,7370,101,98,96,92,95,95,92,95,96,93,96,93,93,96,93,89,85,93,101,98,7201,6185,7057,6912,7067,6314,7274,7446,7193,6742,7224,6889,6162,6349,7095,6889,6376,6754,6489,6592,6612,6921,7114,7412,14210,13703,21323,33012,35799,36173,37160,37393,38624,38585,38337,38942,36818,31060,33121,33890,36265,36934,37835,37414,37665,37582,38095,37664,37920,35609,36187,17171,14818,15026,15160,15695,14487,14962,14740,14628,34581,38048,,,,,,,,,,,,,,,,,,,,,,,,,,,,,,,,,,,,,,,,,,,,,,,,,,
CH1F7:KW,(                ),kW,288.0,180.0,166.0,206.0,165.0,155.0,160.0,165.0,152.0,156.0,160.0,162.0,0.0,0.0,0.0,0.0,0.0,0.0,0.0,0.0,0.0,0.0,0.0,0.0,0.0,0.0,0.0,0.0,0.0,0.0,0.0,0.0,0.0,0.0,204.0,316.0,322.0,315.0,313.0,312.0,314.0,299.0,243.0,191.0,143.0,131.0,120.0,126.0,126.0,142.0,183.0,216.0,259.0,281.0,317.0,313.0,310.0,308.0,307.0,310.0,305.0,311.0,308.0,309.0,310.0,307.0,308.0,307.0,308.0,309.0,308.0,309.0,306.0,307.0,308.0,306.0,307.0,307.0,308.0,307.0,313.0,305.0,309.0,304.0,302.0,305.0,306.0,305.0,302.0,303.0,305.0,303.0,303.0,304.0,,,,,,,,,,,,,,,,,,,,,,,,,,,,,,,,,,,,,,,,,,,,,,,,,,
CH2F7:KW,(                ),kW,0.0,0.0,0.7,0.8,0.0,0.0,0.7,0.0,0.0,0.8,0.0,0.0,0.7,0.0,0.7,0.7,0.0,0.7,0.0,0.0,0.7,0.0,0.0,0.7,0.0,0.0,0.8,0.0,0.8,0.8,0.0,0.8,0.8,0.0,0.8,0.8,0.0,0.7,0.0,0.0,0.7,0.0,0.7,0.0,0.0,0.7,0.0,0.0,0.7,0.0,0.7,0.0,0.0,0.7,0.0,0.7,0.7,288.0,522.1,523.1,526.0,532.2,532.8,531.6,532.6,531.1,526.7,527.4,530.5,478.4,529.6,528.1,529.0,533.4,531.7,533.8,531.0,528.7,530.1,531.3,532.4,531.7,530.9,528.6,531.0,495.8,496.3,533.6,533.9,531.4,514.7,532.4,533.7,532.0,,,,,,,,,,,,,,,,,,,,,,,,,,,,,,,,,,,,,,,,,,,,,,,,,,
CH3F7:KW,(                ),kW,0.0,0.0,0.7,0.7,0.0,0.0,0.7,0.7,0.0,0.0,0.7,0.7,0.0,0.0,0.0,0.7,0.7,0.0,0.0,0.7,0.7,0.0,0.0,0.7,0.7,0.0,0.0,0.0,0.7,0.7,0.0,0.0,0.7,0.7,0.0,0.0,0.7,0.7,0.7,0.0,0.0,0.7,0.7,0.0,0.0,0.7,0.7,0.7,0.0,0.7,0.7,0.7,0.0,0.0,0.6,0.6,0.0,0.0,0.7,0.7,0.7,0.0,0.0,0.7,0.7,0.0,0.0,0.7,0.7,0.7,0.0,0.0,0.7,0.7,0.0,0.0,0.7,0.7,0.7,0.0,0.0,0.7,0.7,0.0,0.0,0.7,0.7,0.7,0.0,0.0,0.7,0.7,0.0,0.0,,,,,,,,,,,,,,,,,,,,,,,,,,,,,,,,,,,,,,,,,,,,,,,,,,
CH4F7:KW,(                ),kW,0.0,0.0,0.0,0.0,0.0,0.0,0.0,0.0,0.0,0.0,0.0,0.0,0.0,0.0,0.0,0.0,0.0,0.0,0.0,0.0,0.0,0.0,0.0,0.0,0.0,0.0,0.0,0.0,0.0,0.0,0.0,0.0,0.0,0.0,0.0,0.0,0.0,0.0,0.0,0.0,0.0,0.0,0.0,0.0,0.0,0.0,0.0,0.0,0.0,0.0,0.0,0.0,0.0,0.0,0.0,0.0,0.0,0.0,284.0,290.0,289.0,291.0,289.0,289.0,290.0,287.0,286.0,289.0,287.0,288.0,287.0,290.0,287.0,288.0,290.0,288.0,286.0,287.0,288.0,289.0,289.0,287.0,286.0,288.0,286.0,287.0,286.0,286.0,287.0,284.0,286.0,285.0,284.0,282.0,,,,,,,,,,,,,,,,,,,,,,,,,,,,,,,,,,,,,,,,,,,,,,,,,,
CH5F7:KW,(                ),kW,0.0,0.0,0.0,0.0,0.0,0.0,0.0,0.0,0.0,0.0,0.0,0.0,0.0,0.0,0.0,0.0,0.0,0.0,0.0,0.0,0.0,0.0,0.0,0.0,0.0,0.0,0.0,0.0,0.0,0.0,0.0,0.0,0.0,0.0,0.0,0.0,0.0,0.0,0.0,0.0,0.0,0.0,0.0,0.0,0.0,0.0,0.0,0.0,0.0,0.0,0.0,0.0,0.0,0.0,0.0,0.0,0.0,0.0,0.0,0.0,0.0,0.0,0.0,0.0,0.0,0.0,0.0,0.0,0.0,0.0,0.0,0.0,0.0,0.0,0.0,0.0,0.0,0.0,0.0,0.0,0.0,0.0,0.0,0.0,0.0,0.0,0.0,0.0,0.0,0.0,0.0,0.0,0.0,0.0,,,,,,,,,,,,,,,,,,,,,,,,,,,,,,,,,,,,,,,,,,,,,,,,,,
CHF7-ALL.KW,(冰機系統功率    ),,288.0,180.0,167.4,207.4,165.0,155.0,161.4,165.7,152.0,156.8,160.7,162.7,0.7,0.0,0.7,1.4,0.7,0.7,0.0,0.7,1.4,0.0,0.0,1.4,0.7,0.7,0.8,0.0,1.4,1.4,0.0,0.8,1.4,0.7,204.8,316.8,322.7,316.4,313.7,312.0,314.7,299.7,244.4,191.7,143.0,132.4,120.7,126.7,126.7,142.7,184.4,216.7,259.0,281.7,317.6,314.4,310.7,596.0,1113.8,1123.8,1120.7,1134.2,1129.8,1130.3,1133.3,1125.1,1120.7,1124.1,1126.1,1076.1,1124.6,1127.1,1122.6,1129.1,1129.7,1127.8,1124.7,1123.4,1126.8,1127.3,1134.4,1124.4,1126.6,1120.6,1119.0,1088.5,1089.0,1125.3,1122.9,1118.4,1106.4,1121.1,1120.7,1118.0,,,,,,,,,,,,,,,,,,,,,,,,,,,,,,,,,,,,,,,,,,,,,,,,,,
7F-CH-1.TON,(冷凍頓          ),,467,323,310,368,294,287,300,307,280,292,305,304,0,0,0,0,0,0,0,0,0,0,0,0,0,0,0,0,0,0,0,0,0,0,587,593,588,579,569,553,553,518,443,325,264,231,234,219,227,261,385,409,465,547,573,580,593,596,576,561,567,570,569,581,579,577,591,587,568,570,598,588,586,592,582,584,590,583,582,590,592,587,589,585,576,574,575,577,594,583,590,599,600,600,,,,,,,,,,,,,,,,,,,,,,,,,,,,,,,,,,,,,,,,,,,,,,,,,,
7F-CH-2.TON,(冷凍頓          ),,0,0,0,0,0,0,0,0,0,0,0,0,0,0,0,0,0,0,0,0,0,0,0,0,0,0,0,0,0,0,0,0,0,0,0,0,0,0,0,0,0,0,0,0,0,0,0,0,0,0,0,0,0,0,0,0,0,426,602,581,583,589,586,594,598,595,591,593,588,578,603,596,595,602,600,600,595,596,600,600,604,600,602,598,603,598,605,613,612,607,611,612,620,616,,,,,,,,,,,,,,,,,,,,,,,,,,,,,,,,,,,,,,,,,,,,,,,,,,
7F-CH-3.TON,(冷凍頓          ),,0,0,0,0,0,0,0,0,0,0,0,0,0,0,0,0,0,0,0,0,0,0,0,0,0,0,0,0,0,0,0,0,0,0,0,0,0,0,0,0,0,0,0,0,0,0,0,0,0,0,0,0,0,0,0,0,0,0,0,0,0,0,0,0,0,0,0,0,0,0,0,0,0,0,0,0,0,0,0,0,0,0,0,0,0,0,0,0,0,0,0,0,0,0,,,,,,,,,,,,,,,,,,,,,,,,,,,,,,,,,,,,,,,,,,,,,,,,,,
7F-CH-4.TON,(冷凍頓          ),,0,0,0,0,0,0,0,0,0,0,0,0,0,0,0,0,0,0,0,0,0,0,0,0,0,0,0,0,0,0,0,0,0,0,0,0,0,0,0,0,0,0,0,0,0,0,0,0,0,0,0,0,0,0,0,0,0,0,605,592,584,599,605,586,598,621,609,598,570,599,605,591,593,601,593,593,589,592,610,602,594,593,609,589,607,603,607,611,602,605,599,608,619,611,,,,,,,,,,,,,,,,,,,,,,,,,,,,,,,,,,,,,,,,,,,,,,,,,,
7F-CH-5.TON,(冷凍頓          ),,0,0,0,0,0,0,0,0,0,0,0,0,0,0,0,0,0,0,0,0,0,0,0,0,0,0,0,0,0,0,0,0,0,0,0,0,0,0,0,0,0,0,0,0,0,0,0,0,0,0,0,0,0,0,0,0,0,0,0,0,0,0,0,0,0,0,0,0,0,0,0,0,0,0,0,0,0,0,0,0,0,0,0,0,0,0,0,0,0,0,0,0,0,0,,,,,,,,,,,,,,,,,,,,,,,,,,,,,,,,,,,,,,,,,,,,,,,,,,
7F-CHSYS.TON,(冷凍頓          ),,159,139,175,128,137,132,130,121,148,122,144,138,0,0,0,0,0,0,0,0,0,0,0,0,0,0,0,0,0,0,0,0,0,0,199,195,288,185,174,152,235,151,382,258,221,192,150,133,150,167,87,141,163,120,80,67,6,371,1220,1087,1306,1369,1264,1370,1472,1378,1462,1603,1279,1313,1415,1602,1358,1404,1387,1518,1338,1386,1458,1580,1315,1331,1447,1555,1367,1388,1392,1508,1462,1392,1449,1460,1424,1435,,,,,,,,,,,,,,,,,,,,,,,,,,,,,,,,,,,,,,,,,,,,,,,,,,
7F-CH-1.KW/RT,(冰機效率        ),,0.00,0.00,0.00,0.00,0.00,0.00,0.00,0.00,0.00,0.00,0.00,0.00,0.00,0.00,0.00,0.00,0.00,0.00,0.00,0.00,0.00,0.00,0.00,0.00,0.00,0.00,0.00,0.00,0.00,0.00,0.00,0.00,0.00,0.00,0.00,0.00,0.00,0.00,0.00,0.00,0.00,0.00,0.00,0.00,0.00,0.00,0.00,0.00,0.00,0.00,0.00,0.00,0.00,0.00,0.00,0.00,0.00,0.00,0.00,0.00,0.00,0.00,0.00,0.00,0.00,0.00,0.00,0.00,0.00,0.00,0.00,0.00,0.00,0.00,0.00,0.00,0.00,0.00,0.00,0.00,0.00,0.00,0.00,0.00,0.00,0.00,0.00,0.00,0.00,0.00,0.00,0.00,0.00,0.00,,,,,,,,,,,,,,,,,,,,,,,,,,,,,,,,,,,,,,,,,,,,,,,,,,
7F-CH-2.KW/RT,(冰機效率        ),,0.00,0.00,0.00,0.00,0.00,0.00,0.00,0.00,0.00,0.00,0.00,0.00,0.00,0.00,0.00,0.00,0.00,0.00,0.00,0.00,0.00,0.00,0.00,0.00,0.00,0.00,0.00,0.00,0.00,0.00,0.00,0.00,0.00,0.00,0.00,0.00,0.00,0.00,0.00,0.00,0.00,0.00,0.00,0.00,0.00,0.00,0.00,0.00,0.00,0.00,0.00,0.00,0.00,0.00,0.00,0.00,0.00,1.23,0.87,0.90,0.90,0.89,0.90,0.88,0.88,0.88,0.89,0.89,0.89,0.91,0.87,0.88,0.88,0.87,0.88,0.88,0.88,0.88,0.88,0.88,0.87,0.88,0.87,0.88,0.87,0.88,0.87,0.86,0.86,0.87,0.86,0.86,0.85,0.85,,,,,,,,,,,,,,,,,,,,,,,,,,,,,,,,,,,,,,,,,,,,,,,,,,
7F-CH-3.KW/RT,(冰機效率        ),,0.00,0.00,0.00,0.00,0.00,0.00,0.00,0.00,0.00,0.00,0.00,0.00,0.00,0.00,0.00,0.00,0.00,0.00,0.00,0.00,0.00,0.00,0.00,0.00,0.00,0.00,0.00,0.00,0.00,0.00,0.00,0.00,0.00,0.00,0.00,0.00,0.00,0.00,0.00,0.00,0.00,0.00,0.00,0.00,0.00,0.00,0.00,0.00,0.00,0.00,0.00,0.00,0.00,0.00,0.00,0.00,0.00,0.00,0.00,0.00,0.00,0.00,0.00,0.00,0.00,0.00,0.00,0.00,0.00,0.00,0.00,0.00,0.00,0.00,0.00,0.00,0.00,0.00,0.00,0.00,0.00,0.00,0.00,0.00,0.00,0.00,0.00,0.00,0.00,0.00,0.00,0.00,0.00,0.00,,,,,,,,,,,,,,,,,,,,,,,,,,,,,,,,,,,,,,,,,,,,,,,,,,
7F-CH-4.KW/RT,(冰機效率        ),,0.00,0.00,0.00,0.00,0.00,0.00,0.00,0.00,0.00,0.00,0.00,0.00,0.00,0.00,0.00,0.00,0.00,0.00,0.00,0.00,0.00,0.00,0.00,0.00,0.00,0.00,0.00,0.00,0.00,0.00,0.00,0.00,0.00,0.00,0.00,0.00,0.00,0.00,0.00,0.00,0.00,0.00,0.00,0.00,0.00,0.00,0.00,0.00,0.00,0.00,0.00,0.00,0.00,0.00,0.00,0.00,0.00,0.00,0.00,0.00,0.00,0.00,0.00,0.00,0.00,0.00,0.00,0.00,0.00,0.00,0.00,0.00,0.00,0.00,0.00,0.00,0.00,0.00,0.00,0.00,0.00,0.00,0.00,0.00,0.00,0.00,0.00,0.00,0.00,0.00,0.00,0.00,0.00,0.00,,,,,,,,,,,,,,,,,,,,,,,,,,,,,,,,,,,,,,,,,,,,,,,,,,
7F-CH-5.KW/RT,(冰機效率        ),,0.00,0.00,0.00,0.00,0.00,0.00,0.00,0.00,0.00,0.00,0.00,0.00,0.00,0.00,0.00,0.00,0.00,0.00,0.00,0.00,0.00,0.00,0.00,0.00,0.00,0.00,0.00,0.00,0.00,0.00,0.00,0.00,0.00,0.00,0.00,0.00,0.00,0.00,0.00,0.00,0.00,0.00,0.00,0.00,0.00,0.00,0.00,0.00,0.00,0.00,0.00,0.00,0.00,0.00,0.00,0.00,0.00,0.00,0.00,0.00,0.00,0.00,0.00,0.00,0.00,0.00,0.00,0.00,0.00,0.00,0.00,0.00,0.00,0.00,0.00,0.00,0.00,0.00,0.00,0.00,0.00,0.00,0.00,0.00,0.00,0.00,0.00,0.00,0.00,0.00,0.00,0.00,0.00,0.00,,,,,,,,,,,,,,,,,,,,,,,,,,,,,,,,,,,,,,,,,,,,,,,,,,
7F-CHSYS.KW/RT,(冰水系統效率    ),,6.96,7.98,6.36,8.65,8.08,8.41,8.53,9.16,7.51,9.13,7.70,8.05,0.00,0.00,0.00,0.00,0.00,0.00,0.00,0.00,0.00,0.00,0.00,0.00,0.00,0.00,0.00,0.00,0.00,0.00,0.00,0.00,0.00,0.00,5.59,5.70,3.87,6.01,6.39,7.31,4.73,7.36,2.91,4.30,5.02,5.78,7.41,8.37,7.38,6.66,12.75,7.86,6.81,9.22,13.83,16.40,173.54,3.00,0.91,1.02,0.85,0.81,0.88,0.81,0.76,0.81,0.76,0.69,0.87,0.85,0.79,0.69,0.82,0.79,0.80,0.73,0.83,0.80,0.76,0.70,0.85,0.84,0.77,0.72,0.81,0.80,0.80,0.74,0.76,0.80,0.77,0.76,0.78,0.78,,,,,,,,,,,,,,,,,,,,,,,,,,,,,,,,,,,,,,,,,,,,,,,,,,
7F-CW-1.TON,(冷卻水冷凍頓    ),,627,461,379,474,405,366,323,380,358,379,363,398,0,0,0,0,0,0,0,0,0,0,0,0,0,0,0,0,0,0,0,0,0,0,365,638,684,609,690,710,670,631,558,435,297,265,268,270,239,302,376,426,499,584,669,714,658,603,635,624,651,634,660,656,698,690,654,716,665,645,680,640,665,676,710,637,662,704,761,723,675,737,682,645,662,696,680,704,674,699,694,698,733,743,,,,,,,,,,,,,,,,,,,,,,,,,,,,,,,,,,,,,,,,,,,,,,,,,,
7F-CW-2.TON,(冷卻水冷凍頓    ),,0,0,0,0,0,0,0,0,0,0,0,0,0,0,0,0,0,0,0,0,0,0,0,0,0,0,0,0,0,0,0,0,0,0,0,0,0,0,0,0,0,0,0,0,0,0,0,0,0,0,0,0,0,0,0,0,0,0,725,2051,2309,2415,2498,2569,2665,2677,2667,2706,2403,1752,2094,2233,2428,2537,2577,2592,2595,2581,2590,2604,2652,2297,2463,281,2,2,2,82,2,2,2,2,2276,2649,,,,,,,,,,,,,,,,,,,,,,,,,,,,,,,,,,,,,,,,,,,,,,,,,,
7F-CW-3.TON,(冷卻水冷凍頓    ),,0,0,0,0,0,0,0,0,0,0,0,0,0,0,0,0,0,0,0,0,0,0,0,0,0,0,0,0,0,0,0,0,0,0,0,0,0,0,0,0,0,0,0,0,0,0,0,0,0,0,0,0,0,0,0,0,0,0,0,0,0,0,0,0,0,0,0,0,0,0,0,0,0,0,0,0,0,0,0,0,0,0,0,0,0,0,0,0,0,0,0,0,0,0,,,,,,,,,,,,,,,,,,,,,,,,,,,,,,,,,,,,,,,,,,,,,,,,,,
7F-CW-4.TON,(冷卻水冷凍頓    ),,0,0,0,0,0,0,0,0,0,0,0,0,0,0,0,0,0,0,0,0,0,0,0,0,0,0,0,0,0,0,0,0,0,0,0,0,0,0,0,0,0,0,0,0,0,0,0,0,0,0,0,0,0,0,0,0,0,0,633,609,631,637,624,622,618,637,626,625,612,618,634,601,627,636,631,625,630,621,630,633,622,626,621,623,628,621,613,626,626,630,632,638,644,627,,,,,,,,,,,,,,,,,,,,,,,,,,,,,,,,,,,,,,,,,,,,,,,,,,
7F-CW-5.TON,(冷卻水冷凍頓    ),,0,0,0,0,0,0,0,0,0,0,0,0,0,0,0,0,0,0,0,0,0,0,0,0,0,0,0,0,0,0,0,0,0,0,0,0,0,0,0,0,0,0,0,0,0,0,0,0,0,0,0,0,0,0,0,0,0,0,0,0,0,0,0,0,0,0,0,0,0,0,0,0,0,0,0,0,0,0,0,0,0,0,0,0,0,0,0,0,0,0,0,0,0,0,,,,,,,,,,,,,,,,,,,,,,,,,,,,,,,,,,,,,,,,,,,,,,,,,,
7F-CWSYS.TON,(冷凍頓          ),,631,471,390,479,418,369,319,376,360,386,378,397,0,0,0,0,0,0,0,0,0,0,0,0,0,0,0,0,0,0,0,0,58,23,369,654,711,630,704,721,691,621,561,442,295,281,275,269,246,296,392,436,486,594,674,714,471,677,2033,3087,3394,3470,3561,3631,3721,3728,3740,3805,3444,2897,3285,3259,3504,3635,3677,3585,3655,3669,3759,3692,3703,3471,3545,1662,1415,1433,1469,1518,1420,1464,1435,1467,3458,3796,,,,,,,,,,,,,,,,,,,,,,,,,,,,,,,,,,,,,,,,,,,,,,,,,,
7F-CH-1.HB,(                ),, -25.61, -29.83, -18.13, -22.29, -27.31, -21.64, -7.10, -19.27, -21.61, -22.97, -16.03, -23.66,0.00,0.00,0.00,0.00,0.00,0.00,0.00,0.00,0.00,0.00,0.00,0.00,0.00,0.00,0.00,0.00,0.00,0.00,0.00,0.00,0.00,0.00,60.96, -6.95, -14.05, -4.92, -17.53, -22.09, -17.47, -17.92, -20.56, -25.27, -10.96, -12.80, -12.77, -18.84, -4.85, -13.75,2.39, -3.87, -6.79, -6.27, -14.31, -18.74, -9.87, -1.16, -9.38, -10.12, -12.87, -10.17, -13.81, -11.49, -16.96, -16.37, -9.66, -17.88, -14.48, -11.59, -12.04, -8.21, -11.80, -12.43, -17.99, -8.35, -10.88, -17.21, -22.91, -18.36, -12.33, -20.39, -13.60, -9.35, -13.05, -17.52, -15.34, -18.08, -11.92, -15.70, -14.91, -14.14, -18.14, -19.19,,,,,,,,,,,,,,,,,,,,,,,,,,,,,,,,,,,,,,,,,,,,,,,,,,
7F-CH-2.HB,(                ),,0.00,0.00,0.00,0.00,0.00,0.00,0.00,0.00,0.00,0.00,0.00,0.00,0.00,0.00,0.00,0.00,0.00,0.00,0.00,0.00,0.00,0.00,0.00,0.00,0.00,0.00,0.00,0.00,0.00,0.00,0.00,0.00,0.00,0.00,0.00,0.00,0.00,0.00,0.00,0.00,0.00,0.00,0.00,0.00,0.00,0.00,0.00,0.00,0.00,0.00,0.00,0.00,0.00,0.00,0.00,0.00,0.00,65789.98,3.69, -64.38, -68.28, -69.42, -70.54, -71.06, -71.93, -72.16, -72.21, -72.57, -69.28, -58.46, -64.07, -66.61, -69.34, -70.35, -70.91, -71.09, -71.32, -71.12, -71.20, -71.22, -71.57, -67.36, -69.46,165.58,30361.66,35480.41,30131.11,827.40,30440.70,30165.21,35245.59,35078.54, -66.19, -71.08,,,,,,,,,,,,,,,,,,,,,,,,,,,,,,,,,,,,,,,,,,,,,,,,,,
7F-CH-3.HB,(                ),,0.00,0.00,0.00,0.00,0.00,0.00,0.00,0.00,0.00,0.00,0.00,0.00,0.00,0.00,0.00,0.00,0.00,0.00,0.00,0.00,0.00,0.00,0.00,0.00,0.00,0.00,0.00,0.00,0.00,0.00,0.00,0.00,0.00,0.00,0.00,0.00,0.00,0.00,0.00,0.00,0.00,0.00,0.00,0.00,0.00,0.00,0.00,0.00,0.00,0.00,0.00,0.00,0.00,0.00,0.00,0.00,0.00,0.00,0.00,0.00,0.00,0.00,0.00,0.00,0.00,0.00,0.00,0.00,0.00,0.00,0.00,0.00,0.00,0.00,0.00,0.00,0.00,0.00,0.00,0.00,0.00,0.00,0.00,0.00,0.00,0.00,0.00,0.00,0.00,0.00,0.00,0.00,0.00,0.00,,,,,,,,,,,,,,,,,,,,,,,,,,,,,,,,,,,,,,,,,,,,,,,,,,
7F-CH-4.HB,(                ),,0.00,0.00,0.00,0.00,0.00,0.00,0.00,0.00,0.00,0.00,0.00,0.00,0.00,0.00,0.00,0.00,0.00,0.00,0.00,0.00,0.00,0.00,0.00,0.00,0.00,0.00,0.00,0.00,0.00,0.00,0.00,0.00,0.00,0.00,0.00,0.00,0.00,0.00,0.00,0.00,0.00,0.00,0.00,0.00,0.00,0.00,0.00,0.00,0.00,0.00,0.00,0.00,0.00,0.00,0.00,0.00,0.00,0.00, -4.35, -2.85, -7.37, -6.00, -3.00, -5.78, -3.38, -2.46, -2.70, -4.37, -6.83, -3.13, -4.58, -1.68, -5.33, -5.43, -6.14, -5.12, -6.59, -4.75, -3.09, -4.90, -4.48, -5.31, -1.96, -5.57, -3.35, -2.94, -0.98, -2.36, -3.82, -3.83, -5.19, -4.71, -3.83, -2.58,,,,,,,,,,,,,,,,,,,,,,,,,,,,,,,,,,,,,,,,,,,,,,,,,,
7F-CH-5.HB,(                ),,0.00,0.00,0.00,0.00,0.00,0.00,0.00,0.00,0.00,0.00,0.00,0.00,0.00,0.00,0.00,0.00,0.00,0.00,0.00,0.00,0.00,0.00,0.00,0.00,0.00,0.00,0.00,0.00,0.00,0.00,0.00,0.00,0.00,0.00,0.00,0.00,0.00,0.00,0.00,0.00,0.00,0.00,0.00,0.00,0.00,0.00,0.00,0.00,0.00,0.00,0.00,0.00,0.00,0.00,0.00,0.00,0.00,0.00,0.00,0.00,0.00,0.00,0.00,0.00,0.00,0.00,0.00,0.00,0.00,0.00,0.00,0.00,0.00,0.00,0.00,0.00,0.00,0.00,0.00,0.00,0.00,0.00,0.00,0.00,0.00,0.00,0.00,0.00,0.00,0.00,0.00,0.00,0.00,0.00,,,,,,,,,,,,,,,,,,,,,,,,,,,,,,,,,,,,,,,,,,,,,,,,,,
7F-CHSYS.HB,(                ),, -24.50, -3.23,25.96, -7.04,8.52,21.43,39.95,16.51,29.09,13.58,21.91,14.49,0.00,0.00,0.00,0.00,0.00,0.00,0.00,0.00,0.00,0.00,0.00,0.00,0.00,0.00,0.00,0.00,0.00,0.00,0.00,0.00,441.47,1251.06,39.58, -21.77, -15.05, -20.36, -30.29, -34.96, -20.16, -24.71,24.53,29.95,82.06,80.96,69.37,66.90,89.85,62.94,2.99,4.91, -1.29, -26.37, -41.14, -46.15, -31.52,1.56, -24.43, -54.52, -52.02, -51.41, -55.59, -53.54, -51.93, -54.52, -52.43, -49.55, -53.66, -43.75, -47.28, -41.16, -52.18, -52.65, -53.67, -48.82, -54.70, -53.58, -52.77, -48.63, -55.94, -52.51, -50.23,12.60,18.95,18.95,16.25,20.22,25.28,16.95,23.05,21.16, -49.66, -53.84,,,,,,,,,,,,,,,,,,,,,,,,,,,,,,,,,,,,,,,,,,,,,,,,,,
CHP1F7:KW,(                ),kW,32.3,32.2,32.1,32.1,32.2,32.2,32.0,32.1,32.3,32.2,32.2,32.2,0.0,0.0,0.0,0.0,0.0,0.0,0.0,0.0,0.0,0.0,0.0,0.0,0.0,0.0,0.0,0.0,0.0,0.0,0.0,0.0,32.2,32.0,32.1,32.0,32.1,32.0,32.0,32.0,32.2,31.9,32.0,32.1,32.1,32.2,32.1,32.1,32.1,31.9,31.9,31.8,31.6,31.2,31.5,31.7,31.9,31.6,31.5,31.5,31.5,31.7,31.7,31.9,31.8,31.7,31.7,31.6,31.6,31.8,31.6,31.6,31.8,31.7,31.7,31.5,31.5,31.6,31.3,31.5,31.7,31.8,31.9,31.8,31.5,31.8,31.8,31.7,31.5,31.5,31.7,31.7,31.6,31.6,,,,,,,,,,,,,,,,,,,,,,,,,,,,,,,,,,,,,,,,,,,,,,,,,,
CHP2F7:KW,(                ),kW,0.0,0.0,0.0,0.0,0.0,0.0,0.0,0.0,0.0,0.0,0.0,0.0,0.0,0.0,0.0,0.0,0.0,0.0,0.0,0.0,0.0,0.0,0.0,0.0,0.0,0.0,0.0,0.0,0.0,0.0,0.0,0.0,0.0,0.0,0.0,0.0,0.0,0.0,0.0,0.0,0.0,0.0,0.0,0.0,0.0,0.0,0.0,0.0,0.0,0.0,0.0,0.0,0.0,0.0,0.0,0.0,29.1,28.9,29.3,29.2,29.1,29.3,29.3,29.4,29.1,29.4,29.2,29.3,29.1,29.2,29.2,29.4,29.2,29.5,29.0,29.2,29.2,29.4,29.3,29.2,29.2,29.4,29.3,29.3,29.0,29.3,29.2,29.4,29.0,29.3,29.2,29.2,29.1,29.5,,,,,,,,,,,,,,,,,,,,,,,,,,,,,,,,,,,,,,,,,,,,,,,,,,
CHP3F7:KW,(                ),kW,0.0,0.0,0.0,0.0,0.0,0.0,0.0,0.0,0.0,0.0,0.0,0.0,0.0,0.0,0.0,0.0,0.0,0.0,0.0,0.0,0.0,0.0,0.0,0.0,0.0,0.0,0.0,0.0,0.0,0.0,0.0,0.0,0.0,0.0,0.0,0.0,0.0,0.0,0.0,0.0,0.0,0.0,0.0,0.0,0.0,0.0,0.0,0.0,0.0,0.0,0.0,0.0,0.0,0.0,0.0,0.0,0.0,0.0,0.0,0.0,0.0,0.0,0.0,0.0,0.0,0.0,0.0,0.0,0.0,0.0,0.0,0.0,0.0,0.0,0.0,0.0,0.0,0.0,0.0,0.0,0.0,0.0,0.0,0.0,0.0,0.0,0.0,0.0,0.0,0.0,0.0,0.0,0.0,0.0,,,,,,,,,,,,,,,,,,,,,,,,,,,,,,,,,,,,,,,,,,,,,,,,,,
CHP4F7:KW,(                ),kW,0.0,0.0,0.0,0.0,0.0,0.0,0.0,0.0,0.0,0.0,0.0,0.0,0.0,0.0,0.0,0.0,0.0,0.0,0.0,0.0,0.0,0.0,0.0,0.0,0.0,0.0,0.0,0.0,0.0,0.0,0.0,0.0,0.0,0.0,0.0,0.0,0.0,0.0,0.0,0.0,0.0,0.0,0.0,0.0,0.0,0.0,0.0,0.0,0.0,0.0,0.0,0.0,0.0,0.0,0.0,0.0,30.9,30.6,30.7,30.7,30.7,30.6,30.8,30.7,30.5,30.7,30.7,30.6,30.9,30.6,30.6,30.8,30.6,30.6,30.7,30.5,30.7,30.6,30.5,30.7,30.6,30.9,30.4,30.8,30.5,30.7,30.6,30.9,30.5,30.7,30.7,30.5,30.8,30.8,,,,,,,,,,,,,,,,,,,,,,,,,,,,,,,,,,,,,,,,,,,,,,,,,,
CHP5F7:KW,(                ),kW,0.0,0.0,0.0,0.0,0.0,0.0,0.0,0.0,0.0,0.0,0.0,0.0,0.0,0.0,0.0,0.0,0.0,0.0,0.0,0.0,0.0,0.0,0.0,0.0,0.0,0.0,0.0,0.0,0.0,0.0,0.0,0.0,0.0,0.0,0.0,0.0,0.0,0.0,0.0,0.0,0.0,0.0,0.0,0.0,0.0,0.0,0.0,0.0,0.0,0.0,0.0,0.0,0.0,0.0,0.0,0.0,0.0,0.0,0.0,0.0,0.0,0.0,0.0,0.0,0.0,0.0,0.0,0.0,0.0,0.0,0.0,0.0,0.0,0.0,0.0,0.0,0.0,0.0,0.0,0.0,0.0,0.0,0.0,0.0,0.0,0.0,0.0,0.0,0.0,0.0,0.0,0.0,0.0,0.0,,,,,,,,,,,,,,,,,,,,,,,,,,,,,,,,,,,,,,,,,,,,,,,,,,
CHPF7-ALL.KW,(冰水泵系統功率  ),,32.3,32.2,32.1,32.1,32.2,32.2,32.0,32.1,32.3,32.2,32.2,32.2,0.0,0.0,0.0,0.0,0.0,0.0,0.0,0.0,0.0,0.0,0.0,0.0,0.0,0.0,0.0,0.0,0.0,0.0,0.0,0.0,32.2,32.0,32.1,32.0,32.1,32.0,32.0,32.0,32.2,31.9,32.0,32.1,32.1,32.2,32.1,32.1,32.1,31.9,31.9,31.8,31.6,31.2,31.5,31.7,91.9,91.1,91.5,91.4,91.3,91.6,91.7,91.9,91.5,91.8,91.6,91.6,91.6,91.5,91.4,91.8,91.6,91.8,91.4,91.2,91.4,91.6,91.1,91.4,91.6,92.1,91.6,91.9,91.0,91.8,91.7,91.9,91.0,91.5,91.5,91.4,91.5,91.8,,,,,,,,,,,,,,,,,,,,,,,,,,,,,,,,,,,,,,,,,,,,,,,,,,
CWP1F7:KW,(                ),kW,30.6,30.7,30.5,30.6,30.4,30.6,30.6,30.6,30.6,30.6,30.6,30.4,0.0,0.0,0.0,0.0,0.0,0.0,0.0,0.0,0.0,0.0,0.0,0.0,0.0,0.0,0.0,0.0,0.0,0.0,0.0,0.0,30.7,30.8,30.9,30.7,30.7,30.8,30.7,30.8,30.7,30.8,30.7,30.7,30.7,30.7,30.8,30.7,30.6,30.6,30.7,30.6,30.5,30.6,30.6,30.7,30.7,30.6,30.4,30.4,30.6,30.5,30.6,30.5,30.6,30.6,30.6,30.6,30.5,30.5,30.5,30.6,30.5,30.7,30.6,30.5,30.6,30.5,30.5,30.6,30.7,30.7,30.6,30.7,30.7,30.6,30.7,30.5,30.7,30.7,30.8,30.7,30.7,30.7,,,,,,,,,,,,,,,,,,,,,,,,,,,,,,,,,,,,,,,,,,,,,,,,,,
CWP2F7:KW,(                ),kW,0.0,0.0,0.0,0.0,0.0,0.0,0.0,0.0,0.0,0.0,0.0,0.0,0.0,0.0,0.0,0.0,0.0,0.0,0.0,0.0,0.0,0.0,0.0,0.0,0.0,0.0,0.0,0.0,0.0,0.0,0.0,0.0,0.0,0.0,0.0,0.0,0.0,0.0,0.0,0.0,0.0,0.0,0.0,0.0,0.0,0.0,0.0,0.0,0.0,0.0,0.0,0.0,0.0,0.0,0.0,0.0,33.3,33.3,33.2,33.0,33.2,33.2,33.1,33.2,33.2,33.1,33.2,33.1,33.2,33.1,33.0,33.3,33.2,33.2,33.3,33.2,33.2,33.0,33.1,33.0,33.3,33.2,33.2,33.2,33.2,33.1,33.2,33.1,33.1,33.2,33.3,33.0,33.2,33.2,,,,,,,,,,,,,,,,,,,,,,,,,,,,,,,,,,,,,,,,,,,,,,,,,,
CWP3F7:KW,(                ),kW,0.0,0.0,0.0,0.0,0.0,0.0,0.0,0.0,0.0,0.0,0.0,0.0,0.0,0.0,0.0,0.0,0.0,0.0,0.0,0.0,0.0,0.0,0.0,0.0,0.0,0.0,0.0,0.0,0.0,0.0,0.0,0.0,0.0,0.0,0.0,0.0,0.0,0.0,0.0,0.0,0.0,0.0,0.0,0.0,0.0,0.0,0.0,0.0,0.0,0.0,0.0,0.0,0.0,0.0,0.0,0.0,0.0,0.0,0.0,0.0,0.0,0.0,0.0,0.0,0.0,0.0,0.0,0.0,0.0,0.0,0.0,0.0,0.0,0.0,0.0,0.0,0.0,0.0,0.0,0.0,0.0,0.0,0.0,0.0,0.0,0.0,0.0,0.0,0.0,0.0,0.0,0.0,0.0,0.0,,,,,,,,,,,,,,,,,,,,,,,,,,,,,,,,,,,,,,,,,,,,,,,,,,
CWP4F7:KW,(                ),kW,0.0,0.0,0.0,0.0,0.0,0.0,0.0,0.0,0.0,0.0,0.0,0.0,0.0,0.0,0.0,0.0,0.0,0.0,0.0,0.0,0.0,0.0,0.0,0.0,0.0,0.0,0.0,0.0,0.0,0.0,0.0,0.0,0.0,0.0,0.0,0.0,0.0,0.0,0.0,0.0,0.0,0.0,0.0,0.0,0.0,0.0,0.0,0.0,0.0,0.0,0.0,0.0,0.0,0.0,0.0,0.0,29.7,29.7,29.6,29.5,29.6,29.4,29.6,29.6,29.6,29.6,29.5,29.5,29.6,29.5,29.4,29.6,29.6,29.6,29.7,29.5,29.5,29.5,29.5,29.5,29.6,29.6,29.6,29.6,29.5,29.6,29.7,29.6,29.5,29.6,29.7,29.5,29.5,29.6,,,,,,,,,,,,,,,,,,,,,,,,,,,,,,,,,,,,,,,,,,,,,,,,,,
CWP5F7:KW,(                ),kW,0.0,0.0,0.0,0.0,0.0,0.0,0.0,0.0,0.0,0.0,0.0,0.0,0.0,0.0,0.0,0.0,0.0,0.0,0.0,0.0,0.0,0.0,0.0,0.0,0.0,0.0,0.0,0.0,0.0,0.0,0.0,0.0,0.0,0.0,0.0,0.0,0.0,0.0,0.0,0.0,0.0,0.0,0.0,0.0,0.0,0.0,0.0,0.0,0.0,0.0,0.0,0.0,0.0,0.0,0.0,0.0,0.0,0.0,0.0,0.0,0.0,0.0,0.0,0.0,0.0,0.0,0.0,0.0,0.0,0.0,0.0,0.0,0.0,0.0,0.0,0.0,0.0,0.0,0.0,0.0,0.0,0.0,0.0,0.0,0.0,0.0,0.0,0.0,0.0,0.0,0.0,0.0,0.0,0.0,,,,,,,,,,,,,,,,,,,,,,,,,,,,,,,,,,,,,,,,,,,,,,,,,,
CWPF7-ALL.KW,(冷卻水泵系統功率),,30.6,30.7,30.5,30.6,30.4,30.6,30.6,30.6,30.6,30.6,30.6,30.4,0.0,0.0,0.0,0.0,0.0,0.0,0.0,0.0,0.0,0.0,0.0,0.0,0.0,0.0,0.0,0.0,0.0,0.0,0.0,0.0,30.7,30.8,30.9,30.7,30.7,30.8,30.7,30.8,30.7,30.8,30.7,30.7,30.7,30.7,30.8,30.7,30.6,30.6,30.7,30.6,30.5,30.6,30.6,30.7,93.7,93.6,93.2,93.0,93.4,93.1,93.3,93.3,93.4,93.3,93.2,93.2,93.3,93.1,92.9,93.5,93.3,93.5,93.6,93.2,93.3,93.1,93.1,93.1,93.6,93.5,93.4,93.4,93.4,93.3,93.5,93.2,93.3,93.5,93.8,93.2,93.4,93.5,,,,,,,,,,,,,,,,,,,,,,,,,,,,,,,,,,,,,,,,,,,,,,,,,,
CH-B1-1.CST,(冰水送水溫度    ),DEG C,9.51,9.30,9.32,9.44,9.48,9.54,9.58,9.59,9.65,9.67,9.76,9.81,9.84,9.88,9.93,9.97,10.01,10.03,10.09,10.10,10.14,10.16,10.20,10.21,10.26,10.20,10.24,10.30,10.32,10.33,10.37,10.42,10.49,10.60,10.76,10.87,11.02,11.19,11.31,11.46,11.62,11.77,11.94,12.12,12.26,10.23,7.68,10.10,11.85,8.97,8.42,8.67,8.72,8.77,9.08,9.11,9.25,9.28,9.72,9.71,9.85,10.36,10.36,9.74,8.38,8.35,8.33,7.83,8.12,7.97,8.19,8.33,8.16,8.24,7.85,7.97,8.32,7.70,8.19,8.24,8.20,8.43,8.13,8.16,8.48,7.93,8.12,8.50,7.92,8.15,8.45,7.82,8.34,8.57,,,,,,,,,,,,,,,,,,,,,,,,,,,,,,,,,,,,,,,,,,,,,,,,,,
CH-B1-2.CST,(冰水送水溫度    ),DEG C,9.27,9.29,9.37,9.46,9.51,9.55,9.59,9.65,9.71,9.75,9.80,9.86,9.90,9.94,9.99,10.02,10.06,10.08,10.08,10.13,10.12,10.13,10.15,10.16,10.24,10.25,10.25,10.27,10.29,10.33,10.37,10.46,10.54,10.58,10.65,10.72,10.80,10.88,10.95,11.07,11.23,11.40,11.58,11.73,11.92,12.77,10.34,10.15,10.86,11.64,10.67,10.71,12.05,12.40,12.56,12.81,12.91,12.95,13.12,13.13,13.10,13.94,13.76,12.11,8.16,11.06,10.71,10.79,11.86,7.69,11.08,9.02,11.40,12.12,7.88,11.67,9.34,7.70,12.08,8.34,11.27,11.78,8.20,11.18,11.30,7.82,11.53,9.33,7.63,11.87,8.27,7.63,12.14,10.34,,,,,,,,,,,,,,,,,,,,,,,,,,,,,,,,,,,,,,,,,,,,,,,,,,
CHW.ST,(冰水總出水溫度  ),DEG C,9.6,9.7,9.8,9.9,9.9,10.0,10.0,10.1,10.1,10.1,10.2,10.2,10.3,10.3,10.4,10.4,10.4,10.5,10.5,10.6,10.6,10.6,10.6,10.7,10.7,10.7,10.7,10.7,10.8,10.9,11.1,11.3,11.5,11.8,11.9,12.1,12.2,12.3,12.5,12.6,12.7,12.9,13.0,13.2,13.3,11.1,8.4,10.1,11.6,9.9,9.3,9.5,10.0,10.2,10.4,10.5,10.7,10.7,11.1,11.1,11.1,11.8,11.7,11.0,8.3,9.7,9.6,9.2,10.0,7.8,9.7,8.7,9.7,10.2,7.9,9.8,8.9,7.7,10.2,8.3,9.8,10.2,8.2,9.7,9.9,7.9,9.8,9.0,7.8,10.0,8.4,7.8,10.3,9.6,,,,,,,,,,,,,,,,,,,,,,,,,,,,,,,,,,,,,,,,,,,,,,,,,,
CH-B1-1.CRT,(冰水進水溫度    ),DEG C,9.77,9.94,10.11,10.24,10.36,10.44,10.53,10.62,10.69,10.77,10.85,10.93,10.99,11.06,11.12,11.20,11.25,11.30,11.36,11.40,11.45,11.47,11.51,11.54,11.57,11.61,11.65,11.68,11.72,11.75,11.79,11.84,11.87,11.90,11.94,11.98,12.01,12.05,12.09,12.13,12.18,12.22,12.26,12.31,12.36,12.12,10.86,10.19,13.04,12.64,11.72,11.88,11.95,12.31,12.69,12.72,12.89,12.96,13.36,13.34,13.48,13.91,13.98,13.70,12.28,11.41,12.48,11.60,12.28,11.77,11.25,12.40,11.27,12.33,11.84,11.76,12.40,11.36,12.15,12.22,11.20,12.49,12.07,11.17,12.57,11.89,11.91,12.56,11.58,12.20,12.48,11.47,12.44,12.72,,,,,,,,,,,,,,,,,,,,,,,,,,,,,,,,,,,,,,,,,,,,,,,,,,
CH-B1-2.CRT,(冰水進水溫度    ),DEG C,8.97,9.07,9.17,9.31,9.44,9.56,9.69,9.83,9.93,10.08,10.18,10.27,10.38,10.51,10.63,10.72,10.85,10.96,11.08,11.18,11.28,11.37,11.45,11.57,11.68,11.75,11.83,11.92,12.01,12.13,12.19,12.29,12.37,12.44,12.54,12.63,12.69,12.75,12.81,12.87,12.92,13.02,13.06,13.13,13.22,12.31,10.18,10.19,10.87,11.59,10.65,10.71,12.07,12.39,12.56,12.81,12.91,12.94,13.11,13.13,13.10,13.94,13.75,13.30,11.65,11.05,11.96,10.89,11.86,11.30,11.08,12.06,10.89,12.18,11.48,11.67,12.18,11.06,12.09,11.92,10.97,12.36,11.75,11.23,12.32,11.39,11.53,12.20,11.16,11.87,11.96,11.01,12.15,12.33,,,,,,,,,,,,,,,,,,,,,,,,,,,,,,,,,,,,,,,,,,,,,,,,,,
CHW.RT,(冰水總回水溫度  ),DEG C,9.7,10.2,10.4,10.6,10.5,10.2,10.4,10.3,10.2,10.3,10.4,10.3,10.2,10.4,10.5,10.7,11.3,12.0,12.6,13.1,13.6,14.0,14.3,14.7,15.3,15.7,15.8,16.1,15.1,15.0,15.5,15.9,16.3,16.6,17.0,17.4,17.6,17.7,16.8,15.9,15.4,14.6,14.1,13.3,13.1,9.5,10.9,9.6,10.7,11.7,10.8,11.7,11.7,12.1,12.7,12.9,13.0,13.2,13.7,13.7,13.6,13.8,14.0,13.8,13.0,11.5,12.5,12.2,12.1,12.4,11.8,12.7,11.8,12.3,12.6,11.4,12.7,11.9,12.0,12.8,11.7,12.4,12.7,11.6,12.6,12.6,11.6,12.9,12.1,11.9,13.0,12.0,12.3,12.8,,,,,,,,,,,,,,,,,,,,,,,,,,,,,,,,,,,,,,,,,,,,,,,,,,
CH-B1-1.CHDT,(冰水溫差        ),DEG C,0.3,0.6,0.8,0.8,0.9,0.9,0.9,1.0,1.0,1.1,1.1,1.1,1.2,1.2,1.2,1.2,1.2,1.3,1.3,1.3,1.3,1.3,1.3,1.3,1.3,1.4,1.4,1.4,1.4,1.4,1.4,1.4,1.4,1.3,1.2,1.1,1.0,0.9,0.8,0.7,0.6,0.4,0.3,0.2,0.1,1.9,3.2,0.1,1.2,3.7,3.3,3.2,3.2,3.5,3.6,3.6,3.6,3.7,3.6,3.6,3.6,3.6,3.6,4.0,3.9,3.1,4.1,3.8,4.2,3.8,3.1,4.1,3.1,4.1,4.0,3.8,4.1,3.7,4.0,4.0,3.0,4.1,3.9,3.0,4.1,4.0,3.8,4.1,3.7,4.1,4.0,3.6,4.1,4.1,,,,,,,,,,,,,,,,,,,,,,,,,,,,,,,,,,,,,,,,,,,,,,,,,,
CH-B1-2.CHDT,(冰水溫差        ),DEG C, -0.3, -0.2, -0.2, -0.2, -0.1,0.0,0.1,0.2,0.2,0.3,0.4,0.4,0.5,0.6,0.6,0.7,0.8,0.9,1.0,1.1,1.2,1.2,1.3,1.4,1.4,1.5,1.6,1.6,1.7,1.8,1.8,1.8,1.8,1.9,1.9,1.9,1.9,1.9,1.9,1.8,1.7,1.6,1.5,1.4,1.3, -0.5, -0.2,0.0,0.0, -0.0, -0.0, -0.0,0.0, -0.0, -0.0, -0.0, -0.0, -0.0, -0.0, -0.0, -0.0, -0.0, -0.0,1.2,3.5, -0.0,1.2,0.2, -0.0,3.6, -0.0,3.0, -0.5,0.0,3.6,0.0,2.8,3.4,0.0,3.6, -0.3,0.6,3.6,0.0,1.0,3.6, -0.0,2.9,3.5,0.0,3.7,3.4,0.0,1.9,,,,,,,,,,,,,,,,,,,,,,,,,,,,,,,,,,,,,,,,,,,,,,,,,,
CH-B1.CHDT,(冰水系統溫差    ),DEG C,0.1,0.5,0.6,0.7,0.6,0.3,0.4,0.2,0.1,0.2,0.2,0.1, -0.1,0.1,0.1,0.3,0.9,1.5,2.0,2.5,3.0,3.3,3.7,4.0,4.6,5.0,5.1,5.3,4.3,4.1,4.4,4.7,4.8,4.8,5.1,5.2,5.4,5.3,4.3,3.4,2.6,1.7,1.1,0.1, -0.3, -1.6,2.5, -0.5, -0.9,1.8,1.5,2.3,1.7,2.0,2.3,2.3,2.4,2.5,2.7,2.6,2.5,2.0,2.2,2.9,4.7,1.8,2.9,3.0,2.1,4.7,2.1,3.9,2.1,2.0,4.7,1.6,3.8,4.2,1.7,4.5,1.9,2.3,4.5,1.9,2.7,4.7,1.8,3.9,4.3,1.9,4.6,4.2,2.0,3.2,,,,,,,,,,,,,,,,,,,,,,,,,,,,,,,,,,,,,,,,,,,,,,,,,,
CH-B1-1.CFM,(流量回受值      ),,6,6,6,8,8,8,6,6,6,8,6,8,8,8,8,6,8,8,8,6,6,6,8,6,6,6,8,8,6,6,6,6,6,6,6,6,8,6,6,6,6,6,8,6,6,5081,4949,4842,5233,4793,4846,4980,4979,4924,4992,5037,5006,4987,5028,5002,5009,5204,5147,5087,5168,5008,4911,4871,4828,4896,4935,4986,4989,5019,5002,4912,5001,4934,4975,5043,5023,5009,5013,4976,4965,4969,4908,4994,4999,5018,4996,4987,4953,4951,,,,,,,,,,,,,,,,,,,,,,,,,,,,,,,,,,,,,,,,,,,,,,,,,,
CH-B1-2.CFM,(流量回受值      ),,6,6,6,6,6,6,6,6,6,6,6,6,6,6,6,6,6,6,6,6,6,6,7,5,5,5,5,7,7,5,7,7,5,7,7,7,7,7,5,7,7,7,7,7,5,1650,1332,1101,1829,2359,2495,2784,2698,2737,2758,2818,2738,2689,2836,2859,2907,3216,3059,4396,4309,4095,3959,3914,3886,3929,3932,4036,4037,4052,4008,3999,4028,4089,4016,4069,4070,4037,4101,4053,4051,3973,3892,3972,4034,4026,4035,4082,4037,3891,,,,,,,,,,,,,,,,,,,,,,,,,,,,,,,,,,,,,,,,,,,,,,,,,,
CH-B1.CFM,(冰水系統總流量  ),,0,0,0,0,0,0,0,0,0,0,0,0,0,0,0,0,0,0,0,0,0,0,0,0,0,0,0,0,0,0,0,0,0,0,0,0,0,0,0,0,0,0,0,0,0,5077,4949,4842,5233,4793,4846,4991,4979,4924,4992,5037,4986,4989,5026,5002,5009,5204,5147,9484,9478,9104,8874,8786,8714,8834,8868,9024,9027,9063,9011,8911,9029,9012,8991,9113,9093,9053,9115,9015,9017,8940,8801,8967,9070,9057,9030,9064,8991,8841,,,,,,,,,,,,,,,,,,,,,,,,,,,,,,,,,,,,,,,,,,,,,,,,,,
CH-B1-1.CWST,(冷卻水進水溫度  ),DEG C,27.99,28.04,28.11,28.16,28.21,28.25,28.29,28.34,28.37,28.41,28.44,28.47,28.50,28.52,28.55,28.57,28.60,28.62,28.64,28.66,28.68,28.70,28.72,28.74,28.75,28.77,28.79,28.80,28.82,28.84,28.85,28.87,28.88,28.89,28.90,28.92,28.93,28.94,28.95,28.96,28.97,28.98,29.00,29.00,29.02,26.89,30.85,28.83,27.94,30.84,31.12,31.53,31.66,29.40,28.20,27.94,27.93,27.81,28.06,28.25,28.35,28.18,28.11,28.53,30.64,30.94,28.98,30.43,29.20,30.09,30.77,29.51,30.84,29.32,30.40,29.97,29.69,31.23,29.74,30.66,31.71,29.96,31.31,31.99,30.28,31.73,31.05,30.55,31.88,30.57,30.89,31.68,29.95,29.85,,,,,,,,,,,,,,,,,,,,,,,,,,,,,,,,,,,,,,,,,,,,,,,,,,
CH-B1-2.CWST,(冷卻水進水溫度  ),DEG C,28.78,28.85,28.88,28.92,28.96,28.99,29.02,29.05,29.08,29.10,29.13,29.14,29.17,29.19,29.20,29.22,29.24,29.25,29.27,29.28,29.30,29.31,29.32,29.33,29.34,29.35,29.36,29.37,29.38,29.38,29.39,29.40,29.41,29.41,29.42,29.43,29.44,29.45,29.45,29.45,29.46,29.46,29.47,29.48,29.48,29.48,29.48,29.48,29.48,29.47,29.47,29.47,29.47,29.47,29.47,29.47,29.47,29.48,29.48,29.48,29.49,29.49,29.49,28.54,30.64,30.97,29.00,30.44,29.22,30.09,30.78,29.53,30.86,29.34,30.40,29.99,29.69,31.25,29.76,30.67,31.72,29.98,31.31,32.00,30.30,31.73,31.07,30.56,31.88,30.59,30.89,31.69,29.97,29.86,,,,,,,,,,,,,,,,,,,,,,,,,,,,,,,,,,,,,,,,,,,,,,,,,,
CW.ST,(冷卻水總出水溫度),DEG C,28.12,28.11,28.12,28.13,28.13,28.14,28.14,28.14,28.13,28.12,28.11,28.10,28.08,28.08,28.06,28.04,28.03,28.01,27.99,27.98,27.96,27.94,27.93,27.91,27.89,27.88,27.86,27.84,27.83,27.81,27.80,27.78,27.76,27.75,27.73,27.72,27.70,27.69,27.67,27.66,27.65,27.63,27.62,27.61,27.59,28.48,33.50,28.85,28.96,34.19,34.35,34.77,34.89,33.07,31.83,31.57,31.58,31.48,31.74,31.90,32.04,31.92,31.86,31.36,34.52,32.59,31.63,33.43,31.31,33.90,32.36,33.11,32.80,31.43,34.26,31.92,33.13,34.96,31.73,34.55,33.37,32.14,35.18,33.56,32.85,35.58,33.02,34.05,35.60,32.67,34.73,35.37,32.08,32.79,,,,,,,,,,,,,,,,,,,,,,,,,,,,,,,,,,,,,,,,,,,,,,,,,,
CH-B1-1.CWRT,(冷卻水出水溫度  ),,28.53,28.58,28.59,28.61,28.63,28.65,28.66,28.68,28.69,28.70,28.71,28.72,28.72,28.73,28.73,28.73,28.74,28.73,28.73,28.73,28.73,28.72,28.72,28.72,28.71,28.71,28.70,28.70,28.69,28.69,28.68,28.67,28.66,28.66,28.65,28.64,28.64,28.63,28.62,28.61,28.60,28.59,28.59,28.58,28.57,28.54,33.58,28.87,28.99,34.29,34.38,34.81,34.93,33.06,31.85,31.60,31.60,31.50,31.77,31.95,32.07,31.94,31.89,32.88,34.75,34.14,33.17,34.24,33.37,34.04,33.96,33.68,34.26,33.51,34.46,33.84,33.83,35.04,33.71,34.77,34.86,34.16,35.39,35.12,34.48,35.78,34.94,34.73,35.66,34.72,35.01,35.49,34.17,34.04,,,,,,,,,,,,,,,,,,,,,,,,,,,,,,,,,,,,,,,,,,,,,,,,,,
CH-B1-2.CWRT,(冷卻水出水溫度  ),,29.51,29.51,29.52,29.51,29.50,29.49,29.48,29.46,29.45,29.44,29.43,29.41,29.39,29.38,29.37,29.35,29.34,29.32,29.31,29.29,29.28,29.27,29.25,29.24,29.22,29.21,29.19,29.18,29.17,29.15,29.14,29.12,29.11,29.09,29.08,29.07,29.05,29.04,29.03,29.01,29.00,28.99,28.98,28.96,28.95,28.93,28.91,28.90,29.24,29.20,29.21,30.20,30.74,30.99,31.46,31.41,31.33,31.27,31.21,31.17,31.14,31.17,31.21,29.95,34.45,31.14,30.23,32.16,29.33,33.90,30.92,32.69,31.36,29.44,34.21,30.11,32.59,34.97,29.86,34.48,32.08,30.33,35.13,32.14,31.35,35.53,31.21,33.52,35.70,30.72,34.63,35.37,30.09,31.68,,,,,,,,,,,,,,,,,,,,,,,,,,,,,,,,,,,,,,,,,,,,,,,,,,
CW.RT,(冷卻水總回水溫度),DEG C,27.88,27.95,28.00,28.05,28.08,28.09,28.09,28.09,28.09,28.07,28.05,28.04,28.02,28.00,27.98,27.95,27.93,27.91,27.89,27.87,27.84,27.82,27.80,27.78,27.76,27.74,27.72,27.70,27.68,27.66,27.65,27.63,27.61,27.60,27.58,27.56,27.54,27.53,27.51,27.49,27.48,27.47,27.45,27.43,27.42,26.88,30.91,28.84,27.92,30.92,31.14,31.51,31.66,29.37,28.19,27.94,27.93,27.80,28.05,28.25,28.34,28.18,28.10,28.53,30.65,30.91,28.99,30.43,29.18,30.09,30.76,29.51,30.85,29.31,30.42,29.95,29.71,31.22,29.73,30.68,31.70,29.96,31.32,31.99,30.29,31.75,31.03,30.56,31.88,30.55,30.92,31.69,29.94,29.87,,,,,,,,,,,,,,,,,,,,,,,,,,,,,,,,,,,,,,,,,,,,,,,,,,
CH-B1-1.CWDT,(冷卻水溫差      ),DEG C,0.5,0.5,0.5,0.4,0.4,0.4,0.4,0.3,0.3,0.3,0.3,0.3,0.2,0.2,0.2,0.2,0.1,0.1,0.1,0.1,0.1,0.0,0.0, -0.0, -0.0, -0.1, -0.1, -0.1, -0.1, -0.2, -0.2, -0.2, -0.2, -0.2, -0.3, -0.3, -0.3, -0.3, -0.3, -0.4, -0.4, -0.4, -0.4, -0.4, -0.4,1.6,2.7,0.0,1.1,3.4,3.3,3.3,3.3,3.7,3.7,3.7,3.7,3.7,3.7,3.7,3.7,3.8,3.8,4.4,4.1,3.2,4.2,3.8,4.2,4.0,3.2,4.2,3.4,4.2,4.1,3.9,4.1,3.8,4.0,4.1,3.2,4.2,4.1,3.1,4.2,4.1,3.9,4.2,3.8,4.1,4.1,3.8,4.2,4.2,,,,,,,,,,,,,,,,,,,,,,,,,,,,,,,,,,,,,,,,,,,,,,,,,,
CH-B1-2.CWDT,(冷卻水溫差      ),DEG C,0.7,0.7,0.6,0.6,0.5,0.5,0.5,0.4,0.4,0.3,0.3,0.3,0.2,0.2,0.2,0.1,0.1,0.1,0.0,0.0, -0.0, -0.0, -0.1, -0.1, -0.1, -0.1, -0.2, -0.2, -0.2, -0.2, -0.3, -0.3, -0.3, -0.3, -0.3, -0.4, -0.4, -0.4, -0.4, -0.4, -0.5, -0.5, -0.5, -0.5, -0.5, -0.6, -0.6, -0.6, -0.2, -0.3, -0.3,0.7,1.3,1.5,2.0,1.9,1.9,1.8,1.7,1.7,1.6,1.7,1.7,1.4,3.8,0.2,1.2,1.8,0.1,3.8,0.1,3.2,0.6,0.1,3.8,0.1,2.9,3.7,0.1,3.8,0.4,0.4,3.8,0.1,1.0,3.8,0.1,3.0,3.8,0.1,3.7,3.7,0.1,1.8,,,,,,,,,,,,,,,,,,,,,,,,,,,,,,,,,,,,,,,,,,,,,,,,,,
CH-B1.CWDT,(冷卻水系統溫差  ),DEG C,0.2,0.2,0.1,0.1,0.1,0.0,0.0,0.0,0.0,0.0,0.1,0.1,0.1,0.1,0.1,0.1,0.1,0.1,0.1,0.1,0.1,0.1,0.1,0.1,0.1,0.1,0.1,0.1,0.1,0.2,0.2,0.2,0.2,0.2,0.2,0.2,0.2,0.2,0.2,0.2,0.2,0.2,0.2,0.2,0.2,1.6,2.6,0.0,1.0,3.3,3.2,3.3,3.2,3.7,3.6,3.6,3.6,3.7,3.7,3.6,3.7,3.7,3.8,2.8,3.9,1.7,2.6,3.0,2.1,3.8,1.6,3.6,2.0,2.1,3.8,2.0,3.4,3.8,2.0,3.9,1.7,2.2,3.9,1.6,2.6,3.8,2.0,3.5,3.7,2.1,3.8,3.7,2.1,2.9,,,,,,,,,,,,,,,,,,,,,,,,,,,,,,,,,,,,,,,,,,,,,,,,,,
CH-B1-1.CWFM,(流量回受值      ),,6,6,6,6,6,6,6,6,6,6,6,6,6,6,6,6,6,6,6,6,6,6,6,6,6,6,6,6,6,6,6,6,6,6,6,6,6,6,6,6,6,6,6,6,6,5964,6149,5968,5988,6048,6023,6103,6098,6201,6031,6015,6059,6046,6056,6018,6053,6044,6068,5222,5181,5182,5235,5183,5228,5209,5198,5185,5177,5217,5119,5209,5174,5157,5159,5171,5181,5164,5190,5168,5119,5244,5196,5144,5220,5170,5187,5166,5159,5195,,,,,,,,,,,,,,,,,,,,,,,,,,,,,,,,,,,,,,,,,,,,,,,,,,
CH-B1-2.CWFM,(流量回受值      ),,0,0,0,0,0,0,0,0,0,0,0,0,0,0,0,0,0,0,0,0,0,0,0,0,0,0,0,0,0,0,0,0,0,0,0,0,0,0,0,0,0,0,0,0,0,0,0,0,0,0,0,0,0,0,0,0,0, -2, -2,0,0, -2,0,4986,5033,4979,4975,4971,4964,4988,4952,4974,4963,4933,4998,4950,4974,5021,4934,4992,4976,4974,5001,4979,4949,5043,4942,4964,5013,4968,4997,5036,4955,4964,,,,,,,,,,,,,,,,,,,,,,,,,,,,,,,,,,,,,,,,,,,,,,,,,,
CH-B1.CWFM,(冷卻水系統總流量),,0,0,0,0,0,0,0,0,0,0,0,0,0,0,0,0,0,0,0,0,0,0,0,0,0,0,0,0,0,0,0,0,0,0,0,0,0,0,0,0,0,0,0,0,0,5964,6149,5968,5988,6048,6023,6102,6098,6201,6031,6022,6074,6046,6058,6018,6053,6044,6068,10209,10214,10164,10207,10155,10193,10207,10151,10166,10140,10146,10118,10160,10148,10179,10094,10163,10157,10140,10192,10156,10081,10278,10139,10109,10234,10139,10211,10200,10114,10156,,,,,,,,,,,,,,,,,,,,,,,,,,,,,,,,,,,,,,,,,,,,,,,,,,
CH1B1:KW,(                ),kW,0.5,0.5,0.5,0.5,0.5,0.5,0.5,0.5,0.5,0.5,0.5,0.5,0.5,0.5,0.5,0.5,0.5,0.5,0.5,0.5,0.5,0.5,0.5,0.5,0.5,0.5,0.5,0.5,0.5,0.5,0.5,0.5,0.5,0.5,0.5,0.5,0.5,0.5,0.5,0.5,0.5,0.5,0.5,0.5,0.5,0.5,0.5,0.5,0.5,0.5,0.5,0.5,0.5,0.5,0.5,0.5,0.5,0.5,0.5,0.5,0.5,0.5,0.5,0.5,0.5,0.5,0.5,0.5,0.5,0.5,0.5,0.5,0.5,0.5,0.5,0.5,0.5,0.5,0.5,0.5,0.5,0.5,0.5,0.5,0.5,0.5,0.5,0.5,0.5,0.5,0.5,0.5,0.5,0.5,,,,,,,,,,,,,,,,,,,,,,,,,,,,,,,,,,,,,,,,,,,,,,,,,,
CH2B1:KW,(                ),kW,0.5,0.5,0.5,0.5,0.5,0.5,0.5,0.5,0.5,0.5,0.5,0.5,0.5,0.5,0.5,0.5,0.5,0.5,0.5,0.5,0.5,0.5,0.5,0.5,0.5,0.5,0.5,0.5,0.5,0.5,0.5,0.5,0.5,0.5,0.5,0.5,0.5,0.5,0.5,0.5,0.5,0.5,0.5,0.5,0.5,0.5,0.5,0.5,0.5,0.5,0.5,0.5,0.5,0.5,0.5,0.5,0.5,0.5,0.5,0.5,0.5,0.5,0.5,0.5,0.5,0.5,0.5,0.5,0.5,0.5,0.5,0.5,0.5,0.5,0.5,0.5,0.5,0.5,0.5,0.5,0.5,0.5,0.5,0.5,0.5,0.5,0.5,0.5,0.5,0.5,0.5,0.5,0.5,0.5,,,,,,,,,,,,,,,,,,,,,,,,,,,,,,,,,,,,,,,,,,,,,,,,,,
CHB1-ALL.KW,(冰機系統功率    ),,1.1,1.1,1.1,1.1,1.1,1.1,1.1,1.1,1.1,1.1,1.1,1.1,1.1,1.1,1.1,1.1,1.1,1.1,1.1,1.1,1.1,1.1,1.1,1.1,1.1,1.1,1.1,1.1,1.1,1.1,1.1,1.1,1.1,1.1,1.1,1.1,1.1,1.1,1.1,1.1,1.1,1.1,1.1,1.1,1.1,1.1,1.1,1.1,1.1,1.1,1.1,1.1,1.1,1.1,1.1,1.1,1.1,1.1,1.1,1.1,1.1,1.1,1.1,1.1,1.1,1.1,1.1,1.1,1.1,1.1,1.1,1.1,1.1,1.1,1.1,1.1,1.1,1.1,1.1,1.1,1.1,1.1,1.1,1.1,1.1,1.1,1.1,1.1,1.1,1.1,1.1,1.1,1.1,1.1,,,,,,,,,,,,,,,,,,,,,,,,,,,,,,,,,,,,,,,,,,,,,,,,,,
CH-B1-1.TON,(冷凍頓          ),,0,0,0,0,0,0,0,0,0,0,0,0,0,0,0,0,0,0,0,0,0,0,0,0,0,0,0,0,0,0,0,0,0,0,0,0,0,0,0,0,0,0,0,0,0,189,312,8,123,349,316,317,319,346,357,361,360,363,362,359,360,365,369,399,400,304,404,363,400,371,300,401,308,407,395,368,404,357,389,398,299,403,392,296,403,390,368,402,363,403,400,361,402,406,,,,,,,,,,,,,,,,,,,,,,,,,,,,,,,,,,,,,,,,,,,,,,,,,,
CH-B1-2.TON,(冷凍頓          ),,0,0,0,0,0,0,0,0,0,0,0,0,0,0,0,0,0,0,0,0,0,0,0,0,0,0,0,0,0,0,0,0,0,0,0,0,0,0,0,0,0,0,0,0,0,0,0,0,0,0,0,0,0,0,0,0,0,0,0,0,0,0,0,104,298,0,96,21,0,281,0,243,0,2,286,0,226,272,0,289,0,43,289,3,81,281,0,225,282,0,295,272,0,150,,,,,,,,,,,,,,,,,,,,,,,,,,,,,,,,,,,,,,,,,,,,,,,,,,
CH-B1.TON,(冰水系統冷凍頓  ),,0,0,0,0,0,0,0,0,0,0,0,0,0,0,0,0,0,0,0,0,0,0,0,0,0,0,0,0,0,0,0,0,0,0,0,0,0,0,0,0,0,0,0,0,0,0,244,0,0,169,146,226,172,192,223,231,236,247,266,261,247,200,228,538,881,325,507,547,371,815,368,707,370,368,835,280,676,753,310,805,337,407,824,343,483,834,308,694,779,335,823,752,362,566,,,,,,,,,,,,,,,,,,,,,,,,,,,,,,,,,,,,,,,,,,,,,,,,,,
CH-B1-1.KW/RT,(冰機效率        ),,0.00,0.00,0.00,0.00,0.00,0.00,0.00,0.00,0.00,0.00,0.00,0.00,0.00,0.00,0.00,0.00,0.00,0.00,0.00,0.00,0.00,0.00,0.00,0.00,0.00,0.00,0.00,0.00,0.00,0.00,0.00,0.00,0.00,0.00,0.00,0.00,0.00,0.00,0.00,0.00,0.00,0.00,0.00,0.00,0.00,0.00,0.00,0.00,0.00,0.00,0.00,0.00,0.00,0.00,0.00,0.00,0.00,0.00,0.00,0.00,0.00,0.00,0.00,0.00,0.00,0.00,0.00,0.00,0.00,0.00,0.00,0.00,0.00,0.00,0.00,0.00,0.00,0.00,0.00,0.00,0.00,0.00,0.00,0.00,0.00,0.00,0.00,0.00,0.00,0.00,0.00,0.00,0.00,0.00,,,,,,,,,,,,,,,,,,,,,,,,,,,,,,,,,,,,,,,,,,,,,,,,,,
CH-B1-2.KW/RT,(冰機效率        ),,0.00,0.00,0.00,0.00,0.00,0.00,0.00,0.00,0.00,0.00,0.00,0.00,0.00,0.00,0.00,0.00,0.00,0.00,0.00,0.00,0.00,0.00,0.00,0.00,0.00,0.00,0.00,0.00,0.00,0.00,0.00,0.00,0.00,0.00,0.00,0.00,0.00,0.00,0.00,0.00,0.00,0.00,0.00,0.00,0.00,0.00,0.00,0.00,0.00,0.00,0.00,0.00,0.00,0.00,0.00,0.00,0.00,0.00,0.00,0.00,0.00,0.00,0.00,0.00,0.00,0.00,0.00,0.00,0.00,0.00,0.00,0.00,0.00,0.00,0.00,0.00,0.00,0.00,0.00,0.00,0.00,0.00,0.00,0.00,0.00,0.00,0.00,0.00,0.00,0.00,0.00,0.00,0.00,0.00,,,,,,,,,,,,,,,,,,,,,,,,,,,,,,,,,,,,,,,,,,,,,,,,,,
CH-B1.KW/RT,(冰水系統效率    ),,0.00,0.00,0.00,0.00,0.00,0.00,0.00,0.00,0.00,0.00,0.00,0.00,0.00,0.00,0.00,0.00,0.00,0.00,0.00,0.00,0.00,0.00,0.00,0.00,0.00,0.00,0.00,0.00,0.00,0.00,0.00,0.00,0.00,0.00,0.00,0.00,0.00,0.00,0.00,0.00,0.00,0.00,0.00,0.00,0.00,0.00,0.00,0.00,0.00,0.00,0.00,0.00,0.00,0.00,0.00,0.00,0.00,0.00,0.00,0.00,0.00,0.00,0.00,0.00,0.00,0.00,0.00,0.00,0.00,0.00,0.00,0.00,0.00,0.00,0.00,0.00,0.00,0.00,0.00,0.00,0.00,0.00,0.00,0.00,0.00,0.00,0.00,0.00,0.00,0.00,0.00,0.00,0.00,0.00,,,,,,,,,,,,,,,,,,,,,,,,,,,,,,,,,,,,,,,,,,,,,,,,,,
CW-B1-1.TON,(冷凍頓          ),,0,0,0,0,0,0,0,0,0,0,0,0,0,0,0,0,0,0,0,0,0,0,0,0,0,0,0,0,0,0,0,0,0,0,0,0,0,0,0,0,0,0,0,0,0,193,332,3,124,413,390,396,395,450,437,437,441,443,445,440,446,450,454,452,422,328,434,391,434,410,330,428,354,434,413,400,425,389,403,421,324,431,420,320,425,421,400,426,391,425,425,390,430,431,,,,,,,,,,,,,,,,,,,,,,,,,,,,,,,,,,,,,,,,,,,,,,,,,,
CW-B1-2.TON,(冷凍頓          ),,0,0,0,0,0,0,0,0,0,0,0,0,0,0,0,0,0,0,0,0,0,0,0,0,0,0,0,0,0,0,0,0,0,0,0,0,0,0,0,0,0,0,0,0,0,0,0,0,0,0,0,0,0,0,0,0,0,0,0,0,0,0,0,138,380,16,121,192,11,377,14,312,56,10,377,12,284,372,10,378,35,30,378,13,102,380,13,291,379,13,370,368,11,178,,,,,,,,,,,,,,,,,,,,,,,,,,,,,,,,,,,,,,,,,,,,,,,,,,
CW-B1.TON,(冷卻水系統冷凍頓),,0,0,0,0,0,0,0,0,0,0,0,0,0,0,0,0,0,0,0,0,0,0,0,0,0,0,0,0,0,0,0,0,0,0,0,0,0,0,0,0,0,0,0,0,0,188,316,1,122,394,384,393,391,454,435,434,439,441,443,435,443,446,452,572,785,337,533,628,429,774,322,724,398,427,771,397,688,758,398,780,338,434,780,315,512,783,401,701,755,424,771,745,428,589,,,,,,,,,,,,,,,,,,,,,,,,,,,,,,,,,,,,,,,,,,,,,,,,,,
CH-B1-1.HB,(                ),,0.00,0.00,0.00,0.00,0.00,0.00,0.00,0.00,0.00,0.00,0.00,0.00,0.00,0.00,0.00,0.00,0.00,0.00,0.00,0.00,0.00,0.00,0.00,0.00,0.00,0.00,0.00,0.00,0.00,0.00,0.00,0.00,0.00,0.00,0.00,0.00,0.00,0.00,0.00,0.00,0.00,0.00,0.00,0.00,0.00, -1.84, -6.03,120.30, -0.28, -15.58, -18.75, -19.89, -19.28, -23.12, -18.30, -17.44, -18.42, -17.84, -18.57, -18.30, -19.20, -18.68, -18.77, -11.60, -5.22, -7.29, -6.97, -6.99, -7.82, -9.53, -8.73, -6.21, -12.76, -6.15, -4.33, -7.94, -4.95, -8.14, -4.37, -5.32, -7.48, -6.42, -6.54, -7.67, -5.21, -7.21, -8.09, -5.64, -7.11, -5.22, -5.83, -7.38, -6.45, -5.76,,,,,,,,,,,,,,,,,,,,,,,,,,,,,,,,,,,,,,,,,,,,,,,,,,
CH-B1-2.HB,(                ),,0.00,0.00,0.00,0.00,0.00,0.00,0.00,0.00,0.00,0.00,0.00,0.00,0.00,0.00,0.00,0.00,0.00,0.00,0.00,0.00,0.00,0.00,0.00,0.00,0.00,0.00,0.00,0.00,0.00,0.00,0.00,0.00,0.00,0.00,0.00,0.00,0.00,0.00,0.00,0.00,0.00,0.00,0.00,0.00,0.00,0.00,0.00,0.00,0.00,0.00,0.00,0.00,0.00,0.00,0.00,0.00,0.00,0.00,0.00,0.00,0.00,0.00,0.00, -24.94, -21.63, -99.06, -20.40, -88.55, -98.60, -25.32, -98.90, -21.82, -99.72, -72.60, -24.18, -95.40, -20.29, -26.95, -89.91, -23.48, -99.59,45.43, -23.55, -74.06, -20.88, -26.12, -98.83, -22.49, -25.19, -93.63, -20.20, -25.89, -93.56, -15.75,,,,,,,,,,,,,,,,,,,,,,,,,,,,,,,,,,,,,,,,,,,,,,,,,,
CH-B1.HB,(                ),,0.00,0.00,0.00,0.00,0.00,0.00,0.00,0.00,0.00,0.00,0.00,0.00,0.00,0.00,0.00,0.00,0.00,0.00,0.00,0.00,0.00,0.00,0.00,0.00,0.00,0.00,0.00,0.00,0.00,0.00,0.00,0.00,0.00,0.00,0.00,0.00,0.00,0.00,0.00,0.00,0.00,0.00,0.00,0.00,0.00, -99.83, -22.40, -80.62, -99.75, -56.88, -61.82, -42.31, -55.92, -57.61, -48.64, -46.64, -46.51, -43.91, -39.88, -39.79, -44.13, -54.97, -49.39, -5.95,12.22, -2.84, -4.73, -12.84, -13.55,5.27,14.32, -2.33, -6.82, -13.81,8.64, -28.80, -1.65, -0.54, -22.52,3.46, -0.73, -6.06,5.61,9.18, -5.71,6.88, -22.92, -1.02,3.11, -21.02,6.82,1.01, -15.34, -3.85,,,,,,,,,,,,,,,,,,,,,,,,,,,,,,,,,,,,,,,,,,,,,,,,,,
CWP1B1:KW,(                ),kW,39.2,39.2,39.2,39.2,39.2,39.2,39.2,39.2,39.2,39.2,39.2,39.2,39.2,39.2,39.2,39.2,39.2,39.2,39.2,39.2,39.2,39.2,39.2,39.2,39.2,39.2,39.2,39.2,39.2,39.2,39.2,39.2,39.2,39.2,39.2,39.2,39.2,39.2,39.2,39.2,39.2,39.2,39.2,39.2,39.2,39.2,39.2,39.2,39.2,39.2,39.2,39.2,39.2,39.2,39.2,39.2,39.2,39.2,39.2,39.2,39.2,39.2,39.2,39.2,39.2,39.2,39.2,39.2,39.2,39.2,39.2,39.2,39.2,39.2,39.2,39.2,39.2,39.2,39.2,39.2,39.2,39.2,39.2,39.2,39.2,39.2,39.2,39.2,39.2,39.2,39.2,39.2,39.2,39.2,,,,,,,,,,,,,,,,,,,,,,,,,,,,,,,,,,,,,,,,,,,,,,,,,,
CWP2B1:KW,(                ),kW,0.0,0.0,0.0,0.0,0.0,0.0,0.0,0.0,0.0,0.0,0.0,0.0,0.0,0.0,0.0,0.0,0.0,0.0,0.0,0.0,0.0,0.0,0.0,0.0,0.0,0.0,0.0,0.0,0.0,0.0,0.0,0.0,0.0,0.0,0.0,0.0,0.0,0.0,0.0,0.0,0.0,0.0,0.0,0.0,0.0,0.0,0.0,0.0,0.0,0.0,0.0,0.0,0.0,0.0,0.0,0.0,0.0,0.0,0.0,0.0,0.0,0.0,0.0,0.0,0.0,0.0,0.0,0.0,0.0,0.0,0.0,0.0,0.0,0.0,0.0,0.0,0.0,0.0,0.0,0.0,0.0,0.0,0.0,0.0,0.0,0.0,0.0,0.0,0.0,0.0,0.0,0.0,0.0,0.0,,,,,,,,,,,,,,,,,,,,,,,,,,,,,,,,,,,,,,,,,,,,,,,,,,
CWP3B1:KW,(                ),kW,0.0,0.0,0.0,0.0,0.0,0.0,0.0,0.0,0.0,0.0,0.0,0.0,0.0,0.0,0.0,0.0,0.0,0.0,0.0,0.0,0.0,0.0,0.0,0.0,0.0,0.0,0.0,0.0,0.0,0.0,0.0,0.0,0.0,0.0,0.0,0.0,0.0,0.0,0.0,0.0,0.0,0.0,0.0,0.0,0.0,0.0,0.0,0.0,0.0,0.0,0.0,0.0,0.0,0.0,0.0,0.0,0.0,0.0,0.0,0.0,0.0,0.0,0.0,0.0,0.0,0.0,0.0,0.0,0.0,0.0,0.0,0.0,0.0,0.0,0.0,0.0,0.0,0.0,0.0,0.0,0.0,0.0,0.0,0.0,0.0,0.0,0.0,0.0,0.0,0.0,0.0,0.0,0.0,0.0,,,,,,,,,,,,,,,,,,,,,,,,,,,,,,,,,,,,,,,,,,,,,,,,,,
CWPB1-ALL.KW,(冷卻水泵系統功率),,39.2,39.2,39.2,39.2,39.2,39.2,39.2,39.2,39.2,39.2,39.2,39.2,39.2,39.2,39.2,39.2,39.2,39.2,39.2,39.2,39.2,39.2,39.2,39.2,39.2,39.2,39.2,39.2,39.2,39.2,39.2,39.2,39.2,39.2,39.2,39.2,39.2,39.2,39.2,39.2,39.2,39.2,39.2,39.2,39.2,39.2,39.2,39.2,39.2,39.2,39.2,39.2,39.2,39.2,39.2,39.2,39.2,39.2,39.2,39.2,39.2,39.2,39.2,39.2,39.2,39.2,39.2,39.2,39.2,39.2,39.2,39.2,39.2,39.2,39.2,39.2,39.2,39.2,39.2,39.2,39.2,39.2,39.2,39.2,39.2,39.2,39.2,39.2,39.2,39.2,39.2,39.2,39.2,39.2,,,,,,,,,,,,,,,,,,,,,,,,,,,,,,,,,,,,,,,,,,,,,,,,,,
CHP1B1:KW,(                ),kW,14.6,14.6,14.6,14.6,14.6,14.6,14.6,14.6,14.6,14.6,14.6,14.6,14.6,14.6,14.6,14.6,14.6,14.6,14.6,14.6,14.6,14.6,14.6,14.6,14.6,14.6,14.6,14.6,14.6,14.6,14.6,14.6,14.6,14.6,14.6,14.6,14.6,14.6,14.6,14.6,14.6,14.6,14.6,14.6,14.6,14.6,14.6,14.6,14.6,14.6,14.6,14.6,14.6,14.6,14.6,14.6,14.6,14.6,14.6,14.6,14.6,14.6,14.6,14.6,14.6,14.6,14.6,14.6,14.6,14.6,14.6,14.6,14.6,14.6,14.6,14.6,14.6,14.6,14.6,14.6,14.6,14.6,14.6,14.6,14.6,14.6,14.6,14.6,14.6,14.6,14.6,14.6,14.6,14.6,,,,,,,,,,,,,,,,,,,,,,,,,,,,,,,,,,,,,,,,,,,,,,,,,,
CHP2B1:KW,(                ),kW,0.0,0.0,0.0,0.0,0.0,0.0,0.0,0.0,0.0,0.0,0.0,0.0,0.0,0.0,0.0,0.0,0.0,0.0,0.0,0.0,0.0,0.0,0.0,0.0,0.0,0.0,0.0,0.0,0.0,0.0,0.0,0.0,0.0,0.0,0.0,0.0,0.0,0.0,0.0,0.0,0.0,0.0,0.0,0.0,0.0,0.0,0.0,0.0,0.0,0.0,0.0,0.0,0.0,0.0,0.0,0.0,0.0,0.0,0.0,0.0,0.0,0.0,0.0,0.0,0.0,0.0,0.0,0.0,0.0,0.0,0.0,0.0,0.0,0.0,0.0,0.0,0.0,0.0,0.0,0.0,0.0,0.0,0.0,0.0,0.0,0.0,0.0,0.0,0.0,0.0,0.0,0.0,0.0,0.0,,,,,,,,,,,,,,,,,,,,,,,,,,,,,,,,,,,,,,,,,,,,,,,,,,
CHP3B1:KW,(                ),kW,0.0,0.0,0.0,0.0,0.0,0.0,0.0,0.0,0.0,0.0,0.0,0.0,0.0,0.0,0.0,0.0,0.0,0.0,0.0,0.0,0.0,0.0,0.0,0.0,0.0,0.0,0.0,0.0,0.0,0.0,0.0,0.0,0.0,0.0,0.0,0.0,0.0,0.0,0.0,0.0,0.0,0.0,0.0,0.0,0.0,0.0,0.0,0.0,0.0,0.0,0.0,0.0,0.0,0.0,0.0,0.0,0.0,0.0,0.0,0.0,0.0,0.0,0.0,0.0,0.0,0.0,0.0,0.0,0.0,0.0,0.0,0.0,0.0,0.0,0.0,0.0,0.0,0.0,0.0,0.0,0.0,0.0,0.0,0.0,0.0,0.0,0.0,0.0,0.0,0.0,0.0,0.0,0.0,0.0,,,,,,,,,,,,,,,,,,,,,,,,,,,,,,,,,,,,,,,,,,,,,,,,,,
CHPB1-ALL.KW,(冰水泵系統功率  ),,14.6,14.6,14.6,14.6,14.6,14.6,14.6,14.6,14.6,14.6,14.6,14.6,14.6,14.6,14.6,14.6,14.6,14.6,14.6,14.6,14.6,14.6,14.6,14.6,14.6,14.6,14.6,14.6,14.6,14.6,14.6,14.6,14.6,14.6,14.6,14.6,14.6,14.6,14.6,14.6,14.6,14.6,14.6,14.6,14.6,14.6,14.6,14.6,14.6,14.6,14.6,14.6,14.6,14.6,14.6,14.6,14.6,14.6,14.6,14.6,14.6,14.6,14.6,14.6,14.6,14.6,14.6,14.6,14.6,14.6,14.6,14.6,14.6,14.6,14.6,14.6,14.6,14.6,14.6,14.6,14.6,14.6,14.6,14.6,14.6,14.6,14.6,14.6,14.6,14.6,14.6,14.6,14.6,14.6,,,,,,,,,,,,,,,,,,,,,,,,,,,,,,,,,,,,,,,,,,,,,,,,,,
MGCBAB2.KWH,(度數            ),kW h,262481792,262481904,262482016,262482112,262482192,262482304,262482400,262482480,262482576,262482656,262482768,262482880,262482976,262483024,262483072,262483104,262483136,262483200,262483216,262483264,262483328,262483376,262483440,262483488,262483520,262483568,262483616,262483648,262483696,262483744,262483792,262483840,262483904,262483968,262484016,262484144,262484256,262484368,262484496,262484608,262484736,262484880,262484976,262485136,262485232,262485344,262485440,262485520,262485632,262485744,262485856,262486000,262486128,262486272,262486448,262486592,262486784,262487008,262487280,262487680,262488016,262488368,262488720,262488976,262489392,262489696,262490048,262490400,262490704,262491056,262491248,262491808,262492176,262492544,262492880,262493296,262493680,262494048,262494416,262494800,262495136,262495472,262495856,262496224,262496576,262496896,262497248,262497632,262498000,262498336,262498656,262499056,262499408,262499600,,,,,,,,,,,,,,,,,,,,,,,,,,,,,,,,,,,,,,,,,,,,,,,,,,
MGCBAB2:HZ,(                ),Hz,59,59,60,59,59,59,59,59,59,59,59,60,59,60,60,60,59,60,59,60,59,59,60,60,60,60,60,59,59,59,60,60,60,59,60,60,59,60,60,60,60,59,59,59,59,59,60,60,59,59,59,60,60,59,60,60,60,59,60,59,60,59,60,59,60,60,60,59,60,59,59,59,59,60,60,60,59,59,59,59,59,60,59,59,60,60,59,60,60,60,60,59,60,60,,,,,,,,,,,,,,,,,,,,,,,,,,,,,,,,,,,,,,,,,,,,,,,,,,
MGCBAB2:IR,(                ),A,20,16,15,16,14,13,14,14,13,15,16,16,8,7,6,6,6,6,6,6,9,8,8,6,7,7,7,7,7,7,9,7,9,8,14,18,18,18,18,18,20,20,18,17,16,15,14,14,16,16,21,21,20,25,24,27,30,40,54,58,57,51,54,53,53,53,53,53,53,54,58,58,60,59,59,60,59,57,57,56,55,55,55,57,55,55,56,57,57,55,57,55,56,55,,,,,,,,,,,,,,,,,,,,,,,,,,,,,,,,,,,,,,,,,,,,,,,,,,
MGCBAB2:IS,(                ),A,19,16,15,15,13,13,14,14,12,14,16,16,8,6,6,6,6,6,6,6,9,8,8,6,7,7,7,6,6,6,9,7,9,8,14,18,17,18,18,18,20,20,17,17,16,15,14,13,16,15,20,20,20,24,24,26,30,40,54,58,57,51,54,53,52,52,52,52,52,53,57,58,60,58,58,59,59,56,56,55,54,54,55,57,55,55,56,57,57,55,57,54,56,55,,,,,,,,,,,,,,,,,,,,,,,,,,,,,,,,,,,,,,,,,,,,,,,,,,
MGCBAB2:IT,(                ),A,21,17,16,17,15,14,15,15,14,16,17,17,9,7,7,7,7,7,7,7,10,9,8,6,7,8,7,7,7,7,10,8,9,9,14,19,19,19,19,19,21,21,19,18,17,16,15,15,17,17,21,21,21,26,25,27,31,40,54,58,57,52,54,53,53,53,53,53,53,53,58,58,60,59,59,60,60,57,57,56,55,55,55,57,55,56,56,57,57,55,58,55,56,55,,,,,,,,,,,,,,,,,,,,,,,,,,,,,,,,,,,,,,,,,,,,,,,,,,
MGCBAB2:KW,(                ),kW,797.0,652.0,593.0,624.0,551.0,528.0,568.0,556.0,513.0,582.0,652.0,632.0,337.0,261.0,254.0,231.0,237.0,233.0,233.0,232.0,363.0,333.0,310.0,229.0,270.0,279.0,271.0,261.0,265.0,258.0,368.0,275.0,348.0,327.0,541.0,712.0,699.0,714.0,710.0,707.0,819.0,791.0,705.0,695.0,660.0,622.0,574.0,556.0,641.0,622.0,800.0,803.0,780.0,962.0,944.0,1040.0,1172.0,1526.0,2053.0,2200.0,2150.0,1958.0,2058.0,2035.0,1990.0,2005.0,1987.0,2004.0,2158.0,2032.0,2217.0,2216.0,2301.0,2249.0,2234.0,2293.0,2292.0,2199.0,2157.0,2142.0,2089.0,2097.0,2107.0,2179.0,2097.0,2096.0,2144.0,2192.0,2180.0,2102.0,2200.0,2082.0,2138.0,2119.0,,,,,,,,,,,,,,,,,,,,,,,,,,,,,,,,,,,,,,,,,,,,,,,,,,
MGCBAB2:PF,(                ),, -0.97, -33.74, -0.96, -0.96, -0.95, -33.72, -0.94, -0.95, -33.73, -0.95, -0.96, -0.95, -33.77, -33.74, -33.74, -33.74, -33.74, -33.74, -33.74, -33.74, -33.75, -33.74, -33.75, -33.74, -33.75, -33.75, -33.75, -33.75, -33.75, -33.75, -33.75, -33.75, -0.99, -0.99, -0.93, -0.94, -0.94, -0.95, -0.94, -0.94, -0.97, -0.95, -0.97, -33.74, -33.75, -33.74, -33.74, -0.96, -0.96, -0.96, -0.96, -0.96, -0.94, -0.96, -0.96, -0.96, -0.95, -0.95, -0.94, -0.95, -0.95, -0.94, -0.94, -0.94, -0.94, -0.94, -0.93, -0.93, -0.94, -0.94, -0.95, -0.94, -0.95, -0.94, -0.94, -0.95, -0.94, -0.95, -0.95, -0.95, -0.94, -0.94, -0.94, -0.94, -0.94, -0.94, -0.94, -0.94, -0.94, -0.94, -0.95, -0.94, -0.95, -0.95,,,,,,,,,,,,,,,,,,,,,,,,,,,,,,,,,,,,,,,,,,,,,,,,,,
MGCBAB2:VRS,(                ),kV,23.6,23.6,23.4,23.4,23.4,23.5,23.5,23.5,23.5,23.5,23.5,23.3,23.3,23.4,23.4,23.4,23.4,23.4,23.4,23.4,23.4,23.4,23.5,23.5,23.5,23.5,23.5,23.5,23.5,23.5,23.5,23.5,23.5,23.5,23.5,23.5,23.5,23.5,23.5,23.5,23.5,23.4,23.4,23.4,23.5,23.4,23.3,23.4,23.2,23.3,23.3,23.2,23.2,23.2,23.1,23.1,23.2,23.1,23.0,23.0,23.0,23.2,23.3,23.3,23.2,23.2,23.1,23.1,23.3,23.2,23.2,23.2,23.3,23.3,23.2,23.2,23.2,23.3,23.2,23.2,23.3,23.3,23.2,23.3,23.2,23.2,23.3,23.3,23.2,23.3,23.2,23.3,23.3,23.3,,,,,,,,,,,,,,,,,,,,,,,,,,,,,,,,,,,,,,,,,,,,,,,,,,
MGCBAB2:VST,(                ),kV,23.7,23.7,23.5,23.5,23.7,23.6,23.6,23.6,23.7,23.6,23.7,23.4,23.4,23.5,23.5,23.5,23.5,23.6,23.5,23.6,23.5,23.6,23.6,23.6,23.6,23.6,23.6,23.6,23.6,23.6,23.6,23.6,23.6,23.6,23.6,23.6,23.6,23.6,23.5,23.5,23.6,23.6,23.6,23.5,23.5,23.5,23.5,23.5,23.3,23.4,23.4,23.3,23.3,23.3,23.2,23.2,23.3,23.2,23.1,23.1,23.0,23.3,23.3,23.4,23.3,23.3,23.2,23.2,23.4,23.3,23.3,23.3,23.4,23.4,23.3,23.3,23.4,23.4,23.3,23.3,23.4,23.4,23.3,23.3,23.3,23.3,23.4,23.4,23.3,23.4,23.3,23.3,23.4,23.4,,,,,,,,,,,,,,,,,,,,,,,,,,,,,,,,,,,,,,,,,,,,,,,,,,
MGCBAB2:VTR,(                ),kV,23.8,23.7,23.6,23.5,23.4,23.7,23.6,23.6,23.7,23.7,23.7,23.4,23.4,23.5,23.4,23.5,23.5,23.5,23.5,23.5,23.6,23.5,23.6,23.6,23.6,23.5,23.6,23.6,23.6,23.6,23.6,23.6,23.6,23.6,23.6,23.6,23.6,23.6,23.6,23.5,23.6,23.6,23.5,23.5,23.6,23.4,23.4,23.5,23.4,23.4,23.4,23.3,23.3,23.3,23.2,23.2,23.3,23.2,23.1,23.1,23.1,23.4,23.4,23.3,23.3,23.4,23.3,23.3,23.4,23.3,23.4,23.4,23.4,23.4,23.4,23.4,23.4,23.4,23.4,23.4,23.4,23.4,23.3,23.4,23.4,23.3,23.4,23.4,23.4,23.4,23.4,23.4,23.4,23.4,,,,,,,,,,,,,,,,,,,,,,,,,,,,,,,,,,,,,,,,,,,,,,,,,,
MLAB2-1.KWH,(度數            ),kW h,23499838,23499842,23499848,23499854,23499858,23499864,23499870,23499876,23499880,23499886,23499890,23499896,23499902,23499908,23499912,23499918,23499924,23499928,23499934,23499940,23499944,23499950,23499956,23499960,23499966,23499972,23499976,23499982,23499988,23499994,23499998,23500002,23500008,23500014,23500018,23500024,23500030,23500034,23500040,23500046,23500050,23500056,23500060,23500068,23500072,23500080,23500084,23500090,23500102,23500122,23500140,23500158,23500176,23500194,23500214,23500232,23500250,23500270,23500286,23500308,23500324,23500344,23500366,23500380,23500406,23500424,23500446,23500466,23500486,23500506,23500518,23500548,23500568,23500588,23500606,23500630,23500650,23500670,23500690,23500712,23500732,23500750,23500770,23500792,23500812,23500830,23500850,23500872,23500892,23500912,23500930,23500952,23500972,23500978,,,,,,,,,,,,,,,,,,,,,,,,,,,,,,,,,,,,,,,,,,,,,,,,,,
MLAB2-1:HZ,(                ),Hz,59,59,59,59,59,59,59,59,60,59,59,59,59,60,59,60,59,60,59,60,59,59,60,60,60,60,60,60,59,59,60,60,60,59,60,60,59,60,60,60,59,59,59,59,59,59,60,60,59,59,59,60,59,59,60,60,60,59,60,59,59,59,60,59,60,60,60,59,59,59,59,59,59,60,60,60,59,59,59,59,59,60,59,59,60,60,60,59,60,60,60,59,60,60,,,,,,,,,,,,,,,,,,,,,,,,,,,,,,,,,,,,,,,,,,,,,,,,,,
MLAB2-1:IR,(                ),A,63,64,65,65,65,63,64,64,65,65,67,70,70,70,68,71,70,70,67,67,67,68,67,67,69,68,68,70,68,68,69,65,63,66,65,65,68,67,68,69,67,66,71,73,76,77,76,77,200,198,200,201,201,199,201,202,202,200,203,203,218,217,219,233,236,234,235,235,235,233,232,233,233,234,235,232,231,233,233,233,233,231,234,232,230,230,231,228,231,231,230,232,232,231,,,,,,,,,,,,,,,,,,,,,,,,,,,,,,,,,,,,,,,,,,,,,,,,,,
MLAB2-1:IS,(                ),A,53,48,49,52,49,53,49,50,48,48,55,58,54,55,55,57,55,55,53,54,56,54,55,56,57,59,56,58,57,56,59,54,54,54,53,55,59,57,58,57,57,53,56,59,59,61,60,60,182,179,180,185,183,181,181,181,184,180,182,182,189,186,188,194,195,195,194,198,198,194,194,193,197,195,195,196,194,196,193,193,193,193,195,194,193,192,192,193,191,193,193,196,195,193,,,,,,,,,,,,,,,,,,,,,,,,,,,,,,,,,,,,,,,,,,,,,,,,,,
MLAB2-1:IT,(                ),A,36,32,32,40,32,36,38,36,33,33,47,49,48,47,47,50,47,46,49,46,48,48,46,47,49,49,47,49,47,47,51,44,44,46,43,47,49,43,44,47,49,42,47,47,50,52,46,47,163,159,160,166,161,158,161,158,162,158,158,159,169,161,166,166,167,163,163,167,165,162,163,163,166,163,167,165,163,166,162,161,161,162,161,161,161,163,162,161,160,162,162,169,161,162,,,,,,,,,,,,,,,,,,,,,,,,,,,,,,,,,,,,,,,,,,,,,,,,,,
MLAB2-1:KW,(                ),kW,33.0,32.0,32.0,34.0,32.0,33.0,33.0,33.0,32.0,32.0,32.0,33.0,32.0,32.0,32.0,33.0,32.0,32.0,32.0,31.0,33.0,32.0,32.0,32.0,33.0,34.0,32.0,34.0,32.0,32.0,34.0,31.0,30.0,31.0,30.0,32.0,34.0,32.0,32.0,33.0,33.0,31.0,34.0,35.0,36.0,37.0,35.0,36.0,113.0,110.0,112.0,114.0,112.0,111.0,112.0,111.0,114.0,111.0,111.0,111.0,118.0,116.0,118.0,122.0,123.0,122.0,122.0,123.0,123.0,121.0,121.0,121.0,123.0,122.0,123.0,123.0,121.0,122.0,121.0,121.0,121.0,121.0,121.0,121.0,120.0,120.0,121.0,120.0,120.0,121.0,121.0,124.0,121.0,121.0,,,,,,,,,,,,,,,,,,,,,,,,,,,,,,,,,,,,,,,,,,,,,,,,,,
MLAB2-1:PF,(                ),, -33.77, -33.76, -33.76, -33.76, -33.76, -33.76, -33.76, -33.76, -33.76, -33.76, -0.85, -0.87, -0.87, -0.86, -0.86, -0.87, -0.86, -0.86, -0.87, -0.86, -0.87, -0.86, -0.86, -0.86, -0.87, -0.87, -0.86, -0.87, -0.86, -0.86, -0.87, -0.86, -0.86, -0.86, -0.86, -0.87, -0.89, -0.88, -0.88, -0.88, -0.89, -0.88, -0.90, -0.89, -0.89, -0.90, -0.89, -0.89, -0.95, -0.94, -0.95, -0.95, -0.95, -0.95, -0.95, -0.95, -0.95, -0.95, -0.95, -0.95, -0.95, -0.94, -0.95, -0.95, -0.95, -0.95, -0.95, -0.95, -0.95, -0.95, -0.95, -0.95, -0.95, -0.95, -0.95, -0.95, -0.95, -0.95, -0.95, -0.95, -0.95, -0.95, -0.95, -0.94, -0.95, -0.95, -0.95, -0.94, -0.95, -0.95, -0.95, -0.95, -0.95, -0.95,,,,,,,,,,,,,,,,,,,,,,,,,,,,,,,,,,,,,,,,,,,,,,,,,,
MLAB2-1:VRS,(                ),V,384.0,384.0,381.0,381.0,381.0,381.0,381.0,382.0,382.0,382.0,382.0,378.0,379.0,379.0,379.0,380.0,380.0,380.0,380.0,380.0,380.0,380.0,381.0,381.0,381.0,381.0,382.0,382.0,381.0,382.0,382.0,382.0,382.0,381.0,382.0,381.0,381.0,381.0,381.0,381.0,381.0,381.0,380.0,380.0,381.0,380.0,379.0,380.0,377.0,378.0,377.0,376.0,376.0,376.0,374.0,374.0,375.0,374.0,372.0,372.0,372.0,376.0,377.0,377.0,376.0,376.0,375.0,375.0,377.0,376.0,377.0,377.0,377.0,377.0,377.0,377.0,377.0,377.0,376.0,376.0,377.0,377.0,376.0,377.0,376.0,377.0,378.0,377.0,377.0,377.0,377.0,377.0,377.0,377.0,,,,,,,,,,,,,,,,,,,,,,,,,,,,,,,,,,,,,,,,,,,,,,,,,,
MLAB2-1:VST,(                ),V,384.0,384.0,380.0,381.0,380.0,381.0,381.0,381.0,382.0,382.0,382.0,378.0,378.0,379.0,379.0,379.0,380.0,380.0,380.0,380.0,380.0,380.0,381.0,380.0,381.0,381.0,381.0,381.0,381.0,381.0,381.0,382.0,381.0,382.0,381.0,381.0,381.0,381.0,381.0,381.0,381.0,381.0,380.0,380.0,380.0,379.0,379.0,379.0,376.0,377.0,377.0,376.0,375.0,375.0,374.0,374.0,375.0,374.0,372.0,372.0,372.0,376.0,377.0,376.0,375.0,376.0,374.0,375.0,376.0,375.0,376.0,376.0,376.0,376.0,376.0,376.0,376.0,377.0,375.0,375.0,377.0,376.0,375.0,377.0,376.0,376.0,377.0,376.0,376.0,377.0,376.0,376.0,376.0,377.0,,,,,,,,,,,,,,,,,,,,,,,,,,,,,,,,,,,,,,,,,,,,,,,,,,
MLAB2-1:VTR,(                ),V,385.0,385.0,382.0,382.0,382.0,383.0,382.0,383.0,384.0,384.0,383.0,379.0,380.0,381.0,381.0,381.0,381.0,381.0,381.0,381.0,382.0,381.0,382.0,382.0,382.0,382.0,383.0,383.0,382.0,383.0,383.0,383.0,383.0,382.0,383.0,382.0,383.0,382.0,382.0,382.0,382.0,382.0,381.0,381.0,382.0,381.0,380.0,381.0,377.0,379.0,378.0,377.0,377.0,377.0,375.0,375.0,376.0,376.0,373.0,373.0,373.0,378.0,378.0,378.0,377.0,377.0,376.0,376.0,378.0,377.0,377.0,377.0,378.0,378.0,378.0,378.0,378.0,378.0,377.0,377.0,378.0,378.0,377.0,378.0,377.0,378.0,379.0,378.0,378.0,379.0,378.0,378.0,378.0,378.0,,,,,,,,,,,,,,,,,,,,,,,,,,,,,,,,,,,,,,,,,,,,,,,,,,
MLAB2-2.KWH,(度數            ),kW h,0,0,0,0,0,0,0,0,0,0,0,0,0,0,0,0,0,0,0,0,0,0,0,0,0,0,0,0,0,0,0,0,0,0,0,0,0,0,0,0,0,0,0,0,0,0,0,0,0,0,0,0,0,0,0,0,0,0,0,0,0,0,0,0,0,0,0,0,0,0,0,0,0,0,0,0,0,0,0,0,0,0,0,0,0,0,0,0,0,0,0,0,0,0,,,,,,,,,,,,,,,,,,,,,,,,,,,,,,,,,,,,,,,,,,,,,,,,,,
MLAB2-2:HZ,(                ),Hz,0,0,0,0,0,0,0,0,0,0,0,0,0,0,0,0,0,0,0,0,0,0,0,0,0,0,0,0,0,0,0,0,0,0,0,0,0,0,0,0,0,0,0,0,0,0,0,0,0,0,0,0,0,0,0,0,0,0,0,0,0,0,0,0,0,0,0,0,0,0,0,0,0,0,0,0,0,0,0,0,0,0,0,0,0,0,0,0,0,0,0,0,0,0,,,,,,,,,,,,,,,,,,,,,,,,,,,,,,,,,,,,,,,,,,,,,,,,,,
MLAB2-2:IR,(                ),A,0,0,0,0,0,0,0,0,0,0,0,0,0,0,0,0,0,0,0,0,0,0,0,0,0,0,0,0,0,0,0,0,0,0,0,0,0,0,0,0,0,0,0,0,0,0,0,0,0,0,0,0,0,0,0,0,0,0,0,0,0,0,0,0,0,0,0,0,0,0,0,0,0,0,0,0,0,0,0,0,0,0,0,0,0,0,0,0,0,0,0,0,0,0,,,,,,,,,,,,,,,,,,,,,,,,,,,,,,,,,,,,,,,,,,,,,,,,,,
MLAB2-2:IS,(                ),A,0,0,0,0,0,0,0,0,0,0,0,0,0,0,0,0,0,0,0,0,0,0,0,0,0,0,0,0,0,0,0,0,0,0,0,0,0,0,0,0,0,0,0,0,0,0,0,0,0,0,0,0,0,0,0,0,0,0,0,0,0,0,0,0,0,0,0,0,0,0,0,0,0,0,0,0,0,0,0,0,0,0,0,0,0,0,0,0,0,0,0,0,0,0,,,,,,,,,,,,,,,,,,,,,,,,,,,,,,,,,,,,,,,,,,,,,,,,,,
MLAB2-2:IT,(                ),A,0,0,0,0,0,0,0,0,0,0,0,0,0,0,0,0,0,0,0,0,0,0,0,0,0,0,0,0,0,0,0,0,0,0,0,0,0,0,0,0,0,0,0,0,0,0,0,0,0,0,0,0,0,0,0,0,0,0,0,0,0,0,0,0,0,0,0,0,0,0,0,0,0,0,0,0,0,0,0,0,0,0,0,0,0,0,0,0,0,0,0,0,0,0,,,,,,,,,,,,,,,,,,,,,,,,,,,,,,,,,,,,,,,,,,,,,,,,,,
MLAB2-2:KW,(                ),kW,0.0,0.0,0.0,0.0,0.0,0.0,0.0,0.0,0.0,0.0,0.0,0.0,0.0,0.0,0.0,0.0,0.0,0.0,0.0,0.0,0.0,0.0,0.0,0.0,0.0,0.0,0.0,0.0,0.0,0.0,0.0,0.0,0.0,0.0,0.0,0.0,0.0,0.0,0.0,0.0,0.0,0.0,0.0,0.0,0.0,0.0,0.0,0.0,0.0,0.0,0.0,0.0,0.0,0.0,0.0,0.0,0.0,0.0,0.0,0.0,0.0,0.0,0.0,0.0,0.0,0.0,0.0,0.0,0.0,0.0,0.0,0.0,0.0,0.0,0.0,0.0,0.0,0.0,0.0,0.0,0.0,0.0,0.0,0.0,0.0,0.0,0.0,0.0,0.0,0.0,0.0,0.0,0.0,0.0,,,,,,,,,,,,,,,,,,,,,,,,,,,,,,,,,,,,,,,,,,,,,,,,,,
MLAB2-2:PF,(                ),, -32.77, -32.77, -32.77, -32.77, -32.77, -32.77, -32.77, -32.77, -32.77, -32.77, -32.77, -32.77, -32.77, -32.77, -32.77, -32.77, -32.77, -32.77, -32.77, -32.77, -32.77, -32.77, -32.77, -32.77, -32.77, -32.77, -32.77, -32.77, -32.77, -32.77, -32.77, -32.77, -32.77, -32.77, -32.77, -32.77, -32.77, -32.77, -32.77, -32.77, -32.77, -32.77, -32.77, -32.77, -32.77, -32.77, -32.77, -32.77, -32.77, -32.77, -32.77, -32.77, -32.77, -32.77, -32.77, -32.77, -32.77, -32.77, -32.77, -32.77, -32.77, -32.77, -32.77, -32.77, -32.77, -32.77, -32.77, -32.77, -32.77, -32.77, -32.77, -32.77, -32.77, -32.77, -32.77, -32.77, -32.77, -32.77, -32.77, -32.77, -32.77, -32.77, -32.77, -32.77, -32.77, -32.77, -32.77, -32.77, -32.77, -32.77, -32.77, -32.77, -32.77, -32.77,,,,,,,,,,,,,,,,,,,,,,,,,,,,,,,,,,,,,,,,,,,,,,,,,,
MLAB2-2:VRS,(                ),V,0.0,0.0,0.0,0.0,0.0,0.0,0.0,0.0,0.0,0.0,0.0,0.0,0.0,0.0,0.0,0.0,0.0,0.0,0.0,0.0,0.0,0.0,0.0,0.0,0.0,0.0,0.0,0.0,0.0,0.0,0.0,0.0,0.0,0.0,0.0,0.0,0.0,0.0,0.0,0.0,0.0,0.0,0.0,0.0,0.0,0.0,0.0,0.0,0.0,0.0,0.0,0.0,0.0,0.0,0.0,0.0,0.0,0.0,0.0,0.0,0.0,0.0,0.0,0.0,0.0,0.0,0.0,0.0,0.0,0.0,0.0,0.0,0.0,0.0,0.0,0.0,0.0,0.0,0.0,0.0,0.0,0.0,0.0,0.0,0.0,0.0,0.0,0.0,0.0,0.0,0.0,0.0,0.0,0.0,,,,,,,,,,,,,,,,,,,,,,,,,,,,,,,,,,,,,,,,,,,,,,,,,,
MLAB2-2:VST,(                ),V,0.0,0.0,0.0,0.0,0.0,0.0,0.0,0.0,0.0,0.0,0.0,0.0,0.0,0.0,0.0,0.0,0.0,0.0,0.0,0.0,0.0,0.0,0.0,0.0,0.0,0.0,0.0,0.0,0.0,0.0,0.0,0.0,0.0,0.0,0.0,0.0,0.0,0.0,0.0,0.0,0.0,0.0,0.0,0.0,0.0,0.0,0.0,0.0,0.0,0.0,0.0,0.0,0.0,0.0,0.0,0.0,0.0,0.0,0.0,0.0,0.0,0.0,0.0,0.0,0.0,0.0,0.0,0.0,0.0,0.0,0.0,0.0,0.0,0.0,0.0,0.0,0.0,0.0,0.0,0.0,0.0,0.0,0.0,0.0,0.0,0.0,0.0,0.0,0.0,0.0,0.0,0.0,0.0,0.0,,,,,,,,,,,,,,,,,,,,,,,,,,,,,,,,,,,,,,,,,,,,,,,,,,
MLAB2-2:VTR,(                ),V,0.0,0.0,0.0,0.0,0.0,0.0,0.0,0.0,0.0,0.0,0.0,0.0,0.0,0.0,0.0,0.0,0.0,0.0,0.0,0.0,0.0,0.0,0.0,0.0,0.0,0.0,0.0,0.0,0.0,0.0,0.0,0.0,0.0,0.0,0.0,0.0,0.0,0.0,0.0,0.0,0.0,0.0,0.0,0.0,0.0,0.0,0.0,0.0,0.0,0.0,0.0,0.0,0.0,0.0,0.0,0.0,0.0,0.0,0.0,0.0,0.0,0.0,0.0,0.0,0.0,0.0,0.0,0.0,0.0,0.0,0.0,0.0,0.0,0.0,0.0,0.0,0.0,0.0,0.0,0.0,0.0,0.0,0.0,0.0,0.0,0.0,0.0,0.0,0.0,0.0,0.0,0.0,0.0,0.0,,,,,,,,,,,,,,,,,,,,,,,,,,,,,,,,,,,,,,,,,,,,,,,,,,
EMLAB2-1.KWH,(度數            ),kW h,23804452,23804462,23804472,23804478,23804484,23804492,23804498,23804504,23804510,23804520,23804534,23804548,23804562,23804572,23804576,23804580,23804586,23804590,23804594,23804600,23804604,23804610,23804614,23804622,23804628,23804634,23804640,23804646,23804650,23804656,23804660,23804664,23804670,23804674,23804678,23804684,23804690,23804694,23804698,23804704,23804708,23804712,23804716,23804722,23804726,23804732,23804736,23804740,23804746,23804750,23804756,23804760,23804766,23804770,23804776,23804780,23804786,23804800,23804816,23804836,23804852,23804862,23804868,23804872,23804880,23804884,23804890,23804896,23804902,23804906,23804912,23804936,23804952,23804970,23804984,23805000,23805016,23805030,23805036,23805042,23805048,23805054,23805060,23805068,23805084,23805102,23805122,23805142,23805160,23805180,23805186,23805196,23805204,23805206,,,,,,,,,,,,,,,,,,,,,,,,,,,,,,,,,,,,,,,,,,,,,,,,,,
EMLAB2-1:HZ,(                ),Hz,59,59,59,59,59,60,59,59,59,60,59,60,59,60,60,60,59,60,59,60,60,60,59,60,60,59,60,60,60,60,60,60,59,59,60,60,59,60,60,60,59,59,59,59,59,59,60,60,59,59,59,60,60,59,60,60,60,59,59,59,59,59,60,59,60,60,60,60,59,59,59,59,60,60,60,59,59,59,59,60,59,60,59,59,60,60,60,59,60,60,60,59,60,60,,,,,,,,,,,,,,,,,,,,,,,,,,,,,,,,,,,,,,,,,,,,,,,,,,
EMLAB2-1:IR,(                ),A,86,91,86,64,70,66,65,71,59,145,145,146,152,56,57,57,61,58,51,59,58,55,72,70,70,75,66,58,58,57,61,58,57,57,55,61,57,57,52,61,57,57,58,53,57,58,58,59,57,57,58,62,64,63,65,63,56,174,169,172,174,69,66,68,66,67,70,59,71,67,84,184,178,161,162,162,152,136,63,71,66,71,71,171,179,180,197,194,196,105,82,83,85,85,,,,,,,,,,,,,,,,,,,,,,,,,,,,,,,,,,,,,,,,,,,,,,,,,,
EMLAB2-1:IS,(                ),A,73,74,73,48,54,43,50,56,47,142,134,142,148,34,35,26,42,35,33,36,35,33,56,54,54,60,52,35,35,26,42,36,35,35,37,45,35,35,27,43,35,35,35,34,35,32,36,40,36,35,35,35,27,36,41,35,28,161,153,152,165,33,40,42,35,36,42,29,43,34,59,174,167,141,150,149,138,103,37,45,29,43,42,155,160,158,182,181,179,70,54,63,63,55,,,,,,,,,,,,,,,,,,,,,,,,,,,,,,,,,,,,,,,,,,,,,,,,,,
EMLAB2-1:IT,(                ),A,79,87,83,59,60,54,62,67,54,152,150,155,160,48,44,46,48,40,48,41,45,50,66,63,58,72,62,40,46,45,50,43,42,40,46,48,46,42,41,55,43,46,46,47,45,50,45,57,50,51,48,50,49,51,57,45,52,175,170,170,181,59,50,60,53,54,61,54,61,51,79,193,186,167,165,167,165,111,60,61,53,56,62,174,174,181,202,202,197,88,73,80,77,83,,,,,,,,,,,,,,,,,,,,,,,,,,,,,,,,,,,,,,,,,,,,,,,,,,
EMLAB2-1:KW,(                ),kW,51.0,54.0,52.0,36.0,39.0,35.0,38.0,41.0,34.0,85.0,82.0,85.0,88.0,28.0,28.0,27.0,32.0,27.0,27.0,28.0,29.0,29.0,41.0,40.0,39.0,44.0,38.0,27.0,29.0,26.0,32.0,28.0,28.0,27.0,28.0,33.0,29.0,28.0,24.0,34.0,28.0,29.0,29.0,27.0,28.0,29.0,29.0,33.0,29.0,30.0,29.0,30.0,29.0,31.0,34.0,29.0,27.0,105.0,101.0,102.0,107.0,34.0,33.0,36.0,32.0,32.0,36.0,29.0,37.0,32.0,47.0,107.0,104.0,91.0,93.0,93.0,88.0,34.0,33.0,35.0,31.0,36.0,37.0,103.0,106.0,107.0,120.0,119.0,118.0,49.0,44.0,48.0,48.0,48.0,,,,,,,,,,,,,,,,,,,,,,,,,,,,,,,,,,,,,,,,,,,,,,,,,,
EMLAB2-1:PF,(                ),, -0.99, -0.99, -0.99, -33.77, -1.00, -33.77, -33.77, -1.00, -33.77, -0.88, -0.87, -0.88, -0.89, -33.76, -33.74, -33.76, -33.76, -33.76, -33.76, -33.76, -33.76, -33.76, -33.77, -33.77, -33.77, -1.00, -33.77, -33.76, -33.76, -33.76, -33.76, -33.76, -33.76, -33.76, -33.74, -33.76, -33.76, -33.74, -33.75, -33.76, -33.76, -33.76, -33.74, -33.76, -33.74, -33.75, -33.74, -33.76, -33.75, -33.76, -33.74, -33.74, -33.72, -33.76, -33.76, -33.75, -33.74, -0.95, -0.96, -0.95, -0.95, -33.76, -33.76, -33.76, -33.75, -33.76, -33.76, -33.74, -33.76, -33.75, -33.77, -0.90, -0.90, -0.89, -0.90, -0.90, -0.89, -33.21, -33.76, -33.75, -33.73, -33.76, -33.76, -0.96, -0.95, -0.95, -0.95, -0.95, -0.95, -33.62, -33.77, -1.00, -1.00, -33.77,,,,,,,,,,,,,,,,,,,,,,,,,,,,,,,,,,,,,,,,,,,,,,,,,,
EMLAB2-1:VRS,(                ),V,383.0,384.0,380.0,381.0,380.0,381.0,381.0,381.0,382.0,381.0,381.0,377.0,378.0,379.0,380.0,380.0,380.0,381.0,380.0,381.0,380.0,381.0,381.0,381.0,381.0,381.0,382.0,382.0,382.0,382.0,382.0,382.0,382.0,382.0,382.0,381.0,381.0,381.0,381.0,381.0,382.0,381.0,381.0,380.0,381.0,380.0,380.0,380.0,378.0,379.0,378.0,377.0,376.0,376.0,375.0,375.0,376.0,374.0,373.0,373.0,373.0,378.0,378.0,378.0,377.0,377.0,376.0,376.0,378.0,377.0,377.0,376.0,376.0,377.0,377.0,377.0,377.0,379.0,377.0,377.0,378.0,378.0,377.0,377.0,377.0,377.0,377.0,377.0,377.0,379.0,377.0,378.0,378.0,378.0,,,,,,,,,,,,,,,,,,,,,,,,,,,,,,,,,,,,,,,,,,,,,,,,,,
EMLAB2-1:VST,(                ),V,383.0,384.0,380.0,380.0,380.0,381.0,381.0,381.0,382.0,381.0,381.0,377.0,377.0,378.0,379.0,380.0,379.0,381.0,380.0,380.0,380.0,380.0,381.0,381.0,381.0,381.0,381.0,382.0,381.0,382.0,382.0,382.0,382.0,382.0,382.0,381.0,381.0,381.0,381.0,381.0,381.0,381.0,380.0,380.0,380.0,380.0,379.0,379.0,377.0,378.0,377.0,376.0,376.0,376.0,375.0,374.0,376.0,374.0,372.0,372.0,372.0,377.0,377.0,377.0,376.0,376.0,375.0,375.0,378.0,376.0,377.0,375.0,375.0,377.0,376.0,376.0,376.0,378.0,376.0,376.0,378.0,377.0,376.0,377.0,377.0,376.0,377.0,376.0,376.0,378.0,377.0,377.0,377.0,377.0,,,,,,,,,,,,,,,,,,,,,,,,,,,,,,,,,,,,,,,,,,,,,,,,,,
EMLAB2-1:VTR,(                ),V,384.0,385.0,381.0,382.0,382.0,382.0,382.0,383.0,383.0,382.0,382.0,379.0,379.0,380.0,381.0,381.0,381.0,382.0,381.0,382.0,382.0,382.0,382.0,382.0,383.0,382.0,382.0,383.0,383.0,383.0,383.0,383.0,383.0,383.0,383.0,382.0,382.0,382.0,382.0,382.0,382.0,382.0,382.0,381.0,382.0,381.0,381.0,381.0,378.0,380.0,379.0,378.0,377.0,377.0,376.0,376.0,378.0,375.0,374.0,373.0,373.0,379.0,379.0,379.0,378.0,378.0,377.0,377.0,379.0,378.0,378.0,377.0,377.0,378.0,378.0,377.0,378.0,380.0,378.0,378.0,379.0,379.0,378.0,378.0,378.0,378.0,379.0,378.0,378.0,380.0,378.0,379.0,379.0,379.0,,,,,,,,,,,,,,,,,,,,,,,,,,,,,,,,,,,,,,,,,,,,,,,,,,
MGCBARF.KWH,(度數            ),,37.7972,37.7973,37.7973,37.7974,37.7974,37.7975,37.7975,37.7976,37.7976,37.7977,37.7977,37.7978,37.7979,37.7979,37.7979,37.7979,37.7979,37.7980,37.7980,37.7980,37.7980,37.7980,37.7981,37.7981,37.7981,37.7981,37.7982,37.7982,37.7982,37.7982,37.7982,37.7983,37.7983,37.7983,37.7984,37.7984,37.7985,37.7986,37.7986,37.7987,37.7988,37.7989,37.7989,37.7990,37.7991,37.7992,37.7992,37.7993,37.7993,37.7994,37.7994,37.7995,37.7996,37.7997,37.7998,37.7998,37.7999,37.8001,37.8002,37.8005,37.8007,37.8009,37.8011,37.8013,37.8015,37.8017,37.8019,37.8021,37.8023,37.8025,37.8026,37.8030,37.8032,37.8034,37.8036,37.8039,37.8041,37.8043,37.8046,37.8048,37.8050,37.8052,37.8054,37.8057,37.8059,37.8061,37.8063,37.8065,37.8067,37.8069,37.8071,37.8074,37.8076,37.8077,,,,,,,,,,,,,,,,,,,,,,,,,,,,,,,,,,,,,,,,,,,,,,,,,,
MGCBARF:F,(                ),Hz,60,60,60,60,60,60,60,60,60,60,60,60,60,60,60,60,60,60,60,60,60,60,60,60,60,60,60,60,60,60,60,60,60,60,60,60,60,60,60,60,60,60,60,60,60,60,60,60,60,60,60,60,60,60,60,60,60,60,60,60,60,60,60,60,60,60,60,60,60,60,60,60,60,60,60,60,60,60,60,60,60,60,60,60,60,60,60,60,60,60,60,60,60,60,,,,,,,,,,,,,,,,,,,,,,,,,,,,,,,,,,,,,,,,,,,,,,,,,,
MGCBARF:I1,(                ),A,12.0,9.0,8.6,9.2,7.8,7.4,8.0,8.0,7.1,7.5,8.4,8.7,3.6,3.1,3.0,2.7,2.7,2.7,2.7,2.7,4.7,4.3,3.3,2.4,3.2,3.2,3.1,3.2,3.2,3.2,4.8,3.5,4.8,4.3,9.1,10.7,10.5,10.7,10.8,10.6,12.2,12.0,10.4,10.3,9.8,9.1,8.4,7.7,7.9,8.1,10.9,11.0,11.1,13.7,13.1,15.5,18.1,22.3,32.1,34.1,32.8,31.4,32.5,32.5,32.7,32.4,32.1,33.6,32.1,32.9,34.8,34.9,35.7,35.2,35.1,35.7,35.8,35.9,35.0,34.6,34.0,34.0,33.9,34.4,32.7,32.8,32.8,33.3,33.2,33.5,35.0,32.7,34.0,33.7,,,,,,,,,,,,,,,,,,,,,,,,,,,,,,,,,,,,,,,,,,,,,,,,,,
MGCBARF:I2,(                ),A,12.0,8.9,8.5,9.1,7.7,7.3,7.8,7.8,7.0,7.5,8.4,8.6,3.6,3.2,3.2,2.8,2.8,2.8,2.8,2.8,4.8,4.4,3.5,2.6,3.3,3.3,3.3,3.3,3.4,3.3,5.0,3.6,4.7,4.2,9.1,10.8,10.5,10.8,10.8,10.6,12.4,12.0,10.4,10.3,9.8,9.0,8.3,7.6,7.7,7.9,10.8,10.9,10.9,13.6,13.0,15.4,18.1,22.4,32.5,34.6,33.2,31.9,32.9,32.7,32.8,32.5,32.2,33.5,32.2,32.8,34.8,35.0,35.7,35.3,35.2,35.9,35.9,36.1,35.0,34.7,34.0,34.1,33.9,34.6,32.9,32.9,32.9,33.5,33.4,33.8,35.1,32.8,34.1,33.9,,,,,,,,,,,,,,,,,,,,,,,,,,,,,,,,,,,,,,,,,,,,,,,,,,
MGCBARF:I3,(                ),A,12.9,9.8,9.4,9.9,8.6,8.2,8.7,8.7,7.9,8.3,9.2,9.4,4.2,3.7,3.6,3.3,3.3,3.3,3.3,3.3,5.3,4.9,4.0,3.0,3.7,3.7,3.7,3.7,3.7,3.7,5.4,4.0,5.2,4.7,9.7,11.4,11.2,11.4,11.5,11.3,13.0,12.8,11.2,11.0,10.5,9.7,8.9,8.3,8.4,8.7,11.5,11.6,11.7,14.3,13.8,16.2,18.7,22.8,32.4,34.4,33.0,31.7,32.7,32.6,32.8,32.6,32.2,33.6,32.3,32.8,34.9,35.0,35.8,35.4,35.3,35.8,36.0,36.1,35.2,34.8,34.2,34.2,34.1,34.5,32.8,32.9,33.0,33.6,33.5,33.8,35.2,33.0,34.2,34.0,,,,,,,,,,,,,,,,,,,,,,,,,,,,,,,,,,,,,,,,,,,,,,,,,,
MGCBARF:KW,(                ),kW,490.0,365.6,347.4,368.2,313.5,297.9,311.6,313.0,288.1,312.9,344.5,345.0,142.1,125.5,122.3,108.4,108.6,108.7,107.7,108.0,192.4,175.6,138.2,98.2,125.1,126.4,125.5,126.3,128.2,126.9,194.7,136.0,185.4,170.7,359.0,424.2,416.7,427.9,427.6,419.5,498.4,481.2,421.8,422.1,400.5,369.3,338.1,309.3,310.9,314.1,425.8,430.0,426.7,537.7,510.8,610.0,702.4,858.0,1220.8,1304.0,1246.6,1205.7,1249.2,1239.6,1240.2,1228.7,1215.8,1262.9,1231.7,1246.7,1336.4,1337.0,1375.9,1356.5,1342.3,1378.9,1376.2,1384.6,1340.6,1324.1,1317.7,1304.0,1302.2,1319.7,1245.6,1246.6,1248.5,1278.1,1270.8,1289.3,1345.5,1249.5,1306.7,1294.4,,,,,,,,,,,,,,,,,,,,,,,,,,,,,,,,,,,,,,,,,,,,,,,,,,
MGCBARF:PF,(                ),,0.97,0.96,0.97,0.96,0.96,0.95,0.94,0.94,0.96,0.95,0.97,0.95,1.07,1.08,1.08,1.09,1.09,1.09,1.10,1.09,1.04,1.05,1.07,1.10,1.10,1.09,1.10,1.09,1.09,1.09,1.06,1.10,0.93,0.94,0.94,0.94,0.95,0.95,0.94,0.95,0.97,0.96,0.97,0.98,0.98,0.98,0.97,0.97,0.96,0.95,0.95,0.95,0.94,0.95,0.95,0.97,0.95,0.95,0.94,0.94,0.94,0.94,0.94,0.94,0.94,0.94,0.94,0.94,0.94,0.94,0.95,0.94,0.95,0.95,0.95,0.95,0.95,0.95,0.95,0.95,0.94,0.94,0.94,0.94,0.94,0.94,0.94,0.94,0.94,0.94,0.95,0.94,0.95,0.94,,,,,,,,,,,,,,,,,,,,,,,,,,,,,,,,,,,,,,,,,,,,,,,,,,
MGCBARF:V12,(                ),kV,23.7,23.7,23.5,23.5,23.5,23.6,23.5,23.6,23.6,23.6,23.6,23.4,23.4,23.5,23.5,23.5,23.5,23.5,23.5,23.5,23.5,23.5,23.6,23.6,23.5,23.6,23.6,23.6,23.6,23.6,23.6,23.6,23.6,23.6,23.6,23.6,23.6,23.6,23.6,23.6,23.6,23.5,23.5,23.5,23.5,23.5,23.5,23.5,23.3,23.4,23.4,23.3,23.2,23.3,23.2,23.3,23.2,23.2,23.1,23.1,23.1,23.3,23.4,23.3,23.3,23.3,23.2,23.2,23.4,23.3,23.3,23.3,23.4,23.3,23.3,23.4,23.3,23.3,23.3,23.3,23.4,23.3,23.3,23.4,23.3,23.3,23.4,23.4,23.4,23.4,23.3,23.3,23.4,23.4,,,,,,,,,,,,,,,,,,,,,,,,,,,,,,,,,,,,,,,,,,,,,,,,,,
MGCBARF:V23,(                ),kV,23.8,23.8,23.6,23.6,23.6,23.7,23.7,23.7,23.7,23.7,23.7,23.5,23.5,23.5,23.6,23.6,23.6,23.6,23.6,23.6,23.6,23.6,23.6,23.6,23.6,23.7,23.7,23.7,23.7,23.7,23.7,23.7,23.7,23.7,23.7,23.6,23.7,23.6,23.6,23.6,23.6,23.6,23.6,23.6,23.6,23.6,23.5,23.6,23.4,23.5,23.4,23.4,23.3,23.3,23.2,23.4,23.3,23.2,23.2,23.1,23.1,23.4,23.4,23.4,23.3,23.3,23.3,23.3,23.4,23.3,23.4,23.4,23.4,23.4,23.4,23.4,23.4,23.4,23.4,23.3,23.4,23.4,23.3,23.4,23.4,23.4,23.4,23.4,23.4,23.4,23.4,23.4,23.4,23.4,,,,,,,,,,,,,,,,,,,,,,,,,,,,,,,,,,,,,,,,,,,,,,,,,,
MGCBARF:V31,(                ),kV,23.8,23.8,23.6,23.6,23.6,23.7,23.7,23.7,23.7,23.7,23.7,23.5,23.5,23.6,23.6,23.6,23.6,23.6,23.6,23.6,23.6,23.6,23.7,23.7,23.7,23.7,23.7,23.7,23.7,23.7,23.7,23.7,23.7,23.7,23.7,23.7,23.7,23.7,23.7,23.6,23.7,23.6,23.6,23.6,23.6,23.6,23.6,23.6,23.4,23.5,23.5,23.4,23.3,23.4,23.3,23.4,23.4,23.3,23.2,23.2,23.2,23.4,23.5,23.4,23.4,23.4,23.3,23.3,23.5,23.4,23.4,23.4,23.5,23.4,23.4,23.5,23.5,23.4,23.4,23.4,23.5,23.5,23.4,23.5,23.4,23.4,23.5,23.5,23.5,23.5,23.4,23.5,23.5,23.5,,,,,,,,,,,,,,,,,,,,,,,,,,,,,,,,,,,,,,,,,,,,,,,,,,
MPA1:HZ,(                ),Hz,59,59,59,59,59,59,59,59,60,59,59,59,59,60,59,60,59,60,59,59,59,59,60,60,59,59,60,59,59,59,60,59,60,59,60,60,59,60,60,59,59,59,59,59,59,59,60,59,59,59,59,60,59,59,60,60,60,60,59,59,59,59,60,60,60,60,60,60,59,59,59,59,59,59,60,59,59,59,59,59,59,60,59,59,59,60,60,59,60,60,60,59,60,60,,,,,,,,,,,,,,,,,,,,,,,,,,,,,,,,,,,,,,,,,,,,,,,,,,
MPA1:IR,(                ),A,519,360,349,404,343,326,327,337,326,327,330,359,8,8,8,8,8,8,8,8,8,8,8,8,8,8,8,8,8,8,8,8,66,21,444,596,594,594,595,587,594,566,474,377,315,290,287,283,284,314,399,437,501,547,608,600,689,1115,1535,1542,1552,1543,1544,1544,1554,1539,1542,1545,1550,1514,1540,1537,1533,1535,1543,1542,1540,1534,1542,1539,1541,1540,1539,1534,1531,1551,1558,1526,1536,1527,1542,1525,1533,1532,,,,,,,,,,,,,,,,,,,,,,,,,,,,,,,,,,,,,,,,,,,,,,,,,,
MPA1:IS,(                ),A,503,347,331,392,326,310,311,320,308,311,314,342,9,8,9,10,10,9,8,10,10,8,9,10,10,9,9,9,11,11,9,9,67,21,434,582,582,580,577,583,585,550,459,361,299,278,275,269,272,294,383,423,486,536,593,585,679,1122,1557,1568,1572,1566,1561,1562,1564,1554,1556,1560,1563,1534,1556,1555,1550,1554,1558,1561,1555,1555,1557,1555,1547,1554,1546,1552,1555,1568,1577,1548,1547,1549,1557,1541,1551,1551,,,,,,,,,,,,,,,,,,,,,,,,,,,,,,,,,,,,,,,,,,,,,,,,,,
MPA1:IT,(                ),A,530,370,354,415,351,335,335,344,332,334,335,364,9,7,9,8,7,9,7,7,9,7,9,9,7,7,9,7,9,9,7,9,66,19,456,613,607,608,607,609,610,577,482,380,318,295,287,285,286,312,400,442,507,558,617,607,699,1133,1558,1569,1572,1568,1566,1565,1570,1561,1558,1561,1566,1531,1558,1556,1552,1555,1565,1563,1563,1557,1563,1558,1555,1560,1554,1555,1558,1571,1580,1550,1554,1555,1563,1546,1557,1555,,,,,,,,,,,,,,,,,,,,,,,,,,,,,,,,,,,,,,,,,,,,,,,,,,
MPA1:KW,(                ),kW,320.6,216.3,204.9,243.8,201.7,191.5,192.0,198.3,190.7,192.4,193.9,211.1,3.9,3.2,3.8,4.4,3.8,3.9,3.2,3.8,4.4,3.1,3.9,4.5,3.8,3.2,3.8,3.2,4.5,4.5,3.2,3.9,29.4,9.0,270.7,369.4,368.2,367.9,367.1,366.8,369.3,348.4,288.8,223.1,182.2,166.6,164.1,161.8,161.5,179.1,236.5,262.8,302.3,334.0,370.1,366.8,418.0,686.2,941.5,947.0,949.6,956.2,956.4,955.6,955.2,949.4,947.3,949.3,957.6,935.1,951.0,949.6,948.6,949.7,953.9,953.6,952.7,950.1,952.4,948.9,949.7,951.0,946.9,949.6,949.5,956.6,964.3,946.3,948.3,948.3,952.6,942.9,950.4,949.4,,,,,,,,,,,,,,,,,,,,,,,,,,,,,,,,,,,,,,,,,,,,,,,,,,
MPA1:KWH,(                ),,11725888,11725931,11725962,11726001,11726038,11726070,11726101,11726136,11726170,11726200,11726233,11726271,11726292,11726292,11726293,11726293,11726294,11726295,11726295,11726296,11726297,11726297,11726298,11726298,11726299,11726300,11726300,11726301,11726302,11726302,11726303,11726303,11726307,11726310,11726320,11726377,11726439,11726499,11726563,11726626,11726683,11726745,11726792,11726844,11726874,11726904,11726931,11726959,11726985,11727012,11727048,11727086,11727134,11727187,11727250,11727314,11727374,11727449,11727582,11727760,11727925,11728074,11728238,11728401,11728556,11728720,11728869,11729033,11729195,11729331,11729417,11729658,11729822,11729968,11730108,11730288,11730453,11730602,11730766,11730928,11731083,11731247,11731396,11731561,11731721,11731862,11732040,11732188,11732353,11732516,11732638,11732832,11732980,11733065,,,,,,,,,,,,,,,,,,,,,,,,,,,,,,,,,,,,,,,,,,,,,,,,,,
MPA1:PF,(                ),,0.93,0.90,0.90,0.91,0.89,0.89,0.89,0.89,0.89,0.89,0.89,0.90,0.69,0.62,0.69,0.74,0.67,0.69,0.62,0.67,0.74,0.62,0.69,0.74,0.67,0.62,0.69,0.62,0.74,0.74,0.62,0.70,0.67,0.66,0.92,0.93,0.93,0.93,0.93,0.93,0.93,0.93,0.92,0.90,0.88,0.88,0.88,0.88,0.87,0.89,0.91,0.92,0.93,0.93,0.94,0.94,0.93,0.94,0.94,0.94,0.94,0.94,0.94,0.94,0.94,0.94,0.94,0.94,0.94,0.94,0.94,0.94,0.94,0.94,0.94,0.94,0.94,0.94,0.94,0.94,0.94,0.94,0.94,0.94,0.94,0.94,0.94,0.94,0.94,0.94,0.94,0.94,0.94,0.94,,,,,,,,,,,,,,,,,,,,,,,,,,,,,,,,,,,,,,,,,,,,,,,,,,
MPA1:VRS,(                ),V,384.8,385.6,382.6,382.7,382.5,383.4,382.8,383.6,383.9,383.8,384.4,379.5,381.6,381.8,382.1,382.2,382.2,382.5,382.3,383.0,382.8,382.5,383.5,383.4,383.2,383.8,384.1,383.9,383.9,384.3,384.2,384.2,384.1,384.2,383.4,381.9,382.8,382.7,382.2,382.7,383.3,382.2,382.5,381.9,382.9,381.5,381.2,381.9,379.8,380.7,379.6,378.2,377.9,377.8,376.2,378.1,377.4,374.5,372.1,371.9,371.5,375.7,377.0,376.6,374.3,375.4,374.3,374.2,376.6,375.2,376.4,375.5,376.5,377.0,376.6,375.8,376.0,375.8,376.3,375.5,376.4,376.3,374.9,376.3,375.5,375.0,376.4,376.4,376.1,376.3,376.0,376.4,377.1,376.3,,,,,,,,,,,,,,,,,,,,,,,,,,,,,,,,,,,,,,,,,,,,,,,,,,
MPA1:VST,(                ),V,384.3,385.7,382.2,382.6,383.0,383.1,383.3,382.9,383.1,383.9,383.9,380.0,381.4,381.6,382.0,381.9,382.0,382.4,382.2,382.8,382.5,382.4,383.2,383.2,383.1,383.4,383.8,383.7,383.7,384.1,384.0,384.1,384.1,384.1,383.9,383.2,382.5,382.3,383.5,382.5,382.3,382.6,381.8,381.9,382.2,381.4,381.4,381.9,379.2,379.9,379.6,378.7,377.1,377.2,375.9,377.5,376.9,374.3,371.3,372.0,370.8,375.5,376.0,375.7,374.1,374.7,373.8,373.9,375.3,375.5,375.3,375.9,376.4,376.2,375.6,375.7,376.2,376.4,375.6,374.0,375.6,375.0,375.4,375.9,376.4,374.7,376.0,376.0,376.4,376.7,376.0,375.0,376.4,376.1,,,,,,,,,,,,,,,,,,,,,,,,,,,,,,,,,,,,,,,,,,,,,,,,,,
MPA1:VTR,(                ),V,386.5,386.9,382.7,383.8,383.4,384.6,383.9,384.4,385.1,384.9,385.7,381.0,382.8,383.2,383.5,383.5,383.6,383.8,383.7,384.3,384.0,383.7,384.7,384.6,384.6,384.8,385.2,385.0,385.0,385.4,385.3,385.3,385.4,385.4,384.7,383.5,384.0,383.8,383.5,383.1,383.1,383.4,383.5,382.7,383.6,382.5,382.5,383.3,380.2,381.0,380.2,379.5,378.5,378.8,376.8,379.2,378.6,375.8,372.9,372.0,372.3,376.8,376.9,376.2,375.7,375.6,374.5,374.0,377.4,375.4,375.5,376.2,376.3,375.8,375.9,376.8,376.6,376.5,375.6,376.3,377.0,376.3,376.3,377.1,376.7,376.1,377.1,377.1,376.7,377.2,376.1,376.8,376.8,377.3,,,,,,,,,,,,,,,,,,,,,,,,,,,,,,,,,,,,,,,,,,,,,,,,,,
MPA2:HZ,(                ),Hz,59,59,59,59,59,59,59,59,60,59,59,59,59,60,59,60,59,60,59,59,59,59,60,60,59,59,60,59,59,59,60,59,60,59,60,60,59,60,60,59,60,59,59,59,59,59,60,59,59,59,59,60,59,59,60,60,60,60,59,59,59,59,60,60,60,60,60,59,59,59,59,59,59,59,60,60,60,59,59,59,59,60,59,59,59,60,60,59,60,60,60,59,60,60,,,,,,,,,,,,,,,,,,,,,,,,,,,,,,,,,,,,,,,,,,,,,,,,,,
MPA2:IR,(                ),A,223,247,198,235,220,219,276,265,198,235,208,253,126,125,125,125,125,125,125,124,125,125,98,96,171,171,169,172,171,171,198,198,268,268,286,284,263,262,282,263,229,294,195,171,170,170,193,190,191,191,292,292,292,352,309,336,569,547,1032,1038,1051,1031,1033,1031,1061,1036,1044,1041,1037,1034,1038,1036,1039,1033,1044,1035,1037,1028,1028,1037,1036,1036,1039,1034,1028,1031,1026,1023,1041,1027,1036,1024,1023,1022,,,,,,,,,,,,,,,,,,,,,,,,,,,,,,,,,,,,,,,,,,,,,,,,,,
MPA2:IS,(                ),A,224,246,196,234,217,217,277,263,195,234,206,253,119,119,119,119,119,119,118,118,119,118,91,91,168,167,167,166,167,167,196,194,270,270,290,287,264,263,284,265,230,296,194,168,167,168,192,189,191,190,298,299,298,371,317,344,592,571,1084,1094,1103,1086,1084,1080,1108,1085,1094,1091,1084,1088,1085,1090,1090,1084,1094,1088,1086,1081,1075,1087,1082,1084,1083,1086,1086,1082,1077,1077,1089,1079,1085,1074,1074,1072,,,,,,,,,,,,,,,,,,,,,,,,,,,,,,,,,,,,,,,,,,,,,,,,,,
MPA2:IT,(                ),A,222,246,196,235,219,218,276,263,197,233,206,252,122,123,122,122,123,124,122,122,123,122,97,96,168,168,167,168,169,168,195,195,268,268,288,284,262,262,282,263,228,294,193,168,168,168,192,188,189,188,294,296,294,365,313,340,580,558,1069,1081,1084,1070,1068,1064,1095,1072,1079,1075,1069,1067,1068,1074,1073,1068,1081,1074,1078,1068,1064,1075,1069,1072,1070,1073,1073,1071,1066,1065,1077,1070,1073,1062,1061,1061,,,,,,,,,,,,,,,,,,,,,,,,,,,,,,,,,,,,,,,,,,,,,,,,,,
MPA2:KW,(                ),kW,138.8,138.8,123.1,144.4,135.2,135.1,154.8,147.9,123.7,144.4,129.1,141.2,63.1,63.1,63.0,63.1,63.0,63.1,63.0,62.8,63.0,62.8,46.9,46.7,90.6,90.8,90.5,90.5,90.8,90.7,105.9,105.9,151.0,150.9,161.6,159.5,147.5,158.8,158.0,147.5,140.3,164.9,107.0,107.4,107.2,107.0,119.6,118.2,118.2,118.1,163.4,163.6,162.1,199.6,172.8,188.9,342.3,328.3,629.7,635.0,639.2,635.3,635.0,632.6,648.3,635.1,638.5,636.6,636.0,634.8,635.1,637.5,637.9,634.9,640.9,636.7,637.7,633.4,630.0,636.6,634.9,636.3,635.1,636.5,634.2,634.5,632.2,631.0,638.9,633.3,635.5,629.3,629.8,629.3,,,,,,,,,,,,,,,,,,,,,,,,,,,,,,,,,,,,,,,,,,,,,,,,,,
MPA2:KWH,(                ),,18984202,18984226,18984248,18984270,18984294,18984316,18984338,18984364,18984388,18984404,18984430,18984454,18984476,18984488,18984498,18984506,18984518,18984530,18984538,18984550,18984560,18984570,18984578,18984588,18984598,18984614,18984626,18984644,18984658,18984674,18984688,18984704,18984732,18984758,18984786,18984810,18984834,18984862,18984888,18984914,18984936,18984962,18984986,18985004,18985022,18985040,18985062,18985082,18985102,18985120,18985144,18985170,18985198,18985226,18985258,18985290,18985330,18985388,18985460,18985580,18985688,18985790,18985900,18986008,18986110,18986222,18986322,18986430,18986538,18986634,18986692,18986852,18986962,18987060,18987154,18987274,18987384,18987484,18987592,18987700,18987806,18987914,18988014,18988124,18988232,18988326,18988446,18988544,18988654,18988764,18988842,18988974,18989072,18989128,,,,,,,,,,,,,,,,,,,,,,,,,,,,,,,,,,,,,,,,,,,,,,,,,,
MPA2:PF,(                ),,0.93,0.84,0.94,0.93,0.93,0.93,0.84,0.84,0.94,0.93,0.94,0.85, -0.78, -0.78, -0.78, -0.78, -0.78, -0.78, -0.78, -0.78, -0.78, -0.78, -0.74, -0.74, -0.81, -0.81, -0.81, -0.81, -0.81, -0.81, -0.81, -0.81,0.85,0.84,0.84,0.84,0.84,0.91,0.84,0.84,0.92,0.84,0.83,0.96,0.96,0.96,0.94,0.94,0.94,0.94,0.84,0.84,0.84,0.84,0.85,0.85,0.90,0.90,0.92,0.92,0.92,0.92,0.91,0.91,0.91,0.91,0.92,0.92,0.91,0.92,0.92,0.91,0.91,0.91,0.91,0.91,0.91,0.91,0.91,0.91,0.91,0.91,0.91,0.91,0.91,0.91,0.91,0.91,0.91,0.91,0.91,0.91,0.91,0.91,,,,,,,,,,,,,,,,,,,,,,,,,,,,,,,,,,,,,,,,,,,,,,,,,,
MPA2:VRS,(                ),V,385.8,385.6,382.7,382.9,382.7,383.3,382.6,382.9,384.2,384.1,384.4,379.8,381.8,382.2,382.4,382.4,382.5,382.7,382.7,383.2,383.1,382.9,383.7,383.7,383.4,383.9,384.3,384.2,384.0,384.4,384.6,384.4,383.6,383.5,383.6,383.1,383.1,383.2,382.9,382.5,383.4,382.7,382.3,382.2,382.6,381.8,381.4,382.2,379.6,380.5,379.6,378.5,377.6,377.5,376.8,378.3,376.8,375.7,373.3,373.7,372.6,377.1,377.2,377.0,376.2,376.3,376.4,376.1,378.3,376.9,376.3,377.9,377.3,378.1,377.3,377.8,377.8,377.7,376.5,376.6,377.7,378.2,376.5,377.4,376.4,378.1,378.6,378.1,377.4,377.9,376.9,377.7,378.3,377.4,,,,,,,,,,,,,,,,,,,,,,,,,,,,,,,,,,,,,,,,,,,,,,,,,,
MPA2:VST,(                ),V,385.4,385.3,382.6,382.7,382.7,383.2,382.5,382.7,383.9,383.9,384.2,379.7,381.8,381.9,382.2,382.1,382.4,382.7,382.7,383.2,382.9,382.9,383.5,383.5,383.4,383.7,384.0,383.9,384.1,384.2,384.4,384.4,383.3,383.5,383.4,382.7,382.9,383.0,382.6,382.5,383.0,382.5,381.8,382.1,382.5,381.9,381.4,382.1,379.5,380.0,378.9,377.8,377.3,377.3,376.1,377.6,376.4,374.9,373.2,372.5,371.5,376.3,376.8,377.0,375.8,376.0,374.8,374.1,377.0,375.6,376.6,376.4,377.3,376.2,376.3,377.0,376.8,376.8,376.7,376.3,377.2,376.6,376.3,377.5,377.4,376.3,377.4,376.3,377.2,377.7,376.6,377.0,377.7,377.5,,,,,,,,,,,,,,,,,,,,,,,,,,,,,,,,,,,,,,,,,,,,,,,,,,
MPA2:VTR,(                ),V,386.3,386.6,383.7,384.0,383.9,384.6,383.7,384.3,385.3,385.4,385.7,380.9,382.9,383.3,383.6,383.7,383.8,383.9,384.0,384.4,384.1,384.1,384.9,384.8,384.5,384.8,385.2,385.2,385.0,385.6,385.4,385.5,384.5,384.4,384.5,383.9,383.9,384.0,383.7,383.5,384.1,383.3,383.0,383.1,383.6,382.9,382.4,383.1,380.5,381.6,380.2,379.2,378.2,378.2,377.3,378.9,377.8,376.4,374.0,373.2,373.5,377.7,378.5,377.8,376.5,377.2,375.6,375.9,378.4,377.3,377.3,377.4,378.0,378.0,378.2,377.5,377.9,378.4,377.7,377.4,378.0,377.4,377.5,378.1,378.1,377.4,378.7,378.5,378.2,378.5,378.0,377.7,378.7,378.3,,,,,,,,,,,,,,,,,,,,,,,,,,,,,,,,,,,,,,,,,,,,,,,,,,
MLARF-1.PF,(                ),,0.98,0.97,0.97,0.97,0.96,0.95,0.95,0.95,0.95,0.94,0.98,0.97,0.97,0.97,0.96,0.91,0.92,0.92,0.92,0.92,0.99,0.99,0.98,0.91,0.90,0.91,0.91,0.90,0.90,0.89,0.99,0.90,0.90,0.90,0.90,0.90,0.90,0.91,0.90,0.91,0.99,0.99,0.99,0.99,0.99,0.99,0.98,0.98,0.98,0.98,0.99,0.98,0.94,0.99,0.98,0.99,0.99,0.98,0.98,0.99,0.98,0.94,0.98,0.99,0.96,0.96,0.97,0.96,0.99,0.98,0.99,0.99,1.00,0.99,0.99,1.00,0.99,0.99,0.99,0.99,0.99,0.99,0.99,0.99,0.98,0.98,0.97,0.99,0.98,0.99,0.99,0.98,0.99,0.99,,,,,,,,,,,,,,,,,,,,,,,,,,,,,,,,,,,,,,,,,,,,,,,,,,
MLARF-1:HZ,(                ),Hz,59,59,59,59,59,59,59,59,60,59,59,59,59,60,59,60,59,60,59,59,59,59,60,60,59,59,60,59,59,59,60,59,60,59,60,60,59,60,60,59,60,59,59,59,59,59,60,59,59,59,59,60,59,59,60,60,60,60,60,59,60,59,60,60,60,60,60,59,59,59,59,59,59,59,60,60,59,59,59,59,59,60,59,59,59,60,60,59,60,60,60,59,60,60,,,,,,,,,,,,,,,,,,,,,,,,,,,,,,,,,,,,,,,,,,,,,,,,,,
MLARF-1:IR,(                ),A,253,188,152,124,109,93,91,87,84,67,181,137,115,93,81,55,55,56,55,55,237,195,139,47,46,47,47,46,47,45,174,45,46,45,45,45,45,45,45,47,229,184,234,337,327,298,221,165,125,101,191,161,68,238,163,320,208,185,158,286,190,72,195,180,110,116,113,112,206,196,373,322,461,411,370,470,443,425,376,326,285,277,286,279,161,133,127,250,198,254,393,210,319,286,,,,,,,,,,,,,,,,,,,,,,,,,,,,,,,,,,,,,,,,,,,,,,,,,,
MLARF-1:IS,(                ),A,193,123,90,60,44,29,28,30,29,24,140,95,80,54,51,24,23,23,23,23,207,177,117,25,22,22,22,24,27,23,153,23,23,23,23,23,23,26,25,27,210,164,210,317,305,277,201,140,100,70,166,133,40,211,134,295,179,155,128,264,169,46,170,133,67,73,77,69,162,150,329,279,417,367,326,430,405,388,336,283,243,238,244,239,116,87,79,204,158,209,350,163,275,238,,,,,,,,,,,,,,,,,,,,,,,,,,,,,,,,,,,,,,,,,,,,,,,,,,
MLARF-1:IT,(                ),A,205,136,100,70,56,39,39,40,42,37,153,105,86,63,56,32,31,31,32,31,215,181,121,30,27,27,27,29,32,28,155,28,28,28,28,28,28,31,28,30,212,167,214,305,294,256,180,125,84,66,159,129,35,198,126,286,179,159,130,254,152,40,145,109,41,49,52,38,141,115,298,246,381,346,304,385,360,347,296,271,200,196,218,210,86,58,55,181,133,181,314,129,254,217,,,,,,,,,,,,,,,,,,,,,,,,,,,,,,,,,,,,,,,,,,,,,,,,,,
MLARF-1:KW,(                ),kW,142.7,97.4,73.6,54.2,44.7,33.8,33.2,33.0,32.8,26.7,103.7,71.9,60.2,44.8,39.7,22.2,22.3,22.3,22.3,22.3,144.5,120.9,81.6,20.5,19.1,19.5,19.3,19.6,21.3,19.0,105.5,19.2,19.3,19.1,19.3,19.2,19.1,20.5,19.6,20.8,143.2,112.6,144.3,209.3,202.7,181.6,130.6,92.9,66.3,50.8,111.6,90.6,29.5,140.1,90.3,195.1,122.3,106.9,88.4,172.5,108.9,32.8,110.1,91.1,46.0,50.2,51.3,46.2,110.1,99.0,217.0,183.9,274.5,245.1,217.7,280.3,263.0,252.9,218.8,190.5,158.5,154.3,162.3,158.4,78.4,60.1,55.7,138.2,105.6,140.1,229.9,108.4,184.4,161.2,,,,,,,,,,,,,,,,,,,,,,,,,,,,,,,,,,,,,,,,,,,,,,,,,,
MLARF-1:KWH,(                ),,6514046,6514066,6514080,6514091,6514099,6514105,6514111,6514116,6514122,6514127,6514141,6514156,6514167,6514175,6514182,6514186,6514190,6514194,6514197,6514201,6514223,6514245,6514262,6514273,6514276,6514280,6514283,6514286,6514289,6514293,6514301,6514311,6514315,6514318,6514322,6514325,6514328,6514331,6514335,6514338,6514345,6514368,6514387,6514431,6514460,6514493,6514519,6514538,6514552,6514561,6514578,6514594,6514606,6514621,6514640,6514664,6514687,6514707,6514721,6514748,6514775,6514789,6514800,6514817,6514828,6514836,6514843,6514852,6514860,6514891,6514902,6514948,6514980,6515019,6515052,6515094,6515138,6515179,6515219,6515254,6515288,6515317,6515351,6515378,6515399,6515410,6515420,6515439,6515460,6515484,6515504,6515537,6515563,6515578,,,,,,,,,,,,,,,,,,,,,,,,,,,,,,,,,,,,,,,,,,,,,,,,,,
MLARF-1:PF,(                ),, -0.98, -0.97, -0.97, -0.97, -0.96, -0.95, -0.95, -0.95, -0.95, -0.94, -0.98, -0.97, -0.97, -0.97, -0.96, -0.91, -0.92, -0.92, -0.92, -0.92, -0.99, -0.99, -0.98, -0.91, -0.90, -0.91, -0.91,0.90,0.90,0.89, -0.99,0.90,0.90,0.90,0.90,0.90,0.90,0.91,0.90,0.91, -0.99, -0.99, -0.99, -0.99, -0.99, -0.99, -0.98, -0.98, -0.98, -0.98, -0.99, -0.98, -0.94, -0.99, -0.98, -0.99, -0.99, -0.98, -0.98, -0.99, -0.98, -0.94, -0.98, -0.99,0.96,0.96,0.97,0.96, -0.99, -0.98, -0.99, -0.99, -1.00, -0.99, -0.99, -1.00, -0.99, -0.99, -0.99, -0.99, -0.99, -0.99, -0.99, -0.99, -0.98, -0.98, -0.97, -0.99, -0.98, -0.99, -0.99, -0.98, -0.99, -0.99,,,,,,,,,,,,,,,,,,,,,,,,,,,,,,,,,,,,,,,,,,,,,,,,,,
MLARF-1:VRS,(                ),V,385.5,385.9,382.7,382.9,382.7,383.2,382.9,383.4,384.1,384.2,384.3,380.3,381.3,381.5,381.8,382.0,382.0,382.3,382.2,382.7,382.2,382.3,383.3,383.2,383.0,383.5,383.7,383.8,383.7,383.9,384.0,384.0,383.9,384.1,384.1,383.8,383.5,383.3,383.2,383.0,383.1,383.0,382.4,382.0,382.5,381.5,381.4,382.1,379.6,380.5,380.0,379.0,378.1,377.9,377.2,378.6,378.1,377.0,375.9,375.3,375.3,379.6,380.1,379.5,378.7,378.7,377.8,377.8,380.2,378.9,379.1,379.2,379.3,379.6,379.3,379.2,379.2,379.4,379.0,378.9,380.3,379.5,378.9,380.0,379.6,379.4,380.2,380.0,380.1,380.1,379.2,379.8,380.1,379.9,,,,,,,,,,,,,,,,,,,,,,,,,,,,,,,,,,,,,,,,,,,,,,,,,,
MLARF-1:VST,(                ),V,385.3,385.8,382.4,382.8,382.6,383.1,382.8,383.2,383.8,383.8,384.2,380.0,381.0,381.2,381.5,381.5,381.6,382.2,381.8,382.3,381.9,381.9,382.7,382.7,382.7,383.0,383.2,383.1,383.2,383.5,383.6,383.7,383.7,383.7,383.9,383.3,383.2,383.0,382.7,383.0,382.7,382.6,381.8,381.6,382.2,381.4,380.9,381.8,379.2,379.8,379.3,378.5,377.4,377.4,376.5,378.1,377.6,376.2,375.2,374.7,374.2,378.6,378.9,378.5,377.4,377.7,376.6,376.7,379.1,378.0,378.1,378.4,378.4,378.8,378.4,378.2,378.2,378.8,378.0,378.0,378.8,378.3,377.6,379.1,379.0,378.5,379.3,379.3,378.9,379.5,378.2,378.8,379.3,379.1,,,,,,,,,,,,,,,,,,,,,,,,,,,,,,,,,,,,,,,,,,,,,,,,,,
MLARF-1:VTR,(                ),V,386.8,387.5,384.1,384.5,384.4,385.0,384.7,385.1,385.6,385.5,385.9,381.6,382.5,382.9,383.1,383.3,383.4,383.8,383.6,384.0,383.5,383.5,384.2,384.4,384.3,384.6,384.8,384.8,384.8,385.0,385.1,385.1,385.2,385.1,385.1,384.8,384.5,384.3,384.2,384.2,384.0,384.0,383.4,382.9,383.9,382.8,382.7,383.2,380.6,381.7,381.0,380.0,379.2,379.0,378.2,379.7,379.5,378.1,376.8,376.4,376.2,380.4,381.1,380.6,379.9,379.9,378.8,378.8,381.4,380.0,380.1,380.4,380.5,380.7,380.5,380.3,380.7,380.7,380.3,380.0,381.5,380.8,380.1,381.1,380.8,380.7,381.5,381.4,381.3,381.6,380.5,381.1,381.4,381.2,,,,,,,,,,,,,,,,,,,,,,,,,,,,,,,,,,,,,,,,,,,,,,,,,,
MPARF:HZ,(                ),Hz,59,59,59,59,59,59,59,59,60,59,59,59,59,60,59,60,59,60,59,59,59,59,60,60,60,59,60,59,59,59,60,59,60,59,60,60,59,60,60,59,60,59,59,59,59,59,60,59,59,59,59,60,59,59,60,60,60,60,60,59,59,59,60,60,60,60,60,59,59,59,59,59,59,59,60,60,59,59,59,59,59,60,59,59,59,60,60,59,60,60,60,59,60,60,,,,,,,,,,,,,,,,,,,,,,,,,,,,,,,,,,,,,,,,,,,,,,,,,,
MPARF:IR,(                ),A,150,108,136,129,102,106,101,101,98,113,100,104,133,102,102,98,100,99,184,101,99,100,101,101,99,102,99,101,102,101,101,99,99,99,97,97,99,102,103,103,100,101,102,107,110,113,106,107,194,161,161,160,169,171,168,207,163,204,168,202,168,191,175,177,222,194,242,283,261,246,221,253,237,196,208,207,208,201,231,206,277,227,228,324,216,249,244,228,235,216,230,206,222,251,,,,,,,,,,,,,,,,,,,,,,,,,,,,,,,,,,,,,,,,,,,,,,,,,,
MPARF:IS,(                ),A,112,78,103,98,76,78,78,76,76,85,77,78,105,79,77,76,77,76,154,79,78,79,79,81,78,79,79,80,80,80,81,81,80,79,79,79,76,78,79,78,77,77,76,80,82,81,75,74,148,111,113,111,113,112,115,137,109,152,117,147,114,130,121,128,166,131,183,219,199,188,164,198,183,138,147,144,151,140,162,141,213,171,169,267,161,190,186,171,172,140,169,138,165,197,,,,,,,,,,,,,,,,,,,,,,,,,,,,,,,,,,,,,,,,,,,,,,,,,,
MPARF:IT,(                ),A,177,139,162,157,134,138,133,133,128,140,128,133,157,130,130,128,130,129,208,131,130,130,131,131,130,131,129,130,133,130,131,129,130,130,128,128,128,130,131,132,129,131,130,135,138,136,131,132,201,164,164,163,171,173,171,199,169,212,173,210,170,197,185,182,225,191,242,279,261,242,219,256,238,195,209,211,209,202,227,202,277,222,226,325,218,252,249,234,239,213,230,203,219,250,,,,,,,,,,,,,,,,,,,,,,,,,,,,,,,,,,,,,,,,,,,,,,,,,,
MPARF:KW,(                ),kW,93.4,63.6,81.5,76.5,58.4,61.0,57.6,58.0,56.4,66.8,58.5,60.2,78.8,59.3,58.5,55.3,56.2,56.0,112.4,56.4,55.4,56.4,56.3,56.7,55.6,57.7,55.5,57.5,58.3,57.5,56.3,55.9,55.4,55.0,54.6,54.7,56.6,59.2,60.0,60.0,57.2,58.1,58.9,61.7,63.9,67.2,62.6,62.7,115.2,92.3,93.0,92.1,95.9,96.7,96.1,112.9,93.6,120.0,96.6,118.1,95.0,110.8,102.9,103.3,130.5,108.9,140.6,163.8,153.4,142.3,127.4,148.9,139.4,111.5,119.2,119.2,119.8,114.5,130.7,115.8,161.5,130.4,131.1,193.9,125.6,146.2,144.1,134.0,137.5,120.0,132.5,115.4,128.4,147.1,,,,,,,,,,,,,,,,,,,,,,,,,,,,,,,,,,,,,,,,,,,,,,,,,,
MPARF:KWH,(                ),,5789651,5789664,5789675,5789686,5789696,5789706,5789715,5789726,5789736,5789746,5789756,5789766,5789777,5789788,5789798,5789806,5789817,5789827,5789836,5789846,5789856,5789865,5789875,5789884,5789894,5789903,5789912,5789923,5789932,5789942,5789951,5789959,5789970,5789979,5789989,5789998,5790008,5790017,5790028,5790038,5790047,5790057,5790066,5790077,5790087,5790098,5790110,5790121,5790134,5790148,5790165,5790180,5790198,5790214,5790232,5790250,5790267,5790284,5790300,5790320,5790339,5790356,5790375,5790394,5790413,5790430,5790453,5790476,5790498,5790518,5790530,5790563,5790586,5790606,5790626,5790651,5790673,5790693,5790715,5790737,5790758,5790780,5790800,5790823,5790845,5790865,5790892,5790913,5790935,5790958,5790975,5791000,5791020,5791032,,,,,,,,,,,,,,,,,,,,,,,,,,,,,,,,,,,,,,,,,,,,,,,,,,
MPARF:PF,(                ),, -0.96, -0.88, -0.92, -0.90, -0.85, -0.85, -0.84, -0.84, -0.84, -0.89, -0.86, -0.87, -0.91, -0.86, -0.86, -0.83, -0.83, -0.83, -0.93, -0.82, -0.82, -0.82, -0.82, -0.82, -0.82, -0.83, -0.82, -0.83, -0.83, -0.83, -0.81, -0.81, -0.81, -0.80, -0.81, -0.81, -0.84, -0.86, -0.87, -0.87, -0.84, -0.85, -0.87, -0.87, -0.88, -0.92, -0.91, -0.91,0.97,0.97,0.97,0.97,0.97,0.97,0.97,0.97,0.97,0.97,0.97,0.98,0.98,0.98,0.98,0.97,0.98,0.97,0.97,0.97,0.97,0.97,0.97,0.96,0.97,0.97,0.97,0.97,0.97,0.97,0.96,0.97,0.96,0.96,0.97,0.97,0.97,0.97,0.97,0.97,0.97,0.96,0.97,0.97,0.97,0.96,,,,,,,,,,,,,,,,,,,,,,,,,,,,,,,,,,,,,,,,,,,,,,,,,,
MPARF:VRS,(                ),V,384.7,385.3,381.9,382.3,382.2,382.9,382.6,383.0,383.8,383.5,384.0,379.7,380.6,381.2,381.2,381.6,381.6,381.9,381.5,382.4,382.1,382.1,382.8,382.8,382.6,383.2,383.3,383.4,383.2,383.6,383.6,383.7,383.6,383.7,383.7,383.4,383.0,382.8,382.7,382.5,382.9,382.5,382.1,381.6,382.2,381.3,380.9,381.5,377.8,379.0,378.6,377.5,376.6,376.6,375.6,377.3,376.7,375.3,374.4,373.9,373.7,378.0,378.6,378.2,377.2,377.2,376.2,375.9,378.3,376.8,377.7,377.5,378.0,378.3,377.9,378.1,377.8,378.1,377.4,377.2,378.5,377.8,377.2,377.9,377.7,377.4,378.2,378.2,378.3,378.6,377.6,378.1,378.5,378.0,,,,,,,,,,,,,,,,,,,,,,,,,,,,,,,,,,,,,,,,,,,,,,,,,,
MPARF:VST,(                ),V,385.4,386.1,382.5,383.0,382.9,383.6,383.3,383.7,384.3,384.1,384.5,380.4,381.1,381.7,381.8,382.0,382.2,382.5,382.3,383.0,382.5,382.7,383.3,383.3,383.2,383.6,383.8,383.9,383.9,384.0,384.3,384.3,384.3,384.4,384.4,384.0,383.6,383.4,383.3,383.5,383.3,383.1,382.4,382.3,382.9,382.1,381.4,382.2,378.4,379.2,378.8,377.9,377.1,377.2,375.9,377.6,377.0,375.5,374.6,374.3,373.7,378.2,378.6,378.1,377.0,377.5,376.1,376.0,378.2,377.1,377.7,377.8,378.1,378.5,377.9,378.3,377.9,378.5,377.6,377.3,378.4,377.8,377.1,378.1,378.1,377.7,378.5,378.7,378.2,379.1,377.9,378.2,378.8,378.3,,,,,,,,,,,,,,,,,,,,,,,,,,,,,,,,,,,,,,,,,,,,,,,,,,
MPARF:VTR,(                ),V,385.7,386.5,383.1,383.5,383.5,384.2,383.9,384.4,384.9,384.8,385.3,381.0,381.6,382.4,382.4,382.7,382.8,383.1,383.0,383.5,383.1,383.2,383.9,383.8,383.8,384.1,384.3,384.4,384.4,384.5,384.6,384.7,384.7,384.7,384.6,384.3,383.9,383.7,383.7,383.5,383.6,383.5,382.9,382.4,383.2,382.3,381.8,382.4,378.8,379.9,379.2,378.2,377.6,377.4,376.4,378.1,377.5,376.3,375.1,374.7,374.4,378.7,379.2,378.8,378.0,378.0,376.9,376.6,379.1,377.5,378.3,378.2,378.6,378.9,378.7,378.8,378.7,379.1,378.4,378.1,379.2,378.7,378.2,378.6,378.6,378.4,379.2,379.2,379.0,379.5,378.5,379.0,379.4,379.0,,,,,,,,,,,,,,,,,,,,,,,,,,,,,,,,,,,,,,,,,,,,,,,,,,
MGCBB.KWH,(度數            ),,135.452,135.452,135.453,135.453,135.453,135.453,135.453,135.453,135.453,135.453,135.454,135.454,135.454,135.454,135.454,135.454,135.454,135.454,135.454,135.455,135.455,135.455,135.455,135.455,135.455,135.455,135.455,135.455,135.456,135.456,135.456,135.456,135.456,135.456,135.456,135.456,135.456,135.456,135.456,135.457,135.457,135.457,135.457,135.457,135.457,135.457,135.457,135.457,135.458,135.458,135.458,135.458,135.458,135.458,135.459,135.459,135.459,135.460,135.460,135.460,135.461,135.461,135.462,135.462,135.463,135.463,135.464,135.464,135.465,135.465,135.466,135.467,135.467,135.468,135.468,135.469,135.470,135.470,135.471,135.472,135.472,135.473,135.474,135.474,135.475,135.475,135.476,135.477,135.477,135.478,135.478,135.479,135.480,135.480,,,,,,,,,,,,,,,,,,,,,,,,,,,,,,,,,,,,,,,,,,,,,,,,,,
MGCBB:F,(                ),Hz,60,60,60,60,60,60,60,60,60,60,60,60,60,60,60,60,60,60,60,60,60,60,60,60,60,60,60,60,60,60,60,60,60,60,60,60,60,60,60,60,60,60,60,60,60,60,60,60,60,60,60,60,60,60,60,60,60,60,60,60,60,60,60,60,60,60,60,60,60,60,60,60,60,60,60,60,60,60,60,60,60,60,60,60,60,60,60,60,60,60,60,60,60,60,,,,,,,,,,,,,,,,,,,,,,,,,,,,,,,,,,,,,,,,,,,,,,,,,,
MGCBB:I1,(                ),A,21.7,20.6,17.5,18.0,17.8,17.6,19.1,16.5,16.6,16.2,17.4,15.7,14.5,16.5,16.0,16.7,15.0,16.9,15.1,16.1,15.5,18.0,14.6,15.6,18.3,16.9,15.4,14.3,15.3,14.8,16.9,15.0,13.4,13.5,13.7,13.9,13.5,12.9,13.7,14.4,14.2,17.9,17.1,16.9,19.2,20.4,21.3,20.8,23.2,21.7,21.4,27.6,32.8,35.9,42.0,44.0,48.1,53.9,59.3,60.4,64.9,68.7,71.7,74.3,75.0,80.6,84.8,87.7,90.2,91.5,90.4,94.2,95.0,101.7,98.5,98.7,94.4,91.4,96.8,97.0,94.2,97.0,97.0,91.3,96.3,95.8,91.1,90.7,93.7,93.9,94.5,96.7,99.2,94.2,,,,,,,,,,,,,,,,,,,,,,,,,,,,,,,,,,,,,,,,,,,,,,,,,,
MGCBB:I2,(                ),A,22.4,20.4,17.4,18.6,18.2,18.3,20.2,17.2,17.4,16.9,17.7,16.7,15.6,16.4,16.6,16.6,15.6,16.7,15.3,15.9,15.1,18.1,14.4,15.1,18.2,16.4,15.2,14.2,15.6,14.7,16.4,15.0,13.3,13.5,13.6,13.1,13.4,12.8,13.5,14.5,14.1,16.7,16.5,16.0,19.1,19.1,21.7,21.1,23.1,21.4,20.6,27.6,33.0,35.1,41.5,43.7,48.1,53.5,59.7,61.1,64.8,68.5,72.1,73.4,74.1,79.3,83.4,86.1,88.4,89.5,89.6,93.5,94.3,99.9,98.2,97.8,95.0,90.7,95.8,96.3,93.7,97.3,97.9,92.0,97.2,96.4,92.0,90.8,94.9,94.6,94.3,94.9,98.1,93.7,,,,,,,,,,,,,,,,,,,,,,,,,,,,,,,,,,,,,,,,,,,,,,,,,,
MGCBB:I3,(                ),A,23.2,21.4,18.7,20.1,19.0,19.4,21.2,18.3,17.9,17.9,18.4,16.7,15.7,17.6,16.7,17.4,16.6,17.1,16.6,16.4,16.1,19.1,15.3,16.0,19.4,17.3,15.9,15.1,16.0,15.7,17.5,15.9,14.0,13.9,14.3,14.6,14.5,13.8,14.5,15.1,14.8,18.1,17.8,17.8,19.5,20.7,22.5,22.6,24.4,23.3,21.5,28.2,33.9,36.2,43.0,45.0,49.1,54.6,59.8,61.1,65.8,69.9,73.5,74.7,76.3,81.0,84.9,87.8,90.9,91.2,90.9,95.1,95.2,102.2,100.2,99.3,96.2,92.5,97.0,97.9,94.3,97.6,98.5,92.3,97.4,97.0,91.6,91.7,95.3,95.7,95.8,96.5,99.2,95.6,,,,,,,,,,,,,,,,,,,,,,,,,,,,,,,,,,,,,,,,,,,,,,,,,,
MGCBB:KW,(                ),kW,906.3,837.4,706.7,745.3,722.5,728.7,808.4,686.2,681.6,670.3,702.6,643.2,599.2,656.2,647.1,662.0,616.3,661.1,612.0,628.0,607.2,727.3,571.3,608.1,742.6,666.4,602.6,565.2,609.1,584.4,670.5,603.7,528.8,536.6,535.0,535.1,534.1,513.0,537.0,579.1,565.8,699.6,681.7,666.7,769.3,797.5,869.0,863.3,935.9,865.9,833.4,1081.7,1303.7,1387.5,1633.5,1707.1,1889.7,2096.5,2307.2,2350.4,2506.4,2706.0,2842.8,2904.4,2941.5,3141.5,3286.2,3400.2,3514.1,3553.0,3545.7,3698.6,3766.0,3999.0,3903.3,3869.1,3743.3,3597.2,3785.0,3794.4,3709.3,3823.8,3832.5,3615.2,3810.2,3792.1,3603.1,3580.2,3721.7,3728.4,3728.6,3773.1,3896.5,3725.0,,,,,,,,,,,,,,,,,,,,,,,,,,,,,,,,,,,,,,,,,,,,,,,,,,
MGCBB:PF,(                ),,0.98,0.98,0.97,0.96,0.96,0.97,0.98,0.96,0.96,0.96,0.96,0.96,0.97,0.97,0.97,0.97,0.97,0.96,0.96,0.95,0.96,0.97,0.95,0.96,0.97,0.96,0.95,0.95,0.95,0.95,0.97,0.96,0.95,0.95,0.94,0.94,0.95,0.95,0.94,0.97,0.96,0.97,0.97,0.97,0.98,0.98,0.98,0.98,0.98,0.97,0.97,0.96,0.97,0.97,0.96,0.95,0.97,0.96,0.96,0.96,0.96,0.96,0.97,0.97,0.97,0.97,0.97,0.97,0.97,0.97,0.97,0.97,0.97,0.97,0.97,0.97,0.97,0.97,0.97,0.97,0.97,0.97,0.97,0.97,0.97,0.97,0.97,0.97,0.97,0.97,0.97,0.97,0.97,0.97,,,,,,,,,,,,,,,,,,,,,,,,,,,,,,,,,,,,,,,,,,,,,,,,,,
MGCBB:V12,(                ),kV,23.8,23.8,23.6,23.6,23.6,23.6,23.6,23.6,23.7,23.7,23.7,23.4,23.5,23.5,23.5,23.5,23.5,23.6,23.6,23.6,23.6,23.6,23.6,23.6,23.6,23.6,23.6,23.6,23.6,23.7,23.7,23.7,23.7,23.7,23.7,23.6,23.6,23.6,23.6,23.6,23.6,23.6,23.6,23.6,23.6,23.5,23.5,23.6,23.4,23.4,23.4,23.3,23.3,23.3,23.2,23.3,23.3,23.2,23.1,23.1,23.1,23.4,23.4,23.4,23.3,23.3,23.2,23.2,23.4,23.3,23.3,23.3,23.4,23.4,23.4,23.4,23.4,23.4,23.3,23.3,23.4,23.4,23.3,23.4,23.4,23.4,23.4,23.4,23.4,23.4,23.4,23.4,23.4,23.4,,,,,,,,,,,,,,,,,,,,,,,,,,,,,,,,,,,,,,,,,,,,,,,,,,
MGCBB:V23,(                ),kV,23.8,23.8,23.6,23.7,23.7,23.7,23.7,23.7,23.7,23.7,23.7,23.5,23.5,23.6,23.6,23.6,23.6,23.6,23.6,23.6,23.6,23.6,23.7,23.7,23.7,23.7,23.7,23.7,23.7,23.7,23.7,23.7,23.7,23.7,23.7,23.7,23.7,23.7,23.7,23.6,23.7,23.7,23.6,23.6,23.6,23.6,23.6,23.6,23.4,23.5,23.5,23.4,23.4,23.4,23.3,23.4,23.4,23.3,23.2,23.2,23.2,23.4,23.5,23.5,23.4,23.4,23.3,23.3,23.5,23.4,23.4,23.4,23.5,23.5,23.5,23.4,23.5,23.5,23.4,23.4,23.5,23.5,23.4,23.5,23.4,23.4,23.5,23.5,23.5,23.5,23.4,23.5,23.5,23.5,,,,,,,,,,,,,,,,,,,,,,,,,,,,,,,,,,,,,,,,,,,,,,,,,,
MGCBB:V31,(                ),kV,23.7,23.7,23.5,23.5,23.5,23.6,23.6,23.6,23.6,23.6,23.6,23.4,23.4,23.5,23.5,23.5,23.5,23.5,23.5,23.5,23.5,23.5,23.6,23.6,23.6,23.6,23.6,23.6,23.6,23.6,23.6,23.6,23.6,23.6,23.6,23.6,23.6,23.6,23.6,23.6,23.6,23.6,23.5,23.5,23.5,23.5,23.5,23.5,23.3,23.4,23.4,23.3,23.3,23.3,23.2,23.3,23.3,23.2,23.1,23.1,23.1,23.3,23.3,23.3,23.3,23.3,23.2,23.2,23.3,23.3,23.3,23.3,23.4,23.4,23.3,23.3,23.3,23.4,23.3,23.3,23.4,23.3,23.3,23.4,23.3,23.3,23.4,23.4,23.3,23.4,23.3,23.4,23.4,23.4,,,,,,,,,,,,,,,,,,,,,,,,,,,,,,,,,,,,,,,,,,,,,,,,,,
MLB1-1:HZ,(                ),Hz,59,59,59,59,59,59,59,59,59,59,59,59,59,60,59,60,59,60,59,59,59,59,60,60,60,60,60,59,59,59,60,59,60,59,60,60,59,60,60,59,60,59,59,59,59,59,60,60,59,59,59,60,59,59,60,60,60,59,60,59,59,59,60,60,60,60,60,59,59,59,59,59,59,59,60,60,59,59,59,59,59,60,59,59,60,60,59,59,60,60,60,59,60,60,,,,,,,,,,,,,,,,,,,,,,,,,,,,,,,,,,,,,,,,,,,,,,,,,,
MLB1-1:IR,(                ),A,763,727,535,590,550,542,623,503,467,460,515,439,424,541,490,567,517,525,501,499,492,638,462,495,671,581,449,434,466,433,577,472,374,383,396,417,380,365,403,464,440,638,626,647,732,792,834,828,814,679,552,752,822,905,938,938,908,1007,1336,1360,1383,1353,1323,1293,1288,1405,1500,1512,1751,1663,1658,1815,1815,2064,2027,1835,1735,1551,1887,1834,1803,1778,1827,1596,1903,1775,1641,1581,1837,1729,1883,1905,1878,1830,,,,,,,,,,,,,,,,,,,,,,,,,,,,,,,,,,,,,,,,,,,,,,,,,,
MLB1-1:IS,(                ),A,723,632,431,481,450,442,559,444,448,381,463,403,406,460,445,501,442,508,426,464,436,594,417,443,584,526,429,397,432,370,523,429,312,327,358,333,320,301,331,431,392,559,557,542,695,704,805,789,726,638,554,741,826,859,837,918,880,1002,1345,1348,1346,1218,1232,1265,1250,1323,1418,1466,1729,1685,1657,1717,1850,1991,1978,1802,1685,1528,1801,1827,1759,1861,1802,1609,1894,1728,1598,1548,1748,1613,1777,1876,1751,1714,,,,,,,,,,,,,,,,,,,,,,,,,,,,,,,,,,,,,,,,,,,,,,,,,,
MLB1-1:IT,(                ),A,693,596,449,533,534,485,614,449,468,444,442,415,427,486,452,496,491,464,464,465,427,602,398,409,605,505,426,387,443,368,505,406,320,324,356,330,306,321,311,401,378,525,523,539,681,651,793,783,727,643,502,708,807,848,882,927,896,958,1301,1325,1340,1305,1276,1236,1293,1356,1422,1486,1697,1600,1682,1759,1837,1992,2023,1803,1775,1596,1831,1827,1663,1757,1874,1573,1888,1756,1653,1597,1754,1676,1800,1785,1731,1769,,,,,,,,,,,,,,,,,,,,,,,,,,,,,,,,,,,,,,,,,,,,,,,,,,
MLB1-1:KW,(                ),kW,475.6,424.2,295.8,334.7,318.6,305.2,385.9,292.0,288.6,267.1,297.0,261.3,259.0,309.4,289.5,328.0,301.1,308.1,290.4,295.6,282.1,392.7,259.5,279.4,397.9,340.5,266.2,249.7,276.2,238.1,343.2,277.7,204.1,210.6,221.8,216.8,201.4,197.3,208.7,275.7,253.3,370.0,365.8,367.2,455.5,462.7,527.2,520.6,487.8,420.5,338.8,458.9,518.4,543.7,548.6,572.0,564.2,621.3,833.3,843.4,836.6,811.2,796.1,788.0,792.0,855.6,906.5,935.6,1087.9,1033.8,1047.9,1110.9,1158.2,1279.0,1274.9,1142.5,1086.7,970.2,1160.3,1155.5,1100.9,1134.5,1155.4,996.3,1195.6,1101.8,1018.6,984.2,1121.2,1048.9,1143.8,1172.4,1130.4,1116.3,,,,,,,,,,,,,,,,,,,,,,,,,,,,,,,,,,,,,,,,,,,,,,,,,,
MLB1-1:KWH,(                ),,32652794,32652868,32652922,32652980,32653020,32653086,32653142,32653194,32653244,32653286,32653336,32653380,32653428,32653474,32653524,32653568,32653624,32653678,32653722,32653776,32653826,32653888,32653952,32653996,32654058,32654124,32654166,32654216,32654256,32654298,32654340,32654388,32654434,32654470,32654508,32654544,32654578,32654614,32654646,32654692,32654732,32654778,32654832,32654902,32654966,32655044,32655138,32655216,32655296,32655370,32655434,32655494,32655584,32655668,32655760,32655858,32655946,32656054,32656170,32656324,32656454,32656594,32656738,32656878,32657008,32657136,32657284,32657442,32657606,32657760,32657858,32658136,32658326,32658510,32658698,32658924,32659114,32659276,32659466,32659666,32659848,32660038,32660218,32660406,32660602,32660766,32660958,32661118,32661296,32661486,32661620,32661848,32662032,32662136,,,,,,,,,,,,,,,,,,,,,,,,,,,,,,,,,,,,,,,,,,,,,,,,,,
MLB1-1:PF,(                ),,0.98,0.98,0.95,0.95,0.94,0.94,0.97,0.95,0.94,0.94,0.94,0.95,0.94,0.95,0.95,0.95,0.94,0.94,0.94,0.94,0.95,0.97,0.92,0.94,0.97,0.96,0.92,0.93,0.93,0.92,0.97,0.96,0.92,0.92,0.90,0.91,0.91,0.91,0.91,0.96,0.95,0.97,0.97,0.97,0.98,0.98,0.98,0.99,0.99,0.98,0.96,0.96,0.97,0.96,0.96,0.95,0.97,0.97,0.97,0.97,0.96,0.97,0.96,0.96,0.96,0.97,0.97,0.97,0.97,0.97,0.97,0.97,0.97,0.98,0.98,0.97,0.97,0.96,0.97,0.98,0.97,0.97,0.97,0.96,0.97,0.97,0.96,0.96,0.97,0.96,0.97,0.97,0.97,0.97,,,,,,,,,,,,,,,,,,,,,,,,,,,,,,,,,,,,,,,,,,,,,,,,,,
MLB1-1:VRS,(                ),V,383.6,383.7,380.5,380.8,380.4,381.3,381.3,381.5,382.4,382.3,382.6,378.8,379.6,379.6,379.8,380.0,380.2,380.2,380.2,380.6,380.6,381.0,381.2,381.6,380.8,381.2,381.7,381.9,381.9,382.2,382.1,382.3,382.6,382.3,382.2,381.9,381.7,381.8,381.5,381.5,381.6,381.1,380.5,380.1,380.8,379.8,379.1,380.1,377.4,378.4,377.9,376.3,375.4,375.2,373.3,375.2,375.1,373.4,371.2,370.9,369.8,374.4,374.8,374.6,373.6,374.4,372.6,373.1,373.4,373.0,373.8,373.2,373.8,373.6,372.9,373.5,373.5,374.3,372.8,372.8,374.2,373.8,372.8,374.6,373.5,373.5,373.9,374.5,373.2,374.2,373.0,373.8,374.1,373.6,,,,,,,,,,,,,,,,,,,,,,,,,,,,,,,,,,,,,,,,,,,,,,,,,,
MLB1-1:VST,(                ),V,385.0,385.3,382.3,382.5,382.2,383.1,383.0,383.2,384.0,384.0,384.2,380.2,380.6,381.4,381.3,381.6,381.9,381.5,381.9,381.9,382.1,382.5,382.7,383.2,382.5,382.7,382.9,383.1,383.1,383.5,383.5,383.6,383.9,383.4,383.3,383.2,382.9,382.9,382.8,382.5,382.8,382.6,382.0,381.5,382.1,381.0,380.5,381.4,378.9,380.2,379.2,377.6,376.8,376.6,375.3,376.7,376.8,374.9,372.7,372.3,371.6,376.5,377.0,376.3,375.7,376.2,374.6,374.8,375.4,374.4,375.5,375.4,375.5,375.7,375.2,375.3,375.9,376.1,375.1,374.9,376.3,375.5,375.1,376.1,375.4,375.6,376.0,376.4,375.6,376.4,375.4,375.7,376.4,375.7,,,,,,,,,,,,,,,,,,,,,,,,,,,,,,,,,,,,,,,,,,,,,,,,,,
MLB1-1:VTR,(                ),V,384.4,384.6,381.6,381.4,381.0,382.0,381.7,382.2,383.1,382.8,383.4,379.1,379.7,380.5,380.5,380.9,380.8,381.1,381.2,381.3,381.5,381.7,382.0,382.6,381.6,382.2,382.5,382.5,382.4,382.9,382.9,383.0,383.1,382.8,382.7,382.6,382.2,382.3,382.2,382.0,382.4,382.1,381.6,381.1,381.5,380.5,379.9,380.8,378.4,379.4,379.1,377.1,376.2,376.0,374.3,376.0,376.1,374.6,372.2,371.7,371.1,375.8,376.3,376.0,375.0,375.5,374.1,374.3,375.0,374.3,374.9,374.6,374.9,375.0,374.3,374.6,374.7,375.0,374.2,374.1,376.1,375.1,374.0,375.7,374.4,374.7,375.0,375.4,374.8,375.2,374.4,375.4,376.0,374.9,,,,,,,,,,,,,,,,,,,,,,,,,,,,,,,,,,,,,,,,,,,,,,,,,,
MLB2-1:HZ,(                ),Hz,59,59,59,59,59,59,59,59,59,59,59,59,59,60,59,60,59,60,59,59,59,59,60,59,60,60,60,59,59,59,60,59,60,59,60,60,59,60,60,59,60,59,59,59,59,59,60,60,59,59,59,60,59,59,60,60,60,59,60,59,59,59,60,60,60,60,60,59,59,59,59,59,59,59,60,60,59,59,59,59,59,60,59,59,60,60,59,59,60,60,60,59,60,60,,,,,,,,,,,,,,,,,,,,,,,,,,,,,,,,,,,,,,,,,,,,,,,,,,
MLB2-1:IR,(                ),A,91,96,95,92,88,89,96,92,101,91,104,104,96,95,99,96,98,98,93,96,100,98,106,95,89,96,97,93,96,100,99,100,102,94,99,94,100,93,92,91,97,100,91,96,93,97,97,97,116,121,179,176,191,179,356,399,444,480,454,455,652,648,701,889,936,991,1027,1035,1009,1062,1051,1153,1196,1237,1142,1218,1105,1160,1201,1206,1101,1146,1199,1150,1080,1085,1051,1149,1098,1146,1164,1215,1258,1220,,,,,,,,,,,,,,,,,,,,,,,,,,,,,,,,,,,,,,,,,,,,,,,,,,
MLB2-1:IS,(                ),A,70,71,74,73,77,69,76,78,79,75,76,73,72,69,77,72,72,71,70,78,70,75,74,78,72,70,72,73,74,75,77,78,72,84,73,75,70,73,68,72,75,74,69,71,68,69,72,71,82,88,141,141,156,149,317,324,367,413,393,393,529,583,620,793,853,909,969,969,933,1005,958,1038,1071,1162,1042,1138,1061,1044,1106,1101,1014,1028,1082,1101,1020,1019,1026,1062,1088,1126,1108,1104,1125,1119,,,,,,,,,,,,,,,,,,,,,,,,,,,,,,,,,,,,,,,,,,,,,,,,,,
MLB2-1:IT,(                ),A,114,110,106,110,112,111,108,115,118,115,113,119,116,107,111,99,99,92,94,92,94,91,98,89,89,93,86,84,89,93,89,99,91,98,91,87,89,87,91,85,93,90,94,89,90,86,93,89,111,107,158,155,176,171,321,360,388,443,408,426,560,617,650,817,863,922,938,983,940,975,964,1044,1091,1159,1049,1160,1043,1082,1118,1112,1041,1069,1101,1137,1041,1072,1025,1121,1152,1194,1144,1145,1148,1199,,,,,,,,,,,,,,,,,,,,,,,,,,,,,,,,,,,,,,,,,,,,,,,,,,
MLB2-1:KW,(                ),kW,56.8,57.1,56.3,55.2,55.3,54.2,56.4,57.3,61.5,56.8,61.1,59.5,56.8,53.2,57.2,52.8,52.8,50.1,51.2,53.6,52.4,52.7,56.8,51.6,49.2,51.4,49.7,48.5,50.7,54.2,52.3,55.4,51.2,54.2,53.2,50.9,52.1,51.1,49.7,48.6,54.4,53.8,49.4,51.7,49.3,49.3,53.0,51.4,65.5,68.1,103.0,102.0,112.3,107.7,206.4,226.3,253.1,279.1,258.6,262.7,354.7,382.9,415.8,522.8,551.9,581.1,605.3,617.0,598.5,629.5,614.9,673.6,702.5,746.9,677.1,736.3,669.3,685.8,714.5,713.5,659.6,676.2,704.9,709.0,653.5,659.4,647.1,695.6,697.6,726.5,714.1,726.2,744.4,745.0,,,,,,,,,,,,,,,,,,,,,,,,,,,,,,,,,,,,,,,,,,,,,,,,,,
MLB2-1:KWH,(                ),,16469124,16469135,16469143,16469153,16469160,16469173,16469181,16469191,16469201,16469209,16469220,16469229,16469239,16469249,16469259,16469267,16469276,16469285,16469293,16469303,16469312,16469319,16469328,16469337,16469347,16469355,16469362,16469372,16469379,16469389,16469397,16469404,16469414,16469423,16469434,16469441,16469450,16469458,16469467,16469477,16469484,16469493,16469501,16469511,16469520,16469527,16469536,16469545,16469554,16469566,16469579,16469595,16469613,16469631,16469656,16469694,16469729,16469773,16469813,16469862,16469908,16469971,16470042,16470123,16470208,16470299,16470404,16470511,16470615,16470705,16470763,16470927,16471043,16471157,16471260,16471394,16471518,16471628,16471748,16471867,16471978,16472095,16472199,16472319,16472434,16472529,16472655,16472758,16472874,16473000,16473093,16473244,16473359,16473424,,,,,,,,,,,,,,,,,,,,,,,,,,,,,,,,,,,,,,,,,,,,,,,,,,
MLB2-1:PF,(                ),, -0.92, -0.92, -0.93, -0.91, -0.90, -0.91, -0.91, -0.91, -0.93, -0.91, -0.94, -0.92, -0.91, -0.89, -0.90, -0.90, -0.89, -0.87, -0.89, -0.91, -0.90, -0.90, -0.92, -0.89, -0.88, -0.90, -0.88, -0.87, -0.88, -0.91, -0.89, -0.90, -0.89, -0.90, -0.91, -0.90, -0.91, -0.91, -0.89, -0.89, -0.92, -0.92, -0.88, -0.92, -0.89, -0.89, -0.92, -0.91, -0.97, -0.98,0.98,0.99,0.99,0.99,0.96,0.96,0.97,0.96,0.95,0.95,0.95,0.95,0.97,0.96,0.96,0.95,0.95,0.95,0.96,0.95,0.95,0.96,0.96,0.97,0.96,0.96,0.96,0.96,0.96,0.96,0.96,0.96,0.96,0.96,0.96,0.96,0.96,0.96,0.96,0.96,0.96,0.96,0.97,0.97,,,,,,,,,,,,,,,,,,,,,,,,,,,,,,,,,,,,,,,,,,,,,,,,,,
MLB2-1:VRS,(                ),V,385.5,385.6,382.5,382.9,382.4,383.3,383.1,383.1,384.1,384.0,384.4,380.0,380.7,381.4,381.4,381.8,381.9,382.2,382.1,382.4,382.2,382.8,382.9,383.3,382.9,383.1,383.5,383.6,383.7,383.8,384.0,383.9,384.0,383.8,383.9,383.5,382.9,383.4,383.1,383.1,383.0,383.0,382.1,382.2,382.8,381.8,381.2,382.2,379.3,380.0,379.5,378.5,377.4,377.9,375.7,377.3,377.0,375.1,373.5,373.4,372.3,376.5,377.2,376.0,374.9,375.1,373.8,374.3,375.4,374.6,375.3,374.9,375.2,375.6,375.0,375.2,375.4,375.7,374.5,374.2,375.8,375.1,374.3,375.9,375.5,375.3,375.7,375.8,375.2,376.0,375.1,375.4,375.8,375.3,,,,,,,,,,,,,,,,,,,,,,,,,,,,,,,,,,,,,,,,,,,,,,,,,,
MLB2-1:VST,(                ),V,386.8,387.0,384.0,384.2,383.9,384.8,384.6,384.7,385.6,385.5,386.0,381.5,382.1,383.0,382.9,383.3,383.5,383.7,383.5,383.7,383.7,384.2,384.4,384.6,384.2,384.4,384.7,384.8,384.9,385.0,385.2,385.0,385.2,385.0,385.0,384.7,384.1,384.4,384.3,384.1,384.1,384.2,383.4,383.2,384.1,382.9,382.5,383.3,380.5,381.7,380.7,379.8,378.9,379.0,377.1,378.9,378.6,376.8,375.2,374.9,374.2,378.3,379.2,378.1,377.1,377.0,375.6,376.1,377.4,376.2,377.1,376.8,377.3,377.5,377.2,377.0,377.4,377.6,376.7,376.3,378.1,377.5,376.8,377.7,377.3,377.3,377.5,377.8,377.2,377.8,377.2,377.5,377.9,377.4,,,,,,,,,,,,,,,,,,,,,,,,,,,,,,,,,,,,,,,,,,,,,,,,,,
MLB2-1:VTR,(                ),V,385.9,385.9,382.8,383.1,382.7,383.7,383.4,383.6,384.6,384.4,384.9,380.4,381.2,382.0,381.8,382.4,382.5,382.7,382.8,382.9,382.9,383.4,383.6,383.9,383.4,383.7,384.0,384.2,384.1,384.3,384.4,384.3,384.4,384.2,384.2,384.1,383.4,383.8,383.5,383.3,383.5,383.5,382.7,382.6,383.2,382.1,381.7,382.7,379.9,380.9,380.2,379.1,378.1,378.5,376.3,378.2,377.9,376.2,374.6,374.0,373.6,377.8,378.6,377.5,376.5,376.4,375.2,375.6,376.9,375.9,376.7,376.3,376.8,377.0,376.5,376.3,376.8,376.7,376.0,375.7,377.5,376.8,376.1,377.0,376.5,376.3,376.7,376.8,376.2,376.6,376.3,376.9,377.3,376.4,,,,,,,,,,,,,,,,,,,,,,,,,,,,,,,,,,,,,,,,,,,,,,,,,,
MLB3-1:HZ,(                ),Hz,59,59,59,59,59,59,59,59,59,59,59,59,59,60,59,60,59,60,59,59,59,59,60,60,60,60,60,59,59,59,60,59,60,59,60,60,59,60,60,59,60,59,59,59,59,59,60,60,59,59,59,60,59,59,60,60,60,59,60,59,59,59,60,60,60,60,60,59,59,59,59,59,59,59,60,60,59,59,59,59,59,60,59,59,60,60,59,59,60,60,60,59,60,60,,,,,,,,,,,,,,,,,,,,,,,,,,,,,,,,,,,,,,,,,,,,,,,,,,
MLB3-1:IR,(                ),A,327,311,296,314,297,314,318,287,284,313,300,243,209,246,233,220,211,254,233,254,242,264,208,233,253,248,276,245,242,246,245,231,230,226,225,262,253,235,257,235,229,231,226,218,202,275,234,270,307,297,340,413,516,583,760,744,858,937,1065,1069,1223,1388,1411,1387,1317,1398,1447,1538,1577,1535,1535,1526,1601,1651,1603,1671,1631,1643,1575,1602,1584,1687,1588,1618,1599,1618,1657,1568,1562,1597,1540,1543,1586,1562,,,,,,,,,,,,,,,,,,,,,,,,,,,,,,,,,,,,,,,,,,,,,,,,,,
MLB3-1:IS,(                ),A,314,283,297,292,302,316,304,289,294,319,313,291,262,265,263,229,221,272,226,278,250,243,228,251,260,247,246,226,287,249,239,245,255,269,239,252,244,244,265,222,259,238,213,201,215,262,240,244,303,259,297,426,507,502,706,722,842,913,1020,1109,1182,1355,1330,1304,1259,1386,1392,1417,1389,1415,1453,1511,1518,1560,1475,1562,1607,1540,1542,1533,1547,1587,1554,1580,1589,1554,1638,1570,1602,1541,1475,1485,1633,1509,,,,,,,,,,,,,,,,,,,,,,,,,,,,,,,,,,,,,,,,,,,,,,,,,,
MLB3-1:IT,(                ),A,332,310,329,357,329,354,347,360,335,333,338,290,249,257,251,243,253,279,299,265,273,285,245,257,284,251,264,259,279,290,251,270,267,261,254,278,277,269,283,269,265,240,213,203,212,249,285,317,329,316,311,433,538,498,721,734,860,925,1033,1148,1179,1310,1381,1312,1264,1315,1360,1374,1397,1433,1426,1516,1501,1554,1523,1591,1636,1488,1505,1520,1584,1603,1600,1552,1527,1544,1597,1484,1584,1539,1499,1423,1522,1465,,,,,,,,,,,,,,,,,,,,,,,,,,,,,,,,,,,,,,,,,,,,,,,,,,
MLB3-1:KW,(                ),kW,209.1,194.2,198.3,206.5,198.0,212.3,209.5,199.5,194.9,206.1,202.8,173.1,152.7,162.7,159.5,145.7,144.1,169.0,159.1,167.5,161.2,166.7,144.1,157.1,167.6,156.7,165.4,153.1,170.2,166.3,155.3,157.8,158.0,158.4,150.6,164.9,162.3,157.2,168.9,152.3,158.9,149.7,138.4,132.0,133.2,167.7,159.8,175.2,197.6,183.8,198.6,262.8,322.4,329.9,456.3,462.0,538.2,579.7,646.5,691.0,745.7,858.9,875.4,848.5,808.3,862.4,880.0,909.8,920.4,921.7,930.1,960.2,975.4,1009.8,973.0,1020.5,1041.0,989.9,969.2,983.6,1000.2,1033.0,1000.8,1006.0,997.2,996.4,1036.0,975.9,1003.9,989.5,951.9,940.0,1004.8,956.7,,,,,,,,,,,,,,,,,,,,,,,,,,,,,,,,,,,,,,,,,,,,,,,,,,
MLB3-1:KWH,(                ),,27480810,27480846,27480878,27480912,27480938,27480976,27481010,27481046,27481078,27481108,27481142,27481174,27481202,27481230,27481254,27481276,27481304,27481330,27481356,27481386,27481412,27481438,27481468,27481490,27481516,27481548,27481570,27481600,27481626,27481654,27481678,27481702,27481732,27481760,27481784,27481814,27481840,27481866,27481896,27481922,27481946,27481974,27481992,27482020,27482040,27482068,27482094,27482122,27482154,27482184,27482218,27482252,27482300,27482356,27482420,27482500,27482578,27482672,27482762,27482884,27482994,27483128,27483276,27483424,27483558,27483694,27483844,27483996,27484152,27484290,27484376,27484610,27484772,27484924,27485070,27485258,27485432,27485590,27485762,27485932,27486096,27486270,27486430,27486604,27486776,27486926,27487116,27487274,27487446,27487618,27487742,27487936,27488084,27488172,,,,,,,,,,,,,,,,,,,,,,,,,,,,,,,,,,,,,,,,,,,,,,,,,,
MLB3-1:PF,(                ),,0.97,0.97,0.97,0.97,0.97,0.98,0.98,0.96,0.96,0.96,0.96,0.96,0.96,0.96,0.97,0.96,0.95,0.95,0.95,0.95,0.95,0.95,0.96,0.96,0.95,0.95,0.95,0.95,0.95,0.96,0.95,0.96,0.95,0.95,0.95,0.94,0.95,0.95,0.95,0.95,0.96,0.96,0.96,0.96,0.96,0.97,0.96,0.96,0.96,0.96,0.96,0.95,0.95,0.96,0.96,0.96,0.97,0.97,0.96,0.97,0.97,0.98,0.98,0.98,0.97,0.97,0.97,0.97,0.97,0.97,0.97,0.97,0.97,0.98,0.98,0.98,0.98,0.98,0.97,0.98,0.98,0.98,0.97,0.98,0.98,0.97,0.98,0.97,0.98,0.97,0.97,0.97,0.98,0.97,,,,,,,,,,,,,,,,,,,,,,,,,,,,,,,,,,,,,,,,,,,,,,,,,,
MLB3-1:VRS,(                ),V,384.5,384.7,381.6,381.9,381.5,382.5,382.4,382.3,383.3,383.1,383.4,379.3,380.2,380.7,380.7,381.1,381.2,381.2,381.7,381.5,381.5,381.8,382.4,382.6,381.9,382.2,382.7,382.8,383.0,383.1,383.1,383.0,383.2,383.0,383.1,382.5,382.2,382.4,382.2,382.2,382.2,382.2,381.3,381.3,382.1,380.9,380.4,381.2,378.5,379.0,378.6,377.3,376.0,376.3,374.3,376.4,375.3,373.6,371.6,371.6,370.9,375.0,375.5,375.0,374.1,374.6,372.9,373.1,374.2,373.7,374.4,374.4,374.6,375.1,374.1,374.3,374.5,375.1,374.0,373.7,375.0,374.3,373.8,375.2,374.9,374.4,374.6,375.1,374.4,375.1,374.4,374.8,375.3,374.3,,,,,,,,,,,,,,,,,,,,,,,,,,,,,,,,,,,,,,,,,,,,,,,,,,
MLB3-1:VST,(                ),V,385.8,386.1,383.0,383.3,382.9,384.0,384.0,383.9,384.8,384.5,384.9,380.5,381.3,382.2,382.0,382.5,382.7,382.5,383.1,382.8,382.8,383.2,383.7,384.0,383.3,383.5,384.1,384.2,384.0,384.3,384.4,384.1,384.2,383.9,384.1,383.8,383.4,383.5,383.4,383.3,383.2,383.4,382.7,382.4,383.3,382.0,381.8,382.5,379.6,381.0,380.1,378.5,377.6,377.8,376.1,378.0,377.0,375.2,373.4,373.0,372.7,376.7,377.5,377.1,376.4,376.2,374.9,375.2,376.6,375.6,376.2,376.1,376.4,377.0,376.5,376.3,376.7,377.1,375.9,375.8,377.3,376.6,376.1,376.9,376.2,376.4,376.4,376.6,376.2,377.0,376.6,376.7,376.8,376.2,,,,,,,,,,,,,,,,,,,,,,,,,,,,,,,,,,,,,,,,,,,,,,,,,,
MLB3-1:VTR,(                ),V,384.7,384.9,381.9,381.9,381.6,382.5,382.4,382.3,383.5,383.2,383.6,379.3,380.4,381.0,380.9,381.4,381.4,381.4,381.6,381.8,381.8,382.1,382.7,382.9,382.2,382.7,383.0,383.1,382.9,383.3,383.4,383.1,383.3,383.1,383.2,382.8,382.4,382.6,382.4,382.2,382.5,382.6,382.0,381.7,382.4,381.1,380.7,381.2,378.9,379.8,379.4,377.7,376.5,377.3,375.1,377.1,376.1,374.5,372.4,371.8,371.9,376.2,376.6,376.5,375.6,375.8,374.3,374.9,376.1,375.1,375.7,375.3,376.0,376.4,375.6,375.5,375.7,376.4,375.2,375.0,376.2,375.7,374.9,376.1,375.7,375.4,375.6,376.0,375.2,376.0,375.4,376.3,376.4,375.4,,,,,,,,,,,,,,,,,,,,,,,,,,,,,,,,,,,,,,,,,,,,,,,,,,
MLB4-1:HZ,(                ),Hz,59,59,59,59,59,59,59,59,59,59,59,59,59,60,59,60,59,60,59,59,59,59,60,60,60,60,60,59,59,59,60,59,60,59,60,60,59,60,60,59,60,59,59,59,59,59,60,60,59,59,59,60,59,59,60,60,60,59,60,59,59,59,60,60,60,60,60,59,59,59,59,59,59,59,60,60,59,59,59,59,59,60,59,59,60,60,59,59,60,60,60,59,60,60,,,,,,,,,,,,,,,,,,,,,,,,,,,,,,,,,,,,,,,,,,,,,,,,,,
MLB4-1:IR,(                ),A,186,178,171,154,175,178,180,155,176,176,168,161,158,147,152,142,141,154,132,135,131,134,130,146,143,127,131,137,139,145,143,121,122,132,137,132,139,126,126,122,114,156,150,138,148,152,151,158,213,179,238,362,479,560,572,638,707,853,757,787,781,825,956,995,1047,1148,1215,1255,1242,1344,1260,1301,1259,1288,1274,1250,1262,1238,1227,1216,1222,1273,1280,1213,1244,1331,1194,1206,1184,1241,1231,1264,1221,1182,,,,,,,,,,,,,,,,,,,,,,,,,,,,,,,,,,,,,,,,,,,,,,,,,,
MLB4-1:IS,(                ),A,185,203,182,166,193,202,179,146,185,151,169,202,143,145,180,153,132,151,123,122,125,118,115,144,137,118,148,132,122,146,138,120,124,121,117,111,124,115,121,121,108,145,136,118,161,141,131,144,208,163,234,323,411,583,550,597,685,814,771,780,858,881,999,975,969,1069,1141,1235,1213,1292,1197,1234,1271,1205,1266,1235,1261,1229,1212,1218,1223,1274,1317,1225,1239,1333,1170,1215,1150,1218,1225,1219,1210,1165,,,,,,,,,,,,,,,,,,,,,,,,,,,,,,,,,,,,,,,,,,,,,,,,,,
MLB4-1:IT,(                ),A,225,206,201,193,199,222,200,170,170,181,189,194,170,162,194,175,170,164,144,137,134,144,141,158,153,131,149,134,141,158,141,131,147,140,134,109,154,121,144,114,126,143,151,145,151,143,165,175,230,190,227,372,449,582,613,622,731,875,822,798,813,961,1047,1050,1114,1160,1240,1299,1300,1372,1310,1348,1305,1321,1371,1316,1340,1329,1276,1286,1322,1383,1333,1316,1342,1416,1244,1286,1258,1311,1264,1250,1320,1215,,,,,,,,,,,,,,,,,,,,,,,,,,,,,,,,,,,,,,,,,,,,,,,,,,
MLB4-1:KW,(                ),kW,125.3,122.4,113.9,105.8,116.6,124.4,116.9,98.3,109.9,104.2,107.9,113.9,97.4,95.3,110.0,98.0,91.6,96.7,78.8,77.9,76.9,78.3,77.4,89.1,90.2,77.2,86.5,80.1,79.6,89.9,84.3,73.8,78.1,77.6,76.8,70.5,85.6,72.6,77.0,72.2,69.4,90.8,88.6,79.0,92.0,86.9,88.6,97.5,139.3,111.0,148.2,224.2,285.7,356.1,357.7,383.8,441.5,527.5,481.4,484.8,504.5,560.4,638.2,641.2,663.9,716.4,762.7,804.3,799.9,853.7,803.3,828.2,819.7,815.5,834.1,809.9,832.8,811.5,790.7,790.4,803.4,838.4,837.4,799.6,814.6,872.0,768.7,791.0,764.6,805.7,793.6,796.9,800.5,758.1,,,,,,,,,,,,,,,,,,,,,,,,,,,,,,,,,,,,,,,,,,,,,,,,,,
MLB4-1:KWH,(                ),,22216948,22216970,22216988,22217008,22217024,22217046,22217066,22217084,22217100,22217116,22217134,22217152,22217170,22217188,22217204,22217218,22217236,22217252,22217266,22217280,22217294,22217306,22217320,22217334,22217348,22217362,22217374,22217390,22217404,22217418,22217430,22217442,22217456,22217468,22217482,22217494,22217506,22217518,22217532,22217544,22217556,22217568,22217582,22217600,22217612,22217626,22217642,22217658,22217678,22217696,22217720,22217748,22217790,22217842,22217906,22217972,22218038,22218114,22218186,22218278,22218354,22218434,22218544,22218652,22218760,22218868,22218998,22219136,22219270,22219392,22219466,22219666,22219806,22219932,22220052,22220208,22220350,22220478,22220622,22220762,22220894,22221030,22221156,22221294,22221430,22221552,22221706,22221830,22221972,22222110,22222212,22222368,22222492,22222560,,,,,,,,,,,,,,,,,,,,,,,,,,,,,,,,,,,,,,,,,,,,,,,,,,
MLB4-1:PF,(                ),,0.95,0.94,0.93,0.93,0.93,0.94,0.95,0.95,0.94,0.93,0.93,0.93,0.94,0.95,0.95,0.95,0.94,0.94,0.90,0.90,0.90,0.90,0.91,0.90,0.94,0.93,0.91,0.90,0.89,0.91,0.90,0.90,0.90,0.89,0.90,0.91,0.92,0.91,0.89,0.92,0.90,0.93,0.92,0.89,0.91,0.91,0.90,0.93,0.98,0.95,0.97,0.97,0.98,0.95,0.95,0.95,0.96,0.96,0.95,0.95,0.96,0.97,0.98,0.98,0.98,0.98,0.98,0.98,0.98,0.98,0.98,0.98,0.98,0.98,0.98,0.98,0.98,0.98,0.98,0.98,0.98,0.98,0.98,0.98,0.98,0.98,0.98,0.98,0.98,0.98,0.98,0.98,0.98,0.98,,,,,,,,,,,,,,,,,,,,,,,,,,,,,,,,,,,,,,,,,,,,,,,,,,
MLB4-1:VRS,(                ),V,384.4,384.6,381.3,382.0,381.3,382.1,382.1,382.3,383.2,382.8,383.3,378.9,379.7,380.5,380.4,380.8,380.9,381.0,381.3,381.3,381.1,381.7,382.0,382.2,381.9,382.0,382.6,382.5,382.5,382.8,382.8,382.8,382.9,382.8,382.7,382.4,382.0,382.4,382.1,382.1,382.2,381.8,381.1,381.1,381.7,380.6,380.0,380.9,378.4,379.0,378.6,377.3,376.1,376.1,374.8,376.4,375.8,373.5,372.3,372.0,371.7,376.3,376.4,375.9,374.8,375.4,373.8,374.1,375.2,374.4,375.3,375.3,375.8,376.2,375.2,375.5,375.7,376.4,375.0,374.5,376.0,375.5,375.0,376.3,375.8,375.5,376.0,376.4,375.5,376.3,375.6,375.8,376.3,375.8,,,,,,,,,,,,,,,,,,,,,,,,,,,,,,,,,,,,,,,,,,,,,,,,,,
MLB4-1:VST,(                ),V,385.5,385.6,382.5,383.1,382.6,383.5,383.4,383.8,384.3,384.2,384.7,380.0,380.9,381.8,381.5,382.1,382.2,382.2,382.6,382.5,382.4,382.9,383.3,383.5,383.0,383.1,383.7,383.6,383.6,383.8,383.8,383.8,384.0,383.7,383.7,383.5,382.8,383.4,383.1,382.9,383.1,382.9,382.2,382.0,382.7,381.5,381.2,381.9,379.4,380.5,379.7,378.6,377.7,377.2,376.3,377.9,377.3,375.2,373.6,373.4,372.9,377.7,377.9,377.7,377.2,377.2,375.9,375.9,377.3,376.2,377.2,377.1,377.3,378.2,377.3,377.2,377.6,378.1,377.0,376.5,378.1,377.6,376.9,377.8,377.5,377.5,377.9,378.1,377.7,378.1,377.4,377.8,378.1,377.6,,,,,,,,,,,,,,,,,,,,,,,,,,,,,,,,,,,,,,,,,,,,,,,,,,
MLB4-1:VTR,(                ),V,384.5,384.5,381.5,381.9,381.5,382.2,382.1,382.5,383.4,383.1,383.5,378.9,379.9,380.8,380.5,381.1,381.0,381.2,381.5,381.5,381.5,381.9,382.4,382.6,382.1,382.4,382.8,382.9,382.7,383.1,383.0,383.1,383.0,382.9,382.9,382.8,382.0,382.7,382.2,382.2,382.4,382.2,381.6,381.2,381.9,380.6,380.3,381.1,378.7,379.6,379.1,377.7,376.8,376.4,375.1,377.2,376.5,374.2,372.6,372.4,372.5,376.6,377.1,376.8,375.8,376.2,374.7,375.1,376.4,375.3,376.2,375.9,376.7,377.2,376.0,376.2,376.5,376.7,376.0,375.4,376.9,376.3,376.1,376.6,376.1,376.0,376.7,376.8,376.3,376.6,376.5,376.9,376.9,376.4,,,,,,,,,,,,,,,,,,,,,,,,,,,,,,,,,,,,,,,,,,,,,,,,,,
ACMP-1:HZ,(                ),Hz,59,59,59,59,59,59,59,59,59,59,59,59,59,60,59,60,59,60,59,59,59,59,60,59,60,60,60,59,59,59,60,59,60,59,60,60,59,60,60,59,60,59,59,60,59,59,60,60,59,59,59,60,59,59,60,60,60,59,60,59,59,59,60,59,60,60,60,59,59,59,59,59,59,59,60,60,59,59,59,59,59,60,59,59,60,59,59,59,60,60,60,59,60,60,,,,,,,,,,,,,,,,,,,,,,,,,,,,,,,,,,,,,,,,,,,,,,,,,,
ACMP-1:IR,(                ),A,511.2,358.9,346.8,406.0,342.6,327.7,328.2,339.7,324.9,327.7,332.6,358.5,7.9,7.8,7.7,8.6,8.5,7.7,7.7,8.5,8.4,7.8,7.8,8.4,8.6,7.8,7.7,7.8,8.2,8.3,7.7,7.6,67.2,21.0,337.9,595.7,594.3,596.2,597.8,594.7,596.0,565.8,474.5,373.2,314.5,289.1,289.3,282.9,286.8,314.8,415.5,438.7,503.2,547.8,608.9,598.8,692.5,1138.4,1540.6,1544.2,1552.9,1545.9,1546.3,1543.4,1550.0,1543.7,1543.5,1540.4,1547.1,1449.6,1541.7,1540.0,1539.1,1540.8,1544.5,1545.1,1539.9,1531.7,1545.8,1542.3,1539.8,1544.4,1542.9,1528.7,1533.1,1480.6,1527.3,1530.3,1535.4,1534.3,1510.6,1530.3,1531.7,1534.2,,,,,,,,,,,,,,,,,,,,,,,,,,,,,,,,,,,,,,,,,,,,,,,,,,
ACMP-1:IS,(                ),A,495,347,330,393,327,311,313,322,308,313,315,341,9,8,9,10,10,9,8,10,10,8,9,10,10,8,9,8,10,10,8,9,67,21,326,580,580,581,580,581,582,548,456,357,299,277,274,269,275,296,397,420,485,535,592,586,678,1143,1562,1568,1574,1566,1558,1560,1560,1560,1556,1554,1558,1464,1553,1557,1553,1558,1557,1564,1554,1554,1559,1556,1546,1553,1552,1545,1553,1493,1545,1552,1549,1555,1524,1542,1544,1550,,,,,,,,,,,,,,,,,,,,,,,,,,,,,,,,,,,,,,,,,,,,,,,,,,
ACMP-1:IT,(                ),A,521,369,352,417,351,336,336,347,331,336,337,363,8,7,8,8,7,8,7,7,8,7,8,8,7,7,8,7,8,8,7,8,65,19,345,609,607,609,610,606,609,575,480,377,316,294,289,284,286,312,414,440,508,555,617,605,698,1154,1565,1568,1572,1569,1563,1562,1570,1564,1562,1556,1562,1462,1557,1560,1554,1559,1565,1565,1562,1558,1563,1563,1554,1562,1560,1548,1556,1500,1550,1556,1558,1561,1534,1549,1551,1558,,,,,,,,,,,,,,,,,,,,,,,,,,,,,,,,,,,,,,,,,,,,,,,,,,
ACMP-1:KW,(                ),kW,319.9,219.8,207.2,249.3,205.4,195.7,196.8,204.2,193.7,196.9,198.2,214.2,3.9,3.1,3.8,4.5,3.8,3.8,3.1,3.8,4.4,3.2,3.8,4.5,3.8,3.2,3.9,3.2,4.5,4.5,3.2,3.9,29.9,9.0,202.4,374.1,372.3,374.4,374.2,372.7,374.4,353.2,291.5,224.4,185.0,168.7,167.3,164.1,165.9,182.2,250.8,266.5,307.8,339.2,375.5,371.4,425.3,709.5,954.9,957.0,958.3,966.1,966.9,965.3,965.2,963.7,959.5,959.0,964.4,905.4,962.3,961.8,960.5,965.3,962.4,964.8,963.2,960.7,962.4,959.9,960.1,964.1,961.7,958.7,959.4,927.0,956.1,960.2,958.3,964.1,943.8,957.6,958.8,961.3,,,,,,,,,,,,,,,,,,,,,,,,,,,,,,,,,,,,,,,,,,,,,,,,,,
ACMP-1:KWH,(                ),,11890228,11890271,11890304,11890343,11890373,11890414,11890444,11890481,11890516,11890546,11890581,11890617,11890639,11890640,11890640,11890641,11890642,11890642,11890643,11890643,11890644,11890645,11890645,11890646,11890647,11890647,11890648,11890649,11890649,11890650,11890650,11890651,11890655,11890658,11890666,11890726,11890790,11890851,11890915,11890979,11891038,11891101,11891148,11891201,11891231,11891263,11891289,11891318,11891345,11891372,11891409,11891448,11891496,11891550,11891614,11891679,11891740,11891818,11891952,11892133,11892283,11892450,11892616,11892740,11892938,11893088,11893255,11893420,11893584,11893721,11893809,11894052,11894218,11894366,11894508,11894690,11894856,11895007,11895173,11895337,11895494,11895660,11895811,11895976,11896139,11896281,11896461,11896612,11896778,11896944,11897067,11897263,11897413,11897499,,,,,,,,,,,,,,,,,,,,,,,,,,,,,,,,,,,,,,,,,,,,,,,,,,
ACMP-1:PF,(                ),,0.92,0.90,0.90,0.91,0.89,0.89,0.89,0.90,0.89,0.89,0.89,0.90,0.69,0.61,0.69,0.74,0.67,0.69,0.61,0.67,0.73,0.62,0.69,0.73,0.67,0.61,0.69,0.61,0.74,0.74,0.62,0.69,0.66,0.66,0.89,0.93,0.93,0.93,0.93,0.93,0.93,0.93,0.92,0.90,0.88,0.87,0.88,0.87,0.88,0.88,0.91,0.92,0.93,0.93,0.94,0.94,0.93,0.94,0.94,0.94,0.94,0.94,0.94,0.94,0.94,0.94,0.94,0.94,0.94,0.94,0.94,0.94,0.94,0.94,0.94,0.94,0.94,0.94,0.94,0.94,0.94,0.94,0.94,0.94,0.94,0.94,0.94,0.94,0.94,0.94,0.94,0.94,0.94,0.94,,,,,,,,,,,,,,,,,,,,,,,,,,,,,,,,,,,,,,,,,,,,,,,,,,
ACMP-1:VRS,(                ),V,391.7,392.2,388.1,388.6,389.1,390.4,388.6,389.1,390.8,391.1,391.5,386.7,388.8,389.4,389.3,389.8,389.6,389.8,389.9,390.1,390.2,390.6,390.9,391.4,390.8,390.8,391.3,391.3,391.4,391.8,391.7,391.6,391.8,391.4,389.8,389.4,389.3,388.9,389.2,388.6,388.6,389.0,388.1,387.5,389.8,388.8,388.5,388.5,386.8,387.1,385.9,384.0,384.3,384.1,381.3,385.2,383.8,379.0,375.3,374.9,375.8,380.4,379.6,380.1,379.2,379.1,377.7,378.4,380.3,378.6,379.1,379.1,379.7,379.7,379.5,379.2,380.0,380.5,379.1,379.0,379.7,379.6,379.4,380.6,379.8,379.5,380.2,380.0,379.6,379.6,379.4,379.8,379.9,379.4,,,,,,,,,,,,,,,,,,,,,,,,,,,,,,,,,,,,,,,,,,,,,,,,,,
ACMP-1:VST,(                ),V,392.5,393.3,389.7,390.2,390.3,390.3,391.4,391.7,392.8,391.0,390.0,388.2,388.3,389.3,388.9,389.4,389.4,389.3,390.0,390.0,390.2,390.0,390.2,391.2,390.6,390.4,390.8,391.2,391.2,391.4,391.8,391.1,390.9,390.9,390.2,389.2,388.0,389.7,388.2,389.1,388.9,388.3,389.2,390.0,389.6,389.2,388.4,389.5,386.4,385.8,387.2,386.1,383.3,384.5,383.0,383.5,383.3,379.4,375.9,376.0,374.8,379.0,381.5,380.7,378.7,379.9,378.8,379.9,380.0,380.4,380.7,380.0,380.0,382.5,380.4,379.3,380.5,381.4,378.5,378.4,380.2,380.9,379.7,382.0,381.1,380.7,380.3,380.8,379.8,382.8,379.2,382.4,381.5,381.6,,,,,,,,,,,,,,,,,,,,,,,,,,,,,,,,,,,,,,,,,,,,,,,,,,
ACMP-1:VTR,(                ),V,392.6,392.9,389.0,390.0,390.4,389.8,390.9,390.9,392.6,391.4,393.4,386.7,389.9,390.8,390.7,391.1,391.0,391.1,391.5,391.4,391.4,391.8,392.2,392.7,391.9,391.9,392.6,392.5,392.5,393.0,393.0,392.8,392.6,392.6,391.7,389.9,387.4,390.1,389.7,389.1,389.9,390.0,388.6,389.1,390.2,387.1,386.5,388.5,386.6,389.3,387.9,385.2,384.7,385.2,381.1,383.8,385.6,380.7,375.4,375.5,372.6,377.7,380.6,379.7,378.4,378.8,377.7,377.7,377.7,380.0,380.9,379.1,380.4,379.3,376.7,380.5,379.7,379.1,379.5,377.8,381.6,380.4,379.4,381.2,378.8,381.1,380.3,380.4,379.0,380.5,379.8,380.0,381.1,380.6,,,,,,,,,,,,,,,,,,,,,,,,,,,,,,,,,,,,,,,,,,,,,,,,,,
ACMP-2:HZ,(                ),Hz,59,59,59,59,59,59,59,59,59,59,59,59,59,60,59,60,59,60,59,59,59,59,60,60,60,60,60,59,59,59,60,59,60,59,60,60,59,60,60,59,60,59,59,59,59,59,60,60,59,59,59,60,59,59,60,60,60,59,60,59,59,59,60,59,60,60,60,59,59,59,59,59,59,60,60,60,59,59,59,59,59,60,59,59,60,60,59,59,60,60,60,59,60,60,,,,,,,,,,,,,,,,,,,,,,,,,,,,,,,,,,,,,,,,,,,,,,,,,,
ACMP-2:IR,(                ),A,247,248,222,257,243,243,277,264,221,257,234,241,117,116,116,116,116,115,116,115,116,116,85,84,167,167,167,167,167,167,196,196,267,268,289,284,262,283,283,263,252,296,196,195,195,194,216,213,214,214,293,295,293,355,311,336,603,583,1034,1041,1057,1034,1037,1028,1060,1041,1047,1043,1042,1038,1039,1039,1043,1036,1050,1038,1037,1029,1032,1043,1040,1038,1038,1036,1034,1036,1034,1026,1047,1033,1036,1028,1026,1025,,,,,,,,,,,,,,,,,,,,,,,,,,,,,,,,,,,,,,,,,,,,,,,,,,
ACMP-2:IS,(                ),A,247,246,221,257,242,241,277,263,220,256,234,239,112,111,111,111,110,110,111,110,111,110,78,78,164,165,163,164,164,165,194,193,269,269,292,287,263,287,285,265,254,298,194,195,193,194,217,215,215,214,299,301,299,373,319,343,625,606,1086,1095,1109,1086,1084,1077,1104,1089,1095,1088,1087,1090,1085,1088,1090,1085,1096,1088,1083,1081,1078,1090,1084,1083,1084,1086,1086,1083,1083,1075,1093,1084,1083,1074,1074,1073,,,,,,,,,,,,,,,,,,,,,,,,,,,,,,,,,,,,,,,,,,,,,,,,,,
ACMP-2:IT,(                ),A,245,246,220,257,242,241,276,264,220,255,233,239,113,115,114,113,113,114,113,113,113,113,81,81,166,167,168,166,167,166,197,196,268,268,290,284,262,283,283,262,250,296,193,193,193,192,215,212,212,212,294,297,295,365,316,339,616,596,1070,1080,1089,1070,1069,1059,1091,1074,1079,1071,1070,1071,1070,1073,1074,1068,1082,1072,1072,1067,1063,1075,1071,1070,1071,1072,1072,1070,1070,1062,1081,1071,1073,1061,1060,1061,,,,,,,,,,,,,,,,,,,,,,,,,,,,,,,,,,,,,,,,,,,,,,,,,,
ACMP-2:KW,(                ),kW,141.5,141.1,125.9,147.1,138.3,138.0,157.9,150.6,125.7,146.8,133.8,136.5,63.5,63.5,63.3,63.3,63.1,63.3,63.2,63.1,63.5,63.2,47.2,47.1,90.9,91.3,91.2,91.1,91.3,91.1,106.6,106.2,153.4,153.5,166.1,162.7,149.5,162.6,161.7,150.2,143.7,169.2,109.5,109.3,109.0,108.8,122.0,120.3,120.1,120.0,167.0,167.7,166.1,204.5,177.7,191.8,348.5,335.2,639.7,644.7,652.6,645.7,644.9,639.8,656.4,647.6,648.3,646.5,646.5,645.0,645.2,646.3,648.7,646.8,653.4,646.5,644.0,643.2,640.7,647.1,646.4,646.2,644.5,645.2,645.4,645.9,645.0,640.5,649.7,644.9,645.2,639.0,639.1,640.0,,,,,,,,,,,,,,,,,,,,,,,,,,,,,,,,,,,,,,,,,,,,,,,,,,
ACMP-2:KWH,(                ),,19250344,19250368,19250388,19250414,19250432,19250460,19250482,19250510,19250532,19250552,19250576,19250602,19250624,19250634,19250644,19250654,19250666,19250676,19250686,19250698,19250708,19250718,19250728,19250736,19250746,19250760,19250774,19250792,19250806,19250822,19250836,19250852,19250882,19250908,19250932,19250960,19250986,19251012,19251040,19251068,19251090,19251116,19251140,19251158,19251178,19251196,19251218,19251238,19251258,19251276,19251302,19251326,19251356,19251386,19251418,19251450,19251492,19251550,19251626,19251746,19251848,19251960,19252072,19252154,19252286,19252388,19252500,19252610,19252722,19252816,19252876,19253036,19253150,19253250,19253346,19253466,19253580,19253680,19253792,19253902,19254008,19254118,19254220,19254330,19254440,19254536,19254656,19254758,19254870,19254980,19255064,19255194,19255294,19255352,,,,,,,,,,,,,,,,,,,,,,,,,,,,,,,,,,,,,,,,,,,,,,,,,,
ACMP-2:PF,(                ),,0.84,0.84,0.84,0.85,0.84,0.84,0.84,0.84,0.84,0.84,0.84,0.85,0.83,0.82,0.82,0.83,0.83,0.82,0.82,0.83,0.83,0.83,0.85,0.85,0.81,0.81,0.81,0.81,0.81,0.81,0.80,0.80,0.84,0.84,0.84,0.84,0.84,0.84,0.84,0.84,0.84,0.84,0.83,0.83,0.83,0.83,0.84,0.83,0.84,0.84,0.84,0.84,0.84,0.84,0.85,0.85,0.85,0.85,0.92,0.92,0.92,0.92,0.92,0.91,0.91,0.91,0.92,0.91,0.91,0.92,0.92,0.92,0.91,0.91,0.91,0.91,0.91,0.91,0.91,0.92,0.91,0.91,0.91,0.91,0.91,0.91,0.91,0.91,0.91,0.91,0.91,0.91,0.91,0.91,,,,,,,,,,,,,,,,,,,,,,,,,,,,,,,,,,,,,,,,,,,,,,,,,,
ACMP-2:VRS,(                ),V,393.0,392.4,390.3,390.1,389.4,390.5,390.0,390.3,391.8,391.3,392.3,386.8,389.0,389.7,389.8,390.2,389.9,390.4,390.4,390.6,390.8,390.8,391.4,391.7,390.9,391.1,392.1,392.1,391.8,391.9,391.7,391.8,390.9,390.6,390.1,389.9,389.7,390.3,389.4,389.9,390.5,389.4,389.7,389.5,390.3,389.1,388.8,389.7,386.9,388.0,386.5,385.5,384.5,384.3,382.9,385.1,383.9,381.9,378.0,377.8,377.2,382.7,381.6,382.2,381.7,381.9,380.9,380.8,381.4,381.5,381.3,381.8,381.9,382.6,382.1,382.4,381.4,382.5,381.5,381.4,383.1,382.5,382.6,382.3,382.3,382.3,382.6,382.3,381.2,381.7,382.3,382.9,383.5,382.5,,,,,,,,,,,,,,,,,,,,,,,,,,,,,,,,,,,,,,,,,,,,,,,,,,
ACMP-2:VST,(                ),V,393.6,392.9,389.9,390.8,389.8,391.0,390.4,390.9,392.3,391.8,392.4,387.3,389.7,390.2,390.8,390.6,390.7,390.3,391.2,390.8,390.6,391.6,392.2,392.0,391.4,391.5,392.5,392.3,392.2,392.4,392.7,392.3,391.3,391.1,391.2,390.9,390.4,391.2,390.4,390.5,390.9,390.0,389.6,389.5,391.3,389.7,389.4,389.9,387.3,388.3,386.9,385.8,385.1,385.4,383.6,385.2,384.1,382.5,379.4,378.6,379.3,382.9,383.7,383.1,382.2,382.8,379.9,383.0,383.9,381.7,382.8,382.2,384.2,385.1,383.8,382.7,382.7,384.4,382.4,381.6,383.6,383.5,381.1,383.0,383.5,384.0,383.2,384.8,382.8,384.1,382.8,381.7,382.3,384.6,,,,,,,,,,,,,,,,,,,,,,,,,,,,,,,,,,,,,,,,,,,,,,,,,,
ACMP-2:VTR,(                ),V,393.5,393.8,391.2,390.9,390.2,391.4,390.8,391.0,392.3,392.1,393.0,387.5,389.9,390.9,390.9,391.3,391.3,391.6,391.5,392.0,392.0,391.8,392.8,393.0,391.8,392.3,393.0,392.8,392.7,392.7,392.3,392.9,391.5,390.9,391.3,391.2,390.3,391.7,390.4,389.8,390.9,390.7,390.2,389.8,391.3,390.1,389.3,390.2,387.1,388.3,387.0,386.8,385.6,385.0,384.6,386.0,384.5,382.5,379.0,378.6,378.2,382.5,382.3,383.0,381.1,382.8,380.5,382.8,382.7,380.7,381.6,381.9,383.1,384.1,383.9,383.0,381.8,383.7,382.8,381.6,382.8,383.7,382.1,381.1,383.4,384.3,383.6,384.2,381.7,382.9,383.4,382.8,383.0,383.9,,,,,,,,,,,,,,,,,,,,,,,,,,,,,,,,,,,,,,,,,,,,,,,,,,
GCB1:HZ,(                ),Hz,59,59,59,60,59,60,59,59,59,60,59,60,59,60,60,59,59,60,59,60,60,59,59,60,60,59,60,60,59,60,60,60,59,59,60,59,59,60,60,59,59,60,59,59,59,59,60,60,59,59,59,60,60,59,60,60,60,59,60,59,59,59,59,59,60,60,59,60,59,59,59,59,60,60,60,59,59,59,59,59,59,60,59,60,60,60,60,59,60,60,60,59,60,60,,,,,,,,,,,,,,,,,,,,,,,,,,,,,,,,,,,,,,,,,,,,,,,,,,
GCB1:IR,(                ),A,3,3,3,3,3,2,2,3,3,2,2,3,2,3,3,2,2,2,2,2,2,3,2,3,2,2,2,3,2,2,2,3,3,3,3,3,3,3,3,3,3,3,3,3,3,3,3,3,3,4,3,4,3,4,6,6,6,6,7,8,8,9,12,12,13,14,14,14,13,14,14,14,14,14,14,14,14,14,14,14,14,14,15,15,15,15,14,14,14,14,15,15,14,14,,,,,,,,,,,,,,,,,,,,,,,,,,,,,,,,,,,,,,,,,,,,,,,,,,
GCB1:IS,(                ),A,3,3,3,3,3,2,2,3,3,3,3,3,2,2,3,2,2,2,2,2,2,2,2,2,2,2,2,3,3,2,2,2,3,3,3,3,3,3,3,3,3,3,3,3,3,3,3,3,3,4,3,5,4,4,6,5,5,6,6,7,7,8,12,11,12,13,13,13,12,13,12,12,13,13,12,13,12,13,13,13,13,13,13,13,14,14,13,13,14,13,13,14,13,13,,,,,,,,,,,,,,,,,,,,,,,,,,,,,,,,,,,,,,,,,,,,,,,,,,
GCB1:IT,(                ),A,3,3,3,3,3,3,3,3,3,3,3,3,3,2,3,2,2,2,3,2,2,2,2,3,2,3,2,3,3,2,2,3,3,3,3,3,3,3,3,3,3,3,3,3,3,3,3,3,3,4,3,4,3,4,6,5,5,6,6,7,7,8,12,12,13,13,13,13,13,13,13,13,13,13,13,13,13,13,13,13,13,14,14,14,14,14,13,13,14,13,14,15,14,14,,,,,,,,,,,,,,,,,,,,,,,,,,,,,,,,,,,,,,,,,,,,,,,,,,
GCB1:KW,(                ),kW,88.9,91.2,91.4,81.3,86.7,77.8,76.1,84.6,85.7,82.9,79.3,81.1,77.5,75.1,91.3,71.1,71.8,72.8,78.6,74.4,71.6,76.5,76.0,75.1,76.1,76.9,72.1,81.4,83.2,73.2,73.3,80.8,82.3,82.9,85.3,89.3,85.6,81.8,81.4,82.9,82.4,81.8,84.2,84.6,80.5,79.0,83.6,88.0,86.7,96.7,88.2,121.3,89.6,91.9,140.7,134.3,134.4,140.7,145.5,171.6,164.4,186.6,268.0,254.5,269.9,286.6,288.6,287.6,284.4,288.7,284.5,288.5,290.4,289.6,284.0,293.8,289.2,291.8,302.3,294.4,300.6,303.7,302.3,307.0,322.5,327.6,301.7,301.5,323.1,300.7,307.5,330.7,304.3,299.9,,,,,,,,,,,,,,,,,,,,,,,,,,,,,,,,,,,,,,,,,,,,,,,,,,
GCB1:KWH,(                ),,8636179,8636193,8636208,8636223,8636234,8636249,8636263,8636277,8636290,8636305,8636317,8636331,8636344,8636357,8636370,8636382,8636395,8636407,8636421,8636434,8636444,8636458,8636471,8636483,8636497,8636509,8636520,8636535,8636549,8636561,8636574,8636585,8636601,8636615,8636628,8636643,8636658,8636671,8636684,8636699,8636713,8636726,8636737,8636755,8636770,8636785,8636797,8636810,8636826,8636843,8636860,8636875,8636891,8636906,8636929,8636949,8636974,8636998,8637019,8637050,8637076,8637107,8637140,8637177,8637225,8637272,8637322,8637368,8637417,8637459,8637489,8637562,8637607,8637657,8637700,8637755,8637805,8637853,8637905,8637957,8638006,8638054,8638104,8638159,8638208,8638254,8638312,8638365,8638417,8638464,8638508,8638565,8638618,8638633,,,,,,,,,,,,,,,,,,,,,,,,,,,,,,,,,,,,,,,,,,,,,,,,,,
GCB1:PF,(                ),, -0.82, -0.84, -0.83, -0.86, -0.86, -0.84, -0.86, -0.87, -0.87, -0.86, -0.85, -0.85, -0.87, -0.85, -0.87, -0.85, -0.85, -0.87, -0.86, -0.87, -0.87, -0.87, -0.88, -0.86, -0.86, -0.86, -0.87, -0.87, -0.87, -0.86, -0.87, -0.84, -0.84, -0.85, -0.80, -0.79, -0.80, -0.79, -0.79, -0.83, -0.83, -0.82, -0.82, -0.79, -0.79, -0.80, -0.80, -0.77, -0.75, -0.73, -0.74, -0.76, -0.74, -0.70, -0.68, -0.69, -0.69, -0.67, -0.65, -0.64, -0.63, -0.63, -0.63, -0.60, -0.59, -0.61, -0.62, -0.62, -0.62, -0.61, -0.61, -0.61, -0.61, -0.61, -0.61, -0.61, -0.61, -0.62, -0.62, -0.61, -0.61, -0.61, -0.61, -0.62, -0.62, -0.64, -0.62, -0.62, -0.64, -0.62, -0.61, -0.63, -0.61, -0.62,,,,,,,,,,,,,,,,,,,,,,,,,,,,,,,,,,,,,,,,,,,,,,,,,,
GCB1:VRS,(                ),V,21.1,21.1,20.9,21.0,21.0,21.0,21.0,21.0,21.0,21.0,21.0,20.8,20.8,20.9,20.9,20.9,20.9,20.9,20.9,20.9,20.9,21.0,21.0,21.0,21.0,21.0,21.0,21.0,21.0,21.0,21.0,21.0,21.0,21.0,21.0,21.0,20.9,21.0,20.9,21.0,21.0,21.0,20.9,20.9,21.0,20.9,20.9,20.9,20.8,20.8,20.8,20.7,20.7,20.7,20.6,20.7,20.7,20.6,20.6,20.5,20.5,20.8,20.8,20.8,20.7,20.8,20.7,20.7,20.8,20.7,20.8,20.7,20.8,20.8,20.8,20.8,20.8,20.8,20.8,20.7,20.8,20.7,20.8,20.8,20.8,20.8,20.8,20.8,20.8,20.8,20.8,20.8,20.8,20.8,,,,,,,,,,,,,,,,,,,,,,,,,,,,,,,,,,,,,,,,,,,,,,,,,,
GCB1:VST,(                ),V,21.1,21.2,21.0,21.0,21.0,21.1,21.0,21.0,21.0,21.1,21.1,20.8,20.9,20.9,20.8,20.9,20.9,21.0,21.0,20.9,21.0,21.0,21.0,21.0,21.0,21.0,21.0,21.0,21.0,21.0,21.0,21.0,21.0,21.0,21.0,21.0,20.9,20.9,20.9,21.0,20.9,21.0,20.9,21.0,21.0,20.9,20.9,20.9,20.8,20.8,20.8,20.7,20.7,20.7,20.7,20.8,20.7,20.6,20.6,20.5,20.5,20.8,20.8,20.8,20.7,20.8,20.6,20.6,20.8,20.7,20.7,20.7,20.7,20.8,20.8,20.8,20.8,20.8,20.8,20.7,20.8,20.7,20.8,20.8,20.8,20.8,20.8,20.8,20.8,20.8,20.7,20.7,20.7,20.8,,,,,,,,,,,,,,,,,,,,,,,,,,,,,,,,,,,,,,,,,,,,,,,,,,
GCB1:VTR,(                ),V,21.2,21.2,21.0,21.0,21.0,21.1,21.0,21.1,21.1,21.1,21.1,20.9,20.9,20.9,20.9,20.9,21.0,21.0,21.0,21.0,21.0,21.0,21.0,21.0,21.0,21.0,21.0,21.1,21.0,21.1,21.1,21.1,21.1,21.1,21.1,21.0,21.0,21.0,21.0,21.0,21.0,21.0,21.0,21.0,21.0,20.9,20.9,21.0,20.8,20.9,20.8,20.8,20.7,20.7,20.7,20.8,20.8,20.7,20.6,20.6,20.6,20.8,20.9,20.8,20.8,20.8,20.7,20.7,20.9,20.8,20.8,20.8,20.8,20.8,20.8,20.9,20.9,20.8,20.8,20.8,20.9,20.8,20.8,20.9,20.8,20.8,20.9,20.9,20.9,20.9,20.8,20.8,20.9,20.9,,,,,,,,,,,,,,,,,,,,,,,,,,,,,,,,,,,,,,,,,,,,,,,,,,
GCB2:HZ,(                ),Hz,59,59,59,60,59,60,59,59,59,60,59,60,59,60,60,59,59,60,59,60,60,59,59,60,60,59,60,60,59,60,59,60,59,59,60,59,59,60,60,59,59,60,59,59,59,60,60,60,59,59,59,60,60,59,60,60,60,59,60,59,60,59,59,59,60,60,59,60,59,59,59,59,60,60,60,59,59,59,59,59,60,60,59,60,60,60,60,59,60,60,60,59,60,60,,,,,,,,,,,,,,,,,,,,,,,,,,,,,,,,,,,,,,,,,,,,,,,,,,
GCB2:IR,(                ),A,0,0,0,0,0,0,0,0,0,0,0,0,0,0,0,0,0,0,0,0,0,0,0,0,0,0,0,0,0,0,0,0,0,0,0,0,0,0,0,0,0,0,0,0,0,6,9,3,6,12,11,12,12,13,13,13,13,15,16,16,15,17,16,21,26,16,20,25,17,25,16,24,22,18,26,17,24,25,17,26,16,17,26,16,20,26,17,24,26,17,25,25,17,20,,,,,,,,,,,,,,,,,,,,,,,,,,,,,,,,,,,,,,,,,,,,,,,,,,
GCB2:IS,(                ),A,0,0,0,0,0,0,0,0,0,0,0,0,0,0,0,0,0,0,0,0,0,0,0,0,0,0,0,0,0,0,0,0,0,0,0,0,0,0,0,0,0,0,0,0,0,6,9,3,6,12,11,12,12,13,13,13,13,15,16,16,15,17,17,21,26,16,20,25,18,26,16,25,23,18,26,17,24,25,17,26,17,18,26,17,20,26,17,24,26,17,25,25,18,21,,,,,,,,,,,,,,,,,,,,,,,,,,,,,,,,,,,,,,,,,,,,,,,,,,
GCB2:IT,(                ),A,0,0,0,0,0,0,0,0,0,0,0,0,0,0,0,0,0,0,0,0,0,0,0,0,0,0,0,0,0,0,0,0,0,0,0,0,0,0,0,0,0,0,0,0,0,6,9,3,6,11,11,12,12,12,13,13,13,14,15,15,15,16,16,20,25,16,19,24,17,25,15,24,21,17,25,16,23,24,16,25,24,17,25,16,19,25,17,23,25,16,24,24,17,19,,,,,,,,,,,,,,,,,,,,,,,,,,,,,,,,,,,,,,,,,,,,,,,,,,
GCB2:KW,(                ),kW,5.6,5.6,5.5,5.5,5.5,5.5,5.5,5.6,5.5,5.6,5.6,5.5,5.5,5.5,5.5,5.5,5.5,5.5,5.5,5.5,5.5,5.5,5.6,5.6,5.5,5.7,4.9,5.0,5.5,5.5,5.5,5.6,5.6,5.6,5.5,5.5,5.5,5.5,5.5,5.5,5.5,5.5,5.5,5.5,5.5,199.4,303.0,95.0,187.3,399.1,388.5,413.7,411.5,430.2,434.3,435.8,432.9,492.1,511.9,519.2,510.3,562.3,558.0,681.0,861.4,544.2,667.4,808.3,590.5,837.7,535.2,803.5,733.7,594.2,845.7,571.5,780.5,826.3,556.0,839.8,807.9,585.2,855.5,556.9,664.2,846.7,576.4,793.1,848.2,569.5,807.3,820.8,586.2,676.0,,,,,,,,,,,,,,,,,,,,,,,,,,,,,,,,,,,,,,,,,,,,,,,,,,
GCB2:KWH,(                ),,15591781,15591781,15591781,15591790,15591790,15591790,15591790,15591790,15591790,15591790,15591790,15591790,15591790,15591790,15591800,15591800,15591800,15591800,15591800,15591800,15591800,15591800,15591800,15591800,15591800,15591810,15591810,15591810,15591810,15591810,15591810,15591810,15591810,15591810,15591810,15591810,15591821,15591821,15591821,15591821,15591821,15591821,15591821,15591821,15591821,15591830,15591880,15591911,15591930,15591980,15592050,15592110,15592180,15592251,15592330,15592390,15592470,15592551,15592620,15592721,15592800,15592891,15592981,15593070,15593210,15593350,15593451,15593571,15593670,15593770,15593860,15594010,15594140,15594240,15594350,15594480,15594590,15594720,15594820,15594941,15595071,15595170,15595300,15595430,15595520,15595640,15595770,15595881,15596030,15596131,15596230,15596391,15596490,15596521,,,,,,,,,,,,,,,,,,,,,,,,,,,,,,,,,,,,,,,,,,,,,,,,,,
GCB2:PF,(                ),,0.74,0.74,0.76,0.76,0.76,0.75,0.75,0.75,0.75,0.75,0.75,0.77,0.77,0.77,0.77,0.76,0.76,0.76,0.76,0.76,0.76,0.76,0.76,0.76,0.76,0.81,0.76,0.76,0.76,0.76,0.76,0.76,0.76,0.76,0.76,0.76,0.76,0.76,0.76,0.76,0.76,0.76,0.76,0.76,0.76,0.96,0.93,0.88,0.93,0.95,0.95,0.95,0.95,0.95,0.94,0.94,0.94,0.93,0.93,0.93,0.95,0.95,0.95,0.93,0.92,0.94,0.93,0.92,0.94,0.92,0.94,0.92,0.92,0.94,0.92,0.94,0.92,0.92,0.94,0.92,0.93,0.94,0.92,0.94,0.93,0.92,0.94,0.92,0.92,0.94,0.92,0.92,0.94,0.93,,,,,,,,,,,,,,,,,,,,,,,,,,,,,,,,,,,,,,,,,,,,,,,,,,
GCB2:VRS,(                ),V,21.1,21.1,21.0,21.0,21.0,21.1,21.0,21.1,21.1,21.1,21.0,20.8,20.9,20.8,20.9,20.9,21.0,21.0,20.9,21.0,21.0,21.0,21.0,21.0,21.0,21.0,21.0,21.0,21.0,21.0,21.0,21.1,21.1,21.1,21.0,20.9,21.0,21.0,21.0,21.0,21.0,21.0,21.0,21.0,21.0,20.9,20.9,21.0,20.8,20.8,20.9,20.8,20.8,20.7,20.7,20.7,20.7,20.6,20.6,20.5,20.5,20.8,20.8,20.8,20.8,20.7,20.7,20.7,20.8,20.7,20.8,20.7,20.8,20.8,20.8,20.8,20.9,20.8,20.7,20.7,20.8,20.8,20.7,20.9,20.8,20.8,20.8,20.8,20.9,20.8,20.7,20.7,20.8,20.8,,,,,,,,,,,,,,,,,,,,,,,,,,,,,,,,,,,,,,,,,,,,,,,,,,
GCB2:VST,(                ),V,21.1,21.2,21.0,21.0,21.0,21.0,21.0,21.0,21.1,21.1,21.1,20.9,20.9,20.9,20.9,20.9,21.0,21.0,21.0,21.0,21.0,21.0,21.0,21.0,21.0,21.0,21.0,21.0,21.0,21.0,21.0,21.1,21.1,21.0,21.0,21.0,21.0,21.0,21.0,21.0,21.0,21.0,21.0,20.9,21.0,20.9,20.9,21.0,20.8,20.8,20.8,20.8,20.7,20.7,20.7,20.8,20.7,20.7,20.6,20.6,20.6,20.8,20.8,20.8,20.8,20.8,20.7,20.7,20.8,20.8,20.8,20.8,20.8,20.8,20.8,20.8,20.8,20.8,20.8,20.8,20.9,20.8,20.8,20.9,20.8,20.8,20.8,20.8,20.8,20.8,20.8,20.8,20.8,20.8,,,,,,,,,,,,,,,,,,,,,,,,,,,,,,,,,,,,,,,,,,,,,,,,,,
GCB2:VTR,(                ),V,21.1,21.1,20.9,21.0,21.0,21.0,21.0,21.0,21.1,21.0,21.0,20.8,20.8,20.8,20.9,20.9,20.9,21.0,20.9,21.0,21.0,21.0,21.0,21.0,21.0,21.0,21.0,21.0,21.0,21.0,21.0,21.1,21.1,21.1,21.0,20.9,21.0,21.0,21.0,21.0,21.0,21.0,21.0,21.0,20.9,20.8,20.9,21.0,20.7,20.8,20.8,20.7,20.7,20.7,20.6,20.7,20.7,20.6,20.6,20.5,20.5,20.8,20.8,20.8,20.7,20.7,20.7,20.6,20.8,20.7,20.8,20.7,20.8,20.8,20.8,20.8,20.8,20.8,20.7,20.7,20.8,20.8,20.7,20.8,20.8,20.8,20.8,20.8,20.8,20.8,20.7,20.7,20.8,20.8,,,,,,,,,,,,,,,,,,,,,,,,,,,,,,,,,,,,,,,,,,,,,,,,,,
PM:HZ,(                ),Hz,59,59,59,60,59,60,59,59,59,60,59,60,59,60,60,59,59,60,59,60,60,59,59,60,59,59,60,60,59,60,59,60,59,59,60,59,59,60,60,59,59,60,59,59,59,59,60,60,59,59,59,60,60,59,60,60,60,59,60,59,60,59,59,59,60,60,59,60,59,59,59,59,60,60,60,59,59,59,59,59,60,60,59,60,60,60,60,59,60,60,60,59,60,60,,,,,,,,,,,,,,,,,,,,,,,,,,,,,,,,,,,,,,,,,,,,,,,,,,
PM:IR,(                ),A,211,194,215,170,175,164,158,170,172,164,162,179,160,168,190,167,166,155,162,160,159,164,158,179,162,162,167,168,154,165,159,187,181,177,200,216,185,191,188,177,178,178,191,189,171,179,192,195,197,246,209,270,212,233,354,347,356,368,397,483,481,533,753,776,844,865,866,858,856,868,881,894,851,836,888,874,907,868,881,922,872,919,964,927,949,942,894,909,899,889,940,972,912,885,,,,,,,,,,,,,,,,,,,,,,,,,,,,,,,,,,,,,,,,,,,,,,,,,,
PM:IS,(                ),A,149,149,144,139,147,126,116,128,136,131,140,119,116,135,164,112,119,112,130,110,104,138,118,117,124,106,112,151,129,109,113,131,128,135,158,169,147,151,167,154,145,152,148,171,155,147,145,178,187,214,202,272,197,218,359,339,306,357,388,464,439,489,731,718,780,801,831,804,775,839,789,791,833,811,781,831,798,803,877,825,804,842,832,843,868,854,813,811,852,812,855,853,857,797,,,,,,,,,,,,,,,,,,,,,,,,,,,,,,,,,,,,,,,,,,,,,,,,,,
PM:IT,(                ),A,166,179,175,149,166,156,159,172,169,168,145,164,159,124,162,125,118,136,151,144,133,126,148,125,141,161,119,135,172,135,135,145,170,168,166,177,188,162,149,159,162,155,163,164,169,153,176,185,183,197,174,254,200,199,323,278,307,330,346,405,401,461,650,668,698,718,699,686,719,697,701,713,734,736,708,711,690,723,767,694,692,782,709,731,772,756,732,742,785,729,739,825,753,776,,,,,,,,,,,,,,,,,,,,,,,,,,,,,,,,,,,,,,,,,,,,,,,,,,
PM:KW,(                ),kW,106.7,104.1,106.0,89.1,94.1,88.5,84.7,91.1,92.1,89.8,88.2,89.9,83.5,83.2,98.7,78.6,78.6,77.2,86.1,79.0,75.4,82.1,80.7,81.8,82.7,83.1,76.8,87.6,87.6,79.5,78.7,91.3,94.6,94.6,107.4,116.0,105.8,103.2,103.5,97.7,96.7,96.8,100.4,106.8,101.0,97.1,104.1,115.7,117.6,138.2,121.6,164.3,126.5,137.1,219.4,203.9,205.1,223.5,239.7,288.5,280.9,317.3,449.8,453.4,487.1,500.1,500.1,489.4,492.9,504.4,497.7,503.2,508.3,500.2,499.2,508.0,503.7,502.1,531.0,512.4,496.5,536.4,527.1,527.5,545.4,534.0,512.9,517.9,531.6,510.9,533.5,557.4,531.9,517.3,,,,,,,,,,,,,,,,,,,,,,,,,,,,,,,,,,,,,,,,,,,,,,,,,,
PM:KWH,(                ),,13869847,13869863,13869882,13869899,13869910,13869928,13869942,13869957,13869972,13869986,13870000,13870017,13870030,13870043,13870059,13870071,13870086,13870100,13870113,13870127,13870138,13870153,13870166,13870181,13870193,13870206,13870218,13870234,13870249,13870263,13870277,13870289,13870307,13870323,13870338,13870358,13870376,13870392,13870409,13870426,13870444,13870459,13870474,13870495,13870514,13870532,13870547,13870563,13870584,13870608,13870631,13870653,13870675,13870698,13870731,13870763,13870799,13870836,13870870,13870922,13870968,13871020,13871079,13871143,13871228,13871311,13871396,13871474,13871558,13871632,13871684,13871810,13871889,13871975,13872049,13872146,13872234,13872315,13872405,13872494,13872572,13872661,13872750,13872842,13872925,13873005,13873103,13873194,13873283,13873363,13873439,13873538,13873629,13873654,,,,,,,,,,,,,,,,,,,,,,,,,,,,,,,,,,,,,,,,,,,,,,,,,,
PM:PF,(                ),,0.91,0.89,0.90,0.88,0.87,0.89,0.88,0.87,0.87,0.87,0.89,0.89,0.87,0.88,0.87,0.88,0.88,0.87,0.88,0.86,0.86,0.87,0.86,0.88,0.87,0.87,0.87,0.87,0.87,0.87,0.87,0.89,0.89,0.89,0.93,0.93,0.92,0.93,0.93,0.90,0.90,0.90,0.90,0.92,0.92,0.92,0.92,0.94,0.95,0.96,0.95,0.94,0.95,0.96,0.97,0.97,0.97,0.97,0.98,0.98,0.98,0.98,0.96,0.96,0.96,0.96,0.96,0.96,0.96,0.96,0.96,0.96,0.96,0.96,0.96,0.96,0.96,0.96,0.96,0.96,0.96,0.97,0.96,0.96,0.96,0.96,0.96,0.96,0.96,0.96,0.96,0.96,0.96,0.96,,,,,,,,,,,,,,,,,,,,,,,,,,,,,,,,,,,,,,,,,,,,,,,,,,
PM:VRS,(                ),V,385.7,385.5,382.2,382.5,382.3,383.2,383.0,383.4,383.9,383.8,384.2,379.9,380.8,381.2,381.3,381.2,381.7,382.3,382.3,382.7,382.2,382.6,382.9,383.0,382.7,383.1,383.2,383.4,383.5,383.8,383.4,383.9,384.0,383.7,383.6,383.2,383.2,383.2,383.2,383.1,383.0,382.6,382.5,382.2,382.9,381.6,381.3,382.3,379.2,379.6,379.6,378.2,377.6,378.3,375.9,377.9,377.2,376.1,374.6,374.4,374.0,377.9,377.6,377.8,376.4,376.9,375.2,375.9,377.3,376.6,377.1,376.8,377.4,377.8,377.1,377.6,377.5,377.5,376.7,376.2,377.1,377.3,376.3,377.9,377.4,376.6,377.8,377.4,377.0,377.8,376.7,376.8,377.7,377.7,,,,,,,,,,,,,,,,,,,,,,,,,,,,,,,,,,,,,,,,,,,,,,,,,,
PM:VST,(                ),V,387.0,386.8,383.6,383.9,383.5,384.8,384.4,384.9,385.2,385.1,385.5,381.4,382.0,382.7,382.4,382.6,383.2,383.6,383.5,383.9,383.6,383.8,384.2,384.3,384.0,384.5,384.6,384.5,384.5,385.1,384.7,385.0,385.1,384.7,384.5,384.3,384.1,384.2,384.2,383.8,384.1,383.8,383.4,383.0,383.8,382.3,382.5,383.2,380.2,381.0,380.6,379.1,378.7,379.3,377.2,378.9,378.8,377.4,375.9,375.6,375.4,379.6,379.2,379.4,378.1,378.3,376.8,377.4,379.3,378.0,378.9,378.5,378.8,379.0,379.1,378.9,379.5,379.0,378.2,378.0,379.0,379.1,378.5,379.5,378.8,378.2,379.5,379.4,378.8,379.4,378.6,378.7,379.4,379.5,,,,,,,,,,,,,,,,,,,,,,,,,,,,,,,,,,,,,,,,,,,,,,,,,,
PM:VTR,(                ),V,385.9,385.6,382.5,382.8,382.3,383.3,383.0,383.5,384.0,383.9,384.4,380.1,380.9,381.7,381.4,381.6,382.1,382.4,382.3,382.8,382.4,382.9,383.1,383.5,383.0,383.4,383.8,383.8,383.4,384.2,383.6,384.1,383.9,383.7,383.8,383.4,383.1,383.4,383.5,383.1,383.4,383.1,382.7,382.2,382.8,381.5,381.6,382.3,379.6,380.4,380.3,378.6,378.2,378.7,376.6,378.8,378.2,376.8,375.6,375.4,375.2,379.3,379.0,379.1,378.0,378.3,376.9,377.4,379.0,378.1,378.8,378.5,378.7,378.8,378.9,379.0,379.4,378.7,378.1,378.4,379.1,378.8,378.6,379.5,378.7,378.1,379.3,379.2,378.4,379.2,378.6,378.4,379.3,379.0,,,,,,,,,,,,,,,,,,,,,,,,,,,,,,,,,,,,,,,,,,,,,,,,,,
PAC:HZ,(                ),Hz,59,59,59,60,59,60,59,59,59,60,59,60,59,60,60,59,59,60,59,60,60,59,59,60,59,59,60,60,59,60,59,60,59,59,60,59,59,60,60,59,59,60,59,59,59,59,60,60,59,59,59,60,59,59,60,60,60,59,60,59,60,59,59,59,60,60,59,60,59,59,59,59,60,60,60,59,59,59,59,59,60,60,59,60,60,60,60,59,60,60,60,59,60,60,,,,,,,,,,,,,,,,,,,,,,,,,,,,,,,,,,,,,,,,,,,,,,,,,,
PAC:IR,(                ),A,11,11,11,11,11,11,11,11,11,11,11,11,11,11,11,11,11,11,11,11,11,11,11,11,11,11,11,11,11,11,11,11,11,11,11,11,11,11,11,11,11,11,11,11,11,345,533,177,336,698,676,722,722,756,767,778,766,868,931,942,903,978,965,1208,1536,938,1167,1468,1016,1470,936,1427,1296,1035,1494,980,1388,1466,995,1488,1404,1032,1515,947,1154,1498,984,1398,1495,990,1428,1462,1013,1181,,,,,,,,,,,,,,,,,,,,,,,,,,,,,,,,,,,,,,,,,,,,,,,,,,
PAC:IS,(                ),A,9,9,9,9,9,9,9,9,9,9,9,9,9,9,9,9,9,9,9,9,9,9,9,9,9,8,5,5,9,9,9,9,9,9,9,9,9,9,9,9,9,9,9,9,9,347,551,175,343,716,686,732,736,769,785,778,782,894,958,957,920,1001,1000,1256,1608,989,1242,1534,1076,1553,983,1501,1358,1085,1567,1042,1455,1539,1041,1570,1466,1063,1589,1010,1219,1592,1049,1484,1582,1049,1499,1539,1074,1250,,,,,,,,,,,,,,,,,,,,,,,,,,,,,,,,,,,,,,,,,,,,,,,,,,
PAC:IT,(                ),A,8,8,8,8,8,8,8,8,8,8,8,8,8,8,8,8,8,8,8,8,8,8,8,8,8,8,8,8,8,8,8,8,8,8,8,8,8,8,8,8,8,8,8,8,8,340,533,176,334,697,673,720,721,752,769,764,766,872,934,933,902,980,978,1209,1557,939,1176,1471,1025,1484,941,1433,1308,1042,1504,986,1405,1473,1010,1508,1422,1035,1528,958,1155,1509,996,1412,1514,1000,1442,1474,1028,1189,,,,,,,,,,,,,,,,,,,,,,,,,,,,,,,,,,,,,,,,,,,,,,,,,,
PAC:KW,(                ),kW,5.3,5.3,5.2,5.3,5.3,5.2,5.3,5.3,5.3,5.3,5.3,5.2,5.2,5.2,5.2,5.2,5.2,5.3,5.2,5.3,5.2,5.3,5.3,5.3,5.3,5.4,4.6,4.6,5.3,5.3,5.3,5.3,5.3,5.3,5.3,5.2,5.3,5.2,5.3,5.3,5.3,5.3,5.2,5.3,5.3,218.4,331.5,103.1,206.8,437.1,422.2,451.0,451.0,469.9,474.8,477.2,475.1,533.1,568.6,569.0,559.9,612.7,609.9,745.7,942.6,586.7,723.2,895.5,639.7,901.3,586.6,874.8,794.8,650.5,915.7,617.1,852.6,897.5,624.1,913.2,864.1,642.8,927.8,599.6,716.3,920.4,622.5,862.0,921.8,624.4,877.0,899.0,639.9,735.5,,,,,,,,,,,,,,,,,,,,,,,,,,,,,,,,,,,,,,,,,,,,,,,,,,
PAC:KWH,(                ),,17010002,17010004,17010004,17010006,17010006,17010008,17010008,17010008,17010010,17010010,17010012,17010012,17010014,17010014,17010016,17010016,17010016,17010018,17010018,17010020,17010020,17010022,17010022,17010022,17010024,17010024,17010026,17010026,17010028,17010028,17010028,17010030,17010030,17010032,17010032,17010034,17010034,17010034,17010036,17010036,17010038,17010038,17010040,17010040,17010042,17010054,17010106,17010132,17010156,17010218,17010292,17010360,17010436,17010504,17010592,17010666,17010748,17010832,17010912,17011020,17011106,17011210,17011306,17011398,17011558,17011704,17011812,17011946,17012054,17012170,17012260,17012430,17012572,17012676,17012794,17012938,17013058,17013200,17013312,17013446,17013582,17013688,17013832,17013982,17014078,17014202,17014350,17014470,17014630,17014738,17014844,17015018,17015130,17015162,,,,,,,,,,,,,,,,,,,,,,,,,,,,,,,,,,,,,,,,,,,,,,,,,,
PAC:PF,(                ),,0.86,0.86,0.86,0.86,0.86,0.86,0.86,0.86,0.86,0.86,0.86,0.86,0.86,0.86,0.86,0.86,0.86,0.86,0.86,0.86,0.86,0.86,0.86,0.86,0.86,0.92,0.89,0.89,0.86,0.86,0.86,0.86,0.86,0.86,0.86,0.86,0.86,0.86,0.86,0.86,0.86,0.86,0.86,0.86,0.86,0.96,0.94,0.89,0.94,0.95,0.95,0.96,0.96,0.95,0.95,0.95,0.95,0.94,0.94,0.94,0.96,0.96,0.96,0.94,0.94,0.95,0.94,0.94,0.95,0.93,0.95,0.94,0.93,0.95,0.94,0.95,0.93,0.93,0.95,0.93,0.94,0.95,0.94,0.95,0.94,0.93,0.95,0.93,0.94,0.95,0.94,0.94,0.95,0.94,,,,,,,,,,,,,,,,,,,,,,,,,,,,,,,,,,,,,,,,,,,,,,,,,,
PAC:VRS,(                ),V,385.1,385.0,381.5,382.0,381.5,382.5,382.3,382.8,383.3,383.1,383.4,379.3,380.1,380.5,380.7,380.7,381.0,381.4,381.6,381.9,381.5,381.9,382.1,382.3,382.1,382.4,382.6,382.7,382.8,383.0,382.7,383.2,383.1,383.1,383.0,382.7,382.4,382.2,382.3,382.3,382.3,381.9,381.7,381.2,382.0,379.4,378.2,380.4,376.9,375.8,376.2,375.1,374.2,374.5,372.2,374.2,373.7,371.8,369.9,370.1,370.3,374.2,374.0,372.5,369.3,373.6,370.6,369.2,373.6,370.3,373.9,370.8,371.7,374.0,370.6,373.6,371.5,371.2,373.4,370.2,371.2,373.8,370.4,374.7,373.3,370.2,374.7,371.4,370.9,374.4,370.8,370.9,374.2,373.2,,,,,,,,,,,,,,,,,,,,,,,,,,,,,,,,,,,,,,,,,,,,,,,,,,
PAC:VST,(                ),V,386.2,386.2,382.8,383.2,382.9,383.9,383.6,384.2,384.7,384.5,384.8,380.6,381.3,382.0,381.8,382.0,382.4,382.7,382.7,383.1,382.7,383.1,383.4,383.5,383.2,383.5,383.9,383.9,383.8,384.3,383.8,384.2,384.1,384.1,383.8,383.6,383.4,383.3,383.5,383.1,383.5,383.2,382.7,382.2,383.0,380.3,379.1,381.4,377.8,377.2,377.2,375.8,375.0,374.9,373.8,375.5,375.2,372.6,371.4,371.2,371.5,375.1,375.9,373.4,370.9,374.4,371.6,370.2,374.8,370.9,374.8,371.4,372.7,375.0,372.0,375.1,373.1,371.7,374.3,371.0,372.4,375.2,371.3,375.8,373.9,371.6,375.4,372.8,372.0,375.1,372.1,372.0,375.5,374.1,,,,,,,,,,,,,,,,,,,,,,,,,,,,,,,,,,,,,,,,,,,,,,,,,,
PAC:VTR,(                ),V,385.5,385.5,382.2,382.5,382.1,383.0,382.7,383.4,384.0,383.8,384.0,379.8,380.7,381.2,381.2,381.4,381.6,381.9,382.0,382.4,382.1,382.5,382.8,383.0,382.7,383.0,383.3,383.4,383.3,383.8,383.2,383.7,383.7,383.6,383.5,383.1,382.9,382.8,383.0,382.7,383.1,382.7,382.3,381.7,382.4,379.9,378.3,380.9,377.4,376.8,376.3,375.2,374.5,375.0,372.8,374.9,374.6,372.7,370.7,370.5,370.6,374.8,375.3,373.6,370.4,374.2,371.7,370.1,374.6,371.2,375.0,371.7,372.7,374.6,371.5,374.8,372.6,371.6,373.7,371.0,372.1,374.6,371.1,375.3,373.5,371.3,374.9,372.6,371.5,374.8,371.9,372.0,374.8,373.7,,,,,,,,,,,,,,,,,,,,,,,,,,,,,,,,,,,,,,,,,,,,,,,,,,
CH1B1:KWH,(                ),,4433714,4433714,4433714,4433714,4433714,4433714,4433714,4433714,4433714,4433714,4433714,4433714,4433714,4433714,4433714,4433714,4433714,4433714,4433714,4433714,4433714,4433714,4433714,4433714,4433714,4433714,4433714,4433714,4433714,4433714,4433714,4433714,4433714,4433714,4433714,4433714,4433714,4433714,4433714,4433714,4433714,4433714,4433714,4433714,4433714,4433714,4433714,4433714,4433714,4433714,4433714,4433714,4433714,4433714,4433714,4433714,4433714,4433714,4433714,4433714,4433714,4433714,4433714,4433714,4433714,4433714,4433714,4433714,4433714,4433714,4433714,4433714,4433714,4433714,4433714,4433714,4433714,4433714,4433714,4433714,4433714,4433714,4433714,4433714,4433714,4433714,4433714,4433714,4433714,4433714,4433714,4433714,4433714,4433714,,,,,,,,,,,,,,,,,,,,,,,,,,,,,,,,,,,,,,,,,,,,,,,,,,
CH2B1:KWH,(                ),,3323912,3323912,3323912,3323912,3323912,3323912,3323912,3323912,3323912,3323912,3323912,3323912,3323912,3323912,3323912,3323912,3323912,3323912,3323912,3323912,3323912,3323912,3323912,3323912,3323912,3323912,3323912,3323912,3323912,3323912,3323912,3323912,3323912,3323912,3323912,3323912,3323912,3323912,3323912,3323912,3323912,3323912,3323912,3323912,3323912,3323912,3323912,3323912,3323912,3323912,3323912,3323912,3323912,3323912,3323912,3323912,3323912,3323912,3323912,3323912,3323912,3323912,3323912,3323912,3323912,3323912,3323912,3323912,3323912,3323912,3323912,3323912,3323912,3323912,3323912,3323912,3323912,3323912,3323912,3323912,3323912,3323912,3323912,3323912,3323912,3323912,3323912,3323912,3323912,3323912,3323912,3323912,3323912,3323912,,,,,,,,,,,,,,,,,,,,,,,,,,,,,,,,,,,,,,,,,,,,,,,,,,
CHP1B1:KWH,(                ),,313214,313214,313214,313214,313214,313214,313214,313214,313214,313214,313214,313214,313214,313214,313214,313214,313214,313214,313214,313214,313214,313214,313214,313214,313214,313214,313214,313214,313214,313214,313214,313214,313214,313214,313214,313214,313214,313214,313214,313214,313214,313214,313214,313214,313214,313214,313214,313214,313214,313214,313214,313214,313214,313214,313214,313214,313214,313214,313214,313214,313214,313214,313214,313214,313214,313214,313214,313214,313214,313214,313214,313214,313214,313214,313214,313214,313214,313214,313214,313214,313214,313214,313214,313214,313214,313214,313214,313214,313214,313214,313214,313214,313214,313214,,,,,,,,,,,,,,,,,,,,,,,,,,,,,,,,,,,,,,,,,,,,,,,,,,
CHP2B1:KWH,(                ),,259932,259932,259932,259932,259932,259932,259932,259932,259932,259932,259932,259932,259932,259932,259932,259932,259932,259932,259932,259932,259932,259932,259932,259932,259932,259932,259932,259932,259932,259932,259932,259932,259932,259932,259932,259932,259932,259932,259932,259932,259932,259932,259932,259932,259932,259932,259932,259932,259932,259932,259932,259932,259932,259932,259932,259932,259932,259932,259932,259932,259932,259932,259932,259932,259932,259932,259932,259932,259932,259932,259932,259932,259932,259932,259932,259932,259932,259932,259932,259932,259932,259932,259932,259932,259932,259932,259932,259932,259932,259932,259932,259932,259932,259932,,,,,,,,,,,,,,,,,,,,,,,,,,,,,,,,,,,,,,,,,,,,,,,,,,
CHP3B1:KWH,(                ),,4159,4159,4159,4159,4159,4159,4159,4159,4159,4159,4159,4159,4159,4159,4159,4159,4159,4159,4159,4159,4159,4159,4159,4159,4159,4159,4159,4159,4159,4159,4159,4159,4159,4159,4159,4159,4159,4159,4159,4159,4159,4159,4159,4159,4159,4159,4159,4159,4159,4159,4159,4159,4159,4159,4159,4159,4159,4159,4159,4159,4159,4159,4159,4159,4159,4159,4159,4159,4159,4159,4159,4159,4159,4159,4159,4159,4159,4159,4159,4159,4159,4159,4159,4159,4159,4159,4159,4159,4159,4159,4159,4159,4159,4159,,,,,,,,,,,,,,,,,,,,,,,,,,,,,,,,,,,,,,,,,,,,,,,,,,
CT1B1:KW,(                ),kW,8.2,8.2,8.2,8.2,8.2,8.2,8.2,8.2,8.2,8.2,8.2,8.2,8.2,8.2,8.2,8.2,8.2,8.2,8.2,8.2,8.2,8.2,8.2,8.2,8.2,8.2,8.2,8.2,8.2,8.2,8.2,8.2,8.2,8.2,8.2,8.2,8.2,8.2,8.2,8.2,8.2,8.2,8.2,8.2,8.2,8.2,8.2,8.2,8.2,8.2,8.2,8.2,8.2,8.2,8.2,8.2,8.2,8.2,8.2,8.2,8.2,8.2,8.2,8.2,8.2,8.2,8.2,8.2,8.2,8.2,8.2,8.2,8.2,8.2,8.2,8.2,8.2,8.2,8.2,8.2,8.2,8.2,8.2,8.2,8.2,8.2,8.2,8.2,8.2,8.2,8.2,8.2,8.2,8.2,,,,,,,,,,,,,,,,,,,,,,,,,,,,,,,,,,,,,,,,,,,,,,,,,,
CT1B1:KWH,(                ),,244843,244843,244843,244843,244843,244843,244843,244843,244843,244843,244843,244843,244843,244843,244843,244843,244843,244843,244843,244843,244843,244843,244843,244843,244843,244843,244843,244843,244843,244843,244843,244843,244843,244843,244843,244843,244843,244843,244843,244843,244843,244843,244843,244843,244843,244843,244843,244843,244843,244843,244843,244843,244843,244843,244843,244843,244843,244843,244843,244843,244843,244843,244843,244843,244843,244843,244843,244843,244843,244843,244843,244843,244843,244843,244843,244843,244843,244843,244843,244843,244843,244843,244843,244843,244843,244843,244843,244843,244843,244843,244843,244843,244843,244843,,,,,,,,,,,,,,,,,,,,,,,,,,,,,,,,,,,,,,,,,,,,,,,,,,
CT2B1:KW,(                ),kW,0.0,0.0,0.0,0.0,0.0,0.0,0.0,0.0,0.0,0.0,0.0,0.0,0.0,0.0,0.0,0.0,0.0,0.0,0.0,0.0,0.0,0.0,0.0,0.0,0.0,0.0,0.0,0.0,0.0,0.0,0.0,0.0,0.0,0.0,0.0,0.0,0.0,0.0,0.0,0.0,0.0,0.0,0.0,0.0,0.0,0.0,0.0,0.0,0.0,0.0,0.0,0.0,0.0,0.0,0.0,0.0,0.0,0.0,0.0,0.0,0.0,0.0,0.0,0.0,0.0,0.0,0.0,0.0,0.0,0.0,0.0,0.0,0.0,0.0,0.0,0.0,0.0,0.0,0.0,0.0,0.0,0.0,0.0,0.0,0.0,0.0,0.0,0.0,0.0,0.0,0.0,0.0,0.0,0.0,,,,,,,,,,,,,,,,,,,,,,,,,,,,,,,,,,,,,,,,,,,,,,,,,,
CT2B1:KWH,(                ),,111175,111175,111175,111175,111175,111175,111175,111175,111175,111175,111175,111175,111175,111175,111175,111175,111175,111175,111175,111175,111175,111175,111175,111175,111175,111175,111175,111175,111175,111175,111175,111175,111175,111175,111175,111175,111175,111175,111175,111175,111175,111175,111175,111175,111175,111175,111175,111175,111175,111175,111175,111175,111175,111175,111175,111175,111175,111175,111175,111175,111175,111175,111175,111175,111175,111175,111175,111175,111175,111175,111175,111175,111175,111175,111175,111175,111175,111175,111175,111175,111175,111175,111175,111175,111175,111175,111175,111175,111175,111175,111175,111175,111175,111175,,,,,,,,,,,,,,,,,,,,,,,,,,,,,,,,,,,,,,,,,,,,,,,,,,
CWP1B1:KWH,(                ),,839195,839195,839195,839195,839195,839195,839195,839195,839195,839195,839195,839195,839195,839195,839195,839195,839195,839195,839195,839195,839195,839195,839195,839195,839195,839195,839195,839195,839195,839195,839195,839195,839195,839195,839195,839195,839195,839195,839195,839195,839195,839195,839195,839195,839195,839195,839195,839195,839195,839195,839195,839195,839195,839195,839195,839195,839195,839195,839195,839195,839195,839195,839195,839195,839195,839195,839195,839195,839195,839195,839195,839195,839195,839195,839195,839195,839195,839195,839195,839195,839195,839195,839195,839195,839195,839195,839195,839195,839195,839195,839195,839195,839195,839195,,,,,,,,,,,,,,,,,,,,,,,,,,,,,,,,,,,,,,,,,,,,,,,,,,
CWP2B1:KWH,(                ),,705224,705224,705224,705224,705224,705224,705224,705224,705224,705224,705224,705224,705224,705224,705224,705224,705224,705224,705224,705224,705224,705224,705224,705224,705224,705224,705224,705224,705224,705224,705224,705224,705224,705224,705224,705224,705224,705224,705224,705224,705224,705224,705224,705224,705224,705224,705224,705224,705224,705224,705224,705224,705224,705224,705224,705224,705224,705224,705224,705224,705224,705224,705224,705224,705224,705224,705224,705224,705224,705224,705224,705224,705224,705224,705224,705224,705224,705224,705224,705224,705224,705224,705224,705224,705224,705224,705224,705224,705224,705224,705224,705224,705224,705224,,,,,,,,,,,,,,,,,,,,,,,,,,,,,,,,,,,,,,,,,,,,,,,,,,
CWP3B1:KWH,(                ),,10,10,10,10,10,10,10,10,10,10,10,10,10,10,10,10,10,10,10,10,10,10,10,10,10,10,10,10,10,10,10,10,10,10,10,10,10,10,10,10,10,10,10,10,10,10,10,10,10,10,10,10,10,10,10,10,10,10,10,10,10,10,10,10,10,10,10,10,10,10,10,10,10,10,10,10,10,10,10,10,10,10,10,10,10,10,10,10,10,10,10,10,10,10,,,,,,,,,,,,,,,,,,,,,,,,,,,,,,,,,,,,,,,,,,,,,,,,,,
CH1F7.KWH,(度數            ),kW h,359198,359232,359260,359291,359321,359348,359374,359402,359429,359455,359482,359511,359526,359526,359526,359526,359526,359526,359526,359526,359526,359526,359526,359526,359526,359526,359526,359526,359526,359526,359526,359526,359526,359526,359533,359584,359637,359689,359741,359794,359846,359898,359942,359980,360006,360029,360050,360071,360092,360114,360142,360175,360214,360260,360313,360365,360417,360468,360519,360570,360623,360674,360726,360777,360829,360880,360931,360983,361034,361086,361111,361188,361239,361289,361341,361392,361444,361494,361546,361597,361648,361700,361750,361801,361852,361903,361954,362004,362055,362106,362157,362207,362258,362282,,,,,,,,,,,,,,,,,,,,,,,,,,,,,,,,,,,,,,,,,,,,,,,,,,
CH2F7:KWH,(                ),,3509281,3509281,3509282,3509282,3509282,3509282,3509282,3509282,3509282,3509282,3509282,3509282,3509282,3509282,3509282,3509282,3509282,3509282,3509282,3509282,3509282,3509282,3509282,3509283,3509283,3509283,3509283,3509283,3509283,3509283,3509283,3509283,3509283,3509283,3509283,3509283,3509284,3509284,3509284,3509284,3509284,3509284,3509284,3509284,3509284,3509284,3509284,3509284,3509284,3509284,3509285,3509285,3509285,3509285,3509285,3509285,3509285,3509290,3509362,3509461,3509552,3509634,3509726,3509816,3509903,3509986,3510078,3510169,3510259,3510333,3510380,3510514,3510606,3510688,3510766,3510866,3510959,3511042,3511133,3511224,3511311,3511402,3511486,3511577,3511668,3511746,3511845,3511928,3512021,3512113,3512181,3512290,3512373,3512421,,,,,,,,,,,,,,,,,,,,,,,,,,,,,,,,,,,,,,,,,,,,,,,,,,
CH3F7:KWH,(                ),,1550250,1550250,1550250,1550250,1550251,1550251,1550251,1550251,1550251,1550251,1550251,1550251,1550251,1550251,1550251,1550251,1550251,1550251,1550251,1550251,1550251,1550251,1550251,1550251,1550252,1550252,1550252,1550252,1550252,1550252,1550252,1550252,1550252,1550252,1550252,1550252,1550252,1550252,1550253,1550253,1550253,1550253,1550253,1550253,1550253,1550253,1550253,1550253,1550253,1550253,1550253,1550253,1550253,1550253,1550253,1550253,1550254,1550254,1550254,1550254,1550254,1550254,1550254,1550254,1550254,1550254,1550254,1550254,1550254,1550254,1550254,1550254,1550254,1550254,1550255,1550255,1550255,1550255,1550255,1550255,1550255,1550255,1550255,1550255,1550255,1550255,1550255,1550255,1550255,1550255,1550255,1550256,1550256,1550256,,,,,,,,,,,,,,,,,,,,,,,,,,,,,,,,,,,,,,,,,,,,,,,,,,
CH4F7.KWH,(度數            ),kW h,507002,507002,507002,507002,507002,507002,507002,507002,507002,507002,507002,507002,507002,507002,507002,507002,507002,507002,507002,507002,507002,507002,507002,507002,507002,507002,507002,507002,507002,507002,507002,507002,507002,507002,507002,507002,507002,507002,507002,507002,507002,507002,507002,507002,507002,507002,507002,507002,507002,507002,507002,507002,507002,507002,507002,507002,507002,507002,507032,507080,507128,507176,507225,507273,507322,507369,507418,507465,507514,507562,507586,507658,507705,507753,507801,507849,507898,507945,507993,508041,508089,508137,508184,508233,508281,508329,508376,508424,508472,508519,508567,508614,508662,508685,,,,,,,,,,,,,,,,,,,,,,,,,,,,,,,,,,,,,,,,,,,,,,,,,,
CH5F7.KWH,(度數            ),kW h,491752,491752,491752,491752,491752,491752,491752,491752,491752,491752,491752,491752,491752,491752,491752,491752,491752,491752,491752,491752,491752,491752,491752,491752,491752,491752,491752,491752,491752,491752,491752,491752,491752,491752,491752,491752,491752,491752,491752,491752,491752,491752,491752,491752,491752,491752,491752,491752,491752,491752,491752,491752,491752,491752,491752,491752,491752,491752,491752,491752,491752,491752,491752,491752,491752,491752,491752,491752,491752,491752,491752,491752,491752,491752,491752,491752,491752,491752,491752,491752,491752,491752,491752,491752,491752,491752,491752,491752,491752,491752,491752,491752,491752,491752,,,,,,,,,,,,,,,,,,,,,,,,,,,,,,,,,,,,,,,,,,,,,,,,,,
CHP1F7:KWH,(                ),,510573,510578,510584,510589,510594,510599,510605,510610,510615,510621,510626,510632,510636,510636,510636,510636,510636,510636,510636,510636,510636,510636,510636,510636,510636,510636,510636,510636,510636,510636,510636,510636,510641,510646,510651,510657,510662,510667,510672,510678,510684,510688,510693,510699,510705,510710,510715,510721,510726,510732,510737,510742,510748,510752,510758,510763,510769,510774,510778,510785,510789,510795,510800,510805,510810,510816,510821,510826,510832,510836,510840,510848,510853,510858,510864,510869,510874,510879,510885,510890,510895,510900,510906,510911,510916,510921,510927,510932,510937,510942,510948,510953,510958,510961,,,,,,,,,,,,,,,,,,,,,,,,,,,,,,,,,,,,,,,,,,,,,,,,,,
CHP2F7:KWH,(                ),,233354,233354,233354,233354,233354,233354,233354,233354,233354,233354,233354,233354,233354,233354,233354,233354,233354,233354,233354,233354,233354,233354,233354,233354,233354,233354,233354,233354,233354,233354,233354,233354,233354,233354,233354,233354,233354,233354,233354,233354,233354,233354,233354,233354,233354,233354,233354,233354,233354,233354,233354,233354,233354,233354,233354,233354,233358,233363,233366,233372,233377,233382,233386,233391,233396,233401,233406,233411,233416,233420,233423,233431,233435,233440,233445,233450,233455,233460,233465,233470,233474,233479,233484,233489,233494,233498,233504,233509,233513,233518,233523,233528,233533,233535,,,,,,,,,,,,,,,,,,,,,,,,,,,,,,,,,,,,,,,,,,,,,,,,,,
CHP3F7:KWH,(                ),,118222,118222,118222,118222,118222,118222,118222,118222,118222,118222,118222,118222,118222,118222,118222,118222,118222,118222,118222,118222,118222,118222,118222,118222,118222,118222,118222,118222,118222,118222,118222,118222,118222,118222,118222,118222,118222,118222,118222,118222,118222,118222,118222,118222,118222,118222,118222,118222,118222,118222,118222,118222,118222,118222,118222,118222,118222,118222,118222,118222,118222,118222,118222,118222,118222,118222,118222,118222,118222,118222,118222,118222,118222,118222,118222,118222,118222,118222,118222,118222,118222,118222,118222,118222,118222,118222,118222,118222,118222,118222,118222,118222,118222,118222,,,,,,,,,,,,,,,,,,,,,,,,,,,,,,,,,,,,,,,,,,,,,,,,,,
CHP4F7:KWH,(                ),,511142,511142,511142,511142,511142,511142,511142,511142,511142,511142,511142,511142,511142,511142,511142,511142,511142,511142,511142,511142,511142,511142,511142,511142,511142,511142,511142,511142,511142,511142,511142,511142,511142,511142,511142,511142,511142,511142,511142,511142,511142,511142,511142,511142,511142,511142,511142,511142,511142,511142,511142,511142,511142,511142,511142,511142,511143,511148,511152,511159,511163,511169,511173,511179,511184,511189,511194,511199,511204,511209,511212,511220,511225,511230,511235,511240,511245,511250,511256,511261,511265,511271,511276,511281,511286,511290,511296,511302,511306,511312,511317,511322,511327,511329,,,,,,,,,,,,,,,,,,,,,,,,,,,,,,,,,,,,,,,,,,,,,,,,,,
CHP5F7:KWH,(                ),,528396,528396,528396,528396,528396,528396,528396,528396,528396,528396,528396,528396,528396,528396,528396,528396,528396,528396,528396,528396,528396,528396,528396,528396,528396,528396,528396,528396,528396,528396,528396,528396,528396,528396,528396,528396,528396,528396,528396,528396,528396,528396,528396,528396,528396,528396,528396,528396,528396,528396,528396,528396,528396,528396,528396,528396,528396,528396,528396,528396,528396,528396,528396,528396,528396,528396,528396,528396,528396,528396,528396,528396,528396,528396,528396,528396,528396,528396,528396,528396,528396,528396,528396,528396,528396,528396,528396,528396,528396,528396,528396,528396,528396,528396,,,,,,,,,,,,,,,,,,,,,,,,,,,,,,,,,,,,,,,,,,,,,,,,,,
CWP1F7:KWH,(                ),,515393,515398,515403,515408,515413,515418,515423,515428,515433,515439,515443,515449,515453,515453,515453,515453,515453,515453,515453,515453,515453,515453,515453,515453,515453,515453,515453,515453,515453,515453,515453,515453,515458,515463,515468,515474,515478,515483,515489,515494,515499,515504,515508,515514,515520,515524,515530,515535,515540,515545,515550,515555,515561,515565,515571,515576,515581,515586,515590,515596,515601,515606,515611,515616,515621,515627,515632,515637,515642,515646,515650,515657,515662,515667,515673,515678,515682,515688,515693,515698,515703,515708,515713,515719,515723,515728,515734,515739,515744,515749,515754,515759,515764,515767,,,,,,,,,,,,,,,,,,,,,,,,,,,,,,,,,,,,,,,,,,,,,,,,,,
CWP2F7:KWH,(                ),,263388,263388,263388,263388,263388,263388,263388,263388,263388,263388,263388,263388,263388,263388,263388,263388,263388,263388,263388,263388,263388,263388,263388,263388,263388,263388,263388,263388,263388,263388,263388,263388,263388,263388,263388,263388,263388,263388,263388,263388,263388,263388,263388,263388,263388,263388,263388,263388,263388,263388,263388,263388,263388,263388,263388,263388,263392,263398,263402,263409,263414,263420,263425,263431,263436,263442,263448,263453,263459,263464,263467,263475,263481,263486,263492,263497,263503,263508,263514,263520,263525,263530,263536,263542,263547,263552,263558,263564,263569,263575,263580,263586,263591,263594,,,,,,,,,,,,,,,,,,,,,,,,,,,,,,,,,,,,,,,,,,,,,,,,,,
CWP3F7:KWH,(                ),,142452,142452,142452,142452,142452,142452,142452,142452,142452,142452,142452,142452,142452,142452,142452,142452,142452,142452,142452,142452,142452,142452,142452,142452,142452,142452,142452,142452,142452,142452,142452,142452,142452,142452,142452,142452,142452,142452,142452,142452,142452,142452,142452,142452,142452,142452,142452,142452,142452,142452,142452,142452,142452,142452,142452,142452,142452,142452,142452,142452,142452,142452,142452,142452,142452,142452,142452,142452,142452,142452,142452,142452,142452,142452,142452,142452,142452,142452,142452,142452,142452,142452,142452,142452,142452,142452,142452,142452,142452,142452,142452,142452,142452,142452,,,,,,,,,,,,,,,,,,,,,,,,,,,,,,,,,,,,,,,,,,,,,,,,,,
CWP4F7:KWH,(                ),,566244,566244,566244,566244,566244,566244,566244,566244,566244,566244,566244,566244,566244,566244,566244,566244,566244,566244,566244,566244,566244,566244,566244,566244,566244,566244,566244,566244,566244,566244,566244,566244,566244,566244,566244,566244,566244,566244,566244,566244,566244,566244,566244,566244,566244,566244,566244,566244,566244,566244,566244,566244,566244,566244,566244,566244,566246,566251,566255,566261,566265,566271,566275,566280,566285,566290,566295,566300,566305,566309,566312,566320,566325,566330,566335,566339,566344,566349,566354,566359,566364,566369,566374,566379,566384,566388,566394,566399,566403,566408,566413,566418,566423,566426,,,,,,,,,,,,,,,,,,,,,,,,,,,,,,,,,,,,,,,,,,,,,,,,,,
CWP5F7:KWH,(                ),,622318,622318,622318,622318,622318,622318,622318,622318,622318,622318,622318,622318,622318,622318,622318,622318,622318,622318,622318,622318,622318,622318,622318,622318,622318,622318,622318,622318,622318,622318,622318,622318,622318,622318,622318,622318,622318,622318,622318,622318,622318,622318,622318,622318,622318,622318,622318,622318,622318,622318,622318,622318,622318,622318,622318,622318,622318,622318,622318,622318,622318,622318,622318,622318,622318,622318,622318,622318,622318,622318,622318,622318,622318,622318,622318,622318,622318,622318,622318,622318,622318,622318,622318,622318,622318,622318,622318,622318,622318,622318,622318,622318,622318,622318,,,,,,,,,,,,,,,,,,,,,,,,,,,,,,,,,,,,,,,,,,,,,,,,,,
CT1-1.KWH,(度數            ),kW h,5900,5901,5902,5904,5905,5906,5907,5908,5909,5910,5911,5913,5914,5914,5914,5914,5914,5914,5914,5914,5914,5914,5914,5914,5914,5914,5914,5914,5914,5914,5914,5914,5914,5915,5915,5916,5917,5919,5920,5921,5922,5923,5924,5925,5927,5928,5929,5930,5931,5932,5933,5935,5936,5937,5938,5939,5940,5941,5942,5944,5945,5946,5947,5948,5949,5950,5951,5953,5954,5955,5955,5957,5958,5959,5960,5962,5963,5964,5965,5966,5967,5968,5969,5970,5972,5973,5974,5975,5976,5977,5978,5979,5981,5981,,,,,,,,,,,,,,,,,,,,,,,,,,,,,,,,,,,,,,,,,,,,,,,,,,
CT1-1:KW,(                ),kW,6.7,6.7,6.8,6.7,6.7,6.8,6.8,6.8,6.7,6.7,6.7,6.9,0.0,0.0,0.0,0.0,0.0,0.0,0.0,0.0,0.0,0.0,0.0,0.0,0.0,0.0,0.0,0.0,0.0,0.0,0.0,0.0,5.9,1.2,2.1,6.9,6.7,6.8,6.7,6.9,6.8,6.9,6.8,6.9,7.0,6.8,6.9,7.0,7.0,6.8,6.9,6.7,6.9,6.7,6.8,6.9,6.9,6.8,6.7,6.7,6.8,6.7,6.7,6.7,6.7,6.7,6.7,6.7,6.6,6.7,6.7,6.9,6.8,6.7,6.6,6.8,6.7,6.8,6.7,6.8,6.9,6.7,6.7,6.8,6.8,6.6,6.7,6.7,6.8,6.7,6.6,6.7,6.7,6.7,,,,,,,,,,,,,,,,,,,,,,,,,,,,,,,,,,,,,,,,,,,,,,,,,,
CT1-2.KWH,(度數            ),kW h,8309,8310,8311,8312,8313,8314,8315,8316,8318,8319,8320,8321,8322,8322,8322,8322,8322,8322,8322,8322,8322,8322,8322,8322,8322,8322,8322,8322,8322,8322,8322,8322,8323,8323,8324,8325,8326,8327,8328,8329,8330,8331,8333,8334,8335,8336,8337,8338,8339,8341,8342,8343,8344,8345,8346,8347,8348,8350,8351,8352,8353,8354,8355,8356,8357,8359,8360,8361,8362,8363,8364,8365,8366,8367,8369,8370,8371,8372,8373,8374,8375,8376,8378,8379,8380,8381,8382,8383,8384,8385,8386,8388,8389,8389,,,,,,,,,,,,,,,,,,,,,,,,,,,,,,,,,,,,,,,,,,,,,,,,,,
CT1-2:KW,(                ),kW,6.7,6.9,6.7,6.5,6.7,6.8,6.7,6.8,6.8,6.4,6.7,6.7,0.0,0.0,0.0,0.0,0.0,0.0,0.0,0.0,0.0,0.0,0.0,0.0,0.0,0.0,0.0,0.0,0.0,0.0,0.0,0.0,5.9,1.3,2.2,6.7,6.7,6.7,6.8,6.8,6.9,6.8,6.8,6.8,6.8,6.8,6.8,6.9,6.8,6.8,6.8,6.7,6.9,6.7,6.8,6.7,6.7,6.8,6.6,6.7,6.7,6.8,6.7,6.6,6.7,6.8,6.7,6.7,6.8,6.8,6.7,6.7,6.6,6.7,6.7,6.8,6.8,6.7,6.7,6.7,6.6,6.7,6.7,6.8,6.7,6.6,6.8,6.6,6.7,6.6,6.7,6.7,6.7,6.7,,,,,,,,,,,,,,,,,,,,,,,,,,,,,,,,,,,,,,,,,,,,,,,,,,
CT1-3.KWH,(度數            ),kW h,5580,5582,5583,5584,5585,5586,5587,5588,5589,5591,5592,5593,5594,5594,5594,5594,5594,5594,5594,5594,5594,5594,5594,5594,5594,5594,5594,5594,5594,5594,5594,5594,5595,5595,5595,5597,5598,5599,5600,5601,5602,5603,5605,5606,5607,5608,5609,5610,5611,5613,5614,5615,5616,5617,5618,5619,5620,5622,5623,5624,5625,5626,5627,5628,5629,5631,5632,5633,5634,5635,5636,5637,5638,5640,5641,5642,5643,5644,5645,5646,5648,5649,5650,5651,5652,5653,5654,5655,5657,5658,5659,5660,5661,5662,,,,,,,,,,,,,,,,,,,,,,,,,,,,,,,,,,,,,,,,,,,,,,,,,,
CT1-3:KW,(                ),kW,6.7,6.7,6.7,6.6,6.7,6.8,6.8,6.9,6.7,6.6,6.7,6.9,0.0,0.0,0.0,0.0,0.0,0.0,0.0,0.0,0.0,0.0,0.0,0.0,0.0,0.0,0.0,0.0,0.0,0.0,0.0,0.0,6.0,1.3,2.2,6.8,6.8,6.9,6.8,6.9,6.8,6.8,6.9,6.8,6.9,6.9,6.8,6.9,7.0,6.8,6.9,6.8,6.8,6.8,6.8,6.7,6.7,6.8,6.8,6.8,6.7,6.8,6.9,6.9,6.7,6.7,6.7,6.8,6.8,6.8,6.8,6.7,6.8,6.7,6.8,6.8,6.9,6.8,6.8,6.7,6.8,6.7,6.8,6.8,6.7,6.7,6.8,6.8,6.8,6.8,6.7,6.8,6.7,6.8,,,,,,,,,,,,,,,,,,,,,,,,,,,,,,,,,,,,,,,,,,,,,,,,,,
CT1-4.KWH,(度數            ),kW h,8526,8527,8528,8529,8530,8532,8533,8534,8535,8536,8537,8538,8539,8539,8539,8539,8539,8539,8539,8539,8539,8539,8539,8539,8539,8539,8539,8539,8539,8539,8539,8539,8540,8541,8541,8542,8543,8544,8546,8547,8548,8549,8550,8551,8553,8554,8555,8556,8557,8558,8560,8561,8562,8563,8564,8565,8566,8568,8569,8570,8571,8572,8573,8574,8576,8577,8578,8579,8580,8581,8582,8584,8585,8586,8587,8588,8589,8590,8592,8593,8594,8595,8596,8597,8598,8600,8601,8602,8603,8604,8605,8606,8608,8608,,,,,,,,,,,,,,,,,,,,,,,,,,,,,,,,,,,,,,,,,,,,,,,,,,
CT1-4:KW,(                ),kW,6.8,6.9,6.8,6.7,6.8,6.8,6.9,6.9,6.7,6.8,6.7,7.0,0.0,0.0,0.0,0.0,0.0,0.0,0.0,0.0,0.0,0.0,0.0,0.0,0.0,0.0,0.0,0.0,0.0,0.0,0.0,0.0,6.1,1.3,2.3,7.0,7.1,7.0,7.0,7.0,6.9,6.9,7.0,7.0,7.0,7.0,7.0,7.1,7.0,7.0,7.0,6.9,6.8,6.8,6.9,6.9,6.9,6.9,6.9,6.8,6.9,6.9,6.8,6.8,6.7,6.9,6.8,6.8,7.0,6.9,6.9,6.9,6.8,6.9,6.9,7.0,7.0,6.8,6.8,6.8,6.8,6.8,6.8,6.8,6.7,6.8,6.7,6.7,6.8,6.9,6.9,6.8,6.8,6.8,,,,,,,,,,,,,,,,,,,,,,,,,,,,,,,,,,,,,,,,,,,,,,,,,,
CT1-ALL.KW,(冷卻水塔系統功率),,27.0,27.2,27.0,26.5,26.9,27.2,27.1,27.4,27.0,26.4,26.9,27.5,0.0,0.0,0.0,0.0,0.0,0.0,0.0,0.0,0.0,0.0,0.0,0.0,0.0,0.0,0.0,0.0,0.0,0.0,0.0,0.0,23.9,5.2,8.8,27.5,27.4,27.4,27.4,27.6,27.4,27.4,27.5,27.5,27.8,27.5,27.6,27.9,27.9,27.5,27.7,27.2,27.4,27.1,27.2,27.2,27.2,27.2,27.0,26.9,27.1,27.1,27.1,27.0,26.8,27.2,27.0,27.0,27.2,27.1,27.0,27.2,27.0,26.9,27.0,27.3,27.3,27.2,27.0,27.0,27.3,26.9,27.0,27.2,27.0,26.8,27.1,26.9,27.1,27.0,26.9,27.0,26.9,27.0,,,,,,,,,,,,,,,,,,,,,,,,,,,,,,,,,,,,,,,,,,,,,,,,,,
CT1-ALL.KWH,(度數            ),kW h,28317,28321,28326,28330,28335,28339,28344,28348,28353,28357,28362,28366,28370,28370,28370,28370,28370,28370,28370,28370,28370,28370,28370,28370,28370,28370,28370,28370,28370,28370,28370,28370,28374,28376,28377,28381,28386,28390,28395,28399,28404,28408,28413,28418,28422,28427,28431,28436,28441,28445,28450,28454,28459,28464,28468,28473,28477,28482,28486,28491,28495,28500,28504,28509,28513,28518,28522,28527,28531,28536,28538,28545,28549,28554,28558,28563,28567,28572,28576,28581,28585,28590,28594,28599,28603,28608,28612,28617,28621,28626,28630,28635,28639,28642,,,,,,,,,,,,,,,,,,,,,,,,,,,,,,,,,,,,,,,,,,,,,,,,,,
CT2-1.KWH,(度數            ),kW h,9924,9924,9924,9924,9924,9924,9924,9924,9924,9924,9924,9924,9924,9924,9924,9924,9924,9924,9924,9924,9924,9924,9924,9924,9924,9924,9924,9924,9924,9924,9924,9924,9924,9924,9924,9924,9924,9924,9924,9924,9924,9924,9924,9924,9924,9924,9924,9924,9924,9924,9924,9924,9924,9924,9924,9924,9925,9926,9927,9928,9929,9931,9932,9933,9934,9935,9936,9937,9938,9939,9940,9942,9943,9944,9945,9946,9947,9948,9949,9951,9952,9953,9954,9955,9956,9957,9958,9959,9960,9962,9963,9964,9965,9965,,,,,,,,,,,,,,,,,,,,,,,,,,,,,,,,,,,,,,,,,,,,,,,,,,
CT2-1:KW,(                ),kW,0.0,0.0,0.0,0.0,0.0,0.0,0.0,0.0,0.0,0.0,0.0,0.0,0.0,0.0,0.0,0.0,0.0,0.0,0.0,0.0,0.0,0.0,0.0,0.0,0.0,0.0,0.0,0.0,0.0,0.0,0.0,0.0,0.0,0.0,0.0,0.0,0.0,0.0,0.0,0.0,0.0,0.0,0.0,0.0,0.0,0.0,0.0,0.0,0.0,0.0,0.0,0.0,0.0,0.0,0.0,0.0,6.9,6.9,6.6,6.7,6.6,6.8,6.7,6.7,6.8,6.7,6.7,6.8,6.7,6.7,6.7,6.8,6.7,6.5,6.6,6.7,6.8,6.8,6.7,6.5,6.6,6.5,6.7,6.7,6.8,6.7,6.6,6.6,6.6,6.6,6.4,6.5,6.5,6.5,,,,,,,,,,,,,,,,,,,,,,,,,,,,,,,,,,,,,,,,,,,,,,,,,,
CT2-2.KWH,(度數            ),kW h,9635,9635,9635,9635,9635,9635,9635,9635,9635,9635,9635,9635,9635,9635,9635,9635,9635,9635,9635,9635,9635,9635,9635,9635,9635,9635,9635,9635,9635,9635,9635,9635,9635,9635,9635,9635,9635,9635,9635,9635,9635,9635,9635,9635,9635,9635,9635,9635,9635,9635,9635,9635,9635,9635,9635,9635,9635,9637,9638,9639,9640,9641,9642,9643,9644,9645,9646,9647,9648,9650,9650,9652,9653,9654,9655,9656,9657,9658,9659,9660,9661,9663,9664,9665,9666,9667,9668,9669,9670,9671,9672,9673,9674,9675,,,,,,,,,,,,,,,,,,,,,,,,,,,,,,,,,,,,,,,,,,,,,,,,,,
CT2-2:KW,(                ),kW,0.0,0.0,0.0,0.0,0.0,0.0,0.0,0.0,0.0,0.0,0.0,0.0,0.0,0.0,0.0,0.0,0.0,0.0,0.0,0.0,0.0,0.0,0.0,0.0,0.0,0.0,0.0,0.0,0.0,0.0,0.0,0.0,0.0,0.0,0.0,0.0,0.0,0.0,0.0,0.0,0.0,0.0,0.0,0.0,0.0,0.0,0.0,0.0,0.0,0.0,0.0,0.0,0.0,0.0,0.0,0.0,6.7,6.7,6.6,6.5,6.4,6.5,6.6,6.4,6.5,6.5,6.5,6.6,6.6,6.4,6.4,6.5,6.5,6.6,6.5,6.5,6.5,6.6,6.5,6.5,6.6,6.6,6.5,6.6,6.5,6.5,6.4,6.4,6.6,6.7,6.5,6.5,6.5,6.5,,,,,,,,,,,,,,,,,,,,,,,,,,,,,,,,,,,,,,,,,,,,,,,,,,
CT2-3.KWH,(度數            ),kW h,9468,9468,9468,9468,9468,9468,9468,9468,9468,9468,9468,9468,9468,9468,9468,9468,9468,9468,9468,9468,9468,9468,9468,9468,9468,9468,9468,9468,9468,9468,9468,9468,9468,9468,9468,9468,9468,9468,9468,9468,9468,9468,9468,9468,9468,9468,9468,9468,9468,9468,9468,9468,9468,9468,9468,9468,9468,9469,9471,9472,9473,9474,9475,9476,9477,9478,9479,9480,9481,9482,9483,9485,9486,9487,9488,9489,9490,9491,9492,9493,9494,9495,9496,9497,9498,9499,9501,9502,9503,9504,9505,9506,9507,9507,,,,,,,,,,,,,,,,,,,,,,,,,,,,,,,,,,,,,,,,,,,,,,,,,,
CT2-3:KW,(                ),kW,0.0,0.0,0.0,0.0,0.0,0.0,0.0,0.0,0.0,0.0,0.0,0.0,0.0,0.0,0.0,0.0,0.0,0.0,0.0,0.0,0.0,0.0,0.0,0.0,0.0,0.0,0.0,0.0,0.0,0.0,0.0,0.0,0.0,0.0,0.0,0.0,0.0,0.0,0.0,0.0,0.0,0.0,0.0,0.0,0.0,0.0,0.0,0.0,0.0,0.0,0.0,0.0,0.0,0.0,0.0,0.0,6.5,6.7,6.5,6.5,6.4,6.4,6.4,6.5,6.4,6.4,6.4,6.4,6.5,6.4,6.4,6.5,6.4,6.4,6.4,6.4,6.4,6.6,6.4,6.4,6.4,6.4,6.3,6.3,6.4,6.4,6.5,6.3,6.4,6.3,6.5,6.4,6.4,6.4,,,,,,,,,,,,,,,,,,,,,,,,,,,,,,,,,,,,,,,,,,,,,,,,,,
CT2-4.KWH,(度數            ),kW h,9766,9766,9766,9766,9766,9766,9766,9766,9766,9766,9766,9766,9766,9766,9766,9766,9766,9766,9766,9766,9766,9766,9766,9766,9766,9766,9766,9766,9766,9766,9766,9766,9766,9766,9766,9766,9766,9766,9766,9766,9766,9766,9766,9766,9766,9766,9766,9766,9766,9766,9766,9766,9766,9766,9766,9766,9766,9768,9769,9770,9771,9772,9773,9774,9775,9776,9777,9779,9780,9781,9781,9783,9784,9785,9786,9787,9788,9789,9791,9792,9793,9794,9795,9796,9797,9798,9799,9800,9802,9803,9804,9805,9806,9806,,,,,,,,,,,,,,,,,,,,,,,,,,,,,,,,,,,,,,,,,,,,,,,,,,
CT2-4:KW,(                ),kW,0.0,0.0,0.0,0.0,0.0,0.0,0.0,0.0,0.0,0.0,0.0,0.0,0.0,0.0,0.0,0.0,0.0,0.0,0.0,0.0,0.0,0.0,0.0,0.0,0.0,0.0,0.0,0.0,0.0,0.0,0.0,0.0,0.0,0.0,0.0,0.0,0.0,0.0,0.0,0.0,0.0,0.0,0.0,0.0,0.0,0.0,0.0,0.0,0.0,0.0,0.0,0.0,0.0,0.0,0.0,0.0,6.8,6.8,6.8,6.6,6.6,6.6,6.6,6.6,6.6,6.5,6.6,6.7,6.7,6.6,6.5,6.6,6.6,6.6,6.6,6.6,6.5,6.5,6.5,6.6,6.5,6.6,6.5,6.5,6.5,6.5,6.5,6.6,6.6,6.6,6.5,6.6,6.5,6.6,,,,,,,,,,,,,,,,,,,,,,,,,,,,,,,,,,,,,,,,,,,,,,,,,,
CT2-ALL.KW,(冷卻水塔系統功率),,0.0,0.0,0.0,0.0,0.0,0.0,0.0,0.0,0.0,0.0,0.0,0.0,0.0,0.0,0.0,0.0,0.0,0.0,0.0,0.0,0.0,0.0,0.0,0.0,0.0,0.0,0.0,0.0,0.0,0.0,0.0,0.0,0.0,0.0,0.0,0.0,0.0,0.0,0.0,0.0,0.0,0.0,0.0,0.0,0.0,0.0,0.0,0.0,0.0,0.0,0.0,0.0,0.0,0.0,0.0,0.0,27.0,27.0,26.5,26.2,26.0,26.3,26.2,26.1,26.4,26.1,26.2,26.4,26.5,26.2,26.0,26.4,26.2,26.1,26.1,26.2,26.1,26.5,26.2,26.1,26.1,26.1,26.1,26.2,26.1,26.1,26.0,25.9,26.1,26.2,25.9,26.0,26.0,26.1,,,,,,,,,,,,,,,,,,,,,,,,,,,,,,,,,,,,,,,,,,,,,,,,,,
CT2-ALL.KWH,(度數            ),kW h,38794,38794,38794,38794,38794,38794,38794,38794,38794,38794,38794,38794,38794,38794,38794,38794,38794,38794,38794,38794,38794,38794,38794,38794,38794,38794,38794,38794,38794,38794,38794,38794,38794,38794,38794,38794,38794,38794,38794,38794,38794,38794,38794,38794,38794,38794,38794,38794,38794,38794,38794,38794,38794,38794,38794,38794,38797,38801,38805,38810,38814,38819,38823,38827,38832,38836,38840,38845,38849,38854,38856,38862,38867,38871,38875,38880,38884,38888,38893,38897,38902,38906,38910,38915,38919,38923,38928,38932,38936,38941,38945,38949,38954,38956,,,,,,,,,,,,,,,,,,,,,,,,,,,,,,,,,,,,,,,,,,,,,,,,,,
CT3-1.KWH,(度數            ),kW h,5034,5034,5034,5034,5034,5034,5034,5034,5034,5034,5034,5034,5034,5034,5034,5034,5034,5034,5034,5034,5034,5034,5034,5034,5034,5034,5034,5034,5034,5034,5034,5034,5034,5034,5034,5034,5034,5034,5034,5034,5034,5034,5034,5034,5034,5034,5034,5034,5034,5034,5034,5034,5034,5034,5034,5034,5034,5034,5034,5034,5034,5034,5034,5034,5034,5034,5034,5034,5034,5034,5034,5034,5034,5034,5034,5034,5034,5034,5034,5034,5034,5034,5034,5034,5034,5034,5034,5034,5034,5034,5034,5034,5034,5034,,,,,,,,,,,,,,,,,,,,,,,,,,,,,,,,,,,,,,,,,,,,,,,,,,
CT3-1:KW,(                ),kW,0.0,0.0,0.0,0.0,0.0,0.0,0.0,0.0,0.0,0.0,0.0,0.0,0.0,0.0,0.0,0.0,0.0,0.0,0.0,0.0,0.0,0.0,0.0,0.0,0.0,0.0,0.0,0.0,0.0,0.0,0.0,0.0,0.0,0.0,0.0,0.0,0.0,0.0,0.0,0.0,0.0,0.0,0.0,0.0,0.0,0.0,0.0,0.0,0.0,0.0,0.0,0.0,0.0,0.0,0.0,0.0,0.0,0.0,0.0,0.0,0.0,0.0,0.0,0.0,0.0,0.0,0.0,0.0,0.0,0.0,0.0,0.0,0.0,0.0,0.0,0.0,0.0,0.0,0.0,0.0,0.0,0.0,0.0,0.0,0.0,0.0,0.0,0.0,0.0,0.0,0.0,0.0,0.0,0.0,,,,,,,,,,,,,,,,,,,,,,,,,,,,,,,,,,,,,,,,,,,,,,,,,,
CT3-2.KWH,(度數            ),kW h,5842,5842,5842,5842,5842,5842,5842,5842,5842,5842,5842,5842,5842,5842,5842,5842,5842,5842,5842,5842,5842,5842,5842,5842,5842,5842,5842,5842,5842,5842,5842,5842,5842,5842,5842,5842,5842,5842,5842,5842,5842,5842,5842,5842,5842,5842,5842,5842,5842,5842,5842,5842,5842,5842,5842,5842,5842,5842,5842,5842,5842,5842,5842,5842,5842,5842,5842,5842,5842,5842,5842,5842,5842,5842,5842,5842,5842,5842,5842,5842,5842,5842,5842,5842,5842,5842,5842,5842,5842,5842,5842,5842,5842,5842,,,,,,,,,,,,,,,,,,,,,,,,,,,,,,,,,,,,,,,,,,,,,,,,,,
CT3-2:KW,(                ),kW,0.0,0.0,0.0,0.0,0.0,0.0,0.0,0.0,0.0,0.0,0.0,0.0,0.0,0.0,0.0,0.0,0.0,0.0,0.0,0.0,0.0,0.0,0.0,0.0,0.0,0.0,0.0,0.0,0.0,0.0,0.0,0.0,0.0,0.0,0.0,0.0,0.0,0.0,0.0,0.0,0.0,0.0,0.0,0.0,0.0,0.0,0.0,0.0,0.0,0.0,0.0,0.0,0.0,0.0,0.0,0.0,0.0,0.0,0.0,0.0,0.0,0.0,0.0,0.0,0.0,0.0,0.0,0.0,0.0,0.0,0.0,0.0,0.0,0.0,0.0,0.0,0.0,0.0,0.0,0.0,0.0,0.0,0.0,0.0,0.0,0.0,0.0,0.0,0.0,0.0,0.0,0.0,0.0,0.0,,,,,,,,,,,,,,,,,,,,,,,,,,,,,,,,,,,,,,,,,,,,,,,,,,
CT3-3.KWH,(度數            ),kW h,6145,6145,6145,6145,6145,6145,6145,6145,6145,6145,6145,6145,6145,6145,6145,6145,6145,6145,6145,6145,6145,6145,6145,6145,6145,6145,6145,6145,6145,6145,6145,6145,6145,6145,6145,6145,6145,6145,6145,6145,6145,6145,6145,6145,6145,6145,6145,6145,6145,6145,6145,6145,6145,6145,6145,6145,6145,6145,6145,6145,6145,6145,6145,6145,6145,6145,6145,6145,6145,6145,6145,6145,6145,6145,6145,6145,6145,6145,6145,6145,6145,6145,6145,6145,6145,6145,6145,6145,6145,6145,6145,6145,6145,6145,,,,,,,,,,,,,,,,,,,,,,,,,,,,,,,,,,,,,,,,,,,,,,,,,,
CT3-3:KW,(                ),kW,0.0,0.0,0.0,0.0,0.0,0.0,0.0,0.0,0.0,0.0,0.0,0.0,0.0,0.0,0.0,0.0,0.0,0.0,0.0,0.0,0.0,0.0,0.0,0.0,0.0,0.0,0.0,0.0,0.0,0.0,0.0,0.0,0.0,0.0,0.0,0.0,0.0,0.0,0.0,0.0,0.0,0.0,0.0,0.0,0.0,0.0,0.0,0.0,0.0,0.0,0.0,0.0,0.0,0.0,0.0,0.0,0.0,0.0,0.0,0.0,0.0,0.0,0.0,0.0,0.0,0.0,0.0,0.0,0.0,0.0,0.0,0.0,0.0,0.0,0.0,0.0,0.0,0.0,0.0,0.0,0.0,0.0,0.0,0.0,0.0,0.0,0.0,0.0,0.0,0.0,0.0,0.0,0.0,0.0,,,,,,,,,,,,,,,,,,,,,,,,,,,,,,,,,,,,,,,,,,,,,,,,,,
CT3-4.KWH,(度數            ),kW h,6216,6216,6216,6216,6216,6216,6216,6216,6216,6216,6216,6216,6216,6216,6216,6216,6216,6216,6216,6216,6216,6216,6216,6216,6216,6216,6216,6216,6216,6216,6216,6216,6216,6216,6216,6216,6216,6216,6216,6216,6216,6216,6216,6216,6216,6216,6216,6216,6216,6216,6216,6216,6216,6216,6216,6216,6216,6216,6216,6216,6216,6216,6216,6216,6216,6216,6216,6216,6216,6216,6216,6216,6216,6216,6216,6216,6216,6216,6216,6216,6216,6216,6216,6216,6216,6216,6216,6216,6216,6216,6216,6216,6216,6216,,,,,,,,,,,,,,,,,,,,,,,,,,,,,,,,,,,,,,,,,,,,,,,,,,
CT3-4:KW,(                ),kW,0.0,0.0,0.0,0.0,0.0,0.0,0.0,0.0,0.0,0.0,0.0,0.0,0.0,0.0,0.0,0.0,0.0,0.0,0.0,0.0,0.0,0.0,0.0,0.0,0.0,0.0,0.0,0.0,0.0,0.0,0.0,0.0,0.0,0.0,0.0,0.0,0.0,0.0,0.0,0.0,0.0,0.0,0.0,0.0,0.0,0.0,0.0,0.0,0.0,0.0,0.0,0.0,0.0,0.0,0.0,0.0,0.0,0.0,0.0,0.0,0.0,0.0,0.0,0.0,0.0,0.0,0.0,0.0,0.0,0.0,0.0,0.0,0.0,0.0,0.0,0.0,0.0,0.0,0.0,0.0,0.0,0.0,0.0,0.0,0.0,0.0,0.0,0.0,0.0,0.0,0.0,0.0,0.0,0.0,,,,,,,,,,,,,,,,,,,,,,,,,,,,,,,,,,,,,,,,,,,,,,,,,,
CT3-ALL.KW,(冷卻水塔系統功率),,0.0,0.0,0.0,0.0,0.0,0.0,0.0,0.0,0.0,0.0,0.0,0.0,0.0,0.0,0.0,0.0,0.0,0.0,0.0,0.0,0.0,0.0,0.0,0.0,0.0,0.0,0.0,0.0,0.0,0.0,0.0,0.0,0.0,0.0,0.0,0.0,0.0,0.0,0.0,0.0,0.0,0.0,0.0,0.0,0.0,0.0,0.0,0.0,0.0,0.0,0.0,0.0,0.0,0.0,0.0,0.0,0.0,0.0,0.0,0.0,0.0,0.0,0.0,0.0,0.0,0.0,0.0,0.0,0.0,0.0,0.0,0.0,0.0,0.0,0.0,0.0,0.0,0.0,0.0,0.0,0.0,0.0,0.0,0.0,0.0,0.0,0.0,0.0,0.0,0.0,0.0,0.0,0.0,0.0,,,,,,,,,,,,,,,,,,,,,,,,,,,,,,,,,,,,,,,,,,,,,,,,,,
CT3-ALL.KWH,(度數            ),kW h,23238,23238,23238,23238,23238,23238,23238,23238,23238,23238,23238,23238,23238,23238,23238,23238,23238,23238,23238,23238,23238,23238,23238,23238,23238,23238,23238,23238,23238,23238,23238,23238,23238,23238,23238,23238,23238,23238,23238,23238,23238,23238,23238,23238,23238,23238,23238,23238,23238,23238,23238,23238,23238,23238,23238,23238,23238,23238,23238,23238,23238,23238,23238,23238,23238,23238,23238,23238,23238,23238,23238,23238,23238,23238,23238,23238,23238,23238,23238,23238,23238,23238,23238,23238,23238,23238,23238,23238,23238,23238,23238,23238,23238,23238,,,,,,,,,,,,,,,,,,,,,,,,,,,,,,,,,,,,,,,,,,,,,,,,,,
CT4-1.KWH,(度數            ),kW h,10226,10226,10226,10226,10226,10226,10226,10226,10226,10226,10226,10226,10226,10226,10226,10226,10226,10226,10226,10226,10226,10226,10226,10226,10226,10226,10226,10226,10226,10226,10226,10226,10226,10226,10226,10226,10226,10226,10226,10226,10226,10226,10226,10226,10226,10226,10226,10226,10226,10226,10226,10226,10226,10226,10226,10226,10226,10227,10228,10229,10230,10231,10233,10234,10235,10236,10237,10238,10239,10240,10241,10242,10243,10244,10246,10247,10248,10249,10250,10251,10252,10253,10254,10255,10256,10258,10259,10260,10261,10262,10263,10264,10265,10266,,,,,,,,,,,,,,,,,,,,,,,,,,,,,,,,,,,,,,,,,,,,,,,,,,
CT4-1:KW,(                ),kW,0.0,0.0,0.0,0.0,0.0,0.0,0.0,0.0,0.0,0.0,0.0,0.0,0.0,0.0,0.0,0.0,0.0,0.0,0.0,0.0,0.0,0.0,0.0,0.0,0.0,0.0,0.0,0.0,0.0,0.0,0.0,0.0,0.0,0.0,0.0,0.0,0.0,0.0,0.0,0.0,0.0,0.0,0.0,0.0,0.0,0.0,0.0,0.0,0.0,0.0,0.0,0.0,0.0,0.0,0.0,0.0,6.7,6.8,6.5,6.6,6.4,6.5,6.5,6.4,6.5,6.5,6.5,6.5,6.4,6.4,6.3,6.4,6.5,6.4,6.5,6.6,6.5,6.7,6.5,6.4,6.5,6.3,6.3,6.5,6.7,6.5,6.5,6.5,6.6,6.7,6.4,6.4,6.6,6.5,,,,,,,,,,,,,,,,,,,,,,,,,,,,,,,,,,,,,,,,,,,,,,,,,,
CT4-2.KWH,(度數            ),kW h,6696,6696,6696,6696,6696,6696,6696,6696,6696,6696,6696,6696,6696,6696,6696,6696,6696,6696,6696,6696,6696,6696,6696,6696,6696,6696,6696,6696,6696,6696,6696,6696,6696,6696,6696,6696,6696,6696,6696,6696,6696,6696,6696,6696,6696,6696,6696,6696,6696,6696,6696,6696,6696,6696,6696,6696,6696,6697,6697,6698,6699,6699,6700,6700,6701,6701,6702,6702,6703,6703,6704,6705,6705,6706,6706,6707,6707,6708,6708,6709,6710,6710,6711,6711,6712,6712,6713,6713,6714,6714,6715,6716,6716,6716,,,,,,,,,,,,,,,,,,,,,,,,,,,,,,,,,,,,,,,,,,,,,,,,,,
CT4-2:KW,(                ),kW,0.0,0.0,0.0,0.0,0.0,0.0,0.0,0.0,0.0,0.0,0.0,0.0,0.0,0.0,0.0,0.0,0.0,0.0,0.0,0.0,0.0,0.0,0.0,0.0,0.0,0.0,0.0,0.0,0.0,0.0,0.0,0.0,0.0,0.0,0.0,0.0,0.0,0.0,0.0,0.0,0.0,0.0,0.0,0.0,0.0,0.0,0.0,0.0,0.0,0.0,0.0,0.0,0.0,0.0,0.0,0.0,3.3,3.4,3.5,3.3,3.3,3.3,3.4,3.4,3.3,3.1,3.2,3.4,3.3,3.1,3.1,3.3,3.3,3.3,3.3,3.3,3.3,3.3,3.3,3.1,3.1,3.3,3.2,3.3,3.4,3.4,3.3,3.5,3.4,3.3,3.4,3.3,3.2,3.4,,,,,,,,,,,,,,,,,,,,,,,,,,,,,,,,,,,,,,,,,,,,,,,,,,
CT4-3.KWH,(度數            ),kW h,9603,9603,9603,9603,9603,9603,9603,9603,9603,9603,9603,9603,9603,9603,9603,9603,9603,9603,9603,9603,9603,9603,9603,9603,9603,9603,9603,9603,9603,9603,9603,9603,9603,9603,9603,9603,9603,9603,9603,9603,9603,9603,9603,9603,9603,9603,9603,9603,9603,9603,9603,9603,9603,9603,9603,9603,9603,9604,9605,9606,9607,9608,9609,9610,9611,9613,9614,9615,9616,9617,9617,9619,9620,9621,9622,9623,9624,9625,9626,9627,9628,9630,9631,9632,9633,9634,9635,9636,9637,9638,9639,9640,9641,9642,,,,,,,,,,,,,,,,,,,,,,,,,,,,,,,,,,,,,,,,,,,,,,,,,,
CT4-3:KW,(                ),kW,0.0,0.0,0.0,0.0,0.0,0.0,0.0,0.0,0.0,0.0,0.0,0.0,0.0,0.0,0.0,0.0,0.0,0.0,0.0,0.0,0.0,0.0,0.0,0.0,0.0,0.0,0.0,0.0,0.0,0.0,0.0,0.0,0.0,0.0,0.0,0.0,0.0,0.0,0.0,0.0,0.0,0.0,0.0,0.0,0.0,0.0,0.0,0.0,0.0,0.0,0.0,0.0,0.0,0.0,0.0,0.0,6.4,6.4,6.5,6.4,6.4,6.4,6.4,6.4,6.4,6.4,6.4,6.5,6.4,6.3,6.4,6.4,6.4,6.6,6.4,6.3,6.3,6.3,6.4,6.2,6.3,6.3,6.4,6.4,6.3,6.3,6.3,6.4,6.3,6.3,6.3,6.5,6.4,6.3,,,,,,,,,,,,,,,,,,,,,,,,,,,,,,,,,,,,,,,,,,,,,,,,,,
CT4-4.KWH,(度數            ),kW h,7604,7604,7604,7604,7604,7604,7604,7604,7604,7604,7604,7604,7604,7604,7604,7604,7604,7604,7604,7604,7604,7604,7604,7604,7604,7604,7604,7604,7604,7604,7604,7604,7604,7604,7604,7604,7604,7604,7604,7604,7604,7604,7604,7604,7604,7604,7604,7604,7604,7604,7604,7604,7604,7604,7604,7604,7605,7606,7607,7608,7609,7610,7611,7612,7613,7614,7615,7617,7618,7619,7619,7621,7622,7623,7624,7625,7626,7627,7628,7630,7631,7632,7633,7634,7635,7636,7637,7638,7639,7640,7641,7642,7644,7644,,,,,,,,,,,,,,,,,,,,,,,,,,,,,,,,,,,,,,,,,,,,,,,,,,
CT4-4:KW,(                ),kW,0.0,0.0,0.0,0.0,0.0,0.0,0.0,0.0,0.0,0.0,0.0,0.0,0.0,0.0,0.0,0.0,0.0,0.0,0.0,0.0,0.0,0.0,0.0,0.0,0.0,0.0,0.0,0.0,0.0,0.0,0.0,0.0,0.0,0.0,0.0,0.0,0.0,0.0,0.0,0.0,0.0,0.0,0.0,0.0,0.0,0.0,0.0,0.0,0.0,0.0,0.0,0.0,0.0,0.0,0.0,0.0,6.7,6.8,6.5,6.5,6.8,6.4,6.5,6.4,6.7,6.9,6.7,6.5,6.6,6.5,6.6,6.7,6.4,6.4,6.5,6.4,6.4,6.6,6.6,6.4,6.6,6.4,6.6,6.3,6.4,6.4,6.4,6.5,6.4,6.5,6.3,6.5,6.4,6.4,,,,,,,,,,,,,,,,,,,,,,,,,,,,,,,,,,,,,,,,,,,,,,,,,,
CT4-ALL.KW,(冷卻水塔系統功率),,0.0,0.0,0.0,0.0,0.0,0.0,0.0,0.0,0.0,0.0,0.0,0.0,0.0,0.0,0.0,0.0,0.0,0.0,0.0,0.0,0.0,0.0,0.0,0.0,0.0,0.0,0.0,0.0,0.0,0.0,0.0,0.0,0.0,0.0,0.0,0.0,0.0,0.0,0.0,0.0,0.0,0.0,0.0,0.0,0.0,0.0,0.0,0.0,0.0,0.0,0.0,0.0,0.0,0.0,0.0,0.0,23.1,23.4,23.0,22.8,22.9,22.5,22.8,22.6,22.8,22.9,22.8,23.0,22.6,22.3,22.6,22.9,22.7,22.8,22.7,22.6,22.3,22.8,22.9,22.2,22.5,22.3,22.6,22.6,22.8,22.6,22.5,22.9,22.8,22.8,22.4,22.6,22.6,22.7,,,,,,,,,,,,,,,,,,,,,,,,,,,,,,,,,,,,,,,,,,,,,,,,,,
CT4-ALL.KWH,(度數            ),kW h,34131,34131,34131,34131,34131,34131,34131,34131,34131,34131,34131,34131,34131,34131,34131,34131,34131,34131,34131,34131,34131,34131,34131,34131,34131,34131,34131,34131,34131,34131,34131,34131,34131,34131,34131,34131,34131,34131,34131,34131,34131,34131,34131,34131,34131,34131,34131,34131,34131,34131,34131,34131,34131,34131,34131,34131,34131,34135,34139,34143,34147,34150,34154,34158,34162,34166,34169,34173,34177,34181,34183,34188,34192,34196,34199,34203,34207,34211,34215,34218,34222,34226,34230,34233,34237,34241,34245,34248,34252,34256,34260,34264,34267,34269,,,,,,,,,,,,,,,,,,,,,,,,,,,,,,,,,,,,,,,,,,,,,,,,,,
CT5-1.KWH,(度數            ),kW h,10918,10918,10918,10918,10918,10918,10918,10918,10918,10918,10918,10918,10918,10918,10918,10918,10918,10918,10918,10918,10918,10918,10918,10918,10918,10918,10918,10918,10918,10918,10918,10918,10918,10918,10918,10918,10918,10918,10918,10918,10918,10918,10918,10918,10918,10918,10918,10918,10918,10918,10918,10918,10918,10918,10918,10918,10918,10918,10918,10918,10918,10918,10918,10918,10918,10918,10918,10918,10918,10918,10918,10918,10918,10918,10918,10918,10918,10918,10918,10918,10918,10918,10918,10918,10918,10918,10918,10918,10918,10918,10918,10918,10918,10918,,,,,,,,,,,,,,,,,,,,,,,,,,,,,,,,,,,,,,,,,,,,,,,,,,
CT5-1:KW,(                ),kW,0.0,0.0,0.0,0.0,0.0,0.0,0.0,0.0,0.0,0.0,0.0,0.0,0.0,0.0,0.0,0.0,0.0,0.0,0.0,0.0,0.0,0.0,0.0,0.0,0.0,0.0,0.0,0.0,0.0,0.0,0.0,0.0,0.0,0.0,0.0,0.0,0.0,0.0,0.0,0.0,0.0,0.0,0.0,0.0,0.0,0.0,0.0,0.0,0.0,0.0,0.0,0.0,0.0,0.0,0.0,0.0,0.0,0.0,0.0,0.0,0.0,0.0,0.0,0.0,0.0,0.0,0.0,0.0,0.0,0.0,0.0,0.0,0.0,0.0,0.0,0.0,0.0,0.0,0.0,0.0,0.0,0.0,0.0,0.0,0.0,0.0,0.0,0.0,0.0,0.0,0.0,0.0,0.0,0.0,,,,,,,,,,,,,,,,,,,,,,,,,,,,,,,,,,,,,,,,,,,,,,,,,,
CT5-2.KWH,(度數            ),kW h,10414,10414,10414,10414,10414,10414,10414,10414,10414,10414,10414,10414,10414,10414,10414,10414,10414,10414,10414,10414,10414,10414,10414,10414,10414,10414,10414,10414,10414,10414,10414,10414,10414,10414,10414,10414,10414,10414,10414,10414,10414,10414,10414,10414,10414,10414,10414,10414,10414,10414,10414,10414,10414,10414,10414,10414,10414,10414,10414,10414,10414,10414,10414,10414,10414,10414,10414,10414,10414,10414,10414,10414,10414,10414,10414,10414,10414,10414,10414,10414,10414,10414,10414,10414,10414,10414,10414,10414,10414,10414,10414,10414,10414,10414,,,,,,,,,,,,,,,,,,,,,,,,,,,,,,,,,,,,,,,,,,,,,,,,,,
CT5-2:KW,(                ),kW,0.0,0.0,0.0,0.0,0.0,0.0,0.0,0.0,0.0,0.0,0.0,0.0,0.0,0.0,0.0,0.0,0.0,0.0,0.0,0.0,0.0,0.0,0.0,0.0,0.0,0.0,0.0,0.0,0.0,0.0,0.0,0.0,0.0,0.0,0.0,0.0,0.0,0.0,0.0,0.0,0.0,0.0,0.0,0.0,0.0,0.0,0.0,0.0,0.0,0.0,0.0,0.0,0.0,0.0,0.0,0.0,0.0,0.0,0.0,0.0,0.0,0.0,0.0,0.0,0.0,0.0,0.0,0.0,0.0,0.0,0.0,0.0,0.0,0.0,0.0,0.0,0.0,0.0,0.0,0.0,0.0,0.0,0.0,0.0,0.0,0.0,0.0,0.0,0.0,0.0,0.0,0.0,0.0,0.0,,,,,,,,,,,,,,,,,,,,,,,,,,,,,,,,,,,,,,,,,,,,,,,,,,
CT5-3.KWH,(度數            ),kW h,9255,9255,9255,9255,9255,9255,9255,9255,9255,9255,9255,9255,9255,9255,9255,9255,9255,9255,9255,9255,9255,9255,9255,9255,9255,9255,9255,9255,9255,9255,9255,9255,9255,9255,9255,9255,9255,9255,9255,9255,9255,9255,9255,9255,9255,9255,9255,9255,9255,9255,9255,9255,9255,9255,9255,9255,9255,9255,9255,9255,9255,9255,9255,9255,9255,9255,9255,9255,9255,9255,9255,9255,9255,9255,9255,9255,9255,9255,9255,9255,9255,9255,9255,9255,9255,9255,9255,9255,9255,9255,9255,9255,9255,9255,,,,,,,,,,,,,,,,,,,,,,,,,,,,,,,,,,,,,,,,,,,,,,,,,,
CT5-3:KW,(                ),kW,0.0,0.0,0.0,0.0,0.0,0.0,0.0,0.0,0.0,0.0,0.0,0.0,0.0,0.0,0.0,0.0,0.0,0.0,0.0,0.0,0.0,0.0,0.0,0.0,0.0,0.0,0.0,0.0,0.0,0.0,0.0,0.0,0.0,0.0,0.0,0.0,0.0,0.0,0.0,0.0,0.0,0.0,0.0,0.0,0.0,0.0,0.0,0.0,0.0,0.0,0.0,0.0,0.0,0.0,0.0,0.0,0.0,0.0,0.0,0.0,0.0,0.0,0.0,0.0,0.0,0.0,0.0,0.0,0.0,0.0,0.0,0.0,0.0,0.0,0.0,0.0,0.0,0.0,0.0,0.0,0.0,0.0,0.0,0.0,0.0,0.0,0.0,0.0,0.0,0.0,0.0,0.0,0.0,0.0,,,,,,,,,,,,,,,,,,,,,,,,,,,,,,,,,,,,,,,,,,,,,,,,,,
CT5-4.KWH,(度數            ),kW h,10494,10494,10494,10494,10494,10494,10494,10494,10494,10494,10494,10494,10494,10494,10494,10494,10494,10494,10494,10494,10494,10494,10494,10494,10494,10494,10494,10494,10494,10494,10494,10494,10494,10494,10494,10494,10494,10494,10494,10494,10494,10494,10494,10494,10494,10494,10494,10494,10494,10494,10494,10494,10494,10494,10494,10494,10494,10494,10494,10494,10494,10494,10494,10494,10494,10494,10494,10494,10494,10494,10494,10494,10494,10494,10494,10494,10494,10494,10494,10494,10494,10494,10494,10494,10494,10494,10494,10494,10494,10494,10494,10494,10494,10494,,,,,,,,,,,,,,,,,,,,,,,,,,,,,,,,,,,,,,,,,,,,,,,,,,
CT5-4:KW,(                ),kW,0.0,0.0,0.0,0.0,0.0,0.0,0.0,0.0,0.0,0.0,0.0,0.0,0.0,0.0,0.0,0.0,0.0,0.0,0.0,0.0,0.0,0.0,0.0,0.0,0.0,0.0,0.0,0.0,0.0,0.0,0.0,0.0,0.0,0.0,0.0,0.0,0.0,0.0,0.0,0.0,0.0,0.0,0.0,0.0,0.0,0.0,0.0,0.0,0.0,0.0,0.0,0.0,0.0,0.0,0.0,0.0,0.0,0.0,0.0,0.0,0.0,0.0,0.0,0.0,0.0,0.0,0.0,0.0,0.0,0.0,0.0,0.0,0.0,0.0,0.0,0.0,0.0,0.0,0.0,0.0,0.0,0.0,0.0,0.0,0.0,0.0,0.0,0.0,0.0,0.0,0.0,0.0,0.0,0.0,,,,,,,,,,,,,,,,,,,,,,,,,,,,,,,,,,,,,,,,,,,,,,,,,,
CT5-ALL.KW,(冷卻水塔系統功率),,0.0,0.0,0.0,0.0,0.0,0.0,0.0,0.0,0.0,0.0,0.0,0.0,0.0,0.0,0.0,0.0,0.0,0.0,0.0,0.0,0.0,0.0,0.0,0.0,0.0,0.0,0.0,0.0,0.0,0.0,0.0,0.0,0.0,0.0,0.0,0.0,0.0,0.0,0.0,0.0,0.0,0.0,0.0,0.0,0.0,0.0,0.0,0.0,0.0,0.0,0.0,0.0,0.0,0.0,0.0,0.0,0.0,0.0,0.0,0.0,0.0,0.0,0.0,0.0,0.0,0.0,0.0,0.0,0.0,0.0,0.0,0.0,0.0,0.0,0.0,0.0,0.0,0.0,0.0,0.0,0.0,0.0,0.0,0.0,0.0,0.0,0.0,0.0,0.0,0.0,0.0,0.0,0.0,0.0,,,,,,,,,,,,,,,,,,,,,,,,,,,,,,,,,,,,,,,,,,,,,,,,,,
CT5-ALL.KWH,(度數            ),kW h,41083,41083,41083,41083,41083,41083,41083,41083,41083,41083,41083,41083,41083,41083,41083,41083,41083,41083,41083,41083,41083,41083,41083,41083,41083,41083,41083,41083,41083,41083,41083,41083,41083,41083,41083,41083,41083,41083,41083,41083,41083,41083,41083,41083,41083,41083,41083,41083,41083,41083,41083,41083,41083,41083,41083,41083,41083,41083,41083,41083,41083,41083,41083,41083,41083,41083,41083,41083,41083,41083,41083,41083,41083,41083,41083,41083,41083,41083,41083,41083,41083,41083,41083,41083,41083,41083,41083,41083,41083,41083,41083,41083,41083,41083,,,,,,,,,,,,,,,,,,,,,,,,,,,,,,,,,,,,,,,,,,,,,,,,,,
CTB1-ALL.KW,(冷卻水塔系統功率),,8.2,8.2,8.2,8.2,8.2,8.2,8.2,8.2,8.2,8.2,8.2,8.2,8.2,8.2,8.2,8.2,8.2,8.2,8.2,8.2,8.2,8.2,8.2,8.2,8.2,8.2,8.2,8.2,8.2,8.2,8.2,8.2,8.2,8.2,8.2,8.2,8.2,8.2,8.2,8.2,8.2,8.2,8.2,8.2,8.2,8.2,8.2,8.2,8.2,8.2,8.2,8.2,8.2,8.2,8.2,8.2,8.2,8.2,8.2,8.2,8.2,8.2,8.2,8.2,8.2,8.2,8.2,8.2,8.2,8.2,8.2,8.2,8.2,8.2,8.2,8.2,8.2,8.2,8.2,8.2,8.2,8.2,8.2,8.2,8.2,8.2,8.2,8.2,8.2,8.2,8.2,8.2,8.2,8.2,,,,,,,,,,,,,,,,,,,,,,,,,,,,,,,,,,,,,,,,,,,,,,,,,,
ZP1F7:KW,(                ),kW,0.0,0.0,0.0,0.0,0.0,0.0,0.0,0.0,0.0,0.0,0.0,0.0,0.0,0.0,0.0,0.0,0.0,0.0,0.0,0.0,0.0,0.0,0.0,0.0,0.0,0.0,0.0,0.0,0.0,0.0,0.0,0.0,0.0,0.0,0.0,0.0,0.0,0.0,0.0,0.0,0.0,0.0,0.0,0.0,0.0,0.0,0.0,0.0,0.0,0.0,0.0,7.5,7.0,6.8,0.0,0.0,0.0,10.9,9.4,9.6,9.3,9.4,9.4,9.6,9.1,9.6,9.2,9.4,9.2,9.4,9.8,9.9,9.3,9.7,9.5,9.9,9.2,9.9,9.5,9.9,9.3,9.8,9.2,9.8,9.5,10.0,9.4,10.1,9.3,9.8,9.1,9.3,9.4,9.7,,,,,,,,,,,,,,,,,,,,,,,,,,,,,,,,,,,,,,,,,,,,,,,,,,
ZP1F7:KWH,(                ),,588031,588031,588031,588031,588031,588031,588031,588031,588031,588031,588031,588031,588031,588031,588031,588031,588031,588031,588031,588031,588031,588031,588031,588031,588031,588031,588031,588031,588031,588031,588031,588031,588031,588031,588031,588031,588031,588031,588031,588031,588031,588031,588031,588031,588031,588031,588031,588031,588031,588031,588031,588032,588034,588035,588036,588036,588036,588037,588039,588040,588042,588044,588045,588047,588048,588050,588051,588053,588054,588056,588057,588059,588061,588062,588064,588066,588067,588069,588070,588072,588074,588075,588077,588078,588080,588081,588083,588085,588086,588088,588090,588091,588093,588093,,,,,,,,,,,,,,,,,,,,,,,,,,,,,,,,,,,,,,,,,,,,,,,,,,
ZP2F7:KW,(                ),kW,16.4,16.3,16.5,16.3,16.6,16.5,16.4,16.4,16.6,16.4,16.4,16.5,16.4,16.5,16.4,16.5,16.4,16.5,16.5,16.4,16.4,16.2,0.0,0.0,0.0,0.0,0.0,0.0,0.0,0.0,0.0,0.0,0.0,0.0,0.0,0.0,16.3,0.0,0.0,16.4,0.0,16.1,0.0,0.0,0.0,0.0,0.0,0.0,0.0,0.0,0.0,7.3,7.0,0.0,0.0,0.0,0.0,0.0,0.0,0.0,0.0,0.0,0.0,0.0,0.0,0.0,0.0,0.0,0.0,0.0,0.0,0.0,0.0,0.0,0.0,0.0,0.0,0.0,0.0,0.0,0.0,0.0,0.0,0.0,0.0,0.0,0.0,0.0,0.0,0.0,0.0,0.0,0.0,0.0,,,,,,,,,,,,,,,,,,,,,,,,,,,,,,,,,,,,,,,,,,,,,,,,,,
ZP2F7:KWH,(                ),,523036,523039,523041,523044,523047,523049,523052,523055,523058,523060,523063,523066,523069,523071,523074,523076,523079,523082,523085,523088,523090,523093,523095,523095,523095,523095,523095,523095,523095,523095,523095,523095,523095,523095,523095,523095,523095,523096,523096,523097,523098,523100,523101,523101,523101,523101,523101,523101,523101,523101,523101,523102,523104,523104,523104,523104,523104,523104,523104,523104,523104,523104,523104,523104,523104,523104,523104,523104,523104,523104,523104,523104,523104,523104,523104,523104,523104,523104,523104,523104,523104,523104,523104,523104,523104,523104,523104,523104,523104,523104,523104,523104,523104,523104,,,,,,,,,,,,,,,,,,,,,,,,,,,,,,,,,,,,,,,,,,,,,,,,,,
ZP3F7:KW,(                ),kW,0.0,0.0,0.0,0.0,0.0,0.0,0.0,0.0,0.0,0.0,0.0,0.0,0.0,0.0,0.0,0.0,0.0,0.0,0.0,0.0,0.0,0.0,0.0,0.0,0.0,0.0,0.0,0.0,0.0,0.0,0.0,0.0,0.0,0.0,0.0,0.0,0.0,0.0,0.0,0.0,0.0,0.0,0.0,0.0,0.0,0.0,0.0,0.0,0.0,0.5,16.2,7.1,6.8,6.6,11.5,16.0,16.2,10.6,9.1,9.4,9.0,9.1,9.2,9.2,8.8,9.3,9.0,9.3,8.9,9.1,9.7,9.7,9.1,9.5,9.3,9.6,8.9,9.6,9.2,9.5,9.1,9.5,9.2,9.7,9.2,9.6,9.2,9.5,9.2,9.5,9.0,9.0,9.3,9.6,,,,,,,,,,,,,,,,,,,,,,,,,,,,,,,,,,,,,,,,,,,,,,,,,,
ZP3F7:KWH,(                ),,316230,316230,316230,316230,316230,316230,316230,316230,316230,316230,316230,316230,316230,316230,316230,316230,316230,316230,316230,316230,316230,316230,316230,316230,316230,316230,316230,316230,316230,316230,316230,316230,316230,316230,316230,316230,316230,316230,316230,316230,316230,316230,316230,316230,316230,316230,316230,316230,316230,316230,316232,316234,316235,316236,316238,316240,316243,316245,316246,316248,316250,316251,316253,316254,316256,316257,316259,316260,316262,316263,316264,316267,316268,316270,316271,316273,316274,316276,316277,316279,316281,316282,316284,316285,316287,316288,316290,316292,316293,316295,316296,316298,316299,316300,,,,,,,,,,,,,,,,,,,,,,,,,,,,,,,,,,,,,,,,,,,,,,,,,,
ZP4F7:KW,(                ),kW,0.0,0.0,0.0,0.0,0.0,0.0,0.0,0.0,0.0,0.0,0.0,0.0,0.0,0.0,0.0,0.0,0.0,0.0,0.0,0.0,0.0,0.0,0.0,0.0,0.0,0.0,0.0,0.0,0.0,0.0,0.0,0.0,0.0,0.0,0.0,0.0,0.0,0.0,0.0,0.0,0.0,0.0,0.0,0.0,0.0,0.0,10.9,10.1,10.0,3.6,9.3,8.4,8.4,6.9,9.2,10.1,11.5,11.5,11.2,12.1,11.6,11.7,11.8,12.0,11.4,11.6,11.3,11.6,11.0,11.2,11.3,11.2,10.9,11.4,11.1,11.4,10.9,11.5,11.0,11.6,10.9,11.7,11.0,11.5,11.1,11.4,11.0,11.6,11.1,11.6,11.3,11.5,11.5,12.1,,,,,,,,,,,,,,,,,,,,,,,,,,,,,,,,,,,,,,,,,,,,,,,,,,
ZP4F7:KWH,(                ),,782119,782119,782119,782119,782119,782119,782119,782119,782119,782119,782119,782119,782119,782119,782119,782119,782119,782119,782119,782119,782119,782119,782119,782119,782119,782119,782119,782119,782119,782119,782119,782119,782119,782119,782119,782119,782119,782119,782119,782119,782119,782119,782119,782119,782119,782119,782120,782122,782124,782125,782126,782128,782129,782130,782132,782133,782135,782137,782139,782141,782143,782145,782147,782149,782151,782153,782155,782156,782158,782160,782161,782164,782166,782168,782170,782172,782173,782175,782177,782179,782181,782183,782185,782186,782188,782190,782192,782194,782196,782198,782200,782202,782204,782205,,,,,,,,,,,,,,,,,,,,,,,,,,,,,,,,,,,,,,,,,,,,,,,,,,
ZP5F7:KW,(                ),kW,18.8,19.0,18.9,18.7,15.7,15.7,14.1,14.2,19.1,18.8,18.7,18.9,18.7,18.8,19.0,18.9,18.8,18.9,18.8,18.8,18.9,18.9,18.9,18.9,18.8,18.8,18.7,18.7,18.7,18.8,18.7,18.8,18.9,18.7,15.1,13.4,14.0,13.5,13.2,14.3,15.3,12.7,0.0,0.0,0.0,0.0,10.7,10.4,9.9,3.5,9.3,8.4,8.5,6.4,0.0,0.0,0.0,0.0,0.0,0.0,0.0,0.0,0.0,0.0,0.0,0.0,0.0,0.0,0.0,0.0,0.0,0.0,0.0,0.0,0.0,0.0,0.0,0.0,0.0,0.0,0.0,0.0,0.0,0.0,0.0,0.0,0.0,0.0,0.0,0.0,0.0,0.0,0.0,0.0,,,,,,,,,,,,,,,,,,,,,,,,,,,,,,,,,,,,,,,,,,,,,,,,,,
ZP5F7:KWH,(                ),,711917,711920,711923,711926,711929,711932,711934,711936,711940,711943,711946,711949,711952,711955,711958,711961,711965,711968,711971,711974,711977,711980,711983,711987,711990,711993,711996,711999,712002,712005,712008,712011,712015,712018,712021,712023,712025,712028,712030,712032,712035,712037,712038,712038,712038,712038,712039,712041,712043,712045,712045,712047,712048,712049,712050,712050,712050,712050,712050,712050,712050,712050,712050,712050,712050,712050,712050,712050,712050,712050,712050,712050,712050,712050,712050,712050,712050,712050,712050,712050,712050,712050,712050,712050,712050,712050,712050,712050,712050,712050,712050,712050,712050,712050,,,,,,,,,,,,,,,,,,,,,,,,,,,,,,,,,,,,,,,,,,,,,,,,,,
ZP6F7:KW,(                ),kW,0.0,0.0,0.0,0.0,15.6,15.4,13.9,14.1,0.0,0.0,0.0,0.0,0.0,0.0,0.0,0.0,0.0,0.0,0.0,0.0,0.0,0.0,0.0,0.0,0.0,0.0,0.0,0.0,0.0,0.0,0.0,0.0,0.0,0.0,15.1,13.2,13.8,13.6,13.1,14.0,15.0,12.4,18.7,19.0,18.7,18.7,10.4,10.2,9.9,3.5,9.1,8.3,8.3,7.0,9.4,9.9,11.4,11.3,11.3,12.0,11.6,11.4,11.6,11.9,11.2,11.6,11.2,11.3,10.9,11.2,11.3,11.1,10.7,11.3,11.0,11.5,10.8,11.6,11.2,11.5,10.9,11.4,11.0,11.4,11.0,11.3,10.9,11.6,11.0,11.3,11.3,11.2,11.4,11.7,,,,,,,,,,,,,,,,,,,,,,,,,,,,,,,,,,,,,,,,,,,,,,,,,,
ZP6F7:KWH,(                ),,325756,325756,325756,325756,325758,325760,325763,325765,325766,325766,325766,325766,325766,325766,325766,325766,325766,325766,325766,325766,325766,325766,325766,325766,325766,325766,325766,325766,325766,325766,325766,325766,325766,325766,325767,325769,325771,325774,325776,325778,325781,325783,325785,325789,325792,325795,325797,325799,325801,325802,325803,325805,325806,325807,325808,325810,325812,325814,325815,325818,325820,325822,325823,325825,325827,325829,325831,325833,325835,325837,325838,325841,325842,325844,325846,325848,325850,325852,325853,325855,325857,325859,325861,325863,325865,325866,325869,325871,325872,325874,325876,325878,325880,325881,,,,,,,,,,,,,,,,,,,,,,,,,,,,,,,,,,,,,,,,,,,,,,,,,,
ZP7F7:KW,(                ),kW,0.0,0.0,0.0,0.0,0.0,0.0,0.0,0.0,0.0,0.0,0.0,0.0,0.0,0.0,0.0,0.0,0.0,0.0,0.0,0.0,0.0,0.0,0.0,0.0,0.0,0.0,0.0,0.0,0.0,0.0,0.0,0.0,0.0,0.0,0.0,0.0,0.0,0.0,0.0,0.0,0.0,0.0,0.0,0.0,0.0,0.0,0.0,0.0,0.0,0.0,7.0,8.6,8.9,6.0,0.0,0.0,14.1,8.7,8.0,0.0,12.1,8.6,8.3,8.6,8.0,0.0,11.0,9.2,8.1,0.0,0.0,8.9,8.0,0.0,10.9,9.0,7.9,0.0,10.2,8.8,7.9,0.0,10.4,8.6,7.9,0.0,9.6,8.6,7.9,0.0,10.7,8.4,8.1,0.0,,,,,,,,,,,,,,,,,,,,,,,,,,,,,,,,,,,,,,,,,,,,,,,,,,
ZP7F7:KWH,(                ),,419506,419506,419506,419506,419506,419506,419506,419506,419506,419506,419506,419506,419506,419506,419506,419506,419506,419506,419506,419506,419506,419506,419506,419506,419506,419506,419506,419506,419506,419506,419506,419506,419506,419506,419506,419506,419506,419506,419506,419506,419506,419506,419506,419506,419506,419506,419506,419506,419506,419506,419507,419509,419510,419512,419512,419512,419512,419514,419515,419516,419516,419518,419519,419521,419522,419523,419524,419525,419527,419527,419527,419530,419531,419532,419532,419534,419535,419535,419537,419538,419540,419540,419541,419542,419544,419544,419545,419547,419548,419549,419549,419551,419552,419553,,,,,,,,,,,,,,,,,,,,,,,,,,,,,,,,,,,,,,,,,,,,,,,,,,
ZP8F7:KW,(                ),kW,15.8,15.9,0.0,0.0,0.0,0.0,0.0,15.9,0.0,0.0,3.2,0.0,0.0,0.0,0.0,0.0,0.0,0.0,0.0,0.0,0.0,0.0,0.0,0.0,0.0,0.0,0.0,0.0,0.0,0.0,15.9,15.7,0.0,0.0,0.0,0.0,15.9,0.0,0.0,15.8,0.0,15.8,0.0,0.0,0.0,0.0,0.0,0.0,0.0,0.0,7.3,0.0,0.0,0.0,0.0,0.0,0.0,0.0,0.0,0.0,0.0,0.0,0.0,0.0,0.0,0.0,0.0,0.0,0.0,0.0,0.0,0.0,0.0,0.0,0.0,0.0,0.0,0.0,0.0,0.0,0.0,0.0,0.0,0.0,0.0,0.0,0.0,0.0,0.0,0.0,0.0,0.0,0.0,0.0,,,,,,,,,,,,,,,,,,,,,,,,,,,,,,,,,,,,,,,,,,,,,,,,,,
ZP8F7:KWH,(                ),,439315,439318,439320,439320,439320,439320,439320,439322,439323,439323,439323,439323,439323,439323,439323,439323,439323,439323,439323,439323,439323,439323,439323,439323,439323,439323,439323,439323,439323,439323,439324,439326,439329,439329,439329,439329,439329,439330,439330,439332,439332,439334,439335,439335,439335,439335,439335,439335,439335,439335,439336,439337,439337,439337,439337,439337,439337,439337,439337,439337,439337,439337,439337,439337,439337,439337,439337,439337,439337,439337,439337,439337,439337,439337,439337,439337,439337,439337,439337,439337,439337,439337,439337,439337,439337,439337,439337,439337,439337,439337,439337,439337,439337,439337,,,,,,,,,,,,,,,,,,,,,,,,,,,,,,,,,,,,,,,,,,,,,,,,,,
ZP9F7:KW,(                ),kW,0.0,0.0,0.0,0.0,0.0,0.0,0.0,0.0,0.0,0.0,0.0,0.0,0.0,0.0,0.0,0.0,0.0,0.0,0.0,0.0,0.0,0.0,0.0,0.0,0.0,0.0,0.0,0.0,0.0,0.0,0.0,0.0,0.0,0.0,0.0,0.0,0.0,0.0,0.0,0.0,0.0,0.0,0.0,0.0,0.0,0.0,0.0,0.0,0.0,0.0,7.1,8.7,9.1,6.1,11.5,14.9,14.0,8.8,8.1,15.2,12.0,8.9,8.3,8.4,8.0,15.6,11.3,9.2,8.2,15.5,15.4,9.0,8.1,15.6,11.1,9.0,8.1,15.5,10.4,9.1,8.0,15.6,10.3,8.9,8.1,15.8,9.9,8.8,8.2,15.5,10.7,8.5,8.2,12.7,,,,,,,,,,,,,,,,,,,,,,,,,,,,,,,,,,,,,,,,,,,,,,,,,,
ZP9F7:KWH,(                ),,240565,240565,240565,240565,240565,240565,240565,240565,240565,240565,240565,240565,240565,240565,240565,240565,240565,240565,240565,240565,240565,240565,240565,240565,240565,240565,240565,240565,240565,240565,240565,240565,240565,240565,240565,240565,240565,240565,240565,240565,240565,240565,240565,240565,240565,240565,240565,240565,240565,240565,240566,240568,240569,240570,240572,240574,240577,240579,240580,240582,240584,240586,240587,240589,240590,240592,240594,240596,240598,240599,240601,240603,240605,240607,240609,240611,240612,240614,240616,240618,240620,240622,240624,240625,240627,240629,240631,240633,240634,240636,240639,240640,240642,240642,,,,,,,,,,,,,,,,,,,,,,,,,,,,,,,,,,,,,,,,,,,,,,,,,,
ZP10F7:KW,(                ),kW,0.0,0.0,0.0,0.0,0.0,0.0,0.0,0.0,0.0,0.0,0.0,0.0,0.0,0.0,0.0,0.0,0.0,0.0,0.0,0.0,0.0,0.0,0.0,0.0,0.0,0.0,0.0,0.0,0.0,0.0,0.0,0.0,0.0,0.0,0.0,0.0,0.0,0.0,0.0,0.0,0.0,0.0,0.0,0.0,0.0,0.0,0.0,0.0,0.0,0.0,0.0,0.0,0.0,11.3,11.3,0.0,17.3,13.8,13.6,14.0,13.1,13.2,13.2,13.7,12.9,13.5,12.4,13.6,13.6,13.5,13.5,13.8,13.0,13.5,13.0,13.3,12.6,13.9,13.4,13.4,13.3,13.9,13.3,13.4,13.1,13.4,13.4,13.8,12.9,13.8,13.0,12.9,13.1,13.6,,,,,,,,,,,,,,,,,,,,,,,,,,,,,,,,,,,,,,,,,,,,,,,,,,
ZP10F7:KWH,(                ),,555475,555475,555475,555475,555475,555475,555475,555475,555475,555475,555475,555475,555475,555475,555475,555475,555475,555475,555475,555475,555475,555475,555475,555475,555475,555475,555475,555475,555475,555475,555475,555475,555475,555475,555475,555475,555475,555475,555475,555475,555475,555475,555475,555475,555475,555475,555475,555475,555475,555475,555475,555475,555475,555475,555477,555477,555479,555481,555483,555485,555488,555490,555492,555495,555497,555499,555501,555503,555506,555508,555509,555513,555515,555517,555519,555521,555523,555526,555528,555530,555532,555535,555537,555539,555541,555543,555546,555548,555550,555552,555555,555557,555559,555560,,,,,,,,,,,,,,,,,,,,,,,,,,,,,,,,,,,,,,,,,,,,,,,,,,
ZP11F7:KW,(                ),kW,0.0,0.0,0.0,0.0,0.0,0.0,23.3,0.0,0.0,0.0,0.0,0.0,0.0,0.0,0.0,0.0,0.0,0.0,0.0,0.0,0.0,0.0,0.0,0.0,23.2,23.1,23.2,23.0,23.0,23.1,23.1,23.0,23.3,23.2,23.1,23.1,0.0,23.2,23.1,0.0,23.2,0.0,0.0,0.0,0.0,0.0,0.0,0.0,0.0,0.0,0.0,0.0,0.0,10.7,0.0,0.0,0.0,0.0,0.0,0.0,0.0,0.0,0.0,0.0,0.0,0.0,0.0,0.0,0.0,0.0,0.0,0.0,0.0,0.0,0.0,0.0,0.0,0.0,0.0,0.0,0.0,0.0,0.0,0.0,0.0,0.0,0.0,0.0,0.0,0.0,0.0,0.0,0.0,0.0,,,,,,,,,,,,,,,,,,,,,,,,,,,,,,,,,,,,,,,,,,,,,,,,,,
ZP11F7:KWH,(                ),,405091,405091,405091,405091,405091,405091,405092,405093,405094,405094,405094,405097,405097,405097,405097,405097,405097,405097,405097,405097,405097,405097,405097,405097,405098,405102,405105,405110,405114,405117,405121,405124,405129,405132,405136,405140,405144,405145,405149,405151,405154,405155,405155,405155,405155,405155,405155,405155,405155,405155,405155,405155,405155,405156,405157,405157,405157,405157,405157,405157,405157,405157,405157,405157,405157,405157,405157,405157,405157,405157,405157,405157,405157,405157,405157,405157,405157,405157,405157,405157,405157,405157,405157,405157,405157,405157,405157,405157,405157,405157,405157,405157,405157,405157,,,,,,,,,,,,,,,,,,,,,,,,,,,,,,,,,,,,,,,,,,,,,,,,,,
ZP12F7:KW,(                ),kW,0.0,0.0,0.0,0.0,0.0,0.0,0.0,0.0,0.0,0.0,0.0,0.0,0.0,0.0,0.0,0.0,0.0,0.0,0.0,0.0,0.0,0.0,0.0,0.0,0.0,0.0,0.0,0.0,0.0,0.0,0.0,0.0,0.0,0.0,0.0,0.0,0.0,0.0,0.0,0.0,0.0,0.0,0.0,0.0,0.0,0.0,0.0,0.0,0.0,0.0,0.0,0.0,0.0,10.9,11.2,26.7,17.0,13.6,13.4,13.8,13.1,13.4,13.1,13.9,12.8,13.5,12.3,13.6,12.7,13.4,13.3,13.7,12.6,13.4,12.9,13.1,12.4,13.8,13.4,13.3,13.2,13.9,13.2,13.3,13.1,13.4,13.3,13.4,12.8,13.4,13.0,12.8,13.4,13.7,,,,,,,,,,,,,,,,,,,,,,,,,,,,,,,,,,,,,,,,,,,,,,,,,,
ZP12F7:KWH,(                ),,242065,242065,242065,242065,242065,242065,242065,242065,242065,242065,242065,242065,242065,242065,242065,242065,242065,242065,242065,242065,242065,242065,242065,242065,242065,242065,242065,242065,242065,242065,242065,242065,242065,242065,242065,242065,242065,242065,242065,242065,242065,242065,242066,242066,242066,242066,242066,242066,242066,242066,242066,242066,242066,242067,242069,242072,242076,242079,242081,242083,242086,242088,242090,242092,242094,242097,242099,242101,242103,242105,242107,242110,242112,242114,242117,242119,242121,242123,242125,242128,242130,242132,242134,242136,242139,242141,242143,242145,242147,242150,242152,242154,242156,242157,,,,,,,,,,,,,,,,,,,,,,,,,,,,,,,,,,,,,,,,,,,,,,,,,,
ZP13F7:KW,(                ),kW,0.0,0.0,0.0,0.0,0.0,0.0,0.0,0.0,0.0,0.0,0.0,0.0,0.0,0.0,0.0,0.0,0.0,0.0,0.0,0.0,0.0,0.0,0.0,0.0,0.0,0.0,0.0,0.0,0.0,0.0,0.0,0.0,0.0,0.0,0.0,0.0,0.0,0.0,0.0,0.0,0.0,0.0,0.0,0.0,0.0,0.0,0.0,0.0,0.0,0.0,0.0,0.0,0.0,10.6,3.3,0.0,0.0,13.2,12.0,12.1,11.9,11.6,11.5,0.0,19.2,12.6,11.1,0.0,14.6,12.5,12.0,0.0,15.5,12.1,11.1,0.0,14.5,12.2,4.5,0.0,13.9,12.1,11.1,0.0,14.6,12.6,11.5,0.0,17.3,12.7,11.3,11.4,11.4,11.8,,,,,,,,,,,,,,,,,,,,,,,,,,,,,,,,,,,,,,,,,,,,,,,,,,
ZP13F7:KWH,(                ),,527302,527302,527302,527302,527302,527302,527302,527302,527302,527302,527302,527302,527302,527302,527302,527302,527302,527302,527302,527302,527302,527302,527302,527302,527302,527302,527302,527302,527302,527302,527302,527302,527302,527302,527302,527302,527302,527302,527302,527302,527302,527302,527302,527302,527302,527302,527302,527302,527302,527302,527302,527302,527302,527303,527304,527304,527304,527306,527308,527311,527313,527314,527316,527318,527318,527321,527323,527323,527324,527326,527327,527329,527330,527332,527334,527335,527336,527338,527340,527340,527342,527344,527346,527346,527347,527349,527352,527353,527353,527356,527358,527360,527362,527363,,,,,,,,,,,,,,,,,,,,,,,,,,,,,,,,,,,,,,,,,,,,,,,,,,
ZP14F7:KW,(                ),kW,0.0,0.0,0.0,22.0,0.0,0.0,0.0,0.0,0.0,22.0,1.8,13.8,0.0,0.0,0.0,0.0,0.0,0.0,0.0,0.0,0.0,0.0,0.0,0.0,22.0,21.7,22.0,21.9,21.9,21.8,21.7,21.8,21.8,21.8,21.8,21.8,0.0,21.8,21.8,0.0,0.0,21.8,0.0,0.0,0.0,0.0,0.0,0.0,0.0,0.0,0.0,0.0,0.0,11.0,0.0,0.0,0.0,0.0,0.0,0.0,0.0,0.0,0.0,0.0,0.0,0.0,0.0,0.0,0.0,0.0,0.0,0.0,0.0,0.0,0.0,0.0,0.0,0.0,0.0,0.0,0.0,0.0,0.0,0.0,0.0,0.0,0.0,0.0,0.0,0.0,0.0,0.0,0.0,0.0,,,,,,,,,,,,,,,,,,,,,,,,,,,,,,,,,,,,,,,,,,,,,,,,,,
ZP14F7:KWH,(                ),,362494,362494,362494,362496,362496,362496,362496,362496,362496,362497,362500,362500,362502,362502,362502,362502,362502,362502,362502,362502,362502,362502,362502,362502,362503,362506,362510,362514,362518,362521,362525,362528,362532,362535,362539,362543,362546,362548,362551,362553,362553,362556,362557,362557,362557,362557,362557,362557,362557,362557,362557,362557,362557,362558,362559,362559,362559,362559,362559,362559,362559,362559,362559,362559,362559,362559,362559,362559,362559,362559,362559,362559,362559,362559,362559,362559,362559,362559,362559,362559,362559,362559,362559,362559,362559,362559,362559,362559,362559,362559,362559,362559,362559,362559,,,,,,,,,,,,,,,,,,,,,,,,,,,,,,,,,,,,,,,,,,,,,,,,,,
ZP15F7:KW,(                ),kW,0.0,0.0,0.0,0.0,0.0,0.0,0.0,0.0,0.0,0.0,0.0,0.0,0.0,0.0,0.0,0.0,0.0,0.0,0.0,0.0,0.0,0.0,0.0,0.0,0.0,0.0,0.0,0.0,0.0,0.0,0.0,0.0,0.0,0.0,0.0,0.0,0.0,0.0,0.0,0.0,0.0,0.0,0.0,0.0,0.0,0.0,0.0,0.0,0.0,0.0,0.0,0.0,0.0,5.5,8.8,14.0,21.3,10.0,9.2,9.2,9.0,8.8,8.7,15.5,14.4,9.5,8.4,19.7,10.9,9.4,9.1,19.4,11.7,9.2,8.4,19.9,11.0,9.3,10.1,20.7,10.5,9.2,8.3,20.7,11.0,9.5,8.7,17.1,13.0,9.6,8.6,8.7,8.6,9.0,,,,,,,,,,,,,,,,,,,,,,,,,,,,,,,,,,,,,,,,,,,,,,,,,,
ZP15F7:KWH,(                ),,215941,215941,215941,215941,215941,215941,215941,215941,215941,215941,215941,215941,215941,215941,215941,215941,215941,215941,215941,215941,215941,215941,215941,215941,215941,215941,215941,215941,215941,215941,215941,215941,215941,215941,215941,215941,215941,215941,215941,215941,215941,215941,215942,215942,215942,215942,215942,215942,215942,215942,215942,215942,215942,215943,215944,215946,215949,215951,215952,215954,215956,215957,215959,215960,215964,215965,215967,215969,215972,215974,215975,215978,215980,215982,215984,215986,215989,215990,215992,215994,215997,215999,216000,216003,216005,216007,216009,216010,216013,216015,216017,216018,216020,216020,,,,,,,,,,,,,,,,,,,,,,,,,,,,,,,,,,,,,,,,,,,,,,,,,,
